id,xIndex,yIndex,AUTO,BOOL_ROAD,BOOL_RAILWAY,BOOL_WATERCOURSE,start,end,cost
"8","1","8","1","0","0","0","4605647.02275, 3448348.83744","4873968.96594, 3511968.32857",305694.297641733
"9","1","9","2","1","1","0","4605574.02748, 3437270.74683","4873968.96594, 3511968.32857",315140.580067476
"10","1","10","3","1","0","0","4606984.16221, 3422367.26283","4873968.96594, 3511968.32857",325126.16697704
"11","1","11","4","0","0","0","4608385.73563, 3407554.26195","4873968.96594, 3511968.32857",387010.282842654
"12","1","12","5","0","0","0","4609756.08574, 3393071.25515","4873968.96594, 3511968.32857",364283.526055183
"13","1","13","6","1","1","0","4610869.70575, 3381301.58693","4873968.96594, 3511968.32857",355024.586611779
"16","1","16","7","1","0","0","4609721.20773, 3329049.57084","4873968.96594, 3511968.32857",384750.930349784
"17","1","17","8","0","0","0","4607248.33204, 3316085.71507","4873968.96594, 3511968.32857",391551.503623778
"18","1","18","9","0","0","0","4605967.77722, 3305377.86515","4873968.96594, 3511968.32857",412567.642907422
"49","2","7","10","0","0","0","4624854.08987, 3460202.33129","4873968.96594, 3511968.32857",285767.19948965
"50","2","8","11","0","0","0","4619447.45079, 3451275.12977","4873968.96594, 3511968.32857",295701.642239185
"51","2","9","12","1","1","0","4618968.96594, 3436968.32857","4873968.96594, 3511968.32857",303731.549517072
"52","2","10","13","1","1","0","4618968.96594, 3421968.32857","4873968.96594, 3511968.32857",308966.417225328
"53","2","11","14","0","1","0","4618968.96594, 3406968.32857","4873968.96594, 3511968.32857",374773.906800203
"54","2","12","15","0","1","0","4618968.96594, 3391968.32857","4873968.96594, 3511968.32857",357761.874576596
"55","2","13","16","1","1","0","4619061.12392, 3377041.33702","4873968.96594, 3511968.32857",346444.305254464
"56","2","14","17","1","1","0","4620172.20399, 3362251.27696","4873968.96594, 3511968.32857",349525.240036042
"57","2","15","18","1","1","0","4620413.2094, 3346532.59219","4873968.96594, 3511968.32857",368190.277177358
"58","2","16","19","1","1","0","4618978.80029, 3331958.84122","4873968.96594, 3511968.32857",377388.772208783
"59","2","17","20","1","1","0","4618968.96594, 3316968.32857","4873968.96594, 3511968.32857",385065.394937937
"60","2","18","21","1","1","0","4619483.85987, 3303108.07531","4873968.96594, 3511968.32857",393618.242323624
"61","2","19","22","0","0","0","4626340.24837, 3294423.90534","4873968.96594, 3511968.32857",386241.525820671
"91","3","7","23","0","0","0","4635487.84522, 3462618.98901","4873968.96594, 3511968.32857",278822.211930431
"92","3","8","24","0","0","0","4633968.96594, 3451968.32857","4873968.96594, 3511968.32857",283060.655680436
"93","3","9","25","0","1","0","4633968.96594, 3436968.32857","4873968.96594, 3511968.32857",287970.316661467
"94","3","10","26","1","1","0","4633968.96594, 3421968.32857","4873968.96594, 3511968.32857",298867.680165498
"95","3","11","27","1","1","0","4633968.96594, 3406968.32857","4873968.96594, 3511968.32857",313961.461096742
"96","3","12","28","1","1","0","4633968.96594, 3391968.32857","4873968.96594, 3511968.32857",309229.126726647
"97","3","13","29","1","1","0","4633968.96594, 3376968.32857","4873968.96594, 3511968.32857",324919.209438194
"98","3","14","30","1","0","0","4633968.96594, 3361968.32857","4873968.96594, 3511968.32857",345337.475091853
"99","3","15","31","1","0","0","4633968.96594, 3346968.32857","4873968.96594, 3511968.32857",350511.808238224
"100","3","16","32","1","0","0","4633968.96594, 3331968.32857","4873968.96594, 3511968.32857",361148.313922011
"101","3","17","33","0","0","0","4633968.96594, 3316968.32857","4873968.96594, 3511968.32857",382498.441205235
"102","3","18","34","1","1","0","4633968.96594, 3301968.32857","4873968.96594, 3511968.32857",374777.036876735
"103","3","19","35","1","1","0","4635615.53162, 3287071.95869","4873968.96594, 3511968.32857",375713.524229638
"104","3","20","36","1","1","0","4635717.47159, 3271967.97391","4873968.96594, 3511968.32857",387338.647344185
"105","3","21","37","1","1","0","4635861.53692, 3257195.75216","4873968.96594, 3511968.32857",400148.852392669
"106","3","22","38","0","0","0","4639132.20027, 3248148.07645","4873968.96594, 3511968.32857",407219.043435153
"109","3","25","39","1","1","0","4641397.33692, 3191223.30843","4873968.96594, 3511968.32857",464365.009620966
"110","3","26","40","1","0","0","4641326.19891, 3187502.58646","4873968.96594, 3511968.32857",469826.047062209
"132","4","6","41","0","0","0","4655854.5672, 3474747.58861","4873968.96594, 3511968.32857",243850.912266721
"133","4","7","42","0","0","0","4649628.87497, 3465801.53009","4873968.96594, 3511968.32857",266684.601039702
"134","4","8","43","0","0","0","4648968.96594, 3451968.32857","4873968.96594, 3511968.32857",268419.480593557
"135","4","9","44","0","0","0","4648968.96594, 3436968.32857","4873968.96594, 3511968.32857",277119.486921071
"136","4","10","45","0","1","0","4648968.96594, 3421968.32857","4873968.96594, 3511968.32857",278553.20731698
"137","4","11","46","1","1","0","4648968.96594, 3406968.32857","4873968.96594, 3511968.32857",289207.863587249
"138","4","12","47","1","1","0","4648968.96594, 3391968.32857","4873968.96594, 3511968.32857",305479.304310997
"139","4","13","48","1","1","0","4648968.96594, 3376968.32857","4873968.96594, 3511968.32857",313467.188943528
"140","4","14","49","1","1","0","4648968.96594, 3361968.32857","4873968.96594, 3511968.32857",318997.732655435
"141","4","15","50","1","0","0","4648968.96594, 3346968.32857","4873968.96594, 3511968.32857",334709.243789558
"142","4","16","51","1","0","0","4648968.96594, 3331968.32857","4873968.96594, 3511968.32857",344710.559316627
"143","4","17","52","1","0","0","4648968.96594, 3316968.32857","4873968.96594, 3511968.32857",363121.370150263
"144","4","18","53","1","1","0","4648968.96594, 3301968.32857","4873968.96594, 3511968.32857",357510.570617183
"145","4","19","54","1","1","0","4648968.96594, 3286968.32857","4873968.96594, 3511968.32857",370585.917226726
"146","4","20","55","0","1","0","4648968.96594, 3271968.32857","4873968.96594, 3511968.32857",378418.010839977
"147","4","21","56","1","1","0","4648968.96594, 3256968.32857","4873968.96594, 3511968.32857",392766.489972501
"148","4","22","57","1","0","0","4649584.75897, 3242160.5052","4873968.96594, 3511968.32857",410430.783564573
"149","4","23","58","0","1","0","4649625.65726, 3226912.40505","4873968.96594, 3511968.32857",422955.365702323
"150","4","24","59","1","1","0","4649319.59569, 3211914.79986","4873968.96594, 3511968.32857",439384.983716225
"151","4","25","60","1","1","0","4649032.84438, 3196931.43689","4873968.96594, 3511968.32857",457321.108261844
"152","4","26","61","1","1","0","4650225.96894, 3182996.26046","4873968.96594, 3511968.32857",472083.365637765
"153","4","27","62","1","0","0","4654343.11169, 3171718.95396","4873968.96594, 3511968.32857",484305.843448642
"174","5","6","63","0","0","0","4665975.77384, 3477047.76303","4873968.96594, 3511968.32857",241216.229364361
"175","5","7","64","0","0","0","4663968.96594, 3466968.32857","4873968.96594, 3511968.32857",243850.912266721
"176","5","8","65","0","1","0","4663968.96594, 3451968.32857","4873968.96594, 3511968.32857",253417.264048413
"177","5","9","66","0","1","0","4663968.96594, 3436968.32857","4873968.96594, 3511968.32857",259334.608665845
"178","5","10","67","1","1","0","4663968.96594, 3421968.32857","4873968.96594, 3511968.32857",263644.415827272
"179","5","11","68","1","1","0","4663968.96594, 3406968.32857","4873968.96594, 3511968.32857",285467.970710963
"180","5","12","69","0","0","0","4663968.96594, 3391968.32857","4873968.96594, 3511968.32857",298305.602612214
"181","5","13","70","1","1","0","4663968.96594, 3376968.32857","4873968.96594, 3511968.32857",299096.396218018
"182","5","14","71","1","1","0","4663968.96594, 3361968.32857","4873968.96594, 3511968.32857",312080.190178314
"183","5","15","72","0","0","0","4663968.96594, 3346968.32857","4873968.96594, 3511968.32857",319120.120568622
"184","5","16","73","1","0","0","4663968.96594, 3331968.32857","4873968.96594, 3511968.32857",328238.869542972
"185","5","17","74","1","0","0","4663968.96594, 3316968.32857","4873968.96594, 3511968.32857",350089.49481286
"186","5","18","75","1","1","0","4663968.96594, 3301968.32857","4873968.96594, 3511968.32857",340437.26741904
"187","5","19","76","1","0","0","4663968.96594, 3286968.32857","4873968.96594, 3511968.32857",355183.181455615
"188","5","20","77","0","0","0","4663968.96594, 3271968.32857","4873968.96594, 3511968.32857",374410.000467255
"189","5","21","78","1","1","0","4663968.96594, 3256968.32857","4873968.96594, 3511968.32857",384285.147659687
"190","5","22","79","1","1","0","4663968.96594, 3241968.32857","4873968.96594, 3511968.32857",400892.789870636
"191","5","23","80","1","1","0","4663968.96594, 3226968.32857","4873968.96594, 3511968.32857",413706.914184149
"192","5","24","81","1","0","0","4663968.96594, 3211968.32857","4873968.96594, 3511968.32857",433555.096101195
"193","5","25","82","0","1","0","4663968.96594, 3196968.32857","4873968.96594, 3511968.32857",445393.115514375
"194","5","26","83","1","1","0","4663968.96594, 3181968.32857","4873968.96594, 3511968.32857",469176.250815213
"195","5","27","84","1","0","0","4664458.48265, 3167414.46612","4873968.96594, 3511968.32857",475520.386252612
"196","5","28","85","0","0","0","4668417.55791, 3153254.06633","4873968.96594, 3511968.32857",490540.595241517
"197","5","29","86","1","1","0","4669615.38776, 3137157.22806","4873968.96594, 3511968.32857",501091.444890467
"198","5","30","87","1","1","0","4669894.34089, 3122190.85637","4873968.96594, 3511968.32857",519375.245508448
"199","5","31","88","0","1","0","4670173.02252, 3107239.05098","4873968.96594, 3511968.32857",534168.532308648
"200","5","32","89","0","0","0","4670386.41039, 3096188.17591","4873968.96594, 3511968.32857",556282.415980266
"216","6","6","90","0","0","0","4679739.20169, 3480175.67909","4873968.96594, 3511968.32857",225723.027907694
"217","6","7","91","1","1","0","4678968.96594, 3466968.32857","4873968.96594, 3511968.32857",230874.6929926
"218","6","8","92","0","1","0","4678968.96594, 3451968.32857","4873968.96594, 3511968.32857",240741.516216388
"219","6","9","93","1","0","0","4678968.96594, 3436968.32857","4873968.96594, 3511968.32857",244326.911543551
"220","6","10","94","1","0","0","4678968.96594, 3421968.32857","4873968.96594, 3511968.32857",260609.708074837
"221","6","11","95","0","0","0","4678968.96594, 3406968.32857","4873968.96594, 3511968.32857",266370.574906792
"222","6","12","96","1","1","0","4678968.96594, 3391968.32857","4873968.96594, 3511968.32857",276202.317913972
"223","6","13","97","1","1","0","4678968.96594, 3376968.32857","4873968.96594, 3511968.32857",289187.396202161
"224","6","14","98","1","1","0","4678968.96594, 3361968.32857","4873968.96594, 3511968.32857",305098.232521996
"225","6","15","99","0","1","0","4678968.96594, 3346968.32857","4873968.96594, 3511968.32857",305095.141965669
"226","6","16","100","0","0","0","4678968.96594, 3331968.32857","4873968.96594, 3511968.32857",318150.838316531
"227","6","17","101","1","0","0","4678968.96594, 3316968.32857","4873968.96594, 3511968.32857",312895.439289716
"228","6","18","102","1","1","0","4678968.96594, 3301968.32857","4873968.96594, 3511968.32857",329452.164621085
"229","6","19","103","1","1","0","4678968.96594, 3286968.32857","4873968.96594, 3511968.32857",347369.042500405
"230","6","20","104","0","0","0","4678968.96594, 3271968.32857","4873968.96594, 3511968.32857",367139.586443202
"231","6","21","105","1","1","0","4678968.96594, 3256968.32857","4873968.96594, 3511968.32857",388119.02217316
"232","6","22","106","0","1","0","4678968.96594, 3241968.32857","4873968.96594, 3511968.32857",394943.589469083
"233","6","23","107","1","1","0","4678968.96594, 3226968.32857","4873968.96594, 3511968.32857",405364.582591137
"234","6","24","108","0","1","0","4678968.96594, 3211968.32857","4873968.96594, 3511968.32857",428724.202587162
"235","6","25","109","1","1","0","4678968.96594, 3196968.32857","4873968.96594, 3511968.32857",441586.122104911
"236","6","26","110","1","1","0","4678968.96594, 3181968.32857","4873968.96594, 3511968.32857",455867.312074364
"237","6","27","111","1","1","0","4678968.96594, 3166968.32857","4873968.96594, 3511968.32857",467945.443597325
"238","6","28","112","0","1","0","4678968.96594, 3151968.32857","4873968.96594, 3511968.32857",481166.787581578
"239","6","29","113","1","1","0","4678968.96594, 3136968.32857","4873968.96594, 3511968.32857",499187.37383655
"240","6","30","114","1","1","0","4678968.96594, 3121968.32857","4873968.96594, 3511968.32857",522632.386283012
"241","6","31","115","1","1","0","4678968.96594, 3106968.32857","4873968.96594, 3511968.32857",536794.796701788
"242","6","32","116","1","1","0","4679320.67321, 3095462.02356","4873968.96594, 3511968.32857",552659.083943886
"257","7","5","117","0","0","0","4696855.04452, 3491565.47458","4873968.96594, 3511968.32857",209057.165296092
"258","7","6","118","0","0","0","4693978.6184, 3481958.39037","4873968.96594, 3511968.32857",212835.496743409
"259","7","7","119","1","1","0","4693968.96594, 3466968.32857","4873968.96594, 3511968.32857",214659.567436904
"260","7","8","120","1","0","0","4693968.96594, 3451968.32857","4873968.96594, 3511968.32857",235006.788890979
"261","7","9","121","1","0","0","4693968.96594, 3436968.32857","4873968.96594, 3511968.32857",235577.644905213
"262","7","10","122","0","1","0","4693968.96594, 3421968.32857","4873968.96594, 3511968.32857",245108.487211975
"263","7","11","123","0","1","0","4693968.96594, 3406968.32857","4873968.96594, 3511968.32857",258666.317598072
"264","7","12","124","1","1","0","4693968.96594, 3391968.32857","4873968.96594, 3511968.32857",261259.660045741
"265","7","13","125","0","0","0","4693968.96594, 3376968.32857","4873968.96594, 3511968.32857",287130.355638898
"266","7","14","126","1","1","0","4693968.96594, 3361968.32857","4873968.96594, 3511968.32857",282703.934638458
"267","7","15","127","0","1","0","4693968.96594, 3346968.32857","4873968.96594, 3511968.32857",302133.112395812
"268","7","16","128","1","1","0","4693968.96594, 3331968.32857","4873968.96594, 3511968.32857",293945.544062062
"269","7","17","129","1","1","0","4693968.96594, 3316968.32857","4873968.96594, 3511968.32857",306295.870871717
"270","7","18","130","0","1","0","4693968.96594, 3301968.32857","4873968.96594, 3511968.32857",323212.983402425
"271","7","19","131","1","1","0","4693968.96594, 3286968.32857","4873968.96594, 3511968.32857",346552.074049596
"272","7","20","132","1","1","0","4693968.96594, 3271968.32857","4873968.96594, 3511968.32857",359538.033443714
"273","7","21","133","1","1","0","4693968.96594, 3256968.32857","4873968.96594, 3511968.32857",372908.001744915
"274","7","22","134","1","0","0","4693968.96594, 3241968.32857","4873968.96594, 3511968.32857",380825.774700993
"275","7","23","135","1","1","0","4693968.96594, 3226968.32857","4873968.96594, 3511968.32857",404229.055376611
"276","7","24","136","1","1","0","4693968.96594, 3211968.32857","4873968.96594, 3511968.32857",425005.074154386
"277","7","25","137","1","0","0","4693968.96594, 3196968.32857","4873968.96594, 3511968.32857",437431.054891824
"278","7","26","138","1","1","0","4693968.96594, 3181968.32857","4873968.96594, 3511968.32857",447020.38637937
"279","7","27","139","1","1","0","4693968.96594, 3166968.32857","4873968.96594, 3511968.32857",465755.902979896
"280","7","28","140","0","0","0","4693968.96594, 3151968.32857","4873968.96594, 3511968.32857",491648.694875719
"281","7","29","141","1","1","0","4693968.96594, 3136968.32857","4873968.96594, 3511968.32857",498357.199846919
"282","7","30","142","1","1","0","4693968.96594, 3121968.32857","4873968.96594, 3511968.32857",514549.491416649
"283","7","31","143","0","1","0","4693968.96594, 3106968.32857","4873968.96594, 3511968.32857",534608.847495714
"284","7","32","144","0","1","0","4694243.44436, 3094347.93985","4873968.96594, 3511968.32857",561926.009207129
"299","8","5","145","0","0","0","4709847.52499, 3494518.18292","4873968.96594, 3511968.32857",194693.016741673
"300","8","6","146","0","0","0","4708968.96594, 3481968.32857","4873968.96594, 3511968.32857",198727.428042734
"301","8","7","147","1","1","0","4708968.96594, 3466968.32857","4873968.96594, 3511968.32857",200193.001157444
"302","8","8","148","1","1","0","4708968.96594, 3451968.32857","4873968.96594, 3511968.32857",212009.973507744
"303","8","9","149","0","1","0","4708968.96594, 3436968.32857","4873968.96594, 3511968.32857",207494.167820152
"304","8","10","150","0","1","0","4708968.96594, 3421968.32857","4873968.96594, 3511968.32857",228871.562227451
"305","8","11","151","0","0","0","4708968.96594, 3406968.32857","4873968.96594, 3511968.32857",245029.080109721
"306","8","12","152","1","1","0","4708968.96594, 3391968.32857","4873968.96594, 3511968.32857",254209.679980818
"307","8","13","153","1","1","0","4708968.96594, 3376968.32857","4873968.96594, 3511968.32857",265533.409927252
"308","8","14","154","1","1","0","4708968.96594, 3361968.32857","4873968.96594, 3511968.32857",270018.030789538
"309","8","15","155","0","0","0","4708968.96594, 3346968.32857","4873968.96594, 3511968.32857",293734.518405294
"310","8","16","156","1","1","0","4708968.96594, 3331968.32857","4873968.96594, 3511968.32857",281531.415940146
"311","8","17","157","0","1","0","4708968.96594, 3316968.32857","4873968.96594, 3511968.32857",302494.681112892
"312","8","18","158","0","0","0","4708968.96594, 3301968.32857","4873968.96594, 3511968.32857",331900.918716648
"313","8","19","159","1","1","0","4708968.96594, 3286968.32857","4873968.96594, 3511968.32857",333604.898503587
"314","8","20","160","1","1","0","4708968.96594, 3271968.32857","4873968.96594, 3511968.32857",356070.498499288
"315","8","21","161","1","1","0","4708968.96594, 3256968.32857","4873968.96594, 3511968.32857",357493.958787933
"316","8","22","162","1","1","0","4708968.96594, 3241968.32857","4873968.96594, 3511968.32857",386393.914005278
"317","8","23","163","1","1","0","4708968.96594, 3226968.32857","4873968.96594, 3511968.32857",398393.198605307
"318","8","24","164","1","1","0","4708968.96594, 3211968.32857","4873968.96594, 3511968.32857",420003.523360891
"319","8","25","165","1","1","0","4708968.96594, 3196968.32857","4873968.96594, 3511968.32857",423469.749144283
"320","8","26","166","1","1","0","4708968.96594, 3181968.32857","4873968.96594, 3511968.32857",438136.721293654
"321","8","27","167","1","1","0","4708968.96594, 3166968.32857","4873968.96594, 3511968.32857",458276.346130165
"322","8","28","168","1","1","0","4708968.96594, 3151968.32857","4873968.96594, 3511968.32857",473375.902650084
"323","8","29","169","1","1","0","4708968.96594, 3136968.32857","4873968.96594, 3511968.32857",488639.883694756
"324","8","30","170","1","1","0","4708968.96594, 3121968.32857","4873968.96594, 3511968.32857",505090.061340262
"325","8","31","171","1","1","0","4708968.96594, 3106968.32857","4873968.96594, 3511968.32857",522172.161568872
"326","8","32","172","1","1","0","4709194.02523, 3093231.77996","4873968.96594, 3511968.32857",537334.909917477
"340","9","4","173","0","0","0","4727855.52184, 3506110.73189","4873968.96594, 3511968.32857",166128.166064637
"341","9","5","174","0","0","0","4724077.71022, 3496846.13089","4873968.96594, 3511968.32857",169217.028168882
"342","9","6","175","1","1","0","4723968.96594, 3481968.32857","4873968.96594, 3511968.32857",182488.579528694
"343","9","7","176","1","1","0","4723968.96594, 3466968.32857","4873968.96594, 3511968.32857",188755.445296748
"344","9","8","177","0","1","0","4723968.96594, 3451968.32857","4873968.96594, 3511968.32857",199374.414975088
"345","9","9","178","0","1","0","4723968.96594, 3436968.32857","4873968.96594, 3511968.32857",196498.125017464
"346","9","10","179","0","0","0","4723968.96594, 3421968.32857","4873968.96594, 3511968.32857",209203.792416881
"347","9","11","180","1","0","0","4723968.96594, 3406968.32857","4873968.96594, 3511968.32857",225798.675400219
"348","9","12","181","1","1","0","4723968.96594, 3391968.32857","4873968.96594, 3511968.32857",230305.76611272
"349","9","13","182","1","0","0","4723968.96594, 3376968.32857","4873968.96594, 3511968.32857",245552.934337952
"350","9","14","183","0","1","0","4723968.96594, 3361968.32857","4873968.96594, 3511968.32857",259567.667617984
"351","9","15","184","1","0","0","4723968.96594, 3346968.32857","4873968.96594, 3511968.32857",256212.021637244
"352","9","16","185","1","1","0","4723968.96594, 3331968.32857","4873968.96594, 3511968.32857",292481.964038513
"353","9","17","186","0","1","0","4723968.96594, 3316968.32857","4873968.96594, 3511968.32857",290259.54541487
"354","9","18","187","0","0","0","4723968.96594, 3301968.32857","4873968.96594, 3511968.32857",316529.893566569
"355","9","19","188","1","1","0","4723968.96594, 3286968.32857","4873968.96594, 3511968.32857",327511.118160113
"356","9","20","189","1","0","0","4723968.96594, 3271968.32857","4873968.96594, 3511968.32857",342176.551633445
"357","9","21","190","1","1","0","4723968.96594, 3256968.32857","4873968.96594, 3511968.32857",354175.296804305
"358","9","22","191","1","1","0","4723968.96594, 3241968.32857","4873968.96594, 3511968.32857",373973.035246833
"359","9","23","192","1","0","0","4723968.96594, 3226968.32857","4873968.96594, 3511968.32857",383861.333656552
"360","9","24","193","0","0","0","4723968.96594, 3211968.32857","4873968.96594, 3511968.32857",394909.561116097
"361","9","25","194","1","1","0","4723968.96594, 3196968.32857","4873968.96594, 3511968.32857",416318.153111544
"362","9","26","195","1","0","0","4723968.96594, 3181968.32857","4873968.96594, 3511968.32857",432034.923317448
"363","9","27","196","1","1","0","4723968.96594, 3166968.32857","4873968.96594, 3511968.32857",451857.763377477
"364","9","28","197","1","1","0","4723968.96594, 3151968.32857","4873968.96594, 3511968.32857",476171.063998086
"365","9","29","198","1","1","0","4723968.96594, 3136968.32857","4873968.96594, 3511968.32857",498997.088815116
"366","9","30","199","0","1","0","4723968.96594, 3121968.32857","4873968.96594, 3511968.32857",511716.763901182
"367","9","31","200","1","1","0","4723968.96594, 3106968.32857","4873968.96594, 3511968.32857",520136.500771393
"368","9","32","201","0","1","0","4724105.50851, 3092192.07754","4873968.96594, 3511968.32857",536148.598411703
"369","9","33","202","0","0","0","4729685.15248, 3084201.98159","4873968.96594, 3511968.32857",537419.051421936
"382","10","4","203","0","0","0","4739991.30293, 3508868.74428","4873968.96594, 3511968.32857",162604.016392318
"383","10","5","204","1","1","0","4738968.96594, 3496968.32857","4873968.96594, 3511968.32857",161061.297015202
"384","10","6","205","1","1","0","4738968.96594, 3481968.32857","4873968.96594, 3511968.32857",162617.346876199
"385","10","7","206","1","0","0","4738968.96594, 3466968.32857","4873968.96594, 3511968.32857",172741.322774197
"386","10","8","207","1","0","0","4738968.96594, 3451968.32857","4873968.96594, 3511968.32857",175708.75133257
"387","10","9","208","0","1","0","4738968.96594, 3436968.32857","4873968.96594, 3511968.32857",180536.342429922
"388","10","10","209","0","0","0","4738968.96594, 3421968.32857","4873968.96594, 3511968.32857",193090.704599258
"389","10","11","210","1","1","0","4738968.96594, 3406968.32857","4873968.96594, 3511968.32857",209958.365673971
"390","10","12","211","0","1","0","4738968.96594, 3391968.32857","4873968.96594, 3511968.32857",226790.037073994
"391","10","13","212","1","0","0","4738968.96594, 3376968.32857","4873968.96594, 3511968.32857",232679.972999007
"392","10","14","213","1","1","0","4738968.96594, 3361968.32857","4873968.96594, 3511968.32857",234840.798378153
"393","10","15","214","1","0","0","4738968.96594, 3346968.32857","4873968.96594, 3511968.32857",255513.443860036
"394","10","16","215","0","1","0","4738968.96594, 3331968.32857","4873968.96594, 3511968.32857",263543.215669617
"395","10","17","216","0","1","0","4738968.96594, 3316968.32857","4873968.96594, 3511968.32857",279906.355541946
"396","10","18","217","0","0","0","4738968.96594, 3301968.32857","4873968.96594, 3511968.32857",297402.562056939
"397","10","19","218","1","0","0","4738968.96594, 3286968.32857","4873968.96594, 3511968.32857",315117.823702182
"398","10","20","219","1","0","0","4738968.96594, 3271968.32857","4873968.96594, 3511968.32857",323945.133317815
"399","10","21","220","0","1","0","4738968.96594, 3256968.32857","4873968.96594, 3511968.32857",341062.020370277
"400","10","22","221","1","1","0","4738968.96594, 3241968.32857","4873968.96594, 3511968.32857",355907.76540819
"401","10","23","222","0","1","0","4738968.96594, 3226968.32857","4873968.96594, 3511968.32857",373735.336431906
"402","10","24","223","0","0","0","4738968.96594, 3211968.32857","4873968.96594, 3511968.32857",401993.601918365
"403","10","25","224","1","1","0","4738968.96594, 3196968.32857","4873968.96594, 3511968.32857",419506.225643277
"404","10","26","225","1","1","0","4738968.96594, 3181968.32857","4873968.96594, 3511968.32857",429539.07120232
"405","10","27","226","1","0","0","4738968.96594, 3166968.32857","4873968.96594, 3511968.32857",445536.324425753
"406","10","28","227","1","1","0","4738968.96594, 3151968.32857","4873968.96594, 3511968.32857",469846.030468837
"407","10","29","228","1","1","0","4738968.96594, 3136968.32857","4873968.96594, 3511968.32857",480538.058164434
"408","10","30","229","0","0","0","4738968.96594, 3121968.32857","4873968.96594, 3511968.32857",496252.198258353
"409","10","31","230","1","1","0","4738968.96594, 3106968.32857","4873968.96594, 3511968.32857",512594.631913703
"410","10","32","231","1","1","0","4738968.96594, 3091968.32857","4873968.96594, 3511968.32857",524815.080836006
"411","10","33","232","1","1","0","4740427.94637, 3083399.96086","4873968.96594, 3511968.32857",530305.282235458
"423","11","3","233","0","0","0","4758855.99917, 3520655.9892","4873968.96594, 3511968.32857",133150.606997264
"424","11","4","234","0","0","0","4754248.2699, 3511617.89723","4873968.96594, 3511968.32857",145109.508922205
"425","11","5","235","1","1","0","4753968.96594, 3496968.32857","4873968.96594, 3511968.32857",144361.899619014
"426","11","6","236","1","0","0","4753968.96594, 3481968.32857","4873968.96594, 3511968.32857",153492.203813563
"427","11","7","237","0","0","0","4753968.96594, 3466968.32857","4873968.96594, 3511968.32857",158107.591649798
"428","11","8","238","1","0","0","4753968.96594, 3451968.32857","4873968.96594, 3511968.32857",175719.794558659
"429","11","9","239","1","1","0","4753968.96594, 3436968.32857","4873968.96594, 3511968.32857",170985.60162668
"430","11","10","240","1","1","0","4753968.96594, 3421968.32857","4873968.96594, 3511968.32857",182394.699986719
"431","11","11","241","1","1","0","4753968.96594, 3406968.32857","4873968.96594, 3511968.32857",191956.279839133
"432","11","12","242","0","0","0","4753968.96594, 3391968.32857","4873968.96594, 3511968.32857",216566.505454266
"433","11","13","243","1","1","0","4753968.96594, 3376968.32857","4873968.96594, 3511968.32857",213675.100174134
"434","11","14","244","1","1","0","4753968.96594, 3361968.32857","4873968.96594, 3511968.32857",233459.459752882
"435","11","15","245","0","1","0","4753968.96594, 3346968.32857","4873968.96594, 3511968.32857",239697.727559082
"436","11","16","246","0","1","0","4753968.96594, 3331968.32857","4873968.96594, 3511968.32857",258806.696567094
"437","11","17","247","0","1","0","4753968.96594, 3316968.32857","4873968.96594, 3511968.32857",271242.884858401
"438","11","18","248","0","1","0","4753968.96594, 3301968.32857","4873968.96594, 3511968.32857",288823.528000462
"439","11","19","249","1","0","0","4753968.96594, 3286968.32857","4873968.96594, 3511968.32857",311619.355419937
"440","11","20","250","1","1","0","4753968.96594, 3271968.32857","4873968.96594, 3511968.32857",328282.242157433
"441","11","21","251","1","1","0","4753968.96594, 3256968.32857","4873968.96594, 3511968.32857",352757.701210654
"442","11","22","252","1","1","0","4753968.96594, 3241968.32857","4873968.96594, 3511968.32857",368482.326463846
"443","11","23","253","0","1","0","4753968.96594, 3226968.32857","4873968.96594, 3511968.32857",378483.850306349
"444","11","24","254","1","1","0","4753968.96594, 3211968.32857","4873968.96594, 3511968.32857",391636.072421819
"445","11","25","255","1","1","0","4753968.96594, 3196968.32857","4873968.96594, 3511968.32857",402634.003174526
"446","11","26","256","0","1","0","4753968.96594, 3181968.32857","4873968.96594, 3511968.32857",430602.985084811
"447","11","27","257","1","1","0","4753968.96594, 3166968.32857","4873968.96594, 3511968.32857",443311.105173797
"448","11","28","258","1","1","0","4753968.96594, 3151968.32857","4873968.96594, 3511968.32857",460263.353955256
"449","11","29","259","1","1","0","4753968.96594, 3136968.32857","4873968.96594, 3511968.32857",466974.915151747
"450","11","30","260","1","1","0","4753968.96594, 3121968.32857","4873968.96594, 3511968.32857",484837.633094602
"451","11","31","261","1","1","0","4753968.96594, 3106968.32857","4873968.96594, 3511968.32857",503350.715506335
"452","11","32","262","1","1","0","4753968.96594, 3091968.32857","4873968.96594, 3511968.32857",517329.268672573
"453","11","33","263","1","1","0","4754642.18068, 3082338.77412","4873968.96594, 3511968.32857",530039.454936415
"465","12","3","264","0","0","0","4770191.34823, 3523232.09311","4873968.96594, 3511968.32857",129428.416373292
"466","12","4","265","1","1","0","4768968.96594, 3511968.32857","4873968.96594, 3511968.32857",127077.554809206
"467","12","5","266","1","1","0","4768968.96594, 3496968.32857","4873968.96594, 3511968.32857",126886.418483587
"468","12","6","267","0","1","0","4768968.96594, 3481968.32857","4873968.96594, 3511968.32857",132999.765516704
"469","12","7","268","0","1","0","4768968.96594, 3466968.32857","4873968.96594, 3511968.32857",143956.94863651
"470","12","8","269","1","1","0","4768968.96594, 3451968.32857","4873968.96594, 3511968.32857",134829.85792077
"471","12","9","270","1","1","0","4768968.96594, 3436968.32857","4873968.96594, 3511968.32857",152089.336392005
"472","12","10","271","1","1","0","4768968.96594, 3421968.32857","4873968.96594, 3511968.32857",165412.018902806
"473","12","11","272","1","1","0","4768968.96594, 3406968.32857","4873968.96594, 3511968.32857",189841.839247529
"474","12","12","273","1","1","0","4768968.96594, 3391968.32857","4873968.96594, 3511968.32857",195067.421902372
"475","12","13","274","1","1","0","4768968.96594, 3376968.32857","4873968.96594, 3511968.32857",203531.804619092
"476","12","14","275","1","1","0","4768968.96594, 3361968.32857","4873968.96594, 3511968.32857",218133.226550155
"477","12","15","276","1","1","0","4768968.96594, 3346968.32857","4873968.96594, 3511968.32857",230973.822718948
"478","12","16","277","0","0","0","4768968.96594, 3331968.32857","4873968.96594, 3511968.32857",245956.756908624
"479","12","17","278","0","0","0","4768968.96594, 3316968.32857","4873968.96594, 3511968.32857",263675.902906925
"480","12","18","279","0","1","0","4768968.96594, 3301968.32857","4873968.96594, 3511968.32857",290619.617432975
"481","12","19","280","1","1","0","4768968.96594, 3286968.32857","4873968.96594, 3511968.32857",302705.985200803
"482","12","20","281","1","1","0","4768968.96594, 3271968.32857","4873968.96594, 3511968.32857",321173.337881737
"483","12","21","282","1","1","0","4768968.96594, 3256968.32857","4873968.96594, 3511968.32857",335471.327320702
"484","12","22","283","1","1","0","4768968.96594, 3241968.32857","4873968.96594, 3511968.32857",353319.535109005
"485","12","23","284","1","1","0","4768968.96594, 3226968.32857","4873968.96594, 3511968.32857",365196.01961719
"486","12","24","285","1","1","0","4768968.96594, 3211968.32857","4873968.96594, 3511968.32857",388986.337154638
"487","12","25","286","0","0","0","4768968.96594, 3196968.32857","4873968.96594, 3511968.32857",400034.68622881
"488","12","26","287","0","0","0","4768968.96594, 3181968.32857","4873968.96594, 3511968.32857",422143.658151576
"489","12","27","288","1","1","0","4768968.96594, 3166968.32857","4873968.96594, 3511968.32857",435953.346076669
"490","12","28","289","1","0","0","4768968.96594, 3151968.32857","4873968.96594, 3511968.32857",443364.043464731
"491","12","29","290","1","1","0","4768968.96594, 3136968.32857","4873968.96594, 3511968.32857",460717.676116326
"492","12","30","291","1","1","0","4768968.96594, 3121968.32857","4873968.96594, 3511968.32857",475668.167917348
"493","12","31","292","1","1","0","4768968.96594, 3106968.32857","4873968.96594, 3511968.32857",493397.328903733
"494","12","32","293","1","1","0","4768968.96594, 3091968.32857","4873968.96594, 3511968.32857",512743.292954018
"495","12","33","294","0","1","0","4770603.7521, 3078081.25328","4873968.96594, 3511968.32857",528092.258240305
"496","12","34","295","0","0","0","4771147.54163, 3061569.32094","4873968.96594, 3511968.32857",552907.067258438
"497","12","35","296","1","0","0","4772537.07668, 3050989.14763","4873968.96594, 3511968.32857",558507.297267956
"506","13","2","297","0","0","0","4789856.47649, 3535201.24652","4873968.96594, 3511968.32857",105040.956214441
"507","13","3","298","0","0","0","4784447.92637, 3526274.16443","4873968.96594, 3511968.32857",111074.903186584
"508","13","4","299","1","1","0","4783968.96594, 3511968.32857","4873968.96594, 3511968.32857",116895.203426932
"509","13","5","300","1","0","0","4783968.96594, 3496968.32857","4873968.96594, 3511968.32857",110805.664882641
"510","13","6","301","1","0","0","4783968.96594, 3481968.32857","4873968.96594, 3511968.32857",119759.535329946
"511","13","7","302","1","0","0","4783968.96594, 3466968.32857","4873968.96594, 3511968.32857",133622.707787967
"512","13","8","303","1","1","0","4783968.96594, 3451968.32857","4873968.96594, 3511968.32857",141874.570298763
"513","13","9","304","1","0","0","4783968.96594, 3436968.32857","4873968.96594, 3511968.32857",155228.904516147
"514","13","10","305","1","1","0","4783968.96594, 3421968.32857","4873968.96594, 3511968.32857",159420.953050535
"515","13","11","306","1","0","0","4783968.96594, 3406968.32857","4873968.96594, 3511968.32857",167442.270987422
"516","13","12","307","1","1","0","4783968.96594, 3391968.32857","4873968.96594, 3511968.32857",195662.288175115
"517","13","13","308","0","1","0","4783968.96594, 3376968.32857","4873968.96594, 3511968.32857",194566.953387989
"518","13","14","309","1","1","0","4783968.96594, 3361968.32857","4873968.96594, 3511968.32857",214647.538407891
"519","13","15","310","1","1","0","4783968.96594, 3346968.32857","4873968.96594, 3511968.32857",229641.288924169
"520","13","16","311","1","1","0","4783968.96594, 3331968.32857","4873968.96594, 3511968.32857",250225.579380619
"521","13","17","312","1","1","0","4783968.96594, 3316968.32857","4873968.96594, 3511968.32857",264758.548755496
"522","13","18","313","1","1","0","4783968.96594, 3301968.32857","4873968.96594, 3511968.32857",281387.733813644
"523","13","19","314","1","1","0","4783968.96594, 3286968.32857","4873968.96594, 3511968.32857",296249.645517013
"524","13","20","315","1","1","0","4783968.96594, 3271968.32857","4873968.96594, 3511968.32857",311781.714984616
"525","13","21","316","1","1","0","4783968.96594, 3256968.32857","4873968.96594, 3511968.32857",329977.065139719
"526","13","22","317","1","1","0","4783968.96594, 3241968.32857","4873968.96594, 3511968.32857",347830.455259371
"527","13","23","318","0","0","0","4783968.96594, 3226968.32857","4873968.96594, 3511968.32857",373850.912926179
"528","13","24","319","1","1","0","4783968.96594, 3211968.32857","4873968.96594, 3511968.32857",378226.342250182
"529","13","25","320","1","1","0","4783968.96594, 3196968.32857","4873968.96594, 3511968.32857",402793.580686702
"530","13","26","321","1","0","0","4783968.96594, 3181968.32857","4873968.96594, 3511968.32857",404290.194945585
"531","13","27","322","1","1","0","4783968.96594, 3166968.32857","4873968.96594, 3511968.32857",419013.783215869
"532","13","28","323","0","1","0","4783968.96594, 3151968.32857","4873968.96594, 3511968.32857",431404.032985858
"533","13","29","324","1","1","0","4783968.96594, 3136968.32857","4873968.96594, 3511968.32857",466855.103029078
"534","13","30","325","1","1","0","4783968.96594, 3121968.32857","4873968.96594, 3511968.32857",479731.131609349
"535","13","31","326","1","1","0","4783968.96594, 3106968.32857","4873968.96594, 3511968.32857",490991.081886952
"536","13","32","327","0","1","0","4783968.96594, 3091968.32857","4873968.96594, 3511968.32857",507789.869895702
"537","13","33","328","0","1","0","4783968.96594, 3076968.32857","4873968.96594, 3511968.32857",521403.293932746
"538","13","34","329","1","1","0","4783968.96594, 3061968.32857","4873968.96594, 3511968.32857",539308.203114253
"539","13","35","330","1","0","0","4784287.86472, 3047298.14292","4873968.96594, 3511968.32857",555165.39537865
"540","13","36","331","0","0","0","4788187.6728, 3036564.83566","4873968.96594, 3511968.32857",579285.002280568
"548","14","2","332","0","1","0","4800488.72668, 3537617.56216","4873968.96594, 3511968.32857",94121.4935907972
"549","14","3","333","0","0","0","4798968.96594, 3526968.32857","4873968.96594, 3511968.32857",99338.848333758
"550","14","4","334","1","1","0","4798968.96594, 3511968.32857","4873968.96594, 3511968.32857",91564.2785466038
"551","14","5","335","0","0","0","4798968.96594, 3496968.32857","4873968.96594, 3511968.32857",96816.7379517594
"552","14","6","336","0","0","0","4798968.96594, 3481968.32857","4873968.96594, 3511968.32857",101152.68774065
"553","14","7","337","1","0","0","4798968.96594, 3466968.32857","4873968.96594, 3511968.32857",105407.886454907
"554","14","8","338","0","0","0","4798968.96594, 3451968.32857","4873968.96594, 3511968.32857",115857.495351732
"555","14","9","339","0","0","0","4798968.96594, 3436968.32857","4873968.96594, 3511968.32857",134762.120467705
"556","14","10","340","1","1","0","4798968.96594, 3421968.32857","4873968.96594, 3511968.32857",149111.268744874
"557","14","11","341","1","1","0","4798968.96594, 3406968.32857","4873968.96594, 3511968.32857",160047.585134936
"558","14","12","342","0","1","0","4798968.96594, 3391968.32857","4873968.96594, 3511968.32857",172566.530465538
"559","14","13","343","0","0","0","4798968.96594, 3376968.32857","4873968.96594, 3511968.32857",185123.44805388
"560","14","14","344","1","1","0","4798968.96594, 3361968.32857","4873968.96594, 3511968.32857",199135.193981729
"561","14","15","345","0","1","0","4798968.96594, 3346968.32857","4873968.96594, 3511968.32857",217800.910648622
"562","14","16","346","0","1","0","4798968.96594, 3331968.32857","4873968.96594, 3511968.32857",235206.196616521
"563","14","17","347","0","1","0","4798968.96594, 3316968.32857","4873968.96594, 3511968.32857",252218.431607515
"564","14","18","348","0","1","0","4798968.96594, 3301968.32857","4873968.96594, 3511968.32857",269792.415120516
"565","14","19","349","1","1","0","4798968.96594, 3286968.32857","4873968.96594, 3511968.32857",293437.591312913
"566","14","20","350","1","1","0","4798968.96594, 3271968.32857","4873968.96594, 3511968.32857",305514.05480909
"567","14","21","351","1","1","0","4798968.96594, 3256968.32857","4873968.96594, 3511968.32857",314138.217239421
"568","14","22","352","0","0","0","4798968.96594, 3241968.32857","4873968.96594, 3511968.32857",363667.687869236
"569","14","23","353","1","1","0","4798968.96594, 3226968.32857","4873968.96594, 3511968.32857",354133.805613698
"570","14","24","354","1","1","0","4798968.96594, 3211968.32857","4873968.96594, 3511968.32857",363137.84576586
"571","14","25","355","1","1","0","4798968.96594, 3196968.32857","4873968.96594, 3511968.32857",377324.93532423
"572","14","26","356","1","1","0","4798968.96594, 3181968.32857","4873968.96594, 3511968.32857",403292.973478485
"573","14","27","357","1","1","0","4798968.96594, 3166968.32857","4873968.96594, 3511968.32857",416731.269829687
"574","14","28","358","0","1","0","4798968.96594, 3151968.32857","4873968.96594, 3511968.32857",438028.578718488
"575","14","29","359","1","1","0","4798968.96594, 3136968.32857","4873968.96594, 3511968.32857",457432.197523895
"576","14","30","360","1","1","0","4798968.96594, 3121968.32857","4873968.96594, 3511968.32857",471771.668705003
"577","14","31","361","1","1","0","4798968.96594, 3106968.32857","4873968.96594, 3511968.32857",489430.650784619
"578","14","32","362","1","1","0","4798968.96594, 3091968.32857","4873968.96594, 3511968.32857",498111.287195728
"579","14","33","363","1","1","0","4798968.96594, 3076968.32857","4873968.96594, 3511968.32857",516268.481762954
"580","14","34","364","1","1","0","4798968.96594, 3061968.32857","4873968.96594, 3511968.32857",530456.533596315
"581","14","35","365","1","1","0","4798939.10247, 3046995.76273","4873968.96594, 3511968.32857",553234.188634523
"582","14","36","366","1","1","0","4798092.37119, 3033250.85432","4873968.96594, 3511968.32857",565935.205784195
"583","14","37","367","0","0","0","4800221.9291, 3023824.19166","4873968.96594, 3511968.32857",578808.468885699
"589","15","1","368","0","0","0","4820856.95381, 3549746.50383","4873968.96594, 3511968.32857",77955.8609919783
"590","15","2","369","0","1","0","4814629.23946, 3540800.22046","4873968.96594, 3511968.32857",85436.7492143802
"591","15","3","370","0","1","0","4813968.96594, 3526968.32857","4873968.96594, 3511968.32857",77587.5594245957
"592","15","4","371","1","1","0","4813968.96594, 3511968.32857","4873968.96594, 3511968.32857",77589.6096433874
"593","15","5","372","0","0","0","4813968.96594, 3496968.32857","4873968.96594, 3511968.32857",75069.2653787183
"594","15","6","373","1","0","0","4813968.96594, 3481968.32857","4873968.96594, 3511968.32857",81343.4521255243
"595","15","7","374","1","0","0","4813968.96594, 3466968.32857","4873968.96594, 3511968.32857",96066.6151783461
"596","15","8","375","0","0","0","4813968.96594, 3451968.32857","4873968.96594, 3511968.32857",113881.114335978
"597","15","9","376","0","1","0","4813968.96594, 3436968.32857","4873968.96594, 3511968.32857",123075.869277673
"598","15","10","377","1","1","0","4813968.96594, 3421968.32857","4873968.96594, 3511968.32857",132742.619304539
"599","15","11","378","1","1","0","4813968.96594, 3406968.32857","4873968.96594, 3511968.32857",144603.664372657
"600","15","12","379","1","1","0","4813968.96594, 3391968.32857","4873968.96594, 3511968.32857",167956.737391843
"601","15","13","380","0","1","0","4813968.96594, 3376968.32857","4873968.96594, 3511968.32857",178303.953927112
"602","15","14","381","1","1","0","4813968.96594, 3361968.32857","4873968.96594, 3511968.32857",207172.719984192
"603","15","15","382","0","1","0","4813968.96594, 3346968.32857","4873968.96594, 3511968.32857",216800.323601603
"604","15","16","383","0","1","0","4813968.96594, 3331968.32857","4873968.96594, 3511968.32857",231290.929346152
"605","15","17","384","0","1","0","4813968.96594, 3316968.32857","4873968.96594, 3511968.32857",254165.143858495
"606","15","18","385","0","1","0","4813968.96594, 3301968.32857","4873968.96594, 3511968.32857",277216.052623565
"607","15","19","386","1","1","0","4813968.96594, 3286968.32857","4873968.96594, 3511968.32857",278773.088007594
"608","15","20","387","1","1","0","4813968.96594, 3271968.32857","4873968.96594, 3511968.32857",305444.255709265
"609","15","21","388","1","1","0","4813968.96594, 3256968.32857","4873968.96594, 3511968.32857",313693.746405873
"610","15","22","389","0","1","0","4813968.96594, 3241968.32857","4873968.96594, 3511968.32857",338457.336549335
"611","15","23","390","1","1","0","4813968.96594, 3226968.32857","4873968.96594, 3511968.32857",349923.228354363
"612","15","24","391","0","1","0","4813968.96594, 3211968.32857","4873968.96594, 3511968.32857",364690.468776924
"613","15","25","392","1","1","0","4813968.96594, 3196968.32857","4873968.96594, 3511968.32857",383484.535332121
"614","15","26","393","0","0","0","4813968.96594, 3181968.32857","4873968.96594, 3511968.32857",402184.547018224
"615","15","27","394","1","0","0","4813968.96594, 3166968.32857","4873968.96594, 3511968.32857",415643.565352315
"616","15","28","395","1","1","0","4813968.96594, 3151968.32857","4873968.96594, 3511968.32857",430435.311409999
"617","15","29","396","1","1","0","4813968.96594, 3136968.32857","4873968.96594, 3511968.32857",449108.693671635
"618","15","30","397","1","1","0","4813968.96594, 3121968.32857","4873968.96594, 3511968.32857",467838.311239129
"619","15","31","398","1","1","0","4813968.96594, 3106968.32857","4873968.96594, 3511968.32857",488153.312701279
"620","15","32","399","1","1","0","4813968.96594, 3091968.32857","4873968.96594, 3511968.32857",499232.230035961
"621","15","33","400","0","1","0","4813968.96594, 3076968.32857","4873968.96594, 3511968.32857",519795.038094579
"622","15","34","401","1","1","0","4812127.89615, 3064111.80735","4873968.96594, 3511968.32857",539607.578245071
"623","15","35","402","0","0","0","4807691.87828, 3050303.81443","4873968.96594, 3511968.32857",545355.565717933
"631","16","1","403","0","0","0","4830977.31287, 3552046.48563","4873968.96594, 3511968.32857",65305.2310153281
"632","16","2","404","0","0","0","4828968.96594, 3541968.32857","4873968.96594, 3511968.32857",72240.5207190506
"633","16","3","405","1","1","0","4828968.96594, 3526968.32857","4873968.96594, 3511968.32857",57215.8507529131
"634","16","4","406","1","1","0","4828968.96594, 3511968.32857","4873968.96594, 3511968.32857",65332.6381539857
"635","16","5","407","0","0","0","4828968.96594, 3496968.32857","4873968.96594, 3511968.32857",59245.5345953602
"636","16","6","408","1","0","0","4828968.96594, 3481968.32857","4873968.96594, 3511968.32857",67084.0318269207
"637","16","7","409","1","1","0","4828968.96594, 3466968.32857","4873968.96594, 3511968.32857",80517.0828058899
"638","16","8","410","0","1","0","4828968.96594, 3451968.32857","4873968.96594, 3511968.32857",96272.4906896813
"639","16","9","411","1","1","0","4828968.96594, 3436968.32857","4873968.96594, 3511968.32857",110006.112381481
"640","16","10","412","1","1","0","4828968.96594, 3421968.32857","4873968.96594, 3511968.32857",130914.276929006
"641","16","11","413","0","1","0","4828968.96594, 3406968.32857","4873968.96594, 3511968.32857",136353.562883982
"642","16","12","414","1","1","0","4828968.96594, 3391968.32857","4873968.96594, 3511968.32857",157297.099225928
"643","16","13","415","0","1","0","4828968.96594, 3376968.32857","4873968.96594, 3511968.32857",179779.205020667
"644","16","14","416","1","1","0","4828968.96594, 3361968.32857","4873968.96594, 3511968.32857",194324.110153037
"645","16","15","417","0","1","0","4828968.96594, 3346968.32857","4873968.96594, 3511968.32857",213879.649498956
"646","16","16","418","0","1","0","4828968.96594, 3331968.32857","4873968.96594, 3511968.32857",228803.402003838
"647","16","17","419","1","1","0","4828968.96594, 3316968.32857","4873968.96594, 3511968.32857",245417.377288955
"648","16","18","420","1","1","0","4828968.96594, 3301968.32857","4873968.96594, 3511968.32857",259128.889488549
"649","16","19","421","1","1","0","4828968.96594, 3286968.32857","4873968.96594, 3511968.32857",280933.380766755
"650","16","20","422","1","1","0","4828968.96594, 3271968.32857","4873968.96594, 3511968.32857",294114.047850646
"651","16","21","423","1","1","0","4828968.96594, 3256968.32857","4873968.96594, 3511968.32857",304938.847800637
"652","16","22","424","1","1","0","4828968.96594, 3241968.32857","4873968.96594, 3511968.32857",325214.283178025
"653","16","23","425","1","1","0","4828968.96594, 3226968.32857","4873968.96594, 3511968.32857",350278.353437765
"654","16","24","426","1","1","0","4828968.96594, 3211968.32857","4873968.96594, 3511968.32857",357555.123349374
"655","16","25","427","1","1","0","4828968.96594, 3196968.32857","4873968.96594, 3511968.32857",375967.080862397
"656","16","26","428","1","1","0","4828968.96594, 3181968.32857","4873968.96594, 3511968.32857",396681.798063092
"657","16","27","429","1","1","0","4828968.96594, 3166968.32857","4873968.96594, 3511968.32857",418931.007555759
"658","16","28","430","1","1","0","4828968.96594, 3151968.32857","4873968.96594, 3511968.32857",431564.042530941
"659","16","29","431","1","1","0","4828968.96594, 3136968.32857","4873968.96594, 3511968.32857",444372.017817851
"660","16","30","432","1","1","0","4828968.96594, 3121968.32857","4873968.96594, 3511968.32857",471196.918645615
"661","16","31","433","1","0","0","4828968.96594, 3106968.32857","4873968.96594, 3511968.32857",480870.357141906
"662","16","32","434","1","0","0","4828968.96594, 3091968.32857","4873968.96594, 3511968.32857",501457.790256888
"663","16","33","435","0","0","0","4828968.96594, 3076968.32857","4873968.96594, 3511968.32857",519699.462336502
"664","16","34","436","1","1","0","4829394.6351, 3065886.45251","4873968.96594, 3511968.32857",534551.144717452
"673","17","1","437","0","0","0","4844739.4283, 3555174.10342","4873968.96594, 3511968.32857",57495.7076707928
"674","17","2","438","0","0","0","4843968.96594, 3541968.32857","4873968.96594, 3511968.32857",47187.948483807
"675","17","3","439","1","1","0","4843968.96594, 3526968.32857","4873968.96594, 3511968.32857",41646.8248589924
"676","17","4","440","0","0","0","4843968.96594, 3511968.32857","4873968.96594, 3511968.32857",47038.9376375002
"677","17","5","441","0","0","0","4843968.96594, 3496968.32857","4873968.96594, 3511968.32857",46158.6353376878
"678","17","6","442","1","1","0","4843968.96594, 3481968.32857","4873968.96594, 3511968.32857",52397.4530030691
"679","17","7","443","1","1","0","4843968.96594, 3466968.32857","4873968.96594, 3511968.32857",66507.6860284508
"680","17","8","444","0","1","0","4843968.96594, 3451968.32857","4873968.96594, 3511968.32857",87651.6895928862
"681","17","9","445","1","1","0","4843968.96594, 3436968.32857","4873968.96594, 3511968.32857",100838.471851374
"682","17","10","446","0","1","0","4843968.96594, 3421968.32857","4873968.96594, 3511968.32857",115958.547706599
"683","17","11","447","0","1","0","4843968.96594, 3406968.32857","4873968.96594, 3511968.32857",132904.272241408
"684","17","12","448","1","1","0","4843968.96594, 3391968.32857","4873968.96594, 3511968.32857",148019.663688855
"685","17","13","449","1","0","0","4843968.96594, 3376968.32857","4873968.96594, 3511968.32857",174280.050046328
"686","17","14","450","1","1","0","4843968.96594, 3361968.32857","4873968.96594, 3511968.32857",184638.249864786
"687","17","15","451","1","1","0","4843968.96594, 3346968.32857","4873968.96594, 3511968.32857",203257.376753985
"688","17","16","452","1","1","0","4843968.96594, 3331968.32857","4873968.96594, 3511968.32857",213818.90970495
"689","17","17","453","1","0","0","4843968.96594, 3316968.32857","4873968.96594, 3511968.32857",231091.973724863
"690","17","18","454","1","1","0","4843968.96594, 3301968.32857","4873968.96594, 3511968.32857",257288.82768361
"691","17","19","455","0","0","0","4843968.96594, 3286968.32857","4873968.96594, 3511968.32857",277099.125065739
"692","17","20","456","1","1","0","4843968.96594, 3271968.32857","4873968.96594, 3511968.32857",292614.539346014
"693","17","21","457","0","0","0","4843968.96594, 3256968.32857","4873968.96594, 3511968.32857",304521.493484684
"694","17","22","458","1","0","0","4843968.96594, 3241968.32857","4873968.96594, 3511968.32857",326851.072840829
"695","17","23","459","1","1","0","4843968.96594, 3226968.32857","4873968.96594, 3511968.32857",349251.757450855
"696","17","24","460","0","1","0","4843968.96594, 3211968.32857","4873968.96594, 3511968.32857",362797.807729655
"697","17","25","461","1","1","0","4843968.96594, 3196968.32857","4873968.96594, 3511968.32857",379225.230209829
"698","17","26","462","0","1","0","4843968.96594, 3181968.32857","4873968.96594, 3511968.32857",391741.897491035
"699","17","27","463","1","1","0","4843968.96594, 3166968.32857","4873968.96594, 3511968.32857",409630.479272756
"700","17","28","464","1","1","0","4843968.96594, 3151968.32857","4873968.96594, 3511968.32857",421006.472775515
"701","17","29","465","0","1","0","4843968.96594, 3136968.32857","4873968.96594, 3511968.32857",435639.036575325
"702","17","30","466","1","1","0","4843968.96594, 3121968.32857","4873968.96594, 3511968.32857",454241.957506066
"703","17","31","467","1","1","0","4843968.96594, 3106968.32857","4873968.96594, 3511968.32857",471849.513944044
"704","17","32","468","1","1","0","4843968.96594, 3091968.32857","4873968.96594, 3511968.32857",499161.855010036
"705","17","33","469","1","1","0","4843968.96594, 3076968.32857","4873968.96594, 3511968.32857",511551.39427385
"706","17","34","470","1","1","0","4844286.50264, 3064687.08056","4873968.96594, 3511968.32857",526750.392689524
"715","18","1","471","0","1","0","4855207.83344, 3554912.95611","4873968.96594, 3511968.32857",52761.6490804281
"716","18","2","472","0","1","0","4858629.93867, 3541666.17176","4873968.96594, 3511968.32857",38816.2424389858
"717","18","3","473","1","1","0","4858968.96594, 3526968.32857","4873968.96594, 3511968.32857",23877.6665091115
"718","18","4","474","1","1","0","4858968.96594, 3511968.32857","4873968.96594, 3511968.32857",13398.6611270697
"719","18","5","475","1","1","0","4858968.96594, 3496968.32857","4873968.96594, 3511968.32857",28667.981663072
"720","18","6","476","1","1","0","4858968.96594, 3481968.32857","4873968.96594, 3511968.32857",47486.1130116343
"721","18","7","477","0","0","0","4858968.96594, 3466968.32857","4873968.96594, 3511968.32857",63463.8143487239
"722","18","8","478","1","1","0","4858968.96594, 3451968.32857","4873968.96594, 3511968.32857",82699.7330163996
"723","18","9","479","1","1","0","4858968.96594, 3436968.32857","4873968.96594, 3511968.32857",101159.605521629
"724","18","10","480","0","1","0","4858968.96594, 3421968.32857","4873968.96594, 3511968.32857",117464.118965674
"725","18","11","481","0","1","0","4858968.96594, 3406968.32857","4873968.96594, 3511968.32857",141775.49611136
"726","18","12","482","1","1","0","4858968.96594, 3391968.32857","4873968.96594, 3511968.32857",154832.578953751
"727","18","13","483","1","1","0","4858968.96594, 3376968.32857","4873968.96594, 3511968.32857",168761.052447261
"728","18","14","484","1","1","1","4858968.96594, 3361968.32857","4873968.96594, 3511968.32857",175942.44318553
"729","18","15","485","1","1","0","4858968.96594, 3346968.32857","4873968.96594, 3511968.32857",202607.678895529
"730","18","16","486","0","1","0","4858968.96594, 3331968.32857","4873968.96594, 3511968.32857",218455.358550245
"731","18","17","487","1","1","0","4858968.96594, 3316968.32857","4873968.96594, 3511968.32857",229369.617787166
"732","18","18","488","1","1","0","4858968.96594, 3301968.32857","4873968.96594, 3511968.32857",249089.372608666
"733","18","19","489","0","0","0","4858968.96594, 3286968.32857","4873968.96594, 3511968.32857",265688.106730918
"734","18","20","490","1","1","0","4858968.96594, 3271968.32857","4873968.96594, 3511968.32857",285410.821513815
"735","18","21","491","1","0","0","4858968.96594, 3256968.32857","4873968.96594, 3511968.32857",304057.800421535
"736","18","22","492","0","0","0","4858968.96594, 3241968.32857","4873968.96594, 3511968.32857",326654.453525249
"737","18","23","493","1","1","0","4858968.96594, 3226968.32857","4873968.96594, 3511968.32857",360289.803758118
"738","18","24","494","1","1","0","4858968.96594, 3211968.32857","4873968.96594, 3511968.32857",368059.064616253
"739","18","25","495","1","1","0","4858968.96594, 3196968.32857","4873968.96594, 3511968.32857",366474.005220308
"740","18","26","496","1","1","0","4858968.96594, 3181968.32857","4873968.96594, 3511968.32857",385125.544730874
"741","18","27","497","1","1","0","4858968.96594, 3166968.32857","4873968.96594, 3511968.32857",401512.218966841
"742","18","28","498","0","1","0","4858968.96594, 3151968.32857","4873968.96594, 3511968.32857",414148.216215852
"743","18","29","499","1","1","0","4858968.96594, 3136968.32857","4873968.96594, 3511968.32857",439916.716607514
"744","18","30","500","1","1","0","4858968.96594, 3121968.32857","4873968.96594, 3511968.32857",451738.934960087
"745","18","31","501","1","1","0","4858968.96594, 3106968.32857","4873968.96594, 3511968.32857",480488.622847547
"746","18","32","502","1","1","0","4858968.96594, 3091968.32857","4873968.96594, 3511968.32857",498551.202628824
"747","18","33","503","1","1","0","4858968.96594, 3076968.32857","4873968.96594, 3511968.32857",509979.714547993
"748","18","34","504","1","1","0","4859222.17907, 3063484.1803","4873968.96594, 3511968.32857",520918.453232338
"758","19","2","505","0","0","0","4868461.71071, 3537485.6823","4873968.96594, 3511968.32857",35486.0041602134
"759","19","3","506","1","1","0","4872274.46138, 3525857.01091","4873968.96594, 3511968.32857",23074.4436956983
"760","19","4","507","1","1","1","4873968.96594, 3511968.32857",,
"761","19","5","508","1","1","0","4873968.96594, 3496968.32857","4873968.96594, 3511968.32857",25480.522541447
"762","19","6","509","0","0","0","4873968.96594, 3481968.32857","4873968.96594, 3511968.32857",33335.9980066279
"763","19","7","510","1","1","0","4873968.96594, 3466968.32857","4873968.96594, 3511968.32857",50853.2502224508
"764","19","8","511","1","1","0","4873968.96594, 3451968.32857","4873968.96594, 3511968.32857",80011.0334532453
"765","19","9","512","0","0","0","4873968.96594, 3436968.32857","4873968.96594, 3511968.32857",84029.2501227572
"766","19","10","513","0","1","0","4873968.96594, 3421968.32857","4873968.96594, 3511968.32857",118088.544889509
"767","19","11","514","1","1","0","4873968.96594, 3406968.32857","4873968.96594, 3511968.32857",131482.443791682
"768","19","12","515","1","1","1","4873968.96594, 3391968.32857","4873968.96594, 3511968.32857",142934.92419896
"769","19","13","516","1","1","1","4873968.96594, 3376968.32857","4873968.96594, 3511968.32857",164217.198937188
"770","19","14","517","1","1","1","4873968.96594, 3361968.32857","4873968.96594, 3511968.32857",203852.237064598
"771","19","15","518","1","1","0","4873968.96594, 3346968.32857","4873968.96594, 3511968.32857",206432.423138614
"772","19","16","519","1","1","0","4873968.96594, 3331968.32857","4873968.96594, 3511968.32857",214948.734085631
"773","19","17","520","1","1","0","4873968.96594, 3316968.32857","4873968.96594, 3511968.32857",227066.826851224
"774","19","18","521","1","0","0","4873968.96594, 3301968.32857","4873968.96594, 3511968.32857",248142.457910839
"775","19","19","522","0","0","0","4873968.96594, 3286968.32857","4873968.96594, 3511968.32857",266584.574802994
"776","19","20","523","1","1","0","4873968.96594, 3271968.32857","4873968.96594, 3511968.32857",293202.710799363
"777","19","21","524","1","0","0","4873968.96594, 3256968.32857","4873968.96594, 3511968.32857",304555.429677218
"778","19","22","525","1","0","0","4873968.96594, 3241968.32857","4873968.96594, 3511968.32857",312340.462554666
"779","19","23","526","1","0","0","4873968.96594, 3226968.32857","4873968.96594, 3511968.32857",345005.735723261
"780","19","24","527","1","1","0","4873968.96594, 3211968.32857","4873968.96594, 3511968.32857",343344.588231796
"781","19","25","528","1","0","0","4873968.96594, 3196968.32857","4873968.96594, 3511968.32857",361885.960479766
"782","19","26","529","1","1","0","4873968.96594, 3181968.32857","4873968.96594, 3511968.32857",380096.306473798
"783","19","27","530","1","1","0","4873968.96594, 3166968.32857","4873968.96594, 3511968.32857",396877.335451598
"784","19","28","531","1","1","0","4873968.96594, 3151968.32857","4873968.96594, 3511968.32857",415927.836170838
"785","19","29","532","1","1","0","4873968.96594, 3136968.32857","4873968.96594, 3511968.32857",444187.044167253
"786","19","30","533","0","0","0","4873968.96594, 3121968.32857","4873968.96594, 3511968.32857",458105.268517788
"787","19","31","534","0","1","0","4873968.96594, 3106968.32857","4873968.96594, 3511968.32857",473365.500421472
"788","19","32","535","1","1","0","4873968.96594, 3091968.32857","4873968.96594, 3511968.32857",486507.550816546
"789","19","33","536","1","1","0","4873968.96594, 3076968.32857","4873968.96594, 3511968.32857",499428.650984764
"790","19","34","537","1","1","0","4874042.0929, 3062039.68323","4873968.96594, 3511968.32857",516302.738726754
"791","19","35","538","1","1","0","4875690.15949, 3047400.61587","4873968.96594, 3511968.32857",533136.189744001
"792","19","36","539","1","1","0","4877638.77466, 3032629.1464","4873968.96594, 3511968.32857",547036.953096562
"793","19","37","540","1","1","0","4879216.76867, 3020632.48832","4873968.96594, 3511968.32857",569171.309441578
"801","20","3","541","0","0","0","4881763.85049, 3519914.83382","4873968.96594, 3511968.32857",6474.49205558217
"802","20","4","542","1","1","1","4888844.38521, 3510614.21063","4873968.96594, 3511968.32857",12938.0163213517
"803","20","5","543","1","1","1","4888968.96594, 3496968.32857","4873968.96594, 3511968.32857",29527.0146808684
"804","20","6","544","1","1","1","4888968.96594, 3481968.32857","4873968.96594, 3511968.32857",39173.5655523787
"805","20","7","545","1","1","0","4888968.96594, 3466968.32857","4873968.96594, 3511968.32857",52761.2731983073
"806","20","8","546","1","1","0","4888968.96594, 3451968.32857","4873968.96594, 3511968.32857",71313.7408378848
"807","20","9","547","1","1","0","4888968.96594, 3436968.32857","4873968.96594, 3511968.32857",83708.5137460707
"808","20","10","548","1","1","0","4888968.96594, 3421968.32857","4873968.96594, 3511968.32857",103933.646989526
"809","20","11","549","1","1","1","4888968.96594, 3406968.32857","4873968.96594, 3511968.32857",120702.450643966
"810","20","12","550","1","1","1","4888968.96594, 3391968.32857","4873968.96594, 3511968.32857",139419.403141486
"811","20","13","551","1","1","0","4888968.96594, 3376968.32857","4873968.96594, 3511968.32857",163056.085883121
"812","20","14","552","1","1","1","4888968.96594, 3361968.32857","4873968.96594, 3511968.32857",188436.896319448
"813","20","15","553","1","1","0","4888968.96594, 3346968.32857","4873968.96594, 3511968.32857",193838.349380965
"814","20","16","554","1","1","0","4888968.96594, 3331968.32857","4873968.96594, 3511968.32857",208309.765550217
"815","20","17","555","1","1","0","4888968.96594, 3316968.32857","4873968.96594, 3511968.32857",231465.725223524
"816","20","18","556","1","1","0","4888968.96594, 3301968.32857","4873968.96594, 3511968.32857",253639.696536966
"817","20","19","557","1","0","0","4888968.96594, 3286968.32857","4873968.96594, 3511968.32857",266634.54688095
"818","20","20","558","1","1","0","4888968.96594, 3271968.32857","4873968.96594, 3511968.32857",280606.391760535
"819","20","21","559","1","0","0","4888968.96594, 3256968.32857","4873968.96594, 3511968.32857",295894.880084382
"820","20","22","560","1","0","0","4888968.96594, 3241968.32857","4873968.96594, 3511968.32857",307885.055870408
"821","20","23","561","0","0","0","4888968.96594, 3226968.32857","4873968.96594, 3511968.32857",329151.531304068
"822","20","24","562","1","1","0","4888968.96594, 3211968.32857","4873968.96594, 3511968.32857",351762.025521613
"823","20","25","563","0","0","0","4888968.96594, 3196968.32857","4873968.96594, 3511968.32857",360062.813268738
"824","20","26","564","0","0","0","4888968.96594, 3181968.32857","4873968.96594, 3511968.32857",393902.510426414
"825","20","27","565","1","1","0","4888968.96594, 3166968.32857","4873968.96594, 3511968.32857",393989.793738526
"826","20","28","566","1","1","0","4888968.96594, 3151968.32857","4873968.96594, 3511968.32857",409022.292553475
"827","20","29","567","1","1","0","4888968.96594, 3136968.32857","4873968.96594, 3511968.32857",427908.972079855
"828","20","30","568","1","1","0","4888968.96594, 3121968.32857","4873968.96594, 3511968.32857",444270.074125943
"829","20","31","569","1","0","0","4888968.96594, 3106968.32857","4873968.96594, 3511968.32857",460108.190619103
"830","20","32","570","1","1","0","4888968.96594, 3091968.32857","4873968.96594, 3511968.32857",481364.673519036
"831","20","33","571","1","1","0","4888968.96594, 3076968.32857","4873968.96594, 3511968.32857",502239.840738843
"832","20","34","572","1","1","0","4888968.96594, 3061968.32857","4873968.96594, 3511968.32857",518078.715222031
"833","20","35","573","1","0","0","4888968.96594, 3046968.32857","4873968.96594, 3511968.32857",538425.90912062
"834","20","36","574","0","1","0","4888968.96594, 3031968.32857","4873968.96594, 3511968.32857",554714.464924495
"835","20","37","575","1","0","0","4888833.33414, 3020538.48683","4873968.96594, 3511968.32857",571283.416538707
"844","21","4","576","0","0","1","4904147.40177, 3511233.23098","4873968.96594, 3511968.32857",67683.1301397268
"845","21","5","577","1","0","1","4903968.96594, 3496968.32857","4873968.96594, 3511968.32857",34351.9390708509
"846","21","6","578","1","1","1","4903968.96594, 3481968.32857","4873968.96594, 3511968.32857",58458.6560731172
"847","21","7","579","1","1","1","4903968.96594, 3466968.32857","4873968.96594, 3511968.32857",67465.2654498612
"848","21","8","580","1","1","1","4903968.96594, 3451968.32857","4873968.96594, 3511968.32857",76842.8953523019
"849","21","9","581","1","1","1","4903968.96594, 3436968.32857","4873968.96594, 3511968.32857",95957.3512698839
"850","21","10","582","1","1","1","4903968.96594, 3421968.32857","4873968.96594, 3511968.32857",118502.648636252
"851","21","11","583","1","1","1","4903968.96594, 3406968.32857","4873968.96594, 3511968.32857",120808.41108998
"852","21","12","584","1","1","0","4903968.96594, 3391968.32857","4873968.96594, 3511968.32857",145467.521694076
"853","21","13","585","1","1","0","4903968.96594, 3376968.32857","4873968.96594, 3511968.32857",154167.044658837
"854","21","14","586","1","1","1","4903968.96594, 3361968.32857","4873968.96594, 3511968.32857",170550.965655915
"855","21","15","587","1","1","1","4903968.96594, 3346968.32857","4873968.96594, 3511968.32857",187144.391778458
"856","21","16","588","0","1","0","4903968.96594, 3331968.32857","4873968.96594, 3511968.32857",208111.673763138
"857","21","17","589","1","0","0","4903968.96594, 3316968.32857","4873968.96594, 3511968.32857",233584.649666347
"858","21","18","590","0","1","0","4903968.96594, 3301968.32857","4873968.96594, 3511968.32857",239281.861115019
"859","21","19","591","0","1","0","4903968.96594, 3286968.32857","4873968.96594, 3511968.32857",262701.230336354
"860","21","20","592","1","1","0","4903968.96594, 3271968.32857","4873968.96594, 3511968.32857",281267.278001501
"861","21","21","593","1","0","0","4903968.96594, 3256968.32857","4873968.96594, 3511968.32857",293743.956004419
"862","21","22","594","1","0","0","4903968.96594, 3241968.32857","4873968.96594, 3511968.32857",305967.852222144
"863","21","23","595","0","0","0","4903968.96594, 3226968.32857","4873968.96594, 3511968.32857",332193.039151553
"864","21","24","596","1","1","0","4903968.96594, 3211968.32857","4873968.96594, 3511968.32857",350886.720410773
"865","21","25","597","1","1","0","4903968.96594, 3196968.32857","4873968.96594, 3511968.32857",358260.900983048
"866","21","26","598","0","0","0","4903968.96594, 3181968.32857","4873968.96594, 3511968.32857",391722.993178809
"867","21","27","599","1","1","0","4903968.96594, 3166968.32857","4873968.96594, 3511968.32857",402755.793276975
"868","21","28","600","0","0","0","4903968.96594, 3151968.32857","4873968.96594, 3511968.32857",423772.360740859
"869","21","29","601","1","0","0","4903968.96594, 3136968.32857","4873968.96594, 3511968.32857",437964.933669477
"870","21","30","602","1","1","0","4903968.96594, 3121968.32857","4873968.96594, 3511968.32857",446199.708534546
"871","21","31","603","1","0","0","4903968.96594, 3106968.32857","4873968.96594, 3511968.32857",470817.117423806
"872","21","32","604","1","1","0","4903968.96594, 3091968.32857","4873968.96594, 3511968.32857",487010.821148881
"873","21","33","605","1","1","0","4903968.96594, 3076968.32857","4873968.96594, 3511968.32857",503090.819064198
"874","21","34","606","1","1","0","4903968.96594, 3061968.32857","4873968.96594, 3511968.32857",521575.976767591
"875","21","35","607","1","1","0","4903968.96594, 3046968.32857","4873968.96594, 3511968.32857",537279.166738868
"876","21","36","608","1","1","0","4903968.96594, 3031968.32857","4873968.96594, 3511968.32857",558084.805894325
"877","21","37","609","1","1","0","4903816.82614, 3020964.0093","4873968.96594, 3511968.32857",566692.699854593
"885","22","3","610","0","0","0","4922841.01841, 3519934.66192","4873968.96594, 3511968.32857",73853.9500116219
"886","22","4","611","0","0","0","4918998.76681, 3511932.71294","4873968.96594, 3511968.32857",67846.7247419031
"887","22","5","612","1","0","0","4918968.96594, 3496968.32857","4873968.96594, 3511968.32857",58146.0039126516
"888","22","6","613","1","1","0","4918968.96594, 3481968.32857","4873968.96594, 3511968.32857",80965.929783277
"889","22","7","614","1","1","0","4918968.96594, 3466968.32857","4873968.96594, 3511968.32857",78299.1252052326
"890","22","8","615","1","1","0","4918968.96594, 3451968.32857","4873968.96594, 3511968.32857",93590.8946893531
"891","22","9","616","1","1","0","4918968.96594, 3436968.32857","4873968.96594, 3511968.32857",99761.4021527515
"892","22","10","617","1","1","0","4918968.96594, 3421968.32857","4873968.96594, 3511968.32857",120309.398625451
"893","22","11","618","1","1","0","4918968.96594, 3406968.32857","4873968.96594, 3511968.32857",136818.658412289
"894","22","12","619","0","1","0","4918968.96594, 3391968.32857","4873968.96594, 3511968.32857",153284.035105411
"895","22","13","620","1","1","0","4918968.96594, 3376968.32857","4873968.96594, 3511968.32857",167060.086249642
"896","22","14","621","1","1","0","4918968.96594, 3361968.32857","4873968.96594, 3511968.32857",185455.652711344
"897","22","15","622","1","1","1","4918968.96594, 3346968.32857","4873968.96594, 3511968.32857",197683.261078307
"898","22","16","623","1","1","1","4918968.96594, 3331968.32857","4873968.96594, 3511968.32857",206998.685633509
"899","22","17","624","1","1","0","4918968.96594, 3316968.32857","4873968.96594, 3511968.32857",228736.395950573
"900","22","18","625","0","0","0","4918968.96594, 3301968.32857","4873968.96594, 3511968.32857",238910.606838468
"901","22","19","626","0","1","0","4918968.96594, 3286968.32857","4873968.96594, 3511968.32857",254370.407100367
"902","22","20","627","1","1","0","4918968.96594, 3271968.32857","4873968.96594, 3511968.32857",284674.579444139
"903","22","21","628","1","1","0","4918968.96594, 3256968.32857","4873968.96594, 3511968.32857",287943.368508157
"904","22","22","629","1","0","0","4918968.96594, 3241968.32857","4873968.96594, 3511968.32857",311042.624540514
"905","22","23","630","1","0","0","4918968.96594, 3226968.32857","4873968.96594, 3511968.32857",324777.159381561
"906","22","24","631","1","0","0","4918968.96594, 3211968.32857","4873968.96594, 3511968.32857",344165.574440033
"907","22","25","632","1","1","0","4918968.96594, 3196968.32857","4873968.96594, 3511968.32857",367560.39919073
"908","22","26","633","1","0","0","4918968.96594, 3181968.32857","4873968.96594, 3511968.32857",379058.458892445
"909","22","27","634","1","1","0","4918968.96594, 3166968.32857","4873968.96594, 3511968.32857",394951.165757191
"910","22","28","635","1","1","0","4918968.96594, 3151968.32857","4873968.96594, 3511968.32857",411279.141778872
"911","22","29","636","1","1","0","4918968.96594, 3136968.32857","4873968.96594, 3511968.32857",428602.401054645
"912","22","30","637","1","1","0","4918968.96594, 3121968.32857","4873968.96594, 3511968.32857",455111.893099912
"913","22","31","638","1","1","0","4918968.96594, 3106968.32857","4873968.96594, 3511968.32857",469771.121121819
"914","22","32","639","0","1","0","4918968.96594, 3091968.32857","4873968.96594, 3511968.32857",481948.966181523
"915","22","33","640","1","1","0","4918968.96594, 3076968.32857","4873968.96594, 3511968.32857",507556.500414797
"916","22","34","641","1","1","0","4918968.96594, 3061968.32857","4873968.96594, 3511968.32857",519402.378933674
"917","22","35","642","0","1","0","4918968.96594, 3046968.32857","4873968.96594, 3511968.32857",552218.333819285
"918","22","36","643","0","1","0","4918968.96594, 3031968.32857","4873968.96594, 3511968.32857",560584.574016818
"919","22","37","644","1","1","0","4918795.74283, 3021389.40183","4873968.96594, 3511968.32857",573798.757572386
"927","23","3","645","0","0","0","4934988.88329, 3520715.40012","4873968.96594, 3511968.32857",87350.7627723023
"928","23","4","646","0","0","0","4933968.96594, 3511968.32857","4873968.96594, 3511968.32857",79964.8217927248
"929","23","5","647","1","0","0","4933968.96594, 3496968.32857","4873968.96594, 3511968.32857",70590.9925272528
"930","23","6","648","1","1","0","4933968.96594, 3481968.32857","4873968.96594, 3511968.32857",70138.7988963928
"931","23","7","649","0","0","0","4933968.96594, 3466968.32857","4873968.96594, 3511968.32857",97183.9182239075
"932","23","8","650","0","0","0","4933968.96594, 3451968.32857","4873968.96594, 3511968.32857",113079.574652412
"933","23","9","651","0","1","0","4933968.96594, 3436968.32857","4873968.96594, 3511968.32857",120608.854314693
"934","23","10","652","1","1","0","4933968.96594, 3421968.32857","4873968.96594, 3511968.32857",148710.677033338
"935","23","11","653","0","1","0","4933968.96594, 3406968.32857","4873968.96594, 3511968.32857",157874.080539201
"936","23","12","654","1","1","0","4933968.96594, 3391968.32857","4873968.96594, 3511968.32857",163461.327723963
"937","23","13","655","1","0","0","4933968.96594, 3376968.32857","4873968.96594, 3511968.32857",168239.119422053
"938","23","14","656","0","0","0","4933968.96594, 3361968.32857","4873968.96594, 3511968.32857",190064.245859474
"939","23","15","657","1","1","0","4933968.96594, 3346968.32857","4873968.96594, 3511968.32857",200423.112595811
"940","23","16","658","1","0","1","4933968.96594, 3331968.32857","4873968.96594, 3511968.32857",219200.852032929
"941","23","17","659","1","1","1","4933968.96594, 3316968.32857","4873968.96594, 3511968.32857",231752.096967088
"942","23","18","660","1","1","0","4933968.96594, 3301968.32857","4873968.96594, 3511968.32857",250831.311318651
"943","23","19","661","0","1","0","4933968.96594, 3286968.32857","4873968.96594, 3511968.32857",262084.533955424
"944","23","20","662","1","1","0","4933968.96594, 3271968.32857","4873968.96594, 3511968.32857",282005.410426749
"945","23","21","663","1","1","0","4933968.96594, 3256968.32857","4873968.96594, 3511968.32857",294321.867120811
"946","23","22","664","1","1","0","4933968.96594, 3241968.32857","4873968.96594, 3511968.32857",316090.926950685
"947","23","23","665","0","1","0","4933968.96594, 3226968.32857","4873968.96594, 3511968.32857",325896.322074125
"948","23","24","666","0","1","0","4933968.96594, 3211968.32857","4873968.96594, 3511968.32857",346020.728406054
"949","23","25","667","1","1","0","4933968.96594, 3196968.32857","4873968.96594, 3511968.32857",359802.168809354
"950","23","26","668","0","0","0","4933968.96594, 3181968.32857","4873968.96594, 3511968.32857",384547.192005749
"951","23","27","669","1","0","0","4933968.96594, 3166968.32857","4873968.96594, 3511968.32857",406494.575685616
"952","23","28","670","1","0","0","4933968.96594, 3151968.32857","4873968.96594, 3511968.32857",421535.546069467
"953","23","29","671","1","1","0","4933968.96594, 3136968.32857","4873968.96594, 3511968.32857",434871.158679935
"954","23","30","672","1","1","0","4933968.96594, 3121968.32857","4873968.96594, 3511968.32857",454992.968761594
"955","23","31","673","1","1","0","4933968.96594, 3106968.32857","4873968.96594, 3511968.32857",476374.722150794
"956","23","32","674","1","1","0","4933968.96594, 3091968.32857","4873968.96594, 3511968.32857",489285.765041524
"957","23","33","675","1","1","0","4933968.96594, 3076968.32857","4873968.96594, 3511968.32857",503807.216260367
"958","23","34","676","1","1","0","4933968.96594, 3061968.32857","4873968.96594, 3511968.32857",518392.561617188
"959","23","35","677","1","1","0","4933968.96594, 3046968.32857","4873968.96594, 3511968.32857",535999.546548977
"960","23","36","678","1","1","0","4933968.96594, 3031968.32857","4873968.96594, 3511968.32857",552092.137489126
"961","23","37","679","1","1","0","4935501.33513, 3018376.09656","4873968.96594, 3511968.32857",570188.513160875
"962","23","38","680","0","1","0","4939793.8143, 3006955.95351","4873968.96594, 3511968.32857",581727.159015793
"969","24","3","681","0","0","0","4949344.812, 3521552.99242","4873968.96594, 3511968.32857",101773.519772177
"970","24","4","682","1","0","0","4948968.96594, 3511968.32857","4873968.96594, 3511968.32857",102158.288111002
"971","24","5","683","1","1","0","4948968.96594, 3496968.32857","4873968.96594, 3511968.32857",87386.0465999398
"972","24","6","684","1","1","0","4948968.96594, 3481968.32857","4873968.96594, 3511968.32857",86903.2677733939
"973","24","7","685","1","1","0","4948968.96594, 3466968.32857","4873968.96594, 3511968.32857",103073.712269985
"974","24","8","686","0","0","0","4948968.96594, 3451968.32857","4873968.96594, 3511968.32857",115905.781585319
"975","24","9","687","1","1","0","4948968.96594, 3436968.32857","4873968.96594, 3511968.32857",127973.501561087
"976","24","10","688","1","1","0","4948968.96594, 3421968.32857","4873968.96594, 3511968.32857",150588.030078404
"977","24","11","689","1","0","0","4948968.96594, 3406968.32857","4873968.96594, 3511968.32857",167146.614970427
"978","24","12","690","1","1","0","4948968.96594, 3391968.32857","4873968.96594, 3511968.32857",175318.436888112
"979","24","13","691","0","1","0","4948968.96594, 3376968.32857","4873968.96594, 3511968.32857",188586.642257356
"980","24","14","692","0","1","0","4948968.96594, 3361968.32857","4873968.96594, 3511968.32857",204992.195957401
"981","24","15","693","1","1","0","4948968.96594, 3346968.32857","4873968.96594, 3511968.32857",219523.88088019
"982","24","16","694","0","0","0","4948968.96594, 3331968.32857","4873968.96594, 3511968.32857",223384.520235988
"983","24","17","695","1","0","1","4948968.96594, 3316968.32857","4873968.96594, 3511968.32857",243559.939494376
"984","24","18","696","1","0","0","4948968.96594, 3301968.32857","4873968.96594, 3511968.32857",253914.338912412
"985","24","19","697","1","1","0","4948968.96594, 3286968.32857","4873968.96594, 3511968.32857",273014.056572213
"986","24","20","698","1","1","0","4948968.96594, 3271968.32857","4873968.96594, 3511968.32857",280325.970475915
"987","24","21","699","1","1","0","4948968.96594, 3256968.32857","4873968.96594, 3511968.32857",297019.952239947
"988","24","22","700","1","1","0","4948968.96594, 3241968.32857","4873968.96594, 3511968.32857",319608.59378245
"989","24","23","701","1","0","0","4948968.96594, 3226968.32857","4873968.96594, 3511968.32857",353629.296044919
"990","24","24","702","0","1","0","4948968.96594, 3211968.32857","4873968.96594, 3511968.32857",348433.529037267
"991","24","25","703","1","1","0","4948968.96594, 3196968.32857","4873968.96594, 3511968.32857",360028.853649309
"992","24","26","704","1","1","0","4948968.96594, 3181968.32857","4873968.96594, 3511968.32857",387714.61772703
"993","24","27","705","1","1","0","4948968.96594, 3166968.32857","4873968.96594, 3511968.32857",398348.252059563
"994","24","28","706","1","1","0","4948968.96594, 3151968.32857","4873968.96594, 3511968.32857",411921.73679232
"995","24","29","707","0","1","0","4948968.96594, 3136968.32857","4873968.96594, 3511968.32857",438015.212020618
"996","24","30","708","1","1","0","4948968.96594, 3121968.32857","4873968.96594, 3511968.32857",455591.319458152
"997","24","31","709","1","1","0","4948968.96594, 3106968.32857","4873968.96594, 3511968.32857",471545.803880387
"998","24","32","710","0","1","0","4948968.96594, 3091968.32857","4873968.96594, 3511968.32857",485925.106859853
"999","24","33","711","1","1","0","4948968.96594, 3076968.32857","4873968.96594, 3511968.32857",498161.034416479
"1000","24","34","712","1","1","0","4948968.96594, 3061968.32857","4873968.96594, 3511968.32857",519298.454666704
"1001","24","35","713","1","1","0","4948968.96594, 3046968.32857","4873968.96594, 3511968.32857",538728.036764664
"1002","24","36","714","1","1","0","4948968.96594, 3031968.32857","4873968.96594, 3511968.32857",561626.379067072
"1003","24","37","715","1","1","1","4948968.96594, 3016968.32857","4873968.96594, 3511968.32857",570991.18975974
"1004","24","38","716","1","1","1","4949494.3623, 3002419.16326","4873968.96594, 3511968.32857",587502.057123474
"1005","24","39","717","0","1","1","4953127.59818, 2989457.05643","4873968.96594, 3511968.32857",600150.31775775
"1006","24","40","718","0","0","0","4956461.41609, 2979457.00537","4873968.96594, 3511968.32857",621003.677659587
"1011","25","3","719","1","1","0","4963983.0022, 3521724.75683","4873968.96594, 3511968.32857",115323.247493811
"1012","25","4","720","1","1","0","4963968.96594, 3511968.32857","4873968.96594, 3511968.32857",109874.493297606
"1013","25","5","721","0","1","0","4963968.96594, 3496968.32857","4873968.96594, 3511968.32857",103511.162313297
"1014","25","6","722","0","0","0","4963968.96594, 3481968.32857","4873968.96594, 3511968.32857",104192.514391242
"1015","25","7","723","1","1","0","4963968.96594, 3466968.32857","4873968.96594, 3511968.32857",113404.258001732
"1016","25","8","724","1","0","0","4963968.96594, 3451968.32857","4873968.96594, 3511968.32857",119355.304936232
"1017","25","9","725","1","1","0","4963968.96594, 3436968.32857","4873968.96594, 3511968.32857",152712.404545564
"1018","25","10","726","1","1","0","4963968.96594, 3421968.32857","4873968.96594, 3511968.32857",153868.883322285
"1019","25","11","727","1","1","0","4963968.96594, 3406968.32857","4873968.96594, 3511968.32857",177560.931307803
"1020","25","12","728","0","0","0","4963968.96594, 3391968.32857","4873968.96594, 3511968.32857",191548.212151115
"1021","25","13","729","0","0","0","4963968.96594, 3376968.32857","4873968.96594, 3511968.32857",205918.823041405
"1022","25","14","730","0","1","0","4963968.96594, 3361968.32857","4873968.96594, 3511968.32857",211830.197015251
"1023","25","15","731","1","1","0","4963968.96594, 3346968.32857","4873968.96594, 3511968.32857",231536.424701542
"1024","25","16","732","0","0","0","4963968.96594, 3331968.32857","4873968.96594, 3511968.32857",234101.139635511
"1025","25","17","733","1","0","1","4963968.96594, 3316968.32857","4873968.96594, 3511968.32857",250175.545200074
"1026","25","18","734","1","1","0","4963968.96594, 3301968.32857","4873968.96594, 3511968.32857",267384.727030653
"1027","25","19","735","1","1","0","4963968.96594, 3286968.32857","4873968.96594, 3511968.32857",280605.825820116
"1028","25","20","736","1","1","0","4963968.96594, 3271968.32857","4873968.96594, 3511968.32857",289923.615026663
"1029","25","21","737","1","0","0","4963968.96594, 3256968.32857","4873968.96594, 3511968.32857",309060.833178525
"1030","25","22","738","1","1","0","4963968.96594, 3241968.32857","4873968.96594, 3511968.32857",316198.372698901
"1031","25","23","739","1","1","0","4963968.96594, 3226968.32857","4873968.96594, 3511968.32857",338280.67044761
"1032","25","24","740","1","1","0","4963968.96594, 3211968.32857","4873968.96594, 3511968.32857",360466.017439685
"1033","25","25","741","1","0","0","4963968.96594, 3196968.32857","4873968.96594, 3511968.32857",371487.740168499
"1034","25","26","742","1","1","0","4963968.96594, 3181968.32857","4873968.96594, 3511968.32857",390689.991799706
"1035","25","27","743","0","1","0","4963968.96594, 3166968.32857","4873968.96594, 3511968.32857",412574.586733594
"1036","25","28","744","1","1","0","4963968.96594, 3151968.32857","4873968.96594, 3511968.32857",420645.183563254
"1037","25","29","745","1","1","0","4963968.96594, 3136968.32857","4873968.96594, 3511968.32857",431154.169263053
"1038","25","30","746","1","1","0","4963968.96594, 3121968.32857","4873968.96594, 3511968.32857",450224.068102544
"1039","25","31","747","1","1","0","4963968.96594, 3106968.32857","4873968.96594, 3511968.32857",466206.479404664
"1040","25","32","748","1","0","0","4963968.96594, 3091968.32857","4873968.96594, 3511968.32857",480700.887321569
"1041","25","33","749","1","1","0","4963968.96594, 3076968.32857","4873968.96594, 3511968.32857",498033.733944563
"1042","25","34","750","1","1","0","4963968.96594, 3061968.32857","4873968.96594, 3511968.32857",516653.422623295
"1043","25","35","751","1","1","0","4963968.96594, 3046968.32857","4873968.96594, 3511968.32857",532204.943432241
"1044","25","36","752","1","1","0","4963968.96594, 3031968.32857","4873968.96594, 3511968.32857",545583.150614089
"1045","25","37","753","1","1","1","4963968.96594, 3016968.32857","4873968.96594, 3511968.32857",564185.166915464
"1046","25","38","754","1","1","0","4963968.96594, 3001968.32857","4873968.96594, 3511968.32857",579611.433246665
"1047","25","39","755","0","1","1","4963968.96594, 2986968.32857","4873968.96594, 3511968.32857",604843.849913878
"1048","25","40","756","1","1","0","4965358.80165, 2976619.91917","4873968.96594, 3511968.32857",620185.970713215
"1053","26","3","757","0","0","0","4978982.84634, 3521750.09374","4873968.96594, 3511968.32857",153928.51885684
"1054","26","4","758","0","1","0","4978968.96594, 3511968.32857","4873968.96594, 3511968.32857",127603.076629004
"1055","26","5","759","0","1","0","4978968.96594, 3496968.32857","4873968.96594, 3511968.32857",124558.618637672
"1056","26","6","760","0","1","0","4978968.96594, 3481968.32857","4873968.96594, 3511968.32857",129953.332358909
"1057","26","7","761","0","1","0","4978968.96594, 3466968.32857","4873968.96594, 3511968.32857",124810.128742622
"1058","26","8","762","1","1","0","4978968.96594, 3451968.32857","4873968.96594, 3511968.32857",139454.968657209
"1059","26","9","763","1","1","0","4978968.96594, 3436968.32857","4873968.96594, 3511968.32857",145193.32762984
"1060","26","10","764","0","0","0","4978968.96594, 3421968.32857","4873968.96594, 3511968.32857",168386.173972282
"1061","26","11","765","0","1","0","4978968.96594, 3406968.32857","4873968.96594, 3511968.32857",176874.34304505
"1062","26","12","766","0","1","0","4978968.96594, 3391968.32857","4873968.96594, 3511968.32857",186720.099328788
"1063","26","13","767","0","0","0","4978968.96594, 3376968.32857","4873968.96594, 3511968.32857",201583.578447302
"1064","26","14","768","0","0","0","4978968.96594, 3361968.32857","4873968.96594, 3511968.32857",223841.06211591
"1065","26","15","769","1","1","0","4978968.96594, 3346968.32857","4873968.96594, 3511968.32857",236549.453621669
"1066","26","16","770","1","1","0","4978968.96594, 3331968.32857","4873968.96594, 3511968.32857",247461.432731375
"1067","26","17","771","1","1","1","4978968.96594, 3316968.32857","4873968.96594, 3511968.32857",265895.037883506
"1068","26","18","772","1","1","1","4978968.96594, 3301968.32857","4873968.96594, 3511968.32857",279089.717500652
"1069","26","19","773","0","0","0","4978968.96594, 3286968.32857","4873968.96594, 3511968.32857",304777.491334953
"1070","26","20","774","1","1","0","4978968.96594, 3271968.32857","4873968.96594, 3511968.32857",298146.403511254
"1071","26","21","775","1","1","0","4978968.96594, 3256968.32857","4873968.96594, 3511968.32857",307443.128693871
"1072","26","22","776","1","1","0","4978968.96594, 3241968.32857","4873968.96594, 3511968.32857",326195.760521992
"1073","26","23","777","1","1","0","4978968.96594, 3226968.32857","4873968.96594, 3511968.32857",343846.850234505
"1074","26","24","778","1","0","0","4978968.96594, 3211968.32857","4873968.96594, 3511968.32857",354969.231020956
"1075","26","25","779","1","0","0","4978968.96594, 3196968.32857","4873968.96594, 3511968.32857",369340.11660398
"1076","26","26","780","1","1","0","4978968.96594, 3181968.32857","4873968.96594, 3511968.32857",392498.619138404
"1077","26","27","781","1","1","0","4978968.96594, 3166968.32857","4873968.96594, 3511968.32857",403255.784453647
"1078","26","28","782","1","1","0","4978968.96594, 3151968.32857","4873968.96594, 3511968.32857",421470.931003559
"1079","26","29","783","1","1","0","4978968.96594, 3136968.32857","4873968.96594, 3511968.32857",436732.530857325
"1080","26","30","784","1","1","0","4978968.96594, 3121968.32857","4873968.96594, 3511968.32857",459416.912601385
"1081","26","31","785","1","1","0","4978968.96594, 3106968.32857","4873968.96594, 3511968.32857",476563.102178013
"1082","26","32","786","1","1","0","4978968.96594, 3091968.32857","4873968.96594, 3511968.32857",484864.160464687
"1083","26","33","787","1","1","0","4978968.96594, 3076968.32857","4873968.96594, 3511968.32857",506581.385973613
"1084","26","34","788","1","1","0","4978968.96594, 3061968.32857","4873968.96594, 3511968.32857",512852.231714118
"1085","26","35","789","1","1","0","4978968.96594, 3046968.32857","4873968.96594, 3511968.32857",534483.259970869
"1086","26","36","790","1","1","1","4978968.96594, 3031968.32857","4873968.96594, 3511968.32857",548728.860606321
"1087","26","37","791","1","1","1","4978968.96594, 3016968.32857","4873968.96594, 3511968.32857",566972.525251963
"1088","26","38","792","1","1","0","4978968.96594, 3001968.32857","4873968.96594, 3511968.32857",586181.966493127
"1089","26","39","793","1","1","0","4978968.96594, 2986968.32857","4873968.96594, 3511968.32857",601248.273447726
"1090","26","40","794","1","1","0","4979507.67204, 2974650.57128","4873968.96594, 3511968.32857",613904.002119786
"1095","27","3","795","0","0","0","4993982.6939, 3521775.43066","4873968.96594, 3511968.32857",152304.130061283
"1096","27","4","796","0","0","0","4993968.96594, 3511968.32857","4873968.96594, 3511968.32857",147948.54314824
"1097","27","5","797","0","0","0","4993968.96594, 3496968.32857","4873968.96594, 3511968.32857",139674.375680733
"1098","27","6","798","1","1","0","4993968.96594, 3481968.32857","4873968.96594, 3511968.32857",144200.921737072
"1099","27","7","799","0","1","0","4993968.96594, 3466968.32857","4873968.96594, 3511968.32857",155317.173999224
"1100","27","8","800","1","1","0","4993968.96594, 3451968.32857","4873968.96594, 3511968.32857",146580.303604799
"1101","27","9","801","1","1","0","4993968.96594, 3436968.32857","4873968.96594, 3511968.32857",162861.768670237
"1102","27","10","802","1","0","0","4993968.96594, 3421968.32857","4873968.96594, 3511968.32857",168749.664116038
"1103","27","11","803","0","1","0","4993968.96594, 3406968.32857","4873968.96594, 3511968.32857",185241.446062681
"1104","27","12","804","0","1","0","4993968.96594, 3391968.32857","4873968.96594, 3511968.32857",199004.868770073
"1105","27","13","805","0","0","0","4993968.96594, 3376968.32857","4873968.96594, 3511968.32857",220695.598144548
"1106","27","14","806","0","0","0","4993968.96594, 3361968.32857","4873968.96594, 3511968.32857",226022.707844633
"1107","27","15","807","1","1","0","4993968.96594, 3346968.32857","4873968.96594, 3511968.32857",256958.283064254
"1108","27","16","808","1","0","0","4993968.96594, 3331968.32857","4873968.96594, 3511968.32857",255029.16297884
"1109","27","17","809","1","0","0","4993968.96594, 3316968.32857","4873968.96594, 3511968.32857",285399.780481241
"1110","27","18","810","1","0","1","4993968.96594, 3301968.32857","4873968.96594, 3511968.32857",286735.978143226
"1111","27","19","811","0","0","0","4993968.96594, 3286968.32857","4873968.96594, 3511968.32857",301707.963898132
"1112","27","20","812","1","1","0","4993968.96594, 3271968.32857","4873968.96594, 3511968.32857",313927.313923423
"1113","27","21","813","1","1","0","4993968.96594, 3256968.32857","4873968.96594, 3511968.32857",332000.524410846
"1114","27","22","814","1","1","0","4993968.96594, 3241968.32857","4873968.96594, 3511968.32857",348695.036089299
"1115","27","23","815","1","1","0","4993968.96594, 3226968.32857","4873968.96594, 3511968.32857",347820.955708704
"1116","27","24","816","0","1","0","4993968.96594, 3211968.32857","4873968.96594, 3511968.32857",365333.286841499
"1117","27","25","817","1","1","0","4993968.96594, 3196968.32857","4873968.96594, 3511968.32857",377551.543495211
"1118","27","26","818","1","1","0","4993968.96594, 3181968.32857","4873968.96594, 3511968.32857",391942.628168931
"1119","27","27","819","1","1","0","4993968.96594, 3166968.32857","4873968.96594, 3511968.32857",405101.877039799
"1120","27","28","820","1","0","0","4993968.96594, 3151968.32857","4873968.96594, 3511968.32857",437619.720925115
"1121","27","29","821","0","0","0","4993968.96594, 3136968.32857","4873968.96594, 3511968.32857",447806.234869599
"1122","27","30","822","0","1","0","4993968.96594, 3121968.32857","4873968.96594, 3511968.32857",458766.290105895
"1123","27","31","823","1","0","0","4993968.96594, 3106968.32857","4873968.96594, 3511968.32857",480566.671316087
"1124","27","32","824","1","1","0","4993968.96594, 3091968.32857","4873968.96594, 3511968.32857",496657.841006381
"1125","27","33","825","1","1","0","4993968.96594, 3076968.32857","4873968.96594, 3511968.32857",509949.339515177
"1126","27","34","826","1","1","0","4993968.96594, 3061968.32857","4873968.96594, 3511968.32857",526763.373632241
"1127","27","35","827","1","1","0","4993968.96594, 3046968.32857","4873968.96594, 3511968.32857",540228.89833163
"1128","27","36","828","1","1","1","4993968.96594, 3031968.32857","4873968.96594, 3511968.32857",556817.893480027
"1129","27","37","829","1","1","0","4993968.96594, 3016968.32857","4873968.96594, 3511968.32857",577276.645056778
"1130","27","38","830","0","1","0","4993968.96594, 3001968.32857","4873968.96594, 3511968.32857",592907.111096705
"1131","27","39","831","1","1","0","4993968.96594, 2986968.32857","4873968.96594, 3511968.32857",606299.713387734
"1132","27","40","832","0","0","0","4994323.14528, 2972657.3548","4873968.96594, 3511968.32857",635741.900308269
"1133","27","41","833","0","0","0","5000707.74591, 2964260.80597","4873968.96594, 3511968.32857",642240.437986142
"1137","28","3","834","1","0","0","5008982.54477, 3521800.76758","4873968.96594, 3511968.32857",168308.734056386
"1138","28","4","835","0","0","0","5008968.96594, 3511968.32857","4873968.96594, 3511968.32857",165039.210586779
"1139","28","5","836","1","0","0","5008968.96594, 3496968.32857","4873968.96594, 3511968.32857",153813.135821313
"1140","28","6","837","1","0","0","5008968.96594, 3481968.32857","4873968.96594, 3511968.32857",152828.497493207
"1141","28","7","838","1","1","0","5008968.96594, 3466968.32857","4873968.96594, 3511968.32857",161319.2869813
"1142","28","8","839","1","1","0","5008968.96594, 3451968.32857","4873968.96594, 3511968.32857",164555.921611197
"1143","28","9","840","1","1","0","5008968.96594, 3436968.32857","4873968.96594, 3511968.32857",177686.360298344
"1144","28","10","841","1","1","0","5008968.96594, 3421968.32857","4873968.96594, 3511968.32857",181263.945656901
"1145","28","11","842","1","1","0","5008968.96594, 3406968.32857","4873968.96594, 3511968.32857",194897.475141832
"1146","28","12","843","1","1","0","5008968.96594, 3391968.32857","4873968.96594, 3511968.32857",207669.31336913
"1147","28","13","844","1","1","0","5008968.96594, 3376968.32857","4873968.96594, 3511968.32857",222533.178071258
"1148","28","14","845","1","0","0","5008968.96594, 3361968.32857","4873968.96594, 3511968.32857",238069.870480406
"1149","28","15","846","1","1","0","5008968.96594, 3346968.32857","4873968.96594, 3511968.32857",252896.780997532
"1150","28","16","847","1","1","0","5008968.96594, 3331968.32857","4873968.96594, 3511968.32857",273802.102835585
"1151","28","17","848","1","0","0","5008968.96594, 3316968.32857","4873968.96594, 3511968.32857",291633.359815344
"1152","28","18","849","1","0","1","5008968.96594, 3301968.32857","4873968.96594, 3511968.32857",297686.065608174
"1153","28","19","850","1","0","0","5008968.96594, 3286968.32857","4873968.96594, 3511968.32857",313343.500533446
"1154","28","20","851","1","1","0","5008968.96594, 3271968.32857","4873968.96594, 3511968.32857",328375.305548463
"1155","28","21","852","1","1","0","5008968.96594, 3256968.32857","4873968.96594, 3511968.32857",342222.839621062
"1156","28","22","853","1","1","0","5008968.96594, 3241968.32857","4873968.96594, 3511968.32857",357128.607599778
"1157","28","23","854","1","1","0","5008968.96594, 3226968.32857","4873968.96594, 3511968.32857",356401.309932389
"1158","28","24","855","1","1","0","5008968.96594, 3211968.32857","4873968.96594, 3511968.32857",369977.743467754
"1159","28","25","856","1","0","0","5008968.96594, 3196968.32857","4873968.96594, 3511968.32857",391318.706895789
"1160","28","26","857","1","0","0","5008968.96594, 3181968.32857","4873968.96594, 3511968.32857",402287.376959856
"1161","28","27","858","0","0","0","5008968.96594, 3166968.32857","4873968.96594, 3511968.32857",416104.194291854
"1162","28","28","859","1","0","0","5008968.96594, 3151968.32857","4873968.96594, 3511968.32857",431462.473013199
"1163","28","29","860","0","0","0","5008968.96594, 3136968.32857","4873968.96594, 3511968.32857",462114.120150974
"1164","28","30","861","0","1","0","5008968.96594, 3121968.32857","4873968.96594, 3511968.32857",477144.541437123
"1165","28","31","862","1","1","0","5008968.96594, 3106968.32857","4873968.96594, 3511968.32857",490738.141325712
"1166","28","32","863","1","1","0","5008968.96594, 3091968.32857","4873968.96594, 3511968.32857",510353.350083499
"1167","28","33","864","0","1","0","5008968.96594, 3076968.32857","4873968.96594, 3511968.32857",512597.371270762
"1168","28","34","865","1","1","0","5008968.96594, 3061968.32857","4873968.96594, 3511968.32857",533488.868600995
"1169","28","35","866","1","1","0","5008968.96594, 3046968.32857","4873968.96594, 3511968.32857",548963.924272042
"1170","28","36","867","1","1","1","5008968.96594, 3031968.32857","4873968.96594, 3511968.32857",575044.198558123
"1171","28","37","868","1","1","0","5008968.96594, 3016968.32857","4873968.96594, 3511968.32857",583355.727549889
"1172","28","38","869","1","1","0","5008968.96594, 3001968.32857","4873968.96594, 3511968.32857",597919.512485907
"1173","28","39","870","1","0","0","5008968.96594, 2986968.32857","4873968.96594, 3511968.32857",620339.828197194
"1174","28","40","871","1","0","0","5008968.96594, 2971968.32857","4873968.96594, 3511968.32857",627175.971238588
"1175","28","41","872","1","1","0","5010885.42664, 2962873.49435","4873968.96594, 3511968.32857",640190.892273099
"1179","29","3","873","1","0","0","5023982.39885, 3521826.10451","4873968.96594, 3511968.32857",188171.070189555
"1180","29","4","874","1","0","0","5023968.96594, 3511968.32857","4873968.96594, 3511968.32857",177943.156044421
"1181","29","5","875","1","0","0","5023968.96594, 3496968.32857","4873968.96594, 3511968.32857",169453.430659034
"1182","29","6","876","0","1","0","5023968.96594, 3481968.32857","4873968.96594, 3511968.32857",168707.431074109
"1183","29","7","877","1","1","0","5023968.96594, 3466968.32857","4873968.96594, 3511968.32857",180809.400091419
"1184","29","8","878","1","1","0","5023968.96594, 3451968.32857","4873968.96594, 3511968.32857",175301.756331154
"1185","29","9","879","1","1","0","5023968.96594, 3436968.32857","4873968.96594, 3511968.32857",191985.738923766
"1186","29","10","880","0","0","0","5023968.96594, 3421968.32857","4873968.96594, 3511968.32857",208096.460642065
"1187","29","11","881","0","0","0","5023968.96594, 3406968.32857","4873968.96594, 3511968.32857",211959.298684104
"1188","29","12","882","0","0","0","5023968.96594, 3391968.32857","4873968.96594, 3511968.32857",213179.257426364
"1189","29","13","883","0","1","0","5023968.96594, 3376968.32857","4873968.96594, 3511968.32857",227955.27834276
"1190","29","14","884","1","1","0","5023968.96594, 3361968.32857","4873968.96594, 3511968.32857",242060.671157836
"1191","29","15","885","1","0","0","5023968.96594, 3346968.32857","4873968.96594, 3511968.32857",265879.225479746
"1192","29","16","886","1","1","0","5023968.96594, 3331968.32857","4873968.96594, 3511968.32857",278021.923236206
"1193","29","17","887","1","0","0","5023968.96594, 3316968.32857","4873968.96594, 3511968.32857",288473.657620197
"1194","29","18","888","1","0","1","5023968.96594, 3301968.32857","4873968.96594, 3511968.32857",315415.073864489
"1195","29","19","889","1","1","0","5023968.96594, 3286968.32857","4873968.96594, 3511968.32857",327510.762038587
"1196","29","20","890","1","1","0","5023968.96594, 3271968.32857","4873968.96594, 3511968.32857",338261.403435359
"1197","29","21","891","1","1","0","5023968.96594, 3256968.32857","4873968.96594, 3511968.32857",351089.367480885
"1198","29","22","892","1","1","0","5023968.96594, 3241968.32857","4873968.96594, 3511968.32857",360170.167309884
"1199","29","23","893","1","1","0","5023968.96594, 3226968.32857","4873968.96594, 3511968.32857",378699.328368087
"1200","29","24","894","1","1","0","5023968.96594, 3211968.32857","4873968.96594, 3511968.32857",387932.124367315
"1201","29","25","895","1","1","0","5023968.96594, 3196968.32857","4873968.96594, 3511968.32857",393523.380685437
"1202","29","26","896","1","1","0","5023968.96594, 3181968.32857","4873968.96594, 3511968.32857",416521.467668747
"1203","29","27","897","1","1","0","5023968.96594, 3166968.32857","4873968.96594, 3511968.32857",445207.0617031
"1204","29","28","898","1","1","0","5023968.96594, 3151968.32857","4873968.96594, 3511968.32857",439076.840589208
"1205","29","29","899","0","1","0","5023968.96594, 3136968.32857","4873968.96594, 3511968.32857",456633.789472289
"1206","29","30","900","0","1","0","5023968.96594, 3121968.32857","4873968.96594, 3511968.32857",465564.634151151
"1207","29","31","901","1","1","0","5023968.96594, 3106968.32857","4873968.96594, 3511968.32857",494006.026479388
"1208","29","32","902","0","1","0","5023968.96594, 3091968.32857","4873968.96594, 3511968.32857",509794.314812891
"1209","29","33","903","0","1","0","5023968.96594, 3076968.32857","4873968.96594, 3511968.32857",530336.45908165
"1210","29","34","904","1","0","0","5023968.96594, 3061968.32857","4873968.96594, 3511968.32857",537861.818785744
"1211","29","35","905","1","1","1","5023968.96594, 3046968.32857","4873968.96594, 3511968.32857",559888.654795947
"1212","29","36","906","1","1","1","5023968.96594, 3031968.32857","4873968.96594, 3511968.32857",578140.746500426
"1213","29","37","907","1","1","0","5023968.96594, 3016968.32857","4873968.96594, 3511968.32857",596240.698497629
"1214","29","38","908","1","1","0","5023968.96594, 3001968.32857","4873968.96594, 3511968.32857",611455.710298519
"1215","29","39","909","1","1","0","5023968.96594, 2986968.32857","4873968.96594, 3511968.32857",638356.022509175
"1216","29","40","910","1","0","0","5023968.96594, 2971968.32857","4873968.96594, 3511968.32857",643642.910829159
"1217","29","41","911","1","1","0","5024725.5128, 2960986.96314","4873968.96594, 3511968.32857",655072.735245733
"1221","30","3","912","0","0","0","5038982.25603, 3521851.44144","4873968.96594, 3511968.32857",203465.090829961
"1222","30","4","913","0","1","0","5038968.96594, 3511968.32857","4873968.96594, 3511968.32857",200952.143902715
"1223","30","5","914","1","1","0","5038968.96594, 3496968.32857","4873968.96594, 3511968.32857",188424.668026141
"1224","30","6","915","1","1","0","5038968.96594, 3481968.32857","4873968.96594, 3511968.32857",203562.060486049
"1225","30","7","916","1","1","0","5038968.96594, 3466968.32857","4873968.96594, 3511968.32857",202331.892821264
"1226","30","8","917","1","0","0","5038968.96594, 3451968.32857","4873968.96594, 3511968.32857",217949.025770212
"1227","30","9","918","1","1","0","5038968.96594, 3436968.32857","4873968.96594, 3511968.32857",206668.478700238
"1228","30","10","919","1","1","0","5038968.96594, 3421968.32857","4873968.96594, 3511968.32857",216445.706758506
"1229","30","11","920","1","0","0","5038968.96594, 3406968.32857","4873968.96594, 3511968.32857",236173.020536469
"1230","30","12","921","1","0","0","5038968.96594, 3391968.32857","4873968.96594, 3511968.32857",250507.087297692
"1231","30","13","922","1","0","0","5038968.96594, 3376968.32857","4873968.96594, 3511968.32857",245893.392564864
"1232","30","14","923","1","1","0","5038968.96594, 3361968.32857","4873968.96594, 3511968.32857",258510.100840319
"1233","30","15","924","1","1","0","5038968.96594, 3346968.32857","4873968.96594, 3511968.32857",275267.804347103
"1234","30","16","925","0","1","0","5038968.96594, 3331968.32857","4873968.96594, 3511968.32857",294903.318789391
"1235","30","17","926","1","1","1","5038968.96594, 3316968.32857","4873968.96594, 3511968.32857",294533.536651915
"1236","30","18","927","1","0","1","5038968.96594, 3301968.32857","4873968.96594, 3511968.32857",317815.055961115
"1237","30","19","928","1","1","0","5038968.96594, 3286968.32857","4873968.96594, 3511968.32857",338094.709414414
"1238","30","20","929","1","1","0","5038968.96594, 3271968.32857","4873968.96594, 3511968.32857",353266.420601084
"1239","30","21","930","1","1","0","5038968.96594, 3256968.32857","4873968.96594, 3511968.32857",359856.845787387
"1240","30","22","931","1","1","0","5038968.96594, 3241968.32857","4873968.96594, 3511968.32857",387279.537699124
"1241","30","23","932","0","1","0","5038968.96594, 3226968.32857","4873968.96594, 3511968.32857",387048.99842384
"1242","30","24","933","1","1","0","5038968.96594, 3211968.32857","4873968.96594, 3511968.32857",404020.938126201
"1243","30","25","934","1","1","0","5038968.96594, 3196968.32857","4873968.96594, 3511968.32857",410916.831346955
"1244","30","26","935","0","1","0","5038968.96594, 3181968.32857","4873968.96594, 3511968.32857",414886.024682133
"1245","30","27","936","1","1","0","5038968.96594, 3166968.32857","4873968.96594, 3511968.32857",442318.838994455
"1246","30","28","937","1","0","0","5038968.96594, 3151968.32857","4873968.96594, 3511968.32857",452299.452139654
"1247","30","29","938","0","1","0","5038968.96594, 3136968.32857","4873968.96594, 3511968.32857",467476.100436325
"1248","30","30","939","0","0","0","5038968.96594, 3121968.32857","4873968.96594, 3511968.32857",482552.99666048
"1249","30","31","940","1","1","0","5038968.96594, 3106968.32857","4873968.96594, 3511968.32857",492509.074117049
"1250","30","32","941","1","0","0","5038968.96594, 3091968.32857","4873968.96594, 3511968.32857",516733.758505071
"1251","30","33","942","1","1","0","5038968.96594, 3076968.32857","4873968.96594, 3511968.32857",543641.852876584
"1252","30","34","943","1","1","0","5038968.96594, 3061968.32857","4873968.96594, 3511968.32857",550386.840023675
"1253","30","35","944","1","1","1","5038968.96594, 3046968.32857","4873968.96594, 3511968.32857",563978.858578503
"1254","30","36","945","1","1","0","5038968.96594, 3031968.32857","4873968.96594, 3511968.32857",575625.97311509
"1255","30","37","946","1","0","0","5038968.96594, 3016968.32857","4873968.96594, 3511968.32857",598710.947109234
"1256","30","38","947","1","1","0","5038968.96594, 3001968.32857","4873968.96594, 3511968.32857",612556.455035178
"1257","30","39","948","1","1","0","5038968.96594, 2986968.32857","4873968.96594, 3511968.32857",632737.16335089
"1258","30","40","949","1","1","0","5038968.96594, 2971968.32857","4873968.96594, 3511968.32857",652128.597887528
"1259","30","41","950","1","1","0","5039440.26496, 2958981.20691","4873968.96594, 3511968.32857",667695.487295854
"1263","31","3","951","0","1","0","5054670.60834, 3522492.51098","4873968.96594, 3511968.32857",228070.952785915
"1264","31","4","952","0","1","0","5053968.96594, 3511968.32857","4873968.96594, 3511968.32857",215730.168503803
"1265","31","5","953","0","1","0","5053968.96594, 3496968.32857","4873968.96594, 3511968.32857",207716.114241989
"1266","31","6","954","1","1","0","5053968.96594, 3481968.32857","4873968.96594, 3511968.32857",210490.670326703
"1267","31","7","955","1","1","0","5053968.96594, 3466968.32857","4873968.96594, 3511968.32857",233947.209865084
"1268","31","8","956","1","0","0","5053968.96594, 3451968.32857","4873968.96594, 3511968.32857",223017.538101216
"1269","31","9","957","1","1","0","5053968.96594, 3436968.32857","4873968.96594, 3511968.32857",216042.842972236
"1270","31","10","958","1","1","0","5053968.96594, 3421968.32857","4873968.96594, 3511968.32857",222616.843906804
"1271","31","11","959","0","0","0","5053968.96594, 3406968.32857","4873968.96594, 3511968.32857",245254.318010465
"1272","31","12","960","0","0","0","5053968.96594, 3391968.32857","4873968.96594, 3511968.32857",262200.571582472
"1273","31","13","961","1","0","0","5053968.96594, 3376968.32857","4873968.96594, 3511968.32857",259159.626283306
"1274","31","14","962","1","0","0","5053968.96594, 3361968.32857","4873968.96594, 3511968.32857",276910.176561412
"1275","31","15","963","0","0","0","5053968.96594, 3346968.32857","4873968.96594, 3511968.32857",288818.745649409
"1276","31","16","964","0","1","0","5053968.96594, 3331968.32857","4873968.96594, 3511968.32857",311315.418686012
"1277","31","17","965","1","1","1","5053968.96594, 3316968.32857","4873968.96594, 3511968.32857",317864.006687864
"1278","31","18","966","1","1","1","5053968.96594, 3301968.32857","4873968.96594, 3511968.32857",320846.283285775
"1279","31","19","967","1","1","0","5053968.96594, 3286968.32857","4873968.96594, 3511968.32857",344303.059740392
"1280","31","20","968","1","1","0","5053968.96594, 3271968.32857","4873968.96594, 3511968.32857",359658.67530632
"1281","31","21","969","1","1","0","5053968.96594, 3256968.32857","4873968.96594, 3511968.32857",372783.140023275
"1282","31","22","970","0","0","0","5053968.96594, 3241968.32857","4873968.96594, 3511968.32857",398232.298786521
"1283","31","23","971","0","0","0","5053968.96594, 3226968.32857","4873968.96594, 3511968.32857",408798.80393336
"1284","31","24","972","1","0","0","5053968.96594, 3211968.32857","4873968.96594, 3511968.32857",415378.592015308
"1285","31","25","973","1","1","0","5053968.96594, 3196968.32857","4873968.96594, 3511968.32857",427259.796099905
"1286","31","26","974","0","0","0","5053968.96594, 3181968.32857","4873968.96594, 3511968.32857",445361.26423654
"1287","31","27","975","1","1","0","5053968.96594, 3166968.32857","4873968.96594, 3511968.32857",452260.431733111
"1288","31","28","976","1","0","0","5053968.96594, 3151968.32857","4873968.96594, 3511968.32857",459858.399994114
"1289","31","29","977","1","1","0","5053968.96594, 3136968.32857","4873968.96594, 3511968.32857",482737.774622409
"1290","31","30","978","1","1","0","5053968.96594, 3121968.32857","4873968.96594, 3511968.32857",502307.419490711
"1291","31","31","979","1","1","0","5053968.96594, 3106968.32857","4873968.96594, 3511968.32857",505581.481654442
"1292","31","32","980","0","0","0","5053968.96594, 3091968.32857","4873968.96594, 3511968.32857",518130.66345722
"1293","31","33","981","0","0","0","5053968.96594, 3076968.32857","4873968.96594, 3511968.32857",541618.640492378
"1294","31","34","982","1","0","0","5053968.96594, 3061968.32857","4873968.96594, 3511968.32857",564555.542348736
"1295","31","35","983","1","1","1","5053968.96594, 3046968.32857","4873968.96594, 3511968.32857",581170.421852751
"1296","31","36","984","1","1","0","5053968.96594, 3031968.32857","4873968.96594, 3511968.32857",591376.887344618
"1297","31","37","985","0","1","0","5053968.96594, 3016968.32857","4873968.96594, 3511968.32857",604739.512133579
"1298","31","38","986","1","1","0","5053968.96594, 3001968.32857","4873968.96594, 3511968.32857",614260.798411252
"1299","31","39","987","0","0","0","5053968.96594, 2986968.32857","4873968.96594, 3511968.32857",657890.287610725
"1300","31","40","988","1","0","0","5053968.96594, 2971968.32857","4873968.96594, 3511968.32857",656736.30690913
"1301","31","41","989","1","0","0","5054150.74842, 2957227.89056","4873968.96594, 3511968.32857",669922.09075059
"1302","31","42","990","0","0","0","5057805.61042, 2949086.89281","4873968.96594, 3511968.32857",669922.09075059
"1305","32","3","991","1","0","0","5069478.36646, 3524392.91142","4873968.96594, 3511968.32857",264475.706082461
"1306","32","4","992","0","0","0","5068968.96594, 3511968.32857","4873968.96594, 3511968.32857",232881.982668786
"1307","32","5","993","0","1","0","5068968.96594, 3496968.32857","4873968.96594, 3511968.32857",223530.95719356
"1308","32","6","994","1","0","0","5068968.96594, 3481968.32857","4873968.96594, 3511968.32857",232177.172490888
"1309","32","7","995","1","1","0","5068968.96594, 3466968.32857","4873968.96594, 3511968.32857",231761.625433148
"1310","32","8","996","1","1","0","5068968.96594, 3451968.32857","4873968.96594, 3511968.32857",240183.561736753
"1311","32","9","997","1","1","0","5068968.96594, 3436968.32857","4873968.96594, 3511968.32857",229936.363557594
"1312","32","10","998","1","0","0","5068968.96594, 3421968.32857","4873968.96594, 3511968.32857",250733.804010807
"1313","32","11","999","1","0","0","5068968.96594, 3406968.32857","4873968.96594, 3511968.32857",260079.889653075
"1314","32","12","1000","0","0","0","5068968.96594, 3391968.32857","4873968.96594, 3511968.32857",281908.60036324
"1315","32","13","1001","0","0","0","5068968.96594, 3376968.32857","4873968.96594, 3511968.32857",291877.13659708
"1316","32","14","1002","1","0","0","5068968.96594, 3361968.32857","4873968.96594, 3511968.32857",279295.807394845
"1317","32","15","1003","1","0","0","5068968.96594, 3346968.32857","4873968.96594, 3511968.32857",295913.02414214
"1318","32","16","1004","1","0","0","5068968.96594, 3331968.32857","4873968.96594, 3511968.32857",307115.57172809
"1319","32","17","1005","1","1","0","5068968.96594, 3316968.32857","4873968.96594, 3511968.32857",322750.113456617
"1320","32","18","1006","1","1","1","5068968.96594, 3301968.32857","4873968.96594, 3511968.32857",334776.785142459
"1321","32","19","1007","1","1","1","5068968.96594, 3286968.32857","4873968.96594, 3511968.32857",344306.486181919
"1322","32","20","1008","1","1","0","5068968.96594, 3271968.32857","4873968.96594, 3511968.32857",368745.34539538
"1323","32","21","1009","1","1","0","5068968.96594, 3256968.32857","4873968.96594, 3511968.32857",384492.751122477
"1324","32","22","1010","1","0","0","5068968.96594, 3241968.32857","4873968.96594, 3511968.32857",393639.6991925
"1325","32","23","1011","1","0","0","5068968.96594, 3226968.32857","4873968.96594, 3511968.32857",418830.618669255
"1326","32","24","1012","1","0","0","5068968.96594, 3211968.32857","4873968.96594, 3511968.32857",432519.423308677
"1327","32","25","1013","1","1","0","5068968.96594, 3196968.32857","4873968.96594, 3511968.32857",443876.748130745
"1328","32","26","1014","0","0","0","5068968.96594, 3181968.32857","4873968.96594, 3511968.32857",451081.546094532
"1329","32","27","1015","1","1","0","5068968.96594, 3166968.32857","4873968.96594, 3511968.32857",466267.683998211
"1330","32","28","1016","1","1","0","5068968.96594, 3151968.32857","4873968.96594, 3511968.32857",476613.170792223
"1331","32","29","1017","1","1","0","5068968.96594, 3136968.32857","4873968.96594, 3511968.32857",486405.417882724
"1332","32","30","1018","1","1","0","5068968.96594, 3121968.32857","4873968.96594, 3511968.32857",500077.192377264
"1333","32","31","1019","1","1","0","5068968.96594, 3106968.32857","4873968.96594, 3511968.32857",513810.073790407
"1334","32","32","1020","0","1","0","5068968.96594, 3091968.32857","4873968.96594, 3511968.32857",527068.063046525
"1335","32","33","1021","0","0","0","5068968.96594, 3076968.32857","4873968.96594, 3511968.32857",544271.209538986
"1336","32","34","1022","1","0","1","5068968.96594, 3061968.32857","4873968.96594, 3511968.32857",566037.330753866
"1337","32","35","1023","1","1","1","5068968.96594, 3046968.32857","4873968.96594, 3511968.32857",584983.565610833
"1338","32","36","1024","1","1","0","5068968.96594, 3031968.32857","4873968.96594, 3511968.32857",599827.983402884
"1339","32","37","1025","1","1","0","5068968.96594, 3016968.32857","4873968.96594, 3511968.32857",615977.749975014
"1340","32","38","1026","1","1","0","5068968.96594, 3001968.32857","4873968.96594, 3511968.32857",634415.12952461
"1341","32","39","1027","0","0","0","5068968.96594, 2986968.32857","4873968.96594, 3511968.32857",658329.25114708
"1342","32","40","1028","0","0","0","5068968.96594, 2971968.32857","4873968.96594, 3511968.32857",673734.118341023
"1343","32","41","1029","1","0","0","5068164.14731, 2958722.70193","4873968.96594, 3511968.32857",678541.186667156
"1346","33","2","1030","0","0","0","5090644.07524, 3534686.04178","4873968.96594, 3511968.32857",260250.925896119
"1347","33","3","1031","1","0","0","5084305.90575, 3526319.95762","4873968.96594, 3511968.32857",256147.582323039
"1348","33","4","1032","1","0","0","5083968.96594, 3511968.32857","4873968.96594, 3511968.32857",254896.725910513
"1349","33","5","1033","1","1","0","5083968.96594, 3496968.32857","4873968.96594, 3511968.32857",240774.658159869
"1350","33","6","1034","1","1","0","5083968.96594, 3481968.32857","4873968.96594, 3511968.32857",254009.780749408
"1351","33","7","1035","1","1","0","5083968.96594, 3466968.32857","4873968.96594, 3511968.32857",248055.794825861
"1352","33","8","1036","1","1","0","5083968.96594, 3451968.32857","4873968.96594, 3511968.32857",254196.648948644
"1353","33","9","1037","0","0","0","5083968.96594, 3436968.32857","4873968.96594, 3511968.32857",261713.990406533
"1354","33","10","1038","0","0","0","5083968.96594, 3421968.32857","4873968.96594, 3511968.32857",259247.701006782
"1355","33","11","1039","1","0","0","5083968.96594, 3406968.32857","4873968.96594, 3511968.32857",265978.850883772
"1356","33","12","1040","1","0","0","5083968.96594, 3391968.32857","4873968.96594, 3511968.32857",285224.935756463
"1357","33","13","1041","1","0","0","5083968.96594, 3376968.32857","4873968.96594, 3511968.32857",303842.082360392
"1358","33","14","1042","1","0","0","5083968.96594, 3361968.32857","4873968.96594, 3511968.32857",291992.446375311
"1359","33","15","1043","0","0","0","5083968.96594, 3346968.32857","4873968.96594, 3511968.32857",319091.696116687
"1360","33","16","1044","1","0","0","5083968.96594, 3331968.32857","4873968.96594, 3511968.32857",327927.963495746
"1361","33","17","1045","1","1","0","5083968.96594, 3316968.32857","4873968.96594, 3511968.32857",349496.506095351
"1362","33","18","1046","1","1","0","5083968.96594, 3301968.32857","4873968.96594, 3511968.32857",349731.672578428
"1363","33","19","1047","1","1","1","5083968.96594, 3286968.32857","4873968.96594, 3511968.32857",357187.698311135
"1364","33","20","1048","1","1","1","5083968.96594, 3271968.32857","4873968.96594, 3511968.32857",371317.745908387
"1365","33","21","1049","1","1","1","5083968.96594, 3256968.32857","4873968.96594, 3511968.32857",388588.140639644
"1366","33","22","1050","0","1","0","5083968.96594, 3241968.32857","4873968.96594, 3511968.32857",406613.656379895
"1367","33","23","1051","1","1","0","5083968.96594, 3226968.32857","4873968.96594, 3511968.32857",414443.413795214
"1368","33","24","1052","1","0","0","5083968.96594, 3211968.32857","4873968.96594, 3511968.32857",430401.924898551
"1369","33","25","1053","1","1","0","5083968.96594, 3196968.32857","4873968.96594, 3511968.32857",444003.018920195
"1370","33","26","1054","1","1","0","5083968.96594, 3181968.32857","4873968.96594, 3511968.32857",469279.205610299
"1371","33","27","1055","1","1","0","5083968.96594, 3166968.32857","4873968.96594, 3511968.32857",482525.341541418
"1372","33","28","1056","1","1","0","5083968.96594, 3151968.32857","4873968.96594, 3511968.32857",490313.186008
"1373","33","29","1057","1","0","0","5083968.96594, 3136968.32857","4873968.96594, 3511968.32857",498563.379948355
"1374","33","30","1058","0","0","0","5083968.96594, 3121968.32857","4873968.96594, 3511968.32857",514748.685522836
"1375","33","31","1059","1","1","0","5083968.96594, 3106968.32857","4873968.96594, 3511968.32857",527067.340551305
"1376","33","32","1060","1","1","0","5083968.96594, 3091968.32857","4873968.96594, 3511968.32857",537570.78499959
"1377","33","33","1061","1","0","1","5083968.96594, 3076968.32857","4873968.96594, 3511968.32857",558851.976061107
"1378","33","34","1062","1","0","1","5083968.96594, 3061968.32857","4873968.96594, 3511968.32857",564505.34427279
"1379","33","35","1063","1","1","0","5083968.96594, 3046968.32857","4873968.96594, 3511968.32857",577429.936360946
"1380","33","36","1064","1","0","0","5083968.96594, 3031968.32857","4873968.96594, 3511968.32857",609398.424181128
"1381","33","37","1065","1","0","0","5083968.96594, 3016968.32857","4873968.96594, 3511968.32857",616959.392315187
"1382","33","38","1066","1","1","0","5083968.96594, 3001968.32857","4873968.96594, 3511968.32857",638338.381472675
"1383","33","39","1067","1","1","0","5083968.96594, 2986968.32857","4873968.96594, 3511968.32857",644981.522844238
"1384","33","40","1068","1","1","0","5083968.96594, 2971968.32857","4873968.96594, 3511968.32857",686518.510892392
"1385","33","41","1069","1","1","0","5081709.16048, 2961951.67094","4873968.96594, 3511968.32857",687767.13021364
"1388","34","2","1070","0","0","0","5100848.72698, 3536032.6975","4873968.96594, 3511968.32857",273715.66672346
"1389","34","3","1071","0","0","0","5098968.96594, 3526968.32857","4873968.96594, 3511968.32857",273715.66672346
"1390","34","4","1072","1","0","0","5098968.96594, 3511968.32857","4873968.96594, 3511968.32857",258368.566672808
"1391","34","5","1073","1","1","0","5098968.96594, 3496968.32857","4873968.96594, 3511968.32857",259421.934421875
"1392","34","6","1074","1","1","0","5098968.96594, 3481968.32857","4873968.96594, 3511968.32857",269340.468060998
"1393","34","7","1075","1","1","0","5098968.96594, 3466968.32857","4873968.96594, 3511968.32857",280425.571457803
"1394","34","8","1076","1","1","0","5098968.96594, 3451968.32857","4873968.96594, 3511968.32857",272115.449084224
"1395","34","9","1077","1","0","0","5098968.96594, 3436968.32857","4873968.96594, 3511968.32857",288594.004129007
"1396","34","10","1078","0","0","0","5098968.96594, 3421968.32857","4873968.96594, 3511968.32857",273577.551723605
"1397","34","11","1079","1","0","0","5098968.96594, 3406968.32857","4873968.96594, 3511968.32857",281681.263128267
"1398","34","12","1080","1","1","0","5098968.96594, 3391968.32857","4873968.96594, 3511968.32857",289740.898364054
"1399","34","13","1081","0","1","0","5098968.96594, 3376968.32857","4873968.96594, 3511968.32857",302721.072020369
"1400","34","14","1082","1","1","0","5098968.96594, 3361968.32857","4873968.96594, 3511968.32857",322734.149836913
"1401","34","15","1083","1","1","0","5098968.96594, 3346968.32857","4873968.96594, 3511968.32857",331545.581324945
"1402","34","16","1084","1","1","0","5098968.96594, 3331968.32857","4873968.96594, 3511968.32857",328514.525114507
"1403","34","17","1085","1","1","0","5098968.96594, 3316968.32857","4873968.96594, 3511968.32857",365886.464115047
"1404","34","18","1086","1","1","0","5098968.96594, 3301968.32857","4873968.96594, 3511968.32857",371001.779378058
"1405","34","19","1087","1","1","0","5098968.96594, 3286968.32857","4873968.96594, 3511968.32857",370367.045174589
"1406","34","20","1088","1","1","1","5098968.96594, 3271968.32857","4873968.96594, 3511968.32857",384082.21852219
"1407","34","21","1089","1","0","1","5098968.96594, 3256968.32857","4873968.96594, 3511968.32857",394639.703644125
"1408","34","22","1090","1","0","1","5098968.96594, 3241968.32857","4873968.96594, 3511968.32857",406945.287261889
"1409","34","23","1091","1","1","0","5098968.96594, 3226968.32857","4873968.96594, 3511968.32857",426580.129397335
"1410","34","24","1092","1","1","0","5098968.96594, 3211968.32857","4873968.96594, 3511968.32857",440803.341080727
"1411","34","25","1093","1","1","0","5098968.96594, 3196968.32857","4873968.96594, 3511968.32857",452528.652465694
"1412","34","26","1094","1","0","0","5098968.96594, 3181968.32857","4873968.96594, 3511968.32857",467860.598243735
"1413","34","27","1095","1","1","0","5098968.96594, 3166968.32857","4873968.96594, 3511968.32857",484888.428279631
"1414","34","28","1096","1","1","0","5098968.96594, 3151968.32857","4873968.96594, 3511968.32857",496166.189838352
"1415","34","29","1097","1","0","0","5098968.96594, 3136968.32857","4873968.96594, 3511968.32857",510937.997325454
"1416","34","30","1098","0","0","0","5098968.96594, 3121968.32857","4873968.96594, 3511968.32857",524886.081167097
"1417","34","31","1099","0","1","0","5098968.96594, 3106968.32857","4873968.96594, 3511968.32857",534204.423222316
"1418","34","32","1100","1","0","0","5098968.96594, 3091968.32857","4873968.96594, 3511968.32857",548169.388200625
"1419","34","33","1101","1","0","1","5098968.96594, 3076968.32857","4873968.96594, 3511968.32857",568107.252875543
"1420","34","34","1102","1","0","0","5098968.96594, 3061968.32857","4873968.96594, 3511968.32857",579482.892328767
"1421","34","35","1103","1","1","0","5098968.96594, 3046968.32857","4873968.96594, 3511968.32857",592457.544235261
"1422","34","36","1104","0","1","0","5098968.96594, 3031968.32857","4873968.96594, 3511968.32857",617171.713997631
"1423","34","37","1105","0","1","0","5098968.96594, 3016968.32857","4873968.96594, 3511968.32857",625654.352806842
"1424","34","38","1106","1","1","0","5098968.96594, 3001968.32857","4873968.96594, 3511968.32857",644007.669724368
"1425","34","39","1107","1","1","0","5098968.96594, 2986968.32857","4873968.96594, 3511968.32857",655353.945664111
"1426","34","40","1108","1","1","0","5098217.19614, 2973393.4114","4873968.96594, 3511968.32857",668269.781466304
"1427","34","41","1109","0","0","0","5091734.69073, 2964341.63735","4873968.96594, 3511968.32857",678536.839436982
"1430","35","2","1110","1","0","0","5114719.72655, 3537863.18239","4873968.96594, 3511968.32857",302002.004260165
"1431","35","3","1111","1","0","0","5113968.96594, 3526968.32857","4873968.96594, 3511968.32857",288960.265306451
"1432","35","4","1112","0","0","0","5113968.96594, 3511968.32857","4873968.96594, 3511968.32857",283863.924757716
"1433","35","5","1113","0","1","0","5113968.96594, 3496968.32857","4873968.96594, 3511968.32857",275866.281227749
"1434","35","6","1114","1","1","0","5113968.96594, 3481968.32857","4873968.96594, 3511968.32857",279973.860093391
"1435","35","7","1115","1","1","0","5113968.96594, 3466968.32857","4873968.96594, 3511968.32857",294974.784774755
"1436","35","8","1116","1","1","0","5113968.96594, 3451968.32857","4873968.96594, 3511968.32857",284949.167420414
"1437","35","9","1117","1","0","0","5113968.96594, 3436968.32857","4873968.96594, 3511968.32857",293228.720428593
"1438","35","10","1118","1","0","0","5113968.96594, 3421968.32857","4873968.96594, 3511968.32857",299745.153018483
"1439","35","11","1119","1","0","0","5113968.96594, 3406968.32857","4873968.96594, 3511968.32857",304524.054365635
"1440","35","12","1120","0","1","0","5113968.96594, 3391968.32857","4873968.96594, 3511968.32857",322799.905722603
"1441","35","13","1121","0","0","0","5113968.96594, 3376968.32857","4873968.96594, 3511968.32857",330268.02783116
"1442","35","14","1122","1","1","0","5113968.96594, 3361968.32857",,
"1443","35","15","1123","1","1","0","5113968.96594, 3346968.32857","4873968.96594, 3511968.32857",340769.288225064
"1444","35","16","1124","1","1","0","5113968.96594, 3331968.32857","4873968.96594, 3511968.32857",343587.77301185
"1445","35","17","1125","1","0","0","5113968.96594, 3316968.32857","4873968.96594, 3511968.32857",377538.91653162
"1446","35","18","1126","1","0","0","5113968.96594, 3301968.32857","4873968.96594, 3511968.32857",384954.212412997
"1447","35","19","1127","1","1","0","5113968.96594, 3286968.32857","4873968.96594, 3511968.32857",397693.891631274
"1448","35","20","1128","1","1","0","5113968.96594, 3271968.32857","4873968.96594, 3511968.32857",392314.456166359
"1449","35","21","1129","1","1","0","5113968.96594, 3256968.32857","4873968.96594, 3511968.32857",408355.408801802
"1450","35","22","1130","1","1","1","5113968.96594, 3241968.32857","4873968.96594, 3511968.32857",419853.410725086
"1451","35","23","1131","1","1","1","5113968.96594, 3226968.32857","4873968.96594, 3511968.32857",437867.646542963
"1452","35","24","1132","1","1","0","5113968.96594, 3211968.32857","4873968.96594, 3511968.32857",451799.369373893
"1453","35","25","1133","1","0","0","5113968.96594, 3196968.32857","4873968.96594, 3511968.32857",465249.126973875
"1454","35","26","1134","0","0","0","5113968.96594, 3181968.32857","4873968.96594, 3511968.32857",480206.038999313
"1455","35","27","1135","0","1","0","5113968.96594, 3166968.32857","4873968.96594, 3511968.32857",502060.346682856
"1456","35","28","1136","1","1","0","5113968.96594, 3151968.32857","4873968.96594, 3511968.32857",507286.408307818
"1457","35","29","1137","1","0","0","5113968.96594, 3136968.32857","4873968.96594, 3511968.32857",529326.378318656
"1458","35","30","1138","0","0","0","5113968.96594, 3121968.32857","4873968.96594, 3511968.32857",546411.251644368
"1459","35","31","1139","1","1","0","5113968.96594, 3106968.32857","4873968.96594, 3511968.32857",545891.93070096
"1460","35","32","1140","1","0","1","5113968.96594, 3091968.32857","4873968.96594, 3511968.32857",564868.05514372
"1461","35","33","1141","1","0","1","5113968.96594, 3076968.32857","4873968.96594, 3511968.32857",590496.593163435
"1462","35","34","1142","1","1","0","5113968.96594, 3061968.32857","4873968.96594, 3511968.32857",592759.561896647
"1463","35","35","1143","1","1","0","5113968.96594, 3046968.32857","4873968.96594, 3511968.32857",602821.299439567
"1464","35","36","1144","0","1","0","5113968.96594, 3031968.32857","4873968.96594, 3511968.32857",612103.596002347
"1465","35","37","1145","0","1","0","5113968.96594, 3016968.32857","4873968.96594, 3511968.32857",635145.590547891
"1466","35","38","1146","1","1","0","5113968.96594, 3001968.32857","4873968.96594, 3511968.32857",649980.556591715
"1467","35","39","1147","1","1","0","5113968.96594, 2986968.32857","4873968.96594, 3511968.32857",666123.254277287
"1468","35","40","1148","1","1","0","5112047.56123, 2976683.98255","4873968.96594, 3511968.32857",674517.983619647
"1472","36","2","1149","0","0","0","5129438.01294, 3539805.47939","4873968.96594, 3511968.32857",310079.753896428
"1473","36","3","1150","1","0","0","5128968.96594, 3526968.32857","4873968.96594, 3511968.32857",312438.70944078
"1474","36","4","1151","1","1","0","5128968.96594, 3511968.32857","4873968.96594, 3511968.32857",306463.665307823
"1475","36","5","1152","1","1","0","5128968.96594, 3496968.32857","4873968.96594, 3511968.32857",298437.920486905
"1476","36","6","1153","1","1","0","5128968.96594, 3481968.32857","4873968.96594, 3511968.32857",304029.338626772
"1477","36","7","1154","1","1","0","5128968.96594, 3466968.32857","4873968.96594, 3511968.32857",304616.989170656
"1478","36","8","1155","1","0","0","5128968.96594, 3451968.32857","4873968.96594, 3511968.32857",301346.938064445
"1479","36","9","1156","1","0","0","5128968.96594, 3436968.32857","4873968.96594, 3511968.32857",311330.191078542
"1480","36","10","1157","1","0","0","5128968.96594, 3421968.32857","4873968.96594, 3511968.32857",314245.149219335
"1481","36","11","1158","1","1","0","5128968.96594, 3406968.32857","4873968.96594, 3511968.32857",309738.436674317
"1482","36","12","1159","1","1","0","5128968.96594, 3391968.32857","4873968.96594, 3511968.32857",323190.319089595
"1483","36","13","1160","1","0","0","5128968.96594, 3376968.32857","4873968.96594, 3511968.32857",340041.208442949
"1484","36","14","1161","1","1","0","5128968.96594, 3361968.32857","4873968.96594, 3511968.32857",334552.190685056
"1485","36","15","1162","0","1","0","5128968.96594, 3346968.32857","4873968.96594, 3511968.32857",346357.925946736
"1486","36","16","1163","1","0","0","5128968.96594, 3331968.32857","4873968.96594, 3511968.32857",359192.953587618
"1487","36","17","1164","1","0","0","5128968.96594, 3316968.32857","4873968.96594, 3511968.32857",377683.797262198
"1488","36","18","1165","1","1","0","5128968.96594, 3301968.32857","4873968.96594, 3511968.32857",391730.999043827
"1489","36","19","1166","0","1","0","5128968.96594, 3286968.32857","4873968.96594, 3511968.32857",410218.551446229
"1490","36","20","1167","1","1","0","5128968.96594, 3271968.32857","4873968.96594, 3511968.32857",415573.008465772
"1491","36","21","1168","1","0","0","5128968.96594, 3256968.32857","4873968.96594, 3511968.32857",423989.528863965
"1492","36","22","1169","1","1","0","5128968.96594, 3241968.32857","4873968.96594, 3511968.32857",429513.143538093
"1493","36","23","1170","1","1","1","5128968.96594, 3226968.32857","4873968.96594, 3511968.32857",446165.92994826
"1494","36","24","1171","1","1","0","5128968.96594, 3211968.32857","4873968.96594, 3511968.32857",451082.544614688
"1495","36","25","1172","1","0","0","5128968.96594, 3196968.32857","4873968.96594, 3511968.32857",468972.645152445
"1496","36","26","1173","1","0","0","5128968.96594, 3181968.32857","4873968.96594, 3511968.32857",485585.37085504
"1497","36","27","1174","1","0","0","5128968.96594, 3166968.32857","4873968.96594, 3511968.32857",510687.39299697
"1498","36","28","1175","1","1","0","5128968.96594, 3151968.32857","4873968.96594, 3511968.32857",517659.266630099
"1499","36","29","1176","1","0","0","5128968.96594, 3136968.32857","4873968.96594, 3511968.32857",527857.423943957
"1500","36","30","1177","1","0","0","5128968.96594, 3121968.32857","4873968.96594, 3511968.32857",545566.168173928
"1501","36","31","1178","1","1","1","5128968.96594, 3106968.32857","4873968.96594, 3511968.32857",563815.365554533
"1502","36","32","1179","0","1","1","5128968.96594, 3091968.32857","4873968.96594, 3511968.32857",567886.646647636
"1503","36","33","1180","0","1","0","5128968.96594, 3076968.32857","4873968.96594, 3511968.32857",586876.945808869
"1504","36","34","1181","1","1","0","5128968.96594, 3061968.32857","4873968.96594, 3511968.32857",607585.070489828
"1505","36","35","1182","1","0","0","5128968.96594, 3046968.32857","4873968.96594, 3511968.32857",618805.858940965
"1506","36","36","1183","1","0","0","5128968.96594, 3031968.32857","4873968.96594, 3511968.32857",627915.507457927
"1507","36","37","1184","1","1","0","5128968.96594, 3016968.32857","4873968.96594, 3511968.32857",641955.751147544
"1508","36","38","1185","1","0","0","5128968.96594, 3001968.32857","4873968.96594, 3511968.32857",658918.430899146
"1509","36","39","1186","0","0","0","5128293.22832, 2988105.70716","4873968.96594, 3511968.32857",666753.877776303
"1510","36","40","1187","1","0","0","5122221.79444, 2979109.39796","4873968.96594, 3511968.32857",677805.303057347
"1513","37","1","1188","0","0","0","5149588.50854, 3549964.63727","4873968.96594, 3511968.32857",338620.078833713
"1514","37","2","1189","0","0","0","5144206.17012, 3541606.78378","4873968.96594, 3511968.32857",328209.444571434
"1515","37","3","1190","0","0","0","5143968.96594, 3526968.32857","4873968.96594, 3511968.32857",330966.979931016
"1516","37","4","1191","0","1","0","5143968.96594, 3511968.32857","4873968.96594, 3511968.32857",313561.537954631
"1517","37","5","1192","1","1","0","5143968.96594, 3496968.32857","4873968.96594, 3511968.32857",312753.295855657
"1518","37","6","1193","1","0","0","5143968.96594, 3481968.32857","4873968.96594, 3511968.32857",315257.220101354
"1519","37","7","1194","1","1","0","5143968.96594, 3466968.32857","4873968.96594, 3511968.32857",321874.937705242
"1520","37","8","1195","1","1","0","5143968.96594, 3451968.32857","4873968.96594, 3511968.32857",329625.988148747
"1521","37","9","1196","0","0","0","5143968.96594, 3436968.32857","4873968.96594, 3511968.32857",323994.396116317
"1522","37","10","1197","1","0","0","5143968.96594, 3421968.32857","4873968.96594, 3511968.32857",323636.307726594
"1523","37","11","1198","1","0","0","5143968.96594, 3406968.32857","4873968.96594, 3511968.32857",330609.224474694
"1524","37","12","1199","1","1","0","5143968.96594, 3391968.32857","4873968.96594, 3511968.32857",337173.655660071
"1525","37","13","1200","1","1","0","5143968.96594, 3376968.32857","4873968.96594, 3511968.32857",347791.529243425
"1526","37","14","1201","1","1","0","5143968.96594, 3361968.32857","4873968.96594, 3511968.32857",362755.331808467
"1527","37","15","1202","1","0","0","5143968.96594, 3346968.32857","4873968.96594, 3511968.32857",361318.125314515
"1528","37","16","1203","1","1","0","5143968.96594, 3331968.32857","4873968.96594, 3511968.32857",369395.510247017
"1529","37","17","1204","1","1","0","5143968.96594, 3316968.32857","4873968.96594, 3511968.32857",376751.344589968
"1530","37","18","1205","1","1","0","5143968.96594, 3301968.32857","4873968.96594, 3511968.32857",410695.225703706
"1531","37","19","1206","0","0","0","5143968.96594, 3286968.32857","4873968.96594, 3511968.32857",420714.612614069
"1532","37","20","1207","1","1","0","5143968.96594, 3271968.32857","4873968.96594, 3511968.32857",431352.968039139
"1533","37","21","1208","0","0","0","5143968.96594, 3256968.32857","4873968.96594, 3511968.32857",439154.297189861
"1534","37","22","1209","1","1","0","5143968.96594, 3241968.32857","4873968.96594, 3511968.32857",446982.90517427
"1535","37","23","1210","1","1","1","5143968.96594, 3226968.32857","4873968.96594, 3511968.32857",451742.3256431
"1536","37","24","1211","1","1","1","5143968.96594, 3211968.32857","4873968.96594, 3511968.32857",467469.89413161
"1537","37","25","1212","0","0","1","5143968.96594, 3196968.32857","4873968.96594, 3511968.32857",495886.433133637
"1538","37","26","1213","0","0","1","5143968.96594, 3181968.32857","4873968.96594, 3511968.32857",497850.742445978
"1539","37","27","1214","1","0","1","5143968.96594, 3166968.32857","4873968.96594, 3511968.32857",513082.900209523
"1540","37","28","1215","1","1","1","5143968.96594, 3151968.32857","4873968.96594, 3511968.32857",526677.179673017
"1541","37","29","1216","1","1","1","5143968.96594, 3136968.32857","4873968.96594, 3511968.32857",538011.400115157
"1542","37","30","1217","1","1","1","5143968.96594, 3121968.32857","4873968.96594, 3511968.32857",557114.138684656
"1543","37","31","1218","1","1","1","5143968.96594, 3106968.32857","4873968.96594, 3511968.32857",567640.418411944
"1544","37","32","1219","1","1","0","5143968.96594, 3091968.32857","4873968.96594, 3511968.32857",585300.59937996
"1545","37","33","1220","0","1","0","5143968.96594, 3076968.32857","4873968.96594, 3511968.32857",600544.97524646
"1546","37","34","1221","1","1","0","5143968.96594, 3061968.32857","4873968.96594, 3511968.32857",612643.424934223
"1547","37","35","1222","0","0","0","5143968.96594, 3046968.32857","4873968.96594, 3511968.32857",630357.809201426
"1548","37","36","1223","1","1","0","5143968.96594, 3031968.32857","4873968.96594, 3511968.32857",641698.238558712
"1549","37","37","1224","1","1","0","5143968.96594, 3016968.32857","4873968.96594, 3511968.32857",654043.718143438
"1550","37","38","1225","0","0","0","5143968.96594, 3001968.32857","4873968.96594, 3511968.32857",682765.707973712
"1551","37","39","1226","0","0","0","5142388.72005, 2991402.43432","4873968.96594, 3511968.32857",690783.584489964
"1555","38","1","1227","0","0","0","5157285.01416, 3550537.40703","4873968.96594, 3511968.32857",343089.27368498
"1556","38","2","1228","0","0","0","5158965.52499, 3541964.80544","4873968.96594, 3511968.32857",350554.924720205
"1557","38","3","1229","1","1","0","5158968.96594, 3526968.32857","4873968.96594, 3511968.32857",342894.830496588
"1558","38","4","1230","1","1","0","5158968.96594, 3511968.32857","4873968.96594, 3511968.32857",334727.329567767
"1559","38","5","1231","1","0","0","5158968.96594, 3496968.32857","4873968.96594, 3511968.32857",333260.738379503
"1560","38","6","1232","1","0","0","5158968.96594, 3481968.32857","4873968.96594, 3511968.32857",346561.834322158
"1561","38","7","1233","1","0","0","5158968.96594, 3466968.32857","4873968.96594, 3511968.32857",332841.301472681
"1562","38","8","1234","1","1","0","5158968.96594, 3451968.32857","4873968.96594, 3511968.32857",347036.818663988
"1563","38","9","1235","1","1","0","5158968.96594, 3436968.32857","4873968.96594, 3511968.32857",348962.35209505
"1564","38","10","1236","1","0","0","5158968.96594, 3421968.32857","4873968.96594, 3511968.32857",340148.225083299
"1565","38","11","1237","1","0","0","5158968.96594, 3406968.32857","4873968.96594, 3511968.32857",345928.560381907
"1566","38","12","1238","1","1","0","5158968.96594, 3391968.32857","4873968.96594, 3511968.32857",354773.398328057
"1567","38","13","1239","1","1","0","5158968.96594, 3376968.32857","4873968.96594, 3511968.32857",362564.81489618
"1568","38","14","1240","0","0","0","5158968.96594, 3361968.32857","4873968.96594, 3511968.32857",366562.944448495
"1569","38","15","1241","1","0","0","5158968.96594, 3346968.32857","4873968.96594, 3511968.32857",383364.472223091
"1570","38","16","1242","1","0","0","5158968.96594, 3331968.32857","4873968.96594, 3511968.32857",389266.848305391
"1571","38","17","1243","1","1","0","5158968.96594, 3316968.32857","4873968.96594, 3511968.32857",389266.848305391
"1572","38","18","1244","1","1","0","5158968.96594, 3301968.32857","4873968.96594, 3511968.32857",405674.268675605
"1573","38","19","1245","1","1","0","5158968.96594, 3286968.32857","4873968.96594, 3511968.32857",416234.148034755
"1574","38","20","1246","1","1","0","5158968.96594, 3271968.32857","4873968.96594, 3511968.32857",441880.692802544
"1575","38","21","1247","0","1","0","5158968.96594, 3256968.32857","4873968.96594, 3511968.32857",458667.014613507
"1576","38","22","1248","1","1","0","5158968.96594, 3241968.32857","4873968.96594, 3511968.32857",461361.18961368
"1577","38","23","1249","1","0","0","5158968.96594, 3226968.32857","4873968.96594, 3511968.32857",465297.885900474
"1578","38","24","1250","1","1","0","5158968.96594, 3211968.32857","4873968.96594, 3511968.32857",480128.935624381
"1579","38","25","1251","0","0","0","5158968.96594, 3196968.32857","4873968.96594, 3511968.32857",489462.15217478
"1580","38","26","1252","0","0","0","5158968.96594, 3181968.32857","4873968.96594, 3511968.32857",509688.265406082
"1581","38","27","1253","0","0","0","5158968.96594, 3166968.32857","4873968.96594, 3511968.32857",523596.556972361
"1582","38","28","1254","1","0","1","5158968.96594, 3151968.32857","4873968.96594, 3511968.32857",535982.762632656
"1583","38","29","1255","1","1","1","5158968.96594, 3136968.32857","4873968.96594, 3511968.32857",547380.269940005
"1584","38","30","1256","1","1","0","5158968.96594, 3121968.32857","4873968.96594, 3511968.32857",567501.913763191
"1585","38","31","1257","1","1","0","5158968.96594, 3106968.32857","4873968.96594, 3511968.32857",591151.731876417
"1586","38","32","1258","1","1","0","5158968.96594, 3091968.32857","4873968.96594, 3511968.32857",592500.462349372
"1587","38","33","1259","1","1","0","5158968.96594, 3076968.32857","4873968.96594, 3511968.32857",607196.882581373
"1588","38","34","1260","1","1","0","5158968.96594, 3061968.32857","4873968.96594, 3511968.32857",626426.566860654
"1589","38","35","1261","0","1","0","5158968.96594, 3046968.32857","4873968.96594, 3511968.32857",639905.82278633
"1590","38","36","1262","1","1","0","5158968.96594, 3031968.32857","4873968.96594, 3511968.32857",651894.370011156
"1591","38","37","1263","1","1","0","5158968.96594, 3016968.32857","4873968.96594, 3511968.32857",668709.579499268
"1592","38","38","1264","1","0","0","5158968.96594, 3001968.32857","4873968.96594, 3511968.32857",674523.763255263
"1593","38","39","1265","1","0","0","5160032.59529, 2991779.99615","4873968.96594, 3511968.32857",692713.903839632
"1598","39","2","1266","1","1","0","5173439.58352, 3540636.76108","4873968.96594, 3511968.32857",367572.070139534
"1599","39","3","1267","1","1","0","5173968.96594, 3526968.32857","4873968.96594, 3511968.32857",367010.853635172
"1600","39","4","1268","1","1","0","5173968.96594, 3511968.32857","4873968.96594, 3511968.32857",343052.352671022
"1601","39","5","1269","1","1","0","5173968.96594, 3496968.32857","4873968.96594, 3511968.32857",349774.195512726
"1602","39","6","1270","1","1","0","5173968.96594, 3481968.32857","4873968.96594, 3511968.32857",349264.907729483
"1603","39","7","1271","0","0","0","5173968.96594, 3466968.32857","4873968.96594, 3511968.32857",371033.887809919
"1604","39","8","1272","0","0","0","5173968.96594, 3451968.32857","4873968.96594, 3511968.32857",360514.765836559
"1605","39","9","1273","1","1","0","5173968.96594, 3436968.32857","4873968.96594, 3511968.32857",362898.824192725
"1606","39","10","1274","1","1","0","5173968.96594, 3421968.32857","4873968.96594, 3511968.32857",367238.237067595
"1607","39","11","1275","1","0","0","5173968.96594, 3406968.32857","4873968.96594, 3511968.32857",355869.81567331
"1608","39","12","1276","0","1","0","5173968.96594, 3391968.32857","4873968.96594, 3511968.32857",368566.43850739
"1609","39","13","1277","1","1","0","5173968.96594, 3376968.32857","4873968.96594, 3511968.32857",375957.813662824
"1610","39","14","1278","1","0","0","5173968.96594, 3361968.32857","4873968.96594, 3511968.32857",382843.296740366
"1611","39","15","1279","0","0","0","5173968.96594, 3346968.32857","4873968.96594, 3511968.32857",387837.409858739
"1612","39","16","1280","1","0","0","5173968.96594, 3331968.32857","4873968.96594, 3511968.32857",405661.768438336
"1613","39","17","1281","0","1","0","5173968.96594, 3316968.32857","4873968.96594, 3511968.32857",424898.57570371
"1614","39","18","1282","0","1","0","5173968.96594, 3301968.32857","4873968.96594, 3511968.32857",418463.681312946
"1615","39","19","1283","1","0","0","5173968.96594, 3286968.32857","4873968.96594, 3511968.32857",422021.026709422
"1616","39","20","1284","1","1","0","5173968.96594, 3271968.32857","4873968.96594, 3511968.32857",439075.008918147
"1617","39","21","1285","1","0","0","5173968.96594, 3256968.32857","4873968.96594, 3511968.32857",448262.259905053
"1618","39","22","1286","1","0","0","5173968.96594, 3241968.32857","4873968.96594, 3511968.32857",472840.922344196
"1619","39","23","1287","0","0","0","5173968.96594, 3226968.32857","4873968.96594, 3511968.32857",480926.502835041
"1620","39","24","1288","1","1","0","5173968.96594, 3211968.32857","4873968.96594, 3511968.32857",486732.678216533
"1621","39","25","1289","0","1","0","5173968.96594, 3196968.32857","4873968.96594, 3511968.32857",501675.353086127
"1622","39","26","1290","0","0","0","5173968.96594, 3181968.32857","4873968.96594, 3511968.32857",515345.078252774
"1623","39","27","1291","1","1","0","5173968.96594, 3166968.32857","4873968.96594, 3511968.32857",534617.267169551
"1624","39","28","1292","1","1","0","5173968.96594, 3151968.32857","4873968.96594, 3511968.32857",558852.088230226
"1625","39","29","1293","0","1","0","5173968.96594, 3136968.32857","4873968.96594, 3511968.32857",568642.578424727
"1626","39","30","1294","1","1","0","5173968.96594, 3121968.32857","4873968.96594, 3511968.32857",576174.688216058
"1627","39","31","1295","1","1","0","5173968.96594, 3106968.32857","4873968.96594, 3511968.32857",593387.545895286
"1628","39","32","1296","1","0","0","5173968.96594, 3091968.32857","4873968.96594, 3511968.32857",617991.871962762
"1629","39","33","1297","1","1","0","5173968.96594, 3076968.32857","4873968.96594, 3511968.32857",622520.629838299
"1630","39","34","1298","1","1","0","5173968.96594, 3061968.32857","4873968.96594, 3511968.32857",635337.606006251
"1631","39","35","1299","1","1","0","5173968.96594, 3046968.32857","4873968.96594, 3511968.32857",651817.635176933
"1632","39","36","1300","1","0","0","5173968.96594, 3031968.32857","4873968.96594, 3511968.32857",668770.994049444
"1633","39","37","1301","1","1","0","5173968.96594, 3016968.32857","4873968.96594, 3511968.32857",677767.008723319
"1634","39","38","1302","1","0","0","5173968.96594, 3001968.32857","4873968.96594, 3511968.32857",691853.802134739
"1635","39","39","1303","1","0","0","5174543.62008, 2989692.97704","4873968.96594, 3511968.32857",704317.015749443
"1640","40","2","1304","0","0","0","5185037.9429, 3538417.82103","4873968.96594, 3511968.32857",366794.087254532
"1641","40","3","1305","1","0","0","5187781.16227, 3526313.34461","4873968.96594, 3511968.32857",361746.146103695
"1642","40","4","1306","1","0","0","5188968.96594, 3511968.32857","4873968.96594, 3511968.32857",372383.787466643
"1643","40","5","1307","0","0","0","5188968.96594, 3496968.32857","4873968.96594, 3511968.32857",359267.915130854
"1644","40","6","1308","1","1","0","5188968.96594, 3481968.32857","4873968.96594, 3511968.32857",363595.896488259
"1645","40","7","1309","1","0","0","5188968.96594, 3466968.32857","4873968.96594, 3511968.32857",377880.885218013
"1646","40","8","1310","1","0","0","5188968.96594, 3451968.32857","4873968.96594, 3511968.32857",394637.636466341
"1647","40","9","1311","1","0","0","5188968.96594, 3436968.32857","4873968.96594, 3511968.32857",399293.687737397
"1648","40","10","1312","1","1","0","5188968.96594, 3421968.32857","4873968.96594, 3511968.32857",382490.815499854
"1649","40","11","1313","0","1","0","5188968.96594, 3406968.32857","4873968.96594, 3511968.32857",389438.036918472
"1650","40","12","1314","0","1","0","5188968.96594, 3391968.32857","4873968.96594, 3511968.32857",383683.724047819
"1651","40","13","1315","1","0","0","5188968.96594, 3376968.32857","4873968.96594, 3511968.32857",388447.352994544
"1652","40","14","1316","1","0","0","5188968.96594, 3361968.32857","4873968.96594, 3511968.32857",389635.333675806
"1653","40","15","1317","1","0","0","5188968.96594, 3346968.32857","4873968.96594, 3511968.32857",417151.399972318
"1654","40","16","1318","1","1","0","5188968.96594, 3331968.32857","4873968.96594, 3511968.32857",416790.149075192
"1655","40","17","1319","1","1","0","5188968.96594, 3316968.32857","4873968.96594, 3511968.32857",434396.857618954
"1656","40","18","1320","1","0","0","5188968.96594, 3301968.32857","4873968.96594, 3511968.32857",441957.619506086
"1657","40","19","1321","1","1","0","5188968.96594, 3286968.32857","4873968.96594, 3511968.32857",437272.325273564
"1658","40","20","1322","1","1","0","5188968.96594, 3271968.32857","4873968.96594, 3511968.32857",454262.205542088
"1659","40","21","1323","1","1","0","5188968.96594, 3256968.32857","4873968.96594, 3511968.32857",464198.562907209
"1660","40","22","1324","1","0","0","5188968.96594, 3241968.32857","4873968.96594, 3511968.32857",479141.121307228
"1661","40","23","1325","1","1","0","5188968.96594, 3226968.32857","4873968.96594, 3511968.32857",493669.864961462
"1662","40","24","1326","1","0","0","5188968.96594, 3211968.32857","4873968.96594, 3511968.32857",500981.488162282
"1663","40","25","1327","1","1","0","5188968.96594, 3196968.32857","4873968.96594, 3511968.32857",510771.187810014
"1664","40","26","1328","1","1","0","5188968.96594, 3181968.32857","4873968.96594, 3511968.32857",525261.101929954
"1665","40","27","1329","1","1","0","5188968.96594, 3166968.32857","4873968.96594, 3511968.32857",546460.235549997
"1666","40","28","1330","1","1","0","5188968.96594, 3151968.32857","4873968.96594, 3511968.32857",565588.558800868
"1667","40","29","1331","1","0","0","5188968.96594, 3136968.32857","4873968.96594, 3511968.32857",575870.341616588
"1668","40","30","1332","1","1","0","5188968.96594, 3121968.32857","4873968.96594, 3511968.32857",589266.794262953
"1669","40","31","1333","1","1","0","5188968.96594, 3106968.32857","4873968.96594, 3511968.32857",599349.702922365
"1670","40","32","1334","1","1","0","5188968.96594, 3091968.32857","4873968.96594, 3511968.32857",624351.261795688
"1671","40","33","1335","1","1","0","5188968.96594, 3076968.32857","4873968.96594, 3511968.32857",640640.331183525
"1672","40","34","1336","1","1","0","5188968.96594, 3061968.32857","4873968.96594, 3511968.32857",647577.25024886
"1673","40","35","1337","0","0","0","5188968.96594, 3046968.32857","4873968.96594, 3511968.32857",656028.739950966
"1674","40","36","1338","0","0","0","5188968.96594, 3031968.32857","4873968.96594, 3511968.32857",676858.989750254
"1675","40","37","1339","1","1","0","5188968.96594, 3016968.32857","4873968.96594, 3511968.32857",689302.523485865
"1676","40","38","1340","0","0","0","5188968.96594, 3001968.32857","4873968.96594, 3511968.32857",701905.233154228
"1677","40","39","1341","0","1","0","5189324.38787, 2987614.09542","4873968.96594, 3511968.32857",718176.263388939
"1678","40","40","1342","0","1","0","5195475.33599, 2979182.51489","4873968.96594, 3511968.32857",728727.271050971
"1683","41","3","1343","0","0","0","5196709.50468, 3520008.18435","4873968.96594, 3511968.32857",367645.810759066
"1684","41","4","1344","0","0","0","5198958.66907, 3509912.30998","4873968.96594, 3511968.32857",374212.895225074
"1685","41","5","1345","0","0","0","5202015.52081, 3496190.95144","4873968.96594, 3511968.32857",377230.645900665
"1686","41","6","1346","0","1","0","5203939.01945, 3481939.95552","4873968.96594, 3511968.32857",379327.811460542
"1687","41","7","1347","0","1","0","5203968.96594, 3466968.32857","4873968.96594, 3511968.32857",395584.765687464
"1688","41","8","1348","1","1","0","5203968.96594, 3451968.32857","4873968.96594, 3511968.32857",407033.110362595
"1689","41","9","1349","1","1","0","5203968.96594, 3436968.32857","4873968.96594, 3511968.32857",401825.455118656
"1690","41","10","1350","1","1","0","5203968.96594, 3421968.32857","4873968.96594, 3511968.32857",390225.4417497
"1691","41","11","1351","1","1","0","5203968.96594, 3406968.32857","4873968.96594, 3511968.32857",396700.878995824
"1692","41","12","1352","1","1","0","5203968.96594, 3391968.32857","4873968.96594, 3511968.32857",416463.928288236
"1693","41","13","1353","1","1","0","5203968.96594, 3376968.32857","4873968.96594, 3511968.32857",406967.541473577
"1694","41","14","1354","1","1","0","5203968.96594, 3361968.32857","4873968.96594, 3511968.32857",420824.251659571
"1695","41","15","1355","0","1","0","5203968.96594, 3346968.32857","4873968.96594, 3511968.32857",431428.052215063
"1696","41","16","1356","0","1","0","5203968.96594, 3331968.32857","4873968.96594, 3511968.32857",424159.176280203
"1697","41","17","1357","1","0","0","5203968.96594, 3316968.32857","4873968.96594, 3511968.32857",435546.735939387
"1698","41","18","1358","0","0","0","5203968.96594, 3301968.32857","4873968.96594, 3511968.32857",451273.199692261
"1699","41","19","1359","1","1","0","5203968.96594, 3286968.32857","4873968.96594, 3511968.32857",451791.639689023
"1700","41","20","1360","1","0","0","5203968.96594, 3271968.32857","4873968.96594, 3511968.32857",462395.828640216
"1701","41","21","1361","1","1","0","5203968.96594, 3256968.32857","4873968.96594, 3511968.32857",484665.415353649
"1702","41","22","1362","0","1","0","5203968.96594, 3241968.32857","4873968.96594, 3511968.32857",496029.871408843
"1703","41","23","1363","0","1","0","5203968.96594, 3226968.32857","4873968.96594, 3511968.32857",506380.941049893
"1704","41","24","1364","1","0","0","5203968.96594, 3211968.32857","4873968.96594, 3511968.32857",510820.897069562
"1705","41","25","1365","1","1","0","5203968.96594, 3196968.32857","4873968.96594, 3511968.32857",523246.631071125
"1706","41","26","1366","0","0","0","5203968.96594, 3181968.32857","4873968.96594, 3511968.32857",535755.444709658
"1707","41","27","1367","0","0","0","5203968.96594, 3166968.32857","4873968.96594, 3511968.32857",551137.346727515
"1708","41","28","1368","0","0","0","5203968.96594, 3151968.32857","4873968.96594, 3511968.32857",563430.571844421
"1709","41","29","1369","1","0","0","5203968.96594, 3136968.32857","4873968.96594, 3511968.32857",580697.249311802
"1710","41","30","1370","0","1","0","5203968.96594, 3121968.32857","4873968.96594, 3511968.32857",609384.37003416
"1711","41","31","1371","0","0","0","5203968.96594, 3106968.32857","4873968.96594, 3511968.32857",614176.401918568
"1712","41","32","1372","1","1","0","5203968.96594, 3091968.32857","4873968.96594, 3511968.32857",629773.168215171
"1713","41","33","1373","1","1","0","5203968.96594, 3076968.32857","4873968.96594, 3511968.32857",647931.43820902
"1714","41","34","1374","0","0","0","5203968.96594, 3061968.32857","4873968.96594, 3511968.32857",651249.072614637
"1715","41","35","1375","0","0","0","5203968.96594, 3046968.32857","4873968.96594, 3511968.32857",676906.29905511
"1716","41","36","1376","0","0","0","5203968.96594, 3031968.32857","4873968.96594, 3511968.32857",686309.812179429
"1717","41","37","1377","1","1","0","5203968.96594, 3016968.32857","4873968.96594, 3511968.32857",716025.231996126
"1718","41","38","1378","1","1","0","5203968.96594, 3001968.32857","4873968.96594, 3511968.32857",720623.042114033
"1719","41","39","1379","0","1","0","5203968.96594, 2986968.32857","4873968.96594, 3511968.32857",737637.495723564
"1720","41","40","1380","0","0","0","5205757.93618, 2977703.64049","4873968.96594, 3511968.32857",743404.427917122
"1728","42","6","1381","0","0","0","5213850.5319, 3478678.21763","4873968.96594, 3511968.32857",402594.552622363
"1729","42","7","1382","1","1","0","5217439.59459, 3466050.00163","4873968.96594, 3511968.32857",431909.204846372
"1730","42","8","1383","1","1","0","5218968.96594, 3451968.32857","4873968.96594, 3511968.32857",420162.434887443
"1731","42","9","1384","0","0","0","5218968.96594, 3436968.32857","4873968.96594, 3511968.32857",411211.129049778
"1732","42","10","1385","1","1","0","5218968.96594, 3421968.32857","4873968.96594, 3511968.32857",406689.349999619
"1733","42","11","1386","0","1","0","5218968.96594, 3406968.32857","4873968.96594, 3511968.32857",408318.163622324
"1734","42","12","1387","0","0","0","5218968.96594, 3391968.32857","4873968.96594, 3511968.32857",414022.878615595
"1735","42","13","1388","0","0","0","5218968.96594, 3376968.32857","4873968.96594, 3511968.32857",421894.72255061
"1736","42","14","1389","1","1","0","5218968.96594, 3361968.32857","4873968.96594, 3511968.32857",427473.363034186
"1737","42","15","1390","1","1","0","5218968.96594, 3346968.32857","4873968.96594, 3511968.32857",442197.154680506
"1738","42","16","1391","0","0","0","5217748.56449, 3332912.99342","4873968.96594, 3511968.32857",438012.378292917
"1739","42","17","1392","0","0","0","5217660.15426, 3315445.38299","4873968.96594, 3511968.32857",450443.271407015
"1740","42","18","1393","1","0","0","5218968.96594, 3301968.32857","4873968.96594, 3511968.32857",455374.017913359
"1741","42","19","1394","1","1","0","5218968.96594, 3286968.32857","4873968.96594, 3511968.32857",473815.092594887
"1742","42","20","1395","1","0","0","5218968.96594, 3271968.32857","4873968.96594, 3511968.32857",488178.275509313
"1743","42","21","1396","0","0","0","5218968.96594, 3256968.32857","4873968.96594, 3511968.32857",498892.242735449
"1744","42","22","1397","0","0","0","5218968.96594, 3241968.32857","4873968.96594, 3511968.32857",501498.148768988
"1745","42","23","1398","0","0","0","5218968.96594, 3226968.32857","4873968.96594, 3511968.32857",517071.419694323
"1746","42","24","1399","1","0","0","5218968.96594, 3211968.32857","4873968.96594, 3511968.32857",523931.590610192
"1747","42","25","1400","1","1","0","5218968.96594, 3196968.32857","4873968.96594, 3511968.32857",538455.722739672
"1748","42","26","1401","1","0","0","5218968.96594, 3181968.32857","4873968.96594, 3511968.32857",547054.269821346
"1749","42","27","1402","0","0","0","5218968.96594, 3166968.32857","4873968.96594, 3511968.32857",562124.970855814
"1750","42","28","1403","1","0","0","5218968.96594, 3151968.32857","4873968.96594, 3511968.32857",570975.122381518
"1751","42","29","1404","1","1","0","5218968.96594, 3136968.32857","4873968.96594, 3511968.32857",583044.80991945
"1752","42","30","1405","0","1","0","5218968.96594, 3121968.32857","4873968.96594, 3511968.32857",598465.424498923
"1753","42","31","1406","0","0","0","5218968.96594, 3106968.32857","4873968.96594, 3511968.32857",617598.019787609
"1754","42","32","1407","0","0","0","5218968.96594, 3091968.32857","4873968.96594, 3511968.32857",630682.257944682
"1755","42","33","1408","1","1","0","5218968.96594, 3076968.32857","4873968.96594, 3511968.32857",648470.546477239
"1756","42","34","1409","1","1","0","5218968.96594, 3061968.32857","4873968.96594, 3511968.32857",666378.952644995
"1757","42","35","1410","0","0","0","5218968.96594, 3046968.32857","4873968.96594, 3511968.32857",674635.93018829
"1758","42","36","1411","1","0","0","5218968.96594, 3031968.32857","4873968.96594, 3511968.32857",702969.693136559
"1759","42","37","1412","1","0","0","5218968.96594, 3016968.32857","4873968.96594, 3511968.32857",713307.209910779
"1760","42","38","1413","1","0","0","5218968.96594, 3001968.32857","4873968.96594, 3511968.32857",726573.571321786
"1761","42","39","1414","0","0","0","5218968.96594, 2986968.32857","4873968.96594, 3511968.32857",740493.901527132
"1762","42","40","1415","0","0","0","5219704.81152, 2975697.75905","4873968.96594, 3511968.32857",755704.874277288
"1771","43","7","1416","0","0","0","5226718.40653, 3459904.47119","4873968.96594, 3511968.32857",431909.204846372
"1772","43","8","1417","0","0","0","5229596.55453, 3449839.68538","4873968.96594, 3511968.32857",427483.685813598
"1773","43","9","1418","0","0","0","5233167.38482, 3436369.01042","4873968.96594, 3511968.32857",426192.551306258
"1774","43","10","1419","1","1","0","5233968.96594, 3421968.32857","4873968.96594, 3511968.32857",421143.627941556
"1775","43","11","1420","0","0","0","5233968.96594, 3406968.32857","4873968.96594, 3511968.32857",424353.124119105
"1776","43","12","1421","0","1","0","5233968.96594, 3391968.32857","4873968.96594, 3511968.32857",442652.067906001
"1777","43","13","1422","0","1","0","5233968.96594, 3376968.32857","4873968.96594, 3511968.32857",435596.975680741
"1778","43","14","1423","0","1","0","5233905.19235, 3362029.97352","4873968.96594, 3511968.32857",444323.192903216
"1779","43","15","1424","0","0","0","5231043.96401, 3348643.57795","4873968.96594, 3511968.32857",443834.456706145
"1780","43","16","1425","0","0","0","5227344.16354, 3338237.54074","4873968.96594, 3511968.32857",442559.733297948
"1781","43","17","1426","0","0","0","5229985.19234, 3311388.70043","4873968.96594, 3511968.32857",463467.671346897
"1782","43","18","1427","1","1","0","5233820.72459, 3301803.49405","4873968.96594, 3511968.32857",481028.517125496
"1783","43","19","1428","0","1","0","5233968.96594, 3286968.32857","4873968.96594, 3511968.32857",487004.185422729
"1784","43","20","1429","1","0","0","5233968.96594, 3271968.32857","4873968.96594, 3511968.32857",498709.314525295
"1785","43","21","1430","0","0","0","5233968.96594, 3256968.32857","4873968.96594, 3511968.32857",503626.122479309
"1786","43","22","1431","1","0","0","5233968.96594, 3241968.32857","4873968.96594, 3511968.32857",514987.211998016
"1787","43","23","1432","1","0","0","5233968.96594, 3226968.32857","4873968.96594, 3511968.32857",537055.802835227
"1788","43","24","1433","1","0","0","5233968.96594, 3211968.32857","4873968.96594, 3511968.32857",543153.435567901
"1789","43","25","1434","1","1","0","5233968.96594, 3196968.32857","4873968.96594, 3511968.32857",551320.660242678
"1790","43","26","1435","1","1","0","5233968.96594, 3181968.32857","4873968.96594, 3511968.32857",554806.798186276
"1791","43","27","1436","1","1","0","5233968.96594, 3166968.32857","4873968.96594, 3511968.32857",577513.033124071
"1792","43","28","1437","1","1","0","5233968.96594, 3151968.32857","4873968.96594, 3511968.32857",584070.321181092
"1793","43","29","1438","0","1","0","5233968.96594, 3136968.32857","4873968.96594, 3511968.32857",596776.199915649
"1794","43","30","1439","0","1","0","5233968.96594, 3121968.32857","4873968.96594, 3511968.32857",615676.64121522
"1795","43","31","1440","0","0","0","5233968.96594, 3106968.32857","4873968.96594, 3511968.32857",626060.484928962
"1796","43","32","1441","0","0","0","5233968.96594, 3091968.32857","4873968.96594, 3511968.32857",637464.560831947
"1797","43","33","1442","0","1","0","5233968.96594, 3076968.32857","4873968.96594, 3511968.32857",670237.938037352
"1798","43","34","1443","1","1","0","5233968.96594, 3061968.32857","4873968.96594, 3511968.32857",670424.266038278
"1799","43","35","1444","1","1","0","5233968.96594, 3046968.32857","4873968.96594, 3511968.32857",685629.05494116
"1800","43","36","1445","1","1","0","5233937.73499, 3031998.74084","4873968.96594, 3511968.32857",709308.364058233
"1801","43","37","1446","1","0","0","5231520.732, 3017725.70739","4873968.96594, 3511968.32857",724078.25512049
"1802","43","38","1447","1","0","0","5232617.0435, 3001361.14021","4873968.96594, 3511968.32857",740502.785236578
"1803","43","39","1448","0","0","0","5233968.95968, 2986968.32231","4873968.96594, 3511968.32857",754405.425872368
"1804","43","40","1449","0","0","0","5234432.14746, 2973579.62943","4873968.96594, 3511968.32857",773587.349144696
"1815","44","9","1450","0","0","0","5242437.64994, 3431162.05609","4873968.96594, 3511968.32857",430470.114736083
"1816","44","10","1451","1","1","0","5244260.06084, 3421044.11079","4873968.96594, 3511968.32857",430470.114736083
"1817","44","11","1452","0","1","0","5246091.96926, 3406455.05646","4873968.96594, 3511968.32857",438500.63107032
"1818","44","12","1453","0","1","0","5247945.30768, 3391604.46519","4873968.96594, 3511968.32857",445046.683401246
"1819","44","13","1454","0","0","0","5248256.76681, 3377564.72045","4873968.96594, 3511968.32857",451788.275861437
"1820","44","14","1455","0","0","0","5244455.03657, 3365269.02616","4873968.96594, 3511968.32857",445593.302186817
"1824","44","18","1456","1","1","0","5247233.60389, 3299159.3082","4873968.96594, 3511968.32857",488766.537433295
"1825","44","19","1457","0","0","0","5248843.68363, 3286875.02052","4873968.96594, 3511968.32857",502391.508550205
"1826","44","20","1458","1","0","0","5248968.96594, 3271968.32857","4873968.96594, 3511968.32857",514097.261117747
"1827","44","21","1459","0","0","0","5248968.96594, 3256968.32857","4873968.96594, 3511968.32857",531164.863059789
"1828","44","22","1460","1","0","0","5248968.96594, 3241968.32857","4873968.96594, 3511968.32857",530896.84178387
"1829","44","23","1461","0","0","0","5248968.96594, 3226968.32857","4873968.96594, 3511968.32857",539370.807546616
"1830","44","24","1462","0","0","0","5248968.96594, 3211968.32857","4873968.96594, 3511968.32857",555048.196067782
"1831","44","25","1463","1","1","0","5248968.96594, 3196968.32857","4873968.96594, 3511968.32857",573064.338087512
"1832","44","26","1464","1","1","0","5248968.96594, 3181968.32857","4873968.96594, 3511968.32857",585023.186016137
"1833","44","27","1465","1","1","0","5248968.96594, 3166968.32857","4873968.96594, 3511968.32857",598062.294731922
"1834","44","28","1466","1","1","0","5248968.96594, 3151968.32857","4873968.96594, 3511968.32857",598381.459063542
"1835","44","29","1467","0","0","0","5248968.96594, 3136968.32857","4873968.96594, 3511968.32857",619862.851589804
"1836","44","30","1468","0","1","0","5248968.96594, 3121968.32857","4873968.96594, 3511968.32857",621317.356086772
"1837","44","31","1469","0","0","0","5248968.96594, 3106968.32857","4873968.96594, 3511968.32857",642425.489244236
"1838","44","32","1470","0","1","0","5248968.96594, 3091968.32857","4873968.96594, 3511968.32857",656007.149503086
"1839","44","33","1471","0","1","0","5248968.96594, 3076968.32857","4873968.96594, 3511968.32857",677728.94398498
"1840","44","34","1472","1","0","0","5248968.96594, 3061968.32857","4873968.96594, 3511968.32857",687999.822510145
"1841","44","35","1473","1","1","0","5248212.24641, 3047589.29195","4873968.96594, 3511968.32857",705093.712265344
"1842","44","36","1474","0","1","0","5244448.87072, 3035038.22307","4873968.96594, 3511968.32857",711236.126136873
"1845","44","39","1475","0","0","0","5243417.48971, 2984457.98667","4873968.96594, 3511968.32857",781075.062572778
"1846","44","40","1476","0","0","0","5246080.24151, 2971255.01031","4873968.96594, 3511968.32857",771034.108035987
"1847","44","41","1477","0","0","0","5250977.89419, 2963654.24794","4873968.96594, 3511968.32857",810970.614373041
"1861","45","13","1478","0","0","0","5256803.80124, 3380248.13205","4873968.96594, 3511968.32857",456116.268682347
"1867","45","19","1479","0","0","0","5256965.91494, 3282261.85714","4873968.96594, 3511968.32857",509708.727822185
"1868","45","20","1480","0","0","0","5257986.50587, 3270787.64164","4873968.96594, 3511968.32857",517849.494132034
"1869","45","21","1481","1","0","0","5259269.69124, 3256361.15097","4873968.96594, 3511968.32857",656729.916265977
"1870","45","22","1482","1","1","0","5260586.23166, 3241559.65898","4873968.96594, 3511968.32857",538881.563674157
"1871","45","23","1483","0","1","0","5262080.10934, 3226519.10892","4873968.96594, 3511968.32857",557795.552522793
"1872","45","24","1484","1","1","0","5263966.95842, 3211966.32132","4873968.96594, 3511968.32857",566763.843149507
"1873","45","25","1485","1","1","0","5263968.96594, 3196968.32857","4873968.96594, 3511968.32857",577174.214953251
"1874","45","26","1486","0","0","0","5263968.96594, 3181968.32857","4873968.96594, 3511968.32857",592142.148124006
"1875","45","27","1487","0","0","0","5263968.96594, 3166968.32857","4873968.96594, 3511968.32857",591812.120904365
"1876","45","28","1488","1","1","0","5263968.96594, 3151968.32857","4873968.96594, 3511968.32857",611329.337491658
"1877","45","29","1489","1","0","0","5263968.96594, 3136968.32857","4873968.96594, 3511968.32857",619678.865373385
"1878","45","30","1490","1","1","0","5263968.96594, 3121968.32857","4873968.96594, 3511968.32857",635853.599176892
"1879","45","31","1491","0","0","0","5263968.96594, 3106968.32857","4873968.96594, 3511968.32857",644892.190902943
"1880","45","32","1492","0","1","0","5263968.96594, 3091968.32857","4873968.96594, 3511968.32857",670268.819547892
"1881","45","33","1493","0","0","0","5263950.44726, 3076986.48006","4873968.96594, 3511968.32857",701624.70764636
"1882","45","34","1494","1","0","0","5261473.57023, 3063358.20425","4873968.96594, 3511968.32857",696425.712286845
"1883","45","35","1495","1","1","0","5257812.11431, 3052471.5235","4873968.96594, 3511968.32857",709304.40862062
"1914","46","24","1496","1","1","0","5276308.2105, 3209351.22702","4873968.96594, 3511968.32857",575034.3400329
"1915","46","25","1497","0","0","0","5278965.13647, 3196964.49985","4873968.96594, 3511968.32857",587305.018728719
"1916","46","26","1498","0","0","0","5278968.96594, 3181968.32857","4873968.96594, 3511968.32857",601988.381259485
"1917","46","27","1499","1","1","0","5278968.96594, 3166968.32857","4873968.96594, 3511968.32857",630557.871188569
"1918","46","28","1500","1","1","0","5278968.96594, 3151968.32857","4873968.96594, 3511968.32857",648347.036485869
"1919","46","29","1501","0","0","0","5278968.96594, 3136968.32857","4873968.96594, 3511968.32857",643945.11558478
"1920","46","30","1502","1","1","0","5278968.96594, 3121968.32857","4873968.96594, 3511968.32857",642889.221267316
"1921","46","31","1503","1","1","0","5278968.96594, 3106968.32857","4873968.96594, 3511968.32857",658702.704383995
"1922","46","32","1504","1","1","0","5278274.98874, 3092545.25252","4873968.96594, 3511968.32857",677100.311608778
"1923","46","33","1505","1","0","0","5274538.60148, 3079904.82393","4873968.96594, 3511968.32857",689832.638741476
"1957","47","25","1506","0","0","0","5291263.50969, 3194306.12297","4873968.96594, 3511968.32857",596482.751786791
"1958","47","26","1507","1","0","0","5293962.74671, 3181962.11091","4873968.96594, 3511968.32857",608208.479074076
"1959","47","27","1508","1","1","0","5293968.96594, 3166968.32857","4873968.96594, 3511968.32857",622521.953458089
"1960","47","28","1509","0","0","0","5293968.96594, 3151968.32857","4873968.96594, 3511968.32857",638031.618635968
"1961","47","29","1510","0","0","0","5293968.96594, 3136968.32857","4873968.96594, 3511968.32857",659753.05327347
"1962","47","30","1511","1","1","0","5293959.93759, 3121977.23415","4873968.96594, 3511968.32857",685565.170121027
"1963","47","31","1512","1","1","0","5291594.69886, 3108318.16104","4873968.96594, 3511968.32857",669664.898208327
"1964","47","32","1513","0","0","0","5287901.84507, 3097338.12437","4873968.96594, 3511968.32857",672329.665168961
"2000","48","26","1514","1","1","0","5305208.91307, 3179763.43741","4873968.96594, 3511968.32857",619173.527872064
"2001","48","27","1515","0","1","0","5306085.7841, 3166880.34201","4873968.96594, 3511968.32857",637401.824137808
"2002","48","28","1516","0","0","0","5306410.49903, 3151886.12804","4873968.96594, 3511968.32857",649420.735415778
"2003","48","29","1517","0","0","0","5306692.16446, 3136948.45488","4873968.96594, 3511968.32857",658027.037945448
"2004","48","30","1518","1","1","0","5304628.33224, 3124771.4248","4873968.96594, 3511968.32857",696525.221171546
