id,xIndex,yIndex,AUTO,BOOL_ROAD,BOOL_RAILWAY,BOOL_WATERCOURSE,start,end,cost
"8","1","8","1","0","0","0","4605647.02275, 3448348.83744","4873968.96594, 3511968.32857",389901.369452677
"9","1","9","2","1","1","0","4605574.02748, 3437270.74683","4873968.96594, 3511968.32857",392696.230871004
"10","1","10","3","1","0","0","4606984.16221, 3422367.26283","4873968.96594, 3511968.32857",397112.3393319
"11","1","11","4","0","0","0","4608385.73563, 3407554.26195","4873968.96594, 3511968.32857",391443.679435481
"12","1","12","5","0","0","0","4609756.08574, 3393071.25515","4873968.96594, 3511968.32857",384395.693436089
"13","1","13","6","1","1","0","4610869.70575, 3381301.58693","4873968.96594, 3511968.32857",368610.888286842
"16","1","16","7","1","0","0","4609721.20773, 3329049.57084",,
"17","1","17","8","0","0","0","4607248.33204, 3316085.71507","4873968.96594, 3511968.32857",406391.849308043
"18","1","18","9","0","0","0","4605967.77722, 3305377.86515","4873968.96594, 3511968.32857",417576.605952474
"49","2","7","10","0","0","0","4624854.08987, 3460202.33129","4873968.96594, 3511968.32857",374165.319825687
"50","2","8","11","0","0","0","4619447.45079, 3451275.12977","4873968.96594, 3511968.32857",383530.914994636
"51","2","9","12","1","1","0","4618968.96594, 3436968.32857","4873968.96594, 3511968.32857",383530.914994636
"52","2","10","13","1","1","0","4618968.96594, 3421968.32857","4873968.96594, 3511968.32857",375001.301866397
"53","2","11","14","0","1","0","4618968.96594, 3406968.32857","4873968.96594, 3511968.32857",391443.679435481
"54","2","12","15","0","1","0","4618968.96594, 3391968.32857","4873968.96594, 3511968.32857",384395.693436089
"55","2","13","16","1","1","0","4619061.12392, 3377041.33702","4873968.96594, 3511968.32857",362091.943523264
"56","2","14","17","1","1","0","4620172.20399, 3362251.27696","4873968.96594, 3511968.32857",361954.637835292
"57","2","15","18","1","1","0","4620413.2094, 3346532.59219","4873968.96594, 3511968.32857",377613.215573152
"58","2","16","19","1","1","0","4618978.80029, 3331958.84122","4873968.96594, 3511968.32857",393835.323806721
"59","2","17","20","1","1","0","4618968.96594, 3316968.32857","4873968.96594, 3511968.32857",406391.849308043
"60","2","18","21","1","1","0","4619483.85987, 3303108.07531","4873968.96594, 3511968.32857",393712.726623686
"61","2","19","22","0","0","0","4626340.24837, 3294423.90534","4873968.96594, 3511968.32857",383668.497239236
"91","3","7","23","0","0","0","4635487.84522, 3462618.98901","4873968.96594, 3511968.32857",374165.319825687
"92","3","8","24","0","0","0","4633968.96594, 3451968.32857","4873968.96594, 3511968.32857",374165.319825687
"93","3","9","25","0","1","0","4633968.96594, 3436968.32857","4873968.96594, 3511968.32857",371021.447475792
"94","3","10","26","1","1","0","4633968.96594, 3421968.32857","4873968.96594, 3511968.32857",364533.201092922
"95","3","11","27","1","1","0","4633968.96594, 3406968.32857","4873968.96594, 3511968.32857",340800.688163916
"96","3","12","28","1","1","0","4633968.96594, 3391968.32857","4873968.96594, 3511968.32857",332365.974868994
"97","3","13","29","1","1","0","4633968.96594, 3376968.32857","4873968.96594, 3511968.32857",343332.423490113
"98","3","14","30","1","0","0","4633968.96594, 3361968.32857","4873968.96594, 3511968.32857",359947.584231131
"99","3","15","31","1","0","0","4633968.96594, 3346968.32857","4873968.96594, 3511968.32857",373374.366834615
"100","3","16","32","1","0","0","4633968.96594, 3331968.32857","4873968.96594, 3511968.32857",391771.127986959
"101","3","17","33","0","0","0","4633968.96594, 3316968.32857","4873968.96594, 3511968.32857",407772.425452529
"102","3","18","34","1","1","0","4633968.96594, 3301968.32857","4873968.96594, 3511968.32857",385996.200236964
"103","3","19","35","1","1","0","4635615.53162, 3287071.95869","4873968.96594, 3511968.32857",373779.679709536
"104","3","20","36","1","1","0","4635717.47159, 3271967.97391","4873968.96594, 3511968.32857",381945.985878937
"105","3","21","37","1","1","0","4635861.53692, 3257195.75216","4873968.96594, 3511968.32857",412350.181167134
"106","3","22","38","0","0","0","4639132.20027, 3248148.07645","4873968.96594, 3511968.32857",427161.377173
"109","3","25","39","1","1","0","4641397.33692, 3191223.30843","4873968.96594, 3511968.32857",514559.258632527
"110","3","26","40","1","0","0","4641326.19891, 3187502.58646","4873968.96594, 3511968.32857",514559.258632527
"132","4","6","41","0","0","0","4655854.5672, 3474747.58861","4873968.96594, 3511968.32857",247350.936159138
"133","4","7","42","0","0","0","4649628.87497, 3465801.53009","4873968.96594, 3511968.32857",254788.026349873
"134","4","8","43","0","0","0","4648968.96594, 3451968.32857","4873968.96594, 3511968.32857",254788.026349873
"135","4","9","44","0","0","0","4648968.96594, 3436968.32857","4873968.96594, 3511968.32857",366531.889228854
"136","4","10","45","0","1","0","4648968.96594, 3421968.32857","4873968.96594, 3511968.32857",351881.968651804
"137","4","11","46","1","1","0","4648968.96594, 3406968.32857","4873968.96594, 3511968.32857",340800.688163916
"138","4","12","47","1","1","0","4648968.96594, 3391968.32857","4873968.96594, 3511968.32857",323458.08388343
"139","4","13","48","1","1","0","4648968.96594, 3376968.32857","4873968.96594, 3511968.32857",326141.116192678
"140","4","14","49","1","1","0","4648968.96594, 3361968.32857","4873968.96594, 3511968.32857",320164.595872986
"141","4","15","50","1","0","0","4648968.96594, 3346968.32857","4873968.96594, 3511968.32857",329958.346761284
"142","4","16","51","1","0","0","4648968.96594, 3331968.32857","4873968.96594, 3511968.32857",389162.875253913
"143","4","17","52","1","0","0","4648968.96594, 3316968.32857","4873968.96594, 3511968.32857",353785.455466494
"144","4","18","53","1","1","0","4648968.96594, 3301968.32857","4873968.96594, 3511968.32857",353785.455466494
"145","4","19","54","1","1","0","4648968.96594, 3286968.32857","4873968.96594, 3511968.32857",361003.835378035
"146","4","20","55","0","1","0","4648968.96594, 3271968.32857","4873968.96594, 3511968.32857",390078.789026221
"147","4","21","56","1","1","0","4648968.96594, 3256968.32857","4873968.96594, 3511968.32857",404167.574766495
"148","4","22","57","1","0","0","4649584.75897, 3242160.5052","4873968.96594, 3511968.32857",437342.221132084
"149","4","23","58","0","1","0","4649625.65726, 3226912.40505","4873968.96594, 3511968.32857",452515.875608782
"150","4","24","59","1","1","0","4649319.59569, 3211914.79986","4873968.96594, 3511968.32857",470526.705948591
"151","4","25","60","1","1","0","4649032.84438, 3196931.43689","4873968.96594, 3511968.32857",519744.176972309
"152","4","26","61","1","1","0","4650225.96894, 3182996.26046","4873968.96594, 3511968.32857",526158.359715214
"153","4","27","62","1","0","0","4654343.11169, 3171718.95396","4873968.96594, 3511968.32857",546426.921308077
"174","5","6","63","0","0","0","4665975.77384, 3477047.76303","4873968.96594, 3511968.32857",240816.073239812
"175","5","7","64","0","0","0","4663968.96594, 3466968.32857","4873968.96594, 3511968.32857",247350.936159138
"176","5","8","65","0","1","0","4663968.96594, 3451968.32857","4873968.96594, 3511968.32857",254788.026349873
"177","5","9","66","0","1","0","4663968.96594, 3436968.32857","4873968.96594, 3511968.32857",269744.406385899
"178","5","10","67","1","1","0","4663968.96594, 3421968.32857","4873968.96594, 3511968.32857",289463.9379155
"179","5","11","68","1","1","0","4663968.96594, 3406968.32857","4873968.96594, 3511968.32857",303930.682470686
"180","5","12","69","0","0","0","4663968.96594, 3391968.32857","4873968.96594, 3511968.32857",293463.020138283
"181","5","13","70","1","1","0","4663968.96594, 3376968.32857","4873968.96594, 3511968.32857",307091.270211094
"182","5","14","71","1","1","0","4663968.96594, 3361968.32857","4873968.96594, 3511968.32857",328146.263294976
"183","5","15","72","0","0","0","4663968.96594, 3346968.32857","4873968.96594, 3511968.32857",336411.184448521
"184","5","16","73","1","0","0","4663968.96594, 3331968.32857","4873968.96594, 3511968.32857",331369.916221829
"185","5","17","74","1","0","0","4663968.96594, 3316968.32857","4873968.96594, 3511968.32857",331562.295500043
"186","5","18","75","1","1","0","4663968.96594, 3301968.32857","4873968.96594, 3511968.32857",339692.747817876
"187","5","19","76","1","0","0","4663968.96594, 3286968.32857","4873968.96594, 3511968.32857",343245.329701199
"188","5","20","77","0","0","0","4663968.96594, 3271968.32857","4873968.96594, 3511968.32857",414794.193180164
"189","5","21","78","1","1","0","4663968.96594, 3256968.32857","4873968.96594, 3511968.32857",418520.384552006
"190","5","22","79","1","1","0","4663968.96594, 3241968.32857","4873968.96594, 3511968.32857",428098.648656421
"191","5","23","80","1","1","0","4663968.96594, 3226968.32857","4873968.96594, 3511968.32857",481510.853911742
"192","5","24","81","1","0","0","4663968.96594, 3211968.32857","4873968.96594, 3511968.32857",479187.49298935
"193","5","25","82","0","1","0","4663968.96594, 3196968.32857","4873968.96594, 3511968.32857",533906.414846808
"194","5","26","83","1","1","0","4663968.96594, 3181968.32857","4873968.96594, 3511968.32857",521946.49920078
"195","5","27","84","1","0","0","4664458.48265, 3167414.46612","4873968.96594, 3511968.32857",519928.23155084
"196","5","28","85","0","0","0","4668417.55791, 3153254.06633","4873968.96594, 3511968.32857",562243.857233869
"197","5","29","86","1","1","0","4669615.38776, 3137157.22806","4873968.96594, 3511968.32857",554449.64716055
"198","5","30","87","1","1","0","4669894.34089, 3122190.85637","4873968.96594, 3511968.32857",570902.607902436
"199","5","31","88","0","1","0","4670173.02252, 3107239.05098","4873968.96594, 3511968.32857",586078.266217694
"200","5","32","89","0","0","0","4670386.41039, 3096188.17591","4873968.96594, 3511968.32857",593522.041863512
"216","6","6","90","0","0","0","4679739.20169, 3480175.67909","4873968.96594, 3511968.32857",231333.384635346
"217","6","7","91","1","1","0","4678968.96594, 3466968.32857","4873968.96594, 3511968.32857",233880.379673887
"218","6","8","92","0","1","0","4678968.96594, 3451968.32857","4873968.96594, 3511968.32857",245625.581737271
"219","6","9","93","1","0","0","4678968.96594, 3436968.32857","4873968.96594, 3511968.32857",262154.266424685
"220","6","10","94","1","0","0","4678968.96594, 3421968.32857","4873968.96594, 3511968.32857",287370.027165496
"221","6","11","95","0","0","0","4678968.96594, 3406968.32857","4873968.96594, 3511968.32857",272179.354832404
"222","6","12","96","1","1","0","4678968.96594, 3391968.32857","4873968.96594, 3511968.32857",285789.557585608
"223","6","13","97","1","1","0","4678968.96594, 3376968.32857","4873968.96594, 3511968.32857",297451.483982744
"224","6","14","98","1","1","0","4678968.96594, 3361968.32857","4873968.96594, 3511968.32857",316878.13107645
"225","6","15","99","0","1","0","4678968.96594, 3346968.32857","4873968.96594, 3511968.32857",328607.302922548
"226","6","16","100","0","0","0","4678968.96594, 3331968.32857","4873968.96594, 3511968.32857",313382.46337587
"227","6","17","101","1","0","0","4678968.96594, 3316968.32857","4873968.96594, 3511968.32857",310066.089271741
"228","6","18","102","1","1","0","4678968.96594, 3301968.32857","4873968.96594, 3511968.32857",322743.79313369
"229","6","19","103","1","1","0","4678968.96594, 3286968.32857","4873968.96594, 3511968.32857",338414.336663382
"230","6","20","104","0","0","0","4678968.96594, 3271968.32857","4873968.96594, 3511968.32857",398542.470947417
"231","6","21","105","1","1","0","4678968.96594, 3256968.32857","4873968.96594, 3511968.32857",404688.063530686
"232","6","22","106","0","1","0","4678968.96594, 3241968.32857","4873968.96594, 3511968.32857",439674.968485875
"233","6","23","107","1","1","0","4678968.96594, 3226968.32857","4873968.96594, 3511968.32857",471770.067546689
"234","6","24","108","0","1","0","4678968.96594, 3211968.32857","4873968.96594, 3511968.32857",479552.616134006
"235","6","25","109","1","1","0","4678968.96594, 3196968.32857","4873968.96594, 3511968.32857",495347.37323371
"236","6","26","110","1","1","0","4678968.96594, 3181968.32857","4873968.96594, 3511968.32857",519553.945539024
"237","6","27","111","1","1","0","4678968.96594, 3166968.32857","4873968.96594, 3511968.32857",532709.242352727
"238","6","28","112","0","1","0","4678968.96594, 3151968.32857","4873968.96594, 3511968.32857",547314.441497334
"239","6","29","113","1","1","0","4678968.96594, 3136968.32857","4873968.96594, 3511968.32857",545637.3710689
"240","6","30","114","1","1","0","4678968.96594, 3121968.32857","4873968.96594, 3511968.32857",568162.622661692
"241","6","31","115","1","1","0","4678968.96594, 3106968.32857","4873968.96594, 3511968.32857",596347.829037789
"242","6","32","116","1","1","0","4679320.67321, 3095462.02356","4873968.96594, 3511968.32857",601016.304177896
"257","7","5","117","0","0","0","4696855.04452, 3491565.47458","4873968.96594, 3511968.32857",214019.002107583
"258","7","6","118","0","0","0","4693978.6184, 3481958.39037","4873968.96594, 3511968.32857",217789.391991105
"259","7","7","119","1","1","0","4693968.96594, 3466968.32857","4873968.96594, 3511968.32857",221276.794445771
"260","7","8","120","1","0","0","4693968.96594, 3451968.32857","4873968.96594, 3511968.32857",236677.692397486
"261","7","9","121","1","0","0","4693968.96594, 3436968.32857","4873968.96594, 3511968.32857",242289.872856733
"262","7","10","122","0","1","0","4693968.96594, 3421968.32857","4873968.96594, 3511968.32857",254228.702055664
"263","7","11","123","0","1","0","4693968.96594, 3406968.32857","4873968.96594, 3511968.32857",266242.832617222
"264","7","12","124","1","1","0","4693968.96594, 3391968.32857","4873968.96594, 3511968.32857",264929.31782239
"265","7","13","125","0","0","0","4693968.96594, 3376968.32857","4873968.96594, 3511968.32857",298074.178495649
"266","7","14","126","1","1","0","4693968.96594, 3361968.32857","4873968.96594, 3511968.32857",302167.557298473
"267","7","15","127","0","1","0","4693968.96594, 3346968.32857","4873968.96594, 3511968.32857",311048.191084306
"268","7","16","128","1","1","0","4693968.96594, 3331968.32857","4873968.96594, 3511968.32857",302828.847557431
"269","7","17","129","1","1","0","4693968.96594, 3316968.32857","4873968.96594, 3511968.32857",303150.895277784
"270","7","18","130","0","1","0","4693968.96594, 3301968.32857","4873968.96594, 3511968.32857",315811.010122651
"271","7","19","131","1","1","0","4693968.96594, 3286968.32857","4873968.96594, 3511968.32857",357381.136239714
"272","7","20","132","1","1","0","4693968.96594, 3271968.32857","4873968.96594, 3511968.32857",376708.268118345
"273","7","21","133","1","1","0","4693968.96594, 3256968.32857","4873968.96594, 3511968.32857",401892.780176133
"274","7","22","134","1","0","0","4693968.96594, 3241968.32857","4873968.96594, 3511968.32857",399569.0959609
"275","7","23","135","1","1","0","4693968.96594, 3226968.32857","4873968.96594, 3511968.32857",461690.996028285
"276","7","24","136","1","1","0","4693968.96594, 3211968.32857","4873968.96594, 3511968.32857",472687.044670497
"277","7","25","137","1","0","0","4693968.96594, 3196968.32857","4873968.96594, 3511968.32857",491288.188443698
"278","7","26","138","1","1","0","4693968.96594, 3181968.32857","4873968.96594, 3511968.32857",522347.729614347
"279","7","27","139","1","1","0","4693968.96594, 3166968.32857","4873968.96594, 3511968.32857",528372.378958503
"280","7","28","140","0","0","0","4693968.96594, 3151968.32857","4873968.96594, 3511968.32857",531213.946822251
"281","7","29","141","1","1","0","4693968.96594, 3136968.32857","4873968.96594, 3511968.32857",527851.49937781
"282","7","30","142","1","1","0","4693968.96594, 3121968.32857","4873968.96594, 3511968.32857",559918.856942125
"283","7","31","143","0","1","0","4693968.96594, 3106968.32857","4873968.96594, 3511968.32857",607694.536450244
"284","7","32","144","0","1","0","4694243.44436, 3094347.93985","4873968.96594, 3511968.32857",602912.131290882
"299","8","5","145","0","0","0","4709847.52499, 3494518.18292","4873968.96594, 3511968.32857",200560.819192653
"300","8","6","146","0","0","0","4708968.96594, 3481968.32857","4873968.96594, 3511968.32857",200560.819192653
"301","8","7","147","1","1","0","4708968.96594, 3466968.32857","4873968.96594, 3511968.32857",205821.352787505
"302","8","8","148","1","1","0","4708968.96594, 3451968.32857","4873968.96594, 3511968.32857",216940.762701676
"303","8","9","149","0","1","0","4708968.96594, 3436968.32857","4873968.96594, 3511968.32857",230423.84937201
"304","8","10","150","0","1","0","4708968.96594, 3421968.32857","4873968.96594, 3511968.32857",240472.543560663
"305","8","11","151","0","0","0","4708968.96594, 3406968.32857","4873968.96594, 3511968.32857",250696.337945188
"306","8","12","152","1","1","0","4708968.96594, 3391968.32857","4873968.96594, 3511968.32857",250696.337945188
"307","8","13","153","1","1","0","4708968.96594, 3376968.32857","4873968.96594, 3511968.32857",286150.763554554
"308","8","14","154","1","1","0","4708968.96594, 3361968.32857","4873968.96594, 3511968.32857",282201.921992796
"309","8","15","155","0","0","0","4708968.96594, 3346968.32857","4873968.96594, 3511968.32857",298497.436345591
"310","8","16","156","1","1","0","4708968.96594, 3331968.32857","4873968.96594, 3511968.32857",290474.475460717
"311","8","17","157","0","1","0","4708968.96594, 3316968.32857","4873968.96594, 3511968.32857",287974.06764679
"312","8","18","158","0","0","0","4708968.96594, 3301968.32857","4873968.96594, 3511968.32857",378539.868457038
"313","8","19","159","1","1","0","4708968.96594, 3286968.32857","4873968.96594, 3511968.32857",369798.929909714
"314","8","20","160","1","1","0","4708968.96594, 3271968.32857","4873968.96594, 3511968.32857",380424.617682112
"315","8","21","161","1","1","0","4708968.96594, 3256968.32857","4873968.96594, 3511968.32857",386477.144821868
"316","8","22","162","1","1","0","4708968.96594, 3241968.32857","4873968.96594, 3511968.32857",481772.02045529
"317","8","23","163","1","1","0","4708968.96594, 3226968.32857","4873968.96594, 3511968.32857",473306.408784836
"318","8","24","164","1","1","0","4708968.96594, 3211968.32857","4873968.96594, 3511968.32857",450053.32134153
"319","8","25","165","1","1","0","4708968.96594, 3196968.32857","4873968.96594, 3511968.32857",438343.938425167
"320","8","26","166","1","1","0","4708968.96594, 3181968.32857","4873968.96594, 3511968.32857",533426.549182008
"321","8","27","167","1","1","0","4708968.96594, 3166968.32857","4873968.96594, 3511968.32857",515203.84087973
"322","8","28","168","1","1","0","4708968.96594, 3151968.32857","4873968.96594, 3511968.32857",507313.142506496
"323","8","29","169","1","1","0","4708968.96594, 3136968.32857","4873968.96594, 3511968.32857",510619.760120521
"324","8","30","170","1","1","0","4708968.96594, 3121968.32857","4873968.96594, 3511968.32857",548940.933548401
"325","8","31","171","1","1","0","4708968.96594, 3106968.32857","4873968.96594, 3511968.32857",586007.958059371
"326","8","32","172","1","1","0","4709194.02523, 3093231.77996","4873968.96594, 3511968.32857",595027.331720534
"340","9","4","173","0","0","0","4727855.52184, 3506110.73189","4873968.96594, 3511968.32857",168097.012038237
"341","9","5","174","0","0","0","4724077.71022, 3496846.13089","4873968.96594, 3511968.32857",168097.012038237
"342","9","6","175","1","1","0","4723968.96594, 3481968.32857","4873968.96594, 3511968.32857",182941.180258184
"343","9","7","176","1","1","0","4723968.96594, 3466968.32857","4873968.96594, 3511968.32857",193061.687390962
"344","9","8","177","0","1","0","4723968.96594, 3451968.32857","4873968.96594, 3511968.32857",221020.945113287
"345","9","9","178","0","1","0","4723968.96594, 3436968.32857","4873968.96594, 3511968.32857",227645.234863259
"346","9","10","179","0","0","0","4723968.96594, 3421968.32857","4873968.96594, 3511968.32857",232569.590127694
"347","9","11","180","1","0","0","4723968.96594, 3406968.32857","4873968.96594, 3511968.32857",235935.461486389
"348","9","12","181","1","1","0","4723968.96594, 3391968.32857","4873968.96594, 3511968.32857",235935.461486389
"349","9","13","182","1","0","0","4723968.96594, 3376968.32857","4873968.96594, 3511968.32857",272356.333626743
"350","9","14","183","0","1","0","4723968.96594, 3361968.32857","4873968.96594, 3511968.32857",265810.130751348
"351","9","15","184","1","0","0","4723968.96594, 3346968.32857","4873968.96594, 3511968.32857",265810.130751348
"352","9","16","185","1","1","0","4723968.96594, 3331968.32857","4873968.96594, 3511968.32857",279558.074183489
"353","9","17","186","0","1","0","4723968.96594, 3316968.32857","4873968.96594, 3511968.32857",274121.807912269
"354","9","18","187","0","0","0","4723968.96594, 3301968.32857","4873968.96594, 3511968.32857",381088.93505588
"355","9","19","188","1","1","0","4723968.96594, 3286968.32857","4873968.96594, 3511968.32857",383303.366334506
"356","9","20","189","1","0","0","4723968.96594, 3271968.32857","4873968.96594, 3511968.32857",386045.412978893
"357","9","21","190","1","1","0","4723968.96594, 3256968.32857","4873968.96594, 3511968.32857",368533.72844039
"358","9","22","191","1","1","0","4723968.96594, 3241968.32857","4873968.96594, 3511968.32857",374702.736000322
"359","9","23","192","1","0","0","4723968.96594, 3226968.32857","4873968.96594, 3511968.32857",370932.897151895
"360","9","24","193","0","0","0","4723968.96594, 3211968.32857","4873968.96594, 3511968.32857",446202.08260644
"361","9","25","194","1","1","0","4723968.96594, 3196968.32857","4873968.96594, 3511968.32857",429440.955111662
"362","9","26","195","1","0","0","4723968.96594, 3181968.32857","4873968.96594, 3511968.32857",424169.699106309
"363","9","27","196","1","1","0","4723968.96594, 3166968.32857","4873968.96594, 3511968.32857",504064.642987176
"364","9","28","197","1","1","0","4723968.96594, 3151968.32857","4873968.96594, 3511968.32857",494275.841968184
"365","9","29","198","1","1","0","4723968.96594, 3136968.32857","4873968.96594, 3511968.32857",493216.934528103
"366","9","30","199","0","1","0","4723968.96594, 3121968.32857","4873968.96594, 3511968.32857",558056.507897326
"367","9","31","200","1","1","0","4723968.96594, 3106968.32857","4873968.96594, 3511968.32857",573470.614855801
"368","9","32","201","0","1","0","4724105.50851, 3092192.07754","4873968.96594, 3511968.32857",579548.41200552
"369","9","33","202","0","0","0","4729685.15248, 3084201.98159","4873968.96594, 3511968.32857",568468.612559641
"382","10","4","203","0","0","0","4739991.30293, 3508868.74428","4873968.96594, 3511968.32857",168097.012038237
"383","10","5","204","1","1","0","4738968.96594, 3496968.32857","4873968.96594, 3511968.32857",165219.022844147
"384","10","6","205","1","1","0","4738968.96594, 3481968.32857","4873968.96594, 3511968.32857",171231.632321188
"385","10","7","206","1","0","0","4738968.96594, 3466968.32857","4873968.96594, 3511968.32857",178579.570184148
"386","10","8","207","1","0","0","4738968.96594, 3451968.32857","4873968.96594, 3511968.32857",225829.838966157
"387","10","9","208","0","1","0","4738968.96594, 3436968.32857","4873968.96594, 3511968.32857",216513.526385824
"388","10","10","209","0","0","0","4738968.96594, 3421968.32857","4873968.96594, 3511968.32857",213019.727519068
"389","10","11","210","1","1","0","4738968.96594, 3406968.32857","4873968.96594, 3511968.32857",216074.076919363
"390","10","12","211","0","1","0","4738968.96594, 3391968.32857","4873968.96594, 3511968.32857",223090.345837661
"391","10","13","212","1","0","0","4738968.96594, 3376968.32857","4873968.96594, 3511968.32857",243754.462368642
"392","10","14","213","1","1","0","4738968.96594, 3361968.32857","4873968.96594, 3511968.32857",252935.838841753
"393","10","15","214","1","0","0","4738968.96594, 3346968.32857","4873968.96594, 3511968.32857",243224.176455701
"394","10","16","215","0","1","0","4738968.96594, 3331968.32857","4873968.96594, 3511968.32857",253220.228955578
"395","10","17","216","0","1","0","4738968.96594, 3316968.32857","4873968.96594, 3511968.32857",280673.01562709
"396","10","18","217","0","0","0","4738968.96594, 3301968.32857","4873968.96594, 3511968.32857",290072.509616831
"397","10","19","218","1","0","0","4738968.96594, 3286968.32857","4873968.96594, 3511968.32857",383303.366334506
"398","10","20","219","1","0","0","4738968.96594, 3271968.32857","4873968.96594, 3511968.32857",351093.535805845
"399","10","21","220","0","1","0","4738968.96594, 3256968.32857","4873968.96594, 3511968.32857",353099.741766325
"400","10","22","221","1","1","0","4738968.96594, 3241968.32857","4873968.96594, 3511968.32857",374332.644988292
"401","10","23","222","0","1","0","4738968.96594, 3226968.32857","4873968.96594, 3511968.32857",372755.356645002
"402","10","24","223","0","0","0","4738968.96594, 3211968.32857","4873968.96594, 3511968.32857",394382.794709005
"403","10","25","224","1","1","0","4738968.96594, 3196968.32857","4873968.96594, 3511968.32857",403585.326898686
"404","10","26","225","1","1","0","4738968.96594, 3181968.32857","4873968.96594, 3511968.32857",414204.264737032
"405","10","27","226","1","0","0","4738968.96594, 3166968.32857","4873968.96594, 3511968.32857",445978.86593246
"406","10","28","227","1","1","0","4738968.96594, 3151968.32857","4873968.96594, 3511968.32857",482025.17719917
"407","10","29","228","1","1","0","4738968.96594, 3136968.32857","4873968.96594, 3511968.32857",479147.489299603
"408","10","30","229","0","0","0","4738968.96594, 3121968.32857","4873968.96594, 3511968.32857",487101.82151725
"409","10","31","230","1","1","0","4738968.96594, 3106968.32857","4873968.96594, 3511968.32857",554664.077116641
"410","10","32","231","1","1","0","4738968.96594, 3091968.32857","4873968.96594, 3511968.32857",552495.510043222
"411","10","33","232","1","1","0","4740427.94637, 3083399.96086","4873968.96594, 3511968.32857",556382.243396058
"423","11","3","233","0","0","0","4758855.99917, 3520655.9892","4873968.96594, 3511968.32857",136267.000152642
"424","11","4","234","0","0","0","4754248.2699, 3511617.89723","4873968.96594, 3511968.32857",136267.000152642
"425","11","5","235","1","1","0","4753968.96594, 3496968.32857","4873968.96594, 3511968.32857",143603.705259118
"426","11","6","236","1","0","0","4753968.96594, 3481968.32857","4873968.96594, 3511968.32857",150274.832570952
"427","11","7","237","0","0","0","4753968.96594, 3466968.32857","4873968.96594, 3511968.32857",165377.547017932
"428","11","8","238","1","0","0","4753968.96594, 3451968.32857","4873968.96594, 3511968.32857",170654.012092096
"429","11","9","239","1","1","0","4753968.96594, 3436968.32857","4873968.96594, 3511968.32857",207257.4454793
"430","11","10","240","1","1","0","4753968.96594, 3421968.32857","4873968.96594, 3511968.32857",195986.775129997
"431","11","11","241","1","1","0","4753968.96594, 3406968.32857","4873968.96594, 3511968.32857",203558.115495614
"432","11","12","242","0","0","0","4753968.96594, 3391968.32857","4873968.96594, 3511968.32857",212926.509519748
"433","11","13","243","1","1","0","4753968.96594, 3376968.32857","4873968.96594, 3511968.32857",236651.049093508
"434","11","14","244","1","1","0","4753968.96594, 3361968.32857","4873968.96594, 3511968.32857",228801.860138667
"435","11","15","245","0","1","0","4753968.96594, 3346968.32857","4873968.96594, 3511968.32857",233637.490836607
"436","11","16","246","0","1","0","4753968.96594, 3331968.32857","4873968.96594, 3511968.32857",241045.095096155
"437","11","17","247","0","1","0","4753968.96594, 3316968.32857","4873968.96594, 3511968.32857",296433.561346917
"438","11","18","248","0","1","0","4753968.96594, 3301968.32857","4873968.96594, 3511968.32857",298307.245926941
"439","11","19","249","1","0","0","4753968.96594, 3286968.32857","4873968.96594, 3511968.32857",315187.503510971
"440","11","20","250","1","1","0","4753968.96594, 3271968.32857","4873968.96594, 3511968.32857",334338.030425363
"441","11","21","251","1","1","0","4753968.96594, 3256968.32857","4873968.96594, 3511968.32857",344939.227648268
"442","11","22","252","1","1","0","4753968.96594, 3241968.32857","4873968.96594, 3511968.32857",352974.697748017
"443","11","23","253","0","1","0","4753968.96594, 3226968.32857","4873968.96594, 3511968.32857",383622.890685812
"444","11","24","254","1","1","0","4753968.96594, 3211968.32857","4873968.96594, 3511968.32857",385564.653726931
"445","11","25","255","1","1","0","4753968.96594, 3196968.32857","4873968.96594, 3511968.32857",390542.805759545
"446","11","26","256","0","1","0","4753968.96594, 3181968.32857","4873968.96594, 3511968.32857",426475.503951349
"447","11","27","257","1","1","0","4753968.96594, 3166968.32857","4873968.96594, 3511968.32857",441170.494229261
"448","11","28","258","1","1","0","4753968.96594, 3151968.32857","4873968.96594, 3511968.32857",458387.560830456
"449","11","29","259","1","1","0","4753968.96594, 3136968.32857","4873968.96594, 3511968.32857",476384.027101934
"450","11","30","260","1","1","0","4753968.96594, 3121968.32857","4873968.96594, 3511968.32857",492402.725930889
"451","11","31","261","1","1","0","4753968.96594, 3106968.32857","4873968.96594, 3511968.32857",504188.826773434
"452","11","32","262","1","1","0","4753968.96594, 3091968.32857","4873968.96594, 3511968.32857",534677.397019355
"453","11","33","263","1","1","0","4754642.18068, 3082338.77412","4873968.96594, 3511968.32857",535692.881452342
"465","12","3","264","0","0","0","4770191.34823, 3523232.09311","4873968.96594, 3511968.32857",136267.000152642
"466","12","4","265","1","1","0","4768968.96594, 3511968.32857","4873968.96594, 3511968.32857",127706.208994989
"467","12","5","266","1","1","0","4768968.96594, 3496968.32857","4873968.96594, 3511968.32857",134030.637283751
"468","12","6","267","0","1","0","4768968.96594, 3481968.32857","4873968.96594, 3511968.32857",150799.314578132
"469","12","7","268","0","1","0","4768968.96594, 3466968.32857","4873968.96594, 3511968.32857",165377.547017932
"470","12","8","269","1","1","0","4768968.96594, 3451968.32857","4873968.96594, 3511968.32857",178467.85918157
"471","12","9","270","1","1","0","4768968.96594, 3436968.32857","4873968.96594, 3511968.32857",200472.50301273
"472","12","10","271","1","1","0","4768968.96594, 3421968.32857","4873968.96594, 3511968.32857",191593.918049617
"473","12","11","272","1","1","0","4768968.96594, 3406968.32857","4873968.96594, 3511968.32857",201729.653287018
"474","12","12","273","1","1","0","4768968.96594, 3391968.32857","4873968.96594, 3511968.32857",217522.759549578
"475","12","13","274","1","1","0","4768968.96594, 3376968.32857","4873968.96594, 3511968.32857",234378.912581184
"476","12","14","275","1","1","0","4768968.96594, 3361968.32857","4873968.96594, 3511968.32857",219103.527664211
"477","12","15","276","1","1","0","4768968.96594, 3346968.32857","4873968.96594, 3511968.32857",219913.318092266
"478","12","16","277","0","0","0","4768968.96594, 3331968.32857","4873968.96594, 3511968.32857",270192.208112805
"479","12","17","278","0","0","0","4768968.96594, 3316968.32857","4873968.96594, 3511968.32857",270192.208112805
"480","12","18","279","0","1","0","4768968.96594, 3301968.32857","4873968.96594, 3511968.32857",315187.503510971
"481","12","19","280","1","1","0","4768968.96594, 3286968.32857","4873968.96594, 3511968.32857",307135.148299499
"482","12","20","281","1","1","0","4768968.96594, 3271968.32857","4873968.96594, 3511968.32857",318591.151191967
"483","12","21","282","1","1","0","4768968.96594, 3256968.32857","4873968.96594, 3511968.32857",330387.630122615
"484","12","22","283","1","1","0","4768968.96594, 3241968.32857","4873968.96594, 3511968.32857",338496.3465844
"485","12","23","284","1","1","0","4768968.96594, 3226968.32857","4873968.96594, 3511968.32857",350618.500686176
"486","12","24","285","1","1","0","4768968.96594, 3211968.32857","4873968.96594, 3511968.32857",371438.456343887
"487","12","25","286","0","0","0","4768968.96594, 3196968.32857","4873968.96594, 3511968.32857",375379.942121868
"488","12","26","287","0","0","0","4768968.96594, 3181968.32857","4873968.96594, 3511968.32857",431110.451167397
"489","12","27","288","1","1","0","4768968.96594, 3166968.32857","4873968.96594, 3511968.32857",452950.459543017
"490","12","28","289","1","0","0","4768968.96594, 3151968.32857","4873968.96594, 3511968.32857",484543.733640478
"491","12","29","290","1","1","0","4768968.96594, 3136968.32857","4873968.96594, 3511968.32857",484543.733640478
"492","12","30","291","1","1","0","4768968.96594, 3121968.32857","4873968.96594, 3511968.32857",508090.106241737
"493","12","31","292","1","1","0","4768968.96594, 3106968.32857","4873968.96594, 3511968.32857",503942.581431614
"494","12","32","293","1","1","0","4768968.96594, 3091968.32857","4873968.96594, 3511968.32857",525531.287504379
"495","12","33","294","0","1","0","4770603.7521, 3078081.25328","4873968.96594, 3511968.32857",536693.462965781
"496","12","34","295","0","0","0","4771147.54163, 3061569.32094","4873968.96594, 3511968.32857",551538.403837531
"497","12","35","296","1","0","0","4772537.07668, 3050989.14763","4873968.96594, 3511968.32857",571434.628344252
"506","13","2","297","0","0","0","4789856.47649, 3535201.24652","4873968.96594, 3511968.32857",99879.4735500373
"507","13","3","298","0","0","0","4784447.92637, 3526274.16443","4873968.96594, 3511968.32857",110275.708126827
"508","13","4","299","1","1","0","4783968.96594, 3511968.32857","4873968.96594, 3511968.32857",110275.708126827
"509","13","5","300","1","0","0","4783968.96594, 3496968.32857","4873968.96594, 3511968.32857",123173.065168199
"510","13","6","301","1","0","0","4783968.96594, 3481968.32857","4873968.96594, 3511968.32857",152868.572645645
"511","13","7","302","1","0","0","4783968.96594, 3466968.32857","4873968.96594, 3511968.32857",176514.475717172
"512","13","8","303","1","1","0","4783968.96594, 3451968.32857","4873968.96594, 3511968.32857",184466.194092932
"513","13","9","304","1","0","0","4783968.96594, 3436968.32857","4873968.96594, 3511968.32857",202919.068670051
"514","13","10","305","1","1","0","4783968.96594, 3421968.32857","4873968.96594, 3511968.32857",167842.804263917
"515","13","11","306","1","0","0","4783968.96594, 3406968.32857","4873968.96594, 3511968.32857",161948.958993666
"516","13","12","307","1","1","0","4783968.96594, 3391968.32857","4873968.96594, 3511968.32857",176748.388204764
"517","13","13","308","0","1","0","4783968.96594, 3376968.32857","4873968.96594, 3511968.32857",189952.47815999
"518","13","14","309","1","1","0","4783968.96594, 3361968.32857","4873968.96594, 3511968.32857",198241.599381481
"519","13","15","310","1","1","0","4783968.96594, 3346968.32857","4873968.96594, 3511968.32857",225392.067021346
"520","13","16","311","1","1","0","4783968.96594, 3331968.32857","4873968.96594, 3511968.32857",239417.659656663
"521","13","17","312","1","1","0","4783968.96594, 3316968.32857","4873968.96594, 3511968.32857",263479.701302148
"522","13","18","313","1","1","0","4783968.96594, 3301968.32857","4873968.96594, 3511968.32857",274378.334718821
"523","13","19","314","1","1","0","4783968.96594, 3286968.32857","4873968.96594, 3511968.32857",290521.445013141
"524","13","20","315","1","1","0","4783968.96594, 3271968.32857","4873968.96594, 3511968.32857",302549.840062079
"525","13","21","316","1","1","0","4783968.96594, 3256968.32857","4873968.96594, 3511968.32857",317416.586726742
"526","13","22","317","1","1","0","4783968.96594, 3241968.32857","4873968.96594, 3511968.32857",329865.114858282
"527","13","23","318","0","0","0","4783968.96594, 3226968.32857","4873968.96594, 3511968.32857",376650.632609465
"528","13","24","319","1","1","0","4783968.96594, 3211968.32857","4873968.96594, 3511968.32857",373878.86007387
"529","13","25","320","1","1","0","4783968.96594, 3196968.32857","4873968.96594, 3511968.32857",384572.173827427
"530","13","26","321","1","0","0","4783968.96594, 3181968.32857","4873968.96594, 3511968.32857",399753.06595493
"531","13","27","322","1","1","0","4783968.96594, 3166968.32857","4873968.96594, 3511968.32857",464286.088755273
"532","13","28","323","0","1","0","4783968.96594, 3151968.32857","4873968.96594, 3511968.32857",473322.069452333
"533","13","29","324","1","1","0","4783968.96594, 3136968.32857","4873968.96594, 3511968.32857",480698.516289701
"534","13","30","325","1","1","0","4783968.96594, 3121968.32857","4873968.96594, 3511968.32857",483528.762718573
"535","13","31","326","1","1","0","4783968.96594, 3106968.32857","4873968.96594, 3511968.32857",496104.013684933
"536","13","32","327","0","1","0","4783968.96594, 3091968.32857","4873968.96594, 3511968.32857",518093.037679791
"537","13","33","328","0","1","0","4783968.96594, 3076968.32857","4873968.96594, 3511968.32857",546950.172964219
"538","13","34","329","1","1","0","4783968.96594, 3061968.32857","4873968.96594, 3511968.32857",555929.303497351
"539","13","35","330","1","0","0","4784287.86472, 3047298.14292","4873968.96594, 3511968.32857",560255.817539352
"540","13","36","331","0","0","0","4788187.6728, 3036564.83566","4873968.96594, 3511968.32857",572825.360457665
"548","14","2","332","0","1","0","4800488.72668, 3537617.56216","4873968.96594, 3511968.32857",99879.4735500373
"549","14","3","333","0","0","0","4798968.96594, 3526968.32857","4873968.96594, 3511968.32857",97757.4805574189
"550","14","4","334","1","1","0","4798968.96594, 3511968.32857","4873968.96594, 3511968.32857",96923.737762729
"551","14","5","335","0","0","0","4798968.96594, 3496968.32857","4873968.96594, 3511968.32857",96923.737762729
"552","14","6","336","0","0","0","4798968.96594, 3481968.32857","4873968.96594, 3511968.32857",152868.572645645
"553","14","7","337","1","0","0","4798968.96594, 3466968.32857","4873968.96594, 3511968.32857",180677.287078431
"554","14","8","338","0","0","0","4798968.96594, 3451968.32857","4873968.96594, 3511968.32857",184466.194092932
"555","14","9","339","0","0","0","4798968.96594, 3436968.32857","4873968.96594, 3511968.32857",151114.854060195
"556","14","10","340","1","1","0","4798968.96594, 3421968.32857","4873968.96594, 3511968.32857",151114.854060195
"557","14","11","341","1","1","0","4798968.96594, 3406968.32857","4873968.96594, 3511968.32857",154851.113745979
"558","14","12","342","0","1","0","4798968.96594, 3391968.32857","4873968.96594, 3511968.32857",166041.051624847
"559","14","13","343","0","0","0","4798968.96594, 3376968.32857","4873968.96594, 3511968.32857",181378.054280905
"560","14","14","344","1","1","0","4798968.96594, 3361968.32857","4873968.96594, 3511968.32857",225808.008115541
"561","14","15","345","0","1","0","4798968.96594, 3346968.32857","4873968.96594, 3511968.32857",229699.137896168
"562","14","16","346","0","1","0","4798968.96594, 3331968.32857","4873968.96594, 3511968.32857",233539.911416943
"563","14","17","347","0","1","0","4798968.96594, 3316968.32857","4873968.96594, 3511968.32857",248696.576122649
"564","14","18","348","0","1","0","4798968.96594, 3301968.32857","4873968.96594, 3511968.32857",266819.806469349
"565","14","19","349","1","1","0","4798968.96594, 3286968.32857","4873968.96594, 3511968.32857",294386.018863458
"566","14","20","350","1","1","0","4798968.96594, 3271968.32857","4873968.96594, 3511968.32857",306284.00937651
"567","14","21","351","1","1","0","4798968.96594, 3256968.32857","4873968.96594, 3511968.32857",312970.147564174
"568","14","22","352","0","0","0","4798968.96594, 3241968.32857","4873968.96594, 3511968.32857",324268.967790046
"569","14","23","353","1","1","0","4798968.96594, 3226968.32857","4873968.96594, 3511968.32857",366717.447415329
"570","14","24","354","1","1","0","4798968.96594, 3211968.32857","4873968.96594, 3511968.32857",395155.039790188
"571","14","25","355","1","1","0","4798968.96594, 3196968.32857","4873968.96594, 3511968.32857",406082.440999066
"572","14","26","356","1","1","0","4798968.96594, 3181968.32857","4873968.96594, 3511968.32857",404817.840319481
"573","14","27","357","1","1","0","4798968.96594, 3166968.32857","4873968.96594, 3511968.32857",419552.904703846
"574","14","28","358","0","1","0","4798968.96594, 3151968.32857","4873968.96594, 3511968.32857",435794.839521423
"575","14","29","359","1","1","0","4798968.96594, 3136968.32857","4873968.96594, 3511968.32857",462722.341952867
"576","14","30","360","1","1","0","4798968.96594, 3121968.32857","4873968.96594, 3511968.32857",466618.739258393
"577","14","31","361","1","1","0","4798968.96594, 3106968.32857","4873968.96594, 3511968.32857",484539.466454241
"578","14","32","362","1","1","0","4798968.96594, 3091968.32857","4873968.96594, 3511968.32857",532334.702473629
"579","14","33","363","1","1","0","4798968.96594, 3076968.32857","4873968.96594, 3511968.32857",539372.891078313
"580","14","34","364","1","1","0","4798968.96594, 3061968.32857","4873968.96594, 3511968.32857",540306.556862041
"581","14","35","365","1","1","0","4798939.10247, 3046995.76273","4873968.96594, 3511968.32857",562557.682522979
"582","14","36","366","1","1","0","4798092.37119, 3033250.85432","4873968.96594, 3511968.32857",576100.394678184
"583","14","37","367","0","0","0","4800221.9291, 3023824.19166","4873968.96594, 3511968.32857",586176.921187476
"589","15","1","368","0","0","0","4820856.95381, 3549746.50383","4873968.96594, 3511968.32857",92314.9496034622
"590","15","2","369","0","1","0","4814629.23946, 3540800.22046","4873968.96594, 3511968.32857",92314.9496034622
"591","15","3","370","0","1","0","4813968.96594, 3526968.32857","4873968.96594, 3511968.32857",85291.4674979977
"592","15","4","371","1","1","0","4813968.96594, 3511968.32857","4873968.96594, 3511968.32857",82178.3207591028
"593","15","5","372","0","0","0","4813968.96594, 3496968.32857","4873968.96594, 3511968.32857",86777.0286097984
"594","15","6","373","1","0","0","4813968.96594, 3481968.32857","4873968.96594, 3511968.32857",75404.468110517
"595","15","7","374","1","0","0","4813968.96594, 3466968.32857","4873968.96594, 3511968.32857",79825.3668863267
"596","15","8","375","0","0","0","4813968.96594, 3451968.32857","4873968.96594, 3511968.32857",95995.8978469368
"597","15","9","376","0","1","0","4813968.96594, 3436968.32857","4873968.96594, 3511968.32857",115108.38269215
"598","15","10","377","1","1","0","4813968.96594, 3421968.32857","4873968.96594, 3511968.32857",134668.521206104
"599","15","11","378","1","1","0","4813968.96594, 3406968.32857","4873968.96594, 3511968.32857",142767.934685345
"600","15","12","379","1","1","0","4813968.96594, 3391968.32857","4873968.96594, 3511968.32857",166320.986723335
"601","15","13","380","0","1","0","4813968.96594, 3376968.32857","4873968.96594, 3511968.32857",178944.258358352
"602","15","14","381","1","1","0","4813968.96594, 3361968.32857","4873968.96594, 3511968.32857",211038.520640151
"603","15","15","382","0","1","0","4813968.96594, 3346968.32857","4873968.96594, 3511968.32857",216756.35274512
"604","15","16","383","0","1","0","4813968.96594, 3331968.32857","4873968.96594, 3511968.32857",230482.141264995
"605","15","17","384","0","1","0","4813968.96594, 3316968.32857","4873968.96594, 3511968.32857",248696.576122649
"606","15","18","385","0","1","0","4813968.96594, 3301968.32857","4873968.96594, 3511968.32857",273040.936827609
"607","15","19","386","1","1","0","4813968.96594, 3286968.32857","4873968.96594, 3511968.32857",287285.317317962
"608","15","20","387","1","1","0","4813968.96594, 3271968.32857","4873968.96594, 3511968.32857",307281.452705801
"609","15","21","388","1","1","0","4813968.96594, 3256968.32857","4873968.96594, 3511968.32857",327203.122839155
"610","15","22","389","0","1","0","4813968.96594, 3241968.32857","4873968.96594, 3511968.32857",342380.879867967
"611","15","23","390","1","1","0","4813968.96594, 3226968.32857","4873968.96594, 3511968.32857",349926.396397902
"612","15","24","391","0","1","0","4813968.96594, 3211968.32857","4873968.96594, 3511968.32857",383973.145869748
"613","15","25","392","1","1","0","4813968.96594, 3196968.32857","4873968.96594, 3511968.32857",380736.600794536
"614","15","26","393","0","0","0","4813968.96594, 3181968.32857","4873968.96594, 3511968.32857",380728.295275806
"615","15","27","394","1","0","0","4813968.96594, 3166968.32857","4873968.96594, 3511968.32857",415430.547169523
"616","15","28","395","1","1","0","4813968.96594, 3151968.32857","4873968.96594, 3511968.32857",444767.036731823
"617","15","29","396","1","1","0","4813968.96594, 3136968.32857","4873968.96594, 3511968.32857",446985.591231308
"618","15","30","397","1","1","0","4813968.96594, 3121968.32857","4873968.96594, 3511968.32857",469932.979159358
"619","15","31","398","1","1","0","4813968.96594, 3106968.32857","4873968.96594, 3511968.32857",484711.370022776
"620","15","32","399","1","1","0","4813968.96594, 3091968.32857","4873968.96594, 3511968.32857",499368.458731666
"621","15","33","400","0","1","0","4813968.96594, 3076968.32857","4873968.96594, 3511968.32857",519305.8572191
"622","15","34","401","1","1","0","4812127.89615, 3064111.80735","4873968.96594, 3511968.32857",532519.07659906
"623","15","35","402","0","0","0","4807691.87828, 3050303.81443","4873968.96594, 3511968.32857",612295.189908597
"631","16","1","403","0","0","0","4830977.31287, 3552046.48563","4873968.96594, 3511968.32857",92314.9496034622
"632","16","2","404","0","0","0","4828968.96594, 3541968.32857","4873968.96594, 3511968.32857",90140.7782034703
"633","16","3","405","1","1","0","4828968.96594, 3526968.32857","4873968.96594, 3511968.32857",60049.4127997385
"634","16","4","406","1","1","0","4828968.96594, 3511968.32857","4873968.96594, 3511968.32857",69485.8172360947
"635","16","5","407","0","0","0","4828968.96594, 3496968.32857","4873968.96594, 3511968.32857",52903.1847762261
"636","16","6","408","1","0","0","4828968.96594, 3481968.32857","4873968.96594, 3511968.32857",71000.7103754057
"637","16","7","409","1","1","0","4828968.96594, 3466968.32857","4873968.96594, 3511968.32857",79825.3668863267
"638","16","8","410","0","1","0","4828968.96594, 3451968.32857","4873968.96594, 3511968.32857",95995.8978469368
"639","16","9","411","1","1","0","4828968.96594, 3436968.32857","4873968.96594, 3511968.32857",115997.989467636
"640","16","10","412","1","1","0","4828968.96594, 3421968.32857","4873968.96594, 3511968.32857",133694.756155351
"641","16","11","413","0","1","0","4828968.96594, 3406968.32857","4873968.96594, 3511968.32857",150276.047341101
"642","16","12","414","1","1","0","4828968.96594, 3391968.32857","4873968.96594, 3511968.32857",159385.767348904
"643","16","13","415","0","1","0","4828968.96594, 3376968.32857","4873968.96594, 3511968.32857",189006.008350383
"644","16","14","416","1","1","0","4828968.96594, 3361968.32857","4873968.96594, 3511968.32857",195165.696498495
"645","16","15","417","0","1","0","4828968.96594, 3346968.32857","4873968.96594, 3511968.32857",201743.003558225
"646","16","16","418","0","1","0","4828968.96594, 3331968.32857","4873968.96594, 3511968.32857",224588.260779044
"647","16","17","419","1","1","0","4828968.96594, 3316968.32857","4873968.96594, 3511968.32857",239361.807838131
"648","16","18","420","1","1","0","4828968.96594, 3301968.32857","4873968.96594, 3511968.32857",265541.45056845
"649","16","19","421","1","1","0","4828968.96594, 3286968.32857","4873968.96594, 3511968.32857",274561.658683078
"650","16","20","422","1","1","0","4828968.96594, 3271968.32857","4873968.96594, 3511968.32857",294891.928707512
"651","16","21","423","1","1","0","4828968.96594, 3256968.32857","4873968.96594, 3511968.32857",304498.70500463
"652","16","22","424","1","1","0","4828968.96594, 3241968.32857","4873968.96594, 3511968.32857",338744.652190738
"653","16","23","425","1","1","0","4828968.96594, 3226968.32857","4873968.96594, 3511968.32857",336901.966384174
"654","16","24","426","1","1","0","4828968.96594, 3211968.32857","4873968.96594, 3511968.32857",349846.103140007
"655","16","25","427","1","1","0","4828968.96594, 3196968.32857","4873968.96594, 3511968.32857",369189.706305042
"656","16","26","428","1","1","0","4828968.96594, 3181968.32857","4873968.96594, 3511968.32857",387098.368040388
"657","16","27","429","1","1","0","4828968.96594, 3166968.32857","4873968.96594, 3511968.32857",399842.209960169
"658","16","28","430","1","1","0","4828968.96594, 3151968.32857","4873968.96594, 3511968.32857",415867.506684989
"659","16","29","431","1","1","0","4828968.96594, 3136968.32857","4873968.96594, 3511968.32857",458696.693707237
"660","16","30","432","1","1","0","4828968.96594, 3121968.32857","4873968.96594, 3511968.32857",475240.896657682
"661","16","31","433","1","0","0","4828968.96594, 3106968.32857","4873968.96594, 3511968.32857",484254.750659555
"662","16","32","434","1","0","0","4828968.96594, 3091968.32857","4873968.96594, 3511968.32857",502314.248769621
"663","16","33","435","0","0","0","4828968.96594, 3076968.32857","4873968.96594, 3511968.32857",514398.669231186
"664","16","34","436","1","1","0","4829394.6351, 3065886.45251","4873968.96594, 3511968.32857",547348.519412007
"673","17","1","437","0","0","0","4844739.4283, 3555174.10342",,
"674","17","2","438","0","0","0","4843968.96594, 3541968.32857","4873968.96594, 3511968.32857",39991.2141253869
"675","17","3","439","1","1","0","4843968.96594, 3526968.32857","4873968.96594, 3511968.32857",44970.1706443164
"676","17","4","440","0","0","0","4843968.96594, 3511968.32857","4873968.96594, 3511968.32857",49891.7773632373
"677","17","5","441","0","0","0","4843968.96594, 3496968.32857","4873968.96594, 3511968.32857",36080.145740029
"678","17","6","442","1","1","0","4843968.96594, 3481968.32857","4873968.96594, 3511968.32857",55331.2964899021
"679","17","7","443","1","1","0","4843968.96594, 3466968.32857","4873968.96594, 3511968.32857",71491.2269022247
"680","17","8","444","0","1","0","4843968.96594, 3451968.32857","4873968.96594, 3511968.32857",88952.7221465191
"681","17","9","445","1","1","0","4843968.96594, 3436968.32857","4873968.96594, 3511968.32857",102791.490182338
"682","17","10","446","0","1","0","4843968.96594, 3421968.32857","4873968.96594, 3511968.32857",140684.988590816
"683","17","11","447","0","1","0","4843968.96594, 3406968.32857","4873968.96594, 3511968.32857",142709.022273425
"684","17","12","448","1","1","0","4843968.96594, 3391968.32857","4873968.96594, 3511968.32857",175844.339928394
"685","17","13","449","1","0","0","4843968.96594, 3376968.32857","4873968.96594, 3511968.32857",184075.56215049
"686","17","14","450","1","1","0","4843968.96594, 3361968.32857","4873968.96594, 3511968.32857",178740.853129719
"687","17","15","451","1","1","0","4843968.96594, 3346968.32857","4873968.96594, 3511968.32857",191563.332965779
"688","17","16","452","1","1","0","4843968.96594, 3331968.32857","4873968.96594, 3511968.32857",247064.778440053
"689","17","17","453","1","0","0","4843968.96594, 3316968.32857","4873968.96594, 3511968.32857",237791.817422309
"690","17","18","454","1","1","0","4843968.96594, 3301968.32857","4873968.96594, 3511968.32857",255238.446819717
"691","17","19","455","0","0","0","4843968.96594, 3286968.32857","4873968.96594, 3511968.32857",273930.203011214
"692","17","20","456","1","1","0","4843968.96594, 3271968.32857","4873968.96594, 3511968.32857",296732.207642072
"693","17","21","457","0","0","0","4843968.96594, 3256968.32857","4873968.96594, 3511968.32857",306497.159136701
"694","17","22","458","1","0","0","4843968.96594, 3241968.32857","4873968.96594, 3511968.32857",322782.320911561
"695","17","23","459","1","1","0","4843968.96594, 3226968.32857","4873968.96594, 3511968.32857",344294.210845603
"696","17","24","460","0","1","0","4843968.96594, 3211968.32857","4873968.96594, 3511968.32857",368278.288275213
"697","17","25","461","1","1","0","4843968.96594, 3196968.32857","4873968.96594, 3511968.32857",371595.588782358
"698","17","26","462","0","1","0","4843968.96594, 3181968.32857","4873968.96594, 3511968.32857",401347.847109924
"699","17","27","463","1","1","0","4843968.96594, 3166968.32857","4873968.96594, 3511968.32857",416006.752147793
"700","17","28","464","1","1","0","4843968.96594, 3151968.32857","4873968.96594, 3511968.32857",431681.022875021
"701","17","29","465","0","1","0","4843968.96594, 3136968.32857","4873968.96594, 3511968.32857",434532.305519332
"702","17","30","466","1","1","0","4843968.96594, 3121968.32857","4873968.96594, 3511968.32857",476074.498062309
"703","17","31","467","1","1","0","4843968.96594, 3106968.32857","4873968.96594, 3511968.32857",496510.177874284
"704","17","32","468","1","1","0","4843968.96594, 3091968.32857","4873968.96594, 3511968.32857",515377.230315548
"705","17","33","469","1","1","0","4843968.96594, 3076968.32857","4873968.96594, 3511968.32857",531016.098751478
"706","17","34","470","1","1","0","4844286.50264, 3064687.08056","4873968.96594, 3511968.32857",546841.900543986
"715","18","1","471","0","1","0","4855207.83344, 3554912.95611",,
"716","18","2","472","0","1","0","4858629.93867, 3541666.17176",,
"717","18","3","473","1","1","0","4858968.96594, 3526968.32857","4873968.96594, 3511968.32857",26093.6572741916
"718","18","4","474","1","1","0","4858968.96594, 3511968.32857","4873968.96594, 3511968.32857",17326.5863069576
"719","18","5","475","1","1","0","4858968.96594, 3496968.32857","4873968.96594, 3511968.32857",28926.0683527071
"720","18","6","476","1","1","0","4858968.96594, 3481968.32857","4873968.96594, 3511968.32857",42403.9088504346
"721","18","7","477","0","0","0","4858968.96594, 3466968.32857","4873968.96594, 3511968.32857",73736.4294796441
"722","18","8","478","1","1","0","4858968.96594, 3451968.32857","4873968.96594, 3511968.32857",84947.396523804
"723","18","9","479","1","1","0","4858968.96594, 3436968.32857","4873968.96594, 3511968.32857",106494.978236903
"724","18","10","480","0","1","0","4858968.96594, 3421968.32857","4873968.96594, 3511968.32857",119823.030484864
"725","18","11","481","0","1","0","4858968.96594, 3406968.32857","4873968.96594, 3511968.32857",134980.368839642
"726","18","12","482","1","1","0","4858968.96594, 3391968.32857","4873968.96594, 3511968.32857",149492.138123774
"727","18","13","483","1","1","0","4858968.96594, 3376968.32857","4873968.96594, 3511968.32857",154584.438238253
"728","18","14","484","1","1","1","4858968.96594, 3361968.32857","4873968.96594, 3511968.32857",178182.940640968
"729","18","15","485","1","1","0","4858968.96594, 3346968.32857","4873968.96594, 3511968.32857",189994.848044989
"730","18","16","486","0","1","0","4858968.96594, 3331968.32857","4873968.96594, 3511968.32857",230162.410323988
"731","18","17","487","1","1","0","4858968.96594, 3316968.32857","4873968.96594, 3511968.32857",233236.102100651
"732","18","18","488","1","1","0","4858968.96594, 3301968.32857","4873968.96594, 3511968.32857",245876.494055861
"733","18","19","489","0","0","0","4858968.96594, 3286968.32857","4873968.96594, 3511968.32857",306713.027440743
"734","18","20","490","1","1","0","4858968.96594, 3271968.32857","4873968.96594, 3511968.32857",312248.63538241
"735","18","21","491","1","0","0","4858968.96594, 3256968.32857","4873968.96594, 3511968.32857",312248.63538241
"736","18","22","492","0","0","0","4858968.96594, 3241968.32857","4873968.96594, 3511968.32857",351594.941943519
"737","18","23","493","1","1","0","4858968.96594, 3226968.32857","4873968.96594, 3511968.32857",353519.291680768
"738","18","24","494","1","1","0","4858968.96594, 3211968.32857","4873968.96594, 3511968.32857",367866.392754742
"739","18","25","495","1","1","0","4858968.96594, 3196968.32857","4873968.96594, 3511968.32857",382484.871423483
"740","18","26","496","1","1","0","4858968.96594, 3181968.32857","4873968.96594, 3511968.32857",393339.566276196
"741","18","27","497","1","1","0","4858968.96594, 3166968.32857","4873968.96594, 3511968.32857",448684.94652253
"742","18","28","498","0","1","0","4858968.96594, 3151968.32857","4873968.96594, 3511968.32857",446606.534663382
"743","18","29","499","1","1","0","4858968.96594, 3136968.32857","4873968.96594, 3511968.32857",449258.038728463
"744","18","30","500","1","1","0","4858968.96594, 3121968.32857","4873968.96594, 3511968.32857",488783.626363056
"745","18","31","501","1","1","0","4858968.96594, 3106968.32857","4873968.96594, 3511968.32857",498463.852993827
"746","18","32","502","1","1","0","4858968.96594, 3091968.32857","4873968.96594, 3511968.32857",519123.854608195
"747","18","33","503","1","1","0","4858968.96594, 3076968.32857","4873968.96594, 3511968.32857",560439.78710985
"748","18","34","504","1","1","0","4859222.17907, 3063484.1803","4873968.96594, 3511968.32857",555794.552523669
"758","19","2","505","0","0","0","4868461.71071, 3537485.6823",,
"759","19","3","506","1","1","0","4872274.46138, 3525857.01091","4873968.96594, 3511968.32857",12808.1335495331
"760","19","4","507","1","1","1","4873968.96594, 3511968.32857",,
"761","19","5","508","1","1","0","4873968.96594, 3496968.32857","4873968.96594, 3511968.32857",7825.24396863708
"762","19","6","509","0","0","0","4873968.96594, 3481968.32857","4873968.96594, 3511968.32857",26278.2816842083
"763","19","7","510","1","1","0","4873968.96594, 3466968.32857","4873968.96594, 3511968.32857",67288.8296283779
"764","19","8","511","1","1","0","4873968.96594, 3451968.32857","4873968.96594, 3511968.32857",69972.5136322353
"765","19","9","512","0","0","0","4873968.96594, 3436968.32857","4873968.96594, 3511968.32857",111529.060345952
"766","19","10","513","0","1","0","4873968.96594, 3421968.32857","4873968.96594, 3511968.32857",122248.801985863
"767","19","11","514","1","1","0","4873968.96594, 3406968.32857","4873968.96594, 3511968.32857",122820.825550907
"768","19","12","515","1","1","1","4873968.96594, 3391968.32857","4873968.96594, 3511968.32857",133178.870938823
"769","19","13","516","1","1","1","4873968.96594, 3376968.32857","4873968.96594, 3511968.32857",179765.746093122
"770","19","14","517","1","1","1","4873968.96594, 3361968.32857","4873968.96594, 3511968.32857",188971.390035154
"771","19","15","518","1","1","0","4873968.96594, 3346968.32857","4873968.96594, 3511968.32857",198238.893867087
"772","19","16","519","1","1","0","4873968.96594, 3331968.32857","4873968.96594, 3511968.32857",209120.883996332
"773","19","17","520","1","1","0","4873968.96594, 3316968.32857","4873968.96594, 3511968.32857",224162.443510949
"774","19","18","521","1","0","0","4873968.96594, 3301968.32857","4873968.96594, 3511968.32857",241522.60102414
"775","19","19","522","0","0","0","4873968.96594, 3286968.32857","4873968.96594, 3511968.32857",324406.274665023
"776","19","20","523","1","1","0","4873968.96594, 3271968.32857","4873968.96594, 3511968.32857",328388.70890865
"777","19","21","524","1","0","0","4873968.96594, 3256968.32857","4873968.96594, 3511968.32857",330289.605533531
"778","19","22","525","1","0","0","4873968.96594, 3241968.32857","4873968.96594, 3511968.32857",351594.941943519
"779","19","23","526","1","0","0","4873968.96594, 3226968.32857","4873968.96594, 3511968.32857",398214.58257775
"780","19","24","527","1","1","0","4873968.96594, 3211968.32857","4873968.96594, 3511968.32857",395433.988375232
"781","19","25","528","1","0","0","4873968.96594, 3196968.32857","4873968.96594, 3511968.32857",390749.880992447
"782","19","26","529","1","1","0","4873968.96594, 3181968.32857","4873968.96594, 3511968.32857",403414.014456422
"783","19","27","530","1","1","0","4873968.96594, 3166968.32857","4873968.96594, 3511968.32857",415614.585614743
"784","19","28","531","1","1","0","4873968.96594, 3151968.32857","4873968.96594, 3511968.32857",428637.516016896
"785","19","29","532","1","1","0","4873968.96594, 3136968.32857","4873968.96594, 3511968.32857",463123.097398781
"786","19","30","533","0","0","0","4873968.96594, 3121968.32857","4873968.96594, 3511968.32857",468621.316609633
"787","19","31","534","0","1","0","4873968.96594, 3106968.32857","4873968.96594, 3511968.32857",511042.61457784
"788","19","32","535","1","1","0","4873968.96594, 3091968.32857","4873968.96594, 3511968.32857",531501.809257136
"789","19","33","536","1","1","0","4873968.96594, 3076968.32857","4873968.96594, 3511968.32857",549079.899768919
"790","19","34","537","1","1","0","4874042.0929, 3062039.68323","4873968.96594, 3511968.32857",592827.593027254
"791","19","35","538","1","1","0","4875690.15949, 3047400.61587","4873968.96594, 3511968.32857",585534.469772719
"792","19","36","539","1","1","0","4877638.77466, 3032629.1464","4873968.96594, 3511968.32857",643873.672805866
"793","19","37","540","1","1","0","4879216.76867, 3020632.48832","4873968.96594, 3511968.32857",608700.841465882
"801","20","3","541","0","0","0","4881763.85049, 3519914.83382","4873968.96594, 3511968.32857",6229.37621631192
"802","20","4","542","1","1","1","4888844.38521, 3510614.21063","4873968.96594, 3511968.32857",8648.64270432402
"803","20","5","543","1","1","1","4888968.96594, 3496968.32857","4873968.96594, 3511968.32857",19761.4674190893
"804","20","6","544","1","1","1","4888968.96594, 3481968.32857","4873968.96594, 3511968.32857",33292.01160942
"805","20","7","545","1","1","0","4888968.96594, 3466968.32857","4873968.96594, 3511968.32857",53486.4649686545
"806","20","8","546","1","1","0","4888968.96594, 3451968.32857","4873968.96594, 3511968.32857",66166.3341782087
"807","20","9","547","1","1","0","4888968.96594, 3436968.32857","4873968.96594, 3511968.32857",81923.7776228211
"808","20","10","548","1","1","0","4888968.96594, 3421968.32857","4873968.96594, 3511968.32857",99331.8747944995
"809","20","11","549","1","1","1","4888968.96594, 3406968.32857","4873968.96594, 3511968.32857",113499.6241578
"810","20","12","550","1","1","1","4888968.96594, 3391968.32857","4873968.96594, 3511968.32857",150090.202631601
"811","20","13","551","1","1","0","4888968.96594, 3376968.32857","4873968.96594, 3511968.32857",165639.421303432
"812","20","14","552","1","1","1","4888968.96594, 3361968.32857","4873968.96594, 3511968.32857",179944.125650869
"813","20","15","553","1","1","0","4888968.96594, 3346968.32857","4873968.96594, 3511968.32857",201869.54681037
"814","20","16","554","1","1","0","4888968.96594, 3331968.32857","4873968.96594, 3511968.32857",213329.703922863
"815","20","17","555","1","1","0","4888968.96594, 3316968.32857","4873968.96594, 3511968.32857",236726.619507282
"816","20","18","556","1","1","0","4888968.96594, 3301968.32857","4873968.96594, 3511968.32857",248702.119545047
"817","20","19","557","1","0","0","4888968.96594, 3286968.32857","4873968.96594, 3511968.32857",260781.779195893
"818","20","20","558","1","1","0","4888968.96594, 3271968.32857","4873968.96594, 3511968.32857",324630.379538471
"819","20","21","559","1","0","0","4888968.96594, 3256968.32857","4873968.96594, 3511968.32857",322784.230867043
"820","20","22","560","1","0","0","4888968.96594, 3241968.32857","4873968.96594, 3511968.32857",330748.831992708
"821","20","23","561","0","0","0","4888968.96594, 3226968.32857","4873968.96594, 3511968.32857",411910.619538607
"822","20","24","562","1","1","0","4888968.96594, 3211968.32857","4873968.96594, 3511968.32857",411910.619538607
"823","20","25","563","0","0","0","4888968.96594, 3196968.32857","4873968.96594, 3511968.32857",406943.514196916
"824","20","26","564","0","0","0","4888968.96594, 3181968.32857","4873968.96594, 3511968.32857",411806.784645588
"825","20","27","565","1","1","0","4888968.96594, 3166968.32857","4873968.96594, 3511968.32857",432756.586964606
"826","20","28","566","1","1","0","4888968.96594, 3151968.32857","4873968.96594, 3511968.32857",438158.776471796
"827","20","29","567","1","1","0","4888968.96594, 3136968.32857","4873968.96594, 3511968.32857",455245.690071966
"828","20","30","568","1","1","0","4888968.96594, 3121968.32857","4873968.96594, 3511968.32857",465945.528365382
"829","20","31","569","1","0","0","4888968.96594, 3106968.32857","4873968.96594, 3511968.32857",552905.227837231
"830","20","32","570","1","1","0","4888968.96594, 3091968.32857","4873968.96594, 3511968.32857",548856.84067161
"831","20","33","571","1","1","0","4888968.96594, 3076968.32857","4873968.96594, 3511968.32857",558057.654038158
"832","20","34","572","1","1","0","4888968.96594, 3061968.32857","4873968.96594, 3511968.32857",592828.922231629
"833","20","35","573","1","0","0","4888968.96594, 3046968.32857","4873968.96594, 3511968.32857",592828.922231629
"834","20","36","574","0","1","0","4888968.96594, 3031968.32857","4873968.96594, 3511968.32857",631926.131546811
"835","20","37","575","1","0","0","4888833.33414, 3020538.48683","4873968.96594, 3511968.32857",615735.456153728
"844","21","4","576","0","0","1","4904147.40177, 3511233.23098","4873968.96594, 3511968.32857",8648.64270432402
"845","21","5","577","1","0","1","4903968.96594, 3496968.32857","4873968.96594, 3511968.32857",33292.01160942
"846","21","6","578","1","1","1","4903968.96594, 3481968.32857","4873968.96594, 3511968.32857",52403.6582059959
"847","21","7","579","1","1","1","4903968.96594, 3466968.32857","4873968.96594, 3511968.32857",70415.265244856
"848","21","8","580","1","1","1","4903968.96594, 3451968.32857","4873968.96594, 3511968.32857",85681.8463718993
"849","21","9","581","1","1","1","4903968.96594, 3436968.32857","4873968.96594, 3511968.32857",92250.6041587897
"850","21","10","582","1","1","1","4903968.96594, 3421968.32857","4873968.96594, 3511968.32857",104943.192004971
"851","21","11","583","1","1","1","4903968.96594, 3406968.32857","4873968.96594, 3511968.32857",127959.727018846
"852","21","12","584","1","1","0","4903968.96594, 3391968.32857","4873968.96594, 3511968.32857",143874.411033548
"853","21","13","585","1","1","0","4903968.96594, 3376968.32857","4873968.96594, 3511968.32857",184494.222964243
"854","21","14","586","1","1","1","4903968.96594, 3361968.32857","4873968.96594, 3511968.32857",190092.352401247
"855","21","15","587","1","1","1","4903968.96594, 3346968.32857","4873968.96594, 3511968.32857",199016.017010052
"856","21","16","588","0","1","0","4903968.96594, 3331968.32857","4873968.96594, 3511968.32857",208189.066481994
"857","21","17","589","1","0","0","4903968.96594, 3316968.32857","4873968.96594, 3511968.32857",242252.223614227
"858","21","18","590","0","1","0","4903968.96594, 3301968.32857","4873968.96594, 3511968.32857",256584.339448969
"859","21","19","591","0","1","0","4903968.96594, 3286968.32857","4873968.96594, 3511968.32857",268379.575094521
"860","21","20","592","1","1","0","4903968.96594, 3271968.32857","4873968.96594, 3511968.32857",308488.001032029
"861","21","21","593","1","0","0","4903968.96594, 3256968.32857","4873968.96594, 3511968.32857",302151.598081658
"862","21","22","594","1","0","0","4903968.96594, 3241968.32857","4873968.96594, 3511968.32857",302151.598081658
"863","21","23","595","0","0","0","4903968.96594, 3226968.32857","4873968.96594, 3511968.32857",422292.995185259
"864","21","24","596","1","1","0","4903968.96594, 3211968.32857","4873968.96594, 3511968.32857",424584.890119664
"865","21","25","597","1","1","0","4903968.96594, 3196968.32857","4873968.96594, 3511968.32857",432111.352866955
"866","21","26","598","0","0","0","4903968.96594, 3181968.32857","4873968.96594, 3511968.32857",449381.352515033
"867","21","27","599","1","1","0","4903968.96594, 3166968.32857","4873968.96594, 3511968.32857",449381.352515033
"868","21","28","600","0","0","0","4903968.96594, 3151968.32857","4873968.96594, 3511968.32857",450889.770005976
"869","21","29","601","1","0","0","4903968.96594, 3136968.32857","4873968.96594, 3511968.32857",455245.690071966
"870","21","30","602","1","1","0","4903968.96594, 3121968.32857","4873968.96594, 3511968.32857",477400.926892808
"871","21","31","603","1","0","0","4903968.96594, 3106968.32857","4873968.96594, 3511968.32857",543964.126212911
"872","21","32","604","1","1","0","4903968.96594, 3091968.32857","4873968.96594, 3511968.32857",547045.333327581
"873","21","33","605","1","1","0","4903968.96594, 3076968.32857","4873968.96594, 3511968.32857",559092.555782562
"874","21","34","606","1","1","0","4903968.96594, 3061968.32857","4873968.96594, 3511968.32857",579670.181216797
"875","21","35","607","1","1","0","4903968.96594, 3046968.32857","4873968.96594, 3511968.32857",586030.439834372
"876","21","36","608","1","1","0","4903968.96594, 3031968.32857","4873968.96594, 3511968.32857",610650.642284103
"877","21","37","609","1","1","0","4903816.82614, 3020964.0093","4873968.96594, 3511968.32857",640943.696210467
"885","22","3","610","0","0","0","4922841.01841, 3519934.66192","4873968.96594, 3511968.32857",91013.4487201192
"886","22","4","611","0","0","0","4918998.76681, 3511932.71294","4873968.96594, 3511968.32857",88101.6722572051
"887","22","5","612","1","0","0","4918968.96594, 3496968.32857","4873968.96594, 3511968.32857",88101.6722572051
"888","22","6","613","1","1","0","4918968.96594, 3481968.32857","4873968.96594, 3511968.32857",72611.6431431626
"889","22","7","614","1","1","0","4918968.96594, 3466968.32857","4873968.96594, 3511968.32857",74758.369846998
"890","22","8","615","1","1","0","4918968.96594, 3451968.32857","4873968.96594, 3511968.32857",86122.7208618128
"891","22","9","616","1","1","0","4918968.96594, 3436968.32857","4873968.96594, 3511968.32857",103508.001981933
"892","22","10","617","1","1","0","4918968.96594, 3421968.32857","4873968.96594, 3511968.32857",110476.804557179
"893","22","11","618","1","1","0","4918968.96594, 3406968.32857","4873968.96594, 3511968.32857",141113.675672088
"894","22","12","619","0","1","0","4918968.96594, 3391968.32857","4873968.96594, 3511968.32857",162621.330398037
"895","22","13","620","1","1","0","4918968.96594, 3376968.32857","4873968.96594, 3511968.32857",177679.856113131
"896","22","14","621","1","1","0","4918968.96594, 3361968.32857","4873968.96594, 3511968.32857",201571.065990451
"897","22","15","622","1","1","1","4918968.96594, 3346968.32857","4873968.96594, 3511968.32857",210197.527133606
"898","22","16","623","1","1","1","4918968.96594, 3331968.32857","4873968.96594, 3511968.32857",221749.63353686
"899","22","17","624","1","1","0","4918968.96594, 3316968.32857","4873968.96594, 3511968.32857",231573.983040487
"900","22","18","625","0","0","0","4918968.96594, 3301968.32857","4873968.96594, 3511968.32857",257091.872213706
"901","22","19","626","0","1","0","4918968.96594, 3286968.32857","4873968.96594, 3511968.32857",278365.406253036
"902","22","20","627","1","1","0","4918968.96594, 3271968.32857","4873968.96594, 3511968.32857",290497.621351531
"903","22","21","628","1","1","0","4918968.96594, 3256968.32857","4873968.96594, 3511968.32857",306275.565560177
"904","22","22","629","1","0","0","4918968.96594, 3241968.32857","4873968.96594, 3511968.32857",315701.127664964
"905","22","23","630","1","0","0","4918968.96594, 3226968.32857","4873968.96594, 3511968.32857",332551.972592172
"906","22","24","631","1","0","0","4918968.96594, 3211968.32857","4873968.96594, 3511968.32857",425206.024649166
"907","22","25","632","1","1","0","4918968.96594, 3196968.32857","4873968.96594, 3511968.32857",422854.34496415
"908","22","26","633","1","0","0","4918968.96594, 3181968.32857","4873968.96594, 3511968.32857",422854.34496415
"909","22","27","634","1","1","0","4918968.96594, 3166968.32857","4873968.96594, 3511968.32857",462929.432340453
"910","22","28","635","1","1","0","4918968.96594, 3151968.32857","4873968.96594, 3511968.32857",472461.655057267
"911","22","29","636","1","1","0","4918968.96594, 3136968.32857","4873968.96594, 3511968.32857",486192.151812633
"912","22","30","637","1","1","0","4918968.96594, 3121968.32857","4873968.96594, 3511968.32857",490225.379132039
"913","22","31","638","1","1","0","4918968.96594, 3106968.32857","4873968.96594, 3511968.32857",496925.631893977
"914","22","32","639","0","1","0","4918968.96594, 3091968.32857","4873968.96594, 3511968.32857",544518.090569598
"915","22","33","640","1","1","0","4918968.96594, 3076968.32857","4873968.96594, 3511968.32857",554637.514600619
"916","22","34","641","1","1","0","4918968.96594, 3061968.32857","4873968.96594, 3511968.32857",562673.4162836
"917","22","35","642","0","1","0","4918968.96594, 3046968.32857","4873968.96594, 3511968.32857",573501.563449563
"918","22","36","643","0","1","0","4918968.96594, 3031968.32857","4873968.96594, 3511968.32857",611232.193510469
"919","22","37","644","1","1","0","4918795.74283, 3021389.40183","4873968.96594, 3511968.32857",619685.68626692
"927","23","3","645","0","0","0","4934988.88329, 3520715.40012","4873968.96594, 3511968.32857",257253.39352259
"928","23","4","646","0","0","0","4933968.96594, 3511968.32857","4873968.96594, 3511968.32857",91013.4487201192
"929","23","5","647","1","0","0","4933968.96594, 3496968.32857","4873968.96594, 3511968.32857",91013.4487201192
"930","23","6","648","1","1","0","4933968.96594, 3481968.32857","4873968.96594, 3511968.32857",84196.0308523721
"931","23","7","649","0","0","0","4933968.96594, 3466968.32857","4873968.96594, 3511968.32857",75738.7260799919
"932","23","8","650","0","0","0","4933968.96594, 3451968.32857","4873968.96594, 3511968.32857",92414.1176508435
"933","23","9","651","0","1","0","4933968.96594, 3436968.32857","4873968.96594, 3511968.32857",109463.567121984
"934","23","10","652","1","1","0","4933968.96594, 3421968.32857","4873968.96594, 3511968.32857",152669.639112581
"935","23","11","653","0","1","0","4933968.96594, 3406968.32857","4873968.96594, 3511968.32857",158979.639176357
"936","23","12","654","1","1","0","4933968.96594, 3391968.32857","4873968.96594, 3511968.32857",163742.941061769
"937","23","13","655","1","0","0","4933968.96594, 3376968.32857","4873968.96594, 3511968.32857",189442.383723474
"938","23","14","656","0","0","0","4933968.96594, 3361968.32857","4873968.96594, 3511968.32857",216357.65625036
"939","23","15","657","1","1","0","4933968.96594, 3346968.32857","4873968.96594, 3511968.32857",221870.07366204
"940","23","16","658","1","0","1","4933968.96594, 3331968.32857","4873968.96594, 3511968.32857",236488.225274349
"941","23","17","659","1","1","1","4933968.96594, 3316968.32857","4873968.96594, 3511968.32857",244802.569370332
"942","23","18","660","1","1","0","4933968.96594, 3301968.32857","4873968.96594, 3511968.32857",259199.416691888
"943","23","19","661","0","1","0","4933968.96594, 3286968.32857","4873968.96594, 3511968.32857",271298.439373439
"944","23","20","662","1","1","0","4933968.96594, 3271968.32857","4873968.96594, 3511968.32857",305717.423547554
"945","23","21","663","1","1","0","4933968.96594, 3256968.32857","4873968.96594, 3511968.32857",310777.050625952
"946","23","22","664","1","1","0","4933968.96594, 3241968.32857","4873968.96594, 3511968.32857",326100.711337709
"947","23","23","665","0","1","0","4933968.96594, 3226968.32857","4873968.96594, 3511968.32857",332551.972592172
"948","23","24","666","0","1","0","4933968.96594, 3211968.32857","4873968.96594, 3511968.32857",408880.34755759
"949","23","25","667","1","1","0","4933968.96594, 3196968.32857","4873968.96594, 3511968.32857",407230.796011742
"950","23","26","668","0","0","0","4933968.96594, 3181968.32857","4873968.96594, 3511968.32857",423760.101597639
"951","23","27","669","1","0","0","4933968.96594, 3166968.32857","4873968.96594, 3511968.32857",438717.583797181
"952","23","28","670","1","0","0","4933968.96594, 3151968.32857","4873968.96594, 3511968.32857",456128.41043879
"953","23","29","671","1","1","0","4933968.96594, 3136968.32857","4873968.96594, 3511968.32857",495654.53731956
"954","23","30","672","1","1","0","4933968.96594, 3121968.32857","4873968.96594, 3511968.32857",506163.245012872
"955","23","31","673","1","1","0","4933968.96594, 3106968.32857","4873968.96594, 3511968.32857",509009.466340394
"956","23","32","674","1","1","0","4933968.96594, 3091968.32857","4873968.96594, 3511968.32857",522664.301350181
"957","23","33","675","1","1","0","4933968.96594, 3076968.32857","4873968.96594, 3511968.32857",540593.599733606
"958","23","34","676","1","1","0","4933968.96594, 3061968.32857","4873968.96594, 3511968.32857",559678.176065319
"959","23","35","677","1","1","0","4933968.96594, 3046968.32857","4873968.96594, 3511968.32857",583860.110634384
"960","23","36","678","1","1","0","4933968.96594, 3031968.32857","4873968.96594, 3511968.32857",606407.903005629
"961","23","37","679","1","1","0","4935501.33513, 3018376.09656","4873968.96594, 3511968.32857",610421.651154061
"962","23","38","680","0","1","0","4939793.8143, 3006955.95351","4873968.96594, 3511968.32857",641989.720293067
"969","24","3","681","0","0","0","4949344.812, 3521552.99242","4873968.96594, 3511968.32857",257253.39352259
"970","24","4","682","1","0","0","4948968.96594, 3511968.32857","4873968.96594, 3511968.32857",263113.38967976
"971","24","5","683","1","1","0","4948968.96594, 3496968.32857","4873968.96594, 3511968.32857",277475.727729291
"972","24","6","684","1","1","0","4948968.96594, 3481968.32857","4873968.96594, 3511968.32857",108580.557286146
"973","24","7","685","1","1","0","4948968.96594, 3466968.32857","4873968.96594, 3511968.32857",122649.244873421
"974","24","8","686","0","0","0","4948968.96594, 3451968.32857","4873968.96594, 3511968.32857",116062.731303924
"975","24","9","687","1","1","0","4948968.96594, 3436968.32857","4873968.96594, 3511968.32857",119773.09954329
"976","24","10","688","1","1","0","4948968.96594, 3421968.32857","4873968.96594, 3511968.32857",138063.076936976
"977","24","11","689","1","0","0","4948968.96594, 3406968.32857","4873968.96594, 3511968.32857",148004.581891066
"978","24","12","690","1","1","0","4948968.96594, 3391968.32857","4873968.96594, 3511968.32857",177649.463872313
"979","24","13","691","0","1","0","4948968.96594, 3376968.32857","4873968.96594, 3511968.32857",191351.842420793
"980","24","14","692","0","1","0","4948968.96594, 3361968.32857","4873968.96594, 3511968.32857",205795.15465122
"981","24","15","693","1","1","0","4948968.96594, 3346968.32857","4873968.96594, 3511968.32857",239519.363407442
"982","24","16","694","0","0","0","4948968.96594, 3331968.32857","4873968.96594, 3511968.32857",242989.536073091
"983","24","17","695","1","0","1","4948968.96594, 3316968.32857","4873968.96594, 3511968.32857",249394.632566707
"984","24","18","696","1","0","0","4948968.96594, 3301968.32857","4873968.96594, 3511968.32857",262604.715719934
"985","24","19","697","1","1","0","4948968.96594, 3286968.32857","4873968.96594, 3511968.32857",277904.90857256
"986","24","20","698","1","1","0","4948968.96594, 3271968.32857","4873968.96594, 3511968.32857",301673.147464774
"987","24","21","699","1","1","0","4948968.96594, 3256968.32857","4873968.96594, 3511968.32857",316715.636772012
"988","24","22","700","1","1","0","4948968.96594, 3241968.32857","4873968.96594, 3511968.32857",332202.07086186
"989","24","23","701","1","0","0","4948968.96594, 3226968.32857","4873968.96594, 3511968.32857",336109.435648591
"990","24","24","702","0","1","0","4948968.96594, 3211968.32857","4873968.96594, 3511968.32857",391747.225832318
"991","24","25","703","1","1","0","4948968.96594, 3196968.32857","4873968.96594, 3511968.32857",409723.17850723
"992","24","26","704","1","1","0","4948968.96594, 3181968.32857","4873968.96594, 3511968.32857",426584.058196861
"993","24","27","705","1","1","0","4948968.96594, 3166968.32857","4873968.96594, 3511968.32857",441192.344950855
"994","24","28","706","1","1","0","4948968.96594, 3151968.32857","4873968.96594, 3511968.32857",454702.528278244
"995","24","29","707","0","1","0","4948968.96594, 3136968.32857","4873968.96594, 3511968.32857",470575.126570302
"996","24","30","708","1","1","0","4948968.96594, 3121968.32857","4873968.96594, 3511968.32857",486070.906130816
"997","24","31","709","1","1","0","4948968.96594, 3106968.32857","4873968.96594, 3511968.32857",503099.401609118
"998","24","32","710","0","1","0","4948968.96594, 3091968.32857","4873968.96594, 3511968.32857",518703.59470215
"999","24","33","711","1","1","0","4948968.96594, 3076968.32857","4873968.96594, 3511968.32857",534857.690479737
"1000","24","34","712","1","1","0","4948968.96594, 3061968.32857","4873968.96594, 3511968.32857",573641.327780207
"1001","24","35","713","1","1","0","4948968.96594, 3046968.32857","4873968.96594, 3511968.32857",587140.319554545
"1002","24","36","714","1","1","0","4948968.96594, 3031968.32857","4873968.96594, 3511968.32857",611530.285734922
"1003","24","37","715","1","1","1","4948968.96594, 3016968.32857","4873968.96594, 3511968.32857",622841.158899606
"1004","24","38","716","1","1","1","4949494.3623, 3002419.16326","4873968.96594, 3511968.32857",642985.645734491
"1005","24","39","717","0","1","1","4953127.59818, 2989457.05643","4873968.96594, 3511968.32857",656301.198948916
"1006","24","40","718","0","0","0","4956461.41609, 2979457.00537","4873968.96594, 3511968.32857",674376.693741028
"1011","25","3","719","1","1","0","4963983.0022, 3521724.75683","4873968.96594, 3511968.32857",251681.392987551
"1012","25","4","720","1","1","0","4963968.96594, 3511968.32857","4873968.96594, 3511968.32857",249220.891531153
"1013","25","5","721","0","1","0","4963968.96594, 3496968.32857","4873968.96594, 3511968.32857",274552.321445458
"1014","25","6","722","0","0","0","4963968.96594, 3481968.32857","4873968.96594, 3511968.32857",115907.305514185
"1015","25","7","723","1","1","0","4963968.96594, 3466968.32857","4873968.96594, 3511968.32857",134464.426702736
"1016","25","8","724","1","0","0","4963968.96594, 3451968.32857","4873968.96594, 3511968.32857",149064.001999888
"1017","25","9","725","1","1","0","4963968.96594, 3436968.32857","4873968.96594, 3511968.32857",143036.21340217
"1018","25","10","726","1","1","0","4963968.96594, 3421968.32857","4873968.96594, 3511968.32857",142092.364695159
"1019","25","11","727","1","1","0","4963968.96594, 3406968.32857","4873968.96594, 3511968.32857",154986.56325547
"1020","25","12","728","0","0","0","4963968.96594, 3391968.32857","4873968.96594, 3511968.32857",214238.98329429
"1021","25","13","729","0","0","0","4963968.96594, 3376968.32857","4873968.96594, 3511968.32857",197900.523900609
"1022","25","14","730","0","1","0","4963968.96594, 3361968.32857","4873968.96594, 3511968.32857",212968.099053923
"1023","25","15","731","1","1","0","4963968.96594, 3346968.32857","4873968.96594, 3511968.32857",230203.453906259
"1024","25","16","732","0","0","0","4963968.96594, 3331968.32857","4873968.96594, 3511968.32857",242672.26013594
"1025","25","17","733","1","0","1","4963968.96594, 3316968.32857","4873968.96594, 3511968.32857",275224.940608611
"1026","25","18","734","1","1","0","4963968.96594, 3301968.32857","4873968.96594, 3511968.32857",284004.330808486
"1027","25","19","735","1","1","0","4963968.96594, 3286968.32857","4873968.96594, 3511968.32857",295552.077400789
"1028","25","20","736","1","1","0","4963968.96594, 3271968.32857","4873968.96594, 3511968.32857",301018.597547978
"1029","25","21","737","1","0","0","4963968.96594, 3256968.32857","4873968.96594, 3511968.32857",327072.484914745
"1030","25","22","738","1","1","0","4963968.96594, 3241968.32857","4873968.96594, 3511968.32857",343369.51330524
"1031","25","23","739","1","1","0","4963968.96594, 3226968.32857","4873968.96594, 3511968.32857",356427.474455096
"1032","25","24","740","1","1","0","4963968.96594, 3211968.32857","4873968.96594, 3511968.32857",376050.897912726
"1033","25","25","741","1","0","0","4963968.96594, 3196968.32857","4873968.96594, 3511968.32857",382477.50197605
"1034","25","26","742","1","1","0","4963968.96594, 3181968.32857","4873968.96594, 3511968.32857",449313.445623016
"1035","25","27","743","0","1","0","4963968.96594, 3166968.32857","4873968.96594, 3511968.32857",458510.021684902
"1036","25","28","744","1","1","0","4963968.96594, 3151968.32857","4873968.96594, 3511968.32857",466940.805012874
"1037","25","29","745","1","1","0","4963968.96594, 3136968.32857","4873968.96594, 3511968.32857",479450.986829424
"1038","25","30","746","1","1","0","4963968.96594, 3121968.32857","4873968.96594, 3511968.32857",497092.681025763
"1039","25","31","747","1","1","0","4963968.96594, 3106968.32857","4873968.96594, 3511968.32857",515255.612662264
"1040","25","32","748","1","0","0","4963968.96594, 3091968.32857","4873968.96594, 3511968.32857",543724.178406865
"1041","25","33","749","1","1","0","4963968.96594, 3076968.32857","4873968.96594, 3511968.32857",545500.906691861
"1042","25","34","750","1","1","0","4963968.96594, 3061968.32857","4873968.96594, 3511968.32857",583433.950505386
"1043","25","35","751","1","1","0","4963968.96594, 3046968.32857","4873968.96594, 3511968.32857",597188.768335495
"1044","25","36","752","1","1","0","4963968.96594, 3031968.32857","4873968.96594, 3511968.32857",613737.182088631
"1045","25","37","753","1","1","1","4963968.96594, 3016968.32857","4873968.96594, 3511968.32857",628094.05904375
"1046","25","38","754","1","1","0","4963968.96594, 3001968.32857","4873968.96594, 3511968.32857",643451.6686907
"1047","25","39","755","0","1","1","4963968.96594, 2986968.32857","4873968.96594, 3511968.32857",660753.220839431
"1048","25","40","756","1","1","0","4965358.80165, 2976619.91917","4873968.96594, 3511968.32857",693835.484524882
"1053","26","3","757","0","0","0","4978982.84634, 3521750.09374","4873968.96594, 3511968.32857",243814.501003657
"1054","26","4","758","0","1","0","4978968.96594, 3511968.32857","4873968.96594, 3511968.32857",230198.199944914
"1055","26","5","759","0","1","0","4978968.96594, 3496968.32857","4873968.96594, 3511968.32857",220125.736987616
"1056","26","6","760","0","1","0","4978968.96594, 3481968.32857","4873968.96594, 3511968.32857",212131.656883922
"1057","26","7","761","0","1","0","4978968.96594, 3466968.32857","4873968.96594, 3511968.32857",148490.03991625
"1058","26","8","762","1","1","0","4978968.96594, 3451968.32857","4873968.96594, 3511968.32857",161646.037053303
"1059","26","9","763","1","1","0","4978968.96594, 3436968.32857","4873968.96594, 3511968.32857",158096.562530575
"1060","26","10","764","0","0","0","4978968.96594, 3421968.32857","4873968.96594, 3511968.32857",165071.116076191
"1061","26","11","765","0","1","0","4978968.96594, 3406968.32857","4873968.96594, 3511968.32857",170995.364946653
"1062","26","12","766","0","1","0","4978968.96594, 3391968.32857","4873968.96594, 3511968.32857",209731.048147211
"1063","26","13","767","0","0","0","4978968.96594, 3376968.32857","4873968.96594, 3511968.32857",212275.471224772
"1064","26","14","768","0","0","0","4978968.96594, 3361968.32857","4873968.96594, 3511968.32857",239878.700151381
"1065","26","15","769","1","1","0","4978968.96594, 3346968.32857","4873968.96594, 3511968.32857",239878.700151381
"1066","26","16","770","1","1","0","4978968.96594, 3331968.32857","4873968.96594, 3511968.32857",246160.543804101
"1067","26","17","771","1","1","1","4978968.96594, 3316968.32857","4873968.96594, 3511968.32857",260253.965851887
"1068","26","18","772","1","1","1","4978968.96594, 3301968.32857","4873968.96594, 3511968.32857",272349.005846569
"1069","26","19","773","0","0","0","4978968.96594, 3286968.32857","4873968.96594, 3511968.32857",314499.200080709
"1070","26","20","774","1","1","0","4978968.96594, 3271968.32857","4873968.96594, 3511968.32857",319268.659180032
"1071","26","21","775","1","1","0","4978968.96594, 3256968.32857","4873968.96594, 3511968.32857",364361.110604741
"1072","26","22","776","1","1","0","4978968.96594, 3241968.32857","4873968.96594, 3511968.32857",362620.072004167
"1073","26","23","777","1","1","0","4978968.96594, 3226968.32857","4873968.96594, 3511968.32857",365917.375186874
"1074","26","24","778","1","0","0","4978968.96594, 3211968.32857","4873968.96594, 3511968.32857",369561.619554858
"1075","26","25","779","1","0","0","4978968.96594, 3196968.32857","4873968.96594, 3511968.32857",412526.491791295
"1076","26","26","780","1","1","0","4978968.96594, 3181968.32857","4873968.96594, 3511968.32857",440391.118795159
"1077","26","27","781","1","1","0","4978968.96594, 3166968.32857","4873968.96594, 3511968.32857",452191.281418324
"1078","26","28","782","1","1","0","4978968.96594, 3151968.32857","4873968.96594, 3511968.32857",464047.00596092
"1079","26","29","783","1","1","0","4978968.96594, 3136968.32857","4873968.96594, 3511968.32857",477579.228408799
"1080","26","30","784","1","1","0","4978968.96594, 3121968.32857","4873968.96594, 3511968.32857",519131.913309079
"1081","26","31","785","1","1","0","4978968.96594, 3106968.32857","4873968.96594, 3511968.32857",521325.682965067
"1082","26","32","786","1","1","0","4978968.96594, 3091968.32857","4873968.96594, 3511968.32857",532626.235828036
"1083","26","33","787","1","1","0","4978968.96594, 3076968.32857","4873968.96594, 3511968.32857",556172.570104107
"1084","26","34","788","1","1","0","4978968.96594, 3061968.32857","4873968.96594, 3511968.32857",578478.088784427
"1085","26","35","789","1","1","0","4978968.96594, 3046968.32857","4873968.96594, 3511968.32857",588438.141543561
"1086","26","36","790","1","1","1","4978968.96594, 3031968.32857","4873968.96594, 3511968.32857",608317.491296402
"1087","26","37","791","1","1","1","4978968.96594, 3016968.32857","4873968.96594, 3511968.32857",648026.708912754
"1088","26","38","792","1","1","0","4978968.96594, 3001968.32857","4873968.96594, 3511968.32857",648994.384725306
"1089","26","39","793","1","1","0","4978968.96594, 2986968.32857","4873968.96594, 3511968.32857",664325.63671112
"1090","26","40","794","1","1","0","4979507.67204, 2974650.57128","4873968.96594, 3511968.32857",678031.981577711
"1095","27","3","795","0","0","0","4993982.6939, 3521775.43066","4873968.96594, 3511968.32857",230198.199944914
"1096","27","4","796","0","0","0","4993968.96594, 3511968.32857","4873968.96594, 3511968.32857",230198.199944914
"1097","27","5","797","0","0","0","4993968.96594, 3496968.32857","4873968.96594, 3511968.32857",208989.506812725
"1098","27","6","798","1","1","0","4993968.96594, 3481968.32857","4873968.96594, 3511968.32857",199290.7896235
"1099","27","7","799","0","1","0","4993968.96594, 3466968.32857","4873968.96594, 3511968.32857",166482.060722936
"1100","27","8","800","1","1","0","4993968.96594, 3451968.32857","4873968.96594, 3511968.32857",179695.046518501
"1101","27","9","801","1","1","0","4993968.96594, 3436968.32857","4873968.96594, 3511968.32857",209177.899842672
"1102","27","10","802","1","0","0","4993968.96594, 3421968.32857","4873968.96594, 3511968.32857",216501.00101858
"1103","27","11","803","0","1","0","4993968.96594, 3406968.32857","4873968.96594, 3511968.32857",182045.019129472
"1104","27","12","804","0","1","0","4993968.96594, 3391968.32857","4873968.96594, 3511968.32857",196604.547678188
"1105","27","13","805","0","0","0","4993968.96594, 3376968.32857","4873968.96594, 3511968.32857",200345.356722537
"1106","27","14","806","0","0","0","4993968.96594, 3361968.32857","4873968.96594, 3511968.32857",250636.255809544
"1107","27","15","807","1","1","0","4993968.96594, 3346968.32857","4873968.96594, 3511968.32857",253304.103219405
"1108","27","16","808","1","0","0","4993968.96594, 3331968.32857","4873968.96594, 3511968.32857",255115.451241886
"1109","27","17","809","1","0","0","4993968.96594, 3316968.32857","4873968.96594, 3511968.32857",260253.965851887
"1110","27","18","810","1","0","1","4993968.96594, 3301968.32857","4873968.96594, 3511968.32857",264957.299002991
"1111","27","19","811","0","0","0","4993968.96594, 3286968.32857","4873968.96594, 3511968.32857",329097.954616643
"1112","27","20","812","1","1","0","4993968.96594, 3271968.32857","4873968.96594, 3511968.32857",333609.90816884
"1113","27","21","813","1","1","0","4993968.96594, 3256968.32857","4873968.96594, 3511968.32857",354522.646917312
"1114","27","22","814","1","1","0","4993968.96594, 3241968.32857","4873968.96594, 3511968.32857",384332.912332653
"1115","27","23","815","1","1","0","4993968.96594, 3226968.32857","4873968.96594, 3511968.32857",382393.124691009
"1116","27","24","816","0","1","0","4993968.96594, 3211968.32857","4873968.96594, 3511968.32857",397419.881026556
"1117","27","25","817","1","1","0","4993968.96594, 3196968.32857","4873968.96594, 3511968.32857",412526.491791295
"1118","27","26","818","1","1","0","4993968.96594, 3181968.32857","4873968.96594, 3511968.32857",427019.356171158
"1119","27","27","819","1","1","0","4993968.96594, 3166968.32857","4873968.96594, 3511968.32857",442218.769378043
"1120","27","28","820","1","0","0","4993968.96594, 3151968.32857","4873968.96594, 3511968.32857",456412.755950015
"1121","27","29","821","0","0","0","4993968.96594, 3136968.32857","4873968.96594, 3511968.32857",471744.325986811
"1122","27","30","822","0","1","0","4993968.96594, 3121968.32857","4873968.96594, 3511968.32857",528814.773373301
"1123","27","31","823","1","0","0","4993968.96594, 3106968.32857","4873968.96594, 3511968.32857",543940.484383011
"1124","27","32","824","1","1","0","4993968.96594, 3091968.32857","4873968.96594, 3511968.32857",546315.701071902
"1125","27","33","825","1","1","0","4993968.96594, 3076968.32857","4873968.96594, 3511968.32857",549928.768160599
"1126","27","34","826","1","1","0","4993968.96594, 3061968.32857","4873968.96594, 3511968.32857",578642.188370471
"1127","27","35","827","1","1","0","4993968.96594, 3046968.32857","4873968.96594, 3511968.32857",597461.513458048
"1128","27","36","828","1","1","1","4993968.96594, 3031968.32857","4873968.96594, 3511968.32857",622862.31793939
"1129","27","37","829","1","1","0","4993968.96594, 3016968.32857","4873968.96594, 3511968.32857",648612.918683402
"1130","27","38","830","0","1","0","4993968.96594, 3001968.32857","4873968.96594, 3511968.32857",675793.273519725
"1131","27","39","831","1","1","0","4993968.96594, 2986968.32857","4873968.96594, 3511968.32857",667552.931838212
"1132","27","40","832","0","0","0","4994323.14528, 2972657.3548","4873968.96594, 3511968.32857",678031.981577711
"1133","27","41","833","0","0","0","5000707.74591, 2964260.80597",,
"1137","28","3","834","1","0","0","5008982.54477, 3521800.76758","4873968.96594, 3511968.32857",253889.542290667
"1138","28","4","835","0","0","0","5008968.96594, 3511968.32857","4873968.96594, 3511968.32857",253889.542290667
"1139","28","5","836","1","0","0","5008968.96594, 3496968.32857","4873968.96594, 3511968.32857",194391.446246917
"1140","28","6","837","1","0","0","5008968.96594, 3481968.32857","4873968.96594, 3511968.32857",189713.976607914
"1141","28","7","838","1","1","0","5008968.96594, 3466968.32857","4873968.96594, 3511968.32857",182069.150660979
"1142","28","8","839","1","1","0","5008968.96594, 3451968.32857","4873968.96594, 3511968.32857",188276.434825135
"1143","28","9","840","1","1","0","5008968.96594, 3436968.32857","4873968.96594, 3511968.32857",201218.878565976
"1144","28","10","841","1","1","0","5008968.96594, 3421968.32857","4873968.96594, 3511968.32857",224783.595932363
"1145","28","11","842","1","1","0","5008968.96594, 3406968.32857","4873968.96594, 3511968.32857",208234.940686926
"1146","28","12","843","1","1","0","5008968.96594, 3391968.32857","4873968.96594, 3511968.32857",204180.864034205
"1147","28","13","844","1","1","0","5008968.96594, 3376968.32857","4873968.96594, 3511968.32857",215392.459806781
"1148","28","14","845","1","0","0","5008968.96594, 3361968.32857","4873968.96594, 3511968.32857",227699.826636407
"1149","28","15","846","1","1","0","5008968.96594, 3346968.32857","4873968.96594, 3511968.32857",264775.489705473
"1150","28","16","847","1","1","0","5008968.96594, 3331968.32857","4873968.96594, 3511968.32857",273361.099752636
"1151","28","17","848","1","0","0","5008968.96594, 3316968.32857","4873968.96594, 3511968.32857",285695.508322122
"1152","28","18","849","1","0","1","5008968.96594, 3301968.32857","4873968.96594, 3511968.32857",368017.669996452
"1153","28","19","850","1","0","0","5008968.96594, 3286968.32857","4873968.96594, 3511968.32857",365263.862415141
"1154","28","20","851","1","1","0","5008968.96594, 3271968.32857","4873968.96594, 3511968.32857",351604.231209833
"1155","28","21","852","1","1","0","5008968.96594, 3256968.32857","4873968.96594, 3511968.32857",356345.195275127
"1156","28","22","853","1","1","0","5008968.96594, 3241968.32857","4873968.96594, 3511968.32857",378235.811575432
"1157","28","23","854","1","1","0","5008968.96594, 3226968.32857","4873968.96594, 3511968.32857",396581.359511176
"1158","28","24","855","1","1","0","5008968.96594, 3211968.32857","4873968.96594, 3511968.32857",404824.42849076
"1159","28","25","856","1","0","0","5008968.96594, 3196968.32857","4873968.96594, 3511968.32857",416454.69309824
"1160","28","26","857","1","0","0","5008968.96594, 3181968.32857","4873968.96594, 3511968.32857",427019.356171158
"1161","28","27","858","0","0","0","5008968.96594, 3166968.32857","4873968.96594, 3511968.32857",463044.316323472
"1162","28","28","859","1","0","0","5008968.96594, 3151968.32857","4873968.96594, 3511968.32857",472676.755834277
"1163","28","29","860","0","0","0","5008968.96594, 3136968.32857","4873968.96594, 3511968.32857",493651.422083928
"1164","28","30","861","0","1","0","5008968.96594, 3121968.32857","4873968.96594, 3511968.32857",512233.321938574
"1165","28","31","862","1","1","0","5008968.96594, 3106968.32857","4873968.96594, 3511968.32857",527658.221729917
"1166","28","32","863","1","1","0","5008968.96594, 3091968.32857","4873968.96594, 3511968.32857",535687.957947645
"1167","28","33","864","0","1","0","5008968.96594, 3076968.32857","4873968.96594, 3511968.32857",578641.710085005
"1168","28","34","865","1","1","0","5008968.96594, 3061968.32857","4873968.96594, 3511968.32857",590326.849496142
"1169","28","35","866","1","1","0","5008968.96594, 3046968.32857","4873968.96594, 3511968.32857",611905.641076236
"1170","28","36","867","1","1","1","5008968.96594, 3031968.32857","4873968.96594, 3511968.32857",636956.18211601
"1171","28","37","868","1","1","0","5008968.96594, 3016968.32857","4873968.96594, 3511968.32857",648066.164796456
"1172","28","38","869","1","1","0","5008968.96594, 3001968.32857","4873968.96594, 3511968.32857",666963.420359769
"1173","28","39","870","1","0","0","5008968.96594, 2986968.32857","4873968.96594, 3511968.32857",673080.311619226
"1174","28","40","871","1","0","0","5008968.96594, 2971968.32857",,
"1175","28","41","872","1","1","0","5010885.42664, 2962873.49435",,
"1179","29","3","873","1","0","0","5023982.39885, 3521826.10451","4873968.96594, 3511968.32857",253889.542290667
"1180","29","4","874","1","0","0","5023968.96594, 3511968.32857","4873968.96594, 3511968.32857",253889.542290667
"1181","29","5","875","1","0","0","5023968.96594, 3496968.32857","4873968.96594, 3511968.32857",230023.298021776
"1182","29","6","876","0","1","0","5023968.96594, 3481968.32857","4873968.96594, 3511968.32857",208388.113991441
"1183","29","7","877","1","1","0","5023968.96594, 3466968.32857","4873968.96594, 3511968.32857",201325.299088642
"1184","29","8","878","1","1","0","5023968.96594, 3451968.32857","4873968.96594, 3511968.32857",200926.841784263
"1185","29","9","879","1","1","0","5023968.96594, 3436968.32857","4873968.96594, 3511968.32857",209198.867617506
"1186","29","10","880","0","0","0","5023968.96594, 3421968.32857","4873968.96594, 3511968.32857",218636.547618391
"1187","29","11","881","0","0","0","5023968.96594, 3406968.32857","4873968.96594, 3511968.32857",213026.966207279
"1188","29","12","882","0","0","0","5023968.96594, 3391968.32857","4873968.96594, 3511968.32857",209755.664849805
"1189","29","13","883","0","1","0","5023968.96594, 3376968.32857","4873968.96594, 3511968.32857",224357.092857396
"1190","29","14","884","1","1","0","5023968.96594, 3361968.32857","4873968.96594, 3511968.32857",235142.648278475
"1191","29","15","885","1","0","0","5023968.96594, 3346968.32857","4873968.96594, 3511968.32857",249027.41226623
"1192","29","16","886","1","1","0","5023968.96594, 3331968.32857","4873968.96594, 3511968.32857",289072.398939265
"1193","29","17","887","1","0","0","5023968.96594, 3316968.32857","4873968.96594, 3511968.32857",292123.874466417
"1194","29","18","888","1","0","1","5023968.96594, 3301968.32857","4873968.96594, 3511968.32857",374152.231522092
"1195","29","19","889","1","1","0","5023968.96594, 3286968.32857","4873968.96594, 3511968.32857",374152.231522092
"1196","29","20","890","1","1","0","5023968.96594, 3271968.32857","4873968.96594, 3511968.32857",359841.549593864
"1197","29","21","891","1","1","0","5023968.96594, 3256968.32857","4873968.96594, 3511968.32857",373880.578426848
"1198","29","22","892","1","1","0","5023968.96594, 3241968.32857","4873968.96594, 3511968.32857",420678.187729937
"1199","29","23","893","1","1","0","5023968.96594, 3226968.32857","4873968.96594, 3511968.32857",415286.744562195
"1200","29","24","894","1","1","0","5023968.96594, 3211968.32857","4873968.96594, 3511968.32857",416963.580324259
"1201","29","25","895","1","1","0","5023968.96594, 3196968.32857","4873968.96594, 3511968.32857",425661.43998063
"1202","29","26","896","1","1","0","5023968.96594, 3181968.32857","4873968.96594, 3511968.32857",447070.023125662
"1203","29","27","897","1","1","0","5023968.96594, 3166968.32857","4873968.96594, 3511968.32857",459529.993054765
"1204","29","28","898","1","1","0","5023968.96594, 3151968.32857","4873968.96594, 3511968.32857",475931.421579497
"1205","29","29","899","0","1","0","5023968.96594, 3136968.32857","4873968.96594, 3511968.32857",489987.744157047
"1206","29","30","900","0","1","0","5023968.96594, 3121968.32857","4873968.96594, 3511968.32857",502582.214447759
"1207","29","31","901","1","1","0","5023968.96594, 3106968.32857","4873968.96594, 3511968.32857",530580.600704912
"1208","29","32","902","0","1","0","5023968.96594, 3091968.32857","4873968.96594, 3511968.32857",542107.650892734
"1209","29","33","903","0","1","0","5023968.96594, 3076968.32857","4873968.96594, 3511968.32857",563744.510287662
"1210","29","34","904","1","0","0","5023968.96594, 3061968.32857","4873968.96594, 3511968.32857",573017.512708986
"1211","29","35","905","1","1","1","5023968.96594, 3046968.32857","4873968.96594, 3511968.32857",609484.023717739
"1212","29","36","906","1","1","1","5023968.96594, 3031968.32857","4873968.96594, 3511968.32857",622187.585456931
"1213","29","37","907","1","1","0","5023968.96594, 3016968.32857","4873968.96594, 3511968.32857",635561.64928569
"1214","29","38","908","1","1","0","5023968.96594, 3001968.32857","4873968.96594, 3511968.32857",675508.288161996
"1215","29","39","909","1","1","0","5023968.96594, 2986968.32857","4873968.96594, 3511968.32857",684364.121203251
"1216","29","40","910","1","0","0","5023968.96594, 2971968.32857",,
"1217","29","41","911","1","1","0","5024725.5128, 2960986.96314",,
"1221","30","3","912","0","0","0","5038982.25603, 3521851.44144","4873968.96594, 3511968.32857",253889.542290667
"1222","30","4","913","0","1","0","5038968.96594, 3511968.32857","4873968.96594, 3511968.32857",253889.542290667
"1223","30","5","914","1","1","0","5038968.96594, 3496968.32857","4873968.96594, 3511968.32857",236920.56253297
"1224","30","6","915","1","1","0","5038968.96594, 3481968.32857","4873968.96594, 3511968.32857",220955.444094188
"1225","30","7","916","1","1","0","5038968.96594, 3466968.32857","4873968.96594, 3511968.32857",225805.897463585
"1226","30","8","917","1","0","0","5038968.96594, 3451968.32857","4873968.96594, 3511968.32857",214855.429334377
"1227","30","9","918","1","1","0","5038968.96594, 3436968.32857","4873968.96594, 3511968.32857",219500.388933374
"1228","30","10","919","1","1","0","5038968.96594, 3421968.32857","4873968.96594, 3511968.32857",245812.728927193
"1229","30","11","920","1","0","0","5038968.96594, 3406968.32857","4873968.96594, 3511968.32857",245812.728927193
"1230","30","12","921","1","0","0","5038968.96594, 3391968.32857","4873968.96594, 3511968.32857",224357.092857396
"1231","30","13","922","1","0","0","5038968.96594, 3376968.32857","4873968.96594, 3511968.32857",230376.625165694
"1232","30","14","923","1","1","0","5038968.96594, 3361968.32857","4873968.96594, 3511968.32857",245381.706153835
"1233","30","15","924","1","1","0","5038968.96594, 3346968.32857","4873968.96594, 3511968.32857",257579.613937537
"1234","30","16","925","0","1","0","5038968.96594, 3331968.32857","4873968.96594, 3511968.32857",289359.46047572
"1235","30","17","926","1","1","1","5038968.96594, 3316968.32857","4873968.96594, 3511968.32857",295460.458024949
"1236","30","18","927","1","0","1","5038968.96594, 3301968.32857","4873968.96594, 3511968.32857",297111.685860547
"1237","30","19","928","1","1","0","5038968.96594, 3286968.32857","4873968.96594, 3511968.32857",369266.154056122
"1238","30","20","929","1","1","0","5038968.96594, 3271968.32857","4873968.96594, 3511968.32857",371605.333282727
"1239","30","21","930","1","1","0","5038968.96594, 3256968.32857","4873968.96594, 3511968.32857",386771.352735848
"1240","30","22","931","1","1","0","5038968.96594, 3241968.32857","4873968.96594, 3511968.32857",402265.933428015
"1241","30","23","932","0","1","0","5038968.96594, 3226968.32857","4873968.96594, 3511968.32857",417792.534425238
"1242","30","24","933","1","1","0","5038968.96594, 3211968.32857","4873968.96594, 3511968.32857",432091.687205237
"1243","30","25","934","1","1","0","5038968.96594, 3196968.32857","4873968.96594, 3511968.32857",439906.659103779
"1244","30","26","935","0","1","0","5038968.96594, 3181968.32857","4873968.96594, 3511968.32857",447034.075791738
"1245","30","27","936","1","1","0","5038968.96594, 3166968.32857","4873968.96594, 3511968.32857",461222.809146941
"1246","30","28","937","1","0","0","5038968.96594, 3151968.32857","4873968.96594, 3511968.32857",475931.421579497
"1247","30","29","938","0","1","0","5038968.96594, 3136968.32857","4873968.96594, 3511968.32857",521747.174648658
"1248","30","30","939","0","0","0","5038968.96594, 3121968.32857","4873968.96594, 3511968.32857",550632.001112732
"1249","30","31","940","1","1","0","5038968.96594, 3106968.32857","4873968.96594, 3511968.32857",565577.860578987
"1250","30","32","941","1","0","0","5038968.96594, 3091968.32857","4873968.96594, 3511968.32857",550358.569583497
"1251","30","33","942","1","1","0","5038968.96594, 3076968.32857","4873968.96594, 3511968.32857",562457.285983837
"1252","30","34","943","1","1","0","5038968.96594, 3061968.32857","4873968.96594, 3511968.32857",578986.633612613
"1253","30","35","944","1","1","1","5038968.96594, 3046968.32857","4873968.96594, 3511968.32857",599445.139493635
"1254","30","36","945","1","1","0","5038968.96594, 3031968.32857","4873968.96594, 3511968.32857",618523.034790281
"1255","30","37","946","1","0","0","5038968.96594, 3016968.32857","4873968.96594, 3511968.32857",715140.381390319
"1256","30","38","947","1","1","0","5038968.96594, 3001968.32857","4873968.96594, 3511968.32857",704915.907721554
"1257","30","39","948","1","1","0","5038968.96594, 2986968.32857","4873968.96594, 3511968.32857",703693.747395775
"1258","30","40","949","1","1","0","5038968.96594, 2971968.32857","4873968.96594, 3511968.32857",720622.604367846
"1259","30","41","950","1","1","0","5039440.26496, 2958981.20691","4873968.96594, 3511968.32857",732644.401819833
"1263","31","3","951","0","1","0","5054670.60834, 3522492.51098","4873968.96594, 3511968.32857",271376.21965865
"1264","31","4","952","0","1","0","5053968.96594, 3511968.32857","4873968.96594, 3511968.32857",262292.934525373
"1265","31","5","953","0","1","0","5053968.96594, 3496968.32857","4873968.96594, 3511968.32857",262641.759318335
"1266","31","6","954","1","1","0","5053968.96594, 3481968.32857","4873968.96594, 3511968.32857",246796.279392127
"1267","31","7","955","1","1","0","5053968.96594, 3466968.32857","4873968.96594, 3511968.32857",241043.398204122
"1268","31","8","956","1","0","0","5053968.96594, 3451968.32857","4873968.96594, 3511968.32857",238437.504755983
"1269","31","9","957","1","1","0","5053968.96594, 3436968.32857","4873968.96594, 3511968.32857",233141.997968187
"1270","31","10","958","1","1","0","5053968.96594, 3421968.32857","4873968.96594, 3511968.32857",241304.108491326
"1271","31","11","959","0","0","0","5053968.96594, 3406968.32857","4873968.96594, 3511968.32857",245812.728927193
"1272","31","12","960","0","0","0","5053968.96594, 3391968.32857","4873968.96594, 3511968.32857",245812.728927193
"1273","31","13","961","1","0","0","5053968.96594, 3376968.32857","4873968.96594, 3511968.32857",245381.706153835
"1274","31","14","962","1","0","0","5053968.96594, 3361968.32857","4873968.96594, 3511968.32857",251489.006489234
"1275","31","15","963","0","0","0","5053968.96594, 3346968.32857","4873968.96594, 3511968.32857",265064.393983973
"1276","31","16","964","0","1","0","5053968.96594, 3331968.32857","4873968.96594, 3511968.32857",276637.343764813
"1277","31","17","965","1","1","1","5053968.96594, 3316968.32857","4873968.96594, 3511968.32857",305334.965048082
"1278","31","18","966","1","1","1","5053968.96594, 3301968.32857","4873968.96594, 3511968.32857",345151.020985575
"1279","31","19","967","1","1","0","5053968.96594, 3286968.32857","4873968.96594, 3511968.32857",352506.403636261
"1280","31","20","968","1","1","0","5053968.96594, 3271968.32857","4873968.96594, 3511968.32857",360323.416416216
"1281","31","21","969","1","1","0","5053968.96594, 3256968.32857","4873968.96594, 3511968.32857",396412.799292927
"1282","31","22","970","0","0","0","5053968.96594, 3241968.32857","4873968.96594, 3511968.32857",402265.933428015
"1283","31","23","971","0","0","0","5053968.96594, 3226968.32857","4873968.96594, 3511968.32857",419850.403769268
"1284","31","24","972","1","0","0","5053968.96594, 3211968.32857","4873968.96594, 3511968.32857",452170.764444761
"1285","31","25","973","1","1","0","5053968.96594, 3196968.32857","4873968.96594, 3511968.32857",455713.702196698
"1286","31","26","974","0","0","0","5053968.96594, 3181968.32857","4873968.96594, 3511968.32857",455914.857298159
"1287","31","27","975","1","1","0","5053968.96594, 3166968.32857","4873968.96594, 3511968.32857",469385.687894425
"1288","31","28","976","1","0","0","5053968.96594, 3151968.32857","4873968.96594, 3511968.32857",505648.448020414
"1289","31","29","977","1","1","0","5053968.96594, 3136968.32857","4873968.96594, 3511968.32857",527886.211055826
"1290","31","30","978","1","1","0","5053968.96594, 3121968.32857","4873968.96594, 3511968.32857",541355.309490144
"1291","31","31","979","1","1","0","5053968.96594, 3106968.32857","4873968.96594, 3511968.32857",565881.281509843
"1292","31","32","980","0","0","0","5053968.96594, 3091968.32857","4873968.96594, 3511968.32857",569910.128238714
"1293","31","33","981","0","0","0","5053968.96594, 3076968.32857","4873968.96594, 3511968.32857",578986.633612613
"1294","31","34","982","1","0","0","5053968.96594, 3061968.32857","4873968.96594, 3511968.32857",581313.138767718
"1295","31","35","983","1","1","1","5053968.96594, 3046968.32857","4873968.96594, 3511968.32857",622097.304868836
"1296","31","36","984","1","1","0","5053968.96594, 3031968.32857","4873968.96594, 3511968.32857",625020.323786663
"1297","31","37","985","0","1","0","5053968.96594, 3016968.32857","4873968.96594, 3511968.32857",718283.089358039
"1298","31","38","986","1","1","0","5053968.96594, 3001968.32857","4873968.96594, 3511968.32857",715140.381390319
"1299","31","39","987","0","0","0","5053968.96594, 2986968.32857","4873968.96594, 3511968.32857",713355.201697034
"1300","31","40","988","1","0","0","5053968.96594, 2971968.32857","4873968.96594, 3511968.32857",720622.604367846
"1301","31","41","989","1","0","0","5054150.74842, 2957227.89056","4873968.96594, 3511968.32857",730272.991245508
"1302","31","42","990","0","0","0","5057805.61042, 2949086.89281","4873968.96594, 3511968.32857",732644.401819833
"1305","32","3","991","1","0","0","5069478.36646, 3524392.91142","4873968.96594, 3511968.32857",271376.21965865
"1306","32","4","992","0","0","0","5068968.96594, 3511968.32857","4873968.96594, 3511968.32857",272794.707132022
"1307","32","5","993","0","1","0","5068968.96594, 3496968.32857","4873968.96594, 3511968.32857",277285.129440085
"1308","32","6","994","1","0","0","5068968.96594, 3481968.32857","4873968.96594, 3511968.32857",257963.962746892
"1309","32","7","995","1","1","0","5068968.96594, 3466968.32857","4873968.96594, 3511968.32857",259645.131473251
"1310","32","8","996","1","1","0","5068968.96594, 3451968.32857","4873968.96594, 3511968.32857",254912.060654888
"1311","32","9","997","1","1","0","5068968.96594, 3436968.32857","4873968.96594, 3511968.32857",247646.474980807
"1312","32","10","998","1","0","0","5068968.96594, 3421968.32857","4873968.96594, 3511968.32857",240178.054240218
"1313","32","11","999","1","0","0","5068968.96594, 3406968.32857","4873968.96594, 3511968.32857",245812.728927193
"1314","32","12","1000","0","0","0","5068968.96594, 3391968.32857","4873968.96594, 3511968.32857",423725.320772011
"1315","32","13","1001","0","0","0","5068968.96594, 3376968.32857","4873968.96594, 3511968.32857",408168.748448147
"1316","32","14","1002","1","0","0","5068968.96594, 3361968.32857","4873968.96594, 3511968.32857",399957.485982114
"1317","32","15","1003","1","0","0","5068968.96594, 3346968.32857","4873968.96594, 3511968.32857",270702.879959137
"1318","32","16","1004","1","0","0","5068968.96594, 3331968.32857","4873968.96594, 3511968.32857",318882.646065828
"1319","32","17","1005","1","1","0","5068968.96594, 3316968.32857","4873968.96594, 3511968.32857",323471.36374024
"1320","32","18","1006","1","1","1","5068968.96594, 3301968.32857","4873968.96594, 3511968.32857",324548.159964793
"1321","32","19","1007","1","1","1","5068968.96594, 3286968.32857","4873968.96594, 3511968.32857",345651.835679243
"1322","32","20","1008","1","1","0","5068968.96594, 3271968.32857","4873968.96594, 3511968.32857",356142.906843691
"1323","32","21","1009","1","1","0","5068968.96594, 3256968.32857","4873968.96594, 3511968.32857",380326.207574367
"1324","32","22","1010","1","0","0","5068968.96594, 3241968.32857","4873968.96594, 3511968.32857",385791.881898573
"1325","32","23","1011","1","0","0","5068968.96594, 3226968.32857","4873968.96594, 3511968.32857",405345.838450599
"1326","32","24","1012","1","0","0","5068968.96594, 3211968.32857","4873968.96594, 3511968.32857",463030.091232145
"1327","32","25","1013","1","1","0","5068968.96594, 3196968.32857","4873968.96594, 3511968.32857",466142.939026591
"1328","32","26","1014","0","0","0","5068968.96594, 3181968.32857","4873968.96594, 3511968.32857",464265.638410154
"1329","32","27","1015","1","1","0","5068968.96594, 3166968.32857","4873968.96594, 3511968.32857",486477.654223545
"1330","32","28","1016","1","1","0","5068968.96594, 3151968.32857","4873968.96594, 3511968.32857",500631.985218554
"1331","32","29","1017","1","1","0","5068968.96594, 3136968.32857","4873968.96594, 3511968.32857",516497.469595043
"1332","32","30","1018","1","1","0","5068968.96594, 3121968.32857","4873968.96594, 3511968.32857",539591.052036681
"1333","32","31","1019","1","1","0","5068968.96594, 3106968.32857","4873968.96594, 3511968.32857",556261.285975784
"1334","32","32","1020","0","1","0","5068968.96594, 3091968.32857","4873968.96594, 3511968.32857",568171.44028983
"1335","32","33","1021","0","0","0","5068968.96594, 3076968.32857","4873968.96594, 3511968.32857",571564.432524283
"1336","32","34","1022","1","0","1","5068968.96594, 3061968.32857","4873968.96594, 3511968.32857",643381.959382767
"1337","32","35","1023","1","1","1","5068968.96594, 3046968.32857","4873968.96594, 3511968.32857",641185.679346268
"1338","32","36","1024","1","1","0","5068968.96594, 3031968.32857","4873968.96594, 3511968.32857",635778.872854201
"1339","32","37","1025","1","1","0","5068968.96594, 3016968.32857","4873968.96594, 3511968.32857",731427.519842124
"1340","32","38","1026","1","1","0","5068968.96594, 3001968.32857","4873968.96594, 3511968.32857",738941.208638904
"1341","32","39","1027","0","0","0","5068968.96594, 2986968.32857","4873968.96594, 3511968.32857",762082.398669262
"1342","32","40","1028","0","0","0","5068968.96594, 2971968.32857","4873968.96594, 3511968.32857",835930.296389422
"1343","32","41","1029","1","0","0","5068164.14731, 2958722.70193","4873968.96594, 3511968.32857",845395.202758233
"1346","33","2","1030","0","0","0","5090644.07524, 3534686.04178","4873968.96594, 3511968.32857",301175.373623197
"1347","33","3","1031","1","0","0","5084305.90575, 3526319.95762","4873968.96594, 3511968.32857",301175.373623197
"1348","33","4","1032","1","0","0","5083968.96594, 3511968.32857","4873968.96594, 3511968.32857",297504.200899098
"1349","33","5","1033","1","1","0","5083968.96594, 3496968.32857","4873968.96594, 3511968.32857",293564.950466445
"1350","33","6","1034","1","1","0","5083968.96594, 3481968.32857","4873968.96594, 3511968.32857",277924.424719315
"1351","33","7","1035","1","1","0","5083968.96594, 3466968.32857","4873968.96594, 3511968.32857",270463.104310447
"1352","33","8","1036","1","1","0","5083968.96594, 3451968.32857","4873968.96594, 3511968.32857",269332.476492931
"1353","33","9","1037","0","0","0","5083968.96594, 3436968.32857","4873968.96594, 3511968.32857",261309.79740426
"1354","33","10","1038","0","0","0","5083968.96594, 3421968.32857","4873968.96594, 3511968.32857",247646.474980807
"1355","33","11","1039","1","0","0","5083968.96594, 3406968.32857","4873968.96594, 3511968.32857",423725.320772011
"1356","33","12","1040","1","0","0","5083968.96594, 3391968.32857","4873968.96594, 3511968.32857",423725.320772011
"1357","33","13","1041","1","0","0","5083968.96594, 3376968.32857","4873968.96594, 3511968.32857",408168.748448147
"1358","33","14","1042","1","0","0","5083968.96594, 3361968.32857","4873968.96594, 3511968.32857",399957.485982114
"1359","33","15","1043","0","0","0","5083968.96594, 3346968.32857","4873968.96594, 3511968.32857",379796.509567198
"1360","33","16","1044","1","0","0","5083968.96594, 3331968.32857","4873968.96594, 3511968.32857",371183.232359791
"1361","33","17","1045","1","1","0","5083968.96594, 3316968.32857","4873968.96594, 3511968.32857",338159.010465633
"1362","33","18","1046","1","1","0","5083968.96594, 3301968.32857","4873968.96594, 3511968.32857",344821.280348595
"1363","33","19","1047","1","1","1","5083968.96594, 3286968.32857","4873968.96594, 3511968.32857",348540.100284267
"1364","33","20","1048","1","1","1","5083968.96594, 3271968.32857","4873968.96594, 3511968.32857",379186.449562598
"1365","33","21","1049","1","1","1","5083968.96594, 3256968.32857","4873968.96594, 3511968.32857",378278.158742088
"1366","33","22","1050","0","1","0","5083968.96594, 3241968.32857","4873968.96594, 3511968.32857",392673.62610907
"1367","33","23","1051","1","1","0","5083968.96594, 3226968.32857","4873968.96594, 3511968.32857",409180.299529134
"1368","33","24","1052","1","0","0","5083968.96594, 3211968.32857","4873968.96594, 3511968.32857",421862.358878276
"1369","33","25","1053","1","1","0","5083968.96594, 3196968.32857","4873968.96594, 3511968.32857",450061.890759701
"1370","33","26","1054","1","1","0","5083968.96594, 3181968.32857","4873968.96594, 3511968.32857",461756.216428902
"1371","33","27","1055","1","1","0","5083968.96594, 3166968.32857","4873968.96594, 3511968.32857",481922.113672958
"1372","33","28","1056","1","1","0","5083968.96594, 3151968.32857","4873968.96594, 3511968.32857",490540.165146324
"1373","33","29","1057","1","0","0","5083968.96594, 3136968.32857","4873968.96594, 3511968.32857",495238.343607781
"1374","33","30","1058","0","0","0","5083968.96594, 3121968.32857","4873968.96594, 3511968.32857",564647.729404113
"1375","33","31","1059","1","1","0","5083968.96594, 3106968.32857","4873968.96594, 3511968.32857",567780.98002566
"1376","33","32","1060","1","1","0","5083968.96594, 3091968.32857","4873968.96594, 3511968.32857",571564.432524283
"1377","33","33","1061","1","0","1","5083968.96594, 3076968.32857","4873968.96594, 3511968.32857",571564.432524283
"1378","33","34","1062","1","0","1","5083968.96594, 3061968.32857","4873968.96594, 3511968.32857",657503.957437817
"1379","33","35","1063","1","1","0","5083968.96594, 3046968.32857","4873968.96594, 3511968.32857",655315.314747209
"1380","33","36","1064","1","0","0","5083968.96594, 3031968.32857","4873968.96594, 3511968.32857",650391.106942877
"1381","33","37","1065","1","0","0","5083968.96594, 3016968.32857","4873968.96594, 3511968.32857",749926.556602106
"1382","33","38","1066","1","1","0","5083968.96594, 3001968.32857","4873968.96594, 3511968.32857",753409.542858388
"1383","33","39","1067","1","1","0","5083968.96594, 2986968.32857","4873968.96594, 3511968.32857",764346.213526288
"1384","33","40","1068","1","1","0","5083968.96594, 2971968.32857","4873968.96594, 3511968.32857",827407.96128821
"1385","33","41","1069","1","1","0","5081709.16048, 2961951.67094","4873968.96594, 3511968.32857",833531.799335092
"1388","34","2","1070","0","0","0","5100848.72698, 3536032.6975","4873968.96594, 3511968.32857",304250.676229781
"1389","34","3","1071","0","0","0","5098968.96594, 3526968.32857","4873968.96594, 3511968.32857",304250.676229781
"1390","34","4","1072","1","0","0","5098968.96594, 3511968.32857","4873968.96594, 3511968.32857",304250.676229781
"1391","34","5","1073","1","1","0","5098968.96594, 3496968.32857","4873968.96594, 3511968.32857",308490.040301242
"1392","34","6","1074","1","1","0","5098968.96594, 3481968.32857","4873968.96594, 3511968.32857",302165.785465185
"1393","34","7","1075","1","1","0","5098968.96594, 3466968.32857","4873968.96594, 3511968.32857",296326.551102227
"1394","34","8","1076","1","1","0","5098968.96594, 3451968.32857","4873968.96594, 3511968.32857",284048.13441094
"1395","34","9","1077","1","0","0","5098968.96594, 3436968.32857","4873968.96594, 3511968.32857",286222.508151923
"1396","34","10","1078","0","0","0","5098968.96594, 3421968.32857","4873968.96594, 3511968.32857",465574.984268013
"1397","34","11","1079","1","0","0","5098968.96594, 3406968.32857","4873968.96594, 3511968.32857",432525.214779347
"1398","34","12","1080","1","1","0","5098968.96594, 3391968.32857","4873968.96594, 3511968.32857",428349.08839874
"1399","34","13","1081","0","1","0","5098968.96594, 3376968.32857","4873968.96594, 3511968.32857",410973.547421894
"1400","34","14","1082","1","1","0","5098968.96594, 3361968.32857","4873968.96594, 3511968.32857",396120.679226929
"1401","34","15","1083","1","1","0","5098968.96594, 3346968.32857","4873968.96594, 3511968.32857",382049.429755693
"1402","34","16","1084","1","1","0","5098968.96594, 3331968.32857","4873968.96594, 3511968.32857",366346.315018454
"1403","34","17","1085","1","1","0","5098968.96594, 3316968.32857","4873968.96594, 3511968.32857",352453.609885824
"1404","34","18","1086","1","1","0","5098968.96594, 3301968.32857","4873968.96594, 3511968.32857",363940.828838192
"1405","34","19","1087","1","1","0","5098968.96594, 3286968.32857","4873968.96594, 3511968.32857",362335.599566816
"1406","34","20","1088","1","1","1","5098968.96594, 3271968.32857","4873968.96594, 3511968.32857",389754.340709041
"1407","34","21","1089","1","0","1","5098968.96594, 3256968.32857","4873968.96594, 3511968.32857",389107.17556453
"1408","34","22","1090","1","0","1","5098968.96594, 3241968.32857","4873968.96594, 3511968.32857",396004.449815458
"1409","34","23","1091","1","1","0","5098968.96594, 3226968.32857","4873968.96594, 3511968.32857",412279.909899397
"1410","34","24","1092","1","1","0","5098968.96594, 3211968.32857","4873968.96594, 3511968.32857",426210.5896894
"1411","34","25","1093","1","1","0","5098968.96594, 3196968.32857","4873968.96594, 3511968.32857",441330.017092629
"1412","34","26","1094","1","0","0","5098968.96594, 3181968.32857","4873968.96594, 3511968.32857",454439.189014985
"1413","34","27","1095","1","1","0","5098968.96594, 3166968.32857","4873968.96594, 3511968.32857",493001.520579881
"1414","34","28","1096","1","1","0","5098968.96594, 3151968.32857","4873968.96594, 3511968.32857",498488.740833555
"1415","34","29","1097","1","0","0","5098968.96594, 3136968.32857","4873968.96594, 3511968.32857",498488.740833555
"1416","34","30","1098","0","0","0","5098968.96594, 3121968.32857","4873968.96594, 3511968.32857",593148.244204185
"1417","34","31","1099","0","1","0","5098968.96594, 3106968.32857","4873968.96594, 3511968.32857",582682.790921302
"1418","34","32","1100","1","0","0","5098968.96594, 3091968.32857","4873968.96594, 3511968.32857",580754.364644253
"1419","34","33","1101","1","0","1","5098968.96594, 3076968.32857","4873968.96594, 3511968.32857",580754.364644253
"1420","34","34","1102","1","0","0","5098968.96594, 3061968.32857","4873968.96594, 3511968.32857",671023.726868554
"1421","34","35","1103","1","1","0","5098968.96594, 3046968.32857","4873968.96594, 3511968.32857",668642.930061318
"1422","34","36","1104","0","1","0","5098968.96594, 3031968.32857","4873968.96594, 3511968.32857",684195.199448809
"1423","34","37","1105","0","1","0","5098968.96594, 3016968.32857","4873968.96594, 3511968.32857",711208.194840673
"1424","34","38","1106","1","1","0","5098968.96594, 3001968.32857","4873968.96594, 3511968.32857",740419.648271042
"1425","34","39","1107","1","1","0","5098968.96594, 2986968.32857","4873968.96594, 3511968.32857",770377.631840012
"1426","34","40","1108","1","1","0","5098217.19614, 2973393.4114","4873968.96594, 3511968.32857",782070.38914865
"1427","34","41","1109","0","0","0","5091734.69073, 2964341.63735","4873968.96594, 3511968.32857",825574.740098186
"1430","35","2","1110","1","0","0","5114719.72655, 3537863.18239","4873968.96594, 3511968.32857",357394.26221442
"1431","35","3","1111","1","0","0","5113968.96594, 3526968.32857","4873968.96594, 3511968.32857",357394.26221442
"1432","35","4","1112","0","0","0","5113968.96594, 3511968.32857","4873968.96594, 3511968.32857",315703.374295292
"1433","35","5","1113","0","1","0","5113968.96594, 3496968.32857","4873968.96594, 3511968.32857",322712.821009852
"1434","35","6","1114","1","1","0","5113968.96594, 3481968.32857","4873968.96594, 3511968.32857",315258.384890359
"1435","35","7","1115","1","1","0","5113968.96594, 3466968.32857","4873968.96594, 3511968.32857",310569.448478032
"1436","35","8","1116","1","1","0","5113968.96594, 3451968.32857","4873968.96594, 3511968.32857",299452.424794192
"1437","35","9","1117","1","0","0","5113968.96594, 3436968.32857","4873968.96594, 3511968.32857",293956.865598638
"1438","35","10","1118","1","0","0","5113968.96594, 3421968.32857","4873968.96594, 3511968.32857",465574.984268013
"1439","35","11","1119","1","0","0","5113968.96594, 3406968.32857","4873968.96594, 3511968.32857",462664.007000169
"1440","35","12","1120","0","1","0","5113968.96594, 3391968.32857","4873968.96594, 3511968.32857",441565.962826354
"1441","35","13","1121","0","0","0","5113968.96594, 3376968.32857","4873968.96594, 3511968.32857",416197.973639035
"1442","35","14","1122","1","1","0","5113968.96594, 3361968.32857","4873968.96594, 3511968.32857",416197.973639035
"1443","35","15","1123","1","1","0","5113968.96594, 3346968.32857","4873968.96594, 3511968.32857",381945.350762901
"1444","35","16","1124","1","1","0","5113968.96594, 3331968.32857","4873968.96594, 3511968.32857",370451.33223358
"1445","35","17","1125","1","0","0","5113968.96594, 3316968.32857","4873968.96594, 3511968.32857",360965.29234194
"1446","35","18","1126","1","0","0","5113968.96594, 3301968.32857","4873968.96594, 3511968.32857",371188.964957194
"1447","35","19","1127","1","1","0","5113968.96594, 3286968.32857","4873968.96594, 3511968.32857",376093.441303362
"1448","35","20","1128","1","1","0","5113968.96594, 3271968.32857","4873968.96594, 3511968.32857",390394.662953829
"1449","35","21","1129","1","1","0","5113968.96594, 3256968.32857","4873968.96594, 3511968.32857",396704.200100754
"1450","35","22","1130","1","1","1","5113968.96594, 3241968.32857","4873968.96594, 3511968.32857",470600.710625413
"1451","35","23","1131","1","1","1","5113968.96594, 3226968.32857","4873968.96594, 3511968.32857",462854.273220949
"1452","35","24","1132","1","1","0","5113968.96594, 3211968.32857","4873968.96594, 3511968.32857",452067.622341452
"1453","35","25","1133","1","0","0","5113968.96594, 3196968.32857","4873968.96594, 3511968.32857",446440.150454736
"1454","35","26","1134","0","0","0","5113968.96594, 3181968.32857","4873968.96594, 3511968.32857",507193.076323423
"1455","35","27","1135","0","1","0","5113968.96594, 3166968.32857","4873968.96594, 3511968.32857",507193.076323423
"1456","35","28","1136","1","1","0","5113968.96594, 3151968.32857","4873968.96594, 3511968.32857",517880.639521731
"1457","35","29","1137","1","0","0","5113968.96594, 3136968.32857","4873968.96594, 3511968.32857",522650.184068109
"1458","35","30","1138","0","0","0","5113968.96594, 3121968.32857","4873968.96594, 3511968.32857",598097.866043431
"1459","35","31","1139","1","1","0","5113968.96594, 3106968.32857","4873968.96594, 3511968.32857",601775.177589601
"1460","35","32","1140","1","0","1","5113968.96594, 3091968.32857","4873968.96594, 3511968.32857",589304.72527198
"1461","35","33","1141","1","0","1","5113968.96594, 3076968.32857","4873968.96594, 3511968.32857",619174.794595639
"1462","35","34","1142","1","1","0","5113968.96594, 3061968.32857","4873968.96594, 3511968.32857",669355.645995031
"1463","35","35","1143","1","1","0","5113968.96594, 3046968.32857","4873968.96594, 3511968.32857",674135.758777609
"1464","35","36","1144","0","1","0","5113968.96594, 3031968.32857","4873968.96594, 3511968.32857",694762.53563213
"1465","35","37","1145","0","1","0","5113968.96594, 3016968.32857","4873968.96594, 3511968.32857",731822.821088898
"1466","35","38","1146","1","1","0","5113968.96594, 3001968.32857","4873968.96594, 3511968.32857",727284.426783549
"1467","35","39","1147","1","1","0","5113968.96594, 2986968.32857","4873968.96594, 3511968.32857",802112.454458691
"1468","35","40","1148","1","1","0","5112047.56123, 2976683.98255","4873968.96594, 3511968.32857",797171.135405823
"1472","36","2","1149","0","0","0","5129438.01294, 3539805.47939","4873968.96594, 3511968.32857",357394.26221442
"1473","36","3","1150","1","0","0","5128968.96594, 3526968.32857","4873968.96594, 3511968.32857",357394.26221442
"1474","36","4","1151","1","1","0","5128968.96594, 3511968.32857","4873968.96594, 3511968.32857",357394.26221442
"1475","36","5","1152","1","1","0","5128968.96594, 3496968.32857","4873968.96594, 3511968.32857",349485.580747861
"1476","36","6","1153","1","1","0","5128968.96594, 3481968.32857","4873968.96594, 3511968.32857",330711.028244668
"1477","36","7","1154","1","1","0","5128968.96594, 3466968.32857","4873968.96594, 3511968.32857",343232.056466551
"1478","36","8","1155","1","0","0","5128968.96594, 3451968.32857","4873968.96594, 3511968.32857",303141.510999009
"1479","36","9","1156","1","0","0","5128968.96594, 3436968.32857","4873968.96594, 3511968.32857",303141.510999009
"1480","36","10","1157","1","0","0","5128968.96594, 3421968.32857","4873968.96594, 3511968.32857",465574.984268013
"1481","36","11","1158","1","1","0","5128968.96594, 3406968.32857","4873968.96594, 3511968.32857",465574.984268013
"1482","36","12","1159","1","1","0","5128968.96594, 3391968.32857","4873968.96594, 3511968.32857",456592.023229735
"1483","36","13","1160","1","0","0","5128968.96594, 3376968.32857","4873968.96594, 3511968.32857",416197.973639035
"1484","36","14","1161","1","1","0","5128968.96594, 3361968.32857","4873968.96594, 3511968.32857",407755.524561511
"1485","36","15","1162","0","1","0","5128968.96594, 3346968.32857","4873968.96594, 3511968.32857",393448.454457906
"1486","36","16","1163","1","0","0","5128968.96594, 3331968.32857","4873968.96594, 3511968.32857",381945.350762901
"1487","36","17","1164","1","0","0","5128968.96594, 3316968.32857","4873968.96594, 3511968.32857",441165.985470521
"1488","36","18","1165","1","1","0","5128968.96594, 3301968.32857","4873968.96594, 3511968.32857",395157.885818331
"1489","36","19","1166","0","1","0","5128968.96594, 3286968.32857","4873968.96594, 3511968.32857",390210.914219251
"1490","36","20","1167","1","1","0","5128968.96594, 3271968.32857","4873968.96594, 3511968.32857",404825.593903061
"1491","36","21","1168","1","0","0","5128968.96594, 3256968.32857","4873968.96594, 3511968.32857",402380.040376198
"1492","36","22","1169","1","1","0","5128968.96594, 3241968.32857","4873968.96594, 3511968.32857",418392.3429789
"1493","36","23","1170","1","1","1","5128968.96594, 3226968.32857","4873968.96594, 3511968.32857",448411.079472821
"1494","36","24","1171","1","1","0","5128968.96594, 3211968.32857","4873968.96594, 3511968.32857",452366.789982015
"1495","36","25","1172","1","0","0","5128968.96594, 3196968.32857","4873968.96594, 3511968.32857",454546.19803166
"1496","36","26","1173","1","0","0","5128968.96594, 3181968.32857","4873968.96594, 3511968.32857",522650.184068109
"1497","36","27","1174","1","0","0","5128968.96594, 3166968.32857","4873968.96594, 3511968.32857",530081.53577547
"1498","36","28","1175","1","1","0","5128968.96594, 3151968.32857","4873968.96594, 3511968.32857",533335.498678903
"1499","36","29","1176","1","0","0","5128968.96594, 3136968.32857","4873968.96594, 3511968.32857",543796.859215406
"1500","36","30","1177","1","0","0","5128968.96594, 3121968.32857","4873968.96594, 3511968.32857",602827.103625682
"1501","36","31","1178","1","1","1","5128968.96594, 3106968.32857","4873968.96594, 3511968.32857",602827.103625682
"1502","36","32","1179","0","1","1","5128968.96594, 3091968.32857","4873968.96594, 3511968.32857",609895.990984625
"1503","36","33","1180","0","1","0","5128968.96594, 3076968.32857","4873968.96594, 3511968.32857",619174.794595639
"1504","36","34","1181","1","1","0","5128968.96594, 3061968.32857","4873968.96594, 3511968.32857",653785.526773116
"1505","36","35","1182","1","0","0","5128968.96594, 3046968.32857","4873968.96594, 3511968.32857",656796.750322669
"1506","36","36","1183","1","0","0","5128968.96594, 3031968.32857","4873968.96594, 3511968.32857",730572.989066835
"1507","36","37","1184","1","1","0","5128968.96594, 3016968.32857","4873968.96594, 3511968.32857",738050.729769895
"1508","36","38","1185","1","0","0","5128968.96594, 3001968.32857","4873968.96594, 3511968.32857",740737.103508948
"1509","36","39","1186","0","0","0","5128293.22832, 2988105.70716","4873968.96594, 3511968.32857",802112.454458691
"1510","36","40","1187","1","0","0","5122221.79444, 2979109.39796","4873968.96594, 3511968.32857",802112.454458691
"1513","37","1","1188","0","0","0","5149588.50854, 3549964.63727","4873968.96594, 3511968.32857",459664.640101683
"1514","37","2","1189","0","0","0","5144206.17012, 3541606.78378","4873968.96594, 3511968.32857",405076.781422294
"1515","37","3","1190","0","0","0","5143968.96594, 3526968.32857","4873968.96594, 3511968.32857",396173.150430019
"1516","37","4","1191","0","1","0","5143968.96594, 3511968.32857","4873968.96594, 3511968.32857",361808.041862429
"1517","37","5","1192","1","1","0","5143968.96594, 3496968.32857","4873968.96594, 3511968.32857",366979.770208153
"1518","37","6","1193","1","0","0","5143968.96594, 3481968.32857","4873968.96594, 3511968.32857",339444.827345324
"1519","37","7","1194","1","1","0","5143968.96594, 3466968.32857","4873968.96594, 3511968.32857",357248.035838692
"1520","37","8","1195","1","1","0","5143968.96594, 3451968.32857","4873968.96594, 3511968.32857",366021.928295135
"1521","37","9","1196","0","0","0","5143968.96594, 3436968.32857","4873968.96594, 3511968.32857",371123.490960004
"1522","37","10","1197","1","0","0","5143968.96594, 3421968.32857","4873968.96594, 3511968.32857",465574.984268013
"1523","37","11","1198","1","0","0","5143968.96594, 3406968.32857","4873968.96594, 3511968.32857",472634.034661834
"1524","37","12","1199","1","1","0","5143968.96594, 3391968.32857","4873968.96594, 3511968.32857",472634.034661834
"1525","37","13","1200","1","1","0","5143968.96594, 3376968.32857","4873968.96594, 3511968.32857",423982.862437381
"1526","37","14","1201","1","1","0","5143968.96594, 3361968.32857","4873968.96594, 3511968.32857",416238.873552817
"1527","37","15","1202","1","0","0","5143968.96594, 3346968.32857","4873968.96594, 3511968.32857",405562.341030711
"1528","37","16","1203","1","1","0","5143968.96594, 3331968.32857","4873968.96594, 3511968.32857",446393.185518391
"1529","37","17","1204","1","1","0","5143968.96594, 3316968.32857","4873968.96594, 3511968.32857",441165.985470521
"1530","37","18","1205","1","1","0","5143968.96594, 3301968.32857","4873968.96594, 3511968.32857",408061.95503943
"1531","37","19","1206","0","0","0","5143968.96594, 3286968.32857","4873968.96594, 3511968.32857",402789.768938607
"1532","37","20","1207","1","1","0","5143968.96594, 3271968.32857","4873968.96594, 3511968.32857",419736.277948714
"1533","37","21","1208","0","0","0","5143968.96594, 3256968.32857","4873968.96594, 3511968.32857",460150.265481887
"1534","37","22","1209","1","1","0","5143968.96594, 3241968.32857","4873968.96594, 3511968.32857",443718.745887841
"1535","37","23","1210","1","1","1","5143968.96594, 3226968.32857","4873968.96594, 3511968.32857",440836.694919809
"1536","37","24","1211","1","1","1","5143968.96594, 3211968.32857","4873968.96594, 3511968.32857",452726.522049153
"1537","37","25","1212","0","0","1","5143968.96594, 3196968.32857","4873968.96594, 3511968.32857",456862.226630247
"1538","37","26","1213","0","0","1","5143968.96594, 3181968.32857","4873968.96594, 3511968.32857",468044.976851776
"1539","37","27","1214","1","0","1","5143968.96594, 3166968.32857","4873968.96594, 3511968.32857",537974.998220495
"1540","37","28","1215","1","1","1","5143968.96594, 3151968.32857","4873968.96594, 3511968.32857",541361.732525382
"1541","37","29","1216","1","1","1","5143968.96594, 3136968.32857","4873968.96594, 3511968.32857",553216.809104305
"1542","37","30","1217","1","1","1","5143968.96594, 3121968.32857","4873968.96594, 3511968.32857",575415.318553657
"1543","37","31","1218","1","1","1","5143968.96594, 3106968.32857","4873968.96594, 3511968.32857",590326.091822667
"1544","37","32","1219","1","1","0","5143968.96594, 3091968.32857","4873968.96594, 3511968.32857",608819.276058953
"1545","37","33","1220","0","1","0","5143968.96594, 3076968.32857","4873968.96594, 3511968.32857",628805.295399988
"1546","37","34","1221","1","1","0","5143968.96594, 3061968.32857","4873968.96594, 3511968.32857",653750.308721167
"1547","37","35","1222","0","0","0","5143968.96594, 3046968.32857","4873968.96594, 3511968.32857",691573.203761813
"1548","37","36","1223","1","1","0","5143968.96594, 3031968.32857","4873968.96594, 3511968.32857",715668.18367677
"1549","37","37","1224","1","1","0","5143968.96594, 3016968.32857","4873968.96594, 3511968.32857",720071.594472413
"1550","37","38","1225","0","0","0","5143968.96594, 3001968.32857","4873968.96594, 3511968.32857",720071.594472413
"1551","37","39","1226","0","0","0","5142388.72005, 2991402.43432",,
"1555","38","1","1227","0","0","0","5157285.01416, 3550537.40703","4873968.96594, 3511968.32857",459664.640101683
"1556","38","2","1228","0","0","0","5158965.52499, 3541964.80544","4873968.96594, 3511968.32857",408986.696132474
"1557","38","3","1229","1","1","0","5158968.96594, 3526968.32857","4873968.96594, 3511968.32857",398530.09752243
"1558","38","4","1230","1","1","0","5158968.96594, 3511968.32857","4873968.96594, 3511968.32857",386156.794978778
"1559","38","5","1231","1","0","0","5158968.96594, 3496968.32857","4873968.96594, 3511968.32857",379149.791466088
"1560","38","6","1232","1","0","0","5158968.96594, 3481968.32857","4873968.96594, 3511968.32857",415922.302258135
"1561","38","7","1233","1","0","0","5158968.96594, 3466968.32857","4873968.96594, 3511968.32857",361011.272484904
"1562","38","8","1234","1","1","0","5158968.96594, 3451968.32857","4873968.96594, 3511968.32857",377889.134344687
"1563","38","9","1235","1","1","0","5158968.96594, 3436968.32857","4873968.96594, 3511968.32857",391976.071769838
"1564","38","10","1236","1","0","0","5158968.96594, 3421968.32857","4873968.96594, 3511968.32857",401926.780806395
"1565","38","11","1237","1","0","0","5158968.96594, 3406968.32857","4873968.96594, 3511968.32857",471851.228341862
"1566","38","12","1238","1","1","0","5158968.96594, 3391968.32857","4873968.96594, 3511968.32857",476457.757084315
"1567","38","13","1239","1","1","0","5158968.96594, 3376968.32857","4873968.96594, 3511968.32857",435904.600800495
"1568","38","14","1240","0","0","0","5158968.96594, 3361968.32857","4873968.96594, 3511968.32857",427704.6953608
"1569","38","15","1241","1","0","0","5158968.96594, 3346968.32857","4873968.96594, 3511968.32857",416238.873552817
"1570","38","16","1242","1","0","0","5158968.96594, 3331968.32857","4873968.96594, 3511968.32857",446393.185518391
"1571","38","17","1243","1","1","0","5158968.96594, 3316968.32857","4873968.96594, 3511968.32857",436186.485968851
"1572","38","18","1244","1","1","0","5158968.96594, 3301968.32857","4873968.96594, 3511968.32857",422053.713510575
"1573","38","19","1245","1","1","0","5158968.96594, 3286968.32857","4873968.96594, 3511968.32857",430828.14001306
"1574","38","20","1246","1","1","0","5158968.96594, 3271968.32857","4873968.96594, 3511968.32857",436114.422387238
"1575","38","21","1247","0","1","0","5158968.96594, 3256968.32857","4873968.96594, 3511968.32857",464174.288117294
"1576","38","22","1248","1","1","0","5158968.96594, 3241968.32857","4873968.96594, 3511968.32857",454020.486677023
"1577","38","23","1249","1","0","0","5158968.96594, 3226968.32857","4873968.96594, 3511968.32857",446773.688232787
"1578","38","24","1250","1","1","0","5158968.96594, 3211968.32857","4873968.96594, 3511968.32857",461066.226985479
"1579","38","25","1251","0","0","0","5158968.96594, 3196968.32857","4873968.96594, 3511968.32857",470060.859543905
"1580","38","26","1252","0","0","0","5158968.96594, 3181968.32857","4873968.96594, 3511968.32857",520495.273547048
"1581","38","27","1253","0","0","0","5158968.96594, 3166968.32857","4873968.96594, 3511968.32857",538837.577431845
"1582","38","28","1254","1","0","1","5158968.96594, 3151968.32857","4873968.96594, 3511968.32857",574162.902045477
"1583","38","29","1255","1","1","1","5158968.96594, 3136968.32857","4873968.96594, 3511968.32857",563864.164666579
"1584","38","30","1256","1","1","0","5158968.96594, 3121968.32857","4873968.96594, 3511968.32857",584494.309051342
"1585","38","31","1257","1","1","0","5158968.96594, 3106968.32857","4873968.96594, 3511968.32857",609358.302339657
"1586","38","32","1258","1","1","0","5158968.96594, 3091968.32857","4873968.96594, 3511968.32857",609876.619516638
"1587","38","33","1259","1","1","0","5158968.96594, 3076968.32857","4873968.96594, 3511968.32857",622472.578876557
"1588","38","34","1260","1","1","0","5158968.96594, 3061968.32857","4873968.96594, 3511968.32857",662809.02080718
"1589","38","35","1261","0","1","0","5158968.96594, 3046968.32857","4873968.96594, 3511968.32857",684434.732314292
"1590","38","36","1262","1","1","0","5158968.96594, 3031968.32857","4873968.96594, 3511968.32857",701684.251521052
"1591","38","37","1263","1","1","0","5158968.96594, 3016968.32857","4873968.96594, 3511968.32857",726427.450224142
"1592","38","38","1264","1","0","0","5158968.96594, 3001968.32857","4873968.96594, 3511968.32857",735780.926744808
"1593","38","39","1265","1","0","0","5160032.59529, 2991779.99615","4873968.96594, 3511968.32857",743830.125410767
"1598","39","2","1266","1","1","0","5173439.58352, 3540636.76108","4873968.96594, 3511968.32857",422133.846271689
"1599","39","3","1267","1","1","0","5173968.96594, 3526968.32857","4873968.96594, 3511968.32857",408986.696132474
"1600","39","4","1268","1","1","0","5173968.96594, 3511968.32857","4873968.96594, 3511968.32857",400501.03118269
"1601","39","5","1269","1","1","0","5173968.96594, 3496968.32857","4873968.96594, 3511968.32857",413476.718692104
"1602","39","6","1270","1","1","0","5173968.96594, 3481968.32857","4873968.96594, 3511968.32857",428569.728185584
"1603","39","7","1271","0","0","0","5173968.96594, 3466968.32857","4873968.96594, 3511968.32857",441196.646735641
"1604","39","8","1272","0","0","0","5173968.96594, 3451968.32857","4873968.96594, 3511968.32857",388890.937325205
"1605","39","9","1273","1","1","0","5173968.96594, 3436968.32857","4873968.96594, 3511968.32857",399047.775997156
"1606","39","10","1274","1","1","0","5173968.96594, 3421968.32857","4873968.96594, 3511968.32857",412838.523040819
"1607","39","11","1275","1","0","0","5173968.96594, 3406968.32857","4873968.96594, 3511968.32857",461009.053177986
"1608","39","12","1276","0","1","0","5173968.96594, 3391968.32857","4873968.96594, 3511968.32857",457432.364316953
"1609","39","13","1277","1","1","0","5173968.96594, 3376968.32857","4873968.96594, 3511968.32857",447818.211173975
"1610","39","14","1278","1","0","0","5173968.96594, 3361968.32857","4873968.96594, 3511968.32857",438239.335839372
"1611","39","15","1279","0","0","0","5173968.96594, 3346968.32857","4873968.96594, 3511968.32857",480045.329348397
"1612","39","16","1280","1","0","0","5173968.96594, 3331968.32857","4873968.96594, 3511968.32857",462797.724103891
"1613","39","17","1281","0","1","0","5173968.96594, 3316968.32857","4873968.96594, 3511968.32857",447947.274106172
"1614","39","18","1282","0","1","0","5173968.96594, 3301968.32857","4873968.96594, 3511968.32857",440871.677764646
"1615","39","19","1283","1","0","0","5173968.96594, 3286968.32857","4873968.96594, 3511968.32857",436036.839147016
"1616","39","20","1284","1","1","0","5173968.96594, 3271968.32857","4873968.96594, 3511968.32857",450534.670647455
"1617","39","21","1285","1","0","0","5173968.96594, 3256968.32857","4873968.96594, 3511968.32857",457261.363774542
"1618","39","22","1286","1","0","0","5173968.96594, 3241968.32857","4873968.96594, 3511968.32857",460150.265481887
"1619","39","23","1287","0","0","0","5173968.96594, 3226968.32857","4873968.96594, 3511968.32857",524998.272591868
"1620","39","24","1288","1","1","0","5173968.96594, 3211968.32857","4873968.96594, 3511968.32857",477448.356438746
"1621","39","25","1289","0","1","0","5173968.96594, 3196968.32857","4873968.96594, 3511968.32857",483668.012364427
"1622","39","26","1290","0","0","0","5173968.96594, 3181968.32857","4873968.96594, 3511968.32857",520495.273547048
"1623","39","27","1291","1","1","0","5173968.96594, 3166968.32857","4873968.96594, 3511968.32857",538837.577431845
"1624","39","28","1292","1","1","0","5173968.96594, 3151968.32857","4873968.96594, 3511968.32857",564751.361707945
"1625","39","29","1293","0","1","0","5173968.96594, 3136968.32857","4873968.96594, 3511968.32857",580632.910066594
"1626","39","30","1294","1","1","0","5173968.96594, 3121968.32857","4873968.96594, 3511968.32857",602896.418034291
"1627","39","31","1295","1","1","0","5173968.96594, 3106968.32857","4873968.96594, 3511968.32857",622559.482282451
"1628","39","32","1296","1","0","0","5173968.96594, 3091968.32857","4873968.96594, 3511968.32857",616969.525661666
"1629","39","33","1297","1","1","0","5173968.96594, 3076968.32857","4873968.96594, 3511968.32857",636652.922411328
"1630","39","34","1298","1","1","0","5173968.96594, 3061968.32857","4873968.96594, 3511968.32857",652958.213215664
"1631","39","35","1299","1","1","0","5173968.96594, 3046968.32857","4873968.96594, 3511968.32857",664698.913465017
"1632","39","36","1300","1","0","0","5173968.96594, 3031968.32857","4873968.96594, 3511968.32857",676967.821043494
"1633","39","37","1301","1","1","0","5173968.96594, 3016968.32857","4873968.96594, 3511968.32857",741336.588063144
"1634","39","38","1302","1","0","0","5173968.96594, 3001968.32857","4873968.96594, 3511968.32857",745499.851397545
"1635","39","39","1303","1","0","0","5174543.62008, 2989692.97704","4873968.96594, 3511968.32857",827897.933879027
"1640","40","2","1304","0","0","0","5185037.9429, 3538417.82103","4873968.96594, 3511968.32857",420431.075764381
"1641","40","3","1305","1","0","0","5187781.16227, 3526313.34461","4873968.96594, 3511968.32857",416723.724389408
"1642","40","4","1306","1","0","0","5188968.96594, 3511968.32857","4873968.96594, 3511968.32857",409484.940792556
"1643","40","5","1307","0","0","0","5188968.96594, 3496968.32857","4873968.96594, 3511968.32857",426647.386251129
"1644","40","6","1308","1","1","0","5188968.96594, 3481968.32857","4873968.96594, 3511968.32857",438207.718916075
"1645","40","7","1309","1","0","0","5188968.96594, 3466968.32857","4873968.96594, 3511968.32857",445110.677897794
"1646","40","8","1310","1","0","0","5188968.96594, 3451968.32857","4873968.96594, 3511968.32857",462508.515245718
"1647","40","9","1311","1","0","0","5188968.96594, 3436968.32857","4873968.96594, 3511968.32857",452268.840227
"1648","40","10","1312","1","1","0","5188968.96594, 3421968.32857","4873968.96594, 3511968.32857",424124.23653822
"1649","40","11","1313","0","1","0","5188968.96594, 3406968.32857","4873968.96594, 3511968.32857",440802.559678853
"1650","40","12","1314","0","1","0","5188968.96594, 3391968.32857","4873968.96594, 3511968.32857",450101.559627069
"1651","40","13","1315","1","0","0","5188968.96594, 3376968.32857","4873968.96594, 3511968.32857",464347.265346623
"1652","40","14","1316","1","0","0","5188968.96594, 3361968.32857","4873968.96594, 3511968.32857",479717.626950677
"1653","40","15","1317","1","0","0","5188968.96594, 3346968.32857","4873968.96594, 3511968.32857",486069.427938934
"1654","40","16","1318","1","1","0","5188968.96594, 3331968.32857","4873968.96594, 3511968.32857",477307.963122077
"1655","40","17","1319","1","1","0","5188968.96594, 3316968.32857","4873968.96594, 3511968.32857",459361.95298977
"1656","40","18","1320","1","0","0","5188968.96594, 3301968.32857","4873968.96594, 3511968.32857",452441.292535335
"1657","40","19","1321","1","1","0","5188968.96594, 3286968.32857","4873968.96594, 3511968.32857",470167.35442918
"1658","40","20","1322","1","1","0","5188968.96594, 3271968.32857","4873968.96594, 3511968.32857",465448.237865076
"1659","40","21","1323","1","1","0","5188968.96594, 3256968.32857","4873968.96594, 3511968.32857",471937.892843562
"1660","40","22","1324","1","0","0","5188968.96594, 3241968.32857","4873968.96594, 3511968.32857",516760.347308919
"1661","40","23","1325","1","1","0","5188968.96594, 3226968.32857","4873968.96594, 3511968.32857",524998.272591868
"1662","40","24","1326","1","0","0","5188968.96594, 3211968.32857","4873968.96594, 3511968.32857",527008.762503821
"1663","40","25","1327","1","1","0","5188968.96594, 3196968.32857","4873968.96594, 3511968.32857",497736.934078003
"1664","40","26","1328","1","1","0","5188968.96594, 3181968.32857","4873968.96594, 3511968.32857",522375.695354296
"1665","40","27","1329","1","1","0","5188968.96594, 3166968.32857","4873968.96594, 3511968.32857",535918.619383724
"1666","40","28","1330","1","1","0","5188968.96594, 3151968.32857","4873968.96594, 3511968.32857",551977.766805514
"1667","40","29","1331","1","0","0","5188968.96594, 3136968.32857","4873968.96594, 3511968.32857",620412.743541151
"1668","40","30","1332","1","1","0","5188968.96594, 3121968.32857","4873968.96594, 3511968.32857",618598.164852802
"1669","40","31","1333","1","1","0","5188968.96594, 3106968.32857","4873968.96594, 3511968.32857",623566.350596126
"1670","40","32","1334","1","1","0","5188968.96594, 3091968.32857","4873968.96594, 3511968.32857",632531.007247691
"1671","40","33","1335","1","1","0","5188968.96594, 3076968.32857","4873968.96594, 3511968.32857",662340.539683504
"1672","40","34","1336","1","1","0","5188968.96594, 3061968.32857","4873968.96594, 3511968.32857",659293.849968635
"1673","40","35","1337","0","0","0","5188968.96594, 3046968.32857","4873968.96594, 3511968.32857",662917.499987381
"1674","40","36","1338","0","0","0","5188968.96594, 3031968.32857","4873968.96594, 3511968.32857",754881.677945993
"1675","40","37","1339","1","1","0","5188968.96594, 3016968.32857","4873968.96594, 3511968.32857",756527.465231729
"1676","40","38","1340","0","0","0","5188968.96594, 3001968.32857","4873968.96594, 3511968.32857",760726.465169685
"1677","40","39","1341","0","1","0","5189324.38787, 2987614.09542","4873968.96594, 3511968.32857",803923.520792027
"1678","40","40","1342","0","1","0","5195475.33599, 2979182.51489","4873968.96594, 3511968.32857",811112.557552775
"1683","41","3","1343","0","0","0","5196709.50468, 3520008.18435","4873968.96594, 3511968.32857",416723.724389408
"1684","41","4","1344","0","0","0","5198958.66907, 3509912.30998","4873968.96594, 3511968.32857",424215.52684544
"1685","41","5","1345","0","0","0","5202015.52081, 3496190.95144","4873968.96594, 3511968.32857",438207.718916075
"1686","41","6","1346","0","1","0","5203939.01945, 3481939.95552","4873968.96594, 3511968.32857",450089.968926521
"1687","41","7","1347","0","1","0","5203968.96594, 3466968.32857","4873968.96594, 3511968.32857",460154.306591951
"1688","41","8","1348","1","1","0","5203968.96594, 3451968.32857","4873968.96594, 3511968.32857",470191.955740478
"1689","41","9","1349","1","1","0","5203968.96594, 3436968.32857","4873968.96594, 3511968.32857",459639.297113954
"1690","41","10","1350","1","1","0","5203968.96594, 3421968.32857","4873968.96594, 3511968.32857",445371.769602537
"1691","41","11","1351","1","1","0","5203968.96594, 3406968.32857","4873968.96594, 3511968.32857",441586.005635499
"1692","41","12","1352","1","1","0","5203968.96594, 3391968.32857","4873968.96594, 3511968.32857",455365.52458453
"1693","41","13","1353","1","1","0","5203968.96594, 3376968.32857","4873968.96594, 3511968.32857",471332.233210503
"1694","41","14","1354","1","1","0","5203968.96594, 3361968.32857","4873968.96594, 3511968.32857",483415.056607111
"1695","41","15","1355","0","1","0","5203968.96594, 3346968.32857","4873968.96594, 3511968.32857",490732.707130417
"1696","41","16","1356","0","1","0","5203968.96594, 3331968.32857","4873968.96594, 3511968.32857",483762.408451258
"1697","41","17","1357","1","0","0","5203968.96594, 3316968.32857","4873968.96594, 3511968.32857",469371.25293221
"1698","41","18","1358","0","0","0","5203968.96594, 3301968.32857","4873968.96594, 3511968.32857",488033.671549155
"1699","41","19","1359","1","1","0","5203968.96594, 3286968.32857","4873968.96594, 3511968.32857",481610.434509875
"1700","41","20","1360","1","0","0","5203968.96594, 3271968.32857","4873968.96594, 3511968.32857",480798.421297101
"1701","41","21","1361","1","1","0","5203968.96594, 3256968.32857","4873968.96594, 3511968.32857",486582.072874823
"1702","41","22","1362","0","1","0","5203968.96594, 3241968.32857","4873968.96594, 3511968.32857",505244.788643221
"1703","41","23","1363","0","1","0","5203968.96594, 3226968.32857","4873968.96594, 3511968.32857",514171.826118421
"1704","41","24","1364","1","0","0","5203968.96594, 3211968.32857","4873968.96594, 3511968.32857",518235.906195792
"1705","41","25","1365","1","1","0","5203968.96594, 3196968.32857","4873968.96594, 3511968.32857",515742.850383015
"1706","41","26","1366","0","0","0","5203968.96594, 3181968.32857","4873968.96594, 3511968.32857",509147.101136042
"1707","41","27","1367","0","0","0","5203968.96594, 3166968.32857","4873968.96594, 3511968.32857",545434.114790589
"1708","41","28","1368","0","0","0","5203968.96594, 3151968.32857","4873968.96594, 3511968.32857",550204.73209034
"1709","41","29","1369","1","0","0","5203968.96594, 3136968.32857","4873968.96594, 3511968.32857",638077.838527243
"1710","41","30","1370","0","1","0","5203968.96594, 3121968.32857","4873968.96594, 3511968.32857",635607.449222682
"1711","41","31","1371","0","0","0","5203968.96594, 3106968.32857","4873968.96594, 3511968.32857",635978.215821794
"1712","41","32","1372","1","1","0","5203968.96594, 3091968.32857","4873968.96594, 3511968.32857",646600.70360745
"1713","41","33","1373","1","1","0","5203968.96594, 3076968.32857","4873968.96594, 3511968.32857",676779.056428155
"1714","41","34","1374","0","0","0","5203968.96594, 3061968.32857","4873968.96594, 3511968.32857",676779.056428155
"1715","41","35","1375","0","0","0","5203968.96594, 3046968.32857","4873968.96594, 3511968.32857",674936.744258738
"1716","41","36","1376","0","0","0","5203968.96594, 3031968.32857","4873968.96594, 3511968.32857",766422.8411045
"1717","41","37","1377","1","1","0","5203968.96594, 3016968.32857","4873968.96594, 3511968.32857",771732.782060842
"1718","41","38","1378","1","1","0","5203968.96594, 3001968.32857","4873968.96594, 3511968.32857",783598.369704559
"1719","41","39","1379","0","1","0","5203968.96594, 2986968.32857","4873968.96594, 3511968.32857",798526.681756902
"1720","41","40","1380","0","0","0","5205757.93618, 2977703.64049",,
"1728","42","6","1381","0","0","0","5213850.5319, 3478678.21763","4873968.96594, 3511968.32857",496552.973123427
"1729","42","7","1382","1","1","0","5217439.59459, 3466050.00163","4873968.96594, 3511968.32857",496552.973123427
"1730","42","8","1383","1","1","0","5218968.96594, 3451968.32857","4873968.96594, 3511968.32857",482230.513937156
"1731","42","9","1384","0","0","0","5218968.96594, 3436968.32857","4873968.96594, 3511968.32857",472247.339906568
"1732","42","10","1385","1","1","0","5218968.96594, 3421968.32857","4873968.96594, 3511968.32857",464979.364170531
"1733","42","11","1386","0","1","0","5218968.96594, 3406968.32857","4873968.96594, 3511968.32857",458924.201206275
"1734","42","12","1387","0","0","0","5218968.96594, 3391968.32857","4873968.96594, 3511968.32857",536198.509333458
"1735","42","13","1388","0","0","0","5218968.96594, 3376968.32857","4873968.96594, 3511968.32857",478031.38188961
"1736","42","14","1389","1","1","0","5218968.96594, 3361968.32857","4873968.96594, 3511968.32857",491069.097194679
"1737","42","15","1390","1","1","0","5218968.96594, 3346968.32857","4873968.96594, 3511968.32857",507779.172128167
"1738","42","16","1391","0","0","0","5217748.56449, 3332912.99342","4873968.96594, 3511968.32857",497777.733536087
"1739","42","17","1392","0","0","0","5217660.15426, 3315445.38299","4873968.96594, 3511968.32857",500058.269145411
"1740","42","18","1393","1","0","0","5218968.96594, 3301968.32857","4873968.96594, 3511968.32857",500058.269145411
"1741","42","19","1394","1","1","0","5218968.96594, 3286968.32857","4873968.96594, 3511968.32857",498262.280810722
"1742","42","20","1395","1","0","0","5218968.96594, 3271968.32857","4873968.96594, 3511968.32857",483864.245367208
"1743","42","21","1396","0","0","0","5218968.96594, 3256968.32857","4873968.96594, 3511968.32857",489607.100666131
"1744","42","22","1397","0","0","0","5218968.96594, 3241968.32857","4873968.96594, 3511968.32857",497581.430811399
"1745","42","23","1398","0","0","0","5218968.96594, 3226968.32857","4873968.96594, 3511968.32857",509002.483928597
"1746","42","24","1399","1","0","0","5218968.96594, 3211968.32857","4873968.96594, 3511968.32857",528466.699772644
"1747","42","25","1400","1","1","0","5218968.96594, 3196968.32857","4873968.96594, 3511968.32857",533271.8053683
"1748","42","26","1401","1","0","0","5218968.96594, 3181968.32857","4873968.96594, 3511968.32857",538428.856413535
"1749","42","27","1402","0","0","0","5218968.96594, 3166968.32857","4873968.96594, 3511968.32857",586432.365007431
"1750","42","28","1403","1","0","0","5218968.96594, 3151968.32857","4873968.96594, 3511968.32857",614269.654597385
"1751","42","29","1404","1","1","0","5218968.96594, 3136968.32857","4873968.96594, 3511968.32857",640479.695217691
"1752","42","30","1405","0","1","0","5218968.96594, 3121968.32857","4873968.96594, 3511968.32857",647120.094943851
"1753","42","31","1406","0","0","0","5218968.96594, 3106968.32857","4873968.96594, 3511968.32857",644674.183784774
"1754","42","32","1407","0","0","0","5218968.96594, 3091968.32857","4873968.96594, 3511968.32857",656198.518415295
"1755","42","33","1408","1","1","0","5218968.96594, 3076968.32857","4873968.96594, 3511968.32857",677347.350358373
"1756","42","34","1409","1","1","0","5218968.96594, 3061968.32857","4873968.96594, 3511968.32857",766391.146348964
"1757","42","35","1410","0","0","0","5218968.96594, 3046968.32857","4873968.96594, 3511968.32857",789756.055219771
"1758","42","36","1411","1","0","0","5218968.96594, 3031968.32857","4873968.96594, 3511968.32857",791445.134621876
"1759","42","37","1412","1","0","0","5218968.96594, 3016968.32857","4873968.96594, 3511968.32857",775723.958371183
"1760","42","38","1413","1","0","0","5218968.96594, 3001968.32857","4873968.96594, 3511968.32857",780206.431803239
"1761","42","39","1414","0","0","0","5218968.96594, 2986968.32857",,
"1762","42","40","1415","0","0","0","5219704.81152, 2975697.75905",,
"1771","43","7","1416","0","0","0","5226718.40653, 3459904.47119","4873968.96594, 3511968.32857",489080.981969581
"1772","43","8","1417","0","0","0","5229596.55453, 3449839.68538","4873968.96594, 3511968.32857",484283.941211898
"1773","43","9","1418","0","0","0","5233167.38482, 3436369.01042","4873968.96594, 3511968.32857",472804.798986406
"1774","43","10","1419","1","1","0","5233968.96594, 3421968.32857","4873968.96594, 3511968.32857",474844.238246459
"1775","43","11","1420","0","0","0","5233968.96594, 3406968.32857","4873968.96594, 3511968.32857",478625.399658508
"1776","43","12","1421","0","1","0","5233968.96594, 3391968.32857","4873968.96594, 3511968.32857",541319.213115748
"1777","43","13","1422","0","1","0","5233968.96594, 3376968.32857","4873968.96594, 3511968.32857",527617.920741119
"1778","43","14","1423","0","1","0","5233905.19235, 3362029.97352","4873968.96594, 3511968.32857",516007.739909062
"1779","43","15","1424","0","0","0","5231043.96401, 3348643.57795","4873968.96594, 3511968.32857",509443.99865499
"1780","43","16","1425","0","0","0","5227344.16354, 3338237.54074","4873968.96594, 3511968.32857",511473.851168909
"1781","43","17","1426","0","0","0","5229985.19234, 3311388.70043","4873968.96594, 3511968.32857",519023.953236308
"1782","43","18","1427","1","1","0","5233820.72459, 3301803.49405","4873968.96594, 3511968.32857",519023.953236308
"1783","43","19","1428","0","1","0","5233968.96594, 3286968.32857","4873968.96594, 3511968.32857",512473.224078862
"1784","43","20","1429","1","0","0","5233968.96594, 3271968.32857","4873968.96594, 3511968.32857",510507.174625171
"1785","43","21","1430","0","0","0","5233968.96594, 3256968.32857","4873968.96594, 3511968.32857",620329.180553476
"1786","43","22","1431","1","0","0","5233968.96594, 3241968.32857","4873968.96594, 3511968.32857",620329.180553476
"1787","43","23","1432","1","0","0","5233968.96594, 3226968.32857","4873968.96594, 3511968.32857",609484.524527724
"1788","43","24","1433","1","0","0","5233968.96594, 3211968.32857","4873968.96594, 3511968.32857",549712.843395403
"1789","43","25","1434","1","1","0","5233968.96594, 3196968.32857","4873968.96594, 3511968.32857",547886.448674168
"1790","43","26","1435","1","1","0","5233968.96594, 3181968.32857","4873968.96594, 3511968.32857",567103.236332007
"1791","43","27","1436","1","1","0","5233968.96594, 3166968.32857","4873968.96594, 3511968.32857",586432.365007431
"1792","43","28","1437","1","1","0","5233968.96594, 3151968.32857","4873968.96594, 3511968.32857",612203.09661037
"1793","43","29","1438","0","1","0","5233968.96594, 3136968.32857","4873968.96594, 3511968.32857",622248.271427787
"1794","43","30","1439","0","1","0","5233968.96594, 3121968.32857","4873968.96594, 3511968.32857",635555.849461515
"1795","43","31","1440","0","0","0","5233968.96594, 3106968.32857","4873968.96594, 3511968.32857",638481.113785371
"1796","43","32","1441","0","0","0","5233968.96594, 3091968.32857","4873968.96594, 3511968.32857",730351.120341246
"1797","43","33","1442","0","1","0","5233968.96594, 3076968.32857","4873968.96594, 3511968.32857",752045.857551247
"1798","43","34","1443","1","1","0","5233968.96594, 3061968.32857","4873968.96594, 3511968.32857",767761.128263758
"1799","43","35","1444","1","1","0","5233968.96594, 3046968.32857","4873968.96594, 3511968.32857",789756.055219771
"1800","43","36","1445","1","1","0","5233937.73499, 3031998.74084",,
"1801","43","37","1446","1","0","0","5231520.732, 3017725.70739",,
"1802","43","38","1447","1","0","0","5232617.0435, 3001361.14021",,
"1803","43","39","1448","0","0","0","5233968.95968, 2986968.32231",,
"1804","43","40","1449","0","0","0","5234432.14746, 2973579.62943",,
"1815","44","9","1450","0","0","0","5242437.64994, 3431162.05609","4873968.96594, 3511968.32857",487241.020313469
"1816","44","10","1451","1","1","0","5244260.06084, 3421044.11079","4873968.96594, 3511968.32857",487241.020313469
"1817","44","11","1452","0","1","0","5246091.96926, 3406455.05646","4873968.96594, 3511968.32857",559430.656406716
"1818","44","12","1453","0","1","0","5247945.30768, 3391604.46519","4873968.96594, 3511968.32857",552270.07796475
"1819","44","13","1454","0","0","0","5248256.76681, 3377564.72045","4873968.96594, 3511968.32857",525833.175782826
"1820","44","14","1455","0","0","0","5244455.03657, 3365269.02616","4873968.96594, 3511968.32857",525833.175782826
"1824","44","18","1456","1","1","0","5247233.60389, 3299159.3082","4873968.96594, 3511968.32857",528318.34456469
"1825","44","19","1457","0","0","0","5248843.68363, 3286875.02052","4873968.96594, 3511968.32857",522782.065348681
"1826","44","20","1458","1","0","0","5248968.96594, 3271968.32857","4873968.96594, 3511968.32857",520156.35718167
"1827","44","21","1459","0","0","0","5248968.96594, 3256968.32857","4873968.96594, 3511968.32857",620329.180553476
"1828","44","22","1460","1","0","0","5248968.96594, 3241968.32857","4873968.96594, 3511968.32857",620329.180553476
"1829","44","23","1461","0","0","0","5248968.96594, 3226968.32857","4873968.96594, 3511968.32857",607525.571379243
"1830","44","24","1462","0","0","0","5248968.96594, 3211968.32857","4873968.96594, 3511968.32857",569163.799553633
"1831","44","25","1463","1","1","0","5248968.96594, 3196968.32857","4873968.96594, 3511968.32857",565059.922524031
"1832","44","26","1464","1","1","0","5248968.96594, 3181968.32857","4873968.96594, 3511968.32857",568832.941385032
"1833","44","27","1465","1","1","0","5248968.96594, 3166968.32857","4873968.96594, 3511968.32857",582602.467764999
"1834","44","28","1466","1","1","0","5248968.96594, 3151968.32857","4873968.96594, 3511968.32857",611619.356190519
"1835","44","29","1467","0","0","0","5248968.96594, 3136968.32857","4873968.96594, 3511968.32857",633854.86481203
"1836","44","30","1468","0","1","0","5248968.96594, 3121968.32857","4873968.96594, 3511968.32857",645051.292449848
"1837","44","31","1469","0","0","0","5248968.96594, 3106968.32857","4873968.96594, 3511968.32857",649695.289666266
"1838","44","32","1470","0","1","0","5248968.96594, 3091968.32857","4873968.96594, 3511968.32857",726886.979998144
"1839","44","33","1471","0","1","0","5248968.96594, 3076968.32857","4873968.96594, 3511968.32857",739749.57808523
"1840","44","34","1472","1","0","0","5248968.96594, 3061968.32857","4873968.96594, 3511968.32857",776634.883586454
"1841","44","35","1473","1","1","0","5248212.24641, 3047589.29195","4873968.96594, 3511968.32857",799888.156733735
"1842","44","36","1474","0","1","0","5244448.87072, 3035038.22307",,
"1845","44","39","1475","0","0","0","5243417.48971, 2984457.98667",,
"1846","44","40","1476","0","0","0","5246080.24151, 2971255.01031",,
"1847","44","41","1477","0","0","0","5250977.89419, 2963654.24794",,
"1861","45","13","1478","0","0","0","5256803.80124, 3380248.13205","4873968.96594, 3511968.32857",549764.114456933
"1867","45","19","1479","0","0","0","5256965.91494, 3282261.85714","4873968.96594, 3511968.32857",525899.340216823
"1868","45","20","1480","0","0","0","5257986.50587, 3270787.64164","4873968.96594, 3511968.32857",620329.180553476
"1869","45","21","1481","1","0","0","5259269.69124, 3256361.15097","4873968.96594, 3511968.32857",620329.180553476
"1870","45","22","1482","1","1","0","5260586.23166, 3241559.65898","4873968.96594, 3511968.32857",617656.743158336
"1871","45","23","1483","0","1","0","5262080.10934, 3226519.10892","4873968.96594, 3511968.32857",601809.445302698
"1872","45","24","1484","1","1","0","5263966.95842, 3211966.32132","4873968.96594, 3511968.32857",587607.336116599
"1873","45","25","1485","1","1","0","5263968.96594, 3196968.32857","4873968.96594, 3511968.32857",579742.320935652
"1874","45","26","1486","0","0","0","5263968.96594, 3181968.32857","4873968.96594, 3511968.32857",571170.13353834
"1875","45","27","1487","0","0","0","5263968.96594, 3166968.32857","4873968.96594, 3511968.32857",629047.589486415
"1876","45","28","1488","1","1","0","5263968.96594, 3151968.32857","4873968.96594, 3511968.32857",624586.517921393
"1877","45","29","1489","1","0","0","5263968.96594, 3136968.32857","4873968.96594, 3511968.32857",622567.200480159
"1878","45","30","1490","1","1","0","5263968.96594, 3121968.32857","4873968.96594, 3511968.32857",663162.187703025
"1879","45","31","1491","0","0","0","5263968.96594, 3106968.32857","4873968.96594, 3511968.32857",665555.555694758
"1880","45","32","1492","0","1","0","5263968.96594, 3091968.32857","4873968.96594, 3511968.32857",711769.060202555
"1881","45","33","1493","0","0","0","5263950.44726, 3076986.48006",,
"1882","45","34","1494","1","0","0","5261473.57023, 3063358.20425",,
"1883","45","35","1495","1","1","0","5257812.11431, 3052471.5235",,
"1914","46","24","1496","1","1","0","5276308.2105, 3209351.22702","4873968.96594, 3511968.32857",595906.851935823
"1915","46","25","1497","0","0","0","5278965.13647, 3196964.49985","4873968.96594, 3511968.32857",595906.851935823
"1916","46","26","1498","0","0","0","5278968.96594, 3181968.32857","4873968.96594, 3511968.32857",663308.426550447
"1917","46","27","1499","1","1","0","5278968.96594, 3166968.32857","4873968.96594, 3511968.32857",646655.628721906
"1918","46","28","1500","1","1","0","5278968.96594, 3151968.32857","4873968.96594, 3511968.32857",642296.98804962
"1919","46","29","1501","0","0","0","5278968.96594, 3136968.32857",,
"1920","46","30","1502","1","1","0","5278968.96594, 3121968.32857","4873968.96594, 3511968.32857",674154.652638203
"1921","46","31","1503","1","1","0","5278968.96594, 3106968.32857","4873968.96594, 3511968.32857",688447.178643784
"1922","46","32","1504","1","1","0","5278274.98874, 3092545.25252","4873968.96594, 3511968.32857",698234.870310737
"1923","46","33","1505","1","0","0","5274538.60148, 3079904.82393",,
"1957","47","25","1506","0","0","0","5291263.50969, 3194306.12297","4873968.96594, 3511968.32857",597728.43776992
"1958","47","26","1507","1","0","0","5293962.74671, 3181962.11091",,
"1959","47","27","1508","1","1","0","5293968.96594, 3166968.32857","4873968.96594, 3511968.32857",660498.217804614
"1960","47","28","1509","0","0","0","5293968.96594, 3151968.32857","4873968.96594, 3511968.32857",654366.223160987
"1961","47","29","1510","0","0","0","5293968.96594, 3136968.32857",,
"1962","47","30","1511","1","1","0","5293959.93759, 3121977.23415",,
"1963","47","31","1512","1","1","0","5291594.69886, 3108318.16104",,
"1964","47","32","1513","0","0","0","5287901.84507, 3097338.12437",,
"2000","48","26","1514","1","1","0","5305208.91307, 3179763.43741",,
"2001","48","27","1515","0","1","0","5306085.7841, 3166880.34201",,
"2002","48","28","1516","0","0","0","5306410.49903, 3151886.12804","4873968.96594, 3511968.32857",657966.092771854
"2003","48","29","1517","0","0","0","5306692.16446, 3136948.45488",,
"2004","48","30","1518","1","1","0","5304628.33224, 3124771.4248",,
