id,xIndex,yIndex,AUTO,BOOL_ROAD,BOOL_RAILWAY,BOOL_WATERCOURSE,start,end,cost
"12","1","12","1","0","0","0","4602643.26002, 3447676.33327","4881468.96594, 3509468.32857",329041.301176834
"13","1","13","2","0","0","0","4602845.39021, 3439687.17683","4881468.96594, 3509468.32857",329041.301176834
"14","1","14","3","1","1","0","4603784.19337, 3429765.11943","4881468.96594, 3509468.32857",324396.350068407
"15","1","15","4","0","0","0","4604714.83776, 3419929.29063","4881468.96594, 3509468.32857",329235.594592164
"16","1","16","5","0","0","0","4605607.02397, 3410499.92011","4881468.96594, 3509468.32857",393755.385869751
"17","1","17","6","0","0","0","4606274.80187, 3403442.28435","4881468.96594, 3509468.32857",386988.727214486
"24","1","24","7","0","0","0","4606387.8744, 3324680.88658","4881468.96594, 3509468.32857",387074.963898542
"25","1","25","8","0","0","0","4605111.61123, 3317990.1776","4881468.96594, 3509468.32857",395663.273799325
"26","1","26","9","0","0","0","4603384.40353, 3308935.42749","4881468.96594, 3509468.32857",403859.415845648
"27","1","27","10","0","0","0","4603469.68186, 3303370.24243","4881468.96594, 3509468.32857",409116.795579616
"73","2","11","11","0","0","0","4614520.59743, 3455353.91219","4881468.96594, 3509468.32857",297587.228353947
"74","2","12","12","0","0","0","4611616.58513, 3449289.86023","4881468.96594, 3509468.32857",307579.883756495
"75","2","13","13","0","0","0","4611468.96594, 3439468.32857","4881468.96594, 3509468.32857",311283.387779874
"76","2","14","14","1","1","0","4611468.96594, 3429468.32857","4881468.96594, 3509468.32857",317031.372205443
"77","2","15","15","0","0","0","4611468.96594, 3419468.32857","4881468.96594, 3509468.32857",327011.753091803
"78","2","16","16","0","0","0","4611468.96594, 3409468.32857","4881468.96594, 3509468.32857",388895.868957417
"79","2","17","17","0","0","0","4611685.66359, 3399596.19525","4881468.96594, 3509468.32857",366169.112169945
"80","2","18","18","0","0","0","4612577.71893, 3389671.96643","4881468.96594, 3509468.32857",359654.328177843
"81","2","19","19","1","1","0","4613517.66582, 3379737.82109","4881468.96594, 3509468.32857",352607.426801161
"82","2","20","20","1","1","0","4614451.65636, 3369866.62734","4881468.96594, 3509468.32857",351884.478324425
"83","2","21","21","1","0","0","4615363.33047, 3360231.29243","4881468.96594, 3509468.32857",359794.851207614
"84","2","22","22","1","0","0","4615706.90887, 3348231.41627","4881468.96594, 3509468.32857",365398.615332041
"85","2","23","23","1","0","0","4614074.45637, 3338765.08061","4881468.96594, 3509468.32857",373187.822059737
"86","2","24","24","1","0","0","4612233.77495, 3329091.04015","4881468.96594, 3509468.32857",381465.647684151
"87","2","25","25","0","0","0","4611468.96594, 3319468.32857","4881468.96594, 3509468.32857",384385.146466907
"88","2","26","26","0","0","0","4611468.96594, 3309468.32857","4881468.96594, 3509468.32857",398690.372618669
"89","2","27","27","0","0","0","4612049.22354, 3301889.97681","4881468.96594, 3509468.32857",398844.261206289
"135","3","11","28","0","0","0","4622237.36173, 3457107.64616","4881468.96594, 3509468.32857",292663.051954026
"136","3","12","29","0","0","0","4621468.96594, 3449468.32857","4881468.96594, 3509468.32857",297587.228353947
"137","3","13","30","0","0","0","4621468.96594, 3439468.32857","4881468.96594, 3509468.32857",303430.657236823
"138","3","14","31","1","1","0","4621468.96594, 3429468.32857","4881468.96594, 3509468.32857",310852.003340091
"139","3","15","32","0","0","0","4621468.96594, 3419468.32857","4881468.96594, 3509468.32857",312057.727835127
"140","3","16","33","0","0","0","4621468.96594, 3409468.32857","4881468.96594, 3509468.32857",326157.673599312
"141","3","17","34","0","1","0","4621468.96594, 3399468.32857","4881468.96594, 3509468.32857",372652.340703174
"142","3","18","35","0","1","0","4621468.96594, 3389468.32857","4881468.96594, 3509468.32857",362003.18138745
"143","3","19","36","1","1","0","4621468.96594, 3379468.32857","4881468.96594, 3509468.32857",346290.801470585
"144","3","20","37","1","1","0","4621468.96594, 3369468.32857","4881468.96594, 3509468.32857",346101.00696846
"145","3","21","38","1","1","0","4621468.96594, 3359468.32857","4881468.96594, 3509468.32857",353445.417550886
"146","3","22","39","1","1","0","4621468.96594, 3349468.32857","4881468.96594, 3509468.32857",361496.051863737
"147","3","23","40","1","1","0","4621468.96594, 3339468.32857","4881468.96594, 3509468.32857",362177.774394512
"148","3","24","41","1","1","0","4621468.96594, 3329468.32857","4881468.96594, 3509468.32857",370127.319385884
"149","3","25","42","1","1","0","4621468.96594, 3319468.32857","4881468.96594, 3509468.32857",379973.655031866
"150","3","26","43","1","1","0","4621468.96594, 3309468.32857","4881468.96594, 3509468.32857",389897.077162942
"151","3","27","44","1","1","0","4621809.65005, 3300207.23995","4881468.96594, 3509468.32857",382391.899153297
"152","3","28","45","0","0","0","4626340.24837, 3294423.90534","4881468.96594, 3509468.32857",380960.009371793
"196","4","10","46","0","0","0","4635187.58232, 3465050.7504","4881468.96594, 3509468.32857",280707.798045194
"197","4","11","47","0","0","0","4631746.77741, 3459085.04047","4881468.96594, 3509468.32857",284946.241795199
"198","4","12","48","0","0","0","4631468.96594, 3449468.32857","4881468.96594, 3509468.32857",287652.785604413
"199","4","13","49","0","1","0","4631468.96594, 3439468.32857","4881468.96594, 3509468.32857",289855.90277623
"200","4","14","50","1","1","0","4631468.96594, 3429468.32857","4881468.96594, 3509468.32857",298807.332105131
"201","4","15","51","1","0","0","4631468.96594, 3419468.32857","4881468.96594, 3509468.32857",303805.927374987
"202","4","16","52","1","0","0","4631468.96594, 3409468.32857","4881468.96594, 3509468.32857",322030.842331
"203","4","17","53","0","0","0","4631468.96594, 3399468.32857","4881468.96594, 3509468.32857",319565.4122658
"204","4","18","54","0","1","0","4631468.96594, 3389468.32857","4881468.96594, 3509468.32857",311114.71284141
"205","4","19","55","1","1","0","4631468.96594, 3379468.32857","4881468.96594, 3509468.32857",326804.795552957
"206","4","20","56","1","1","0","4631468.96594, 3369468.32857","4881468.96594, 3509468.32857",334469.679647371
"207","4","21","57","1","0","0","4631468.96594, 3359468.32857","4881468.96594, 3509468.32857",348466.827120432
"208","4","22","58","1","0","0","4631468.96594, 3349468.32857","4881468.96594, 3509468.32857",357591.358470106
"209","4","23","59","0","0","0","4631468.96594, 3339468.32857","4881468.96594, 3509468.32857",352831.339408926
"210","4","24","60","1","0","0","4631468.96594, 3329468.32857","4881468.96594, 3509468.32857",358281.443904855
"211","4","25","61","0","0","0","4631468.96594, 3319468.32857","4881468.96594, 3509468.32857",361320.575595889
"212","4","26","62","0","0","0","4631468.96594, 3309468.32857","4881468.96594, 3509468.32857",377216.924756357
"213","4","27","63","1","1","0","4631468.96594, 3299468.32857","4881468.96594, 3509468.32857",375544.303226113
"214","4","28","64","1","1","0","4633046.57035, 3289641.91156","4881468.96594, 3509468.32857",368503.250178795
"215","4","29","65","1","1","0","4633218.28752, 3279468.04968","4881468.96594, 3509468.32857",374698.676289874
"216","4","30","66","1","0","0","4633217.19962, 3269468.04977","4881468.96594, 3509468.32857",391787.301548473
"217","4","31","67","1","1","0","4633216.11172, 3259468.04986","4881468.96594, 3509468.32857",396446.740115081
"218","4","32","68","1","1","0","4633679.31473, 3252188.48307","4881468.96594, 3509468.32857",405837.105401676
"258","5","10","69","0","0","0","4642411.20827, 3466692.41233","4881468.96594, 3509468.32857",270305.06670832
"259","5","11","70","0","0","0","4641468.96594, 3459468.32857","4881468.96594, 3509468.32857",272723.193706066
"260","5","12","71","0","0","0","4641468.96594, 3449468.32857","4881468.96594, 3509468.32857",277692.657778938
"261","5","13","72","0","1","0","4641468.96594, 3439468.32857","4881468.96594, 3509468.32857",282356.910650724
"262","5","14","73","0","1","0","4641468.96594, 3429468.32857","4881468.96594, 3509468.32857",292779.099673594
"263","5","15","74","0","1","0","4641468.96594, 3419468.32857","4881468.96594, 3509468.32857",290307.986563925
"264","5","16","75","1","1","0","4641468.96594, 3409468.32857","4881468.96594, 3509468.32857",315847.047211505
"265","5","17","76","1","1","0","4641468.96594, 3399468.32857","4881468.96594, 3509468.32857",306523.938044449
"266","5","18","77","1","1","0","4641468.96594, 3389468.32857","4881468.96594, 3509468.32857",311966.672291707
"267","5","19","78","1","1","0","4641468.96594, 3379468.32857","4881468.96594, 3509468.32857",322229.283258319
"268","5","20","79","1","1","0","4641468.96594, 3369468.32857","4881468.96594, 3509468.32857",329672.102660298
"269","5","21","80","0","0","0","4641468.96594, 3359468.32857","4881468.96594, 3509468.32857",339675.101753547
"270","5","22","81","1","0","0","4641468.96594, 3349468.32857","4881468.96594, 3509468.32857",340998.228925032
"271","5","23","82","1","0","0","4641468.96594, 3339468.32857","4881468.96594, 3509468.32857",347770.876827379
"272","5","24","83","1","0","0","4641468.96594, 3329468.32857","4881468.96594, 3509468.32857",349475.702358065
"273","5","25","84","1","0","0","4641468.96594, 3319468.32857","4881468.96594, 3509468.32857",356687.124825804
"274","5","26","85","1","0","0","4641468.96594, 3309468.32857","4881468.96594, 3509468.32857",359427.199516229
"275","5","27","86","1","0","0","4641468.96594, 3299468.32857","4881468.96594, 3509468.32857",371734.088342662
"276","5","28","87","1","1","0","4641468.96594, 3289468.32857","4881468.96594, 3509468.32857",361704.977808323
"277","5","29","88","1","1","0","4641468.96594, 3279468.32857","4881468.96594, 3509468.32857",372280.95854157
"278","5","30","89","1","1","0","4641468.96594, 3269468.32857","4881468.96594, 3509468.32857",384491.160518451
"279","5","31","90","1","1","0","4641468.96594, 3259468.32857","4881468.96594, 3509468.32857",389686.364812813
"280","5","32","91","1","0","0","4641883.15701, 3250033.5257","4881468.96594, 3509468.32857",401937.526986275
"281","5","33","92","0","0","0","4644879.24741, 3239362.77581","4881468.96594, 3509468.32857",422832.063080378
"282","5","34","93","0","1","0","4644675.87933, 3229373.38317","4881468.96594, 3509468.32857",435809.313825745
"283","5","35","94","0","1","0","4644472.00388, 3219383.09429","4881468.96594, 3509468.32857",431860.844850647
"284","5","36","95","1","1","0","4644268.09166, 3209391.00322","4881468.96594, 3509468.32857",434218.968940604
"285","5","37","96","0","0","0","4644064.15202, 3199397.56903","4881468.96594, 3509468.32857",443657.61253888
"286","5","38","97","1","1","0","4643908.65457, 3189493.74618","4881468.96594, 3509468.32857",461032.023301952
"287","5","39","98","1","0","0","4645099.06586, 3182696.63208","4881468.96594, 3509468.32857",470758.783669393
"319","6","9","99","0","0","0","4655854.5672, 3474747.58861","4881468.96594, 3509468.32857",245736.498381484
"320","6","10","100","0","0","0","4651875.3193, 3468797.77136","4881468.96594, 3509468.32857",266777.125928979
"321","6","11","101","0","0","0","4651468.96594, 3459468.32857","4881468.96594, 3509468.32857",266777.125928979
"322","6","12","102","0","0","0","4651468.96594, 3449468.32857","4881468.96594, 3509468.32857",271035.461859588
"323","6","13","103","0","0","0","4651468.96594, 3439468.32857","4881468.96594, 3509468.32857",279005.073035834
"324","6","14","104","0","0","0","4651468.96594, 3429468.32857","4881468.96594, 3509468.32857",285537.822607972
"325","6","15","105","0","0","0","4651468.96594, 3419468.32857","4881468.96594, 3509468.32857",283056.375966858
"326","6","16","106","1","0","0","4651468.96594, 3409468.32857","4881468.96594, 3509468.32857",288760.950478014
"327","6","17","107","1","1","0","4651468.96594, 3399468.32857","4881468.96594, 3509468.32857",293581.618081988
"328","6","18","108","0","0","0","4651468.96594, 3389468.32857","4881468.96594, 3509468.32857",310729.622864584
"329","6","19","109","0","0","0","4651468.96594, 3379468.32857","4881468.96594, 3509468.32857",310433.00124219
"330","6","20","110","1","1","0","4651468.96594, 3369468.32857","4881468.96594, 3509468.32857",317437.600584749
"331","6","21","111","0","0","0","4651468.96594, 3359468.32857","4881468.96594, 3509468.32857",319828.360471594
"332","6","22","112","0","0","0","4651468.96594, 3349468.32857","4881468.96594, 3509468.32857",329823.394664084
"333","6","23","113","1","0","0","4651468.96594, 3339468.32857","4881468.96594, 3509468.32857",350390.521525448
"334","6","24","114","1","0","0","4651468.96594, 3329468.32857","4881468.96594, 3509468.32857",349709.719728861
"335","6","25","115","1","0","0","4651468.96594, 3319468.32857","4881468.96594, 3509468.32857",358287.984021826
"336","6","26","116","0","0","0","4651468.96594, 3309468.32857","4881468.96594, 3509468.32857",350519.664532619
"337","6","27","117","0","1","0","4651468.96594, 3299468.32857","4881468.96594, 3509468.32857",350981.540939234
"338","6","28","118","0","1","0","4651468.96594, 3289468.32857","4881468.96594, 3509468.32857",359840.080750165
"339","6","29","119","1","0","0","4651468.96594, 3279468.32857","4881468.96594, 3509468.32857",363553.739614566
"340","6","30","120","0","0","0","4651468.96594, 3269468.32857","4881468.96594, 3509468.32857",373136.494391098
"341","6","31","121","1","1","0","4651468.96594, 3259468.32857","4881468.96594, 3509468.32857",383734.86263707
"342","6","32","122","1","1","0","4651468.96594, 3249468.32857","4881468.96594, 3509468.32857",391266.574292896
"343","6","33","123","1","0","0","4651468.96594, 3239468.32857","4881468.96594, 3509468.32857",407779.705090897
"344","6","34","124","0","0","0","4651468.96594, 3229468.32857","4881468.96594, 3509468.32857",415384.961568808
"345","6","35","125","1","1","0","4651468.96594, 3219468.32857","4881468.96594, 3509468.32857",423030.739352261
"346","6","36","126","1","1","0","4651468.96594, 3209468.32857","4881468.96594, 3509468.32857",436964.907775776
"347","6","37","127","0","1","0","4651468.96594, 3199468.32857","4881468.96594, 3509468.32857",450214.855276155
"348","6","38","128","0","1","0","4651468.96594, 3189468.32857","4881468.96594, 3509468.32857",464265.341874776
"349","6","39","129","1","0","0","4651820.61525, 3179787.13973","4881468.96594, 3509468.32857",467195.075335766
"350","6","40","130","1","0","0","4654343.11169, 3171718.95396","4881468.96594, 3509468.32857",479024.326999745
"381","7","9","131","0","0","0","4662686.72049, 3476300.28334","4881468.96594, 3509468.32857",243101.815479124
"382","7","10","132","0","0","0","4661468.96594, 3469468.32857","4881468.96594, 3509468.32857",245736.498381484
"383","7","11","133","0","0","0","4661468.96594, 3459468.32857","4881468.96594, 3509468.32857",248074.766747296
"384","7","12","134","0","1","0","4661468.96594, 3449468.32857","4881468.96594, 3509468.32857",260668.959286541
"385","7","13","135","0","1","0","4661468.96594, 3439468.32857","4881468.96594, 3509468.32857",264903.952119859
"386","7","14","136","0","1","0","4661468.96594, 3429468.32857","4881468.96594, 3509468.32857",269469.308007038
"387","7","15","137","1","1","0","4661468.96594, 3419468.32857","4881468.96594, 3509468.32857",268569.784707076
"388","7","16","138","1","1","0","4661468.96594, 3409468.32857","4881468.96594, 3509468.32857",277768.849963567
"389","7","17","139","0","1","0","4661468.96594, 3399468.32857","4881468.96594, 3509468.32857",292732.508502461
"390","7","18","140","0","0","0","4661468.96594, 3389468.32857","4881468.96594, 3509468.32857",299808.311888797
"391","7","19","141","1","1","0","4661468.96594, 3379468.32857","4881468.96594, 3509468.32857",302621.204379175
"392","7","20","142","1","1","0","4661468.96594, 3369468.32857","4881468.96594, 3509468.32857",313389.957989229
"393","7","21","143","0","1","0","4661468.96594, 3359468.32857","4881468.96594, 3509468.32857",316253.250551466
"394","7","22","144","0","0","0","4661468.96594, 3349468.32857","4881468.96594, 3509468.32857",320697.746736062
"395","7","23","145","0","0","0","4661468.96594, 3339468.32857","4881468.96594, 3509468.32857",329191.373318415
"396","7","24","146","1","0","0","4661468.96594, 3329468.32857","4881468.96594, 3509468.32857",329191.373318415
"397","7","25","147","1","0","0","4661468.96594, 3319468.32857","4881468.96594, 3509468.32857",349347.054717911
"398","7","26","148","1","0","0","4661468.96594, 3309468.32857","4881468.96594, 3509468.32857",340284.969844831
"399","7","27","149","0","1","0","4661468.96594, 3299468.32857","4881468.96594, 3509468.32857",339801.159051975
"400","7","28","150","1","0","0","4661468.96594, 3289468.32857","4881468.96594, 3509468.32857",348104.250828223
"401","7","29","151","1","0","0","4661468.96594, 3279468.32857","4881468.96594, 3509468.32857",363484.350856798
"402","7","30","152","0","0","0","4661468.96594, 3269468.32857","4881468.96594, 3509468.32857",370983.127124083
"403","7","31","153","1","1","0","4661468.96594, 3259468.32857","4881468.96594, 3509468.32857",382677.349243469
"404","7","32","154","0","1","0","4661468.96594, 3249468.32857","4881468.96594, 3509468.32857",391957.363512956
"405","7","33","155","1","1","0","4661468.96594, 3239468.32857","4881468.96594, 3509468.32857",397206.846231516
"406","7","34","156","1","1","0","4661468.96594, 3229468.32857","4881468.96594, 3509468.32857",405387.109316594
"407","7","35","157","1","1","0","4661468.96594, 3219468.32857","4881468.96594, 3509468.32857",419944.242841081
"408","7","36","158","0","0","0","4661468.96594, 3209468.32857","4881468.96594, 3509468.32857",430391.748930624
"409","7","37","159","0","0","0","4661468.96594, 3199468.32857","4881468.96594, 3509468.32857",439706.849897005
"410","7","38","160","0","0","0","4661468.96594, 3189468.32857","4881468.96594, 3509468.32857",452576.907208797
"411","7","39","161","1","0","0","4661468.96594, 3179468.32857","4881468.96594, 3509468.32857",472339.672088745
"412","7","40","162","1","0","0","4661523.58272, 3169521.35511","4881468.96594, 3509468.32857",481324.424349424
"413","7","41","163","1","0","0","4663558.07082, 3160816.51172","4881468.96594, 3509468.32857",478660.324280213
"414","7","42","164","0","0","0","4666164.5367, 3154074.60918","4881468.96594, 3509468.32857",484630.831193609
"443","8","9","165","0","0","0","4671963.72556, 3478408.6021","4881468.96594, 3509468.32857",237154.204041409
"444","8","10","166","0","0","0","4671468.96594, 3469468.32857","4881468.96594, 3509468.32857",237154.204041409
"445","8","11","167","0","1","0","4671468.96594, 3459468.32857","4881468.96594, 3509468.32857",241040.548724547
"446","8","12","168","0","1","0","4671468.96594, 3449468.32857","4881468.96594, 3509468.32857",247466.587338774
"447","8","13","169","0","1","0","4671468.96594, 3439468.32857","4881468.96594, 3509468.32857",253612.469646066
"448","8","14","170","1","1","0","4671468.96594, 3429468.32857","4881468.96594, 3509468.32857",256676.093728978
"449","8","15","171","1","1","0","4671468.96594, 3419468.32857","4881468.96594, 3509468.32857",283970.145652541
"450","8","16","172","0","0","0","4671468.96594, 3409468.32857","4881468.96594, 3509468.32857",279914.607127826
"451","8","17","173","0","0","0","4671468.96594, 3399468.32857","4881468.96594, 3509468.32857",281842.357277226
"452","8","18","174","1","1","0","4671468.96594, 3389468.32857","4881468.96594, 3509468.32857",286667.372298764
"453","8","19","175","1","1","0","4671468.96594, 3379468.32857","4881468.96594, 3509468.32857",290518.607492273
"454","8","20","176","1","1","0","4671468.96594, 3369468.32857","4881468.96594, 3509468.32857",303945.274906428
"455","8","21","177","0","1","0","4671468.96594, 3359468.32857","4881468.96594, 3509468.32857",306530.564098693
"456","8","22","178","0","1","0","4671468.96594, 3349468.32857","4881468.96594, 3509468.32857",313063.463299781
"457","8","23","179","0","0","0","4671468.96594, 3339468.32857","4881468.96594, 3509468.32857",313428.995698348
"458","8","24","180","0","0","0","4671468.96594, 3329468.32857","4881468.96594, 3509468.32857",323971.761363816
"459","8","25","181","0","0","0","4671468.96594, 3319468.32857","4881468.96594, 3509468.32857",333463.333574398
"460","8","26","182","1","1","0","4671468.96594, 3309468.32857","4881468.96594, 3509468.32857",329506.97094376
"461","8","27","183","1","1","0","4671468.96594, 3299468.32857","4881468.96594, 3509468.32857",327770.727339805
"462","8","28","184","1","0","0","4671468.96594, 3289468.32857","4881468.96594, 3509468.32857",337194.084366837
"463","8","29","185","0","0","0","4671468.96594, 3279468.32857","4881468.96594, 3509468.32857",349551.801228936
"464","8","30","186","0","0","0","4671468.96594, 3269468.32857","4881468.96594, 3509468.32857",358902.236924803
"465","8","31","187","1","1","0","4671468.96594, 3259468.32857","4881468.96594, 3509468.32857",380340.764974497
"466","8","32","188","0","1","0","4671468.96594, 3249468.32857","4881468.96594, 3509468.32857",392319.755692278
"467","8","33","189","0","1","0","4671468.96594, 3239468.32857","4881468.96594, 3509468.32857",397427.670899333
"468","8","34","190","1","1","0","4671468.96594, 3229468.32857","4881468.96594, 3509468.32857",404652.311443086
"469","8","35","191","1","0","0","4671468.96594, 3219468.32857","4881468.96594, 3509468.32857",418709.025471887
"470","8","36","192","0","0","0","4671468.96594, 3209468.32857","4881468.96594, 3509468.32857",426316.172122027
"471","8","37","193","0","1","0","4671468.96594, 3199468.32857","4881468.96594, 3509468.32857",443108.269622654
"472","8","38","194","0","1","0","4671468.96594, 3189468.32857","4881468.96594, 3509468.32857",453182.779469296
"473","8","39","195","1","1","0","4671468.96594, 3179468.32857","4881468.96594, 3509468.32857",459152.239751662
"474","8","40","196","1","0","0","4671468.96594, 3169468.32857","4881468.96594, 3509468.32857",465688.251210739
"475","8","41","197","0","0","0","4671468.96594, 3159468.32857","4881468.96594, 3509468.32857",476185.894618476
"476","8","42","198","0","0","0","4671824.66472, 3149551.62072","4881468.96594, 3509468.32857",482736.526190553
"477","8","43","199","0","1","0","4672071.65348, 3139503.65593","4881468.96594, 3509468.32857",495261.0883738
"478","8","44","200","1","1","0","4672258.01094, 3129505.21985","4881468.96594, 3509468.32857",504322.416260952
"479","8","45","201","1","1","0","4672444.3657, 3119506.92866","4881468.96594, 3509468.32857",516665.240695067
"480","8","46","202","1","1","0","4672630.71737, 3109508.80346","4881468.96594, 3509468.32857",527844.971266735
"481","8","47","203","1","1","0","4672817.06547, 3099510.86968","4881468.96594, 3509468.32857",539099.494237156
"482","8","48","204","1","0","0","4673229.03901, 3093417.56733","4881468.96594, 3509468.32857",547127.172154556
"504","9","8","205","0","0","0","4683188.21875, 3485959.51259","4881468.96594, 3509468.32857",227608.614022457
"505","9","9","206","0","0","0","4681469.24579, 3479468.0471","4881468.96594, 3509468.32857",227608.614022457
"506","9","10","207","1","1","0","4681468.96594, 3469468.32857","4881468.96594, 3509468.32857",227608.614022457
"507","9","11","208","0","1","0","4681468.96594, 3459468.32857","4881468.96594, 3509468.32857",237192.411241117
"508","9","12","209","0","0","0","4681468.96594, 3449468.32857","4881468.96594, 3509468.32857",242627.102331151
"509","9","13","210","1","0","0","4681468.96594, 3439468.32857","4881468.96594, 3509468.32857",242760.874924785
"510","9","14","211","1","0","0","4681468.96594, 3429468.32857","4881468.96594, 3509468.32857",250380.543135532
"511","9","15","212","0","0","0","4681468.96594, 3419468.32857","4881468.96594, 3509468.32857",257912.435014708
"512","9","16","213","0","0","0","4681468.96594, 3409468.32857","4881468.96594, 3509468.32857",267201.202722951
"513","9","17","214","0","1","0","4681468.96594, 3399468.32857","4881468.96594, 3509468.32857",271901.16654153
"514","9","18","215","1","1","0","4681468.96594, 3389468.32857","4881468.96594, 3509468.32857",277032.94573013
"515","9","19","216","0","0","0","4681468.96594, 3379468.32857","4881468.96594, 3509468.32857",290018.02401832
"516","9","20","217","1","1","0","4681468.96594, 3369468.32857","4881468.96594, 3509468.32857",296890.148521156
"517","9","21","218","0","0","0","4681468.96594, 3359468.32857","4881468.96594, 3509468.32857",297314.75900279
"518","9","22","219","0","1","0","4681468.96594, 3349468.32857","4881468.96594, 3509468.32857",298305.491052036
"519","9","23","220","0","0","0","4681468.96594, 3339468.32857","4881468.96594, 3509468.32857",311486.253000901
"520","9","24","221","0","0","0","4681468.96594, 3329468.32857","4881468.96594, 3509468.32857",308610.531725066
"521","9","25","222","1","0","0","4681468.96594, 3319468.32857","4881468.96594, 3509468.32857",304885.035814088
"522","9","26","223","1","1","0","4681468.96594, 3309468.32857","4881468.96594, 3509468.32857",320996.730454234
"523","9","27","224","1","1","0","4681468.96594, 3299468.32857","4881468.96594, 3509468.32857",331119.169085542
"524","9","28","225","1","1","0","4681468.96594, 3289468.32857","4881468.96594, 3509468.32857",344889.490268051
"525","9","29","226","0","0","0","4681468.96594, 3279468.32857","4881468.96594, 3509468.32857",347700.254197719
"526","9","30","227","0","0","0","4681468.96594, 3269468.32857","4881468.96594, 3509468.32857",364175.04033994
"527","9","31","228","1","1","0","4681468.96594, 3259468.32857","4881468.96594, 3509468.32857",380586.558970781
"528","9","32","229","1","1","0","4681468.96594, 3249468.32857","4881468.96594, 3509468.32857",389662.073020186
"529","9","33","230","0","1","0","4681468.96594, 3239468.32857","4881468.96594, 3509468.32857",388091.807741165
"530","9","34","231","0","1","0","4681468.96594, 3229468.32857","4881468.96594, 3509468.32857",392381.721987002
"531","9","35","232","1","0","0","4681468.96594, 3219468.32857","4881468.96594, 3509468.32857",415357.936526463
"532","9","36","233","0","1","0","4681468.96594, 3209468.32857","4881468.96594, 3509468.32857",427595.162721193
"533","9","37","234","1","1","0","4681468.96594, 3199468.32857","4881468.96594, 3509468.32857",433161.338258706
"534","9","38","235","1","1","0","4681468.96594, 3189468.32857","4881468.96594, 3509468.32857",443463.014696699
"535","9","39","236","1","1","0","4681468.96594, 3179468.32857","4881468.96594, 3509468.32857",453535.759829807
"536","9","40","237","1","1","0","4681468.96594, 3169468.32857","4881468.96594, 3509468.32857",457324.089835621
"537","9","41","238","0","1","0","4681468.96594, 3159468.32857","4881468.96594, 3509468.32857",468436.952671382
"538","9","42","239","0","1","0","4681468.96594, 3149468.32857","4881468.96594, 3509468.32857",480317.331421837
"539","9","43","240","1","1","0","4681468.96594, 3139468.32857","4881468.96594, 3509468.32857",495492.440051556
"540","9","44","241","1","0","0","4681468.96594, 3129468.32857","4881468.96594, 3509468.32857",514303.351636801
"541","9","45","242","0","1","0","4681468.96594, 3119468.32857","4881468.96594, 3509468.32857",519498.180325194
"542","9","46","243","1","1","0","4681468.96594, 3109468.32857","4881468.96594, 3509468.32857",531513.28025289
"543","9","47","244","1","1","0","4681468.96594, 3099468.32857","4881468.96594, 3509468.32857",541174.120743084
"544","9","48","245","1","1","0","4681842.244, 3092773.7716","4881468.96594, 3509468.32857",549464.360115404
"566","10","8","246","0","0","0","4692030.42651, 3487969.01806","4881468.96594, 3509468.32857",214721.082858172
"567","10","9","247","0","0","0","4691468.96594, 3479468.32857","4881468.96594, 3509468.32857",214721.082858172
"568","10","10","248","1","1","0","4691468.96594, 3469468.32857","4881468.96594, 3509468.32857",219865.666015407
"569","10","11","249","0","1","0","4691468.96594, 3459468.32857","4881468.96594, 3509468.32857",223070.115079005
"570","10","12","250","1","0","0","4691468.96594, 3449468.32857","4881468.96594, 3509468.32857",235157.047636208
"571","10","13","251","1","0","0","4691468.96594, 3439468.32857","4881468.96594, 3509468.32857",233844.70095151
"572","10","14","252","0","0","0","4691468.96594, 3429468.32857","4881468.96594, 3509468.32857",245939.115028133
"573","10","15","253","0","1","0","4691468.96594, 3419468.32857","4881468.96594, 3509468.32857",248099.869216033
"574","10","16","254","0","1","0","4691468.96594, 3409468.32857","4881468.96594, 3509468.32857",257740.580108316
"575","10","17","255","1","1","0","4691468.96594, 3399468.32857","4881468.96594, 3509468.32857",262695.014416822
"576","10","18","256","1","1","0","4691468.96594, 3389468.32857","4881468.96594, 3509468.32857",270825.332174775
"577","10","19","257","0","0","0","4691468.96594, 3379468.32857","4881468.96594, 3509468.32857",285736.378033077
"578","10","20","258","1","1","0","4691468.96594, 3369468.32857","4881468.96594, 3509468.32857",284190.368877465
"579","10","21","259","1","0","0","4691468.96594, 3359468.32857","4881468.96594, 3509468.32857",281294.256406821
"580","10","22","260","0","1","0","4691468.96594, 3349468.32857","4881468.96594, 3509468.32857",300786.957721087
"581","10","23","261","0","1","0","4691468.96594, 3339468.32857","4881468.96594, 3509468.32857",286464.42101707
"582","10","24","262","0","0","0","4691468.96594, 3329468.32857","4881468.96594, 3509468.32857",299397.127940013
"583","10","25","263","1","1","0","4691468.96594, 3319468.32857","4881468.96594, 3509468.32857",296153.067768913
"584","10","26","264","0","1","0","4691468.96594, 3309468.32857","4881468.96594, 3509468.32857",307394.490007799
"585","10","27","265","0","0","0","4691468.96594, 3299468.32857","4881468.96594, 3509468.32857",325917.923093786
"586","10","28","266","1","1","0","4691468.96594, 3289468.32857","4881468.96594, 3509468.32857",345351.845561903
"587","10","29","267","0","1","0","4691468.96594, 3279468.32857","4881468.96594, 3509468.32857",348288.136104433
"588","10","30","268","0","0","0","4691468.96594, 3269468.32857","4881468.96594, 3509468.32857",358568.558186825
"589","10","31","269","1","1","0","4691468.96594, 3259468.32857","4881468.96594, 3509468.32857",371104.454375445
"590","10","32","270","1","1","0","4691468.96594, 3249468.32857","4881468.96594, 3509468.32857",374617.721974946
"591","10","33","271","0","0","0","4691468.96594, 3239468.32857","4881468.96594, 3509468.32857",378344.275328507
"592","10","34","272","0","1","0","4691468.96594, 3229468.32857","4881468.96594, 3509468.32857",400849.525224498
"593","10","35","273","1","1","0","4691468.96594, 3219468.32857","4881468.96594, 3509468.32857",411874.178195034
"594","10","36","274","1","1","0","4691468.96594, 3209468.32857","4881468.96594, 3509468.32857",419379.246878051
"595","10","37","275","1","0","0","4691468.96594, 3199468.32857","4881468.96594, 3509468.32857",432832.673148811
"596","10","38","276","0","0","0","4691468.96594, 3189468.32857","4881468.96594, 3509468.32857",445709.304168422
"597","10","39","277","1","1","0","4691468.96594, 3179468.32857","4881468.96594, 3509468.32857",447050.256330493
"598","10","40","278","1","0","0","4691468.96594, 3169468.32857","4881468.96594, 3509468.32857",458157.046325147
"599","10","41","279","1","0","0","4691468.96594, 3159468.32857","4881468.96594, 3509468.32857",465541.018258716
"600","10","42","280","0","0","0","4691468.96594, 3149468.32857","4881468.96594, 3509468.32857",484839.707558678
"601","10","43","281","1","1","0","4691468.96594, 3139468.32857","4881468.96594, 3509468.32857",491262.935604656
"602","10","44","282","1","1","0","4691468.96594, 3129468.32857","4881468.96594, 3509468.32857",500942.952276169
"603","10","45","283","1","1","0","4691468.96594, 3119468.32857","4881468.96594, 3509468.32857",513795.714204541
"604","10","46","284","0","1","0","4691468.96594, 3109468.32857","4881468.96594, 3509468.32857",526304.495560389
"605","10","47","285","0","1","0","4691468.96594, 3099468.32857","4881468.96594, 3509468.32857",550767.519779504
"606","10","48","286","0","0","0","4691726.76647, 3092035.82653","4881468.96594, 3509468.32857",555369.681156207
"627","11","7","287","0","0","0","4703855.20363, 3495656.3508","4881468.96594, 3509468.32857",198751.151186346
"628","11","8","288","0","0","0","4701514.78325, 3489418.3099","4881468.96594, 3509468.32857",200613.014157496
"629","11","9","289","0","0","0","4701468.96594, 3479468.32857","4881468.96594, 3509468.32857",207595.132352791
"630","11","10","290","1","1","0","4701468.96594, 3469468.32857","4881468.96594, 3509468.32857",209402.642009881
"631","11","11","291","0","1","0","4701468.96594, 3459468.32857","4881468.96594, 3509468.32857",217646.973870593
"632","11","12","292","1","1","0","4701468.96594, 3449468.32857","4881468.96594, 3509468.32857",216955.515191076
"633","11","13","293","0","0","0","4701468.96594, 3439468.32857","4881468.96594, 3509468.32857",237463.231019976
"634","11","14","294","0","1","0","4701468.96594, 3429468.32857","4881468.96594, 3509468.32857",242074.031396506
"635","11","15","295","0","1","0","4701468.96594, 3419468.32857","4881468.96594, 3509468.32857",242243.293616789
"636","11","16","296","0","0","0","4701468.96594, 3409468.32857","4881468.96594, 3509468.32857",250091.627196705
"637","11","17","297","1","1","0","4701468.96594, 3399468.32857","4881468.96594, 3509468.32857",252351.935093668
"638","11","18","298","1","1","0","4701468.96594, 3389468.32857","4881468.96594, 3509468.32857",255134.821550271
"639","11","19","299","0","0","0","4701468.96594, 3379468.32857","4881468.96594, 3509468.32857",262082.395647276
"640","11","20","300","1","1","0","4701468.96594, 3369468.32857","4881468.96594, 3509468.32857",270182.07812364
"641","11","21","301","0","0","0","4701468.96594, 3359468.32857","4881468.96594, 3509468.32857",274170.796410075
"642","11","22","302","0","0","0","4701468.96594, 3349468.32857","4881468.96594, 3509468.32857",292556.312644534
"643","11","23","303","0","1","0","4701468.96594, 3339468.32857","4881468.96594, 3509468.32857",284768.665483871
"644","11","24","304","1","1","0","4701468.96594, 3329468.32857","4881468.96594, 3509468.32857",279704.116891047
"645","11","25","305","1","1","0","4701468.96594, 3319468.32857","4881468.96594, 3509468.32857",294723.551368681
"646","11","26","306","0","0","0","4701468.96594, 3309468.32857","4881468.96594, 3509468.32857",305356.776227388
"647","11","27","307","0","0","0","4701468.96594, 3299468.32857","4881468.96594, 3509468.32857",334784.327916455
"648","11","28","308","1","1","0","4701468.96594, 3289468.32857","4881468.96594, 3509468.32857",336323.862565185
"649","11","29","309","1","1","0","4701468.96594, 3279468.32857","4881468.96594, 3509468.32857",341232.1131932
"650","11","30","310","1","1","0","4701468.96594, 3269468.32857","4881468.96594, 3509468.32857",352387.029139941
"651","11","31","311","1","1","0","4701468.96594, 3259468.32857","4881468.96594, 3509468.32857",359422.215885268
"652","11","32","312","1","1","0","4701468.96594, 3249468.32857","4881468.96594, 3509468.32857",367708.970859294
"653","11","33","313","1","1","0","4701468.96594, 3239468.32857","4881468.96594, 3509468.32857",378165.975639727
"654","11","34","314","1","1","0","4701468.96594, 3229468.32857","4881468.96594, 3509468.32857",389458.705700008
"655","11","35","315","1","1","0","4701468.96594, 3219468.32857","4881468.96594, 3509468.32857",403472.500708883
"656","11","36","316","1","0","0","4701468.96594, 3209468.32857","4881468.96594, 3509468.32857",414974.789525932
"657","11","37","317","0","0","0","4701468.96594, 3199468.32857","4881468.96594, 3509468.32857",422344.656330554
"658","11","38","318","0","0","0","4701468.96594, 3189468.32857","4881468.96594, 3509468.32857",430381.736898937
"659","11","39","319","1","1","0","4701468.96594, 3179468.32857","4881468.96594, 3509468.32857",442216.306404143
"660","11","40","320","0","1","0","4701468.96594, 3169468.32857","4881468.96594, 3509468.32857",454618.100740547
"661","11","41","321","1","0","0","4701468.96594, 3159468.32857","4881468.96594, 3509468.32857",467564.367489848
"662","11","42","322","1","0","0","4701468.96594, 3149468.32857","4881468.96594, 3509468.32857",483460.156631803
"663","11","43","323","1","1","0","4701468.96594, 3139468.32857","4881468.96594, 3509468.32857",486228.644683952
"664","11","44","324","0","1","0","4701468.96594, 3129468.32857","4881468.96594, 3509468.32857",497725.151120136
"665","11","45","325","1","1","0","4701468.96594, 3119468.32857","4881468.96594, 3509468.32857",509920.160942769
"666","11","46","326","1","1","0","4701468.96594, 3109468.32857","4881468.96594, 3509468.32857",520754.178105396
"667","11","47","327","0","0","0","4701468.96594, 3099468.32857","4881468.96594, 3509468.32857",535863.210739347
"668","11","48","328","1","1","0","4701665.85633, 3091293.80763","4881468.96594, 3509468.32857",538006.163223163
"689","12","7","329","0","0","0","4712117.9144, 3497534.15812","4881468.96594, 3509468.32857",169795.727667282
"690","12","8","330","0","0","0","4711468.96594, 3489468.32857","4881468.96594, 3509468.32857",196578.602856436
"691","12","9","331","0","0","0","4711468.96594, 3479468.32857","4881468.96594, 3509468.32857",198751.151186346
"692","12","10","332","1","1","0","4711468.96594, 3469468.32857","4881468.96594, 3509468.32857",198283.107574084
"693","12","11","333","1","1","0","4711468.96594, 3459468.32857","4881468.96594, 3509468.32857",200642.011277855
"694","12","12","334","1","1","0","4711468.96594, 3449468.32857","4881468.96594, 3509468.32857",212002.480721628
"695","12","13","335","0","1","0","4711468.96594, 3439468.32857","4881468.96594, 3509468.32857",205801.095655368
"696","12","14","336","0","1","0","4711468.96594, 3429468.32857","4881468.96594, 3509468.32857",227389.345336337
"697","12","15","337","0","0","0","4711468.96594, 3419468.32857","4881468.96594, 3509468.32857",227389.345336337
"698","12","16","338","0","0","0","4711468.96594, 3409468.32857","4881468.96594, 3509468.32857",232478.29324964
"699","12","17","339","1","1","0","4711468.96594, 3399468.32857","4881468.96594, 3509468.32857",239521.415853222
"700","12","18","340","0","0","0","4711468.96594, 3389468.32857","4881468.96594, 3509468.32857",257137.401300833
"701","12","19","341","0","0","0","4711468.96594, 3379468.32857","4881468.96594, 3509468.32857",264760.408845957
"702","12","20","342","1","1","0","4711468.96594, 3369468.32857","4881468.96594, 3509468.32857",259170.558466838
"703","12","21","343","0","0","0","4711468.96594, 3359468.32857","4881468.96594, 3509468.32857",267151.160772382
"704","12","22","344","0","0","0","4711468.96594, 3349468.32857","4881468.96594, 3509468.32857",267151.160772382
"705","12","23","345","1","0","0","4711468.96594, 3339468.32857","4881468.96594, 3509468.32857",267883.833864548
"706","12","24","346","1","1","0","4711468.96594, 3329468.32857","4881468.96594, 3509468.32857",276249.899491249
"707","12","25","347","0","1","0","4711468.96594, 3319468.32857","4881468.96594, 3509468.32857",286748.573014238
"708","12","26","348","0","0","0","4711468.96594, 3309468.32857","4881468.96594, 3509468.32857",299089.050202427
"709","12","27","349","0","0","0","4711468.96594, 3299468.32857","4881468.96594, 3509468.32857",324193.691495233
"710","12","28","350","1","1","0","4711468.96594, 3289468.32857","4881468.96594, 3509468.32857",328323.38205469
"711","12","29","351","0","0","0","4711468.96594, 3279468.32857","4881468.96594, 3509468.32857",331061.866513207
"712","12","30","352","1","1","0","4711468.96594, 3269468.32857","4881468.96594, 3509468.32857",344713.673614152
"713","12","31","353","1","1","0","4711468.96594, 3259468.32857","4881468.96594, 3509468.32857",350345.917636375
"714","12","32","354","0","1","0","4711468.96594, 3249468.32857","4881468.96594, 3509468.32857",362032.714729669
"715","12","33","355","1","1","0","4711468.96594, 3239468.32857","4881468.96594, 3509468.32857",375959.733360668
"716","12","34","356","1","0","0","4711468.96594, 3229468.32857","4881468.96594, 3509468.32857",391198.150505395
"717","12","35","357","0","1","0","4711468.96594, 3219468.32857","4881468.96594, 3509468.32857",395283.608312664
"718","12","36","358","1","1","0","4711468.96594, 3209468.32857","4881468.96594, 3509468.32857",413760.327094922
"719","12","37","359","1","1","0","4711468.96594, 3199468.32857","4881468.96594, 3509468.32857",409030.342810049
"720","12","38","360","1","0","0","4711468.96594, 3189468.32857","4881468.96594, 3509468.32857",422695.069579244
"721","12","39","361","1","0","0","4711468.96594, 3179468.32857","4881468.96594, 3509468.32857",425514.634611358
"722","12","40","362","1","1","0","4711468.96594, 3169468.32857","4881468.96594, 3509468.32857",451244.151686447
"723","12","41","363","1","1","0","4711468.96594, 3159468.32857","4881468.96594, 3509468.32857",460247.945691021
"724","12","42","364","1","1","0","4711468.96594, 3149468.32857","4881468.96594, 3509468.32857",472738.460583237
"725","12","43","365","1","1","0","4711468.96594, 3139468.32857","4881468.96594, 3509468.32857",482687.166389205
"726","12","44","366","0","1","0","4711468.96594, 3129468.32857","4881468.96594, 3509468.32857",493201.247460822
"727","12","45","367","0","1","0","4711468.96594, 3119468.32857","4881468.96594, 3509468.32857",502180.821476951
"728","12","46","368","1","1","0","4711468.96594, 3109468.32857","4881468.96594, 3509468.32857",512751.011473853
"729","12","47","369","1","1","0","4711468.96594, 3099468.32857","4881468.96594, 3509468.32857",524212.08595526
"730","12","48","370","1","1","0","4711628.22778, 3090550.05062","4881468.96594, 3509468.32857",528260.632879899
"750","13","6","371","0","0","0","4724522.18851, 3505353.18901","4881468.96594, 3509468.32857",166706.865563037
"751","13","7","372","0","0","0","4721616.87326, 3499289.46274","4881468.96594, 3509468.32857",169795.727667282
"752","13","8","373","0","0","0","4721468.96594, 3489468.32857","4881468.96594, 3509468.32857",177447.097164727
"753","13","9","374","0","1","0","4721468.96594, 3479468.32857","4881468.96594, 3509468.32857",190266.175503451
"754","13","10","375","1","1","0","4721468.96594, 3469468.32857","4881468.96594, 3509468.32857",189106.921188663
"755","13","11","376","0","1","0","4721468.96594, 3459468.32857","4881468.96594, 3509468.32857",198629.227168554
"756","13","12","377","0","1","0","4721468.96594, 3449468.32857","4881468.96594, 3509468.32857",200205.042791246
"757","13","13","378","0","1","0","4721468.96594, 3439468.32857","4881468.96594, 3509468.32857",208324.795636566
"758","13","14","379","0","0","0","4721468.96594, 3429468.32857","4881468.96594, 3509468.32857",216593.78459909
"759","13","15","380","0","0","0","4721468.96594, 3419468.32857","4881468.96594, 3509468.32857",216775.725123416
"760","13","16","381","0","0","0","4721468.96594, 3409468.32857","4881468.96594, 3509468.32857",226629.303216377
"761","13","17","382","1","1","0","4721468.96594, 3399468.32857","4881468.96594, 3509468.32857",230048.671353094
"762","13","18","383","0","0","0","4721468.96594, 3389468.32857","4881468.96594, 3509468.32857",234510.765487547
"763","13","19","384","1","0","0","4721468.96594, 3379468.32857","4881468.96594, 3509468.32857",244663.926329179
"764","13","20","385","1","1","0","4721468.96594, 3369468.32857","4881468.96594, 3509468.32857",249666.656915017
"765","13","21","386","0","1","0","4721468.96594, 3359468.32857","4881468.96594, 3509468.32857",252371.61028187
"766","13","22","387","0","0","0","4721468.96594, 3349468.32857","4881468.96594, 3509468.32857",250930.505188346
"767","13","23","388","1","0","0","4721468.96594, 3339468.32857","4881468.96594, 3509468.32857",257952.158443222
"768","13","24","389","0","1","0","4721468.96594, 3329468.32857","4881468.96594, 3509468.32857",287200.447589615
"769","13","25","390","0","1","0","4721468.96594, 3319468.32857","4881468.96594, 3509468.32857",282318.921557641
"770","13","26","391","0","0","0","4721468.96594, 3309468.32857","4881468.96594, 3509468.32857",289816.109586662
"771","13","27","392","0","0","0","4721468.96594, 3299468.32857","4881468.96594, 3509468.32857",311248.377117671
"772","13","28","393","1","1","0","4721468.96594, 3289468.32857","4881468.96594, 3509468.32857",318235.737635437
"773","13","29","394","0","0","0","4721468.96594, 3279468.32857","4881468.96594, 3509468.32857",325991.163489221
"774","13","30","395","1","0","0","4721468.96594, 3269468.32857","4881468.96594, 3509468.32857",334290.292567481
"775","13","31","396","1","1","0","4721468.96594, 3259468.32857","4881468.96594, 3509468.32857",340579.830095784
"776","13","32","397","0","1","0","4721468.96594, 3249468.32857","4881468.96594, 3509468.32857",360969.230559444
"777","13","33","398","1","0","0","4721468.96594, 3239468.32857","4881468.96594, 3509468.32857",368294.78442874
"778","13","34","399","1","0","0","4721468.96594, 3229468.32857","4881468.96594, 3509468.32857",378579.817207654
"779","13","35","400","0","0","0","4721468.96594, 3219468.32857","4881468.96594, 3509468.32857",386146.253685687
"780","13","36","401","0","0","0","4721468.96594, 3209468.32857","4881468.96594, 3509468.32857",392249.005433866
"781","13","37","402","0","1","0","4721468.96594, 3199468.32857","4881468.96594, 3509468.32857",405516.983583446
"782","13","38","403","1","1","0","4721468.96594, 3189468.32857","4881468.96594, 3509468.32857",420711.99027826
"783","13","39","404","0","0","0","4721468.96594, 3179468.32857","4881468.96594, 3509468.32857",434549.435694664
"784","13","40","405","1","0","0","4721468.96594, 3169468.32857","4881468.96594, 3509468.32857",442271.552924935
"785","13","41","406","0","1","0","4721468.96594, 3159468.32857","4881468.96594, 3509468.32857",474146.898409612
"786","13","42","407","1","1","0","4721468.96594, 3149468.32857","4881468.96594, 3509468.32857",477534.090845101
"787","13","43","408","1","1","0","4721468.96594, 3139468.32857","4881468.96594, 3509468.32857",491868.823892428
"788","13","44","409","0","0","0","4721468.96594, 3129468.32857","4881468.96594, 3509468.32857",495038.009053868
"789","13","45","410","0","1","0","4721468.96594, 3119468.32857","4881468.96594, 3509468.32857",507175.011543349
"790","13","46","411","1","1","0","4721468.96594, 3109468.32857","4881468.96594, 3509468.32857",514746.175070175
"791","13","47","412","1","1","0","4721468.96594, 3099468.32857","4881468.96594, 3509468.32857",515293.043577478
"792","13","48","413","0","0","0","4721602.20361, 3089805.92274","4881468.96594, 3509468.32857",528682.409862492
"793","13","49","414","0","0","0","4726351.81914, 3084450.837","4881468.96594, 3509468.32857",529952.862872724
"812","14","6","415","0","0","0","4732237.70007, 3507106.63827","4881468.96594, 3509468.32857",166706.865563037
"813","14","7","416","1","1","0","4731468.96594, 3499468.32857","4881468.96594, 3509468.32857",166706.865563037
"814","14","8","417","0","1","0","4731468.96594, 3489468.32857","4881468.96594, 3509468.32857",175177.082275152
"815","14","9","418","1","1","0","4731468.96594, 3479468.32857","4881468.96594, 3509468.32857",179419.716826986
"816","14","10","419","1","0","0","4731468.96594, 3469468.32857","4881468.96594, 3509468.32857",181112.219132919
"817","14","11","420","1","0","0","4731468.96594, 3459468.32857","4881468.96594, 3509468.32857",191682.760923111
"818","14","12","421","0","0","0","4731468.96594, 3449468.32857","4881468.96594, 3509468.32857",193851.37962544
"819","14","13","422","0","1","0","4731468.96594, 3439468.32857","4881468.96594, 3509468.32857",192661.623114004
"820","14","14","423","0","0","0","4731468.96594, 3429468.32857","4881468.96594, 3509468.32857",201853.446701536
"821","14","15","424","0","0","0","4731468.96594, 3419468.32857","4881468.96594, 3509468.32857",201853.446701536
"822","14","16","425","0","0","0","4731468.96594, 3409468.32857","4881468.96594, 3509468.32857",221868.439111524
"823","14","17","426","1","1","0","4731468.96594, 3399468.32857","4881468.96594, 3509468.32857",219756.254002468
"824","14","18","427","0","0","0","4731468.96594, 3389468.32857","4881468.96594, 3509468.32857",229879.064336176
"825","14","19","428","1","0","0","4731468.96594, 3379468.32857","4881468.96594, 3509468.32857",234807.954866422
"826","14","20","429","0","0","0","4731468.96594, 3369468.32857","4881468.96594, 3509468.32857",252364.610494813
"827","14","21","430","1","1","0","4731468.96594, 3359468.32857","4881468.96594, 3509468.32857",254286.151169086
"828","14","22","431","1","0","0","4731468.96594, 3349468.32857","4881468.96594, 3509468.32857",244962.417805538
"829","14","23","432","1","0","0","4731468.96594, 3339468.32857","4881468.96594, 3509468.32857",253705.40309646
"830","14","24","433","0","1","0","4731468.96594, 3329468.32857","4881468.96594, 3509468.32857",269253.791268416
"831","14","25","434","0","1","0","4731468.96594, 3319468.32857","4881468.96594, 3509468.32857",272037.125007162
"832","14","26","435","0","0","0","4731468.96594, 3309468.32857","4881468.96594, 3509468.32857",288355.312502013
"833","14","27","436","0","0","0","4731468.96594, 3299468.32857","4881468.96594, 3509468.32857",300173.447928211
"834","14","28","437","1","0","0","4731468.96594, 3289468.32857","4881468.96594, 3509468.32857",307696.393630449
"835","14","29","438","0","0","0","4731468.96594, 3279468.32857","4881468.96594, 3509468.32857",331959.59707723
"836","14","30","439","1","0","0","4731468.96594, 3269468.32857","4881468.96594, 3509468.32857",326130.205364485
"837","14","31","440","1","1","0","4731468.96594, 3259468.32857","4881468.96594, 3509468.32857",337239.723921616
"838","14","32","441","0","1","0","4731468.96594, 3249468.32857","4881468.96594, 3509468.32857",352418.376922401
"839","14","33","442","1","1","0","4731468.96594, 3239468.32857","4881468.96594, 3509468.32857",361720.803827342
"840","14","34","443","0","0","0","4731468.96594, 3229468.32857","4881468.96594, 3509468.32857",373908.335398693
"841","14","35","444","0","0","0","4731468.96594, 3219468.32857","4881468.96594, 3509468.32857",387100.751842525
"842","14","36","445","0","0","0","4731468.96594, 3209468.32857","4881468.96594, 3509468.32857",401836.698614086
"843","14","37","446","0","0","0","4731468.96594, 3199468.32857","4881468.96594, 3509468.32857",417043.989184033
"844","14","38","447","1","1","0","4731468.96594, 3189468.32857","4881468.96594, 3509468.32857",419429.975288609
"845","14","39","448","1","0","0","4731468.96594, 3179468.32857","4881468.96594, 3509468.32857",428601.325585983
"846","14","40","449","1","0","0","4731468.96594, 3169468.32857","4881468.96594, 3509468.32857",437562.778707257
"847","14","41","450","0","1","0","4731468.96594, 3159468.32857","4881468.96594, 3509468.32857",448157.900023875
"848","14","42","451","1","1","0","4731468.96594, 3149468.32857","4881468.96594, 3509468.32857",458860.439200129
"849","14","43","452","1","1","0","4731468.96594, 3139468.32857","4881468.96594, 3509468.32857",472496.494918338
"850","14","44","453","0","0","0","4731468.96594, 3129468.32857","4881468.96594, 3509468.32857",485681.18073747
"851","14","45","454","0","0","0","4731468.96594, 3119468.32857","4881468.96594, 3509468.32857",494361.131123634
"852","14","46","455","1","0","0","4731468.96594, 3109468.32857","4881468.96594, 3509468.32857",500674.111433777
"853","14","47","456","1","1","0","4731468.96594, 3099468.32857","4881468.96594, 3509468.32857",516246.082891267
"854","14","48","457","0","0","0","4731468.96594, 3089468.32857","4881468.96594, 3509468.32857",525286.03184865
"855","14","49","458","0","0","0","4733026.17909, 3083952.55182","4881468.96594, 3509468.32857",531853.385852308
"873","15","5","459","0","0","0","4745189.17339, 3515050.02721","4881468.96594, 3509468.32857",157501.915954494
"874","15","6","460","0","0","0","4741747.0989, 3509084.45797","4881468.96594, 3509468.32857",162209.777854447
"875","15","7","461","1","1","0","4741468.96594, 3499468.32857","4881468.96594, 3509468.32857",157671.938104543
"876","15","8","462","1","1","0","4741468.96594, 3489468.32857","4881468.96594, 3509468.32857",159066.947454736
"877","15","9","463","1","0","0","4741468.96594, 3479468.32857","4881468.96594, 3509468.32857",162163.17163975
"878","15","10","464","0","0","0","4741468.96594, 3469468.32857","4881468.96594, 3509468.32857",173571.950590356
"879","15","11","465","1","0","0","4741468.96594, 3459468.32857","4881468.96594, 3509468.32857",185109.428568167
"880","15","12","466","1","0","0","4741468.96594, 3449468.32857","4881468.96594, 3509468.32857",176539.379148728
"881","15","13","467","0","1","0","4741468.96594, 3439468.32857","4881468.96594, 3509468.32857",178426.440262181
"882","15","14","468","0","1","0","4741468.96594, 3429468.32857","4881468.96594, 3509468.32857",184838.649906215
"883","15","15","469","0","0","0","4741468.96594, 3419468.32857","4881468.96594, 3509468.32857",196950.066097696
"884","15","16","470","1","1","0","4741468.96594, 3409468.32857","4881468.96594, 3509468.32857",209052.699431635
"885","15","17","471","1","1","0","4741468.96594, 3399468.32857","4881468.96594, 3509468.32857",224291.336350034
"886","15","18","472","0","0","0","4741468.96594, 3389468.32857","4881468.96594, 3509468.32857",232097.993874521
"887","15","19","473","1","0","0","4741468.96594, 3379468.32857","4881468.96594, 3509468.32857",227398.456550109
"888","15","20","474","1","1","0","4741468.96594, 3369468.32857","4881468.96594, 3509468.32857",220890.709597111
"889","15","21","475","1","1","0","4741468.96594, 3359468.32857","4881468.96594, 3509468.32857",229559.281929255
"890","15","22","476","0","0","0","4741468.96594, 3349468.32857","4881468.96594, 3509468.32857",235665.106129173
"891","15","23","477","0","1","0","4741468.96594, 3339468.32857","4881468.96594, 3509468.32857",251505.943598081
"892","15","24","478","0","1","0","4741468.96594, 3329468.32857","4881468.96594, 3509468.32857",264703.105674761
"893","15","25","479","0","1","0","4741468.96594, 3319468.32857","4881468.96594, 3509468.32857",274624.839093049
"894","15","26","480","0","1","0","4741468.96594, 3309468.32857","4881468.96594, 3509468.32857",283352.735978131
"895","15","27","481","0","0","0","4741468.96594, 3299468.32857","4881468.96594, 3509468.32857",292015.070106817
"896","15","28","482","1","0","0","4741468.96594, 3289468.32857","4881468.96594, 3509468.32857",309836.307253285
"897","15","29","483","1","0","0","4741468.96594, 3279468.32857","4881468.96594, 3509468.32857",311251.505534628
"898","15","30","484","1","0","0","4741468.96594, 3269468.32857","4881468.96594, 3509468.32857",329029.938687315
"899","15","31","485","0","1","0","4741468.96594, 3259468.32857","4881468.96594, 3509468.32857",333231.710678385
"900","15","32","486","0","0","0","4741468.96594, 3249468.32857","4881468.96594, 3509468.32857",344591.119844636
"901","15","33","487","1","1","0","4741468.96594, 3239468.32857","4881468.96594, 3509468.32857",353503.728954399
"902","15","34","488","0","1","0","4741468.96594, 3229468.32857","4881468.96594, 3509468.32857",365099.092158252
"903","15","35","489","0","0","0","4741468.96594, 3219468.32857","4881468.96594, 3509468.32857",375259.538321985
"904","15","36","490","0","0","0","4741468.96594, 3209468.32857","4881468.96594, 3509468.32857",401507.7401399
"905","15","37","491","0","1","0","4741468.96594, 3199468.32857","4881468.96594, 3509468.32857",412257.577039511
"906","15","38","492","1","1","0","4741468.96594, 3189468.32857","4881468.96594, 3509468.32857",413128.614824474
"907","15","39","493","1","0","0","4741468.96594, 3179468.32857","4881468.96594, 3509468.32857",422415.664879109
"908","15","40","494","1","0","0","4741468.96594, 3169468.32857","4881468.96594, 3509468.32857",431804.087987549
"909","15","41","495","0","0","0","4741468.96594, 3159468.32857","4881468.96594, 3509468.32857",454972.112221511
"910","15","42","496","0","1","0","4741468.96594, 3149468.32857","4881468.96594, 3509468.32857",462379.841919433
"911","15","43","497","1","1","0","4741468.96594, 3139468.32857","4881468.96594, 3509468.32857",473071.869615223
"912","15","44","498","0","0","0","4741468.96594, 3129468.32857","4881468.96594, 3509468.32857",482403.720639236
"913","15","45","499","0","0","0","4741468.96594, 3119468.32857","4881468.96594, 3509468.32857",488786.009709142
"914","15","46","500","1","0","0","4741468.96594, 3109468.32857","4881468.96594, 3509468.32857",500710.109957653
"915","15","47","501","1","1","0","4741468.96594, 3099468.32857","4881468.96594, 3509468.32857",503909.607108735
"916","15","48","502","1","1","0","4741468.96594, 3089468.32857","4881468.96594, 3509468.32857",513303.593155004
"917","15","49","503","1","1","0","4742011.80317, 3083281.71546","4881468.96594, 3509468.32857",520683.108450513
"935","16","5","504","0","0","0","4752411.71708, 3516691.44319","4881468.96594, 3509468.32857",144809.413782077
"936","16","6","505","0","0","0","4751468.96594, 3509468.32857","4881468.96594, 3509468.32857",151945.254106693
"937","16","7","506","0","1","0","4751468.96594, 3499468.32857","4881468.96594, 3509468.32857",148058.864724196
"938","16","8","507","1","1","0","4751468.96594, 3489468.32857","4881468.96594, 3509468.32857",149265.503050156
"939","16","9","508","0","0","0","4751468.96594, 3479468.32857","4881468.96594, 3509468.32857",157881.413134406
"940","16","10","509","0","0","0","4751468.96594, 3469468.32857","4881468.96594, 3509468.32857",160803.374195231
"941","16","11","510","0","0","0","4751468.96594, 3459468.32857","4881468.96594, 3509468.32857",180732.55088486
"942","16","12","511","1","0","0","4751468.96594, 3449468.32857","4881468.96594, 3509468.32857",166477.490318697
"943","16","13","512","1","0","0","4751468.96594, 3439468.32857","4881468.96594, 3509468.32857",173162.347735851
"944","16","14","513","0","1","0","4751468.96594, 3429468.32857","4881468.96594, 3509468.32857",179487.233839123
"945","16","15","514","0","1","0","4751468.96594, 3419468.32857","4881468.96594, 3509468.32857",186987.982549959
"946","16","16","515","1","1","0","4751468.96594, 3409468.32857","4881468.96594, 3509468.32857",194680.861070735
"947","16","17","516","0","0","0","4751468.96594, 3399468.32857","4881468.96594, 3509468.32857",211601.4094889
"948","16","18","517","0","0","0","4751468.96594, 3389468.32857","4881468.96594, 3509468.32857",217397.133271381
"949","16","19","518","1","0","0","4751468.96594, 3379468.32857","4881468.96594, 3509468.32857",223639.542527509
"950","16","20","519","1","1","0","4751468.96594, 3369468.32857","4881468.96594, 3509468.32857",215951.761715585
"951","16","21","520","0","0","0","4751468.96594, 3359468.32857","4881468.96594, 3509468.32857",226494.404120867
"952","16","22","521","0","1","0","4751468.96594, 3349468.32857","4881468.96594, 3509468.32857",235763.239086924
"953","16","23","522","0","1","0","4751468.96594, 3339468.32857","4881468.96594, 3509468.32857",247023.00805451
"954","16","24","523","0","0","0","4751468.96594, 3329468.32857","4881468.96594, 3509468.32857",257792.496576512
"955","16","25","524","0","0","0","4751468.96594, 3319468.32857","4881468.96594, 3509468.32857",265961.368409504
"956","16","26","525","0","1","0","4751468.96594, 3309468.32857","4881468.96594, 3509468.32857",275774.18387369
"957","16","27","526","0","0","0","4751468.96594, 3299468.32857","4881468.96594, 3509468.32857",286050.619298632
"958","16","28","527","0","0","0","4751468.96594, 3289468.32857","4881468.96594, 3509468.32857",300619.796905976
"959","16","29","528","1","0","0","4751468.96594, 3279468.32857","4881468.96594, 3509468.32857",308272.081931954
"960","16","30","529","1","0","0","4751468.96594, 3269468.32857","4881468.96594, 3509468.32857",326208.213019212
"961","16","31","530","0","1","0","4751468.96594, 3259468.32857","4881468.96594, 3509468.32857",342947.639813619
"962","16","32","531","1","1","0","4751468.96594, 3249468.32857","4881468.96594, 3509468.32857",351138.230086689
"963","16","33","532","1","1","0","4751468.96594, 3239468.32857","4881468.96594, 3509468.32857",357854.752316816
"964","16","34","533","0","1","0","4751468.96594, 3229468.32857","4881468.96594, 3509468.32857",371017.661756945
"965","16","35","534","0","1","0","4751468.96594, 3219468.32857","4881468.96594, 3509468.32857",376753.571256145
"966","16","36","535","1","1","0","4751468.96594, 3209468.32857","4881468.96594, 3509468.32857",391160.169802425
"967","16","37","536","1","1","0","4751468.96594, 3199468.32857","4881468.96594, 3509468.32857",393071.101412499
"968","16","38","537","1","1","0","4751468.96594, 3189468.32857","4881468.96594, 3509468.32857",421144.449656935
"969","16","39","538","0","1","0","4751468.96594, 3179468.32857","4881468.96594, 3509468.32857",423136.796535407
"970","16","40","539","1","1","0","4751468.96594, 3169468.32857","4881468.96594, 3509468.32857",434161.303137307
"971","16","41","540","1","1","0","4751468.96594, 3159468.32857","4881468.96594, 3509468.32857",444693.171665831
"972","16","42","541","1","1","0","4751468.96594, 3149468.32857","4881468.96594, 3509468.32857",456400.610083951
"973","16","43","542","1","1","0","4751468.96594, 3139468.32857","4881468.96594, 3509468.32857",459694.424518847
"974","16","44","543","1","1","0","4751468.96594, 3129468.32857","4881468.96594, 3509468.32857",468283.921136517
"975","16","45","544","1","1","0","4751468.96594, 3119468.32857","4881468.96594, 3509468.32857",479008.489466863
"976","16","46","545","1","0","0","4751468.96594, 3109468.32857","4881468.96594, 3509468.32857",490433.345695261
"977","16","47","546","1","1","0","4751468.96594, 3099468.32857","4881468.96594, 3509468.32857",506917.1794794
"978","16","48","547","0","1","0","4751468.96594, 3089468.32857","4881468.96594, 3509468.32857",514483.599304144
"979","16","49","548","0","0","0","4751797.67836, 3082551.13506","4881468.96594, 3509468.32857",522573.266387203
"996","17","4","549","0","0","0","4765856.15827, 3524746.86542","4881468.96594, 3509468.32857",135036.193112027
"997","17","5","550","1","1","0","4761875.59606, 3518796.9753","4881468.96594, 3509468.32857",135036.193112027
"998","17","6","551","0","0","0","4761468.96594, 3509468.32857","4881468.96594, 3509468.32857",141489.874026753
"999","17","7","552","1","1","0","4761468.96594, 3499468.32857","4881468.96594, 3509468.32857",143371.479277838
"1000","17","8","553","1","0","0","4761468.96594, 3489468.32857","4881468.96594, 3509468.32857",139916.809955616
"1001","17","9","554","0","0","0","4761468.96594, 3479468.32857","4881468.96594, 3509468.32857",160066.053892259
"1002","17","10","555","0","0","0","4761468.96594, 3469468.32857","4881468.96594, 3509468.32857",147560.981398732
"1003","17","11","556","0","0","0","4761468.96594, 3459468.32857","4881468.96594, 3509468.32857",163058.124156817
"1004","17","12","557","1","0","0","4761468.96594, 3449468.32857","4881468.96594, 3509468.32857",168597.19412599
"1005","17","13","558","1","0","0","4761468.96594, 3439468.32857","4881468.96594, 3509468.32857",152259.893054439
"1006","17","14","559","1","0","0","4761468.96594, 3429468.32857","4881468.96594, 3509468.32857",179487.233839123
"1007","17","15","560","1","1","0","4761468.96594, 3419468.32857","4881468.96594, 3509468.32857",175012.629221113
"1008","17","16","561","1","1","0","4761468.96594, 3409468.32857","4881468.96594, 3509468.32857",186954.508497628
"1009","17","17","562","0","0","0","4761468.96594, 3399468.32857","4881468.96594, 3509468.32857",198215.429173216
"1010","17","18","563","0","0","0","4761468.96594, 3389468.32857","4881468.96594, 3509468.32857",211846.157738248
"1011","17","19","564","1","0","0","4761468.96594, 3379468.32857","4881468.96594, 3509468.32857",199014.545523222
"1012","17","20","565","1","1","0","4761468.96594, 3369468.32857","4881468.96594, 3509468.32857",223761.967217262
"1013","17","21","566","0","1","0","4761468.96594, 3359468.32857","4881468.96594, 3509468.32857",223511.775281156
"1014","17","22","567","0","1","0","4761468.96594, 3349468.32857","4881468.96594, 3509468.32857",225171.854611628
"1015","17","23","568","0","0","0","4761468.96594, 3339468.32857","4881468.96594, 3509468.32857",245682.815980702
"1016","17","24","569","0","0","0","4761468.96594, 3329468.32857","4881468.96594, 3509468.32857",248184.196562086
"1017","17","25","570","0","0","0","4761468.96594, 3319468.32857","4881468.96594, 3509468.32857",261025.828561047
"1018","17","26","571","0","0","0","4761468.96594, 3309468.32857","4881468.96594, 3509468.32857",273403.914501103
"1019","17","27","572","0","0","0","4761468.96594, 3299468.32857","4881468.96594, 3509468.32857",286567.884391989
"1020","17","28","573","0","0","0","4761468.96594, 3289468.32857","4881468.96594, 3509468.32857",297773.896320887
"1021","17","29","574","1","0","0","4761468.96594, 3279468.32857","4881468.96594, 3509468.32857",311370.552018612
"1022","17","30","575","1","1","0","4761468.96594, 3269468.32857","4881468.96594, 3509468.32857",319718.12134954
"1023","17","31","576","1","1","0","4761468.96594, 3259468.32857","4881468.96594, 3509468.32857",327753.333320023
"1024","17","32","577","1","0","0","4761468.96594, 3249468.32857","4881468.96594, 3509468.32857",344821.40614825
"1025","17","33","578","0","0","0","4761468.96594, 3239468.32857","4881468.96594, 3509468.32857",358542.478778652
"1026","17","34","579","0","0","0","4761468.96594, 3229468.32857","4881468.96594, 3509468.32857",362281.15626557
"1027","17","35","580","0","1","0","4761468.96594, 3219468.32857","4881468.96594, 3509468.32857",368859.558385542
"1028","17","36","581","1","1","0","4761468.96594, 3209468.32857","4881468.96594, 3509468.32857",384879.198395044
"1029","17","37","582","0","0","0","4761468.96594, 3199468.32857","4881468.96594, 3509468.32857",394943.745742956
"1030","17","38","583","0","0","0","4761468.96594, 3189468.32857","4881468.96594, 3509468.32857",411975.960669222
"1031","17","39","584","0","1","0","4761468.96594, 3179468.32857","4881468.96594, 3509468.32857",419618.746308026
"1032","17","40","585","0","1","0","4761468.96594, 3169468.32857","4881468.96594, 3509468.32857",428487.157527265
"1033","17","41","586","1","0","0","4761468.96594, 3159468.32857","4881468.96594, 3509468.32857",438973.040920049
"1034","17","42","587","1","0","0","4761468.96594, 3149468.32857","4881468.96594, 3509468.32857",441328.701203412
"1035","17","43","588","1","1","0","4761468.96594, 3139468.32857","4881468.96594, 3509468.32857",452090.513954305
"1036","17","44","589","1","0","0","4761468.96594, 3129468.32857","4881468.96594, 3509468.32857",472156.315577982
"1037","17","45","590","0","1","0","4761468.96594, 3119468.32857","4881468.96594, 3509468.32857",480339.371565318
"1038","17","46","591","1","1","0","4761468.96594, 3109468.32857","4881468.96594, 3509468.32857",486622.459580758
"1039","17","47","592","1","1","0","4761468.96594, 3099468.32857","4881468.96594, 3509468.32857",498693.059424888
"1040","17","48","593","1","1","0","4761468.96594, 3089468.32857","4881468.96594, 3509468.32857",506709.671033029
"1041","17","49","594","1","1","0","4761704.6942, 3081811.51071","4881468.96594, 3509468.32857",516667.919304859
"1043","17","51","595","0","0","0","4765725.5908, 3057812.15407","4881468.96594, 3509468.32857",553326.023788117
"1044","17","52","596","0","0","0","4765870.41001, 3053938.68893","4881468.96594, 3509468.32857",556038.106239992
"1058","18","4","597","0","0","0","4772687.57049, 3526299.39174","4881468.96594, 3509468.32857",131314.002488054
"1059","18","5","598","1","1","0","4771468.96594, 3519468.32857","4881468.96594, 3509468.32857",131314.002488054
"1060","18","6","599","1","1","0","4771468.96594, 3509468.32857","4881468.96594, 3509468.32857",123267.040905832
"1061","18","7","600","1","1","0","4771468.96594, 3499468.32857","4881468.96594, 3509468.32857",122543.012636041
"1062","18","8","601","0","1","0","4771468.96594, 3489468.32857","4881468.96594, 3509468.32857",130179.86354547
"1063","18","9","602","0","1","0","4771468.96594, 3479468.32857","4881468.96594, 3509468.32857",133830.393332863
"1064","18","10","603","0","1","0","4771468.96594, 3469468.32857","4881468.96594, 3509468.32857",138682.169529076
"1065","18","11","604","0","1","0","4771468.96594, 3459468.32857","4881468.96594, 3509468.32857",137862.285037986
"1066","18","12","605","1","1","0","4771468.96594, 3449468.32857","4881468.96594, 3509468.32857",137498.678070048
"1067","18","13","606","1","1","0","4771468.96594, 3439468.32857","4881468.96594, 3509468.32857",150893.728956014
"1068","18","14","607","1","1","0","4771468.96594, 3429468.32857","4881468.96594, 3509468.32857",160234.407685808
"1069","18","15","608","1","1","0","4771468.96594, 3419468.32857","4881468.96594, 3509468.32857",169740.027952627
"1070","18","16","609","1","1","0","4771468.96594, 3409468.32857","4881468.96594, 3509468.32857",189754.927662554
"1071","18","17","610","1","1","0","4771468.96594, 3399468.32857","4881468.96594, 3509468.32857",188101.971506774
"1072","18","18","611","1","1","0","4771468.96594, 3389468.32857","4881468.96594, 3509468.32857",187507.12136856
"1073","18","19","612","1","1","0","4771468.96594, 3379468.32857","4881468.96594, 3509468.32857",193013.107198765
"1074","18","20","613","1","1","0","4771468.96594, 3369468.32857","4881468.96594, 3509468.32857",201858.471444189
"1075","18","21","614","1","1","0","4771468.96594, 3359468.32857","4881468.96594, 3509468.32857",213328.116934265
"1076","18","22","615","1","1","0","4771468.96594, 3349468.32857","4881468.96594, 3509468.32857",221471.588970472
"1077","18","23","616","0","0","0","4771468.96594, 3339468.32857","4881468.96594, 3509468.32857",237938.590462623
"1078","18","24","617","0","0","0","4771468.96594, 3329468.32857","4881468.96594, 3509468.32857",249918.653467245
"1079","18","25","618","0","0","0","4771468.96594, 3319468.32857","4881468.96594, 3509468.32857",258394.386458028
"1080","18","26","619","0","0","0","4771468.96594, 3309468.32857","4881468.96594, 3509468.32857",281027.44225728
"1081","18","27","620","0","1","0","4771468.96594, 3299468.32857","4881468.96594, 3509468.32857",281027.44225728
"1082","18","28","621","0","1","0","4771468.96594, 3289468.32857","4881468.96594, 3509468.32857",288458.747160419
"1083","18","29","622","1","0","0","4771468.96594, 3279468.32857","4881468.96594, 3509468.32857",305640.135940729
"1084","18","30","623","1","1","0","4771468.96594, 3269468.32857","4881468.96594, 3509468.32857",315654.754764907
"1085","18","31","624","1","1","0","4771468.96594, 3259468.32857","4881468.96594, 3509468.32857",322544.933017706
"1086","18","32","625","0","0","0","4771468.96594, 3249468.32857","4881468.96594, 3509468.32857",348827.349210225
"1087","18","33","626","1","1","0","4771468.96594, 3239468.32857","4881468.96594, 3509468.32857",346489.847598686
"1088","18","34","627","1","1","0","4771468.96594, 3229468.32857","4881468.96594, 3509468.32857",356281.179952923
"1089","18","35","628","1","1","0","4771468.96594, 3219468.32857","4881468.96594, 3509468.32857",365269.296528537
"1090","18","36","629","1","1","0","4771468.96594, 3209468.32857","4881468.96594, 3509468.32857",379716.567172202
"1091","18","37","630","0","0","0","4771468.96594, 3199468.32857","4881468.96594, 3509468.32857",390061.69337104
"1092","18","38","631","0","0","0","4771468.96594, 3189468.32857","4881468.96594, 3509468.32857",399238.433984861
"1093","18","39","632","0","0","0","4771468.96594, 3179468.32857","4881468.96594, 3509468.32857",419603.135512268
"1094","18","40","633","1","1","0","4771468.96594, 3169468.32857","4881468.96594, 3509468.32857",415372.363186722
"1095","18","41","634","1","1","0","4771468.96594, 3159468.32857","4881468.96594, 3509468.32857",425685.314139925
"1096","18","42","635","1","0","0","4771468.96594, 3149468.32857","4881468.96594, 3509468.32857",439571.04500974
"1097","18","43","636","1","1","0","4771468.96594, 3139468.32857","4881468.96594, 3509468.32857",451475.037286962
"1098","18","44","637","1","0","0","4771468.96594, 3129468.32857","4881468.96594, 3509468.32857",460819.003658105
"1099","18","45","638","1","1","0","4771468.96594, 3119468.32857","4881468.96594, 3509468.32857",481078.756676415
"1100","18","46","639","1","1","0","4771468.96594, 3109468.32857","4881468.96594, 3509468.32857",486261.538915899
"1101","18","47","640","1","1","0","4771468.96594, 3099468.32857","4881468.96594, 3509468.32857",497403.023606778
"1102","18","48","641","0","1","0","4771468.96594, 3089468.32857","4881468.96594, 3509468.32857",513176.140314096
"1103","18","49","642","0","1","0","4771882.14737, 3079808.59955","4881468.96594, 3509468.32857",516960.472574294
"1104","18","50","643","0","1","0","4772015.5452, 3069255.12072","4881468.96594, 3509468.32857",530349.147255018
"1105","18","51","644","0","0","0","4771468.97346, 3059468.32106","4881468.96594, 3509468.32857",547071.404843525
"1106","18","52","645","1","0","0","4772688.73332, 3050931.06113","4881468.96594, 3509468.32857",551041.108718554
"1107","18","53","646","0","0","0","4776304.14076, 3044322.48096","4881468.96594, 3509468.32857",559828.724758666
"1120","19","4","647","0","0","0","4781963.86581, 3528407.5492","4881468.96594, 3509468.32857",122797.327786162
"1121","19","5","648","0","0","0","4781468.96594, 3519468.32857","4881468.96594, 3509468.32857",123359.453687371
"1122","19","6","649","1","1","0","4781468.96594, 3509468.32857","4881468.96594, 3509468.32857",113492.398741692
"1123","19","7","650","1","0","0","4781468.96594, 3499468.32857","4881468.96594, 3509468.32857",115316.602200425
"1124","19","8","651","1","0","0","4781468.96594, 3489468.32857","4881468.96594, 3509468.32857",121856.720560682
"1125","19","9","652","1","0","0","4781468.96594, 3479468.32857","4881468.96594, 3509468.32857",123561.397121182
"1126","19","10","653","1","0","0","4781468.96594, 3469468.32857","4881468.96594, 3509468.32857",134453.335604125
"1127","19","11","654","1","1","0","4781468.96594, 3459468.32857","4881468.96594, 3509468.32857",127359.673576192
"1128","19","12","655","1","1","0","4781468.96594, 3449468.32857","4881468.96594, 3509468.32857",142705.198114921
"1129","19","13","656","1","0","0","4781468.96594, 3439468.32857","4881468.96594, 3509468.32857",154098.856346987
"1130","19","14","657","1","0","0","4781468.96594, 3429468.32857","4881468.96594, 3509468.32857",157659.774687315
"1131","19","15","658","0","1","0","4781468.96594, 3419468.32857","4881468.96594, 3509468.32857",162344.908100788
"1132","19","16","659","1","0","0","4781468.96594, 3409468.32857","4881468.96594, 3509468.32857",162160.754538524
"1133","19","17","660","1","0","0","4781468.96594, 3399468.32857","4881468.96594, 3509468.32857",171734.226166822
"1134","19","18","661","0","0","0","4781468.96594, 3389468.32857","4881468.96594, 3509468.32857",190380.771726217
"1135","19","19","662","0","1","0","4781468.96594, 3379468.32857","4881468.96594, 3509468.32857",187422.700499068
"1136","19","20","663","0","1","0","4781468.96594, 3369468.32857","4881468.96594, 3509468.32857",199268.451422546
"1137","19","21","664","1","1","0","4781468.96594, 3359468.32857","4881468.96594, 3509468.32857",209029.097630555
"1138","19","22","665","1","1","0","4781468.96594, 3349468.32857","4881468.96594, 3509468.32857",217537.494990758
"1139","19","23","666","1","1","0","4781468.96594, 3339468.32857","4881468.96594, 3509468.32857",231491.198255446
"1140","19","24","667","0","0","0","4781468.96594, 3329468.32857","4881468.96594, 3509468.32857",244933.880607301
"1141","19","25","668","0","1","0","4781468.96594, 3319468.32857","4881468.96594, 3509468.32857",255061.373039911
"1142","19","26","669","1","1","0","4781468.96594, 3309468.32857","4881468.96594, 3509468.32857",265290.358807098
"1143","19","27","670","1","1","0","4781468.96594, 3299468.32857","4881468.96594, 3509468.32857",275827.570497481
"1144","19","28","671","1","1","0","4781468.96594, 3289468.32857","4881468.96594, 3509468.32857",287735.300524339
"1145","19","29","672","1","1","0","4781468.96594, 3279468.32857","4881468.96594, 3509468.32857",298324.464412086
"1146","19","30","673","1","1","0","4781468.96594, 3269468.32857","4881468.96594, 3509468.32857",308363.844742409
"1147","19","31","674","1","1","0","4781468.96594, 3259468.32857","4881468.96594, 3509468.32857",321367.624162969
"1148","19","32","675","1","1","0","4781468.96594, 3249468.32857","4881468.96594, 3509468.32857",332534.694770709
"1149","19","33","676","1","1","0","4781468.96594, 3239468.32857","4881468.96594, 3509468.32857",340364.266709967
"1150","19","34","677","0","0","0","4781468.96594, 3229468.32857","4881468.96594, 3509468.32857",364563.498075214
"1151","19","35","678","1","1","0","4781468.96594, 3219468.32857","4881468.96594, 3509468.32857",373007.497504516
"1152","19","36","679","1","1","0","4781468.96594, 3209468.32857","4881468.96594, 3509468.32857",384802.075310104
"1153","19","37","680","1","1","0","4781468.96594, 3199468.32857","4881468.96594, 3509468.32857",390940.469109909
"1154","19","38","681","1","0","0","4781468.96594, 3189468.32857","4881468.96594, 3509468.32857",396743.555268157
"1155","19","39","682","1","0","0","4781468.96594, 3179468.32857","4881468.96594, 3509468.32857",399749.313628288
"1156","19","40","683","1","0","0","4781468.96594, 3169468.32857","4881468.96594, 3509468.32857",411547.594666657
"1157","19","41","684","0","1","0","4781468.96594, 3159468.32857","4881468.96594, 3509468.32857",419630.88039891
"1158","19","42","685","0","1","0","4781468.96594, 3149468.32857","4881468.96594, 3509468.32857",443600.427344016
"1159","19","43","686","1","1","0","4781468.96594, 3139468.32857","4881468.96594, 3509468.32857",459239.861694853
"1160","19","44","687","1","0","0","4781468.96594, 3129468.32857","4881468.96594, 3509468.32857",473902.410187863
"1161","19","45","688","1","1","0","4781468.96594, 3119468.32857","4881468.96594, 3509468.32857",479279.990032776
"1162","19","46","689","1","1","0","4781468.96594, 3109468.32857","4881468.96594, 3509468.32857",494158.970330994
"1163","19","47","690","1","1","0","4781468.96594, 3099468.32857","4881468.96594, 3509468.32857",493442.965456631
"1164","19","48","691","0","1","0","4781468.96594, 3089468.32857","4881468.96594, 3509468.32857",504690.434822226
"1165","19","49","692","0","1","0","4781468.96594, 3079468.32857","4881468.96594, 3509468.32857",527373.547416239
"1166","19","50","693","0","1","0","4781468.96594, 3069468.32857","4881468.96594, 3509468.32857",525276.565589738
"1167","19","51","694","1","1","0","4781468.96594, 3059468.32857","4881468.96594, 3509468.32857",540100.329584791
"1168","19","52","695","1","0","0","4781468.96594, 3049468.32857","4881468.96594, 3509468.32857",545521.0018315
"1169","19","53","696","0","0","0","4782985.64087, 3041366.37687","4881468.96594, 3509468.32857",565434.521326699
"1181","20","3","697","0","0","0","4793189.80982, 3535958.7894","4881468.96594, 3509468.32857",111358.400190067
"1182","20","4","698","0","0","0","4791469.26288, 3529468.02985","4881468.96594, 3509468.32857",113627.204673579
"1183","20","5","699","0","0","0","4791468.96594, 3519468.32857","4881468.96594, 3509468.32857",117638.433514771
"1184","20","6","700","1","1","0","4791468.96594, 3509468.32857","4881468.96594, 3509468.32857",107751.784561005
"1185","20","7","701","0","0","0","4791468.96594, 3499468.32857","4881468.96594, 3509468.32857",105950.745474353
"1186","20","8","702","0","0","0","4791468.96594, 3489468.32857","4881468.96594, 3509468.32857",101275.179838071
"1187","20","9","703","0","0","0","4791468.96594, 3479468.32857","4881468.96594, 3509468.32857",109159.35607101
"1188","20","10","704","0","0","0","4791468.96594, 3469468.32857","4881468.96594, 3509468.32857",110876.551696535
"1189","20","11","705","1","0","0","4791468.96594, 3459468.32857","4881468.96594, 3509468.32857",115362.759848883
"1190","20","12","706","0","0","0","4791468.96594, 3449468.32857","4881468.96594, 3509468.32857",146431.608560769
"1191","20","13","707","0","0","0","4791468.96594, 3439468.32857","4881468.96594, 3509468.32857",152356.629236876
"1192","20","14","708","1","0","0","4791468.96594, 3429468.32857","4881468.96594, 3509468.32857",147623.805609149
"1193","20","15","709","0","1","0","4791468.96594, 3419468.32857","4881468.96594, 3509468.32857",157288.127779349
"1194","20","16","710","1","0","0","4791468.96594, 3409468.32857","4881468.96594, 3509468.32857",156768.912615512
"1195","20","17","711","0","0","0","4791468.96594, 3399468.32857","4881468.96594, 3509468.32857",167285.01401664
"1196","20","18","712","0","1","0","4791468.96594, 3389468.32857","4881468.96594, 3509468.32857",174383.195986925
"1197","20","19","713","0","1","0","4791468.96594, 3379468.32857","4881468.96594, 3509468.32857",181938.348263909
"1198","20","20","714","0","0","0","4791468.96594, 3369468.32857","4881468.96594, 3509468.32857",198002.435306322
"1199","20","21","715","1","1","0","4791468.96594, 3359468.32857","4881468.96594, 3509468.32857",200013.21385957
"1200","20","22","716","0","1","0","4791468.96594, 3349468.32857","4881468.96594, 3509468.32857",214690.705927758
"1201","20","23","717","1","1","0","4791468.96594, 3339468.32857","4881468.96594, 3509468.32857",221874.571805493
"1202","20","24","718","1","1","0","4791468.96594, 3329468.32857","4881468.96594, 3509468.32857",240958.723785848
"1203","20","25","719","1","1","0","4791468.96594, 3319468.32857","4881468.96594, 3509468.32857",251896.77907436
"1204","20","26","720","1","1","0","4791468.96594, 3309468.32857","4881468.96594, 3509468.32857",257486.902727168
"1205","20","27","721","0","1","0","4791468.96594, 3299468.32857","4881468.96594, 3509468.32857",270707.824993063
"1206","20","28","722","0","1","0","4791468.96594, 3289468.32857","4881468.96594, 3509468.32857",278223.373763204
"1207","20","29","723","1","1","0","4791468.96594, 3279468.32857","4881468.96594, 3509468.32857",294346.749726833
"1208","20","30","724","1","1","0","4791468.96594, 3269468.32857","4881468.96594, 3509468.32857",306959.088168866
"1209","20","31","725","0","1","0","4791468.96594, 3259468.32857","4881468.96594, 3509468.32857",313707.701417955
"1210","20","32","726","0","0","0","4791468.96594, 3249468.32857","4881468.96594, 3509468.32857",345023.395636515
"1211","20","33","727","0","0","0","4791468.96594, 3239468.32857","4881468.96594, 3509468.32857",362241.122095477
"1212","20","34","728","0","0","0","4791468.96594, 3229468.32857","4881468.96594, 3509468.32857",351859.60025416
"1213","20","35","729","1","1","0","4791468.96594, 3219468.32857","4881468.96594, 3509468.32857",356953.257546196
"1214","20","36","730","0","1","0","4791468.96594, 3209468.32857","4881468.96594, 3509468.32857",375453.761548191
"1215","20","37","731","1","1","0","4791468.96594, 3199468.32857","4881468.96594, 3509468.32857",395590.42497709
"1216","20","38","732","1","1","0","4791468.96594, 3189468.32857","4881468.96594, 3509468.32857",388005.594094211
"1217","20","39","733","1","1","0","4791468.96594, 3179468.32857","4881468.96594, 3509468.32857",395826.784929274
"1218","20","40","734","0","1","0","4791468.96594, 3169468.32857","4881468.96594, 3509468.32857",409676.91278537
"1219","20","41","735","0","0","0","4791468.96594, 3159468.32857","4881468.96594, 3509468.32857",431128.198426959
"1220","20","42","736","0","1","0","4791468.96594, 3149468.32857","4881468.96594, 3509468.32857",446989.383533915
"1221","20","43","737","1","1","0","4791468.96594, 3139468.32857","4881468.96594, 3509468.32857",456538.514034677
"1222","20","44","738","0","1","0","4791468.96594, 3129468.32857","4881468.96594, 3509468.32857",469396.163041654
"1223","20","45","739","1","1","0","4791468.96594, 3119468.32857","4881468.96594, 3509468.32857",466474.940915264
"1224","20","46","740","1","1","0","4791468.96594, 3109468.32857","4881468.96594, 3509468.32857",475188.660394656
"1225","20","47","741","0","0","0","4791468.96594, 3099468.32857","4881468.96594, 3509468.32857",491684.12156836
"1226","20","48","742","0","1","0","4791468.96594, 3089468.32857","4881468.96594, 3509468.32857",499855.132476378
"1227","20","49","743","0","0","0","4791468.96594, 3079468.32857","4881468.96594, 3509468.32857",509910.946267695
"1228","20","50","744","0","0","0","4791468.96594, 3069468.32857","4881468.96594, 3509468.32857",518900.924756592
"1229","20","51","745","1","1","0","4791468.96594, 3059468.32857","4881468.96594, 3509468.32857",529290.304756604
"1230","20","52","746","1","1","0","4791468.96594, 3049468.32857","4881468.96594, 3509468.32857",548498.359548993
"1231","20","53","747","1","1","0","4791482.62755, 3039482.07958","4881468.96594, 3509468.32857",551154.062636427
"1232","20","54","748","0","1","0","4793404.53817, 3031756.73168","4881468.96594, 3509468.32857",561034.164902765
"1243","21","3","749","0","1","0","4802030.60713, 3537967.97433","4881468.96594, 3509468.32857",102707.742049935
"1244","21","4","750","0","0","0","4801468.96594, 3529468.32857","4881468.96594, 3509468.32857",102737.124009964
"1245","21","5","751","0","0","0","4801468.96594, 3519468.32857","4881468.96594, 3509468.32857",116234.55420614
"1246","21","6","752","1","1","0","4801468.96594, 3509468.32857","4881468.96594, 3509468.32857",98492.6386383625
"1247","21","7","753","0","0","0","4801468.96594, 3499468.32857","4881468.96594, 3509468.32857",88236.5821997384
"1248","21","8","754","0","0","0","4801468.96594, 3489468.32857","4881468.96594, 3509468.32857",91064.2380412028
"1249","21","9","755","0","0","0","4801468.96594, 3479468.32857","4881468.96594, 3509468.32857",97271.8178562299
"1250","21","10","756","1","0","0","4801468.96594, 3469468.32857","4881468.96594, 3509468.32857",100672.728276121
"1251","21","11","757","1","0","0","4801468.96594, 3459468.32857","4881468.96594, 3509468.32857",108230.921186711
"1252","21","12","758","0","0","0","4801468.96594, 3449468.32857","4881468.96594, 3509468.32857",119242.579617285
"1253","21","13","759","0","0","0","4801468.96594, 3439468.32857","4881468.96594, 3509468.32857",128855.911915576
"1254","21","14","760","1","0","0","4801468.96594, 3429468.32857","4881468.96594, 3509468.32857",145938.075814748
"1255","21","15","761","1","1","0","4801468.96594, 3419468.32857","4881468.96594, 3509468.32857",141128.358652737
"1256","21","16","762","1","1","0","4801468.96594, 3409468.32857","4881468.96594, 3509468.32857",150302.061157224
"1257","21","17","763","0","1","0","4801468.96594, 3399468.32857","4881468.96594, 3509468.32857",160084.037992995
"1258","21","18","764","0","1","0","4801468.96594, 3389468.32857","4881468.96594, 3509468.32857",170331.210188903
"1259","21","19","765","0","0","0","4801468.96594, 3379468.32857","4881468.96594, 3509468.32857",175262.439304887
"1260","21","20","766","0","0","0","4801468.96594, 3369468.32857","4881468.96594, 3509468.32857",181476.181051538
"1261","21","21","767","1","1","0","4801468.96594, 3359468.32857","4881468.96594, 3509468.32857",191669.005432326
"1262","21","22","768","0","0","0","4801468.96594, 3349468.32857","4881468.96594, 3509468.32857",210219.463765109
"1263","21","23","769","0","0","0","4801468.96594, 3339468.32857","4881468.96594, 3509468.32857",221233.983193186
"1264","21","24","770","0","1","0","4801468.96594, 3329468.32857","4881468.96594, 3509468.32857",231178.242574543
"1265","21","25","771","0","1","0","4801468.96594, 3319468.32857","4881468.96594, 3509468.32857",242333.388830479
"1266","21","26","772","0","1","0","4801468.96594, 3309468.32857","4881468.96594, 3509468.32857",252929.75358242
"1267","21","27","773","0","1","0","4801468.96594, 3299468.32857","4881468.96594, 3509468.32857",264745.939366463
"1268","21","28","774","0","1","0","4801468.96594, 3289468.32857","4881468.96594, 3509468.32857",283439.314258747
"1269","21","29","775","1","1","0","4801468.96594, 3279468.32857","4881468.96594, 3509468.32857",290962.68147818
"1270","21","30","776","1","1","0","4801468.96594, 3269468.32857","4881468.96594, 3509468.32857",298249.2493399
"1271","21","31","777","1","1","0","4801468.96594, 3259468.32857","4881468.96594, 3509468.32857",300021.862324533
"1272","21","32","778","0","0","0","4801468.96594, 3249468.32857","4881468.96594, 3509468.32857",311148.529767622
"1273","21","33","779","0","0","0","4801468.96594, 3239468.32857","4881468.96594, 3509468.32857",320834.902696033
"1274","21","34","780","0","0","0","4801468.96594, 3229468.32857","4881468.96594, 3509468.32857",339045.440204754
"1275","21","35","781","1","1","0","4801468.96594, 3219468.32857","4881468.96594, 3509468.32857",348321.685020439
"1276","21","36","782","0","1","0","4801468.96594, 3209468.32857","4881468.96594, 3509468.32857",358966.058094187
"1277","21","37","783","1","0","0","4801468.96594, 3199468.32857","4881468.96594, 3509468.32857",368333.996914048
"1278","21","38","784","1","1","0","4801468.96594, 3189468.32857","4881468.96594, 3509468.32857",374926.993628383
"1279","21","39","785","1","1","0","4801468.96594, 3179468.32857","4881468.96594, 3509468.32857",403936.926670433
"1280","21","40","786","1","1","0","4801468.96594, 3169468.32857","4881468.96594, 3509468.32857",409265.081280476
"1281","21","41","787","1","1","0","4801468.96594, 3159468.32857","4881468.96594, 3509468.32857",420922.557564804
"1282","21","42","788","0","1","0","4801468.96594, 3149468.32857","4881468.96594, 3509468.32857",435049.956898812
"1283","21","43","789","1","1","0","4801468.96594, 3139468.32857","4881468.96594, 3509468.32857",447296.14717686
"1284","21","44","790","1","1","0","4801468.96594, 3129468.32857","4881468.96594, 3509468.32857",451897.357421464
"1285","21","45","791","1","1","0","4801468.96594, 3119468.32857","4881468.96594, 3509468.32857",461351.610798259
"1286","21","46","792","1","1","0","4801468.96594, 3109468.32857","4881468.96594, 3509468.32857",470522.070893757
"1287","21","47","793","1","0","0","4801468.96594, 3099468.32857","4881468.96594, 3509468.32857",482440.599439405
"1288","21","48","794","1","1","0","4801468.96594, 3089468.32857","4881468.96594, 3509468.32857",490645.098646326
"1289","21","49","795","1","1","0","4801468.96594, 3079468.32857","4881468.96594, 3509468.32857",500919.02829642
"1290","21","50","796","1","1","0","4801468.96594, 3069468.32857","4881468.96594, 3509468.32857",515851.659226597
"1291","21","51","797","1","1","0","4801468.96594, 3059468.32857","4881468.96594, 3509468.32857",532088.263000823
"1292","21","52","798","0","0","0","4801468.96594, 3049468.32857","4881468.96594, 3509468.32857",545754.425011002
"1293","21","53","799","1","0","0","4801084.26948, 3039693.61784","4881468.96594, 3509468.32857",555172.322077431
"1294","21","54","800","1","0","0","4799770.21941, 3030007.85711","4881468.96594, 3509468.32857",563016.615061441
"1295","21","55","801","0","0","0","4800221.9291, 3023824.19166","4881468.96594, 3509468.32857",571342.280336297
"1304","22","2","802","0","0","0","4813856.7947, 3545655.62761","4881468.96594, 3509468.32857",102707.742049935
"1305","22","3","803","0","1","0","4811514.97117, 3539418.09385","4881468.96594, 3509468.32857",98436.2377690624
"1306","22","4","804","0","1","0","4811468.96594, 3529468.32857","4881468.96594, 3509468.32857",95369.1209921185
"1307","22","5","805","1","1","0","4811468.96594, 3519468.32857","4881468.96594, 3509468.32857",83867.4444292539
"1308","22","6","806","1","1","0","4811468.96594, 3509468.32857","4881468.96594, 3509468.32857",88047.9204584855
"1309","22","7","807","0","0","0","4811468.96594, 3499468.32857","4881468.96594, 3509468.32857",78323.9059817776
"1310","22","8","808","0","0","0","4811468.96594, 3489468.32857","4881468.96594, 3509468.32857",91843.3435775722
"1311","22","9","809","1","0","0","4811468.96594, 3479468.32857","4881468.96594, 3509468.32857",86388.9796415407
"1312","22","10","810","1","0","0","4811468.96594, 3469468.32857","4881468.96594, 3509468.32857",96897.2429945043
"1313","22","11","811","0","0","0","4811468.96594, 3459468.32857","4881468.96594, 3509468.32857",108230.921186711
"1314","22","12","812","0","0","0","4811468.96594, 3449468.32857","4881468.96594, 3509468.32857",121606.109225353
"1315","22","13","813","0","0","0","4811468.96594, 3439468.32857","4881468.96594, 3509468.32857",123819.154284038
"1316","22","14","814","0","0","0","4811468.96594, 3429468.32857","4881468.96594, 3509468.32857",133288.116777796
"1317","22","15","815","1","1","0","4811468.96594, 3419468.32857","4881468.96594, 3509468.32857",140467.527395985
"1318","22","16","816","1","1","0","4811468.96594, 3409468.32857","4881468.96594, 3509468.32857",135682.986493673
"1319","22","17","817","0","0","0","4811468.96594, 3399468.32857","4881468.96594, 3509468.32857",145240.286895281
"1320","22","18","818","0","1","0","4811468.96594, 3389468.32857","4881468.96594, 3509468.32857",162258.740608332
"1321","22","19","819","0","1","0","4811468.96594, 3379468.32857","4881468.96594, 3509468.32857",167535.738436299
"1322","22","20","820","0","0","0","4811468.96594, 3369468.32857","4881468.96594, 3509468.32857",199706.531434788
"1323","22","21","821","1","1","0","4811468.96594, 3359468.32857","4881468.96594, 3509468.32857",196710.722405495
"1324","22","22","822","0","0","0","4811468.96594, 3349468.32857","4881468.96594, 3509468.32857",207677.647919868
"1325","22","23","823","0","1","0","4811468.96594, 3339468.32857","4881468.96594, 3509468.32857",217441.567343198
"1326","22","24","824","0","1","0","4811468.96594, 3329468.32857","4881468.96594, 3509468.32857",227473.044597679
"1327","22","25","825","0","1","0","4811468.96594, 3319468.32857","4881468.96594, 3509468.32857",242613.525794354
"1328","22","26","826","0","0","0","4811468.96594, 3309468.32857","4881468.96594, 3509468.32857",251059.16280051
"1329","22","27","827","0","1","0","4811468.96594, 3299468.32857","4881468.96594, 3509468.32857",266237.636785095
"1330","22","28","828","0","1","0","4811468.96594, 3289468.32857","4881468.96594, 3509468.32857",275371.186674248
"1331","22","29","829","1","1","0","4811468.96594, 3279468.32857","4881468.96594, 3509468.32857",281291.682433092
"1332","22","30","830","1","0","0","4811468.96594, 3269468.32857","4881468.96594, 3509468.32857",295341.38636543
"1333","22","31","831","1","1","0","4811468.96594, 3259468.32857","4881468.96594, 3509468.32857",305694.733502551
"1334","22","32","832","0","0","0","4811468.96594, 3249468.32857","4881468.96594, 3509468.32857",315710.538050584
"1335","22","33","833","0","0","0","4811468.96594, 3239468.32857","4881468.96594, 3509468.32857",329235.135250384
"1336","22","34","834","1","1","0","4811468.96594, 3229468.32857","4881468.96594, 3509468.32857",337986.284240651
"1337","22","35","835","1","1","0","4811468.96594, 3219468.32857","4881468.96594, 3509468.32857",352825.223238777
"1338","22","36","836","0","1","0","4811468.96594, 3209468.32857","4881468.96594, 3509468.32857",363762.428361358
"1339","22","37","837","1","1","0","4811468.96594, 3199468.32857","4881468.96594, 3509468.32857",372306.67217182
"1340","22","38","838","0","0","0","4811468.96594, 3189468.32857","4881468.96594, 3509468.32857",385792.757475373
"1341","22","39","839","0","0","0","4811468.96594, 3179468.32857","4881468.96594, 3509468.32857",400572.882717264
"1342","22","40","840","0","0","0","4811468.96594, 3169468.32857","4881468.96594, 3509468.32857",408177.376802913
"1343","22","41","841","1","0","0","4811468.96594, 3159468.32857","4881468.96594, 3509468.32857",414205.362254006
"1344","22","42","842","1","1","0","4811468.96594, 3149468.32857","4881468.96594, 3509468.32857",424937.404595053
"1345","22","43","843","1","1","0","4811468.96594, 3139468.32857","4881468.96594, 3509468.32857",437064.668596339
"1346","22","44","844","1","1","0","4811468.96594, 3129468.32857","4881468.96594, 3509468.32857",449615.866594813
"1347","22","45","845","1","1","0","4811468.96594, 3119468.32857","4881468.96594, 3509468.32857",460016.083567159
"1348","22","46","846","0","1","0","4811468.96594, 3109468.32857","4881468.96594, 3509468.32857",477427.299077059
"1349","22","47","847","1","1","0","4811468.96594, 3099468.32857","4881468.96594, 3509468.32857",490790.647832827
"1350","22","48","848","0","1","0","4811468.96594, 3089468.32857","4881468.96594, 3509468.32857",502882.550980525
"1351","22","49","849","0","1","0","4811468.96594, 3079468.32857","4881468.96594, 3509468.32857",514582.896888733
"1352","22","50","850","0","1","0","4811452.11636, 3069499.63752","4881468.96594, 3509468.32857",522346.693464684
"1353","22","51","851","1","0","0","4816299.85797, 3064441.08909","4881468.96594, 3509468.32857",519113.843997019
"1353","22","51","852","1","0","0","4809107.40374, 3059944.69483","4881468.96594, 3509468.32857",529062.405557778
"1354","22","52","853","0","0","0","4807732.48764, 3050580.39718","4881468.96594, 3509468.32857",537889.377168532
"1355","22","53","854","0","0","0","4806713.04274, 3043637.14776","4881468.96594, 3509468.32857",546816.029162544
"1366","23","2","855","0","0","0","4822118.15571, 3547533.12819","4881468.96594, 3509468.32857",86542.109451116
"1367","23","3","856","0","0","0","4821468.96594, 3539468.32857","4881468.96594, 3509468.32857",89088.0292387855
"1368","23","4","857","0","1","0","4821468.96594, 3529468.32857","4881468.96594, 3509468.32857",84142.748679719
"1369","23","5","858","1","1","0","4821468.96594, 3519468.32857","4881468.96594, 3509468.32857",74242.6758048505
"1370","23","6","859","0","0","0","4821468.96594, 3509468.32857","4881468.96594, 3509468.32857",74065.048047648
"1371","23","7","860","0","0","0","4821468.96594, 3499468.32857","4881468.96594, 3509468.32857",69544.169688653
"1372","23","8","861","0","0","0","4821468.96594, 3489468.32857","4881468.96594, 3509468.32857",69743.7575373597
"1373","23","9","862","1","0","0","4821468.96594, 3479468.32857","4881468.96594, 3509468.32857",73957.8852503998
"1374","23","10","863","0","0","0","4821468.96594, 3469468.32857","4881468.96594, 3509468.32857",83323.4742083066
"1375","23","11","864","0","0","0","4821468.96594, 3459468.32857","4881468.96594, 3509468.32857",88491.0522272163
"1376","23","12","865","0","0","0","4821468.96594, 3449468.32857","4881468.96594, 3509468.32857",108736.711274443
"1377","23","13","866","0","1","0","4821468.96594, 3439468.32857","4881468.96594, 3509468.32857",110749.397387847
"1378","23","14","867","1","1","0","4821468.96594, 3429468.32857","4881468.96594, 3509468.32857",122110.796249816
"1379","23","15","868","1","1","0","4821468.96594, 3419468.32857","4881468.96594, 3509468.32857",128378.045489295
"1380","23","16","869","1","1","0","4821468.96594, 3409468.32857","4881468.96594, 3509468.32857",136823.866585934
"1381","23","17","870","1","1","0","4821468.96594, 3399468.32857","4881468.96594, 3509468.32857",141676.401814518
"1382","23","18","871","0","1","0","4821468.96594, 3389468.32857","4881468.96594, 3509468.32857",150942.65773579
"1383","23","19","872","0","1","0","4821468.96594, 3379468.32857","4881468.96594, 3509468.32857",163719.607976122
"1384","23","20","873","1","1","0","4821468.96594, 3369468.32857","4881468.96594, 3509468.32857",179592.612542759
"1385","23","21","874","1","1","0","4821468.96594, 3359468.32857","4881468.96594, 3509468.32857",190276.849162887
"1386","23","22","875","0","1","0","4821468.96594, 3349468.32857","4881468.96594, 3509468.32857",205818.693977587
"1387","23","23","876","0","1","0","4821468.96594, 3339468.32857","4881468.96594, 3509468.32857",215532.801891226
"1388","23","24","877","0","1","0","4821468.96594, 3329468.32857","4881468.96594, 3509468.32857",228401.960022022
"1389","23","25","878","0","1","0","4821468.96594, 3319468.32857","4881468.96594, 3509468.32857",235281.312769746
"1390","23","26","879","0","1","0","4821468.96594, 3309468.32857","4881468.96594, 3509468.32857",247625.384622692
"1391","23","27","880","0","1","0","4821468.96594, 3299468.32857","4881468.96594, 3509468.32857",262077.421487417
"1392","23","28","881","1","1","0","4821468.96594, 3289468.32857","4881468.96594, 3509468.32857",264119.138155679
"1393","23","29","882","1","1","0","4821468.96594, 3279468.32857","4881468.96594, 3509468.32857",284698.082850121
"1394","23","30","883","1","0","0","4821468.96594, 3269468.32857","4881468.96594, 3509468.32857",294674.882266028
"1395","23","31","884","1","1","0","4821468.96594, 3259468.32857","4881468.96594, 3509468.32857",298732.410194841
"1396","23","32","885","1","1","0","4821468.96594, 3249468.32857","4881468.96594, 3509468.32857",309536.044240564
"1397","23","33","886","0","1","0","4821468.96594, 3239468.32857","4881468.96594, 3509468.32857",322751.853661907
"1398","23","34","887","1","1","0","4821468.96594, 3229468.32857","4881468.96594, 3509468.32857",346304.942128018
"1399","23","35","888","0","0","0","4821468.96594, 3219468.32857","4881468.96594, 3509468.32857",353133.390208695
"1400","23","36","889","1","0","0","4821468.96594, 3209468.32857","4881468.96594, 3509468.32857",368419.970116987
"1401","23","37","890","1","1","0","4821468.96594, 3199468.32857","4881468.96594, 3509468.32857",375707.836762106
"1402","23","38","891","1","1","0","4821468.96594, 3189468.32857","4881468.96594, 3509468.32857",378089.731440846
"1403","23","39","892","1","1","0","4821468.96594, 3179468.32857","4881468.96594, 3509468.32857",389814.796340868
"1404","23","40","893","1","0","0","4821468.96594, 3169468.32857","4881468.96594, 3509468.32857",401511.188316131
"1405","23","41","894","1","0","0","4821468.96594, 3159468.32857","4881468.96594, 3509468.32857",422070.479826229
"1406","23","42","895","1","0","0","4821468.96594, 3149468.32857","4881468.96594, 3509468.32857",432676.443807089
"1407","23","43","896","1","1","0","4821468.96594, 3139468.32857","4881468.96594, 3509468.32857",443302.19426933
"1408","23","44","897","1","1","0","4821468.96594, 3129468.32857","4881468.96594, 3509468.32857",455974.818718792
"1409","23","45","898","1","1","0","4821468.96594, 3119468.32857","4881468.96594, 3509468.32857",469420.512652977
"1410","23","46","899","1","0","0","4821468.96594, 3109468.32857","4881468.96594, 3509468.32857",471753.971561141
"1411","23","47","900","1","1","0","4821468.96594, 3099468.32857","4881468.96594, 3509468.32857",481613.669103491
"1412","23","48","901","0","1","0","4821468.96594, 3089468.32857","4881468.96594, 3509468.32857",497004.236689934
"1413","23","49","902","0","1","0","4821468.96594, 3079468.32857","4881468.96594, 3509468.32857",509861.955950634
"1414","23","50","903","0","1","0","4821468.96594, 3069468.32857","4881468.96594, 3509468.32857",525166.582789521
"1415","23","51","904","0","0","0","4822982.10253, 3063902.90967","4881468.96594, 3509468.32857",528415.72463452
"1427","24","1","905","0","0","0","4834523.77959, 3555352.46582","4881468.96594, 3509468.32857",69643.7244605045
"1428","24","2","906","0","0","0","4831617.16156, 3549289.06483","4881468.96594, 3509468.32857",73891.4794744658
"1429","24","3","907","0","0","0","4831468.96594, 3539468.32857","4881468.96594, 3509468.32857",79327.5515616223
"1430","24","4","908","1","1","0","4831468.96594, 3529468.32857","4881468.96594, 3509468.32857",63822.216582984
"1431","24","5","909","1","1","0","4831468.96594, 3519468.32857","4881468.96594, 3509468.32857",63822.216582984
"1432","24","6","910","0","0","0","4831468.96594, 3509468.32857","4881468.96594, 3509468.32857",69851.5115326826
"1433","24","7","911","0","0","0","4831468.96594, 3499468.32857","4881468.96594, 3509468.32857",57521.1166690534
"1434","24","8","912","0","0","0","4831468.96594, 3489468.32857","4881468.96594, 3509468.32857",64282.4256475617
"1435","24","9","913","1","0","0","4831468.96594, 3479468.32857","4881468.96594, 3509468.32857",75449.5696632589
"1436","24","10","914","1","1","0","4831468.96594, 3469468.32857","4881468.96594, 3509468.32857",80786.7782707542
"1437","24","11","915","0","1","0","4831468.96594, 3459468.32857","4881468.96594, 3509468.32857",88491.0522272163
"1438","24","12","916","0","1","0","4831468.96594, 3449468.32857","4881468.96594, 3509468.32857",99896.0966541022
"1439","24","13","917","0","1","0","4831468.96594, 3439468.32857","4881468.96594, 3509468.32857",102538.318872956
"1440","24","14","918","1","1","0","4831468.96594, 3429468.32857","4881468.96594, 3509468.32857",109125.507888889
"1441","24","15","919","0","1","0","4831468.96594, 3419468.32857","4881468.96594, 3509468.32857",125880.469904931
"1442","24","16","920","0","1","0","4831468.96594, 3409468.32857","4881468.96594, 3509468.32857",128887.374334578
"1443","24","17","921","1","1","0","4831468.96594, 3399468.32857","4881468.96594, 3509468.32857",146369.483020099
"1444","24","18","922","0","0","0","4831468.96594, 3389468.32857","4881468.96594, 3509468.32857",141746.124987194
"1445","24","19","923","0","0","0","4831468.96594, 3379468.32857","4881468.96594, 3509468.32857",172313.016471263
"1446","24","20","924","1","1","0","4831468.96594, 3369468.32857","4881468.96594, 3509468.32857",189043.456599851
"1447","24","21","925","1","1","0","4831468.96594, 3359468.32857","4881468.96594, 3509468.32857",190572.202986507
"1448","24","22","926","0","1","0","4831468.96594, 3349468.32857","4881468.96594, 3509468.32857",203918.954244122
"1449","24","23","927","0","0","0","4831468.96594, 3339468.32857","4881468.96594, 3509468.32857",203659.189161567
"1450","24","24","928","0","0","0","4831468.96594, 3329468.32857","4881468.96594, 3509468.32857",219492.360838489
"1451","24","25","929","0","1","0","4831468.96594, 3319468.32857","4881468.96594, 3509468.32857",223041.443946119
"1452","24","26","930","1","1","0","4831468.96594, 3309468.32857","4881468.96594, 3509468.32857",234901.192618597
"1453","24","27","931","1","1","0","4831468.96594, 3299468.32857","4881468.96594, 3509468.32857",249476.805737515
"1454","24","28","932","1","1","0","4831468.96594, 3289468.32857","4881468.96594, 3509468.32857",265828.584216363
"1455","24","29","933","1","1","0","4831468.96594, 3279468.32857","4881468.96594, 3509468.32857",269784.062088484
"1456","24","30","934","1","1","0","4831468.96594, 3269468.32857","4881468.96594, 3509468.32857",285869.058538338
"1457","24","31","935","1","1","0","4831468.96594, 3259468.32857","4881468.96594, 3509468.32857",295094.754508713
"1458","24","32","936","1","1","0","4831468.96594, 3249468.32857","4881468.96594, 3509468.32857",306245.408243672
"1459","24","33","937","1","1","0","4831468.96594, 3239468.32857","4881468.96594, 3509468.32857",319841.467905754
"1460","24","34","938","1","1","0","4831468.96594, 3229468.32857","4881468.96594, 3509468.32857",334018.795174105
"1461","24","35","939","1","1","0","4831468.96594, 3219468.32857","4881468.96594, 3509468.32857",349633.793724472
"1462","24","36","940","1","1","0","4831468.96594, 3209468.32857","4881468.96594, 3509468.32857",354281.710889733
"1463","24","37","941","1","1","0","4831468.96594, 3199468.32857","4881468.96594, 3509468.32857",364254.915710719
"1464","24","38","942","1","1","0","4831468.96594, 3189468.32857","4881468.96594, 3509468.32857",371261.257649998
"1465","24","39","943","0","1","0","4831468.96594, 3179468.32857","4881468.96594, 3509468.32857",392742.450574044
"1466","24","40","944","0","1","0","4831468.96594, 3169468.32857","4881468.96594, 3509468.32857",405588.324749583
"1467","24","41","945","0","1","0","4831468.96594, 3159468.32857","4881468.96594, 3509468.32857",417881.202708705
"1468","24","42","946","1","1","0","4831468.96594, 3149468.32857","4881468.96594, 3509468.32857",421891.361460582
"1469","24","43","947","0","1","0","4831468.96594, 3139468.32857","4881468.96594, 3509468.32857",432291.89926076
"1470","24","44","948","0","1","0","4831468.96594, 3129468.32857","4881468.96594, 3509468.32857",458410.80198651
"1471","24","45","949","1","1","0","4831468.96594, 3119468.32857","4881468.96594, 3509468.32857",457457.522328189
"1472","24","46","950","1","0","0","4831468.96594, 3109468.32857","4881468.96594, 3509468.32857",475108.914940065
"1473","24","47","951","1","0","0","4831468.96594, 3099468.32857","4881468.96594, 3509468.32857",481157.027277501
"1474","24","48","952","0","0","0","4831468.96594, 3089468.32857","4881468.96594, 3509468.32857",502122.476551529
"1475","24","49","953","0","0","0","4831468.96594, 3079468.32857","4881468.96594, 3509468.32857",504930.092262986
"1476","24","50","954","1","1","0","4831468.96594, 3069468.32857","4881468.96594, 3509468.32857",521488.685695333
"1477","24","51","955","1","0","0","4832006.34644, 3063176.10862","4881468.96594, 3509468.32857",521488.685695333
"1489","25","1","956","0","0","0","4842238.03871, 3557105.63045","4881468.96594, 3509468.32857",65437.2861571765
"1490","25","2","957","0","0","0","4841468.96594, 3549468.32857","4881468.96594, 3509468.32857",64431.0280525654
"1491","25","3","958","0","0","0","4841468.96594, 3539468.32857","4881468.96594, 3509468.32857",81559.1194130814
"1492","25","4","959","1","1","0","4841468.96594, 3529468.32857","4881468.96594, 3509468.32857",52147.3490250526
"1493","25","5","960","0","1","0","4841468.96594, 3519468.32857","4881468.96594, 3509468.32857",63312.6871478378
"1494","25","6","961","0","0","0","4841468.96594, 3509468.32857","4881468.96594, 3509468.32857",60898.9820737577
"1495","25","7","962","0","0","0","4841468.96594, 3499468.32857","4881468.96594, 3509468.32857",46989.263153846
"1496","25","8","963","0","1","0","4841468.96594, 3489468.32857","4881468.96594, 3509468.32857",54295.4323805406
"1497","25","9","964","1","1","0","4841468.96594, 3479468.32857","4881468.96594, 3509468.32857",61479.1995121721
"1498","25","10","965","1","1","0","4841468.96594, 3469468.32857","4881468.96594, 3509468.32857",64357.4817815552
"1499","25","11","966","0","1","0","4841468.96594, 3459468.32857","4881468.96594, 3509468.32857",79007.3153602585
"1500","25","12","967","0","1","0","4841468.96594, 3449468.32857","4881468.96594, 3509468.32857",95005.8862725563
"1501","25","13","968","1","1","0","4841468.96594, 3439468.32857","4881468.96594, 3509468.32857",95162.3028513951
"1502","25","14","969","1","0","0","4841468.96594, 3429468.32857","4881468.96594, 3509468.32857",99317.505546353
"1503","25","15","970","0","1","0","4841468.96594, 3419468.32857","4881468.96594, 3509468.32857",111148.428051819
"1504","25","16","971","0","1","0","4841468.96594, 3409468.32857","4881468.96594, 3509468.32857",120270.360735211
"1505","25","17","972","1","1","0","4841468.96594, 3399468.32857","4881468.96594, 3509468.32857",133303.802076996
"1506","25","18","973","1","1","0","4841468.96594, 3389468.32857","4881468.96594, 3509468.32857",140553.475139451
"1507","25","19","974","0","0","0","4841468.96594, 3379468.32857","4881468.96594, 3509468.32857",159093.601408671
"1508","25","20","975","1","1","0","4841468.96594, 3369468.32857","4881468.96594, 3509468.32857",176240.862352665
"1509","25","21","976","1","1","0","4841468.96594, 3359468.32857","4881468.96594, 3509468.32857",185630.944930158
"1510","25","22","977","1","1","0","4841468.96594, 3349468.32857","4881468.96594, 3509468.32857",193758.279819132
"1511","25","23","978","1","0","0","4841468.96594, 3339468.32857","4881468.96594, 3509468.32857",206931.612705757
"1512","25","24","979","1","1","0","4841468.96594, 3329468.32857","4881468.96594, 3509468.32857",210464.068327458
"1513","25","25","980","1","0","0","4841468.96594, 3319468.32857","4881468.96594, 3509468.32857",221774.862331687
"1514","25","26","981","1","0","0","4841468.96594, 3309468.32857","4881468.96594, 3509468.32857",232498.478112188
"1515","25","27","982","1","1","0","4841468.96594, 3299468.32857","4881468.96594, 3509468.32857",253809.040119801
"1516","25","28","983","0","0","0","4841468.96594, 3289468.32857","4881468.96594, 3509468.32857",264301.424512186
"1517","25","29","984","0","1","0","4841468.96594, 3279468.32857","4881468.96594, 3509468.32857",272587.018493686
"1518","25","30","985","1","1","0","4841468.96594, 3269468.32857","4881468.96594, 3509468.32857",287042.549533716
"1519","25","31","986","0","0","0","4841468.96594, 3259468.32857","4881468.96594, 3509468.32857",295729.58193093
"1520","25","32","987","0","0","0","4841468.96594, 3249468.32857","4881468.96594, 3509468.32857",307158.933883339
"1521","25","33","988","1","0","0","4841468.96594, 3239468.32857","4881468.96594, 3509468.32857",319384.884291428
"1522","25","34","989","1","1","0","4841468.96594, 3229468.32857","4881468.96594, 3509468.32857",334520.78813293
"1523","25","35","990","0","1","0","4841468.96594, 3219468.32857","4881468.96594, 3509468.32857",348209.242587125
"1524","25","36","991","0","1","0","4841468.96594, 3209468.32857","4881468.96594, 3509468.32857",353025.038761106
"1525","25","37","992","1","1","0","4841468.96594, 3199468.32857","4881468.96594, 3509468.32857",369999.168047567
"1526","25","38","993","0","0","0","4841468.96594, 3189468.32857","4881468.96594, 3509468.32857",376840.029925677
"1527","25","39","994","0","0","0","4841468.96594, 3179468.32857","4881468.96594, 3509468.32857",387587.655903149
"1528","25","40","995","0","1","0","4841468.96594, 3169468.32857","4881468.96594, 3509468.32857",406309.953689202
"1529","25","41","996","1","0","0","4841468.96594, 3159468.32857","4881468.96594, 3509468.32857",403603.799023779
"1530","25","42","997","1","1","0","4841468.96594, 3149468.32857","4881468.96594, 3509468.32857",413681.500315687
"1531","25","43","998","0","1","0","4841468.96594, 3139468.32857","4881468.96594, 3509468.32857",428172.848025922
"1532","25","44","999","0","1","0","4841468.96594, 3129468.32857","4881468.96594, 3509468.32857",449009.388497908
"1533","25","45","1000","0","1","0","4841468.96594, 3119468.32857","4881468.96594, 3509468.32857",448355.607239397
"1534","25","46","1001","1","1","0","4841468.96594, 3109468.32857","4881468.96594, 3509468.32857",466114.69054069
"1535","25","47","1002","1","1","0","4841468.96594, 3099468.32857","4881468.96594, 3509468.32857",479936.110742992
"1536","25","48","1003","0","1","0","4841468.96594, 3089468.32857","4881468.96594, 3509468.32857",489980.475258669
"1537","25","49","1004","1","1","0","4841468.96594, 3079468.32857","4881468.96594, 3509468.32857",500199.726929103
"1538","25","50","1005","1","1","0","4841468.96594, 3069468.32857","4881468.96594, 3509468.32857",510930.111814457
"1539","25","51","1006","1","1","0","4841795.6695, 3062387.68907","4881468.96594, 3509468.32857",524538.389252943
"1551","26","1","1007","0","0","0","4851269.63257, 3558605.29692","4881468.96594, 3509468.32857",66117.5359386298
"1552","26","2","1008","0","0","0","4851468.96594, 3549468.32857","4881468.96594, 3509468.32857",54840.5653683273
"1553","26","3","1009","0","0","0","4851468.96594, 3539468.32857","4881468.96594, 3509468.32857",49313.391510874
"1554","26","4","1010","1","1","0","4851468.96594, 3529468.32857","4881468.96594, 3509468.32857",40419.7941143287
"1555","26","5","1011","0","0","0","4851468.96594, 3519468.32857","4881468.96594, 3509468.32857",43971.1006965804
"1556","26","6","1012","0","0","0","4851468.96594, 3509468.32857","4881468.96594, 3509468.32857",50790.9282353945
"1557","26","7","1013","0","1","0","4851468.96594, 3499468.32857","4881468.96594, 3509468.32857",36515.295750205
"1558","26","8","1014","1","1","0","4851468.96594, 3489468.32857","4881468.96594, 3509468.32857",43267.5244524751
"1559","26","9","1015","1","0","0","4851468.96594, 3479468.32857","4881468.96594, 3509468.32857",46850.6832624409
"1560","26","10","1016","0","0","0","4851468.96594, 3469468.32857","4881468.96594, 3509468.32857",71621.2777948737
"1561","26","11","1017","0","1","0","4851468.96594, 3459468.32857","4881468.96594, 3509468.32857",83234.7814300228
"1562","26","12","1018","1","1","0","4851468.96594, 3449468.32857","4881468.96594, 3509468.32857",80217.928330819
"1563","26","13","1019","1","1","0","4851468.96594, 3439468.32857","4881468.96594, 3509468.32857",87321.6966110578
"1564","26","14","1020","0","1","0","4851468.96594, 3429468.32857","4881468.96594, 3509468.32857",105573.863749651
"1565","26","15","1021","0","1","0","4851468.96594, 3419468.32857","4881468.96594, 3509468.32857",126113.375822692
"1566","26","16","1022","0","1","0","4851468.96594, 3409468.32857","4881468.96594, 3509468.32857",128810.466821102
"1567","26","17","1023","0","0","0","4851468.96594, 3399468.32857","4881468.96594, 3509468.32857",136468.845968428
"1568","26","18","1024","1","1","0","4851468.96594, 3389468.32857","4881468.96594, 3509468.32857",151713.694539741
"1569","26","19","1025","1","1","0","4851468.96594, 3379468.32857","4881468.96594, 3509468.32857",155903.564937498
"1570","26","20","1026","1","1","0","4851468.96594, 3369468.32857","4881468.96594, 3509468.32857",165581.938941784
"1571","26","21","1027","1","1","0","4851468.96594, 3359468.32857","4881468.96594, 3509468.32857",181837.626027154
"1572","26","22","1028","0","0","0","4851468.96594, 3349468.32857","4881468.96594, 3509468.32857",188349.6251867
"1573","26","23","1029","0","1","0","4851468.96594, 3339468.32857","4881468.96594, 3509468.32857",197199.525951981
"1574","26","24","1030","0","1","0","4851468.96594, 3329468.32857","4881468.96594, 3509468.32857",209308.466010098
"1575","26","25","1031","0","0","0","4851468.96594, 3319468.32857","4881468.96594, 3509468.32857",218219.325196889
"1576","26","26","1032","1","1","0","4851468.96594, 3309468.32857","4881468.96594, 3509468.32857",237000.658623296
"1577","26","27","1033","1","1","0","4851468.96594, 3299468.32857","4881468.96594, 3509468.32857",243735.056938837
"1578","26","28","1034","0","0","0","4851468.96594, 3289468.32857","4881468.96594, 3509468.32857",273184.386706131
"1579","26","29","1035","0","0","0","4851468.96594, 3279468.32857","4881468.96594, 3509468.32857",281444.537314861
"1580","26","30","1036","1","1","0","4851468.96594, 3269468.32857","4881468.96594, 3509468.32857",285804.771541943
"1581","26","31","1037","0","0","0","4851468.96594, 3259468.32857","4881468.96594, 3509468.32857",290777.386935756
"1582","26","32","1038","0","0","0","4851468.96594, 3249468.32857","4881468.96594, 3509468.32857",304698.251331436
"1583","26","33","1039","0","0","0","4851468.96594, 3239468.32857","4881468.96594, 3509468.32857",316715.599163967
"1584","26","34","1040","1","1","0","4851468.96594, 3229468.32857","4881468.96594, 3509468.32857",344279.793668919
"1585","26","35","1041","0","1","0","4851468.96594, 3219468.32857","4881468.96594, 3509468.32857",347763.507052358
"1586","26","36","1042","0","0","0","4851468.96594, 3209468.32857","4881468.96594, 3509468.32857",367179.398844155
"1587","26","37","1043","1","1","0","4851468.96594, 3199468.32857","4881468.96594, 3509468.32857",366798.232052424
"1588","26","38","1044","0","1","0","4851468.96594, 3189468.32857","4881468.96594, 3509468.32857",369377.162097776
"1589","26","39","1045","1","1","0","4851468.96594, 3179468.32857","4881468.96594, 3509468.32857",390504.448384895
"1590","26","40","1046","1","1","0","4851468.96594, 3169468.32857","4881468.96594, 3509468.32857",392509.894458743
"1591","26","41","1047","1","1","0","4851468.96594, 3159468.32857","4881468.96594, 3509468.32857",406256.479115822
"1592","26","42","1048","0","1","0","4851468.96594, 3149468.32857","4881468.96594, 3509468.32857",414222.74167018
"1593","26","43","1049","0","1","0","4851468.96594, 3139468.32857","4881468.96594, 3509468.32857",428805.422780927
"1594","26","44","1050","1","1","0","4851468.96594, 3129468.32857","4881468.96594, 3509468.32857",435839.45763689
"1595","26","45","1051","1","1","0","4851468.96594, 3119468.32857","4881468.96594, 3509468.32857",452327.266257094
"1596","26","46","1052","1","1","0","4851468.96594, 3109468.32857","4881468.96594, 3509468.32857",463787.593198305
"1597","26","47","1053","1","1","0","4851468.96594, 3099468.32857","4881468.96594, 3509468.32857",481063.216679612
"1598","26","48","1054","1","0","0","4851468.96594, 3089468.32857","4881468.96594, 3509468.32857",501407.247701093
"1599","26","49","1055","1","1","0","4851468.96594, 3079468.32857","4881468.96594, 3509468.32857",503247.540247235
"1600","26","50","1056","0","1","0","4851468.96594, 3069468.32857","4881468.96594, 3509468.32857",516775.693796168
"1601","26","51","1057","1","0","0","4851703.65931, 3061589.71226","4881468.96594, 3509468.32857",528045.729061862
"1613","27","1","1058","0","0","0","4857392.19099, 3555866.24796","4881468.96594, 3509468.32857",60703.2275668118
"1614","27","2","1059","0","1","0","4859804.18334, 3548561.9165","4881468.96594, 3509468.32857",51993.5198805589
"1615","27","3","1060","0","1","0","4861454.70653, 3539454.38848","4881468.96594, 3509468.32857",45182.378294731
"1616","27","4","1061","1","1","0","4861468.96594, 3529468.32857","4881468.96594, 3509468.32857",31819.2449954951
"1617","27","5","1062","0","0","0","4861468.96594, 3519468.32857","4881468.96594, 3509468.32857",22840.9845077635
"1618","27","6","1063","1","1","0","4861468.96594, 3509468.32857","4881468.96594, 3509468.32857",23978.9746997114
"1619","27","7","1064","1","1","0","4861468.96594, 3499468.32857","4881468.96594, 3509468.32857",26448.6728024843
"1620","27","8","1065","1","0","0","4861468.96594, 3489468.32857","4881468.96594, 3509468.32857",32529.1652806531
"1621","27","9","1066","0","0","0","4861468.96594, 3479468.32857","4881468.96594, 3509468.32857",40765.1691287225
"1622","27","10","1067","0","0","0","4861468.96594, 3469468.32857","4881468.96594, 3509468.32857",50833.5339087985
"1623","27","11","1068","1","1","0","4861468.96594, 3459468.32857","4881468.96594, 3509468.32857",71691.359957844
"1624","27","12","1069","1","1","0","4861468.96594, 3449468.32857","4881468.96594, 3509468.32857",73109.7972770407
"1625","27","13","1070","0","1","0","4861468.96594, 3439468.32857","4881468.96594, 3509468.32857",91645.9463168484
"1626","27","14","1071","0","1","0","4861468.96594, 3429468.32857","4881468.96594, 3509468.32857",98745.9317873565
"1627","27","15","1072","0","1","0","4861468.96594, 3419468.32857","4881468.96594, 3509468.32857",112307.861903058
"1628","27","16","1073","0","1","0","4861468.96594, 3409468.32857","4881468.96594, 3509468.32857",126050.693680453
"1629","27","17","1074","0","1","0","4861468.96594, 3399468.32857","4881468.96594, 3509468.32857",140439.483759665
"1630","27","18","1075","1","1","0","4861468.96594, 3389468.32857","4881468.96594, 3509468.32857",149922.394543476
"1631","27","19","1076","1","1","0","4861468.96594, 3379468.32857","4881468.96594, 3509468.32857",153360.96931079
"1632","27","20","1077","1","1","1","4861468.96594, 3369468.32857","4881468.96594, 3509468.32857",161844.297221593
"1633","27","21","1078","1","1","1","4861468.96594, 3359468.32857","4881468.96594, 3509468.32857",182104.69072841
"1634","27","22","1079","1","1","0","4861468.96594, 3349468.32857","4881468.96594, 3509468.32857",186375.671780308
"1635","27","23","1080","1","1","0","4861468.96594, 3339468.32857","4881468.96594, 3509468.32857",197888.564984479
"1636","27","24","1081","0","1","0","4861468.96594, 3329468.32857","4881468.96594, 3509468.32857",212671.466731842
"1637","27","25","1082","0","1","0","4861468.96594, 3319468.32857","4881468.96594, 3509468.32857",221903.429237762
"1638","27","26","1083","1","1","0","4861468.96594, 3309468.32857","4881468.96594, 3509468.32857",236355.878773485
"1639","27","27","1084","0","0","0","4861468.96594, 3299468.32857","4881468.96594, 3509468.32857",244031.198478746
"1640","27","28","1085","0","0","0","4861468.96594, 3289468.32857","4881468.96594, 3509468.32857",254065.999307668
"1641","27","29","1086","0","0","0","4861468.96594, 3279468.32857","4881468.96594, 3509468.32857",266065.029544412
"1642","27","30","1087","1","1","0","4861468.96594, 3269468.32857","4881468.96594, 3509468.32857",279999.015287735
"1643","27","31","1088","1","0","0","4861468.96594, 3259468.32857","4881468.96594, 3509468.32857",296591.611872134
"1644","27","32","1089","0","0","0","4861468.96594, 3249468.32857","4881468.96594, 3509468.32857",317941.46335915
"1645","27","33","1090","0","0","0","4861468.96594, 3239468.32857","4881468.96594, 3509468.32857",323284.352234428
"1646","27","34","1091","1","0","0","4861468.96594, 3229468.32857","4881468.96594, 3509468.32857",352823.615208714
"1647","27","35","1092","1","1","0","4861468.96594, 3219468.32857","4881468.96594, 3509468.32857",361340.730738561
"1648","27","36","1093","1","1","0","4861468.96594, 3209468.32857","4881468.96594, 3509468.32857",358854.711673375
"1649","27","37","1094","1","1","0","4861468.96594, 3199468.32857","4881468.96594, 3509468.32857",355629.885507083
"1650","27","38","1095","1","1","0","4861468.96594, 3189468.32857","4881468.96594, 3509468.32857",362039.051669103
"1651","27","39","1096","1","1","0","4861468.96594, 3179468.32857","4881468.96594, 3509468.32857",376723.149786345
"1652","27","40","1097","0","0","0","4861468.96594, 3169468.32857","4881468.96594, 3509468.32857",389806.426367845
"1653","27","41","1098","1","1","0","4861468.96594, 3159468.32857","4881468.96594, 3509468.32857",400367.695405492
"1654","27","42","1099","0","0","0","4861468.96594, 3149468.32857","4881468.96594, 3509468.32857",406682.027666448
"1655","27","43","1100","1","1","0","4861468.96594, 3139468.32857","4881468.96594, 3509468.32857",432450.528058111
"1656","27","44","1101","1","0","0","4861468.96594, 3129468.32857","4881468.96594, 3509468.32857",436426.450426676
"1657","27","45","1102","0","1","0","4861468.96594, 3119468.32857","4881468.96594, 3509468.32857",451829.068635523
"1658","27","46","1103","0","1","0","4861468.96594, 3109468.32857","4881468.96594, 3509468.32857",472434.058688292
"1659","27","47","1104","1","1","0","4861468.96594, 3099468.32857","4881468.96594, 3509468.32857",475045.261509966
"1660","27","48","1105","1","1","0","4861468.96594, 3089468.32857","4881468.96594, 3509468.32857",487502.342755183
"1661","27","49","1106","0","1","0","4861468.96594, 3079468.32857","4881468.96594, 3509468.32857",499431.523778933
"1662","27","50","1107","0","0","0","4861468.96594, 3069468.32857","4881468.96594, 3509468.32857",512014.641761288
"1663","27","51","1108","0","0","0","4861652.08665, 3060788.47866","4881468.96594, 3509468.32857",514204.702807703
"1677","28","3","1109","0","0","0","4868461.71071, 3537485.6823","4881468.96594, 3509468.32857",43427.5826465971
"1678","28","4","1110","1","1","0","4870958.31969, 3529053.8681","4881468.96594, 3509468.32857",30710.8903449448
"1679","28","5","1111","1","1","0","4871468.96594, 3519468.32857","4881468.96594, 3509468.32857",17858.1228054411
"1680","28","6","1112","1","1","0","4871468.96594, 3509468.32857","4881468.96594, 3509468.32857",12699.6010942467
"1681","28","7","1113","1","0","0","4871468.96594, 3499468.32857","4881468.96594, 3509468.32857",18014.3339920432
"1682","28","8","1114","0","0","0","4871468.96594, 3489468.32857","4881468.96594, 3509468.32857",25737.9143597901
"1683","28","9","1115","0","0","0","4871468.96594, 3479468.32857","4881468.96594, 3509468.32857",34771.4945837104
"1684","28","10","1116","0","0","0","4871468.96594, 3469468.32857","4881468.96594, 3509468.32857",45259.5568231378
"1685","28","11","1117","1","1","0","4871468.96594, 3459468.32857","4881468.96594, 3509468.32857",61278.6348237129
"1686","28","12","1118","0","0","0","4871468.96594, 3449468.32857","4881468.96594, 3509468.32857",74723.7241154393
"1687","28","13","1119","0","0","0","4871468.96594, 3439468.32857","4881468.96594, 3509468.32857",84255.7782805433
"1688","28","14","1120","0","0","0","4871468.96594, 3429468.32857","4881468.96594, 3509468.32857",93508.5874197276
"1689","28","15","1121","0","1","0","4871468.96594, 3419468.32857","4881468.96594, 3509468.32857",113493.658990742
"1690","28","16","1122","0","1","0","4871468.96594, 3409468.32857","4881468.96594, 3509468.32857",125582.261190676
"1691","28","17","1123","1","1","0","4871468.96594, 3399468.32857","4881468.96594, 3509468.32857",132634.715818613
"1692","28","18","1124","1","1","1","4871468.96594, 3389468.32857","4881468.96594, 3509468.32857",138539.576273429
"1693","28","19","1125","1","1","1","4871468.96594, 3379468.32857","4881468.96594, 3509468.32857",151555.61520821
"1694","28","20","1126","1","1","1","4871468.96594, 3369468.32857","4881468.96594, 3509468.32857",167794.579121392
"1695","28","21","1127","1","1","1","4871468.96594, 3359468.32857","4881468.96594, 3509468.32857",191940.634537604
"1696","28","22","1128","0","0","0","4871468.96594, 3349468.32857","4881468.96594, 3509468.32857",198966.23458921
"1697","28","23","1129","1","1","0","4871468.96594, 3339468.32857","4881468.96594, 3509468.32857",201197.258606476
"1698","28","24","1130","1","1","0","4871468.96594, 3329468.32857","4881468.96594, 3509468.32857",213638.191788905
"1699","28","25","1131","1","1","0","4871468.96594, 3319468.32857","4881468.96594, 3509468.32857",226035.769484685
"1700","28","26","1132","1","0","0","4871468.96594, 3309468.32857","4881468.96594, 3509468.32857",226988.180483839
"1701","28","27","1133","0","0","0","4871468.96594, 3299468.32857","4881468.96594, 3509468.32857",246721.406368445
"1702","28","28","1134","0","0","0","4871468.96594, 3289468.32857","4881468.96594, 3509468.32857",250543.847064445
"1703","28","29","1135","0","0","0","4871468.96594, 3279468.32857","4881468.96594, 3509468.32857",264819.953413883
"1704","28","30","1136","1","1","0","4871468.96594, 3269468.32857","4881468.96594, 3509468.32857",289760.266810346
"1705","28","31","1137","1","0","0","4871468.96594, 3259468.32857","4881468.96594, 3509468.32857",297089.241127814
"1706","28","32","1138","0","0","0","4871468.96594, 3249468.32857","4881468.96594, 3509468.32857",306666.602661291
"1707","28","33","1139","0","0","0","4871468.96594, 3239468.32857","4881468.96594, 3509468.32857",304874.274005262
"1708","28","34","1140","0","0","0","4871468.96594, 3229468.32857","4881468.96594, 3509468.32857",337782.060055804
"1709","28","35","1141","1","0","0","4871468.96594, 3219468.32857","4881468.96594, 3509468.32857",339579.734567078
"1710","28","36","1142","1","1","0","4871468.96594, 3209468.32857","4881468.96594, 3509468.32857",339916.770082154
"1711","28","37","1143","1","0","0","4871468.96594, 3199468.32857","4881468.96594, 3509468.32857",349731.970009902
"1712","28","38","1144","0","0","0","4871468.96594, 3189468.32857","4881468.96594, 3509468.32857",361095.88978392
"1713","28","39","1145","1","1","0","4871468.96594, 3179468.32857","4881468.96594, 3509468.32857",376460.403273006
"1714","28","40","1146","1","1","0","4871468.96594, 3169468.32857","4881468.96594, 3509468.32857",385474.251496431
"1715","28","41","1147","1","0","0","4871468.96594, 3159468.32857","4881468.96594, 3509468.32857",401430.95015455
"1716","28","42","1148","1","0","0","4871468.96594, 3149468.32857","4881468.96594, 3509468.32857",414117.312122676
"1717","28","43","1149","1","1","0","4871468.96594, 3139468.32857","4881468.96594, 3509468.32857",420616.152994817
"1718","28","44","1150","1","1","0","4871468.96594, 3129468.32857","4881468.96594, 3509468.32857",436720.855617849
"1719","28","45","1151","0","0","0","4871468.96594, 3119468.32857","4881468.96594, 3509468.32857",450639.079968384
"1720","28","46","1152","0","1","0","4871468.96594, 3109468.32857","4881468.96594, 3509468.32857",461397.952178905
"1721","28","47","1153","1","1","0","4871468.96594, 3099468.32857","4881468.96594, 3509468.32857",477138.28080154
"1722","28","48","1154","1","1","0","4871468.96594, 3089468.32857","4881468.96594, 3509468.32857",480757.70259655
"1723","28","49","1155","1","1","0","4871468.96594, 3079468.32857","4881468.96594, 3509468.32857",491152.83047643
"1724","28","50","1156","0","0","0","4871468.96594, 3069468.32857","4881468.96594, 3509468.32857",500074.565977438
"1725","28","51","1157","1","0","0","4871574.68536, 3059570.00625","4881468.96594, 3509468.32857",517990.77801657
"1726","28","52","1158","1","1","0","4872876.55983, 3049777.8568","4881468.96594, 3509468.32857",524893.338499456
"1727","28","53","1159","1","0","0","4874171.60607, 3039960.76402","4881468.96594, 3509468.32857",539570.764547271
"1728","28","54","1160","0","0","0","4875396.94341, 3030672.09923","4881468.96594, 3509468.32857",545567.024280442
"1729","28","55","1161","0","0","0","4876299.87483, 3023827.4313","4881468.96594, 3509468.32857",558871.662460967
"1740","29","4","1162","0","0","0","4877329.8039, 3525771.78331","4881468.96594, 3509468.32857",32536.0356371039
"1741","29","5","1163","0","0","0","4879861.71389, 3518454.41721","4881468.96594, 3509468.32857",12887.9379426989
"1742","29","6","1164","1","1","1","4881468.96594, 3509468.32857",,
"1743","29","7","1165","1","1","0","4881468.96594, 3499468.32857","4881468.96594, 3509468.32857",11167.0183405801
"1744","29","8","1166","1","1","0","4881468.96594, 3489468.32857","4881468.96594, 3509468.32857",20561.0179457038
"1745","29","9","1167","1","0","0","4881468.96594, 3479468.32857","4881468.96594, 3509468.32857",37038.6044546733
"1746","29","10","1168","1","1","0","4881468.96594, 3469468.32857","4881468.96594, 3509468.32857",41444.6426649189
"1747","29","11","1169","1","1","0","4881468.96594, 3459468.32857","4881468.96594, 3509468.32857",54917.5246549144
"1748","29","12","1170","0","0","0","4881468.96594, 3449468.32857","4881468.96594, 3509468.32857",64357.1831249435
"1749","29","13","1171","0","0","0","4881468.96594, 3439468.32857","4881468.96594, 3509468.32857",74225.4368290617
"1750","29","14","1172","0","0","0","4881468.96594, 3429468.32857","4881468.96594, 3509468.32857",86321.4638603561
"1751","29","15","1173","0","1","0","4881468.96594, 3419468.32857","4881468.96594, 3509468.32857",104622.491293302
"1752","29","16","1174","0","1","0","4881468.96594, 3409468.32857","4881468.96594, 3509468.32857",114372.610035757
"1753","29","17","1175","1","1","1","4881468.96594, 3399468.32857","4881468.96594, 3509468.32857",122222.448749517
"1754","29","18","1176","1","0","1","4881468.96594, 3389468.32857","4881468.96594, 3509468.32857",138237.26395499
"1755","29","19","1177","0","1","0","4881468.96594, 3379468.32857","4881468.96594, 3509468.32857",158032.16944922
"1756","29","20","1178","0","0","0","4881468.96594, 3369468.32857","4881468.96594, 3509468.32857",169676.806805402
"1757","29","21","1179","1","1","1","4881468.96594, 3359468.32857","4881468.96594, 3509468.32857",190679.764978293
"1758","29","22","1180","0","1","0","4881468.96594, 3349468.32857","4881468.96594, 3509468.32857",183742.943240033
"1759","29","23","1181","1","1","0","4881468.96594, 3339468.32857","4881468.96594, 3509468.32857",195199.260526335
"1760","29","24","1182","1","1","0","4881468.96594, 3329468.32857","4881468.96594, 3509468.32857",210709.897389741
"1761","29","25","1183","1","1","0","4881468.96594, 3319468.32857","4881468.96594, 3509468.32857",218022.000460765
"1762","29","26","1184","1","0","0","4881468.96594, 3309468.32857","4881468.96594, 3509468.32857",231802.715881616
"1763","29","27","1185","1","0","0","4881468.96594, 3299468.32857","4881468.96594, 3509468.32857",239182.796856729
"1764","29","28","1186","1","0","0","4881468.96594, 3289468.32857","4881468.96594, 3509468.32857",255619.109380995
"1765","29","29","1187","1","0","0","4881468.96594, 3279468.32857","4881468.96594, 3509468.32857",264227.754347556
"1766","29","30","1188","1","1","0","4881468.96594, 3269468.32857","4881468.96594, 3509468.32857",272854.263708246
"1767","29","31","1189","1","0","0","4881468.96594, 3259468.32857","4881468.96594, 3509468.32857",283964.967017046
"1768","29","32","1190","1","0","0","4881468.96594, 3249468.32857","4881468.96594, 3509468.32857",299153.114910291
"1769","29","33","1191","1","0","0","4881468.96594, 3239468.32857","4881468.96594, 3509468.32857",307602.544568076
"1770","29","34","1192","1","0","0","4881468.96594, 3229468.32857","4881468.96594, 3509468.32857",316457.66876466
"1771","29","35","1193","1","0","0","4881468.96594, 3219468.32857","4881468.96594, 3509468.32857",329803.949836162
"1772","29","36","1194","1","1","0","4881468.96594, 3209468.32857","4881468.96594, 3509468.32857",339140.422116519
"1773","29","37","1195","0","0","0","4881468.96594, 3199468.32857","4881468.96594, 3509468.32857",349972.081918621
"1774","29","38","1196","0","0","0","4881468.96594, 3189468.32857","4881468.96594, 3509468.32857",358358.993722101
"1775","29","39","1197","0","0","0","4881468.96594, 3179468.32857","4881468.96594, 3509468.32857",371453.083080481
"1776","29","40","1198","1","1","0","4881468.96594, 3169468.32857","4881468.96594, 3509468.32857",379234.801056456
"1777","29","41","1199","1","1","0","4881468.96594, 3159468.32857","4881468.96594, 3509468.32857",403268.039446677
"1778","29","42","1200","1","1","0","4881468.96594, 3149468.32857","4881468.96594, 3509468.32857",405515.309559413
"1779","29","43","1201","0","0","0","4881468.96594, 3139468.32857","4881468.96594, 3509468.32857",438574.174550663
"1780","29","44","1202","1","1","0","4881468.96594, 3129468.32857","4881468.96594, 3509468.32857",438574.174550663
"1781","29","45","1203","0","0","0","4881468.96594, 3119468.32857","4881468.96594, 3509468.32857",460992.779013885
"1782","29","46","1204","0","0","0","4881468.96594, 3109468.32857","4881468.96594, 3509468.32857",464955.829091542
"1783","29","47","1205","1","1","0","4881468.96594, 3099468.32857","4881468.96594, 3509468.32857",461632.589030167
"1784","29","48","1206","1","1","0","4881468.96594, 3089468.32857","4881468.96594, 3509468.32857",478412.595320152
"1785","29","49","1207","1","1","0","4881468.96594, 3079468.32857","4881468.96594, 3509468.32857",486666.3118779
"1786","29","50","1208","1","0","0","4881468.96594, 3069468.32857","4881468.96594, 3509468.32857",501284.157461944
"1787","29","51","1209","1","1","0","4881468.96594, 3059468.32857","4881468.96594, 3509468.32857",510299.6264833
"1788","29","52","1210","0","1","0","4881468.96594, 3049468.32857","4881468.96594, 3509468.32857",522586.280622999
"1789","29","53","1211","1","1","0","4881468.96594, 3039468.32857","4881468.96594, 3509468.32857",538034.880080697
"1790","29","54","1212","0","0","0","4881468.96594, 3029468.32857","4881468.96594, 3509468.32857",550350.221560652
"1791","29","55","1213","1","1","0","4881736.53439, 3020489.48415","4881468.96594, 3509468.32857",559769.979221999
"1803","30","5","1214","0","0","0","4892032.69586, 3515454.62388","4881468.96594, 3509468.32857",4351.76786221398
"1804","30","6","1215","0","0","1","4891468.96594, 3509468.32857","4881468.96594, 3509468.32857",70235.2245274386
"1805","30","7","1216","1","0","1","4891468.96594, 3499468.32857","4881468.96594, 3509468.32857",15897.5932626076
"1806","30","8","1217","1","1","0","4891468.96594, 3489468.32857","4881468.96594, 3509468.32857",30341.737377343
"1807","30","9","1218","1","1","1","4891468.96594, 3479468.32857","4881468.96594, 3509468.32857",33886.6733415003
"1808","30","10","1219","1","1","0","4891468.96594, 3469468.32857","4881468.96594, 3509468.32857",46580.3945106066
"1809","30","11","1220","1","1","0","4891468.96594, 3459468.32857","4881468.96594, 3509468.32857",57054.4412777509
"1810","30","12","1221","1","1","0","4891468.96594, 3449468.32857","4881468.96594, 3509468.32857",67419.4769916506
"1811","30","13","1222","1","1","0","4891468.96594, 3439468.32857","4881468.96594, 3509468.32857",79868.7846533302
"1812","30","14","1223","1","1","0","4891468.96594, 3429468.32857","4881468.96594, 3509468.32857",83835.7095163607
"1813","30","15","1224","1","1","0","4891468.96594, 3419468.32857","4881468.96594, 3509468.32857",93706.8051402768
"1814","30","16","1225","1","0","1","4891468.96594, 3409468.32857","4881468.96594, 3509468.32857",106470.250051874
"1815","30","17","1226","1","0","1","4891468.96594, 3399468.32857","4881468.96594, 3509468.32857",124592.384314953
"1816","30","18","1227","1","1","0","4891468.96594, 3389468.32857","4881468.96594, 3509468.32857",139369.264165342
"1817","30","19","1228","1","1","0","4891468.96594, 3379468.32857","4881468.96594, 3509468.32857",145147.167578824
"1818","30","20","1229","1","1","0","4891468.96594, 3369468.32857","4881468.96594, 3509468.32857",168664.034355779
"1819","30","21","1230","1","1","1","4891468.96594, 3359468.32857","4881468.96594, 3509468.32857",175184.081431796
"1820","30","22","1231","1","1","0","4891468.96594, 3349468.32857","4881468.96594, 3509468.32857",180092.299360914
"1821","30","23","1232","1","1","0","4891468.96594, 3339468.32857","4881468.96594, 3509468.32857",196426.274099618
"1822","30","24","1233","0","0","0","4891468.96594, 3329468.32857","4881468.96594, 3509468.32857",211123.564335084
"1823","30","25","1234","1","1","0","4891468.96594, 3319468.32857","4881468.96594, 3509468.32857",223999.53667412
"1824","30","26","1235","1","1","0","4891468.96594, 3309468.32857","4881468.96594, 3509468.32857",230299.098287241
"1825","30","27","1236","0","0","0","4891468.96594, 3299468.32857","4881468.96594, 3509468.32857",236991.841734356
"1826","30","28","1237","0","0","0","4891468.96594, 3289468.32857","4881468.96594, 3509468.32857",256576.125935222
"1827","30","29","1238","0","0","0","4891468.96594, 3279468.32857","4881468.96594, 3509468.32857",263449.409534668
"1828","30","30","1239","0","1","0","4891468.96594, 3269468.32857","4881468.96594, 3509468.32857",273476.066819241
"1829","30","31","1240","1","0","0","4891468.96594, 3259468.32857","4881468.96594, 3509468.32857",290168.719298617
"1830","30","32","1241","1","0","0","4891468.96594, 3249468.32857","4881468.96594, 3509468.32857",298581.279140353
"1831","30","33","1242","0","0","0","4891468.96594, 3239468.32857","4881468.96594, 3509468.32857",309939.094535575
"1832","30","34","1243","0","0","0","4891468.96594, 3229468.32857","4881468.96594, 3509468.32857",318978.801442115
"1833","30","35","1244","0","0","0","4891468.96594, 3219468.32857","4881468.96594, 3509468.32857",340365.657622825
"1834","30","36","1245","1","1","0","4891468.96594, 3209468.32857","4881468.96594, 3509468.32857",348921.960104916
"1835","30","37","1246","0","0","0","4891468.96594, 3199468.32857","4881468.96594, 3509468.32857",356372.660106123
"1836","30","38","1247","0","0","0","4891468.96594, 3189468.32857","4881468.96594, 3509468.32857",368321.151569798
"1837","30","39","1248","0","0","0","4891468.96594, 3179468.32857","4881468.96594, 3509468.32857",386436.321877011
"1838","30","40","1249","1","0","0","4891468.96594, 3169468.32857","4881468.96594, 3509468.32857",394935.63632257
"1839","30","41","1250","1","1","0","4891468.96594, 3159468.32857","4881468.96594, 3509468.32857",395307.249504738
"1840","30","42","1251","1","1","0","4891468.96594, 3149468.32857","4881468.96594, 3509468.32857",405344.943071692
"1841","30","43","1252","1","1","0","4891468.96594, 3139468.32857","4881468.96594, 3509468.32857",415653.287651184
"1842","30","44","1253","1","1","0","4891468.96594, 3129468.32857","4881468.96594, 3509468.32857",426316.641547039
"1843","30","45","1254","1","0","0","4891468.96594, 3119468.32857","4881468.96594, 3509468.32857",438825.169466978
"1844","30","46","1255","1","0","0","4891468.96594, 3109468.32857","4881468.96594, 3509468.32857",451224.774423884
"1845","30","47","1256","1","0","0","4891468.96594, 3099468.32857","4881468.96594, 3509468.32857",474450.622275972
"1846","30","48","1257","1","1","0","4891468.96594, 3089468.32857","4881468.96594, 3509468.32857",478664.617759543
"1847","30","49","1258","1","1","0","4891468.96594, 3079468.32857","4881468.96594, 3509468.32857",493763.324975991
"1848","30","50","1259","1","1","0","4891468.96594, 3069468.32857","4881468.96594, 3509468.32857",501276.715851351
"1849","30","51","1260","1","1","0","4891468.96594, 3059468.32857","4881468.96594, 3509468.32857",510612.526672627
"1850","30","52","1261","1","0","0","4891468.96594, 3049468.32857","4881468.96594, 3509468.32857",526545.928437339
"1851","30","53","1262","1","1","0","4891468.96594, 3039468.32857","4881468.96594, 3509468.32857",540421.592424576
"1852","30","54","1263","0","1","0","4891468.96594, 3029468.32857","4881468.96594, 3509468.32857",555131.90554587
"1853","30","55","1264","1","0","0","4891407.57493, 3020611.59377","4881468.96594, 3509468.32857",559393.504135317
"1865","31","5","1265","0","0","0","4901805.22483, 3516082.70024","4881468.96594, 3509468.32857",62008.4210626761
"1866","31","6","1266","0","0","1","4901468.96594, 3509468.32857","4881468.96594, 3509468.32857",63681.4746017631
"1867","31","7","1267","1","0","1","4901468.96594, 3499468.32857","4881468.96594, 3509468.32857",24940.8962159028
"1868","31","8","1268","0","0","1","4901468.96594, 3489468.32857","4881468.96594, 3509468.32857",28509.842079222
"1869","31","9","1269","1","1","1","4901468.96594, 3479468.32857","4881468.96594, 3509468.32857",47115.0846448982
"1870","31","10","1270","1","0","1","4901468.96594, 3469468.32857","4881468.96594, 3509468.32857",57113.3820128876
"1871","31","11","1271","1","0","1","4901468.96594, 3459468.32857","4881468.96594, 3509468.32857",60230.9776806466
"1872","31","12","1272","1","0","1","4901468.96594, 3449468.32857","4881468.96594, 3509468.32857",73467.9412255548
"1873","31","13","1273","1","1","1","4901468.96594, 3439468.32857","4881468.96594, 3509468.32857",84467.5019793904
"1874","31","14","1274","1","1","1","4901468.96594, 3429468.32857","4881468.96594, 3509468.32857",97523.0360696677
"1875","31","15","1275","1","0","1","4901468.96594, 3419468.32857","4881468.96594, 3509468.32857",115166.816979332
"1876","31","16","1276","1","1","1","4901468.96594, 3409468.32857","4881468.96594, 3509468.32857",110816.080248125
"1877","31","17","1277","1","1","0","4901468.96594, 3399468.32857","4881468.96594, 3509468.32857",117366.809622115
"1878","31","18","1278","1","1","0","4901468.96594, 3389468.32857","4881468.96594, 3509468.32857",132873.758589958
"1879","31","19","1279","1","0","0","4901468.96594, 3379468.32857","4881468.96594, 3509468.32857",144530.059321809
"1880","31","20","1280","1","1","0","4901468.96594, 3369468.32857","4881468.96594, 3509468.32857",154349.111677253
"1881","31","21","1281","1","1","1","4901468.96594, 3359468.32857","4881468.96594, 3509468.32857",165084.345352141
"1882","31","22","1282","1","1","1","4901468.96594, 3349468.32857","4881468.96594, 3509468.32857",175287.375300367
"1883","31","23","1283","0","1","0","4901468.96594, 3339468.32857","4881468.96594, 3509468.32857",193996.109936301
"1884","31","24","1284","0","0","0","4901468.96594, 3329468.32857","4881468.96594, 3509468.32857",207400.190238289
"1885","31","25","1285","0","0","0","4901468.96594, 3319468.32857","4881468.96594, 3509468.32857",218214.326074317
"1886","31","26","1286","1","1","0","4901468.96594, 3309468.32857","4881468.96594, 3509468.32857",229820.973464174
"1887","31","27","1287","0","1","0","4901468.96594, 3299468.32857","4881468.96594, 3509468.32857",237358.665775427
"1888","31","28","1288","0","1","0","4901468.96594, 3289468.32857","4881468.96594, 3509468.32857",255235.041786771
"1889","31","29","1289","0","0","0","4901468.96594, 3279468.32857","4881468.96594, 3509468.32857",257742.734766199
"1890","31","30","1290","0","1","0","4901468.96594, 3269468.32857","4881468.96594, 3509468.32857",274390.756297186
"1891","31","31","1291","1","0","0","4901468.96594, 3259468.32857","4881468.96594, 3509468.32857",281675.820289666
"1892","31","32","1292","1","0","0","4901468.96594, 3249468.32857","4881468.96594, 3509468.32857",292896.565700399
"1893","31","33","1293","1","0","0","4901468.96594, 3239468.32857","4881468.96594, 3509468.32857",302579.305731531
"1894","31","34","1294","0","0","0","4901468.96594, 3229468.32857","4881468.96594, 3509468.32857",327165.233086988
"1895","31","35","1295","0","0","0","4901468.96594, 3219468.32857","4881468.96594, 3509468.32857",331397.023445485
"1896","31","36","1296","1","1","0","4901468.96594, 3209468.32857","4881468.96594, 3509468.32857",352451.175603
"1897","31","37","1297","0","0","0","4901468.96594, 3199468.32857","4881468.96594, 3509468.32857",354552.443571476
"1898","31","38","1298","0","0","0","4901468.96594, 3189468.32857","4881468.96594, 3509468.32857",374736.588518647
"1899","31","39","1299","0","0","0","4901468.96594, 3179468.32857","4881468.96594, 3509468.32857",384256.804629405
"1900","31","40","1300","1","0","0","4901468.96594, 3169468.32857","4881468.96594, 3509468.32857",399347.787441296
"1901","31","41","1301","1","1","0","4901468.96594, 3159468.32857","4881468.96594, 3509468.32857",405607.879718713
"1902","31","42","1302","0","0","0","4901468.96594, 3149468.32857","4881468.96594, 3509468.32857",411548.166460668
"1903","31","43","1303","0","0","0","4901468.96594, 3139468.32857","4881468.96594, 3509468.32857",417841.803316835
"1904","31","44","1304","1","1","0","4901468.96594, 3129468.32857","4881468.96594, 3509468.32857",431974.093430897
"1905","31","45","1305","1","0","0","4901468.96594, 3119468.32857","4881468.96594, 3509468.32857",452236.495371598
"1906","31","46","1306","0","0","0","4901468.96594, 3109468.32857","4881468.96594, 3509468.32857",448457.978665548
"1907","31","47","1307","1","1","0","4901468.96594, 3099468.32857","4881468.96594, 3509468.32857",465023.803801248
"1908","31","48","1308","1","1","0","4901468.96594, 3089468.32857","4881468.96594, 3509468.32857",479544.632599477
"1909","31","49","1309","1","1","0","4901468.96594, 3079468.32857","4881468.96594, 3509468.32857",493383.322163175
"1910","31","50","1310","1","1","0","4901468.96594, 3069468.32857","4881468.96594, 3509468.32857",504794.480963172
"1911","31","51","1311","1","1","0","4901468.96594, 3059468.32857","4881468.96594, 3509468.32857",518689.781804914
"1912","31","52","1312","1","0","0","4901468.96594, 3049468.32857","4881468.96594, 3509468.32857",524149.158627982
"1913","31","53","1313","1","0","0","4901468.96594, 3039468.32857","4881468.96594, 3509468.32857",538127.763359079
"1914","31","54","1314","1","1","0","4901468.96594, 3029468.32857","4881468.96594, 3509468.32857",553151.414501841
"1915","31","55","1315","1","1","0","4901402.69263, 3020895.44931","4881468.96594, 3509468.32857",559226.511305189
"1927","32","5","1316","0","0","0","4911708.55008, 3516719.18282","4881468.96594, 3509468.32857",53841.5602285159
"1928","32","6","1317","0","0","0","4911468.96594, 3509468.32857","4881468.96594, 3509468.32857",52178.3477045422
"1929","32","7","1318","1","0","0","4911468.96594, 3499468.32857","4881468.96594, 3509468.32857",47323.771589663
"1930","32","8","1319","1","0","0","4911468.96594, 3489468.32857","4881468.96594, 3509468.32857",43353.4655506507
"1931","32","9","1320","1","1","0","4911468.96594, 3479468.32857","4881468.96594, 3509468.32857",53531.9673420414
"1932","32","10","1321","1","1","0","4911468.96594, 3469468.32857","4881468.96594, 3509468.32857",63774.2840530093
"1933","32","11","1322","1","1","0","4911468.96594, 3459468.32857","4881468.96594, 3509468.32857",74904.2606739701
"1934","32","12","1323","1","1","0","4911468.96594, 3449468.32857","4881468.96594, 3509468.32857",77594.7873033615
"1935","32","13","1324","1","1","0","4911468.96594, 3439468.32857","4881468.96594, 3509468.32857",87783.8159443998
"1936","32","14","1325","1","1","0","4911468.96594, 3429468.32857","4881468.96594, 3509468.32857",99316.7928442679
"1937","32","15","1326","1","1","0","4911468.96594, 3419468.32857","4881468.96594, 3509468.32857",115420.448388844
"1938","32","16","1327","1","1","0","4911468.96594, 3409468.32857","4881468.96594, 3509468.32857",124808.9790793
"1939","32","17","1328","0","0","0","4911468.96594, 3399468.32857","4881468.96594, 3509468.32857",131408.261709202
"1940","32","18","1329","0","0","0","4911468.96594, 3389468.32857","4881468.96594, 3509468.32857",144683.743143295
"1941","32","19","1330","1","1","0","4911468.96594, 3379468.32857","4881468.96594, 3509468.32857",151669.579618232
"1942","32","20","1331","1","1","0","4911468.96594, 3369468.32857","4881468.96594, 3509468.32857",161997.363860413
"1943","32","21","1332","1","1","0","4911468.96594, 3359468.32857","4881468.96594, 3509468.32857",172556.594002669
"1944","32","22","1333","1","1","1","4911468.96594, 3349468.32857","4881468.96594, 3509468.32857",181018.938015416
"1945","32","23","1334","1","1","1","4911468.96594, 3339468.32857","4881468.96594, 3509468.32857",189498.929409813
"1946","32","24","1335","1","0","0","4911468.96594, 3329468.32857","4881468.96594, 3509468.32857",204893.356437556
"1947","32","25","1336","0","0","0","4911468.96594, 3319468.32857","4881468.96594, 3509468.32857",213443.675275904
"1948","32","26","1337","1","0","0","4911468.96594, 3309468.32857","4881468.96594, 3509468.32857",222528.099811068
"1949","32","27","1338","0","0","0","4911468.96594, 3299468.32857","4881468.96594, 3509468.32857",234993.044505657
"1950","32","28","1339","0","1","0","4911468.96594, 3289468.32857","4881468.96594, 3509468.32857",246813.876462452
"1951","32","29","1340","0","1","0","4911468.96594, 3279468.32857","4881468.96594, 3509468.32857",255587.450082312
"1952","32","30","1341","1","1","0","4911468.96594, 3269468.32857","4881468.96594, 3509468.32857",264494.777734633
"1953","32","31","1342","1","0","0","4911468.96594, 3259468.32857","4881468.96594, 3509468.32857",284935.817396524
"1954","32","32","1343","0","0","0","4911468.96594, 3249468.32857","4881468.96594, 3509468.32857",288396.655760718
"1955","32","33","1344","1","0","0","4911468.96594, 3239468.32857","4881468.96594, 3509468.32857",307717.171300275
"1956","32","34","1345","1","0","0","4911468.96594, 3229468.32857","4881468.96594, 3509468.32857",317296.209471216
"1957","32","35","1346","1","0","0","4911468.96594, 3219468.32857","4881468.96594, 3509468.32857",327881.016219771
"1958","32","36","1347","1","1","0","4911468.96594, 3209468.32857","4881468.96594, 3509468.32857",339446.211066854
"1959","32","37","1348","1","1","0","4911468.96594, 3199468.32857","4881468.96594, 3509468.32857",356865.609226995
"1960","32","38","1349","0","0","0","4911468.96594, 3189468.32857","4881468.96594, 3509468.32857",374968.152267506
"1961","32","39","1350","1","0","0","4911468.96594, 3179468.32857","4881468.96594, 3509468.32857",381469.022706699
"1962","32","40","1351","1","0","0","4911468.96594, 3169468.32857","4881468.96594, 3509468.32857",388282.314990544
"1963","32","41","1352","1","1","0","4911468.96594, 3159468.32857","4881468.96594, 3509468.32857",398384.907194391
"1964","32","42","1353","1","0","0","4911468.96594, 3149468.32857","4881468.96594, 3509468.32857",411985.770444865
"1965","32","43","1354","1","0","0","4911468.96594, 3139468.32857","4881468.96594, 3509468.32857",421722.760526076
"1966","32","44","1355","1","1","0","4911468.96594, 3129468.32857","4881468.96594, 3509468.32857",431306.14660422
"1967","32","45","1356","1","1","0","4911468.96594, 3119468.32857","4881468.96594, 3509468.32857",442495.831677861
"1968","32","46","1357","0","0","0","4911468.96594, 3109468.32857","4881468.96594, 3509468.32857",451940.649013487
"1969","32","47","1358","1","1","0","4911468.96594, 3099468.32857","4881468.96594, 3509468.32857",466077.622731137
"1970","32","48","1359","0","1","0","4911468.96594, 3089468.32857","4881468.96594, 3509468.32857",475455.712972877
"1971","32","49","1360","1","1","0","4911468.96594, 3079468.32857","4881468.96594, 3509468.32857",489411.902655585
"1972","32","50","1361","1","0","0","4911468.96594, 3069468.32857","4881468.96594, 3509468.32857",499981.059886624
"1973","32","51","1362","1","1","0","4911468.96594, 3059468.32857","4881468.96594, 3509468.32857",508240.172178576
"1974","32","52","1363","0","1","0","4911468.96594, 3049468.32857","4881468.96594, 3509468.32857",530381.463049528
"1975","32","53","1364","0","1","0","4911468.96594, 3039468.32857","4881468.96594, 3509468.32857",543872.095796172
"1976","32","54","1365","1","1","0","4911468.96594, 3029468.32857","4881468.96594, 3509468.32857",553950.290648154
"1977","32","55","1366","1","1","0","4911396.96667, 3021179.28089","4881468.96594, 3509468.32857",560431.902375409
"1989","33","5","1367","0","0","0","4921655.05057, 3517358.44026","4881468.96594, 3509468.32857",64405.7763523977
"1990","33","6","1368","0","0","0","4921468.96594, 3509468.32857","4881468.96594, 3509468.32857",62430.5119223803
"1991","33","7","1369","0","0","0","4921468.96594, 3499468.32857","4881468.96594, 3509468.32857",52599.8056113141
"1992","33","8","1370","1","0","0","4921468.96594, 3489468.32857","4881468.96594, 3509468.32857",48765.3583541505
"1993","33","9","1371","1","1","0","4921468.96594, 3479468.32857","4881468.96594, 3509468.32857",73499.7412339692
"1994","33","10","1372","1","1","0","4921468.96594, 3469468.32857","4881468.96594, 3509468.32857",68956.7357046343
"1995","33","11","1373","0","1","0","4921468.96594, 3459468.32857","4881468.96594, 3509468.32857",79299.9925723675
"1996","33","12","1374","0","1","0","4921468.96594, 3449468.32857","4881468.96594, 3509468.32857",91064.0163747969
"1997","33","13","1375","0","1","0","4921468.96594, 3439468.32857","4881468.96594, 3509468.32857",93849.6420674387
"1998","33","14","1376","0","0","0","4921468.96594, 3429468.32857","4881468.96594, 3509468.32857",114465.665033639
"1999","33","15","1377","1","0","0","4921468.96594, 3419468.32857","4881468.96594, 3509468.32857",130153.097142566
"2000","33","16","1378","0","1","0","4921468.96594, 3409468.32857","4881468.96594, 3509468.32857",131541.859140774
"2001","33","17","1379","0","1","0","4921468.96594, 3399468.32857","4881468.96594, 3509468.32857",136233.124663532
"2002","33","18","1380","0","1","0","4921468.96594, 3389468.32857","4881468.96594, 3509468.32857",148154.103947105
"2003","33","19","1381","1","1","0","4921468.96594, 3379468.32857","4881468.96594, 3509468.32857",159585.811603487
"2004","33","20","1382","0","0","0","4921468.96594, 3369468.32857","4881468.96594, 3509468.32857",172927.179558611
"2005","33","21","1383","0","0","0","4921468.96594, 3359468.32857","4881468.96594, 3509468.32857",177989.46416194
"2006","33","22","1384","1","1","0","4921468.96594, 3349468.32857","4881468.96594, 3509468.32857",183703.815581963
"2007","33","23","1385","0","1","1","4921468.96594, 3339468.32857","4881468.96594, 3509468.32857",194493.441160464
"2008","33","24","1386","1","1","1","4921468.96594, 3329468.32857","4881468.96594, 3509468.32857",204315.101339846
"2009","33","25","1387","1","1","0","4921468.96594, 3319468.32857","4881468.96594, 3509468.32857",210837.504757971
"2010","33","26","1388","1","0","0","4921468.96594, 3309468.32857","4881468.96594, 3509468.32857",222599.577367253
"2011","33","27","1389","0","0","0","4921468.96594, 3299468.32857","4881468.96594, 3509468.32857",233337.204775075
"2012","33","28","1390","0","0","0","4921468.96594, 3289468.32857","4881468.96594, 3509468.32857",248606.88148315
"2013","33","29","1391","1","1","0","4921468.96594, 3279468.32857","4881468.96594, 3509468.32857",261232.552724648
"2014","33","30","1392","1","1","0","4921468.96594, 3269468.32857","4881468.96594, 3509468.32857",279559.96349173
"2015","33","31","1393","1","1","0","4921468.96594, 3259468.32857","4881468.96594, 3509468.32857",280477.179958574
"2016","33","32","1394","1","0","0","4921468.96594, 3249468.32857","4881468.96594, 3509468.32857",293751.713435244
"2017","33","33","1395","1","0","0","4921468.96594, 3239468.32857","4881468.96594, 3509468.32857",300251.76661972
"2018","33","34","1396","0","0","0","4921468.96594, 3229468.32857","4881468.96594, 3509468.32857",317310.970831978
"2019","33","35","1397","0","0","0","4921468.96594, 3219468.32857","4881468.96594, 3509468.32857",327881.016219771
"2020","33","36","1398","1","0","0","4921468.96594, 3209468.32857","4881468.96594, 3509468.32857",337753.969891236
"2021","33","37","1399","1","1","0","4921468.96594, 3199468.32857","4881468.96594, 3509468.32857",360094.210641147
"2022","33","38","1400","1","0","0","4921468.96594, 3189468.32857","4881468.96594, 3509468.32857",363186.176974019
"2023","33","39","1401","1","0","0","4921468.96594, 3179468.32857","4881468.96594, 3509468.32857",373253.297526359
"2024","33","40","1402","1","0","0","4921468.96594, 3169468.32857","4881468.96594, 3509468.32857",385103.208415576
"2025","33","41","1403","1","1","0","4921468.96594, 3159468.32857","4881468.96594, 3509468.32857",401134.307725265
"2026","33","42","1404","1","1","0","4921468.96594, 3149468.32857","4881468.96594, 3509468.32857",405319.543142029
"2027","33","43","1405","1","1","0","4921468.96594, 3139468.32857","4881468.96594, 3509468.32857",417731.726139633
"2028","33","44","1406","0","0","0","4921468.96594, 3129468.32857","4881468.96594, 3509468.32857",436876.98661188
"2029","33","45","1407","1","1","0","4921468.96594, 3119468.32857","4881468.96594, 3509468.32857",446529.425961537
"2030","33","46","1408","1","1","0","4921468.96594, 3109468.32857","4881468.96594, 3509468.32857",457582.688832343
"2031","33","47","1409","1","1","0","4921468.96594, 3099468.32857","4881468.96594, 3509468.32857",465131.635673219
"2032","33","48","1410","0","1","0","4921468.96594, 3089468.32857","4881468.96594, 3509468.32857",477725.706203028
"2033","33","49","1411","1","1","0","4921468.96594, 3079468.32857","4881468.96594, 3509468.32857",502324.741729256
"2034","33","50","1412","1","1","0","4921468.96594, 3069468.32857","4881468.96594, 3509468.32857",505942.91471057
"2035","33","51","1413","1","1","0","4921468.96594, 3059468.32857","4881468.96594, 3509468.32857",513057.564646789
"2036","33","52","1414","0","1","0","4921468.96594, 3049468.32857","4881468.96594, 3509468.32857",536558.744559753
"2037","33","53","1415","0","1","0","4921468.96594, 3039468.32857","4881468.96594, 3509468.32857",541434.414594323
"2038","33","54","1416","0","1","0","4921468.96594, 3029468.32857","4881468.96594, 3509468.32857",551339.973355019
"2039","33","55","1417","1","1","0","4921390.15771, 3021463.08171","4881468.96594, 3509468.32857",559046.916337312
"2051","34","5","1418","0","0","0","4931621.08267, 3517998.95298","4881468.96594, 3509468.32857",75369.8179194106
"2052","34","6","1419","0","0","0","4931468.96594, 3509468.32857","4881468.96594, 3509468.32857",70918.0296771265
"2053","34","7","1420","0","0","0","4931468.96594, 3499468.32857","4881468.96594, 3509468.32857",64857.9137453678
"2054","34","8","1421","1","1","0","4931468.96594, 3489468.32857","4881468.96594, 3509468.32857",60138.7964077669
"2055","34","9","1422","0","1","0","4931468.96594, 3479468.32857","4881468.96594, 3509468.32857",70415.7638526335
"2056","34","10","1423","0","0","0","4931468.96594, 3469468.32857","4881468.96594, 3509468.32857",85818.7533379716
"2057","34","11","1424","0","0","0","4931468.96594, 3459468.32857","4881468.96594, 3509468.32857",89586.6482597999
"2058","34","12","1425","0","0","0","4931468.96594, 3449468.32857","4881468.96594, 3509468.32857",105563.519276557
"2059","34","13","1426","0","1","0","4931468.96594, 3439468.32857","4881468.96594, 3509468.32857",113142.665765289
"2060","34","14","1427","1","0","0","4931468.96594, 3429468.32857","4881468.96594, 3509468.32857",118638.087042485
"2061","34","15","1428","1","0","0","4931468.96594, 3419468.32857","4881468.96594, 3509468.32857",141244.488484982
"2062","34","16","1429","0","1","0","4931468.96594, 3409468.32857","4881468.96594, 3509468.32857",136917.820062131
"2063","34","17","1430","0","1","0","4931468.96594, 3399468.32857","4881468.96594, 3509468.32857",147338.055121473
"2064","34","18","1431","1","0","0","4931468.96594, 3389468.32857","4881468.96594, 3509468.32857",154226.580019964
"2065","34","19","1432","1","0","0","4931468.96594, 3379468.32857","4881468.96594, 3509468.32857",160772.930872649
"2066","34","20","1433","0","0","0","4931468.96594, 3369468.32857","4881468.96594, 3509468.32857",173703.06016742
"2067","34","21","1434","0","0","0","4931468.96594, 3359468.32857","4881468.96594, 3509468.32857",182287.776689165
"2068","34","22","1435","1","1","0","4931468.96594, 3349468.32857","4881468.96594, 3509468.32857",190725.739326797
"2069","34","23","1436","1","1","0","4931468.96594, 3339468.32857","4881468.96594, 3509468.32857",204274.776649205
"2070","34","24","1437","1","0","1","4931468.96594, 3329468.32857","4881468.96594, 3509468.32857",213409.731829155
"2071","34","25","1438","1","1","1","4931468.96594, 3319468.32857","4881468.96594, 3509468.32857",224369.361964482
"2072","34","26","1439","1","1","0","4931468.96594, 3309468.32857","4881468.96594, 3509468.32857",227190.559184321
"2073","34","27","1440","0","1","0","4931468.96594, 3299468.32857","4881468.96594, 3509468.32857",245554.581450754
"2074","34","28","1441","0","0","0","4931468.96594, 3289468.32857","4881468.96594, 3509468.32857",254618.34540602
"2075","34","29","1442","1","0","0","4931468.96594, 3279468.32857","4881468.96594, 3509468.32857",270745.503004362
"2076","34","30","1443","0","1","0","4931468.96594, 3269468.32857","4881468.96594, 3509468.32857",273538.253334259
"2077","34","31","1444","0","1","0","4931468.96594, 3259468.32857","4881468.96594, 3509468.32857",286855.678571228
"2078","34","32","1445","1","1","0","4931468.96594, 3249468.32857","4881468.96594, 3509468.32857",295535.710317927
"2079","34","33","1446","1","1","0","4931468.96594, 3239468.32857","4881468.96594, 3509468.32857",308275.515234583
"2080","34","34","1447","0","1","0","4931468.96594, 3229468.32857","4881468.96594, 3509468.32857",314369.740508469
"2081","34","35","1448","0","0","0","4931468.96594, 3219468.32857","4881468.96594, 3509468.32857",326014.781995003
"2082","34","36","1449","0","0","0","4931468.96594, 3209468.32857","4881468.96594, 3509468.32857",336642.27322757
"2083","34","37","1450","1","1","0","4931468.96594, 3199468.32857","4881468.96594, 3509468.32857",345574.919769058
"2084","34","38","1451","0","0","0","4931468.96594, 3189468.32857","4881468.96594, 3509468.32857",362297.471735072
"2085","34","39","1452","0","0","0","4931468.96594, 3179468.32857","4881468.96594, 3509468.32857",379697.383318322
"2086","34","40","1453","1","0","0","4931468.96594, 3169468.32857","4881468.96594, 3509468.32857",402000.692549044
"2087","34","41","1454","1","0","0","4931468.96594, 3159468.32857","4881468.96594, 3509468.32857",412157.758408385
"2088","34","42","1455","1","0","0","4931468.96594, 3149468.32857","4881468.96594, 3509468.32857",412085.866617345
"2089","34","43","1456","1","1","0","4931468.96594, 3139468.32857","4881468.96594, 3509468.32857",427279.791167244
"2090","34","44","1457","1","1","0","4931468.96594, 3129468.32857","4881468.96594, 3509468.32857",430680.850829442
"2091","34","45","1458","0","1","0","4931468.96594, 3119468.32857","4881468.96594, 3509468.32857",447526.780211806
"2092","34","46","1459","1","1","0","4931468.96594, 3109468.32857","4881468.96594, 3509468.32857",465068.158387956
"2093","34","47","1460","1","1","0","4931468.96594, 3099468.32857","4881468.96594, 3509468.32857",472657.453709096
"2094","34","48","1461","1","1","0","4931468.96594, 3089468.32857","4881468.96594, 3509468.32857",481819.576491737
"2095","34","49","1462","0","1","0","4931468.96594, 3079468.32857","4881468.96594, 3509468.32857",491837.86959739
"2096","34","50","1463","1","1","0","4931468.96594, 3069468.32857","4881468.96594, 3509468.32857",501330.725444009
"2097","34","51","1464","1","1","0","4931468.96594, 3059468.32857","4881468.96594, 3509468.32857",523749.811977118
"2098","34","52","1465","1","1","0","4931468.96594, 3049468.32857","4881468.96594, 3509468.32857",526868.663400371
"2099","34","53","1466","1","1","0","4931468.96594, 3039468.32857","4881468.96594, 3509468.32857",537149.533984894
"2100","34","54","1467","1","1","0","4931468.96594, 3029468.32857","4881468.96594, 3509468.32857",545218.302701433
"2101","34","55","1468","1","1","0","4932153.5211, 3020353.57588","4881468.96594, 3509468.32857",559556.041556674
"2102","34","56","1469","0","1","0","4935349.21401, 3012788.93623","4881468.96594, 3509468.32857",576021.555393697
"2113","35","5","1470","0","0","0","4941597.60152, 3518640.13968","4881468.96594, 3509468.32857",84601.1822420146
"2114","35","6","1471","0","0","0","4941468.96594, 3509468.32857","4881468.96594, 3509468.32857",79108.9790060811
"2115","35","7","1472","1","0","0","4941468.96594, 3499468.32857","4881468.96594, 3509468.32857",75992.0361098766
"2116","35","8","1473","1","1","0","4941468.96594, 3489468.32857","4881468.96594, 3509468.32857",69485.854672601
"2117","35","9","1474","1","0","0","4941468.96594, 3479468.32857","4881468.96594, 3509468.32857",84923.7806561442
"2118","35","10","1475","0","0","0","4941468.96594, 3469468.32857","4881468.96594, 3509468.32857",93096.4716597904
"2119","35","11","1476","0","0","0","4941468.96594, 3459468.32857","4881468.96594, 3509468.32857",104902.518585071
"2120","35","12","1477","0","0","0","4941468.96594, 3449468.32857","4881468.96594, 3509468.32857",103209.537613179
"2121","35","13","1478","0","1","0","4941468.96594, 3439468.32857","4881468.96594, 3509468.32857",113011.091471986
"2122","35","14","1479","1","1","0","4941468.96594, 3429468.32857","4881468.96594, 3509468.32857",129475.701909204
"2123","35","15","1480","0","1","0","4941468.96594, 3419468.32857","4881468.96594, 3509468.32857",150268.358492544
"2124","35","16","1481","0","1","0","4941468.96594, 3409468.32857","4881468.96594, 3509468.32857",155027.367413491
"2125","35","17","1482","0","1","0","4941468.96594, 3399468.32857","4881468.96594, 3509468.32857",155995.139174559
"2126","35","18","1483","1","1","0","4941468.96594, 3389468.32857","4881468.96594, 3509468.32857",165001.561795447
"2127","35","19","1484","0","0","0","4941468.96594, 3379468.32857","4881468.96594, 3509468.32857",177964.208038166
"2128","35","20","1485","0","0","0","4941468.96594, 3369468.32857","4881468.96594, 3509468.32857",185319.367242662
"2129","35","21","1486","0","0","0","4941468.96594, 3359468.32857","4881468.96594, 3509468.32857",202211.222630012
"2130","35","22","1487","1","1","0","4941468.96594, 3349468.32857","4881468.96594, 3509468.32857",208424.330480053
"2131","35","23","1488","1","1","0","4941468.96594, 3339468.32857","4881468.96594, 3509468.32857",206955.660375706
"2132","35","24","1489","0","0","0","4941468.96594, 3329468.32857","4881468.96594, 3509468.32857",224973.149445023
"2133","35","25","1490","1","0","1","4941468.96594, 3319468.32857","4881468.96594, 3509468.32857",228345.300580318
"2134","35","26","1491","1","0","0","4941468.96594, 3309468.32857","4881468.96594, 3509468.32857",238014.555724517
"2135","35","27","1492","1","1","0","4941468.96594, 3299468.32857","4881468.96594, 3509468.32857",245283.091365958
"2136","35","28","1493","1","1","0","4941468.96594, 3289468.32857","4881468.96594, 3509468.32857",254224.462155596
"2137","35","29","1494","1","1","0","4941468.96594, 3279468.32857","4881468.96594, 3509468.32857",269499.867852554
"2138","35","30","1495","1","1","0","4941468.96594, 3269468.32857","4881468.96594, 3509468.32857",274881.219483611
"2139","35","31","1496","0","0","0","4941468.96594, 3259468.32857","4881468.96594, 3509468.32857",290991.105833628
"2140","35","32","1497","1","0","0","4941468.96594, 3249468.32857","4881468.96594, 3509468.32857",302889.457338922
"2141","35","33","1498","1","0","0","4941468.96594, 3239468.32857","4881468.96594, 3509468.32857",311508.654955222
"2142","35","34","1499","1","0","0","4941468.96594, 3229468.32857","4881468.96594, 3509468.32857",322814.74235393
"2143","35","35","1500","0","0","0","4941468.96594, 3219468.32857","4881468.96594, 3509468.32857",328418.668829303
"2144","35","36","1501","0","1","0","4941468.96594, 3209468.32857","4881468.96594, 3509468.32857",338157.826930243
"2145","35","37","1502","1","1","0","4941468.96594, 3199468.32857","4881468.96594, 3509468.32857",357555.191090811
"2146","35","38","1503","0","1","0","4941468.96594, 3189468.32857","4881468.96594, 3509468.32857",365112.390783319
"2147","35","39","1504","0","1","0","4941468.96594, 3179468.32857","4881468.96594, 3509468.32857",376146.644221774
"2148","35","40","1505","1","1","0","4941468.96594, 3169468.32857","4881468.96594, 3509468.32857",392455.993922892
"2149","35","41","1506","0","1","0","4941468.96594, 3159468.32857","4881468.96594, 3509468.32857",406113.989171499
"2150","35","42","1507","1","1","0","4941468.96594, 3149468.32857","4881468.96594, 3509468.32857",411859.296180011
"2151","35","43","1508","0","1","0","4941468.96594, 3139468.32857","4881468.96594, 3509468.32857",426401.735217021
"2152","35","44","1509","1","0","0","4941468.96594, 3129468.32857","4881468.96594, 3509468.32857",442808.967016855
"2153","35","45","1510","0","1","0","4941468.96594, 3119468.32857","4881468.96594, 3509468.32857",456467.164320819
"2154","35","46","1511","1","1","0","4941468.96594, 3109468.32857","4881468.96594, 3509468.32857",465916.339520345
"2155","35","47","1512","1","1","0","4941468.96594, 3099468.32857","4881468.96594, 3509468.32857",479729.615512291
"2156","35","48","1513","1","1","0","4941468.96594, 3089468.32857","4881468.96594, 3509468.32857",484534.668233366
"2157","35","49","1514","1","1","0","4941468.96594, 3079468.32857","4881468.96594, 3509468.32857",495761.521968573
"2158","35","50","1515","1","0","0","4941468.96594, 3069468.32857","4881468.96594, 3509468.32857",506545.080901743
"2159","35","51","1516","1","1","0","4941468.96594, 3059468.32857","4881468.96594, 3509468.32857",514366.701672296
"2160","35","52","1517","1","1","0","4941468.96594, 3049468.32857","4881468.96594, 3509468.32857",525113.171584214
"2161","35","53","1518","1","1","0","4941468.96594, 3039468.32857","4881468.96594, 3509468.32857",534968.678917172
"2162","35","54","1519","1","1","0","4941468.96594, 3029468.32857","4881468.96594, 3509468.32857",548865.80128076
"2163","35","55","1520","1","1","0","4941468.96594, 3019468.32857","4881468.96594, 3509468.32857",563542.924917445
"2164","35","56","1521","0","1","0","4941817.4402, 3009767.52031","4881468.96594, 3509468.32857",570403.365228012
"2165","35","57","1522","1","1","0","4944238.38589, 3001123.05693","4881468.96594, 3509468.32857",577863.262493558
"2166","35","58","1523","0","0","0","4946460.94853, 2994456.30413","4881468.96594, 3509468.32857",594134.287298103
"2175","36","5","1524","1","0","0","4951508.99166, 3519158.11876","4881468.96594, 3509468.32857",97442.0089139837
"2176","36","6","1525","1","0","0","4951468.96594, 3509468.32857","4881468.96594, 3509468.32857",92367.437645396
"2177","36","7","1526","1","1","0","4951468.96594, 3499468.32857","4881468.96594, 3509468.32857",88027.581159997
"2178","36","8","1527","0","1","0","4951468.96594, 3489468.32857","4881468.96594, 3509468.32857",88520.9088470936
"2179","36","9","1528","1","1","0","4951468.96594, 3479468.32857","4881468.96594, 3509468.32857",82068.6361532693
"2180","36","10","1529","1","1","0","4951468.96594, 3469468.32857","4881468.96594, 3509468.32857",93318.7216566877
"2181","36","11","1530","0","0","0","4951468.96594, 3459468.32857","4881468.96594, 3509468.32857",108114.495700223
"2182","36","12","1531","0","0","0","4951468.96594, 3449468.32857","4881468.96594, 3509468.32857",108439.593035915
"2183","36","13","1532","0","0","0","4951468.96594, 3439468.32857","4881468.96594, 3509468.32857",120507.313011683
"2184","36","14","1533","1","1","0","4951468.96594, 3429468.32857","4881468.96594, 3509468.32857",127991.271273375
"2185","36","15","1534","0","1","0","4951468.96594, 3419468.32857","4881468.96594, 3509468.32857",146777.937827218
"2186","36","16","1535","1","0","0","4951468.96594, 3409468.32857","4881468.96594, 3509468.32857",158436.948979423
"2187","36","17","1536","1","0","0","4951468.96594, 3399468.32857","4881468.96594, 3509468.32857",168640.800813265
"2188","36","18","1537","1","1","0","4951468.96594, 3389468.32857","4881468.96594, 3509468.32857",169902.844845085
"2189","36","19","1538","0","1","0","4951468.96594, 3379468.32857","4881468.96594, 3509468.32857",181968.441101687
"2190","36","20","1539","0","1","0","4951468.96594, 3369468.32857","4881468.96594, 3509468.32857",190083.909086307
"2191","36","21","1540","0","1","0","4951468.96594, 3359468.32857","4881468.96594, 3509468.32857",199997.698283125
"2192","36","22","1541","1","1","0","4951468.96594, 3349468.32857","4881468.96594, 3509468.32857",216368.10882345
"2193","36","23","1542","0","0","0","4951468.96594, 3339468.32857","4881468.96594, 3509468.32857",213803.687032888
"2194","36","24","1543","0","0","0","4951468.96594, 3329468.32857","4881468.96594, 3509468.32857",225809.283959285
"2195","36","25","1544","1","0","1","4951468.96594, 3319468.32857","4881468.96594, 3509468.32857",237806.998326645
"2196","36","26","1545","0","0","0","4951468.96594, 3309468.32857","4881468.96594, 3509468.32857",246448.150362459
"2197","36","27","1546","1","0","0","4951468.96594, 3299468.32857","4881468.96594, 3509468.32857",249292.195187532
"2198","36","28","1547","1","0","0","4951468.96594, 3289468.32857","4881468.96594, 3509468.32857",260445.470977627
"2199","36","29","1548","1","1","0","4951468.96594, 3279468.32857","4881468.96594, 3509468.32857",275046.374621222
"2200","36","30","1549","1","1","0","4951468.96594, 3269468.32857","4881468.96594, 3509468.32857",281093.822560249
"2201","36","31","1550","1","1","0","4951468.96594, 3259468.32857","4881468.96594, 3509468.32857",289428.927765644
"2202","36","32","1551","1","1","0","4951468.96594, 3249468.32857","4881468.96594, 3509468.32857",302902.900220355
"2203","36","33","1552","1","1","0","4951468.96594, 3239468.32857","4881468.96594, 3509468.32857",314347.387667752
"2204","36","34","1553","1","0","0","4951468.96594, 3229468.32857","4881468.96594, 3509468.32857",331511.713103947
"2205","36","35","1554","0","0","0","4951468.96594, 3219468.32857","4881468.96594, 3509468.32857",346721.482644734
"2206","36","36","1555","0","1","0","4951468.96594, 3209468.32857","4881468.96594, 3509468.32857",344653.343574988
"2207","36","37","1556","1","0","0","4951468.96594, 3199468.32857","4881468.96594, 3509468.32857",351311.350387193
"2208","36","38","1557","0","0","0","4951468.96594, 3189468.32857","4881468.96594, 3509468.32857",363730.071393564
"2209","36","39","1558","1","0","0","4951468.96594, 3179468.32857","4881468.96594, 3509468.32857",382187.132579283
"2210","36","40","1559","1","0","0","4951468.96594, 3169468.32857","4881468.96594, 3509468.32857",389393.136900004
"2211","36","41","1560","0","1","0","4951468.96594, 3159468.32857","4881468.96594, 3509468.32857",399268.896469721
"2212","36","42","1561","1","1","0","4951468.96594, 3149468.32857","4881468.96594, 3509468.32857",408564.11840409
"2213","36","43","1562","0","1","0","4951468.96594, 3139468.32857","4881468.96594, 3509468.32857",430565.291156705
"2214","36","44","1563","1","1","0","4951468.96594, 3129468.32857","4881468.96594, 3509468.32857",435003.440290693
"2215","36","45","1564","1","1","0","4951468.96594, 3119468.32857","4881468.96594, 3509468.32857",451341.481230813
"2216","36","46","1565","1","1","0","4951468.96594, 3109468.32857","4881468.96594, 3509468.32857",458571.706408836
"2217","36","47","1566","0","1","0","4951468.96594, 3099468.32857","4881468.96594, 3509468.32857",472634.010612442
"2218","36","48","1567","0","1","0","4951468.96594, 3089468.32857","4881468.96594, 3509468.32857",480114.496552326
"2219","36","49","1568","1","1","0","4951468.96594, 3079468.32857","4881468.96594, 3509468.32857",488780.758537013
"2220","36","50","1569","1","1","0","4951468.96594, 3069468.32857","4881468.96594, 3509468.32857",500625.987553086
"2221","36","51","1570","1","1","0","4951468.96594, 3059468.32857","4881468.96594, 3509468.32857",511339.926385216
"2222","36","52","1571","1","1","0","4951468.96594, 3049468.32857","4881468.96594, 3509468.32857",525280.318073119
"2223","36","53","1572","1","1","0","4951468.96594, 3039468.32857","4881468.96594, 3509468.32857",537760.986662662
"2224","36","54","1573","0","1","0","4951468.96594, 3029468.32857","4881468.96594, 3509468.32857",557128.25285385
"2225","36","55","1574","1","1","1","4951468.96594, 3019468.32857","4881468.96594, 3509468.32857",564026.858767359
"2226","36","56","1575","1","1","1","4951468.96594, 3009468.32857","4881468.96594, 3509468.32857",571068.878901124
"2227","36","57","1576","1","1","1","4951468.96594, 2999468.32857","4881468.96594, 3509468.32857",582724.324445422
"2228","36","58","1577","0","1","1","4952847.00547, 2990298.81373","4881468.96594, 3509468.32857",590579.161095823
"2229","36","59","1578","0","0","0","4955350.14913, 2982790.33871","4881468.96594, 3509468.32857",609113.136192976
"2237","37","5","1579","1","1","0","4961471.928, 3519220.51526","4881468.96594, 3509468.32857",107152.646353871
"2238","37","6","1580","1","1","0","4961468.96594, 3509468.32857","4881468.96594, 3509468.32857",96593.3190213588
"2239","37","7","1581","0","1","0","4961468.96594, 3499468.32857","4881468.96594, 3509468.32857",93337.7659047876
"2240","37","8","1582","0","0","0","4961468.96594, 3489468.32857","4881468.96594, 3509468.32857",94042.8951802838
"2241","37","9","1583","0","0","0","4961468.96594, 3479468.32857","4881468.96594, 3509468.32857",93512.8624091222
"2242","37","10","1584","1","1","0","4961468.96594, 3469468.32857","4881468.96594, 3509468.32857",103920.883611327
"2243","37","11","1585","1","0","0","4961468.96594, 3459468.32857","4881468.96594, 3509468.32857",104385.436000555
"2244","37","12","1586","1","0","0","4961468.96594, 3449468.32857","4881468.96594, 3509468.32857",114303.163936974
"2245","37","13","1587","1","1","0","4961468.96594, 3439468.32857","4881468.96594, 3509468.32857",141302.282166565
"2246","37","14","1588","1","1","0","4961468.96594, 3429468.32857","4881468.96594, 3509468.32857",152400.106059021
"2247","37","15","1589","1","1","0","4961468.96594, 3419468.32857","4881468.96594, 3509468.32857",142930.554789075
"2248","37","16","1590","1","1","0","4961468.96594, 3409468.32857","4881468.96594, 3509468.32857",158559.935133814
"2249","37","17","1591","0","0","0","4961468.96594, 3399468.32857","4881468.96594, 3509468.32857",167520.490645428
"2250","37","18","1592","0","0","0","4961468.96594, 3389468.32857","4881468.96594, 3509468.32857",182901.899548213
"2251","37","19","1593","0","0","0","4961468.96594, 3379468.32857","4881468.96594, 3509468.32857",194375.37543171
"2252","37","20","1594","0","0","0","4961468.96594, 3369468.32857","4881468.96594, 3509468.32857",199661.471898901
"2253","37","21","1595","0","1","0","4961468.96594, 3359468.32857","4881468.96594, 3509468.32857",204364.008465847
"2254","37","22","1596","1","1","0","4961468.96594, 3349468.32857","4881468.96594, 3509468.32857",226377.795596494
"2255","37","23","1597","0","0","0","4961468.96594, 3339468.32857","4881468.96594, 3509468.32857",229869.932225266
"2256","37","24","1598","0","0","0","4961468.96594, 3329468.32857","4881468.96594, 3509468.32857",229171.722053835
"2257","37","25","1599","1","0","1","4961468.96594, 3319468.32857","4881468.96594, 3509468.32857",239542.934597248
"2258","37","26","1600","0","0","0","4961468.96594, 3309468.32857","4881468.96594, 3509468.32857",251812.957796297
"2259","37","27","1601","1","1","0","4961468.96594, 3299468.32857","4881468.96594, 3509468.32857",258876.008943579
"2260","37","28","1602","1","1","0","4961468.96594, 3289468.32857","4881468.96594, 3509468.32857",270704.067343723
"2261","37","29","1603","1","1","0","4961468.96594, 3279468.32857","4881468.96594, 3509468.32857",272593.263910932
"2262","37","30","1604","1","1","0","4961468.96594, 3269468.32857","4881468.96594, 3509468.32857",282457.42647726
"2263","37","31","1605","0","0","0","4961468.96594, 3259468.32857","4881468.96594, 3509468.32857",300134.388640992
"2264","37","32","1606","1","0","0","4961468.96594, 3249468.32857","4881468.96594, 3509468.32857",305137.016771486
"2265","37","33","1607","1","1","0","4961468.96594, 3239468.32857","4881468.96594, 3509468.32857",311349.893166457
"2266","37","34","1608","1","0","0","4961468.96594, 3229468.32857","4881468.96594, 3509468.32857",327741.361065815
"2267","37","35","1609","1","1","0","4961468.96594, 3219468.32857","4881468.96594, 3509468.32857",339521.686629044
"2268","37","36","1610","1","1","0","4961468.96594, 3209468.32857","4881468.96594, 3509468.32857",349857.088942196
"2269","37","37","1611","1","0","0","4961468.96594, 3199468.32857","4881468.96594, 3509468.32857",356454.751283836
"2270","37","38","1612","0","0","0","4961468.96594, 3189468.32857","4881468.96594, 3509468.32857",367578.194522319
"2271","37","39","1613","1","0","0","4961468.96594, 3179468.32857","4881468.96594, 3509468.32857",386535.085844991
"2272","37","40","1614","0","1","0","4961468.96594, 3169468.32857","4881468.96594, 3509468.32857",408655.609556576
"2273","37","41","1615","0","0","0","4961468.96594, 3159468.32857","4881468.96594, 3509468.32857",404600.214472702
"2274","37","42","1616","1","1","0","4961468.96594, 3149468.32857","4881468.96594, 3509468.32857",411955.639822067
"2275","37","43","1617","0","1","0","4961468.96594, 3139468.32857","4881468.96594, 3509468.32857",420754.780055937
"2276","37","44","1618","1","1","0","4961468.96594, 3129468.32857","4881468.96594, 3509468.32857",430953.346051138
"2277","37","45","1619","1","1","0","4961468.96594, 3119468.32857","4881468.96594, 3509468.32857",441787.372541054
"2278","37","46","1620","1","1","0","4961468.96594, 3109468.32857","4881468.96594, 3509468.32857",461012.357264981
"2279","37","47","1621","1","0","0","4961468.96594, 3099468.32857","4881468.96594, 3509468.32857",466287.662503585
"2280","37","48","1622","1","0","0","4961468.96594, 3089468.32857","4881468.96594, 3509468.32857",476785.231900223
"2281","37","49","1623","1","1","0","4961468.96594, 3079468.32857","4881468.96594, 3509468.32857",486805.819513248
"2282","37","50","1624","1","1","0","4961468.96594, 3069468.32857","4881468.96594, 3509468.32857",495735.743958045
"2283","37","51","1625","1","1","0","4961468.96594, 3059468.32857","4881468.96594, 3509468.32857",516438.764410755
"2284","37","52","1626","1","1","0","4961468.96594, 3049468.32857","4881468.96594, 3509468.32857",526563.705004702
"2285","37","53","1627","1","1","0","4961468.96594, 3039468.32857","4881468.96594, 3509468.32857",534370.133994793
"2286","37","54","1628","1","1","0","4961468.96594, 3029468.32857","4881468.96594, 3509468.32857",545332.552630328
"2287","37","55","1629","1","1","1","4961468.96594, 3019468.32857","4881468.96594, 3509468.32857",555358.525972534
"2288","37","56","1630","1","1","0","4961468.96594, 3009468.32857","4881468.96594, 3509468.32857",576534.690513578
"2289","37","57","1631","1","0","0","4961468.96594, 2999468.32857","4881468.96594, 3509468.32857",589214.804016178
"2290","37","58","1632","0","1","1","4961468.96594, 2989468.32857","4881468.96594, 3509468.32857",597713.194066197
"2291","37","59","1633","0","0","1","4961836.17913, 2979836.16489","4881468.96594, 3509468.32857",607317.491084538
"2292","37","60","1634","0","0","0","4965147.31016, 2974108.02086","4881468.96594, 3509468.32857",613278.157313237
"2299","38","5","1635","1","1","0","4971471.91751, 3519237.40669","4881468.96594, 3509468.32857",111482.934769551
"2300","38","6","1636","0","1","0","4971468.96594, 3509468.32857","4881468.96594, 3509468.32857",116049.091541607
"2301","38","7","1637","0","0","0","4971468.96594, 3499468.32857","4881468.96594, 3509468.32857",104367.752308753
"2302","38","8","1638","0","0","0","4971468.96594, 3489468.32857","4881468.96594, 3509468.32857",102806.088906006
"2303","38","9","1639","0","0","0","4971468.96594, 3479468.32857","4881468.96594, 3509468.32857",115309.903835242
"2304","38","10","1640","0","1","0","4971468.96594, 3469468.32857","4881468.96594, 3509468.32857",107236.604371921
"2305","38","11","1641","0","0","0","4971468.96594, 3459468.32857","4881468.96594, 3509468.32857",115688.584429995
"2306","38","12","1642","1","0","0","4971468.96594, 3449468.32857","4881468.96594, 3509468.32857",122544.021129748
"2307","38","13","1643","1","1","0","4971468.96594, 3439468.32857","4881468.96594, 3509468.32857",139448.925345476
"2308","38","14","1644","1","0","0","4971468.96594, 3429468.32857","4881468.96594, 3509468.32857",147294.547216262
"2309","38","15","1645","0","0","0","4971468.96594, 3419468.32857","4881468.96594, 3509468.32857",152805.163774853
"2310","38","16","1646","0","1","0","4971468.96594, 3409468.32857","4881468.96594, 3509468.32857",158440.309860455
"2311","38","17","1647","0","1","0","4971468.96594, 3399468.32857","4881468.96594, 3509468.32857",170259.079833325
"2312","38","18","1648","0","1","0","4971468.96594, 3389468.32857","4881468.96594, 3509468.32857",178556.205403068
"2313","38","19","1649","0","0","0","4971468.96594, 3379468.32857","4881468.96594, 3509468.32857",195253.124559759
"2314","38","20","1650","0","0","0","4971468.96594, 3369468.32857","4881468.96594, 3509468.32857",209495.558694118
"2315","38","21","1651","0","0","0","4971468.96594, 3359468.32857","4881468.96594, 3509468.32857",225053.361887171
"2316","38","22","1652","1","1","0","4971468.96594, 3349468.32857","4881468.96594, 3509468.32857",219088.868366275
"2317","38","23","1653","0","1","0","4971468.96594, 3339468.32857","4881468.96594, 3509468.32857",228452.105407226
"2318","38","24","1654","0","1","0","4971468.96594, 3329468.32857","4881468.96594, 3509468.32857",240686.322204397
"2319","38","25","1655","1","0","1","4971468.96594, 3319468.32857","4881468.96594, 3509468.32857",244457.432949297
"2320","38","26","1656","1","1","1","4971468.96594, 3309468.32857","4881468.96594, 3509468.32857",260149.056976785
"2321","38","27","1657","1","1","0","4971468.96594, 3299468.32857","4881468.96594, 3509468.32857",271656.572526724
"2322","38","28","1658","0","0","0","4971468.96594, 3289468.32857","4881468.96594, 3509468.32857",281137.690279885
"2323","38","29","1659","1","1","0","4971468.96594, 3279468.32857","4881468.96594, 3509468.32857",282963.096649896
"2324","38","30","1660","1","0","0","4971468.96594, 3269468.32857","4881468.96594, 3509468.32857",287722.021261438
"2325","38","31","1661","1","0","0","4971468.96594, 3259468.32857","4881468.96594, 3509468.32857",295666.063933096
"2326","38","32","1662","1","0","0","4971468.96594, 3249468.32857","4881468.96594, 3509468.32857",307426.590135472
"2327","38","33","1663","1","1","0","4971468.96594, 3239468.32857","4881468.96594, 3509468.32857",316516.019203752
"2328","38","34","1664","1","1","0","4971468.96594, 3229468.32857","4881468.96594, 3509468.32857",326562.399729674
"2329","38","35","1665","1","1","0","4971468.96594, 3219468.32857","4881468.96594, 3509468.32857",336658.639533584
"2330","38","36","1666","1","0","0","4971468.96594, 3209468.32857","4881468.96594, 3509468.32857",349756.89115094
"2331","38","37","1667","0","0","0","4971468.96594, 3199468.32857","4881468.96594, 3509468.32857",363394.710137439
"2332","38","38","1668","1","0","0","4971468.96594, 3189468.32857","4881468.96594, 3509468.32857",376148.70049145
"2333","38","39","1669","1","1","0","4971468.96594, 3179468.32857","4881468.96594, 3509468.32857",381715.67010124
"2334","38","40","1670","0","1","0","4971468.96594, 3169468.32857","4881468.96594, 3509468.32857",390415.960159513
"2335","38","41","1671","0","0","0","4971468.96594, 3159468.32857","4881468.96594, 3509468.32857",399514.293001745
"2336","38","42","1672","1","0","0","4971468.96594, 3149468.32857","4881468.96594, 3509468.32857",421665.639307293
"2337","38","43","1673","1","1","0","4971468.96594, 3139468.32857","4881468.96594, 3509468.32857",430129.678584513
"2338","38","44","1674","1","1","0","4971468.96594, 3129468.32857","4881468.96594, 3509468.32857",440248.254683585
"2339","38","45","1675","1","1","0","4971468.96594, 3119468.32857","4881468.96594, 3509468.32857",448186.969270399
"2340","38","46","1676","1","1","0","4971468.96594, 3109468.32857","4881468.96594, 3509468.32857",457785.378961953
"2341","38","47","1677","1","1","0","4971468.96594, 3099468.32857","4881468.96594, 3509468.32857",466434.885534023
"2342","38","48","1678","1","0","0","4971468.96594, 3089468.32857","4881468.96594, 3509468.32857",476119.196977464
"2343","38","49","1679","1","1","0","4971468.96594, 3079468.32857","4881468.96594, 3509468.32857",491592.756966605
"2344","38","50","1680","1","1","0","4971468.96594, 3069468.32857","4881468.96594, 3509468.32857",498370.094588445
"2345","38","51","1681","1","1","0","4971468.96594, 3059468.32857","4881468.96594, 3509468.32857",514292.14404171
"2346","38","52","1682","1","1","0","4971468.96594, 3049468.32857","4881468.96594, 3509468.32857",520661.839565593
"2347","38","53","1683","1","1","1","4971468.96594, 3039468.32857","4881468.96594, 3509468.32857",533930.086940831
"2348","38","54","1684","0","1","1","4971468.96594, 3029468.32857","4881468.96594, 3509468.32857",544019.536328603
"2349","38","55","1685","0","1","1","4971468.96594, 3019468.32857","4881468.96594, 3509468.32857",556184.443611782
"2350","38","56","1686","1","1","0","4971468.96594, 3009468.32857","4881468.96594, 3509468.32857",568385.89820519
"2351","38","57","1687","1","1","0","4971468.96594, 2999468.32857","4881468.96594, 3509468.32857",579814.210253026
"2352","38","58","1688","0","0","0","4971468.96594, 2989468.32857","4881468.96594, 3509468.32857",589061.73738389
"2353","38","59","1689","1","1","1","4971468.96594, 2979468.32857","4881468.96594, 3509468.32857",606040.081192308
"2354","38","60","1690","1","1","0","4972398.51014, 2973119.61552","4881468.96594, 3509468.32857",609582.508861568
"2361","39","5","1691","0","0","0","4981471.90709, 3519254.29813","4881468.96594, 3509468.32857",139166.710552913
"2362","39","6","1692","0","1","0","4981468.96594, 3509468.32857","4881468.96594, 3509468.32857",129897.498093644
"2363","39","7","1693","0","1","0","4981468.96594, 3499468.32857","4881468.96594, 3509468.32857",122654.052148478
"2364","39","8","1694","0","1","0","4981468.96594, 3489468.32857","4881468.96594, 3509468.32857",117111.489867261
"2365","39","9","1695","0","0","0","4981468.96594, 3479468.32857","4881468.96594, 3509468.32857",125700.906918945
"2366","39","10","1696","0","1","0","4981468.96594, 3469468.32857","4881468.96594, 3509468.32857",138761.134834446
"2367","39","11","1697","0","1","0","4981468.96594, 3459468.32857","4881468.96594, 3509468.32857",121329.663579555
"2368","39","12","1698","1","1","0","4981468.96594, 3449468.32857","4881468.96594, 3509468.32857",130267.220462138
"2369","39","13","1699","1","1","0","4981468.96594, 3439468.32857","4881468.96594, 3509468.32857",137727.139080533
"2370","39","14","1700","1","0","0","4981468.96594, 3429468.32857","4881468.96594, 3509468.32857",150530.070879011
"2371","39","15","1701","0","0","0","4981468.96594, 3419468.32857","4881468.96594, 3509468.32857",162787.976963461
"2372","39","16","1702","0","1","0","4981468.96594, 3409468.32857","4881468.96594, 3509468.32857",167234.990602618
"2373","39","17","1703","0","1","0","4981468.96594, 3399468.32857","4881468.96594, 3509468.32857",177897.888511182
"2374","39","18","1704","0","0","0","4981468.96594, 3389468.32857","4881468.96594, 3509468.32857",185116.447971981
"2375","39","19","1705","0","0","0","4981468.96594, 3379468.32857","4881468.96594, 3509468.32857",194117.389897898
"2376","39","20","1706","0","0","0","4981468.96594, 3369468.32857","4881468.96594, 3509468.32857",203982.98722037
"2377","39","21","1707","0","0","0","4981468.96594, 3359468.32857","4881468.96594, 3509468.32857",216374.873566506
"2378","39","22","1708","1","1","0","4981468.96594, 3349468.32857","4881468.96594, 3509468.32857",225213.960521231
"2379","39","23","1709","1","0","0","4981468.96594, 3339468.32857","4881468.96594, 3509468.32857",235567.719146334
"2380","39","24","1710","1","1","0","4981468.96594, 3329468.32857","4881468.96594, 3509468.32857",243809.807649575
"2381","39","25","1711","1","1","0","4981468.96594, 3319468.32857","4881468.96594, 3509468.32857",254117.252402823
"2382","39","26","1712","1","1","1","4981468.96594, 3309468.32857","4881468.96594, 3509468.32857",262506.187267274
"2383","39","27","1713","0","0","0","4981468.96594, 3299468.32857","4881468.96594, 3509468.32857",273743.037099464
"2384","39","28","1714","0","0","0","4981468.96594, 3289468.32857","4881468.96594, 3509468.32857",299165.849552593
"2385","39","29","1715","1","1","0","4981468.96594, 3279468.32857","4881468.96594, 3509468.32857",290174.573537419
"2386","39","30","1716","1","1","0","4981468.96594, 3269468.32857","4881468.96594, 3509468.32857",296035.379187496
"2387","39","31","1717","0","0","0","4981468.96594, 3259468.32857","4881468.96594, 3509468.32857",302768.472750736
"2388","39","32","1718","1","1","0","4981468.96594, 3249468.32857","4881468.96594, 3509468.32857",311201.219962685
"2389","39","33","1719","1","1","0","4981468.96594, 3239468.32857","4881468.96594, 3509468.32857",317489.189588012
"2390","39","34","1720","1","1","0","4981468.96594, 3229468.32857","4881468.96594, 3509468.32857",329258.740693165
"2391","39","35","1721","1","1","0","4981468.96594, 3219468.32857","4881468.96594, 3509468.32857",340717.878852691
"2392","39","36","1722","1","0","0","4981468.96594, 3209468.32857","4881468.96594, 3509468.32857",351840.226763114
"2393","39","37","1723","1","0","0","4981468.96594, 3199468.32857","4881468.96594, 3509468.32857",361873.928054946
"2394","39","38","1724","1","0","0","4981468.96594, 3189468.32857","4881468.96594, 3509468.32857",383444.633382801
"2395","39","39","1725","1","1","0","4981468.96594, 3179468.32857","4881468.96594, 3509468.32857",385248.726942016
"2396","39","40","1726","1","0","0","4981468.96594, 3169468.32857","4881468.96594, 3509468.32857",397328.969057127
"2397","39","41","1727","1","1","0","4981468.96594, 3159468.32857","4881468.96594, 3509468.32857",406556.201260083
"2398","39","42","1728","1","1","0","4981468.96594, 3149468.32857","4881468.96594, 3509468.32857",417815.892669759
"2399","39","43","1729","1","1","0","4981468.96594, 3139468.32857","4881468.96594, 3509468.32857",426380.034488768
"2400","39","44","1730","1","0","0","4981468.96594, 3129468.32857","4881468.96594, 3509468.32857",432914.95772509
"2401","39","45","1731","0","1","0","4981468.96594, 3119468.32857","4881468.96594, 3509468.32857",453801.018247904
"2402","39","46","1732","1","1","0","4981468.96594, 3109468.32857","4881468.96594, 3509468.32857",465781.432790515
"2403","39","47","1733","0","1","0","4981468.96594, 3099468.32857","4881468.96594, 3509468.32857",474751.492159003
"2404","39","48","1734","1","1","0","4981468.96594, 3089468.32857","4881468.96594, 3509468.32857",483085.397671588
"2405","39","49","1735","1","1","0","4981468.96594, 3079468.32857","4881468.96594, 3509468.32857",497668.333974655
"2406","39","50","1736","1","1","0","4981468.96594, 3069468.32857","4881468.96594, 3509468.32857",512318.225103902
"2407","39","51","1737","1","1","0","4981468.96594, 3059468.32857","4881468.96594, 3509468.32857",511842.534361972
"2408","39","52","1738","1","1","0","4981468.96594, 3049468.32857","4881468.96594, 3509468.32857",521874.602549401
"2409","39","53","1739","1","1","1","4981468.96594, 3039468.32857","4881468.96594, 3509468.32857",535000.412376525
"2410","39","54","1740","1","1","0","4981468.96594, 3029468.32857","4881468.96594, 3509468.32857",543634.873168108
"2411","39","55","1741","1","1","0","4981468.96594, 3019468.32857","4881468.96594, 3509468.32857",555103.570968933
"2412","39","56","1742","1","1","0","4981468.96594, 3009468.32857","4881468.96594, 3509468.32857",566762.446785938
"2413","39","57","1743","1","1","0","4981468.96594, 2999468.32857","4881468.96594, 3509468.32857",574783.463622692
"2414","39","58","1744","1","1","0","4981468.96594, 2989468.32857","4881468.96594, 3509468.32857",589249.464171235
"2415","39","59","1745","1","1","0","4981468.96594, 2979468.32857","4881468.96594, 3509468.32857",605051.549839295
"2416","39","60","1746","0","1","0","4981908.37262, 2971823.33368","4881468.96594, 3509468.32857",610762.708213921
"2423","40","5","1747","0","0","0","4991471.89674, 3519271.18956","4881468.96594, 3509468.32857",142944.551723319
"2424","40","6","1748","0","0","0","4991468.96594, 3509468.32857","4881468.96594, 3509468.32857",138426.694789048
"2425","40","7","1749","0","0","0","4991468.96594, 3499468.32857","4881468.96594, 3509468.32857",127668.812786183
"2426","40","8","1750","0","1","0","4991468.96594, 3489468.32857","4881468.96594, 3509468.32857",124996.280307057
"2427","40","9","1751","0","1","0","4991468.96594, 3479468.32857","4881468.96594, 3509468.32857",134819.000178334
"2428","40","10","1752","0","0","0","4991468.96594, 3469468.32857","4881468.96594, 3509468.32857",142608.289545624
"2429","40","11","1753","0","1","0","4991468.96594, 3459468.32857","4881468.96594, 3509468.32857",134082.101521329
"2430","40","12","1754","1","1","0","4991468.96594, 3449468.32857","4881468.96594, 3509468.32857",136440.649950493
"2431","40","13","1755","1","0","0","4991468.96594, 3439468.32857","4881468.96594, 3509468.32857",149403.977663633
"2432","40","14","1756","1","0","0","4991468.96594, 3429468.32857","4881468.96594, 3509468.32857",152747.111628731
"2433","40","15","1757","0","0","0","4991468.96594, 3419468.32857","4881468.96594, 3509468.32857",159546.667905148
"2434","40","16","1758","0","0","0","4991468.96594, 3409468.32857","4881468.96594, 3509468.32857",173919.524711667
"2435","40","17","1759","0","1","0","4991468.96594, 3399468.32857","4881468.96594, 3509468.32857",181855.938300878
"2436","40","18","1760","0","0","0","4991468.96594, 3389468.32857","4881468.96594, 3509468.32857",189097.039676144
"2437","40","19","1761","0","0","0","4991468.96594, 3379468.32857","4881468.96594, 3509468.32857",211012.342094887
"2438","40","20","1762","0","0","0","4991468.96594, 3369468.32857","4881468.96594, 3509468.32857",216254.548607659
"2439","40","21","1763","0","0","0","4991468.96594, 3359468.32857","4881468.96594, 3509468.32857",218556.51929523
"2440","40","22","1764","0","1","0","4991468.96594, 3349468.32857","4881468.96594, 3509468.32857",228921.15067091
"2441","40","23","1765","1","0","0","4991468.96594, 3339468.32857","4881468.96594, 3509468.32857",240366.871601418
"2442","40","24","1766","1","0","0","4991468.96594, 3329468.32857","4881468.96594, 3509468.32857",262628.680419752
"2443","40","25","1767","0","0","0","4991468.96594, 3319468.32857","4881468.96594, 3509468.32857",259404.743572616
"2444","40","26","1768","1","0","1","4991468.96594, 3309468.32857","4881468.96594, 3509468.32857",272365.078460496
"2445","40","27","1769","0","0","1","4991468.96594, 3299468.32857","4881468.96594, 3509468.32857",279269.789595812
"2446","40","28","1770","0","0","0","4991468.96594, 3289468.32857","4881468.96594, 3509468.32857",290860.578294268
"2447","40","29","1771","0","0","0","4991468.96594, 3279468.32857","4881468.96594, 3509468.32857",299793.717131871
"2448","40","30","1772","1","1","0","4991468.96594, 3269468.32857","4881468.96594, 3509468.32857",304533.415178607
"2449","40","31","1773","1","1","0","4991468.96594, 3259468.32857","4881468.96594, 3509468.32857",324609.052207618
"2450","40","32","1774","1","1","0","4991468.96594, 3249468.32857","4881468.96594, 3509468.32857",328655.669025499
"2451","40","33","1775","1","0","0","4991468.96594, 3239468.32857","4881468.96594, 3509468.32857",328625.285529238
"2452","40","34","1776","1","1","0","4991468.96594, 3229468.32857","4881468.96594, 3509468.32857",334659.262997332
"2453","40","35","1777","0","1","0","4991468.96594, 3219468.32857","4881468.96594, 3509468.32857",348745.213587522
"2454","40","36","1778","0","1","0","4991468.96594, 3209468.32857","4881468.96594, 3509468.32857",362208.991023098
"2455","40","37","1779","1","1","0","4991468.96594, 3199468.32857","4881468.96594, 3509468.32857",367772.990788171
"2456","40","38","1780","1","1","0","4991468.96594, 3189468.32857","4881468.96594, 3509468.32857",376754.884823358
"2457","40","39","1781","1","1","0","4991468.96594, 3179468.32857","4881468.96594, 3509468.32857",388972.471256998
"2458","40","40","1782","1","1","0","4991468.96594, 3169468.32857","4881468.96594, 3509468.32857",397635.688490766
"2459","40","41","1783","1","1","0","4991468.96594, 3159468.32857","4881468.96594, 3509468.32857",430153.532375708
"2460","40","42","1784","1","0","0","4991468.96594, 3149468.32857","4881468.96594, 3509468.32857",427290.915491504
"2461","40","43","1785","0","0","0","4991468.96594, 3139468.32857","4881468.96594, 3509468.32857",433304.986766057
"2462","40","44","1786","0","0","0","4991468.96594, 3129468.32857","4881468.96594, 3509468.32857",442432.181415442
"2463","40","45","1787","0","1","0","4991468.96594, 3119468.32857","4881468.96594, 3509468.32857",452520.41044367
"2464","40","46","1788","1","0","0","4991468.96594, 3109468.32857","4881468.96594, 3509468.32857",468764.468364532
"2465","40","47","1789","0","1","0","4991468.96594, 3099468.32857","4881468.96594, 3509468.32857",481278.639432189
"2466","40","48","1790","1","1","0","4991468.96594, 3089468.32857","4881468.96594, 3509468.32857",496418.644029551
"2467","40","49","1791","1","1","0","4991468.96594, 3079468.32857","4881468.96594, 3509468.32857",503041.5261152
"2468","40","50","1792","1","1","0","4991468.96594, 3069468.32857","4881468.96594, 3509468.32857",507261.292364888
"2469","40","51","1793","1","1","0","4991468.96594, 3059468.32857","4881468.96594, 3509468.32857",521718.177220868
"2470","40","52","1794","1","1","0","4991468.96594, 3049468.32857","4881468.96594, 3509468.32857",530676.251314148
"2471","40","53","1795","0","1","1","4991468.96594, 3039468.32857","4881468.96594, 3509468.32857",544107.977212007
"2472","40","54","1796","1","1","1","4991468.96594, 3029468.32857","4881468.96594, 3509468.32857",553968.90960002
"2473","40","55","1797","1","1","0","4991468.96594, 3019468.32857","4881468.96594, 3509468.32857",568154.730397329
"2474","40","56","1798","1","1","0","4991468.96594, 3009468.32857","4881468.96594, 3509468.32857",574053.682440388
"2475","40","57","1799","0","0","0","4991468.96594, 2999468.32857","4881468.96594, 3509468.32857",584091.276899314
"2476","40","58","1800","0","1","0","4991468.96594, 2989468.32857","4881468.96594, 3509468.32857",595133.409197656
"2477","40","59","1801","0","0","0","4991468.96594, 2979468.32857","4881468.96594, 3509468.32857",605213.651032441
"2478","40","60","1802","0","0","0","4991756.66982, 2970480.92007","4881468.96594, 3509468.32857",630746.809993315
"2485","41","5","1803","0","0","0","5001471.88647, 3519288.08099","4881468.96594, 3509468.32857",152819.34509037
"2486","41","6","1804","0","0","0","5001468.96594, 3509468.32857","4881468.96594, 3509468.32857",155063.579284205
"2487","41","7","1805","0","0","0","5001468.96594, 3499468.32857","4881468.96594, 3509468.32857",138968.269709939
"2488","41","8","1806","1","0","0","5001468.96594, 3489468.32857","4881468.96594, 3509468.32857",145214.216679654
"2489","41","9","1807","1","1","0","5001468.96594, 3479468.32857","4881468.96594, 3509468.32857",137627.273607432
"2490","41","10","1808","1","1","0","5001468.96594, 3469468.32857","4881468.96594, 3509468.32857",149146.702088494
"2491","41","11","1809","1","1","0","5001468.96594, 3459468.32857","4881468.96594, 3509468.32857",145607.286835929
"2492","41","12","1810","1","1","0","5001468.96594, 3449468.32857","4881468.96594, 3509468.32857",161870.786831505
"2493","41","13","1811","1","1","0","5001468.96594, 3439468.32857","4881468.96594, 3509468.32857",163860.906573676
"2494","41","14","1812","1","1","0","5001468.96594, 3429468.32857","4881468.96594, 3509468.32857",164075.004750498
"2495","41","15","1813","1","0","0","5001468.96594, 3419468.32857","4881468.96594, 3509468.32857",171928.837597764
"2496","41","16","1814","0","1","0","5001468.96594, 3409468.32857","4881468.96594, 3509468.32857",186201.6897506
"2497","41","17","1815","0","1","0","5001468.96594, 3399468.32857","4881468.96594, 3509468.32857",197811.803786233
"2498","41","18","1816","0","1","0","5001468.96594, 3389468.32857","4881468.96594, 3509468.32857",197627.872623137
"2499","41","19","1817","0","0","0","5001468.96594, 3379468.32857","4881468.96594, 3509468.32857",219201.607357448
"2500","41","20","1818","0","0","0","5001468.96594, 3369468.32857","4881468.96594, 3509468.32857",225924.453368435
"2501","41","21","1819","0","0","0","5001468.96594, 3359468.32857","4881468.96594, 3509468.32857",221004.024808478
"2502","41","22","1820","1","1","0","5001468.96594, 3349468.32857","4881468.96594, 3509468.32857",250592.0942433
"2503","41","23","1821","1","1","0","5001468.96594, 3339468.32857","4881468.96594, 3509468.32857",249492.094514851
"2504","41","24","1822","1","0","0","5001468.96594, 3329468.32857","4881468.96594, 3509468.32857",255559.737585433
"2505","41","25","1823","0","0","0","5001468.96594, 3319468.32857","4881468.96594, 3509468.32857",280555.191338126
"2506","41","26","1824","1","0","0","5001468.96594, 3309468.32857","4881468.96594, 3509468.32857",285508.498865866
"2507","41","27","1825","1","0","1","5001468.96594, 3299468.32857","4881468.96594, 3509468.32857",291398.704430886
"2508","41","28","1826","0","0","0","5001468.96594, 3289468.32857","4881468.96594, 3509468.32857",298473.555091722
"2509","41","29","1827","0","0","0","5001468.96594, 3279468.32857","4881468.96594, 3509468.32857",303974.350123885
"2510","41","30","1828","1","1","0","5001468.96594, 3269468.32857","4881468.96594, 3509468.32857",313345.661807798
"2511","41","31","1829","1","1","0","5001468.96594, 3259468.32857","4881468.96594, 3509468.32857",330469.429284569
"2512","41","32","1830","1","1","0","5001468.96594, 3249468.32857","4881468.96594, 3509468.32857",332582.093679719
"2513","41","33","1831","1","1","0","5001468.96594, 3239468.32857","4881468.96594, 3509468.32857",352611.825534498
"2514","41","34","1832","1","1","0","5001468.96594, 3229468.32857","4881468.96594, 3509468.32857",345197.526313524
"2515","41","35","1833","0","1","0","5001468.96594, 3219468.32857","4881468.96594, 3509468.32857",348935.121382986
"2516","41","36","1834","0","0","0","5001468.96594, 3209468.32857","4881468.96594, 3509468.32857",358787.591421111
"2517","41","37","1835","1","0","0","5001468.96594, 3199468.32857","4881468.96594, 3509468.32857",379655.471753654
"2518","41","38","1836","1","0","0","5001468.96594, 3189468.32857","4881468.96594, 3509468.32857",384642.646052818
"2519","41","39","1837","0","0","0","5001468.96594, 3179468.32857","4881468.96594, 3509468.32857",393188.661431229
"2520","41","40","1838","0","0","0","5001468.96594, 3169468.32857","4881468.96594, 3509468.32857",408638.005742917
"2521","41","41","1839","1","0","0","5001468.96594, 3159468.32857","4881468.96594, 3509468.32857",428097.905643293
"2522","41","42","1840","1","0","0","5001468.96594, 3149468.32857","4881468.96594, 3509468.32857",430148.496406383
"2523","41","43","1841","0","0","0","5001468.96594, 3139468.32857","4881468.96594, 3509468.32857",448264.267834033
"2524","41","44","1842","0","0","0","5001468.96594, 3129468.32857","4881468.96594, 3509468.32857",448264.267834033
"2525","41","45","1843","0","1","0","5001468.96594, 3119468.32857","4881468.96594, 3509468.32857",460866.216639331
"2526","41","46","1844","1","1","0","5001468.96594, 3109468.32857","4881468.96594, 3509468.32857",475859.960064198
"2527","41","47","1845","1","1","0","5001468.96594, 3099468.32857","4881468.96594, 3509468.32857",480413.163230274
"2528","41","48","1846","1","0","0","5001468.96594, 3089468.32857","4881468.96594, 3509468.32857",489313.109814313
"2529","41","49","1847","0","0","0","5001468.96594, 3079468.32857","4881468.96594, 3509468.32857",503412.39155487
"2530","41","50","1848","0","1","0","5001468.96594, 3069468.32857","4881468.96594, 3509468.32857",512827.196681625
"2531","41","51","1849","1","1","0","5001468.96594, 3059468.32857","4881468.96594, 3509468.32857",524206.721449647
"2532","41","52","1850","1","1","0","5001468.96594, 3049468.32857","4881468.96594, 3509468.32857",535066.863446968
"2533","41","53","1851","1","0","1","5001468.96594, 3039468.32857","4881468.96594, 3509468.32857",549638.760103334
"2534","41","54","1852","1","1","1","5001468.96594, 3029468.32857","4881468.96594, 3509468.32857",558596.148181494
"2535","41","55","1853","1","1","0","5001468.96594, 3019468.32857","4881468.96594, 3509468.32857",569072.409955834
"2536","41","56","1854","1","0","0","5001468.96594, 3009468.32857","4881468.96594, 3509468.32857",576543.822940231
"2537","41","57","1855","0","1","0","5001468.96594, 2999468.32857","4881468.96594, 3509468.32857",599344.062382627
"2538","41","58","1856","0","1","0","5001468.96594, 2989468.32857","4881468.96594, 3509468.32857",602495.085722474
"2539","41","59","1857","1","0","0","5001468.96594, 2979468.32857","4881468.96594, 3509468.32857",611230.654890976
"2540","41","60","1858","1","0","0","5001510.56563, 2969516.61952","4881468.96594, 3509468.32857",624565.150319214
"2541","41","61","1859","1","0","0","5004041.07925, 2963806.44193","4881468.96594, 3509468.32857",633399.499294519
"2547","42","5","1860","1","0","0","5011471.87627, 3519304.97242","4881468.96594, 3509468.32857",181326.550213749
"2548","42","6","1861","0","0","0","5011468.96594, 3509468.32857","4881468.96594, 3509468.32857",162940.045887276
"2549","42","7","1862","1","0","0","5011468.96594, 3499468.32857","4881468.96594, 3509468.32857",151876.916334515
"2550","42","8","1863","1","0","0","5011468.96594, 3489468.32857","4881468.96594, 3509468.32857",151534.754957007
"2551","42","9","1864","0","0","0","5011468.96594, 3479468.32857","4881468.96594, 3509468.32857",147088.186809756
"2552","42","10","1865","1","0","0","5011468.96594, 3469468.32857","4881468.96594, 3509468.32857",153853.098431993
"2553","42","11","1866","1","1","0","5011468.96594, 3459468.32857","4881468.96594, 3509468.32857",156920.551244294
"2554","42","12","1867","1","1","0","5011468.96594, 3449468.32857","4881468.96594, 3509468.32857",161946.715724287
"2555","42","13","1868","0","1","0","5011468.96594, 3439468.32857","4881468.96594, 3509468.32857",171025.165484489
"2556","42","14","1869","1","1","0","5011468.96594, 3429468.32857","4881468.96594, 3509468.32857",174859.361346226
"2557","42","15","1870","1","1","0","5011468.96594, 3419468.32857","4881468.96594, 3509468.32857",192683.048689529
"2558","42","16","1871","1","1","0","5011468.96594, 3409468.32857","4881468.96594, 3509468.32857",185352.464330526
"2559","42","17","1872","1","0","0","5011468.96594, 3399468.32857","4881468.96594, 3509468.32857",197820.162953837
"2560","42","18","1873","1","1","0","5011468.96594, 3389468.32857","4881468.96594, 3509468.32857",208402.754873029
"2561","42","19","1874","1","1","0","5011468.96594, 3379468.32857","4881468.96594, 3509468.32857",212166.256959556
"2562","42","20","1875","1","0","0","5011468.96594, 3369468.32857","4881468.96594, 3509468.32857",222170.4032328
"2563","42","21","1876","1","0","0","5011468.96594, 3359468.32857","4881468.96594, 3509468.32857",233571.831871675
"2564","42","22","1877","1","0","0","5011468.96594, 3349468.32857","4881468.96594, 3509468.32857",243106.055333133
"2565","42","23","1878","1","1","0","5011468.96594, 3339468.32857","4881468.96594, 3509468.32857",253704.704893458
"2566","42","24","1879","1","1","0","5011468.96594, 3329468.32857","4881468.96594, 3509468.32857",264185.92666856
"2567","42","25","1880","1","0","0","5011468.96594, 3319468.32857","4881468.96594, 3509468.32857",281344.431761605
"2568","42","26","1881","1","0","0","5011468.96594, 3309468.32857","4881468.96594, 3509468.32857",291135.377450409
"2569","42","27","1882","1","0","1","5011468.96594, 3299468.32857","4881468.96594, 3509468.32857",299397.515429149
"2570","42","28","1883","1","0","0","5011468.96594, 3289468.32857","4881468.96594, 3509468.32857",307499.388202713
"2571","42","29","1884","1","1","0","5011468.96594, 3279468.32857","4881468.96594, 3509468.32857",321655.970610848
"2572","42","30","1885","1","1","0","5011468.96594, 3269468.32857","4881468.96594, 3509468.32857",328645.907558102
"2573","42","31","1886","1","1","0","5011468.96594, 3259468.32857","4881468.96594, 3509468.32857",332980.186362486
"2574","42","32","1887","1","1","0","5011468.96594, 3249468.32857","4881468.96594, 3509468.32857",340951.576202056
"2575","42","33","1888","1","1","0","5011468.96594, 3239468.32857","4881468.96594, 3509468.32857",347904.929507678
"2576","42","34","1889","1","1","0","5011468.96594, 3229468.32857","4881468.96594, 3509468.32857",356156.057618957
"2577","42","35","1890","1","1","0","5011468.96594, 3219468.32857","4881468.96594, 3509468.32857",352004.893272812
"2578","42","36","1891","1","1","0","5011468.96594, 3209468.32857","4881468.96594, 3509468.32857",366174.841145513
"2579","42","37","1892","1","0","0","5011468.96594, 3199468.32857","4881468.96594, 3509468.32857",383852.518346385
"2580","42","38","1893","1","0","0","5011468.96594, 3189468.32857","4881468.96594, 3509468.32857",391962.866250487
"2581","42","39","1894","1","0","0","5011468.96594, 3179468.32857","4881468.96594, 3509468.32857",396385.897111178
"2582","42","40","1895","0","0","0","5011468.96594, 3169468.32857","4881468.96594, 3509468.32857",404809.810825122
"2583","42","41","1896","1","0","0","5011468.96594, 3159468.32857","4881468.96594, 3509468.32857",417532.757958293
"2584","42","42","1897","0","0","0","5011468.96594, 3149468.32857","4881468.96594, 3509468.32857",425737.614789478
"2585","42","43","1898","0","0","0","5011468.96594, 3139468.32857","4881468.96594, 3509468.32857",437766.056995296
"2586","42","44","1899","0","1","0","5011468.96594, 3129468.32857","4881468.96594, 3509468.32857",454081.008515718
"2587","42","45","1900","0","1","0","5011468.96594, 3119468.32857","4881468.96594, 3509468.32857",464317.556537306
"2588","42","46","1901","1","1","0","5011468.96594, 3109468.32857","4881468.96594, 3509468.32857",474051.800680058
"2589","42","47","1902","1","1","0","5011468.96594, 3099468.32857","4881468.96594, 3509468.32857",494223.858147551
"2590","42","48","1903","0","0","0","5011468.96594, 3089468.32857","4881468.96594, 3509468.32857",501812.29086058
"2591","42","49","1904","0","1","0","5011468.96594, 3079468.32857","4881468.96594, 3509468.32857",508983.297252806
"2592","42","50","1905","0","1","0","5011468.96594, 3069468.32857","4881468.96594, 3509468.32857",514427.493158386
"2593","42","51","1906","1","0","0","5011468.96594, 3059468.32857","4881468.96594, 3509468.32857",530438.869292919
"2594","42","52","1907","1","1","0","5011468.96594, 3049468.32857","4881468.96594, 3509468.32857",542056.110872064
"2595","42","53","1908","1","0","0","5011468.96594, 3039468.32857","4881468.96594, 3509468.32857",560201.638478173
"2596","42","54","1909","1","1","1","5011468.96594, 3029468.32857","4881468.96594, 3509468.32857",570510.683879666
"2597","42","55","1910","1","1","0","5011468.96594, 3019468.32857","4881468.96594, 3509468.32857",578639.889058945
"2598","42","56","1911","1","1","0","5011468.96594, 3009468.32857","4881468.96594, 3509468.32857",584523.270831146
"2599","42","57","1912","1","1","0","5011468.96594, 2999468.32857","4881468.96594, 3509468.32857",603369.147672055
"2600","42","58","1913","0","0","0","5011468.96594, 2989468.32857","4881468.96594, 3509468.32857",616228.86852009
"2601","42","59","1914","0","0","0","5011468.96594, 2979468.32857","4881468.96594, 3509468.32857",618892.342208943
"2602","42","60","1915","1","0","0","5011468.96594, 2969468.32857","4881468.96594, 3509468.32857",622481.694989375
"2603","42","61","1916","1","1","0","5012147.37395, 2962701.47931","4881468.96594, 3509468.32857",635048.667341874
"2609","43","5","1917","1","0","0","5021471.86614, 3519321.86385","4881468.96594, 3509468.32857",178376.175267601
"2610","43","6","1918","1","0","0","5021468.96594, 3509468.32857","4881468.96594, 3509468.32857",167876.550085998
"2611","43","7","1919","1","0","0","5021468.96594, 3499468.32857","4881468.96594, 3509468.32857",160388.882611878
"2612","43","8","1920","0","0","0","5021468.96594, 3489468.32857","4881468.96594, 3509468.32857",158551.783355602
"2613","43","9","1921","0","0","0","5021468.96594, 3479468.32857","4881468.96594, 3509468.32857",163840.643631863
"2614","43","10","1922","1","1","0","5021468.96594, 3469468.32857","4881468.96594, 3509468.32857",172822.908076514
"2615","43","11","1923","1","1","0","5021468.96594, 3459468.32857","4881468.96594, 3509468.32857",165607.75120937
"2616","43","12","1924","1","1","0","5021468.96594, 3449468.32857","4881468.96594, 3509468.32857",169988.371236341
"2617","43","13","1925","0","0","0","5021468.96594, 3439468.32857","4881468.96594, 3509468.32857",173178.890919479
"2618","43","14","1926","1","0","0","5021468.96594, 3429468.32857","4881468.96594, 3509468.32857",182574.630357846
"2619","43","15","1927","0","0","0","5021468.96594, 3419468.32857","4881468.96594, 3509468.32857",201223.024457032
"2620","43","16","1928","0","0","0","5021468.96594, 3409468.32857","4881468.96594, 3509468.32857",197331.766896157
"2621","43","17","1929","0","0","0","5021468.96594, 3399468.32857","4881468.96594, 3509468.32857",197820.162953837
"2622","43","18","1930","0","0","0","5021468.96594, 3389468.32857","4881468.96594, 3509468.32857",205713.068877056
"2623","43","19","1931","0","1","0","5021468.96594, 3379468.32857","4881468.96594, 3509468.32857",218867.260003722
"2624","43","20","1932","0","1","0","5021468.96594, 3369468.32857","4881468.96594, 3509468.32857",226979.96848754
"2625","43","21","1933","1","1","0","5021468.96594, 3359468.32857","4881468.96594, 3509468.32857",234594.482608528
"2626","43","22","1934","1","0","0","5021468.96594, 3349468.32857","4881468.96594, 3509468.32857",254081.479676556
"2627","43","23","1935","1","0","0","5021468.96594, 3339468.32857","4881468.96594, 3509468.32857",261256.461215591
"2628","43","24","1936","1","1","0","5021468.96594, 3329468.32857","4881468.96594, 3509468.32857",266410.319025412
"2629","43","25","1937","1","0","0","5021468.96594, 3319468.32857","4881468.96594, 3509468.32857",279147.609370745
"2630","43","26","1938","1","0","0","5021468.96594, 3309468.32857","4881468.96594, 3509468.32857",287985.00031837
"2631","43","27","1939","1","0","1","5021468.96594, 3299468.32857","4881468.96594, 3509468.32857",306207.313831264
"2632","43","28","1940","1","0","0","5021468.96594, 3289468.32857","4881468.96594, 3509468.32857",320044.573491173
"2633","43","29","1941","1","1","0","5021468.96594, 3279468.32857","4881468.96594, 3509468.32857",323581.180122978
"2634","43","30","1942","1","0","0","5021468.96594, 3269468.32857","4881468.96594, 3509468.32857",337752.481368175
"2635","43","31","1943","0","1","0","5021468.96594, 3259468.32857","4881468.96594, 3509468.32857",339252.997409921
"2636","43","32","1944","1","0","0","5021468.96594, 3249468.32857","4881468.96594, 3509468.32857",345753.656463259
"2637","43","33","1945","0","1","0","5021468.96594, 3239468.32857","4881468.96594, 3509468.32857",357546.519330071
"2638","43","34","1946","1","1","0","5021468.96594, 3229468.32857","4881468.96594, 3509468.32857",368668.161042846
"2639","43","35","1947","1","0","0","5021468.96594, 3219468.32857","4881468.96594, 3509468.32857",379155.198939113
"2640","43","36","1948","1","1","0","5021468.96594, 3209468.32857","4881468.96594, 3509468.32857",380465.935817912
"2641","43","37","1949","0","1","0","5021468.96594, 3199468.32857","4881468.96594, 3509468.32857",382874.225220817
"2642","43","38","1950","1","1","0","5021468.96594, 3189468.32857","4881468.96594, 3509468.32857",400849.282167119
"2643","43","39","1951","1","1","0","5021468.96594, 3179468.32857","4881468.96594, 3509468.32857",407281.369455824
"2644","43","40","1952","0","1","0","5021468.96594, 3169468.32857","4881468.96594, 3509468.32857",437648.263452915
"2645","43","41","1953","1","1","0","5021468.96594, 3159468.32857","4881468.96594, 3509468.32857",435448.358190287
"2646","43","42","1954","0","1","0","5021468.96594, 3149468.32857","4881468.96594, 3509468.32857",437128.821205746
"2647","43","43","1955","0","1","0","5021468.96594, 3139468.32857","4881468.96594, 3509468.32857",441065.514638528
"2648","43","44","1956","0","1","0","5021468.96594, 3129468.32857","4881468.96594, 3509468.32857",450029.056099714
"2649","43","45","1957","0","1","0","5021468.96594, 3119468.32857","4881468.96594, 3509468.32857",459275.858445702
"2650","43","46","1958","1","0","0","5021468.96594, 3109468.32857","4881468.96594, 3509468.32857",484475.152109789
"2651","43","47","1959","0","1","0","5021468.96594, 3099468.32857","4881468.96594, 3509468.32857",493599.1597266
"2652","43","48","1960","0","1","0","5021468.96594, 3089468.32857","4881468.96594, 3509468.32857",506234.761987412
"2653","43","49","1961","0","1","0","5021468.96594, 3079468.32857","4881468.96594, 3509468.32857",518242.700609731
"2654","43","50","1962","0","0","0","5021468.96594, 3069468.32857","4881468.96594, 3509468.32857",520352.475491747
"2655","43","51","1963","1","0","0","5021468.96594, 3059468.32857","4881468.96594, 3509468.32857",529956.495934333
"2656","43","52","1964","1","1","0","5021468.96594, 3049468.32857","4881468.96594, 3509468.32857",543408.524777988
"2657","43","53","1965","1","1","1","5021468.96594, 3039468.32857","4881468.96594, 3509468.32857",560878.653100136
"2658","43","54","1966","1","1","1","5021468.96594, 3029468.32857","4881468.96594, 3509468.32857",572899.867380653
"2659","43","55","1967","1","1","0","5021468.96594, 3019468.32857","4881468.96594, 3509468.32857",584402.136612706
"2660","43","56","1968","0","0","0","5021468.96594, 3009468.32857","4881468.96594, 3509468.32857",596174.058688732
"2661","43","57","1969","1","1","0","5021468.96594, 2999468.32857","4881468.96594, 3509468.32857",600523.792938125
"2662","43","58","1970","1","0","0","5021468.96594, 2989468.32857","4881468.96594, 3509468.32857",614458.495192256
"2663","43","59","1971","1","0","0","5021468.96594, 2979468.32857","4881468.96594, 3509468.32857",637539.978540153
"2664","43","60","1972","1","0","0","5021468.96594, 2969468.32857","4881468.96594, 3509468.32857",641800.549448029
"2665","43","61","1973","1","1","0","5021842.93204, 2961379.88545","4881468.96594, 3509468.32857",645934.058092649
"2671","44","5","1974","0","0","0","5031471.85609, 3519338.75529","4881468.96594, 3509468.32857",193475.272787212
"2672","44","6","1975","0","0","0","5031468.96594, 3509468.32857","4881468.96594, 3509468.32857",180955.139863678
"2673","44","7","1976","1","0","0","5031468.96594, 3499468.32857","4881468.96594, 3509468.32857",168327.671224656
"2674","44","8","1977","1","0","0","5031468.96594, 3489468.32857","4881468.96594, 3509468.32857",176774.808121846
"2675","44","9","1978","1","1","0","5031468.96594, 3479468.32857","4881468.96594, 3509468.32857",178049.211440236
"2676","44","10","1979","1","1","0","5031468.96594, 3469468.32857","4881468.96594, 3509468.32857",180513.37090224
"2677","44","11","1980","0","0","0","5031468.96594, 3459468.32857","4881468.96594, 3509468.32857",178610.725026146
"2678","44","12","1981","1","1","0","5031468.96594, 3449468.32857","4881468.96594, 3509468.32857",181907.492816252
"2679","44","13","1982","1","1","0","5031468.96594, 3439468.32857","4881468.96594, 3509468.32857",179564.128480266
"2680","44","14","1983","1","0","0","5031468.96594, 3429468.32857","4881468.96594, 3509468.32857",197332.801874925
"2681","44","15","1984","0","0","0","5031468.96594, 3419468.32857","4881468.96594, 3509468.32857",212463.681468396
"2682","44","16","1985","0","0","0","5031468.96594, 3409468.32857","4881468.96594, 3509468.32857",206603.577025785
"2683","44","17","1986","0","0","0","5031468.96594, 3399468.32857","4881468.96594, 3509468.32857",243040.898748388
"2684","44","18","1987","0","0","0","5031468.96594, 3389468.32857","4881468.96594, 3509468.32857",235925.348684616
"2685","44","19","1988","0","0","0","5031468.96594, 3379468.32857","4881468.96594, 3509468.32857",230462.219477208
"2686","44","20","1989","0","0","0","5031468.96594, 3369468.32857","4881468.96594, 3509468.32857",240362.548454713
"2687","44","21","1990","1","1","0","5031468.96594, 3359468.32857","4881468.96594, 3509468.32857",245332.574898915
"2688","44","22","1991","1","1","0","5031468.96594, 3349468.32857","4881468.96594, 3509468.32857",255157.432315797
"2689","44","23","1992","1","0","0","5031468.96594, 3339468.32857","4881468.96594, 3509468.32857",265686.320955227
"2690","44","24","1993","1","1","0","5031468.96594, 3329468.32857","4881468.96594, 3509468.32857",275345.455323456
"2691","44","25","1994","1","0","0","5031468.96594, 3319468.32857","4881468.96594, 3509468.32857",282177.171509504
"2692","44","26","1995","1","0","1","5031468.96594, 3309468.32857","4881468.96594, 3509468.32857",299968.749208959
"2693","44","27","1996","0","0","1","5031468.96594, 3299468.32857","4881468.96594, 3509468.32857",313674.767941094
"2694","44","28","1997","1","0","0","5031468.96594, 3289468.32857","4881468.96594, 3509468.32857",328091.414574167
"2695","44","29","1998","0","1","0","5031468.96594, 3279468.32857","4881468.96594, 3509468.32857",329520.342259544
"2696","44","30","1999","1","1","0","5031468.96594, 3269468.32857","4881468.96594, 3509468.32857",337673.316767145
"2697","44","31","2000","1","1","0","5031468.96594, 3259468.32857","4881468.96594, 3509468.32857",345275.141270848
"2698","44","32","2001","1","0","0","5031468.96594, 3249468.32857","4881468.96594, 3509468.32857",357722.456554246
"2699","44","33","2002","1","1","0","5031468.96594, 3239468.32857","4881468.96594, 3509468.32857",372229.376335582
"2700","44","34","2003","1","0","0","5031468.96594, 3229468.32857","4881468.96594, 3509468.32857",373616.278012183
"2701","44","35","2004","0","0","0","5031468.96594, 3219468.32857","4881468.96594, 3509468.32857",381358.721627145
"2702","44","36","2005","1","0","0","5031468.96594, 3209468.32857","4881468.96594, 3509468.32857",386795.988665711
"2703","44","37","2006","0","1","0","5031468.96594, 3199468.32857","4881468.96594, 3509468.32857",393518.987321951
"2704","44","38","2007","1","1","0","5031468.96594, 3189468.32857","4881468.96594, 3509468.32857",397026.254450703
"2705","44","39","2008","1","1","0","5031468.96594, 3179468.32857","4881468.96594, 3509468.32857",412578.857886112
"2706","44","40","2009","1","0","0","5031468.96594, 3169468.32857","4881468.96594, 3509468.32857",424592.859715458
"2707","44","41","2010","1","0","0","5031468.96594, 3159468.32857","4881468.96594, 3509468.32857",430905.765224096
"2708","44","42","2011","0","0","0","5031468.96594, 3149468.32857","4881468.96594, 3509468.32857",452794.06449066
"2709","44","43","2012","0","0","0","5031468.96594, 3139468.32857","4881468.96594, 3509468.32857",456600.845523004
"2710","44","44","2013","0","1","0","5031468.96594, 3129468.32857","4881468.96594, 3509468.32857",458636.869922739
"2711","44","45","2014","0","0","0","5031468.96594, 3119468.32857","4881468.96594, 3509468.32857",466639.958816319
"2712","44","46","2015","1","0","0","5031468.96594, 3109468.32857","4881468.96594, 3509468.32857",476303.526783236
"2713","44","47","2016","0","1","0","5031468.96594, 3099468.32857","4881468.96594, 3509468.32857",497560.835794896
"2714","44","48","2017","0","1","0","5031468.96594, 3089468.32857","4881468.96594, 3509468.32857",508441.289511935
"2715","44","49","2018","1","1","0","5031468.96594, 3079468.32857","4881468.96594, 3509468.32857",525542.240094523
"2716","44","50","2019","1","1","0","5031468.96594, 3069468.32857","4881468.96594, 3509468.32857",533327.860463519
"2717","44","51","2020","1","1","0","5031468.96594, 3059468.32857","4881468.96594, 3509468.32857",537463.882073635
"2718","44","52","2021","1","1","0","5031468.96594, 3049468.32857","4881468.96594, 3509468.32857",549126.611930403
"2719","44","53","2022","1","1","1","5031468.96594, 3039468.32857","4881468.96594, 3509468.32857",559387.241713904
"2720","44","54","2023","1","1","0","5031468.96594, 3029468.32857","4881468.96594, 3509468.32857",574593.099488855
"2721","44","55","2024","1","0","0","5031468.96594, 3019468.32857","4881468.96594, 3509468.32857",583985.382282652
"2722","44","56","2025","1","0","0","5031468.96594, 3009468.32857","4881468.96594, 3509468.32857",595671.711168824
"2723","44","57","2026","1","1","0","5031468.96594, 2999468.32857","4881468.96594, 3509468.32857",611778.954603612
"2724","44","58","2027","1","1","0","5031468.96594, 2989468.32857","4881468.96594, 3509468.32857",624827.098068581
"2725","44","59","2028","0","0","0","5031468.96594, 2979468.32857","4881468.96594, 3509468.32857",633131.922884141
"2726","44","60","2029","0","0","0","5031468.96594, 2969468.32857","4881468.96594, 3509468.32857",645283.068815007
"2727","44","61","2030","0","0","0","5031724.54121, 2960035.74239","4881468.96594, 3509468.32857",652710.088618353
"2728","44","62","2031","0","0","0","5036268.18166, 2954413.59107","4881468.96594, 3509468.32857",659024.126724723
"2733","45","5","2032","0","0","0","5041471.8461, 3519355.64672","4881468.96594, 3509468.32857",197425.395017806
"2734","45","6","2033","0","1","0","5041468.96594, 3509468.32857","4881468.96594, 3509468.32857",193654.578171392
"2735","45","7","2034","0","1","0","5041468.96594, 3499468.32857","4881468.96594, 3509468.32857",192361.709029305
"2736","45","8","2035","0","1","0","5041468.96594, 3489468.32857","4881468.96594, 3509468.32857",184229.717138238
"2737","45","9","2036","0","1","0","5041468.96594, 3479468.32857","4881468.96594, 3509468.32857",193938.125202303
"2738","45","10","2037","1","1","0","5041468.96594, 3469468.32857","4881468.96594, 3509468.32857",191355.066276254
"2739","45","11","2038","1","0","0","5041468.96594, 3459468.32857","4881468.96594, 3509468.32857",201835.423993392
"2740","45","12","2039","1","0","0","5041468.96594, 3449468.32857","4881468.96594, 3509468.32857",212210.470718853
"2741","45","13","2040","1","1","0","5041468.96594, 3439468.32857","4881468.96594, 3509468.32857",194657.652322107
"2742","45","14","2041","1","1","0","5041468.96594, 3429468.32857","4881468.96594, 3509468.32857",208589.227461282
"2743","45","15","2042","1","1","0","5041468.96594, 3419468.32857","4881468.96594, 3509468.32857",211491.381904222
"2744","45","16","2043","1","0","0","5041468.96594, 3409468.32857","4881468.96594, 3509468.32857",225170.566895834
"2745","45","17","2044","1","0","0","5041468.96594, 3399468.32857","4881468.96594, 3509468.32857",236518.796397391
"2746","45","18","2045","1","0","0","5041468.96594, 3389468.32857","4881468.96594, 3509468.32857",247151.949768032
"2747","45","19","2046","1","0","0","5041468.96594, 3379468.32857","4881468.96594, 3509468.32857",238427.204015561
"2748","45","20","2047","0","0","0","5041468.96594, 3369468.32857","4881468.96594, 3509468.32857",255599.240998146
"2749","45","21","2048","1","0","0","5041468.96594, 3359468.32857","4881468.96594, 3509468.32857",255766.896052574
"2750","45","22","2049","0","1","0","5041468.96594, 3349468.32857","4881468.96594, 3509468.32857",265310.387082198
"2751","45","23","2050","0","1","0","5041468.96594, 3339468.32857","4881468.96594, 3509468.32857",289683.417287383
"2752","45","24","2051","0","1","0","5041468.96594, 3329468.32857","4881468.96594, 3509468.32857",292319.656454247
"2753","45","25","2052","1","0","0","5041468.96594, 3319468.32857","4881468.96594, 3509468.32857",290057.784452279
"2754","45","26","2053","1","1","1","5041468.96594, 3309468.32857","4881468.96594, 3509468.32857",302050.054416624
"2755","45","27","2054","0","0","0","5041468.96594, 3299468.32857","4881468.96594, 3509468.32857",311991.652427056
"2756","45","28","2055","1","1","0","5041468.96594, 3289468.32857","4881468.96594, 3509468.32857",321560.286579034
"2757","45","29","2056","1","1","0","5041468.96594, 3279468.32857","4881468.96594, 3509468.32857",334928.979158658
"2758","45","30","2057","1","1","0","5041468.96594, 3269468.32857","4881468.96594, 3509468.32857",345800.232052753
"2759","45","31","2058","1","1","0","5041468.96594, 3259468.32857","4881468.96594, 3509468.32857",352198.976141786
"2760","45","32","2059","1","1","0","5041468.96594, 3249468.32857","4881468.96594, 3509468.32857",360008.496690434
"2761","45","33","2060","0","1","0","5041468.96594, 3239468.32857","4881468.96594, 3509468.32857",379888.065495896
"2762","45","34","2061","0","1","0","5041468.96594, 3229468.32857","4881468.96594, 3509468.32857",379657.526220612
"2763","45","35","2062","0","1","0","5041468.96594, 3219468.32857","4881468.96594, 3509468.32857",382512.05351378
"2764","45","36","2063","1","1","0","5041468.96594, 3209468.32857","4881468.96594, 3509468.32857",398776.209890588
"2765","45","37","2064","1","1","0","5041468.96594, 3199468.32857","4881468.96594, 3509468.32857",408297.307046757
"2766","45","38","2065","1","1","0","5041468.96594, 3189468.32857","4881468.96594, 3509468.32857",406727.208786014
"2767","45","39","2066","0","1","0","5041468.96594, 3179468.32857","4881468.96594, 3509468.32857",427226.264977518
"2768","45","40","2067","1","1","0","5041468.96594, 3169468.32857","4881468.96594, 3509468.32857",437651.924481785
"2769","45","41","2068","1","0","0","5041468.96594, 3159468.32857","4881468.96594, 3509468.32857",438104.000631433
"2770","45","42","2069","0","0","0","5041468.96594, 3149468.32857","4881468.96594, 3509468.32857",448554.13730946
"2771","45","43","2070","0","1","0","5041468.96594, 3139468.32857","4881468.96594, 3509468.32857",461614.398320306
"2772","45","44","2071","0","1","0","5041468.96594, 3129468.32857","4881468.96594, 3509468.32857",467162.95360761
"2773","45","45","2072","0","0","0","5041468.96594, 3119468.32857","4881468.96594, 3509468.32857",477194.461612853
"2774","45","46","2073","1","1","0","5041468.96594, 3109468.32857","4881468.96594, 3509468.32857",482978.19974745
"2775","45","47","2074","1","1","0","5041468.96594, 3099468.32857","4881468.96594, 3509468.32857",501449.106457163
"2776","45","48","2075","1","0","0","5041468.96594, 3089468.32857","4881468.96594, 3509468.32857",511481.568627333
"2777","45","49","2076","1","0","0","5041468.96594, 3079468.32857","4881468.96594, 3509468.32857",535116.721086225
"2778","45","50","2077","1","0","0","5041468.96594, 3069468.32857","4881468.96594, 3509468.32857",537939.815400703
"2779","45","51","2078","1","1","0","5041468.96594, 3059468.32857","4881468.96594, 3509468.32857",545796.908924985
"2780","45","52","2079","1","1","0","5041468.96594, 3049468.32857","4881468.96594, 3509468.32857",556512.670029224
"2781","45","53","2080","1","1","1","5041468.96594, 3039468.32857","4881468.96594, 3509468.32857",560531.478319508
"2782","45","54","2081","0","0","0","5041468.96594, 3029468.32857","4881468.96594, 3509468.32857",573443.167836053
"2783","45","55","2082","0","0","0","5041468.96594, 3019468.32857","4881468.96594, 3509468.32857",589443.865477693
"2784","45","56","2083","1","0","0","5041468.96594, 3009468.32857","4881468.96594, 3509468.32857",600684.816681421
"2785","45","57","2084","1","1","0","5041468.96594, 2999468.32857","4881468.96594, 3509468.32857",612482.413223527
"2786","45","58","2085","1","1","0","5041468.96594, 2989468.32857","4881468.96594, 3509468.32857",623591.811207172
"2787","45","59","2086","1","1","0","5041468.96594, 2979468.32857","4881468.96594, 3509468.32857",632531.459045298
"2788","45","60","2087","1","1","0","5041468.96594, 2969468.32857","4881468.96594, 3509468.32857",645220.784487551
"2789","45","61","2088","1","1","0","5041468.96594, 2959468.32857","4881468.96594, 3509468.32857",656430.857700242
"2790","45","62","2089","0","0","0","5042956.43622, 2953501.92038","4881468.96594, 3509468.32857",660787.673895876
"2794","46","4","2090","0","1","0","5054681.11971, 3524940.19442","4881468.96594, 3509468.32857",223609.855108499
"2795","46","5","2091","0","1","0","5051493.97468, 3519425.85722","4881468.96594, 3509468.32857",218115.073242757
"2796","46","6","2092","0","1","0","5051468.96594, 3509468.32857","4881468.96594, 3509468.32857",203944.950316324
"2797","46","7","2093","0","1","0","5051468.96594, 3499468.32857","4881468.96594, 3509468.32857",201141.058581427
"2798","46","8","2094","0","0","0","5051468.96594, 3489468.32857","4881468.96594, 3509468.32857",197449.543121725
"2799","46","9","2095","0","0","0","5051468.96594, 3479468.32857","4881468.96594, 3509468.32857",200134.033740002
"2800","46","10","2096","1","1","0","5051468.96594, 3469468.32857","4881468.96594, 3509468.32857",199782.957590962
"2801","46","11","2097","0","0","0","5051468.96594, 3459468.32857","4881468.96594, 3509468.32857",222919.715201113
"2802","46","12","2098","1","0","0","5051468.96594, 3449468.32857","4881468.96594, 3509468.32857",211195.2495396
"2803","46","13","2099","1","1","0","5051468.96594, 3439468.32857","4881468.96594, 3509468.32857",203598.454403265
"2804","46","14","2100","0","1","0","5051468.96594, 3429468.32857","4881468.96594, 3509468.32857",206424.655144304
"2805","46","15","2101","1","1","0","5051468.96594, 3419468.32857","4881468.96594, 3509468.32857",213842.346416249
"2806","46","16","2102","0","0","0","5051468.96594, 3409468.32857","4881468.96594, 3509468.32857",233220.078141483
"2807","46","17","2103","0","0","0","5051468.96594, 3399468.32857","4881468.96594, 3509468.32857",247335.663254268
"2808","46","18","2104","0","0","0","5051468.96594, 3389468.32857","4881468.96594, 3509468.32857",245572.498259189
"2809","46","19","2105","1","0","0","5051468.96594, 3379468.32857","4881468.96594, 3509468.32857",250101.442609668
"2810","46","20","2106","1","0","0","5051468.96594, 3369468.32857","4881468.96594, 3509468.32857",254000.614529488
"2811","46","21","2107","1","0","0","5051468.96594, 3359468.32857","4881468.96594, 3509468.32857",269443.988012104
"2812","46","22","2108","0","0","0","5051468.96594, 3349468.32857","4881468.96594, 3509468.32857",271455.11022089
"2813","46","23","2109","0","1","0","5051468.96594, 3339468.32857","4881468.96594, 3509468.32857",284568.220129731
"2814","46","24","2110","0","1","0","5051468.96594, 3329468.32857","4881468.96594, 3509468.32857",300276.662207701
"2815","46","25","2111","1","1","0","5051468.96594, 3319468.32857","4881468.96594, 3509468.32857",309222.574032119
"2816","46","26","2112","1","1","1","5051468.96594, 3309468.32857","4881468.96594, 3509468.32857",306369.459738368
"2817","46","27","2113","0","0","0","5051468.96594, 3299468.32857","4881468.96594, 3509468.32857",322923.363182285
"2818","46","28","2114","1","1","0","5051468.96594, 3289468.32857","4881468.96594, 3509468.32857",334482.484047571
"2819","46","29","2115","1","1","0","5051468.96594, 3279468.32857","4881468.96594, 3509468.32857",338291.88310038
"2820","46","30","2116","1","0","0","5051468.96594, 3269468.32857","4881468.96594, 3509468.32857",356755.034676669
"2821","46","31","2117","1","1","0","5051468.96594, 3259468.32857","4881468.96594, 3509468.32857",366196.667302788
"2822","46","32","2118","1","0","0","5051468.96594, 3249468.32857","4881468.96594, 3509468.32857",365316.951475861
"2823","46","33","2119","0","0","0","5051468.96594, 3239468.32857","4881468.96594, 3509468.32857",390970.053391406
"2824","46","34","2120","0","0","0","5051468.96594, 3229468.32857","4881468.96594, 3509468.32857",401407.331730132
"2825","46","35","2121","0","0","0","5051468.96594, 3219468.32857","4881468.96594, 3509468.32857",392811.037180342
"2826","46","36","2122","1","0","0","5051468.96594, 3209468.32857","4881468.96594, 3509468.32857",404422.489358349
"2827","46","37","2123","1","1","0","5051468.96594, 3199468.32857","4881468.96594, 3509468.32857",417482.586962669
"2828","46","38","2124","0","0","0","5051468.96594, 3189468.32857","4881468.96594, 3509468.32857",417482.586962669
"2829","46","39","2125","0","0","0","5051468.96594, 3179468.32857","4881468.96594, 3509468.32857",440491.323517079
"2830","46","40","2126","1","1","0","5051468.96594, 3169468.32857","4881468.96594, 3509468.32857",438504.93748344
"2831","46","41","2127","1","0","0","5051468.96594, 3159468.32857","4881468.96594, 3509468.32857",444968.089843494
"2832","46","42","2128","1","0","0","5051468.96594, 3149468.32857","4881468.96594, 3509468.32857",452392.211445177
"2833","46","43","2129","0","1","0","5051468.96594, 3139468.32857","4881468.96594, 3509468.32857",472516.492009608
"2834","46","44","2130","1","0","0","5051468.96594, 3129468.32857","4881468.96594, 3509468.32857",477250.442733501
"2835","46","45","2131","1","1","0","5051468.96594, 3119468.32857","4881468.96594, 3509468.32857",496946.789946172
"2836","46","46","2132","1","1","0","5051468.96594, 3109468.32857","4881468.96594, 3509468.32857",493779.855915864
"2837","46","47","2133","0","0","0","5051468.96594, 3099468.32857","4881468.96594, 3509468.32857",501401.112377741
"2838","46","48","2134","0","0","0","5051468.96594, 3089468.32857","4881468.96594, 3509468.32857",513225.416624014
"2839","46","49","2135","0","0","0","5051468.96594, 3079468.32857","4881468.96594, 3509468.32857",519605.30776023
"2840","46","50","2136","0","0","0","5051468.96594, 3069468.32857","4881468.96594, 3509468.32857",539039.235881046
"2841","46","51","2137","0","0","0","5051468.96594, 3059468.32857","4881468.96594, 3509468.32857",556810.525439378
"2842","46","52","2138","1","1","1","5051468.96594, 3049468.32857","4881468.96594, 3509468.32857",567384.449399016
"2843","46","53","2139","1","1","1","5051468.96594, 3039468.32857","4881468.96594, 3509468.32857",572162.794742479
"2844","46","54","2140","0","0","0","5051468.96594, 3029468.32857","4881468.96594, 3509468.32857",580028.960813118
"2845","46","55","2141","0","0","0","5051468.96594, 3019468.32857","4881468.96594, 3509468.32857",595550.07743885
"2846","46","56","2142","1","1","0","5051468.96594, 3009468.32857","4881468.96594, 3509468.32857",599985.302956787
"2847","46","57","2143","1","1","0","5051468.96594, 2999468.32857","4881468.96594, 3509468.32857",613254.272904443
"2848","46","58","2144","0","0","0","5051468.96594, 2989468.32857","4881468.96594, 3509468.32857",617673.782150157
"2849","46","59","2145","1","0","0","5051468.96594, 2979468.32857","4881468.96594, 3509468.32857",643370.69290968
"2850","46","60","2146","1","0","0","5051468.96594, 2969468.32857","4881468.96594, 3509468.32857",647991.937172356
"2851","46","61","2147","1","0","0","5051468.96594, 2959468.32857","4881468.96594, 3509468.32857",660739.176264356
"2852","46","62","2148","0","0","0","5052003.07342, 2952268.78041","4881468.96594, 3509468.32857",663014.277350612
"2856","47","4","2149","0","0","0","5062273.06709, 3525942.0649","4881468.96594, 3509468.32857",220604.764236607
"2857","47","5","2150","0","0","0","5061468.96594, 3519468.32857","4881468.96594, 3509468.32857",215114.846972813
"2858","47","6","2151","0","0","0","5061468.96594, 3509468.32857","4881468.96594, 3509468.32857",220691.754029469
"2859","47","7","2152","0","1","0","5061468.96594, 3499468.32857","4881468.96594, 3509468.32857",209323.693977893
"2860","47","8","2153","0","0","0","5061468.96594, 3489468.32857","4881468.96594, 3509468.32857",217626.176413801
"2861","47","9","2154","1","1","0","5061468.96594, 3479468.32857","4881468.96594, 3509468.32857",216042.794952564
"2862","47","10","2155","1","1","0","5061468.96594, 3469468.32857","4881468.96594, 3509468.32857",218614.044017511
"2863","47","11","2156","1","0","0","5061468.96594, 3459468.32857","4881468.96594, 3509468.32857",230458.022946763
"2864","47","12","2157","1","0","0","5061468.96594, 3449468.32857","4881468.96594, 3509468.32857",219474.616749009
"2865","47","13","2158","1","1","0","5061468.96594, 3439468.32857","4881468.96594, 3509468.32857",215004.171765765
"2866","47","14","2159","0","0","0","5061468.96594, 3429468.32857","4881468.96594, 3509468.32857",218457.33287576
"2867","47","15","2160","0","0","0","5061468.96594, 3419468.32857","4881468.96594, 3509468.32857",248672.457126804
"2868","47","16","2161","0","0","0","5061468.96594, 3409468.32857","4881468.96594, 3509468.32857",244749.536187449
"2869","47","17","2162","0","0","0","5061468.96594, 3399468.32857","4881468.96594, 3509468.32857",250852.081617279
"2870","47","18","2163","0","0","0","5061468.96594, 3389468.32857","4881468.96594, 3509468.32857",261605.453574539
"2871","47","19","2164","0","0","0","5061468.96594, 3379468.32857","4881468.96594, 3509468.32857",260096.687245365
"2872","47","20","2165","1","0","0","5061468.96594, 3369468.32857","4881468.96594, 3509468.32857",263554.583240389
"2873","47","21","2166","1","0","0","5061468.96594, 3359468.32857","4881468.96594, 3509468.32857",275660.834623404
"2874","47","22","2167","1","0","0","5061468.96594, 3349468.32857","4881468.96594, 3509468.32857",278464.213855017
"2875","47","23","2168","0","0","0","5061468.96594, 3339468.32857","4881468.96594, 3509468.32857",294733.677349638
"2876","47","24","2169","0","0","0","5061468.96594, 3329468.32857","4881468.96594, 3509468.32857",308883.102718909
"2877","47","25","2170","1","1","0","5061468.96594, 3319468.32857","4881468.96594, 3509468.32857",314341.728486919
"2878","47","26","2171","1","1","1","5061468.96594, 3309468.32857","4881468.96594, 3509468.32857",316920.783921483
"2879","47","27","2172","1","1","1","5061468.96594, 3299468.32857","4881468.96594, 3509468.32857",321494.771338915
"2880","47","28","2173","1","1","0","5061468.96594, 3289468.32857","4881468.96594, 3509468.32857",334507.369009051
"2881","47","29","2174","1","1","0","5061468.96594, 3279468.32857","4881468.96594, 3509468.32857",346498.38223483
"2882","47","30","2175","1","0","0","5061468.96594, 3269468.32857","4881468.96594, 3509468.32857",357246.464074546
"2883","47","31","2176","1","1","0","5061468.96594, 3259468.32857","4881468.96594, 3509468.32857",365095.318668749
"2884","47","32","2177","1","0","0","5061468.96594, 3249468.32857","4881468.96594, 3509468.32857",374145.355550008
"2885","47","33","2178","0","0","0","5061468.96594, 3239468.32857","4881468.96594, 3509468.32857",389062.298388044
"2886","47","34","2179","0","0","0","5061468.96594, 3229468.32857","4881468.96594, 3509468.32857",397621.456453587
"2887","47","35","2180","1","0","0","5061468.96594, 3219468.32857","4881468.96594, 3509468.32857",418598.843615075
"2888","47","36","2181","1","0","0","5061468.96594, 3209468.32857","4881468.96594, 3509468.32857",417958.388054425
"2889","47","37","2182","1","1","0","5061468.96594, 3199468.32857","4881468.96594, 3509468.32857",423750.629776043
"2890","47","38","2183","1","1","0","5061468.96594, 3189468.32857","4881468.96594, 3509468.32857",433309.19665815
"2891","47","39","2184","0","0","0","5061468.96594, 3179468.32857","4881468.96594, 3509468.32857",437895.075687751
"2892","47","40","2185","1","1","0","5061468.96594, 3169468.32857","4881468.96594, 3509468.32857",451482.867527397
"2893","47","41","2186","0","0","0","5061468.96594, 3159468.32857","4881468.96594, 3509468.32857",463373.87818933
"2894","47","42","2187","1","1","0","5061468.96594, 3149468.32857","4881468.96594, 3509468.32857",461048.254998206
"2895","47","43","2188","1","1","0","5061468.96594, 3139468.32857","4881468.96594, 3509468.32857",476389.061238237
"2896","47","44","2189","1","1","0","5061468.96594, 3129468.32857","4881468.96594, 3509468.32857",485000.625243738
"2897","47","45","2190","0","1","0","5061468.96594, 3119468.32857","4881468.96594, 3509468.32857",502062.543898755
"2898","47","46","2191","1","1","0","5061468.96594, 3109468.32857","4881468.96594, 3509468.32857",507705.680053034
"2899","47","47","2192","0","0","0","5061468.96594, 3099468.32857","4881468.96594, 3509468.32857",518043.967084646
"2900","47","48","2193","0","0","0","5061468.96594, 3089468.32857","4881468.96594, 3509468.32857",516149.72735659
"2901","47","49","2194","0","0","0","5061468.96594, 3079468.32857","4881468.96594, 3509468.32857",529040.879226232
"2902","47","50","2195","0","0","0","5061468.96594, 3069468.32857","4881468.96594, 3509468.32857",545022.398753544
"2903","47","51","2196","1","0","1","5061468.96594, 3059468.32857","4881468.96594, 3509468.32857",566130.333552869
"2904","47","52","2197","1","0","1","5061468.96594, 3049468.32857","4881468.96594, 3509468.32857",570679.389168704
"2905","47","53","2198","1","1","0","5061468.96594, 3039468.32857","4881468.96594, 3509468.32857",580787.105665516
"2906","47","54","2199","0","0","0","5061468.96594, 3029468.32857","4881468.96594, 3509468.32857",594635.595735388
"2907","47","55","2200","0","0","0","5061468.96594, 3019468.32857","4881468.96594, 3509468.32857",595432.369695283
"2908","47","56","2201","1","1","0","5061468.96594, 3009468.32857","4881468.96594, 3509468.32857",615238.803660028
"2909","47","57","2202","0","0","0","5061468.96594, 2999468.32857","4881468.96594, 3509468.32857",628681.751347055
"2910","47","58","2203","0","0","0","5061468.96594, 2989468.32857","4881468.96594, 3509468.32857",656530.515391509
"2911","47","59","2204","0","0","0","5061468.96594, 2979468.32857","4881468.96594, 3509468.32857",652566.903752619
"2912","47","60","2205","0","0","0","5061468.96594, 2969468.32857","4881468.96594, 3509468.32857",655517.676058382
"2913","47","61","2206","1","0","0","5061468.96594, 2959468.32857","4881468.96594, 3509468.32857",664581.459863745
"2914","47","62","2207","0","0","0","5060728.98429, 2952039.76086","4881468.96594, 3509468.32857",664581.459863745
"2918","48","4","2208","1","0","0","5071878.1941, 3527209.6044","4881468.96594, 3509468.32857",257009.517533153
"2919","48","5","2209","0","0","0","5071468.96594, 3519468.32857","4881468.96594, 3509468.32857",231285.208745193
"2920","48","6","2210","0","0","0","5071468.96594, 3509468.32857","4881468.96594, 3509468.32857",223739.572578708
"2921","48","7","2211","0","1","0","5071468.96594, 3499468.32857","4881468.96594, 3509468.32857",218277.837534433
"2922","48","8","2212","1","0","0","5071468.96594, 3489468.32857","4881468.96594, 3509468.32857",231126.685596648
"2923","48","9","2213","1","0","0","5071468.96594, 3479468.32857","4881468.96594, 3509468.32857",224710.983941581
"2924","48","10","2214","1","1","0","5071468.96594, 3469468.32857","4881468.96594, 3509468.32857",229006.030300098
"2925","48","11","2215","1","0","0","5071468.96594, 3459468.32857","4881468.96594, 3509468.32857",232643.359516245
"2926","48","12","2216","1","1","0","5071468.96594, 3449468.32857","4881468.96594, 3509468.32857",234354.525787515
"2927","48","13","2217","1","1","0","5071468.96594, 3439468.32857","4881468.96594, 3509468.32857",226344.145044943
"2928","48","14","2218","1","0","0","5071468.96594, 3429468.32857","4881468.96594, 3509468.32857",230677.007609276
"2929","48","15","2219","1","0","0","5071468.96594, 3419468.32857","4881468.96594, 3509468.32857",241394.61932204
"2930","48","16","2220","1","0","0","5071468.96594, 3409468.32857","4881468.96594, 3509468.32857",252613.701103767
"2931","48","17","2221","0","0","0","5071468.96594, 3399468.32857","4881468.96594, 3509468.32857",258806.606577107
"2932","48","18","2222","0","0","0","5071468.96594, 3389468.32857","4881468.96594, 3509468.32857",276475.217483658
"2933","48","19","2223","0","0","0","5071468.96594, 3379468.32857","4881468.96594, 3509468.32857",284410.948047776
"2934","48","20","2224","1","0","0","5071468.96594, 3369468.32857","4881468.96594, 3509468.32857",277060.731400993
"2935","48","21","2225","1","0","0","5071468.96594, 3359468.32857","4881468.96594, 3509468.32857",298800.837083486
"2936","48","22","2226","1","0","0","5071468.96594, 3349468.32857","4881468.96594, 3509468.32857",289183.334539543
"2937","48","23","2227","1","0","0","5071468.96594, 3339468.32857","4881468.96594, 3509468.32857",292412.373963676
"2938","48","24","2228","1","0","0","5071468.96594, 3329468.32857","4881468.96594, 3509468.32857",308674.611524246
"2939","48","25","2229","1","1","0","5071468.96594, 3319468.32857","4881468.96594, 3509468.32857",310107.82140685
"2940","48","26","2230","0","1","0","5071468.96594, 3309468.32857","4881468.96594, 3509468.32857",328906.656455899
"2941","48","27","2231","1","1","1","5071468.96594, 3299468.32857","4881468.96594, 3509468.32857",330010.624076026
"2942","48","28","2232","1","1","1","5071468.96594, 3289468.32857","4881468.96594, 3509468.32857",342690.702424924
"2943","48","29","2233","1","1","0","5071468.96594, 3279468.32857","4881468.96594, 3509468.32857",347041.739852948
"2944","48","30","2234","1","1","0","5071468.96594, 3269468.32857","4881468.96594, 3509468.32857",360223.069270664
"2945","48","31","2235","1","1","0","5071468.96594, 3259468.32857","4881468.96594, 3509468.32857",370300.205493152
"2946","48","32","2236","1","0","0","5071468.96594, 3249468.32857","4881468.96594, 3509468.32857",384534.11115326
"2947","48","33","2237","1","0","0","5071468.96594, 3239468.32857","4881468.96594, 3509468.32857",388246.421526116
"2948","48","34","2238","1","0","0","5071468.96594, 3229468.32857","4881468.96594, 3509468.32857",397769.170010254
"2949","48","35","2239","1","0","0","5071468.96594, 3219468.32857","4881468.96594, 3509468.32857",409527.009394593
"2950","48","36","2240","0","0","0","5071468.96594, 3209468.32857","4881468.96594, 3509468.32857",429435.597889139
"2951","48","37","2241","1","1","0","5071468.96594, 3199468.32857","4881468.96594, 3509468.32857",443650.237701475
"2952","48","38","2242","1","1","0","5071468.96594, 3189468.32857","4881468.96594, 3509468.32857",438137.491920808
"2953","48","39","2243","0","0","0","5071468.96594, 3179468.32857","4881468.96594, 3509468.32857",445352.482861979
"2954","48","40","2244","1","1","0","5071468.96594, 3169468.32857","4881468.96594, 3509468.32857",460576.831370098
"2955","48","41","2245","1","0","0","5071468.96594, 3159468.32857","4881468.96594, 3509468.32857",470867.169471539
"2956","48","42","2246","1","1","0","5071468.96594, 3149468.32857","4881468.96594, 3509468.32857",473805.293277804
"2957","48","43","2247","1","0","0","5071468.96594, 3139468.32857","4881468.96594, 3509468.32857",478071.719198726
"2958","48","44","2248","1","0","0","5071468.96594, 3129468.32857","4881468.96594, 3509468.32857",483227.259534943
"2959","48","45","2249","1","1","0","5071468.96594, 3119468.32857","4881468.96594, 3509468.32857",495308.085970429
"2960","48","46","2250","1","1","0","5071468.96594, 3109468.32857","4881468.96594, 3509468.32857",508534.640703999
"2961","48","47","2251","0","1","0","5071468.96594, 3099468.32857","4881468.96594, 3509468.32857",519601.874497588
"2962","48","48","2252","0","1","0","5071468.96594, 3089468.32857","4881468.96594, 3509468.32857",526154.939494376
"2963","48","49","2253","0","0","0","5071468.96594, 3079468.32857","4881468.96594, 3509468.32857",539641.681848472
"2964","48","50","2254","0","0","0","5071468.96594, 3069468.32857","4881468.96594, 3509468.32857",545658.033950819
"2965","48","51","2255","1","0","1","5071468.96594, 3059468.32857","4881468.96594, 3509468.32857",556739.450690406
"2966","48","52","2256","0","0","0","5071468.96594, 3049468.32857","4881468.96594, 3509468.32857",575375.355869976
"2967","48","53","2257","1","1","0","5071468.96594, 3039468.32857","4881468.96594, 3509468.32857",582018.654321955
"2968","48","54","2258","0","0","0","5071468.96594, 3029468.32857","4881468.96594, 3509468.32857",595863.963831178
"2969","48","55","2259","0","0","0","5071468.96594, 3019468.32857","4881468.96594, 3509468.32857",604455.811280901
"2970","48","56","2260","1","1","0","5071468.96594, 3009468.32857","4881468.96594, 3509468.32857",612574.432429041
"2971","48","57","2261","0","0","0","5071468.96594, 2999468.32857","4881468.96594, 3509468.32857",626143.577810655
"2972","48","58","2262","0","0","0","5071468.96594, 2989468.32857","4881468.96594, 3509468.32857",642161.704480809
"2973","48","59","2263","0","0","0","5071468.96594, 2979468.32857","4881468.96594, 3509468.32857",660384.898697243
"2974","48","60","2264","0","0","0","5071468.96594, 2969468.32857","4881468.96594, 3509468.32857",668471.529013773
"2975","48","61","2265","1","0","0","5071245.48434, 2959753.43669","4881468.96594, 3509468.32857",676423.123238585
"2976","48","62","2266","1","0","0","5068076.62159, 2953701.83684","4881468.96594, 3509468.32857",675453.046925475
"2980","49","4","2267","1","0","0","5081743.41793, 3528511.46755","4881468.96594, 3509468.32857",252228.181323127
"2981","49","5","2268","1","0","0","5081468.96594, 3519468.32857","4881468.96594, 3509468.32857",246913.849361739
"2982","49","6","2269","0","0","0","5081468.96594, 3509468.32857","4881468.96594, 3509468.32857",247430.537361205
"2983","49","7","2270","1","1","0","5081468.96594, 3499468.32857","4881468.96594, 3509468.32857",231337.980715897
"2984","49","8","2271","1","0","0","5081468.96594, 3489468.32857","4881468.96594, 3509468.32857",238042.197016672
"2985","49","9","2272","1","1","0","5081468.96594, 3479468.32857","4881468.96594, 3509468.32857",241468.333885591
"2986","49","10","2273","1","1","0","5081468.96594, 3469468.32857","4881468.96594, 3509468.32857",236390.224338302
"2987","49","11","2274","1","1","0","5081468.96594, 3459468.32857","4881468.96594, 3509468.32857",247956.503897782
"2988","49","12","2275","1","1","0","5081468.96594, 3449468.32857","4881468.96594, 3509468.32857",245062.072523873
"2989","49","13","2276","0","0","0","5081468.96594, 3439468.32857","4881468.96594, 3509468.32857",228426.269918724
"2990","49","14","2277","0","0","0","5081468.96594, 3429468.32857","4881468.96594, 3509468.32857",254247.801857225
"2991","49","15","2278","0","0","0","5081468.96594, 3419468.32857","4881468.96594, 3509468.32857",246943.107226412
"2992","49","16","2279","1","0","0","5081468.96594, 3409468.32857","4881468.96594, 3509468.32857",256014.491844729
"2993","49","17","2280","1","0","0","5081468.96594, 3399468.32857","4881468.96594, 3509468.32857",263687.272389307
"2994","49","18","2281","0","0","0","5081468.96594, 3389468.32857","4881468.96594, 3509468.32857",275513.822105658
"2995","49","19","2282","1","0","0","5081468.96594, 3379468.32857","4881468.96594, 3509468.32857",296375.893811084
"2996","49","20","2283","1","0","0","5081468.96594, 3369468.32857","4881468.96594, 3509468.32857",286800.063495677
"2997","49","21","2284","1","0","0","5081468.96594, 3359468.32857","4881468.96594, 3509468.32857",297768.481776068
"2998","49","22","2285","0","0","0","5081468.96594, 3349468.32857","4881468.96594, 3509468.32857",308887.925447766
"2999","49","23","2286","0","0","0","5081468.96594, 3339468.32857","4881468.96594, 3509468.32857",301419.738329719
"3000","49","24","2287","1","0","0","5081468.96594, 3329468.32857","4881468.96594, 3509468.32857",317902.489169852
"3001","49","25","2288","1","1","0","5081468.96594, 3319468.32857","4881468.96594, 3509468.32857",342331.359686604
"3002","49","26","2289","1","1","0","5081468.96594, 3309468.32857","4881468.96594, 3509468.32857",341186.25613815
"3003","49","27","2290","1","1","0","5081468.96594, 3299468.32857","4881468.96594, 3509468.32857",345485.737225291
"3004","49","28","2291","1","1","1","5081468.96594, 3289468.32857","4881468.96594, 3509468.32857",345116.912886718
"3005","49","29","2292","0","0","1","5081468.96594, 3279468.32857","4881468.96594, 3509468.32857",360028.426030985
"3006","49","30","2293","1","1","0","5081468.96594, 3269468.32857","4881468.96594, 3509468.32857",361063.6501487
"3007","49","31","2294","1","1","0","5081468.96594, 3259468.32857","4881468.96594, 3509468.32857",380065.864514928
"3008","49","32","2295","0","1","0","5081468.96594, 3249468.32857","4881468.96594, 3509468.32857",393993.217471664
"3009","49","33","2296","0","0","0","5081468.96594, 3239468.32857","4881468.96594, 3509468.32857",403408.663793559
"3010","49","34","2297","1","0","0","5081468.96594, 3229468.32857","4881468.96594, 3509468.32857",406977.225246597
"3011","49","35","2298","1","0","0","5081468.96594, 3219468.32857","4881468.96594, 3509468.32857",410867.961957252
"3012","49","36","2299","1","0","0","5081468.96594, 3209468.32857","4881468.96594, 3509468.32857",430167.244482635
"3013","49","37","2300","1","1","0","5081468.96594, 3199468.32857","4881468.96594, 3509468.32857",436720.186463311
"3014","49","38","2301","1","1","0","5081468.96594, 3189468.32857","4881468.96594, 3509468.32857",446518.985399277
"3015","49","39","2302","1","1","0","5081468.96594, 3179468.32857","4881468.96594, 3509468.32857",461813.017061511
"3016","49","40","2303","1","1","0","5081468.96594, 3169468.32857","4881468.96594, 3509468.32857",469173.381902287
"3017","49","41","2304","1","1","0","5081468.96594, 3159468.32857","4881468.96594, 3509468.32857",474607.619840199
"3018","49","42","2305","0","1","0","5081468.96594, 3149468.32857","4881468.96594, 3509468.32857",482846.997459639
"3019","49","43","2306","1","0","0","5081468.96594, 3139468.32857","4881468.96594, 3509468.32857",488708.632128267
"3020","49","44","2307","0","0","0","5081468.96594, 3129468.32857","4881468.96594, 3509468.32857",493024.529452948
"3021","49","45","2308","0","0","0","5081468.96594, 3119468.32857","4881468.96594, 3509468.32857",507282.496973899
"3022","49","46","2309","1","1","0","5081468.96594, 3109468.32857","4881468.96594, 3509468.32857",507997.227003424
"3023","49","47","2310","1","0","0","5081468.96594, 3099468.32857","4881468.96594, 3509468.32857",517660.948908305
"3024","49","48","2311","1","1","0","5081468.96594, 3089468.32857","4881468.96594, 3509468.32857",532280.059001892
"3025","49","49","2312","1","0","1","5081468.96594, 3079468.32857","4881468.96594, 3509468.32857",542321.376604604
"3026","49","50","2313","1","0","1","5081468.96594, 3069468.32857","4881468.96594, 3509468.32857",555918.860520197
"3027","49","51","2314","1","0","1","5081468.96594, 3059468.32857","4881468.96594, 3509468.32857",562327.413081176
"3028","49","52","2315","0","0","0","5081468.96594, 3049468.32857","4881468.96594, 3509468.32857",567186.668693856
"3029","49","53","2316","1","1","0","5081468.96594, 3039468.32857","4881468.96594, 3509468.32857",581148.134053643
"3030","49","54","2317","1","0","0","5081468.96594, 3029468.32857","4881468.96594, 3509468.32857",590543.933131835
"3031","49","55","2318","1","0","0","5081468.96594, 3019468.32857","4881468.96594, 3509468.32857",612935.836091978
"3032","49","56","2319","1","1","0","5081468.96594, 3009468.32857","4881468.96594, 3509468.32857",619949.058132686
"3033","49","57","2320","1","0","0","5081468.96594, 2999468.32857","4881468.96594, 3509468.32857",630156.871672707
"3034","49","58","2321","0","0","0","5081468.96594, 2989468.32857","4881468.96594, 3509468.32857",637515.334294959
"3035","49","59","2322","0","0","0","5081468.96594, 2979468.32857","4881468.96594, 3509468.32857",661042.370056637
"3036","49","60","2323","0","0","0","5081468.96594, 2969468.32857","4881468.96594, 3509468.32857",677847.787175463
"3037","49","61","2324","0","1","0","5080697.15908, 2961710.42192","4881468.96594, 3509468.32857",681419.937169279
"3041","50","3","2325","0","0","0","5093977.40857, 3535125.92474","4881468.96594, 3509468.32857",254838.156703915
"3042","50","4","2326","0","0","0","5091504.25762, 3529427.77818","4881468.96594, 3509468.32857",254838.156703915
"3043","50","5","2327","1","0","0","5091468.96594, 3519468.32857","4881468.96594, 3509468.32857",256441.035548604
"3044","50","6","2328","1","0","0","5091468.96594, 3509468.32857","4881468.96594, 3509468.32857",249830.961241525
"3045","50","7","2329","1","1","0","5091468.96594, 3499468.32857","4881468.96594, 3509468.32857",241512.773126194
"3046","50","8","2330","1","0","0","5091468.96594, 3489468.32857","4881468.96594, 3509468.32857",244285.695809362
"3047","50","9","2331","1","1","0","5091468.96594, 3479468.32857","4881468.96594, 3509468.32857",252258.84646131
"3048","50","10","2332","0","0","0","5091468.96594, 3469468.32857","4881468.96594, 3509468.32857",257000.255483645
"3049","50","11","2333","1","1","0","5091468.96594, 3459468.32857","4881468.96594, 3509468.32857",256926.036329224
"3050","50","12","2334","1","1","0","5091468.96594, 3449468.32857","4881468.96594, 3509468.32857",253610.337328508
"3051","50","13","2335","0","0","0","5091468.96594, 3439468.32857","4881468.96594, 3509468.32857",274316.314845911
"3052","50","14","2336","0","0","0","5091468.96594, 3429468.32857","4881468.96594, 3509468.32857",261226.302361711
"3053","50","15","2337","0","0","0","5091468.96594, 3419468.32857","4881468.96594, 3509468.32857",259437.734319374
"3054","50","16","2338","0","0","0","5091468.96594, 3409468.32857","4881468.96594, 3509468.32857",263535.145480836
"3055","50","17","2339","1","0","0","5091468.96594, 3399468.32857","4881468.96594, 3509468.32857",269824.671730702
"3056","50","18","2340","1","1","0","5091468.96594, 3389468.32857","4881468.96594, 3509468.32857",282203.72520895
"3057","50","19","2341","1","1","0","5091468.96594, 3379468.32857","4881468.96594, 3509468.32857",290707.331387004
"3058","50","20","2342","1","1","0","5091468.96594, 3369468.32857","4881468.96594, 3509468.32857",296273.021514513
"3059","50","21","2343","0","1","0","5091468.96594, 3359468.32857","4881468.96594, 3509468.32857",303979.105111878
"3060","50","22","2344","0","1","0","5091468.96594, 3349468.32857","4881468.96594, 3509468.32857",315840.842663145
"3061","50","23","2345","1","1","0","5091468.96594, 3339468.32857","4881468.96594, 3509468.32857",310122.844294522
"3062","50","24","2346","1","1","0","5091468.96594, 3329468.32857","4881468.96594, 3509468.32857",326270.10944694
"3063","50","25","2347","1","1","0","5091468.96594, 3319468.32857","4881468.96594, 3509468.32857",347290.249658424
"3064","50","26","2348","0","1","0","5091468.96594, 3309468.32857","4881468.96594, 3509468.32857",355704.414147201
"3065","50","27","2349","1","1","0","5091468.96594, 3299468.32857","4881468.96594, 3509468.32857",357212.804356881
"3066","50","28","2350","1","1","0","5091468.96594, 3289468.32857","4881468.96594, 3509468.32857",355487.044087866
"3067","50","29","2351","1","1","1","5091468.96594, 3279468.32857","4881468.96594, 3509468.32857",360998.008442651
"3068","50","30","2352","1","1","1","5091468.96594, 3269468.32857","4881468.96594, 3509468.32857",369294.716993354
"3069","50","31","2353","1","0","1","5091468.96594, 3259468.32857","4881468.96594, 3509468.32857",382773.750385886
"3070","50","32","2354","1","1","1","5091468.96594, 3249468.32857","4881468.96594, 3509468.32857",388305.886983908
"3071","50","33","2355","0","1","0","5091468.96594, 3239468.32857","4881468.96594, 3509468.32857",401005.298826859
"3072","50","34","2356","1","1","0","5091468.96594, 3229468.32857","4881468.96594, 3509468.32857",415458.289055466
"3073","50","35","2357","1","1","0","5091468.96594, 3219468.32857","4881468.96594, 3509468.32857",425399.12403339
"3074","50","36","2358","1","1","0","5091468.96594, 3209468.32857","4881468.96594, 3509468.32857",427036.521583104
"3075","50","37","2359","1","1","0","5091468.96594, 3199468.32857","4881468.96594, 3509468.32857",436159.201723818
"3076","50","38","2360","0","1","0","5091468.96594, 3189468.32857","4881468.96594, 3509468.32857",446977.24239512
"3077","50","39","2361","0","0","0","5091468.96594, 3179468.32857","4881468.96594, 3509468.32857",455911.649362273
"3078","50","40","2362","1","1","0","5091468.96594, 3169468.32857","4881468.96594, 3509468.32857",466812.441221254
"3079","50","41","2363","1","1","0","5091468.96594, 3159468.32857","4881468.96594, 3509468.32857",477566.48952588
"3080","50","42","2364","0","0","0","5091468.96594, 3149468.32857","4881468.96594, 3509468.32857",490672.888746759
"3081","50","43","2365","1","0","0","5091468.96594, 3139468.32857","4881468.96594, 3509468.32857",499070.879093727
"3082","50","44","2366","1","0","0","5091468.96594, 3129468.32857","4881468.96594, 3509468.32857",504375.097249217
"3083","50","45","2367","0","0","0","5091468.96594, 3119468.32857","4881468.96594, 3509468.32857",517780.689353128
"3084","50","46","2368","0","1","0","5091468.96594, 3109468.32857","4881468.96594, 3509468.32857",517056.628234311
"3085","50","47","2369","0","0","0","5091468.96594, 3099468.32857","4881468.96594, 3509468.32857",530886.249309688
"3086","50","48","2370","1","0","0","5091468.96594, 3089468.32857","4881468.96594, 3509468.32857",533495.745444745
"3087","50","49","2371","1","0","1","5091468.96594, 3079468.32857","4881468.96594, 3509468.32857",550692.599770698
"3088","50","50","2372","0","0","0","5091468.96594, 3069468.32857","4881468.96594, 3509468.32857",557902.286510199
"3089","50","51","2373","0","0","0","5091468.96594, 3059468.32857","4881468.96594, 3509468.32857",574326.85846445
"3090","50","52","2374","1","1","0","5091468.96594, 3049468.32857","4881468.96594, 3509468.32857",576939.43165044
"3091","50","53","2375","1","1","0","5091468.96594, 3039468.32857","4881468.96594, 3509468.32857",591438.69628156
"3092","50","54","2376","1","0","0","5091468.96594, 3029468.32857","4881468.96594, 3509468.32857",601878.165437447
"3093","50","55","2377","1","0","0","5091468.96594, 3019468.32857","4881468.96594, 3509468.32857",614506.887917475
"3094","50","56","2378","1","1","0","5091468.96594, 3009468.32857","4881468.96594, 3509468.32857",623492.847682645
"3095","50","57","2379","1","1","0","5091468.96594, 2999468.32857","4881468.96594, 3509468.32857",628926.635540358
"3096","50","58","2380","1","1","0","5091468.96594, 2989468.32857","4881468.96594, 3509468.32857",643710.140258892
"3097","50","59","2381","1","1","0","5091468.96594, 2979468.32857","4881468.96594, 3509468.32857",656341.432749151
"3098","50","60","2382","1","1","0","5091310.75387, 2969658.76308","4881468.96594, 3509468.32857",672213.295488352
"3099","50","61","2383","1","1","0","5088401.3574, 2963547.01058","4881468.96594, 3509468.32857",675405.29091699
"3103","51","3","2384","0","0","0","5102136.98617, 3536202.70248","4881468.96594, 3509468.32857",266249.478174152
"3104","51","4","2385","0","0","0","5101468.96594, 3529468.32857","4881468.96594, 3509468.32857",266249.478174152
"3105","51","5","2386","0","0","0","5101468.96594, 3519468.32857","4881468.96594, 3509468.32857",261934.655861541
"3106","51","6","2387","0","0","0","5101468.96594, 3509468.32857","4881468.96594, 3509468.32857",254551.789829102
"3107","51","7","2388","0","1","0","5101468.96594, 3499468.32857","4881468.96594, 3509468.32857",254169.065141954
"3108","51","8","2389","1","0","0","5101468.96594, 3489468.32857","4881468.96594, 3509468.32857",257725.667579847
"3109","51","9","2390","1","1","0","5101468.96594, 3479468.32857","4881468.96594, 3509468.32857",263979.575092589
"3110","51","10","2391","1","1","0","5101468.96594, 3469468.32857","4881468.96594, 3509468.32857",274191.703080302
"3111","51","11","2392","1","1","0","5101468.96594, 3459468.32857","4881468.96594, 3509468.32857",263567.836102495
"3112","51","12","2393","1","1","0","5101468.96594, 3449468.32857","4881468.96594, 3509468.32857",268632.710868346
"3113","51","13","2394","1","0","0","5101468.96594, 3439468.32857","4881468.96594, 3509468.32857",277615.484791872
"3114","51","14","2395","0","0","0","5101468.96594, 3429468.32857","4881468.96594, 3509468.32857",271278.585290493
"3115","51","15","2396","0","0","0","5101468.96594, 3419468.32857","4881468.96594, 3509468.32857",268752.798977661
"3116","51","16","2397","0","0","0","5101468.96594, 3409468.32857","4881468.96594, 3509468.32857",274215.074578959
"3117","51","17","2398","1","0","0","5101468.96594, 3399468.32857","4881468.96594, 3509468.32857",289224.763792168
"3118","51","18","2399","0","1","0","5101468.96594, 3389468.32857","4881468.96594, 3509468.32857",286251.949797227
"3119","51","19","2400","0","1","0","5101468.96594, 3379468.32857","4881468.96594, 3509468.32857",295254.883471061
"3120","51","20","2401","1","1","0","5101468.96594, 3369468.32857","4881468.96594, 3509468.32857",307394.46465337
"3121","51","21","2402","0","1","0","5101468.96594, 3359468.32857","4881468.96594, 3509468.32857",316905.639446441
"3122","51","22","2403","1","0","0","5101468.96594, 3349468.32857","4881468.96594, 3509468.32857",326485.622125309
"3123","51","23","2404","1","0","0","5101468.96594, 3339468.32857","4881468.96594, 3509468.32857",318664.376916745
"3124","51","24","2405","1","1","0","5101468.96594, 3329468.32857","4881468.96594, 3509468.32857",343852.555331082
"3125","51","25","2406","0","1","0","5101468.96594, 3319468.32857","4881468.96594, 3509468.32857",351189.92261443
"3126","51","26","2407","1","1","0","5101468.96594, 3309468.32857","4881468.96594, 3509468.32857",355903.562906617
"3127","51","27","2408","1","1","0","5101468.96594, 3299468.32857","4881468.96594, 3509468.32857",365773.215046174
"3128","51","28","2409","1","1","0","5101468.96594, 3289468.32857","4881468.96594, 3509468.32857",376672.594147135
"3129","51","29","2410","1","1","0","5101468.96594, 3279468.32857","4881468.96594, 3509468.32857",372851.708962343
"3130","51","30","2411","0","1","0","5101468.96594, 3269468.32857","4881468.96594, 3509468.32857",379690.204390453
"3131","51","31","2412","1","0","0","5101468.96594, 3259468.32857","4881468.96594, 3509468.32857",385497.647403496
"3132","51","32","2413","1","0","1","5101468.96594, 3249468.32857","4881468.96594, 3509468.32857",396447.831441854
"3133","51","33","2414","1","0","1","5101468.96594, 3239468.32857","4881468.96594, 3509468.32857",405327.17131037
"3134","51","34","2415","1","0","0","5101468.96594, 3229468.32857","4881468.96594, 3509468.32857",415319.581298497
"3135","51","35","2416","0","0","0","5101468.96594, 3219468.32857","4881468.96594, 3509468.32857",425668.32462329
"3136","51","36","2417","1","1","0","5101468.96594, 3209468.32857","4881468.96594, 3509468.32857",441708.383991411
"3137","51","37","2418","1","1","0","5101468.96594, 3199468.32857","4881468.96594, 3509468.32857",445062.463917077
"3138","51","38","2419","1","0","0","5101468.96594, 3189468.32857","4881468.96594, 3509468.32857",453756.6568876
"3139","51","39","2420","1","0","0","5101468.96594, 3179468.32857","4881468.96594, 3509468.32857",462853.43398609
"3140","51","40","2421","1","0","0","5101468.96594, 3169468.32857","4881468.96594, 3509468.32857",473626.643933554
"3141","51","41","2422","1","1","0","5101468.96594, 3159468.32857","4881468.96594, 3509468.32857",485378.793536767
"3142","51","42","2423","0","0","0","5101468.96594, 3149468.32857","4881468.96594, 3509468.32857",488700.001289735
"3143","51","43","2424","1","0","0","5101468.96594, 3139468.32857","4881468.96594, 3509468.32857",501764.073790262
"3144","51","44","2425","1","0","0","5101468.96594, 3129468.32857","4881468.96594, 3509468.32857",510842.340583245
"3145","51","45","2426","0","0","0","5101468.96594, 3119468.32857","4881468.96594, 3509468.32857",520032.011046428
"3146","51","46","2427","0","1","0","5101468.96594, 3109468.32857","4881468.96594, 3509468.32857",528387.861482738
"3147","51","47","2428","0","0","0","5101468.96594, 3099468.32857","4881468.96594, 3509468.32857",544252.634829699
"3148","51","48","2429","1","0","0","5101468.96594, 3089468.32857","4881468.96594, 3509468.32857",546247.969024967
"3149","51","49","2430","1","0","1","5101468.96594, 3079468.32857","4881468.96594, 3509468.32857",560641.064326606
"3150","51","50","2431","1","0","0","5101468.96594, 3069468.32857","4881468.96594, 3509468.32857",568030.131155932
"3151","51","51","2432","1","0","0","5101468.96594, 3059468.32857","4881468.96594, 3509468.32857",576046.888427095
"3152","51","52","2433","1","1","0","5101468.96594, 3049468.32857","4881468.96594, 3509468.32857",583380.859246905
"3153","51","53","2434","1","1","0","5101468.96594, 3039468.32857","4881468.96594, 3509468.32857",591533.650768098
"3154","51","54","2435","0","1","0","5101468.96594, 3029468.32857","4881468.96594, 3509468.32857",611811.489880791
"3155","51","55","2436","0","1","0","5101468.96594, 3019468.32857","4881468.96594, 3509468.32857",618990.696840487
"3156","51","56","2437","0","1","0","5101468.96594, 3009468.32857","4881468.96594, 3509468.32857",626856.161235842
"3157","51","57","2438","1","1","0","5101468.96594, 2999468.32857","4881468.96594, 3509468.32857",638563.033353197
"3158","51","58","2439","1","0","0","5101468.96594, 2989468.32857","4881468.96594, 3509468.32857",641260.183423441
"3159","51","59","2440","0","1","0","5101468.96594, 2979468.32857","4881468.96594, 3509468.32857",657036.440519885
"3160","51","60","2441","1","1","0","5100761.03433, 2971493.40962","4881468.96594, 3509468.32857",662704.136471092
"3165","52","3","2442","1","0","0","5111839.7537, 3537483.1271","4881468.96594, 3509468.32857",292191.466526911
"3166","52","4","2443","1","0","0","5111468.96594, 3529468.32857","4881468.96594, 3509468.32857",284782.187167872
"3167","52","5","2444","0","0","0","5111468.96594, 3519468.32857","4881468.96594, 3509468.32857",277538.236924389
"3168","52","6","2445","0","0","0","5111468.96594, 3509468.32857","4881468.96594, 3509468.32857",264463.193632943
"3169","52","7","2446","0","1","0","5111468.96594, 3499468.32857","4881468.96594, 3509468.32857",266630.040425856
"3170","52","8","2447","0","1","0","5111468.96594, 3489468.32857","4881468.96594, 3509468.32857",265476.155121016
"3171","52","9","2448","1","1","0","5111468.96594, 3479468.32857","4881468.96594, 3509468.32857",278067.2040265
"3172","52","10","2449","1","0","0","5111468.96594, 3469468.32857","4881468.96594, 3509468.32857",276043.105789215
"3173","52","11","2450","1","1","0","5111468.96594, 3459468.32857","4881468.96594, 3509468.32857",274225.167868032
"3174","52","12","2451","0","1","0","5111468.96594, 3449468.32857","4881468.96594, 3509468.32857",274225.167868032
"3175","52","13","2452","1","0","0","5111468.96594, 3439468.32857","4881468.96594, 3509468.32857",279408.597140247
"3176","52","14","2453","1","0","0","5111468.96594, 3429468.32857","4881468.96594, 3509468.32857",283757.745875142
"3177","52","15","2454","0","0","0","5111468.96594, 3419468.32857","4881468.96594, 3509468.32857",291109.162524478
"3178","52","16","2455","1","0","0","5111468.96594, 3409468.32857","4881468.96594, 3509468.32857",284484.992245349
"3179","52","17","2456","1","0","0","5111468.96594, 3399468.32857","4881468.96594, 3509468.32857",293770.385589087
"3180","52","18","2457","0","1","0","5111468.96594, 3389468.32857","4881468.96594, 3509468.32857",321113.66282969
"3181","52","19","2458","0","0","0","5111468.96594, 3379468.32857","4881468.96594, 3509468.32857",299742.459884313
"3182","52","20","2459","1","0","0","5111468.96594, 3369468.32857","4881468.96594, 3509468.32857",309597.219113531
"3183","52","21","2460","1","0","0","5111468.96594, 3359468.32857","4881468.96594, 3509468.32857",324709.676227482
"3184","52","22","2461","1","0","0","5111468.96594, 3349468.32857","4881468.96594, 3509468.32857",335079.396041676
"3185","52","23","2462","1","1","0","5111468.96594, 3339468.32857","4881468.96594, 3509468.32857",337161.019227693
"3186","52","24","2463","1","1","0","5111468.96594, 3329468.32857","4881468.96594, 3509468.32857",334099.822837317
"3187","52","25","2464","1","0","0","5111468.96594, 3319468.32857","4881468.96594, 3509468.32857",344639.108147804
"3188","52","26","2465","1","0","0","5111468.96594, 3309468.32857","4881468.96594, 3509468.32857",363896.370692301
"3189","52","27","2466","1","0","0","5111468.96594, 3299468.32857","4881468.96594, 3509468.32857",374143.973237264
"3190","52","28","2467","1","1","0","5111468.96594, 3289468.32857","4881468.96594, 3509468.32857",380735.227966991
"3191","52","29","2468","1","1","0","5111468.96594, 3279468.32857","4881468.96594, 3509468.32857",386714.381471066
"3192","52","30","2469","1","1","0","5111468.96594, 3269468.32857","4881468.96594, 3509468.32857",388768.862228519
"3193","52","31","2470","1","1","0","5111468.96594, 3259468.32857","4881468.96594, 3509468.32857",400744.412637067
"3194","52","32","2471","0","0","0","5111468.96594, 3249468.32857","4881468.96594, 3509468.32857",400631.810357577
"3195","52","33","2472","1","1","1","5111468.96594, 3239468.32857","4881468.96594, 3509468.32857",412387.22217617
"3196","52","34","2473","1","1","0","5111468.96594, 3229468.32857","4881468.96594, 3509468.32857",418345.491902312
"3197","52","35","2474","0","1","0","5111468.96594, 3219468.32857","4881468.96594, 3509468.32857",433268.220784152
"3198","52","36","2475","0","1","0","5111468.96594, 3209468.32857","4881468.96594, 3509468.32857",445521.401694025
"3199","52","37","2476","1","0","0","5111468.96594, 3199468.32857","4881468.96594, 3509468.32857",459756.3674419
"3200","52","38","2477","0","0","0","5111468.96594, 3189468.32857","4881468.96594, 3509468.32857",458969.955822324
"3201","52","39","2478","0","0","0","5111468.96594, 3179468.32857","4881468.96594, 3509468.32857",472739.850450696
"3202","52","40","2479","0","0","0","5111468.96594, 3169468.32857","4881468.96594, 3509468.32857",472739.850450696
"3203","52","41","2480","1","1","0","5111468.96594, 3159468.32857","4881468.96594, 3509468.32857",492845.217452366
"3204","52","42","2481","1","1","0","5111468.96594, 3149468.32857","4881468.96594, 3509468.32857",507803.540625234
"3205","52","43","2482","1","0","0","5111468.96594, 3139468.32857","4881468.96594, 3509468.32857",521860.189769719
"3206","52","44","2483","0","0","0","5111468.96594, 3129468.32857","4881468.96594, 3509468.32857",528867.035977607
"3207","52","45","2484","0","0","0","5111468.96594, 3119468.32857","4881468.96594, 3509468.32857",539372.680381344
"3208","52","46","2485","0","1","0","5111468.96594, 3109468.32857","4881468.96594, 3509468.32857",536403.826265656
"3209","52","47","2486","1","0","0","5111468.96594, 3099468.32857","4881468.96594, 3509468.32857",542530.37192011
"3210","52","48","2487","1","0","1","5111468.96594, 3089468.32857","4881468.96594, 3509468.32857",557542.59770842
"3211","52","49","2488","1","0","1","5111468.96594, 3079468.32857","4881468.96594, 3509468.32857",558358.536365194
"3212","52","50","2489","0","0","0","5111468.96594, 3069468.32857","4881468.96594, 3509468.32857",576943.634087803
"3213","52","51","2490","1","0","0","5111468.96594, 3059468.32857","4881468.96594, 3509468.32857",586594.49442961
"3214","52","52","2491","1","1","0","5111468.96594, 3049468.32857","4881468.96594, 3509468.32857",590261.682620782
"3215","52","53","2492","0","1","0","5111468.96594, 3039468.32857","4881468.96594, 3509468.32857",599601.687419945
"3216","52","54","2493","0","1","0","5111468.96594, 3029468.32857","4881468.96594, 3509468.32857",605474.755843024
"3217","52","55","2494","0","1","0","5111468.96594, 3019468.32857","4881468.96594, 3509468.32857",622562.503837812
"3218","52","56","2495","1","1","0","5111468.96594, 3009468.32857","4881468.96594, 3509468.32857",634177.270708238
"3219","52","57","2496","1","1","0","5111468.96594, 2999468.32857","4881468.96594, 3509468.32857",642154.225656821
"3220","52","58","2497","1","0","0","5111468.96594, 2989468.32857","4881468.96594, 3509468.32857",654779.664813982
"3221","52","59","2498","1","1","0","5111368.97691, 2979582.66685","4881468.96594, 3509468.32857",662100.421851258
"3222","52","60","2499","0","1","0","5108726.09321, 2973392.18432","4881468.96594, 3509468.32857",669210.019662155
"3227","53","3","2500","1","0","0","5121725.57618, 3538787.70854","4881468.96594, 3509468.32857",296017.273083981
"3228","53","4","2501","1","0","0","5121468.96594, 3529468.32857","4881468.96594, 3509468.32857",298609.347891985
"3229","53","5","2502","1","0","0","5121468.96594, 3519468.32857","4881468.96594, 3509468.32857",307488.546936151
"3230","53","6","2503","0","0","0","5121468.96594, 3509468.32857","4881468.96594, 3509468.32857",281816.974110441
"3231","53","7","2504","0","0","0","5121468.96594, 3499468.32857","4881468.96594, 3509468.32857",276397.736208408
"3232","53","8","2505","0","1","0","5121468.96594, 3489468.32857","4881468.96594, 3509468.32857",279427.473031394
"3233","53","9","2506","1","1","0","5121468.96594, 3479468.32857","4881468.96594, 3509468.32857",287087.436058587
"3234","53","10","2507","0","0","0","5121468.96594, 3469468.32857","4881468.96594, 3509468.32857",294924.509768487
"3235","53","11","2508","1","1","0","5121468.96594, 3459468.32857","4881468.96594, 3509468.32857",282514.245356628
"3236","53","12","2509","1","0","0","5121468.96594, 3449468.32857","4881468.96594, 3509468.32857",286392.207348692
"3237","53","13","2510","1","0","0","5121468.96594, 3439468.32857","4881468.96594, 3509468.32857",303864.002529234
"3238","53","14","2511","1","0","0","5121468.96594, 3429468.32857","4881468.96594, 3509468.32857",297063.86374012
"3239","53","15","2512","1","0","0","5121468.96594, 3419468.32857","4881468.96594, 3509468.32857",297377.910868907
"3240","53","16","2513","1","1","0","5121468.96594, 3409468.32857","4881468.96594, 3509468.32857",293607.002520136
"3241","53","17","2514","0","1","0","5121468.96594, 3399468.32857","4881468.96594, 3509468.32857",306095.195386341
"3242","53","18","2515","0","1","0","5121468.96594, 3389468.32857","4881468.96594, 3509468.32857",315333.717173295
"3243","53","19","2516","0","0","0","5121468.96594, 3379468.32857","4881468.96594, 3509468.32857",325599.478495025
"3244","53","20","2517","1","1","0","5121468.96594, 3369468.32857","4881468.96594, 3509468.32857",321037.785863384
"3245","53","21","2518","1","1","0","5121468.96594, 3359468.32857","4881468.96594, 3509468.32857",323443.875146684
"3246","53","22","2519","1","1","0","5121468.96594, 3349468.32857","4881468.96594, 3509468.32857",335481.165206571
"3247","53","23","2520","1","1","0","5121468.96594, 3339468.32857","4881468.96594, 3509468.32857",342420.170464842
"3248","53","24","2521","1","0","0","5121468.96594, 3329468.32857","4881468.96594, 3509468.32857",344450.33800889
"3249","53","25","2522","0","0","0","5121468.96594, 3319468.32857","4881468.96594, 3509468.32857",376457.209210787
"3250","53","26","2523","0","0","0","5121468.96594, 3309468.32857","4881468.96594, 3509468.32857",370072.727982312
"3251","53","27","2524","1","0","0","5121468.96594, 3299468.32857","4881468.96594, 3509468.32857",385567.279268989
"3252","53","28","2525","0","1","0","5121468.96594, 3289468.32857","4881468.96594, 3509468.32857",390997.023793609
"3253","53","29","2526","0","0","0","5121468.96594, 3279468.32857","4881468.96594, 3509468.32857",395942.580469698
"3254","53","30","2527","1","1","0","5121468.96594, 3269468.32857","4881468.96594, 3509468.32857",400182.511698598
"3255","53","31","2528","1","1","0","5121468.96594, 3259468.32857","4881468.96594, 3509468.32857",404279.011970183
"3256","53","32","2529","1","1","0","5121468.96594, 3249468.32857","4881468.96594, 3509468.32857",414856.14229781
"3257","53","33","2530","0","1","1","5121468.96594, 3239468.32857","4881468.96594, 3509468.32857",419332.627827315
"3258","53","34","2531","1","1","1","5121468.96594, 3229468.32857","4881468.96594, 3509468.32857",427554.805298361
"3259","53","35","2532","1","1","0","5121468.96594, 3219468.32857","4881468.96594, 3509468.32857",434687.098411035
"3260","53","36","2533","1","0","0","5121468.96594, 3209468.32857","4881468.96594, 3509468.32857",451856.151166411
"3261","53","37","2534","1","0","0","5121468.96594, 3199468.32857","4881468.96594, 3509468.32857",453853.210431475
"3262","53","38","2535","1","0","0","5121468.96594, 3189468.32857","4881468.96594, 3509468.32857",467383.424307357
"3263","53","39","2536","0","0","0","5121468.96594, 3179468.32857","4881468.96594, 3509468.32857",481869.699913555
"3264","53","40","2537","0","0","0","5121468.96594, 3169468.32857","4881468.96594, 3509468.32857",504352.597435768
"3265","53","41","2538","0","0","0","5121468.96594, 3159468.32857","4881468.96594, 3509468.32857",504039.333727124
"3266","53","42","2539","1","1","0","5121468.96594, 3149468.32857","4881468.96594, 3509468.32857",502516.029665006
"3267","53","43","2540","1","0","0","5121468.96594, 3139468.32857","4881468.96594, 3509468.32857",516455.67081772
"3268","53","44","2541","1","0","0","5121468.96594, 3129468.32857","4881468.96594, 3509468.32857",537640.538714356
"3269","53","45","2542","0","0","0","5121468.96594, 3119468.32857","4881468.96594, 3509468.32857",536245.605234667
"3270","53","46","2543","1","1","0","5121468.96594, 3109468.32857","4881468.96594, 3509468.32857",547138.075916635
"3271","53","47","2544","1","0","1","5121468.96594, 3099468.32857","4881468.96594, 3509468.32857",551525.326051852
"3272","53","48","2545","0","0","1","5121468.96594, 3089468.32857","4881468.96594, 3509468.32857",562681.241290751
"3273","53","49","2546","0","0","0","5121468.96594, 3079468.32857","4881468.96594, 3509468.32857",579958.502728689
"3274","53","50","2547","0","0","0","5121468.96594, 3069468.32857","4881468.96594, 3509468.32857",587712.356443175
"3275","53","51","2548","1","1","0","5121468.96594, 3059468.32857","4881468.96594, 3509468.32857",597083.265993908
"3276","53","52","2549","1","1","0","5121468.96594, 3049468.32857","4881468.96594, 3509468.32857",600644.283477246
"3277","53","53","2550","0","0","0","5121468.96594, 3039468.32857","4881468.96594, 3509468.32857",609475.098077059
"3278","53","54","2551","0","0","0","5121468.96594, 3029468.32857","4881468.96594, 3509468.32857",615801.849575103
"3279","53","55","2552","1","1","0","5121468.96594, 3019468.32857","4881468.96594, 3509468.32857",625266.04753503
"3280","53","56","2553","1","1","0","5121468.96594, 3009468.32857","4881468.96594, 3509468.32857",640207.284537121
"3281","53","57","2554","1","0","0","5121468.96594, 2999468.32857","4881468.96594, 3509468.32857",651470.473242554
"3282","53","58","2555","1","0","0","5121468.96594, 2989468.32857","4881468.96594, 3509468.32857",655990.35500851
"3283","53","59","2556","1","0","0","5120815.14499, 2981274.06957","4881468.96594, 3509468.32857",668540.971597453
"3288","54","2","2557","0","0","0","5133273.69744, 3545311.65506","4881468.96594, 3509468.32857",318846.748124808
"3289","54","3","2558","0","0","0","5131470.06691, 3539467.20459","4881468.96594, 3509468.32857",304636.600410205
"3290","54","4","2559","1","0","0","5131468.96594, 3529468.32857","4881468.96594, 3509468.32857",306279.853581519
"3291","54","5","2560","1","0","0","5131468.96594, 3519468.32857","4881468.96594, 3509468.32857",309706.731736875
"3292","54","6","2561","1","1","0","5131468.96594, 3509468.32857","4881468.96594, 3509468.32857",289807.907878419
"3293","54","7","2562","1","1","0","5131468.96594, 3499468.32857","4881468.96594, 3509468.32857",296961.384456201
"3294","54","8","2563","1","1","0","5131468.96594, 3489468.32857","4881468.96594, 3509468.32857",288472.21050564
"3295","54","9","2564","1","1","0","5131468.96594, 3479468.32857","4881468.96594, 3509468.32857",298344.776003856
"3296","54","10","2565","1","1","0","5131468.96594, 3469468.32857","4881468.96594, 3509468.32857",308522.76305739
"3297","54","11","2566","1","0","0","5131468.96594, 3459468.32857","4881468.96594, 3509468.32857",300318.978463916
"3298","54","12","2567","1","0","0","5131468.96594, 3449468.32857","4881468.96594, 3509468.32857",299713.570050083
"3299","54","13","2568","1","0","0","5131468.96594, 3439468.32857","4881468.96594, 3509468.32857",306796.979737813
"3300","54","14","2569","1","0","0","5131468.96594, 3429468.32857","4881468.96594, 3509468.32857",302527.703727938
"3301","54","15","2570","1","0","0","5131468.96594, 3419468.32857","4881468.96594, 3509468.32857",309731.179770664
"3302","54","16","2571","1","0","0","5131468.96594, 3409468.32857","4881468.96594, 3509468.32857",305207.394972402
"3303","54","17","2572","1","1","0","5131468.96594, 3399468.32857","4881468.96594, 3509468.32857",309117.404156826
"3304","54","18","2573","1","1","0","5131468.96594, 3389468.32857","4881468.96594, 3509468.32857",315724.130540287
"3305","54","19","2574","1","0","0","5131468.96594, 3379468.32857","4881468.96594, 3509468.32857",332923.194301604
"3306","54","20","2575","1","0","0","5131468.96594, 3369468.32857","4881468.96594, 3509468.32857",330079.484711392
"3307","54","21","2576","0","1","0","5131468.96594, 3359468.32857","4881468.96594, 3509468.32857",330785.126979213
"3308","54","22","2577","0","1","0","5131468.96594, 3349468.32857","4881468.96594, 3509468.32857",338891.737400439
"3309","54","23","2578","0","0","0","5131468.96594, 3339468.32857","4881468.96594, 3509468.32857",357472.566025071
"3310","54","24","2579","1","0","0","5131468.96594, 3329468.32857","4881468.96594, 3509468.32857",353627.104860507
"3311","54","25","2580","1","0","0","5131468.96594, 3319468.32857","4881468.96594, 3509468.32857",365543.384093861
"3312","54","26","2581","0","0","0","5131468.96594, 3309468.32857","4881468.96594, 3509468.32857",376342.707390809
"3313","54","27","2582","1","1","0","5131468.96594, 3299468.32857","4881468.96594, 3509468.32857",389261.205241499
"3314","54","28","2583","0","1","0","5131468.96594, 3289468.32857","4881468.96594, 3509468.32857",415679.774417455
"3315","54","29","2584","0","0","0","5131468.96594, 3279468.32857","4881468.96594, 3509468.32857",407046.274851212
"3316","54","30","2585","1","1","0","5131468.96594, 3269468.32857","4881468.96594, 3509468.32857",411044.857219949
"3317","54","31","2586","0","0","0","5131468.96594, 3259468.32857","4881468.96594, 3509468.32857",423064.138139469
"3318","54","32","2587","1","0","0","5131468.96594, 3249468.32857","4881468.96594, 3509468.32857",418472.183340642
"3319","54","33","2588","1","1","0","5131468.96594, 3239468.32857","4881468.96594, 3509468.32857",426166.702690069
"3320","54","34","2589","1","1","1","5131468.96594, 3229468.32857","4881468.96594, 3509468.32857",434427.051154356
"3321","54","35","2590","1","1","0","5131468.96594, 3219468.32857","4881468.96594, 3509468.32857",441166.117126811
"3322","54","36","2591","1","0","0","5131468.96594, 3209468.32857","4881468.96594, 3509468.32857",466070.911394339
"3323","54","37","2592","1","0","0","5131468.96594, 3199468.32857","4881468.96594, 3509468.32857",463712.969744765
"3324","54","38","2593","1","0","0","5131468.96594, 3189468.32857","4881468.96594, 3509468.32857",472898.3210557
"3325","54","39","2594","1","0","0","5131468.96594, 3179468.32857","4881468.96594, 3509468.32857",478671.638457386
"3326","54","40","2595","1","0","0","5131468.96594, 3169468.32857","4881468.96594, 3509468.32857",491388.748595707
"3327","54","41","2596","0","0","0","5131468.96594, 3159468.32857","4881468.96594, 3509468.32857",502165.116872605
"3328","54","42","2597","1","1","0","5131468.96594, 3149468.32857","4881468.96594, 3509468.32857",513729.39779758
"3329","54","43","2598","1","0","0","5131468.96594, 3139468.32857","4881468.96594, 3509468.32857",522073.567519039
"3330","54","44","2599","1","0","0","5131468.96594, 3129468.32857","4881468.96594, 3509468.32857",527652.137525333
"3331","54","45","2600","1","0","0","5131468.96594, 3119468.32857","4881468.96594, 3509468.32857",539808.330383115
"3332","54","46","2601","1","1","1","5131468.96594, 3109468.32857","4881468.96594, 3509468.32857",551847.209555629
"3333","54","47","2602","0","1","1","5131468.96594, 3099468.32857","4881468.96594, 3509468.32857",568620.249811266
"3334","54","48","2603","0","1","0","5131468.96594, 3089468.32857","4881468.96594, 3509468.32857",572826.086248471
"3335","54","49","2604","0","1","0","5131468.96594, 3079468.32857","4881468.96594, 3509468.32857",578925.054450865
"3336","54","50","2605","0","0","0","5131468.96594, 3069468.32857","4881468.96594, 3509468.32857",589520.403342938
"3337","54","51","2606","1","1","0","5131468.96594, 3059468.32857","4881468.96594, 3509468.32857",602969.680756647
"3338","54","52","2607","1","0","0","5131468.96594, 3049468.32857","4881468.96594, 3509468.32857",612663.787111115
"3339","54","53","2608","1","0","0","5131468.96594, 3039468.32857","4881468.96594, 3509468.32857",618134.298743899
"3340","54","54","2609","0","0","0","5131468.96594, 3029468.32857","4881468.96594, 3509468.32857",623826.200141534
"3341","54","55","2610","1","1","0","5131468.96594, 3019468.32857","4881468.96594, 3509468.32857",630303.055111421
"3342","54","56","2611","0","0","0","5131468.96594, 3009468.32857","4881468.96594, 3509468.32857",649815.081279026
"3343","54","57","2612","0","0","0","5131468.96594, 2999468.32857","4881468.96594, 3509468.32857",653533.312031662
"3344","54","58","2613","0","0","0","5131416.86049, 2989525.2562","4881468.96594, 3509468.32857",662962.109658605
"3345","54","59","2614","0","0","0","5129050.82901, 2983237.35806","4881468.96594, 3509468.32857",673977.246321801
"3350","55","2","2615","0","0","0","5142040.29766, 3546468.53847","4881468.96594, 3509468.32857",322929.375806133
"3351","55","3","2616","0","0","0","5141468.96594, 3539468.32857","4881468.96594, 3509468.32857",316732.178989857
"3352","55","4","2617","0","0","0","5141468.96594, 3529468.32857","4881468.96594, 3509468.32857",323500.791381749
"3353","55","5","2618","0","0","0","5141468.96594, 3519468.32857","4881468.96594, 3509468.32857",306095.349405363
"3354","55","6","2619","0","1","0","5141468.96594, 3509468.32857","4881468.96594, 3509468.32857",301687.790796918
"3355","55","7","2620","0","1","0","5141468.96594, 3499468.32857","4881468.96594, 3509468.32857",302743.193836464
"3356","55","8","2621","1","1","0","5141468.96594, 3489468.32857","4881468.96594, 3509468.32857",303883.367897368
"3357","55","9","2622","0","0","0","5141468.96594, 3479468.32857","4881468.96594, 3509468.32857",305059.952840548
"3358","55","10","2623","1","1","0","5141468.96594, 3469468.32857","4881468.96594, 3509468.32857",314592.62237991
"3359","55","11","2624","1","1","0","5141468.96594, 3459468.32857","4881468.96594, 3509468.32857",314859.410575537
"3360","55","12","2625","0","0","0","5141468.96594, 3449468.32857","4881468.96594, 3509468.32857",307311.82650631
"3361","55","13","2626","0","0","0","5141468.96594, 3439468.32857","4881468.96594, 3509468.32857",312058.12851726
"3362","55","14","2627","0","0","0","5141468.96594, 3429468.32857","4881468.96594, 3509468.32857",311840.591667179
"3363","55","15","2628","0","0","0","5141468.96594, 3419468.32857","4881468.96594, 3509468.32857",316170.119177286
"3364","55","16","2629","1","0","0","5141468.96594, 3409468.32857","4881468.96594, 3509468.32857",314260.942976785
"3365","55","17","2630","1","1","0","5141468.96594, 3399468.32857","4881468.96594, 3509468.32857",317817.719866859
"3366","55","18","2631","1","0","0","5141468.96594, 3389468.32857","4881468.96594, 3509468.32857",325099.143477049
"3367","55","19","2632","1","0","0","5141468.96594, 3379468.32857","4881468.96594, 3509468.32857",332942.393695492
"3368","55","20","2633","1","1","0","5141468.96594, 3369468.32857","4881468.96594, 3509468.32857",340445.955377224
"3369","55","21","2634","0","1","0","5141468.96594, 3359468.32857","4881468.96594, 3509468.32857",345119.663826492
"3370","55","22","2635","1","0","0","5141468.96594, 3349468.32857","4881468.96594, 3509468.32857",353851.936768218
"3371","55","23","2636","0","0","0","5141468.96594, 3339468.32857","4881468.96594, 3509468.32857",354860.587150656
"3372","55","24","2637","1","0","0","5141468.96594, 3329468.32857","4881468.96594, 3509468.32857",365881.77884337
"3373","55","25","2638","1","0","0","5141468.96594, 3319468.32857","4881468.96594, 3509468.32857",367259.819157132
"3374","55","26","2639","0","0","0","5141468.96594, 3309468.32857","4881468.96594, 3509468.32857",376525.867036079
"3375","55","27","2640","1","1","0","5141468.96594, 3299468.32857","4881468.96594, 3509468.32857",399433.197229655
"3376","55","28","2641","0","0","0","5141468.96594, 3289468.32857","4881468.96594, 3509468.32857",413248.424064916
"3377","55","29","2642","0","0","0","5141468.96594, 3279468.32857","4881468.96594, 3509468.32857",414125.365127625
"3378","55","30","2643","1","1","0","5141468.96594, 3269468.32857","4881468.96594, 3509468.32857",420690.937614667
"3379","55","31","2644","0","0","0","5141468.96594, 3259468.32857","4881468.96594, 3509468.32857",431688.108640945
"3380","55","32","2645","0","0","0","5141468.96594, 3249468.32857","4881468.96594, 3509468.32857",435151.209250034
"3381","55","33","2646","1","1","0","5141468.96594, 3239468.32857","4881468.96594, 3509468.32857",432824.493194774
"3382","55","34","2647","1","1","1","5141468.96594, 3229468.32857","4881468.96594, 3509468.32857",444565.936904798
"3383","55","35","2648","1","1","1","5141468.96594, 3219468.32857","4881468.96594, 3509468.32857",450628.357013134
"3384","55","36","2649","1","0","0","5141468.96594, 3209468.32857","4881468.96594, 3509468.32857",463790.879162925
"3385","55","37","2650","0","0","1","5141468.96594, 3199468.32857","4881468.96594, 3509468.32857",476827.616525219
"3386","55","38","2651","0","0","1","5141468.96594, 3189468.32857","4881468.96594, 3509468.32857",494993.472895014
"3387","55","39","2652","0","0","1","5141468.96594, 3179468.32857","4881468.96594, 3509468.32857",489690.912947366
"3388","55","40","2653","1","0","1","5141468.96594, 3169468.32857","4881468.96594, 3509468.32857",496409.521323693
"3389","55","41","2654","1","0","0","5141468.96594, 3159468.32857","4881468.96594, 3509468.32857",502765.715777621
"3390","55","42","2655","1","1","0","5141468.96594, 3149468.32857","4881468.96594, 3509468.32857",516523.02935014
"3391","55","43","2656","1","1","0","5141468.96594, 3139468.32857","4881468.96594, 3509468.32857",526151.953235694
"3392","55","44","2657","1","0","1","5141468.96594, 3129468.32857","4881468.96594, 3509468.32857",538576.769615635
"3393","55","45","2658","1","1","1","5141468.96594, 3119468.32857","4881468.96594, 3509468.32857",549390.92331004
"3394","55","46","2659","1","1","1","5141468.96594, 3109468.32857","4881468.96594, 3509468.32857",557258.717076185
"3395","55","47","2660","0","1","0","5141468.96594, 3099468.32857","4881468.96594, 3509468.32857",573580.260912179
"3396","55","48","2661","0","0","0","5141468.96594, 3089468.32857","4881468.96594, 3509468.32857",573403.031544957
"3397","55","49","2662","0","1","0","5141468.96594, 3079468.32857","4881468.96594, 3509468.32857",593078.786697523
"3398","55","50","2663","1","1","0","5141468.96594, 3069468.32857","4881468.96594, 3509468.32857",594842.764391846
"3399","55","51","2664","1","1","0","5141468.96594, 3059468.32857","4881468.96594, 3509468.32857",608888.666063251
"3400","55","52","2665","0","0","0","5141468.96594, 3049468.32857","4881468.96594, 3509468.32857",622891.620652489
"3401","55","53","2666","1","0","0","5141468.96594, 3039468.32857","4881468.96594, 3509468.32857",627766.77607117
"3402","55","54","2667","1","0","0","5141468.96594, 3029468.32857","4881468.96594, 3509468.32857",634232.050009775
"3403","55","55","2668","1","1","0","5141468.96594, 3019468.32857","4881468.96594, 3509468.32857",641147.389482928
"3404","55","56","2669","0","0","0","5141468.96594, 3009468.32857","4881468.96594, 3509468.32857",659633.571766661
"3405","55","57","2670","0","0","0","5141468.96594, 2999468.32857","4881468.96594, 3509468.32857",677605.007690499
"3406","55","58","2671","0","0","0","5140861.57113, 2991052.89762","4881468.96594, 3509468.32857",665826.880813949
"3412","56","2","2672","0","0","0","5151807.91491, 3547757.52098","4881468.96594, 3509468.32857",331153.890284405
"3413","56","3","2673","0","0","0","5151468.96594, 3539468.32857","4881468.96594, 3509468.32857",346274.666384338
"3414","56","4","2674","0","0","0","5151468.96594, 3529468.32857","4881468.96594, 3509468.32857",331241.096140439
"3415","56","5","2675","0","0","0","5151468.96594, 3519468.32857","4881468.96594, 3509468.32857",331684.335055726
"3416","56","6","2676","1","1","0","5151468.96594, 3509468.32857","4881468.96594, 3509468.32857",314893.498282319
"3417","56","7","2677","1","1","0","5151468.96594, 3499468.32857","4881468.96594, 3509468.32857",311688.831004204
"3418","56","8","2678","1","0","0","5151468.96594, 3489468.32857","4881468.96594, 3509468.32857",315607.184748107
"3419","56","9","2679","1","0","0","5151468.96594, 3479468.32857","4881468.96594, 3509468.32857",328086.773905987
"3420","56","10","2680","1","0","0","5151468.96594, 3469468.32857","4881468.96594, 3509468.32857",320807.999717688
"3421","56","11","2681","1","1","0","5151468.96594, 3459468.32857","4881468.96594, 3509468.32857",320342.485213355
"3422","56","12","2682","1","1","0","5151468.96594, 3449468.32857","4881468.96594, 3509468.32857",329326.050551658
"3423","56","13","2683","0","0","0","5151468.96594, 3439468.32857","4881468.96594, 3509468.32857",321038.182342195
"3424","56","14","2684","0","0","0","5151468.96594, 3429468.32857","4881468.96594, 3509468.32857",316528.207566993
"3425","56","15","2685","1","0","0","5151468.96594, 3419468.32857","4881468.96594, 3509468.32857",325609.232062485
"3426","56","16","2686","1","0","0","5151468.96594, 3409468.32857","4881468.96594, 3509468.32857",332599.69093619
"3427","56","17","2687","1","1","0","5151468.96594, 3399468.32857","4881468.96594, 3509468.32857",325374.298719663
"3428","56","18","2688","1","0","0","5151468.96594, 3389468.32857","4881468.96594, 3509468.32857",336277.243279253
"3429","56","19","2689","0","1","0","5151468.96594, 3379468.32857","4881468.96594, 3509468.32857",345904.469139954
"3430","56","20","2690","1","1","0","5151468.96594, 3369468.32857","4881468.96594, 3509468.32857",346894.080022648
"3431","56","21","2691","1","0","0","5151468.96594, 3359468.32857","4881468.96594, 3509468.32857",357892.20164906
"3432","56","22","2692","1","0","0","5151468.96594, 3349468.32857","4881468.96594, 3509468.32857",361935.339283456
"3433","56","23","2693","1","0","0","5151468.96594, 3339468.32857","4881468.96594, 3509468.32857",370575.836098179
"3434","56","24","2694","1","1","0","5151468.96594, 3329468.32857","4881468.96594, 3509468.32857",375895.333281307
"3435","56","25","2695","1","1","0","5151468.96594, 3319468.32857","4881468.96594, 3509468.32857",376411.725731622
"3436","56","26","2696","1","1","0","5151468.96594, 3309468.32857","4881468.96594, 3509468.32857",386990.568478795
"3437","56","27","2697","1","1","0","5151468.96594, 3299468.32857","4881468.96594, 3509468.32857",399867.378436628
"3438","56","28","2698","0","0","0","5151468.96594, 3289468.32857","4881468.96594, 3509468.32857",404035.131104239
"3439","56","29","2699","0","0","0","5151468.96594, 3279468.32857","4881468.96594, 3509468.32857",430559.152646642
"3440","56","30","2700","1","1","0","5151468.96594, 3269468.32857","4881468.96594, 3509468.32857",430559.152646642
"3441","56","31","2701","0","0","0","5151468.96594, 3259468.32857","4881468.96594, 3509468.32857",442048.811888809
"3442","56","32","2702","0","1","0","5151468.96594, 3249468.32857","4881468.96594, 3509468.32857",444670.674970853
"3443","56","33","2703","1","1","0","5151468.96594, 3239468.32857","4881468.96594, 3509468.32857",443750.698618515
"3444","56","34","2704","1","0","0","5151468.96594, 3229468.32857","4881468.96594, 3509468.32857",447407.12724656
"3445","56","35","2705","1","1","1","5151468.96594, 3219468.32857","4881468.96594, 3509468.32857",461263.737468674
"3446","56","36","2706","1","1","1","5151468.96594, 3209468.32857","4881468.96594, 3509468.32857",468305.132896271
"3447","56","37","2707","0","0","1","5151468.96594, 3199468.32857","4881468.96594, 3509468.32857",482065.017317885
"3448","56","38","2708","0","0","0","5151468.96594, 3189468.32857","4881468.96594, 3509468.32857",486072.830838593
"3449","56","39","2709","0","0","0","5151468.96594, 3179468.32857","4881468.96594, 3509468.32857",499961.923860343
"3450","56","40","2710","0","0","1","5151468.96594, 3169468.32857","4881468.96594, 3509468.32857",502762.11464616
"3451","56","41","2711","0","0","1","5151468.96594, 3159468.32857","4881468.96594, 3509468.32857",514757.435203924
"3452","56","42","2712","1","0","1","5151468.96594, 3149468.32857","4881468.96594, 3509468.32857",524534.362811116
"3453","56","43","2713","0","1","1","5151468.96594, 3139468.32857","4881468.96594, 3509468.32857",534026.145550889
"3454","56","44","2714","1","1","1","5151468.96594, 3129468.32857","4881468.96594, 3509468.32857",545709.539894818
"3455","56","45","2715","0","1","0","5151468.96594, 3119468.32857","4881468.96594, 3509468.32857",548478.443774734
"3456","56","46","2716","1","1","0","5151468.96594, 3109468.32857","4881468.96594, 3509468.32857",567427.42213185
"3457","56","47","2717","1","1","0","5151468.96594, 3099468.32857","4881468.96594, 3509468.32857",575416.28788985
"3458","56","48","2718","1","1","0","5151468.96594, 3089468.32857","4881468.96594, 3509468.32857",585555.798983272
"3459","56","49","2719","1","1","0","5151468.96594, 3079468.32857","4881468.96594, 3509468.32857",595028.234877167
"3460","56","50","2720","1","0","0","5151468.96594, 3069468.32857","4881468.96594, 3509468.32857",607541.882505374
"3461","56","51","2721","1","1","0","5151468.96594, 3059468.32857","4881468.96594, 3509468.32857",612171.723994397
"3462","56","52","2722","0","0","0","5151468.96594, 3049468.32857","4881468.96594, 3509468.32857",623094.101114123
"3463","56","53","2723","0","1","0","5151468.96594, 3039468.32857","4881468.96594, 3509468.32857",635926.280345491
"3464","56","54","2724","1","1","0","5151468.96594, 3029468.32857","4881468.96594, 3509468.32857",646912.304843493
"3465","56","55","2725","0","1","0","5151468.96594, 3019468.32857","4881468.96594, 3509468.32857",654855.658650085
"3466","56","56","2726","0","0","0","5151468.96594, 3009468.32857","4881468.96594, 3509468.32857",657523.948823299
"3467","56","57","2727","0","0","0","5151468.96594, 2999468.32857","4881468.96594, 3509468.32857",671062.871640397
"3468","56","58","2728","0","0","0","5151644.66081, 2992736.07896","4881468.96594, 3509468.32857",685833.689125538
"3474","57","2","2729","0","0","0","5161032.1632, 3547759.54425","4881468.96594, 3509468.32857",340959.51169298
"3475","57","3","2730","0","0","0","5161468.96594, 3539468.32857","4881468.96594, 3509468.32857",345136.335588217
"3476","57","4","2731","1","0","0","5161468.96594, 3529468.32857","4881468.96594, 3509468.32857",337709.098608974
"3477","57","5","2732","1","1","0","5161468.96594, 3519468.32857","4881468.96594, 3509468.32857",327011.396197341
"3478","57","6","2733","1","1","0","5161468.96594, 3509468.32857","4881468.96594, 3509468.32857",324354.950230873
"3479","57","7","2734","1","0","0","5161468.96594, 3499468.32857","4881468.96594, 3509468.32857",324990.799232405
"3480","57","8","2735","1","0","0","5161468.96594, 3489468.32857","4881468.96594, 3509468.32857",326269.486286714
"3481","57","9","2736","1","0","0","5161468.96594, 3479468.32857","4881468.96594, 3509468.32857",336126.696142261
"3482","57","10","2737","0","0","0","5161468.96594, 3469468.32857","4881468.96594, 3509468.32857",329983.277104376
"3483","57","11","2738","0","0","0","5161468.96594, 3459468.32857","4881468.96594, 3509468.32857",345489.4450755
"3484","57","12","2739","1","1","0","5161468.96594, 3449468.32857","4881468.96594, 3509468.32857",341714.682744924
"3485","57","13","2740","1","1","0","5161468.96594, 3439468.32857","4881468.96594, 3509468.32857",343417.044910671
"3486","57","14","2741","0","0","0","5161468.96594, 3429468.32857","4881468.96594, 3509468.32857",353111.379524238
"3487","57","15","2742","1","0","0","5161468.96594, 3419468.32857","4881468.96594, 3509468.32857",332682.036533991
"3488","57","16","2743","1","0","0","5161468.96594, 3409468.32857","4881468.96594, 3509468.32857",340812.482967001
"3489","57","17","2744","0","1","0","5161468.96594, 3399468.32857","4881468.96594, 3509468.32857",357451.580886692
"3490","57","18","2745","1","0","0","5161468.96594, 3389468.32857","4881468.96594, 3509468.32857",347307.20977875
"3491","57","19","2746","1","1","0","5161468.96594, 3379468.32857","4881468.96594, 3509468.32857",349589.60641776
"3492","57","20","2747","0","0","0","5161468.96594, 3369468.32857","4881468.96594, 3509468.32857",355451.7520967
"3493","57","21","2748","0","0","0","5161468.96594, 3359468.32857","4881468.96594, 3509468.32857",366552.668719039
"3494","57","22","2749","0","0","0","5161468.96594, 3349468.32857","4881468.96594, 3509468.32857",371063.167753304
"3495","57","23","2750","0","0","0","5161468.96594, 3339468.32857","4881468.96594, 3509468.32857",371868.842654579
"3496","57","24","2751","1","0","0","5161468.96594, 3329468.32857","4881468.96594, 3509468.32857",386038.926302313
"3497","57","25","2752","0","0","0","5161468.96594, 3319468.32857","4881468.96594, 3509468.32857",383414.765054696
"3498","57","26","2753","0","0","0","5161468.96594, 3309468.32857","4881468.96594, 3509468.32857",404755.519810244
"3499","57","27","2754","1","1","0","5161468.96594, 3299468.32857","4881468.96594, 3509468.32857",399945.98399604
"3500","57","28","2755","1","1","0","5161468.96594, 3289468.32857","4881468.96594, 3509468.32857",406400.145754659
"3501","57","29","2756","1","1","0","5161468.96594, 3279468.32857","4881468.96594, 3509468.32857",418003.429831717
"3502","57","30","2757","1","1","0","5161468.96594, 3269468.32857","4881468.96594, 3509468.32857",435697.908366363
"3503","57","31","2758","0","1","0","5161468.96594, 3259468.32857","4881468.96594, 3509468.32857",449518.113502921
"3504","57","32","2759","0","1","0","5161468.96594, 3249468.32857","4881468.96594, 3509468.32857",453225.100251876
"3505","57","33","2760","1","0","0","5161468.96594, 3239468.32857","4881468.96594, 3509468.32857",459742.145977496
"3506","57","34","2761","0","0","0","5161468.96594, 3229468.32857","4881468.96594, 3509468.32857",459904.976345289
"3507","57","35","2762","1","0","0","5161468.96594, 3219468.32857","4881468.96594, 3509468.32857",463404.958514327
"3508","57","36","2763","1","1","0","5161468.96594, 3209468.32857","4881468.96594, 3509468.32857",477082.866433953
"3509","57","37","2764","0","0","0","5161468.96594, 3199468.32857","4881468.96594, 3509468.32857",484019.861596959
"3510","57","38","2765","0","0","0","5161468.96594, 3189468.32857","4881468.96594, 3509468.32857",494166.258495425
"3511","57","39","2766","0","0","0","5161468.96594, 3179468.32857","4881468.96594, 3509468.32857",506282.05901096
"3512","57","40","2767","0","0","0","5161468.96594, 3169468.32857","4881468.96594, 3509468.32857",516331.667600929
"3513","57","41","2768","1","0","0","5161468.96594, 3159468.32857","4881468.96594, 3509468.32857",535314.616768072
"3514","57","42","2769","1","0","0","5161468.96594, 3149468.32857","4881468.96594, 3509468.32857",530237.486170854
"3515","57","43","2770","0","0","0","5161468.96594, 3139468.32857","4881468.96594, 3509468.32857",536970.995221484
"3516","57","44","2771","1","1","0","5161468.96594, 3129468.32857","4881468.96594, 3509468.32857",549011.482846509
"3517","57","45","2772","0","1","0","5161468.96594, 3119468.32857","4881468.96594, 3509468.32857",562282.95677462
"3518","57","46","2773","0","0","0","5161468.96594, 3109468.32857","4881468.96594, 3509468.32857",585807.115190983
"3519","57","47","2774","0","1","0","5161468.96594, 3099468.32857","4881468.96594, 3509468.32857",588523.468660386
"3520","57","48","2775","0","0","0","5161468.96594, 3089468.32857","4881468.96594, 3509468.32857",602700.998742705
"3521","57","49","2776","1","1","0","5161468.96594, 3079468.32857","4881468.96594, 3509468.32857",602130.861981846
"3522","57","50","2777","1","1","0","5161468.96594, 3069468.32857","4881468.96594, 3509468.32857",614023.887315246
"3523","57","51","2778","1","1","0","5161468.96594, 3059468.32857","4881468.96594, 3509468.32857",626014.764511132
"3524","57","52","2779","0","1","0","5161468.96594, 3049468.32857","4881468.96594, 3509468.32857",634076.384421094
"3525","57","53","2780","0","1","0","5161468.96594, 3039468.32857","4881468.96594, 3509468.32857",641911.371109285
"3526","57","54","2781","1","1","0","5161468.96594, 3029468.32857","4881468.96594, 3509468.32857",649143.577247241
"3527","57","55","2782","1","1","0","5161468.96594, 3019468.32857","4881468.96594, 3509468.32857",662912.598815683
"3528","57","56","2783","1","0","0","5161468.96594, 3009468.32857","4881468.96594, 3509468.32857",666980.400896188
"3529","57","57","2784","1","0","0","5161468.96594, 2999468.32857","4881468.96594, 3509468.32857",676003.679544831
"3530","57","58","2785","1","0","0","5161882.97629, 2991513.8688","4881468.96594, 3509468.32857",686746.618794103
"3536","58","2","2786","1","0","0","5170519.8323, 3546137.77039","4881468.96594, 3509468.32857",356527.189817019
"3537","58","3","2787","1","1","0","5171468.96594, 3539468.32857","4881468.96594, 3509468.32857",360105.881590266
"3538","58","4","2788","1","1","0","5171468.96594, 3529468.32857","4881468.96594, 3509468.32857",353188.696204043
"3539","58","5","2789","0","1","0","5171468.96594, 3519468.32857","4881468.96594, 3509468.32857",337671.46738256
"3540","58","6","2790","0","1","0","5171468.96594, 3509468.32857","4881468.96594, 3509468.32857",335586.164121754
"3541","58","7","2791","0","1","0","5171468.96594, 3499468.32857","4881468.96594, 3509468.32857",344263.329214222
"3542","58","8","2792","1","1","0","5171468.96594, 3489468.32857","4881468.96594, 3509468.32857",336721.739910043
"3543","58","9","2793","0","0","0","5171468.96594, 3479468.32857","4881468.96594, 3509468.32857",341798.719181401
"3544","58","10","2794","0","0","0","5171468.96594, 3469468.32857","4881468.96594, 3509468.32857",360225.984036393
"3545","58","11","2795","0","0","0","5171468.96594, 3459468.32857","4881468.96594, 3509468.32857",356415.123208291
"3546","58","12","2796","0","0","0","5171468.96594, 3449468.32857","4881468.96594, 3509468.32857",347894.507575976
"3547","58","13","2797","1","1","0","5171468.96594, 3439468.32857","4881468.96594, 3509468.32857",350864.551246589
"3548","58","14","2798","1","1","0","5171468.96594, 3429468.32857","4881468.96594, 3509468.32857",360665.276943436
"3549","58","15","2799","1","0","0","5171468.96594, 3419468.32857","4881468.96594, 3509468.32857",353328.346648768
"3550","58","16","2800","1","0","0","5171468.96594, 3409468.32857","4881468.96594, 3509468.32857",346298.563336887
"3551","58","17","2801","0","1","0","5171468.96594, 3399468.32857","4881468.96594, 3509468.32857",364553.458485979
"3552","58","18","2802","0","1","0","5171468.96594, 3389468.32857","4881468.96594, 3509468.32857",355593.667169511
"3553","58","19","2803","1","1","0","5171468.96594, 3379468.32857","4881468.96594, 3509468.32857",361447.625790604
"3554","58","20","2804","1","0","0","5171468.96594, 3369468.32857","4881468.96594, 3509468.32857",364515.561510901
"3555","58","21","2805","0","0","0","5171468.96594, 3359468.32857","4881468.96594, 3509468.32857",375377.108191058
"3556","58","22","2806","0","0","0","5171468.96594, 3349468.32857","4881468.96594, 3509468.32857",378252.22189627
"3557","58","23","2807","0","0","0","5171468.96594, 3339468.32857","4881468.96594, 3509468.32857",386014.351304879
"3558","58","24","2808","1","0","0","5171468.96594, 3329468.32857","4881468.96594, 3509468.32857",393423.872757407
"3559","58","25","2809","0","0","0","5171468.96594, 3319468.32857","4881468.96594, 3509468.32857",391211.546198612
"3560","58","26","2810","0","1","0","5171468.96594, 3309468.32857","4881468.96594, 3509468.32857",413203.621903258
"3561","58","27","2811","0","1","0","5171468.96594, 3299468.32857","4881468.96594, 3509468.32857",409046.156191735
"3562","58","28","2812","1","0","0","5171468.96594, 3289468.32857","4881468.96594, 3509468.32857",411973.853370718
"3563","58","29","2813","1","1","0","5171468.96594, 3279468.32857","4881468.96594, 3509468.32857",431633.064411888
"3564","58","30","2814","1","1","0","5171468.96594, 3269468.32857","4881468.96594, 3509468.32857",431608.820368994
"3565","58","31","2815","1","0","0","5171468.96594, 3259468.32857","4881468.96594, 3509468.32857",440007.466510817
"3566","58","32","2816","0","0","0","5171468.96594, 3249468.32857","4881468.96594, 3509468.32857",453641.712308983
"3567","58","33","2817","1","0","0","5171468.96594, 3239468.32857","4881468.96594, 3509468.32857",468379.531772347
"3568","58","34","2818","0","0","0","5171468.96594, 3229468.32857","4881468.96594, 3509468.32857",468305.734038501
"3569","58","35","2819","0","0","0","5171468.96594, 3219468.32857","4881468.96594, 3509468.32857",473497.71423874
"3570","58","36","2820","1","1","0","5171468.96594, 3209468.32857","4881468.96594, 3509468.32857",475755.189559552
"3571","58","37","2821","0","1","0","5171468.96594, 3199468.32857","4881468.96594, 3509468.32857",491919.829292397
"3572","58","38","2822","0","0","0","5171468.96594, 3189468.32857","4881468.96594, 3509468.32857",503344.95975491
"3573","58","39","2823","0","0","0","5171468.96594, 3179468.32857","4881468.96594, 3509468.32857",510397.040402901
"3574","58","40","2824","0","0","0","5171468.96594, 3169468.32857","4881468.96594, 3509468.32857",521463.381747896
"3575","58","41","2825","1","0","0","5171468.96594, 3159468.32857","4881468.96594, 3509468.32857",538520.174339767
"3576","58","42","2826","0","1","0","5171468.96594, 3149468.32857","4881468.96594, 3509468.32857",549176.976275655
"3577","58","43","2827","0","1","0","5171468.96594, 3139468.32857","4881468.96594, 3509468.32857",560120.302300362
"3578","58","44","2828","1","1","0","5171468.96594, 3129468.32857","4881468.96594, 3509468.32857",557933.36465619
"3579","58","45","2829","1","1","0","5171468.96594, 3119468.32857","4881468.96594, 3509468.32857",565831.186435009
"3580","58","46","2830","0","1","0","5171468.96594, 3109468.32857","4881468.96594, 3509468.32857",584913.169612566
"3581","58","47","2831","0","1","0","5171468.96594, 3099468.32857","4881468.96594, 3509468.32857",596234.983102099
"3582","58","48","2832","0","0","0","5171468.96594, 3089468.32857","4881468.96594, 3509468.32857",610525.683415277
"3583","58","49","2833","1","1","0","5171468.96594, 3079468.32857","4881468.96594, 3509468.32857",613707.152343603
"3584","58","50","2834","1","1","0","5171468.96594, 3069468.32857","4881468.96594, 3509468.32857",617552.112509968
"3585","58","51","2835","1","1","0","5171468.96594, 3059468.32857","4881468.96594, 3509468.32857",631202.575983284
"3586","58","52","2836","1","1","0","5171468.96594, 3049468.32857","4881468.96594, 3509468.32857",641916.403481083
"3587","58","53","2837","1","1","0","5171468.96594, 3039468.32857","4881468.96594, 3509468.32857",655933.413972742
"3588","58","54","2838","1","0","0","5171468.96594, 3029468.32857","4881468.96594, 3509468.32857",656598.1710449
"3589","58","55","2839","1","1","0","5171468.96594, 3019468.32857","4881468.96594, 3509468.32857",673266.171439857
"3590","58","56","2840","1","1","0","5171468.96594, 3009468.32857","4881468.96594, 3509468.32857",673904.944117579
"3591","58","57","2841","0","0","0","5171468.96594, 2999468.32857","4881468.96594, 3509468.32857",686530.099368691
"3592","58","58","2842","1","0","0","5171744.55194, 2990096.64327","4881468.96594, 3509468.32857",696850.827200506
"3593","58","59","2843","0","0","0","5176347.84359, 2984433.48821","4881468.96594, 3509468.32857",704776.817154274
"3598","59","2","2844","0","1","0","5177728.94486, 3544900.73607","4881468.96594, 3509468.32857",361292.406138436
"3599","59","3","2845","0","1","0","5181260.8558, 3539163.38197","4881468.96594, 3509468.32857",359327.898705264
"3600","59","4","2846","0","0","0","5181468.96594, 3529468.32857","4881468.96594, 3509468.32857",361523.634403291
"3601","59","5","2847","0","0","0","5181468.96594, 3519468.32857","4881468.96594, 3509468.32857",347150.169649161
"3602","59","6","2848","1","0","0","5181468.96594, 3509468.32857","4881468.96594, 3509468.32857",359507.823793929
"3603","59","7","2849","1","0","0","5181468.96594, 3499468.32857","4881468.96594, 3509468.32857",348558.050278178
"3604","59","8","2850","1","1","0","5181468.96594, 3489468.32857","4881468.96594, 3509468.32857",347857.359171121
"3605","59","9","2851","1","1","0","5181468.96594, 3479468.32857","4881468.96594, 3509468.32857",352032.801649527
"3606","59","10","2852","1","0","0","5181468.96594, 3469468.32857","4881468.96594, 3509468.32857",363524.424611859
"3607","59","11","2853","1","0","0","5181468.96594, 3459468.32857","4881468.96594, 3509468.32857",372946.807393195
"3608","59","12","2854","1","0","0","5181468.96594, 3449468.32857","4881468.96594, 3509468.32857",377718.730272946
"3609","59","13","2855","0","0","0","5181468.96594, 3439468.32857","4881468.96594, 3509468.32857",369098.538845705
"3610","59","14","2856","1","1","0","5181468.96594, 3429468.32857","4881468.96594, 3509468.32857",367155.68351711
"3611","59","15","2857","1","1","0","5181468.96594, 3419468.32857","4881468.96594, 3509468.32857",369405.607349169
"3612","59","16","2858","0","0","0","5181468.96594, 3409468.32857","4881468.96594, 3509468.32857",375099.997074784
"3613","59","17","2859","0","1","0","5181468.96594, 3399468.32857","4881468.96594, 3509468.32857",374570.148548435
"3614","59","18","2860","0","1","0","5181468.96594, 3389468.32857","4881468.96594, 3509468.32857",375618.879275908
"3615","59","19","2861","0","0","0","5181468.96594, 3379468.32857","4881468.96594, 3509468.32857",373617.511260983
"3616","59","20","2862","1","0","0","5181468.96594, 3369468.32857","4881468.96594, 3509468.32857",373304.469305924
"3617","59","21","2863","0","0","0","5181468.96594, 3359468.32857","4881468.96594, 3509468.32857",379943.214042438
"3618","59","22","2864","0","0","0","5181468.96594, 3349468.32857","4881468.96594, 3509468.32857",386014.351304879
"3619","59","23","2865","0","0","0","5181468.96594, 3339468.32857","4881468.96594, 3509468.32857",392498.998006578
"3620","59","24","2866","1","0","0","5181468.96594, 3329468.32857","4881468.96594, 3509468.32857",404963.734581249
"3621","59","25","2867","0","1","0","5181468.96594, 3319468.32857","4881468.96594, 3509468.32857",428802.871073348
"3622","59","26","2868","1","1","0","5181468.96594, 3309468.32857","4881468.96594, 3509468.32857",422554.417982199
"3623","59","27","2869","0","0","0","5181468.96594, 3299468.32857","4881468.96594, 3509468.32857",434491.430956933
"3624","59","28","2870","1","0","0","5181468.96594, 3289468.32857","4881468.96594, 3509468.32857",421412.996520032
"3625","59","29","2871","0","1","0","5181468.96594, 3279468.32857","4881468.96594, 3509468.32857",443938.326074273
"3626","59","30","2872","0","1","0","5181468.96594, 3269468.32857","4881468.96594, 3509468.32857",442873.325597693
"3627","59","31","2873","1","0","0","5181468.96594, 3259468.32857","4881468.96594, 3509468.32857",447091.991390615
"3628","59","32","2874","1","0","0","5181468.96594, 3249468.32857","4881468.96594, 3509468.32857",461549.565192078
"3629","59","33","2875","1","0","0","5181468.96594, 3239468.32857","4881468.96594, 3509468.32857",467206.974517383
"3630","59","34","2876","1","0","0","5181468.96594, 3229468.32857","4881468.96594, 3509468.32857",476223.976411059
"3631","59","35","2877","0","0","0","5181468.96594, 3219468.32857","4881468.96594, 3509468.32857",484387.047232094
"3632","59","36","2878","1","0","0","5181468.96594, 3209468.32857","4881468.96594, 3509468.32857",485481.422426247
"3633","59","37","2879","1","1","0","5181468.96594, 3199468.32857","4881468.96594, 3509468.32857",496352.176882068
"3634","59","38","2880","1","1","0","5181468.96594, 3189468.32857","4881468.96594, 3509468.32857",512327.854862442
"3635","59","39","2881","1","1","0","5181468.96594, 3179468.32857","4881468.96594, 3509468.32857",515952.199545644
"3636","59","40","2882","1","1","0","5181468.96594, 3169468.32857","4881468.96594, 3509468.32857",527425.18637378
"3637","59","41","2883","1","1","0","5181468.96594, 3159468.32857","4881468.96594, 3509468.32857",539153.792860567
"3638","59","42","2884","1","1","0","5181468.96594, 3149468.32857","4881468.96594, 3509468.32857",548669.06370572
"3639","59","43","2885","1","0","0","5181468.96594, 3139468.32857","4881468.96594, 3509468.32857",560723.991089177
"3640","59","44","2886","1","0","0","5181468.96594, 3129468.32857","4881468.96594, 3509468.32857",575523.554909607
"3641","59","45","2887","1","1","0","5181468.96594, 3119468.32857","4881468.96594, 3509468.32857",578505.91085198
"3642","59","46","2888","1","1","0","5181468.96594, 3109468.32857","4881468.96594, 3509468.32857",579797.375771123
"3643","59","47","2889","1","0","0","5181468.96594, 3099468.32857","4881468.96594, 3509468.32857",590998.116540503
"3644","59","48","2890","1","0","0","5181468.96594, 3089468.32857","4881468.96594, 3509468.32857",602118.317510676
"3645","59","49","2891","1","0","0","5181468.96594, 3079468.32857","4881468.96594, 3509468.32857",611437.390935015
"3646","59","50","2892","1","1","0","5181468.96594, 3069468.32857","4881468.96594, 3509468.32857",625037.24640827
"3647","59","51","2893","1","1","0","5181468.96594, 3059468.32857","4881468.96594, 3509468.32857",628763.468956272
"3648","59","52","2894","0","0","0","5181468.96594, 3049468.32857","4881468.96594, 3509468.32857",645009.150702387
"3649","59","53","2895","1","0","0","5181468.96594, 3039468.32857","4881468.96594, 3509468.32857",660228.075519296
"3650","59","54","2896","1","0","0","5181468.96594, 3029468.32857","4881468.96594, 3509468.32857",668029.517888795
"3651","59","55","2897","0","0","0","5181468.96594, 3019468.32857","4881468.96594, 3509468.32857",679874.576863302
"3652","59","56","2898","1","1","0","5181468.96594, 3009468.32857","4881468.96594, 3509468.32857",682343.443007326
"3653","59","57","2899","0","0","0","5181468.96594, 2999468.32857","4881468.96594, 3509468.32857",700672.756195825
"3654","59","58","2900","0","0","0","5181468.96594, 2989468.32857","4881468.96594, 3509468.32857",700672.756195825
"3655","59","59","2901","0","0","0","5183022.71627, 2983473.488","4881468.96594, 3509468.32857",712431.983755218
"3661","60","3","2902","0","0","0","5187838.95137, 3537380.50583","4881468.96594, 3509468.32857",373514.317895819
"3662","60","4","2903","1","0","0","5189733.98032, 3528875.76458","4881468.96594, 3509468.32857",362304.49723826
"3663","60","5","2904","1","0","0","5191351.46684, 3519367.14968","4881468.96594, 3509468.32857",362281.295329471
"3664","60","6","2905","1","0","0","5191468.96594, 3509468.32857","4881468.96594, 3509468.32857",362734.777875568
"3665","60","7","2906","0","0","0","5191468.96594, 3499468.32857","4881468.96594, 3509468.32857",359507.823793929
"3666","60","8","2907","0","0","0","5191468.96594, 3489468.32857","4881468.96594, 3509468.32857",358291.300186026
"3667","60","9","2908","0","1","0","5191468.96594, 3479468.32857","4881468.96594, 3509468.32857",381281.68520562
"3668","60","10","2909","0","0","0","5191468.96594, 3469468.32857","4881468.96594, 3509468.32857",375259.152565229
"3669","60","11","2910","0","0","0","5191468.96594, 3459468.32857","4881468.96594, 3509468.32857",389125.658329356
"3670","60","12","2911","1","0","0","5191468.96594, 3449468.32857","4881468.96594, 3509468.32857",387171.447918881
"3671","60","13","2912","1","0","0","5191468.96594, 3439468.32857","4881468.96594, 3509468.32857",394791.306343067
"3672","60","14","2913","1","1","0","5191468.96594, 3429468.32857","4881468.96594, 3509468.32857",385823.087518923
"3673","60","15","2914","1","1","0","5191468.96594, 3419468.32857","4881468.96594, 3509468.32857",371489.190492128
"3674","60","16","2915","0","1","0","5191468.96594, 3409468.32857","4881468.96594, 3509468.32857",385538.480063982
"3675","60","17","2916","0","1","0","5191468.96594, 3399468.32857","4881468.96594, 3509468.32857",381252.310191999
"3676","60","18","2917","0","1","0","5191468.96594, 3389468.32857","4881468.96594, 3509468.32857",380097.44052825
"3677","60","19","2918","0","0","0","5191468.96594, 3379468.32857","4881468.96594, 3509468.32857",379066.695679688
"3678","60","20","2919","1","0","0","5191468.96594, 3369468.32857","4881468.96594, 3509468.32857",382169.145126498
"3679","60","21","2920","1","0","0","5191468.96594, 3359468.32857","4881468.96594, 3509468.32857",420031.662791376
"3680","60","22","2921","1","0","0","5191468.96594, 3349468.32857","4881468.96594, 3509468.32857",411490.525936533
"3681","60","23","2922","1","0","0","5191468.96594, 3339468.32857","4881468.96594, 3509468.32857",401943.924660045
"3682","60","24","2923","1","1","0","5191468.96594, 3329468.32857","4881468.96594, 3509468.32857",407270.840325386
"3683","60","25","2924","1","1","0","5191468.96594, 3319468.32857","4881468.96594, 3509468.32857",422372.828455063
"3684","60","26","2925","1","0","0","5191468.96594, 3309468.32857","4881468.96594, 3509468.32857",433309.262800075
"3685","60","27","2926","1","0","0","5191468.96594, 3299468.32857","4881468.96594, 3509468.32857",437517.012783326
"3686","60","28","2927","1","1","0","5191468.96594, 3289468.32857","4881468.96594, 3509468.32857",433952.141164928
"3687","60","29","2928","1","1","0","5191468.96594, 3279468.32857","4881468.96594, 3509468.32857",438660.367643583
"3688","60","30","2929","1","1","0","5191468.96594, 3269468.32857","4881468.96594, 3509468.32857",450345.381429188
"3689","60","31","2930","1","1","0","5191468.96594, 3259468.32857","4881468.96594, 3509468.32857",457738.392769933
"3690","60","32","2931","0","0","0","5191468.96594, 3249468.32857","4881468.96594, 3509468.32857",469062.452673393
"3691","60","33","2932","0","0","0","5191468.96594, 3239468.32857","4881468.96594, 3509468.32857",483589.166711149
"3692","60","34","2933","1","1","0","5191468.96594, 3229468.32857","4881468.96594, 3509468.32857",487318.848730866
"3693","60","35","2934","1","1","0","5191468.96594, 3219468.32857","4881468.96594, 3509468.32857",486921.426207405
"3694","60","36","2935","1","0","0","5191468.96594, 3209468.32857","4881468.96594, 3509468.32857",499789.026598658
"3695","60","37","2936","1","1","0","5191468.96594, 3199468.32857","4881468.96594, 3509468.32857",497718.987068663
"3696","60","38","2937","0","1","0","5191468.96594, 3189468.32857","4881468.96594, 3509468.32857",515882.436303956
"3697","60","39","2938","0","0","0","5191468.96594, 3179468.32857","4881468.96594, 3509468.32857",523525.711474046
"3698","60","40","2939","0","0","0","5191468.96594, 3169468.32857","4881468.96594, 3509468.32857",540986.127374605
"3699","60","41","2940","0","0","0","5191468.96594, 3159468.32857","4881468.96594, 3509468.32857",549556.676693496
"3700","60","42","2941","0","0","0","5191468.96594, 3149468.32857","4881468.96594, 3509468.32857",558194.561560967
"3701","60","43","2942","1","0","0","5191468.96594, 3139468.32857","4881468.96594, 3509468.32857",562143.567104868
"3702","60","44","2943","1","0","0","5191468.96594, 3129468.32857","4881468.96594, 3509468.32857",575523.554909607
"3703","60","45","2944","0","1","0","5191468.96594, 3119468.32857","4881468.96594, 3509468.32857",591971.721281205
"3704","60","46","2945","1","1","0","5191468.96594, 3109468.32857","4881468.96594, 3509468.32857",590232.833508906
"3705","60","47","2946","1","1","0","5191468.96594, 3099468.32857","4881468.96594, 3509468.32857",606786.752176155
"3706","60","48","2947","0","0","0","5191468.96594, 3089468.32857","4881468.96594, 3509468.32857",619388.616233967
"3707","60","49","2948","0","0","0","5191468.96594, 3079468.32857","4881468.96594, 3509468.32857",631939.467451494
"3708","60","50","2949","1","1","0","5191468.96594, 3069468.32857","4881468.96594, 3509468.32857",629261.098778075
"3709","60","51","2950","1","0","0","5191468.96594, 3059468.32857","4881468.96594, 3509468.32857",639054.974124494
"3710","60","52","2951","0","0","0","5191468.96594, 3049468.32857","4881468.96594, 3509468.32857",648623.841672518
"3711","60","53","2952","0","0","0","5191468.96594, 3039468.32857","4881468.96594, 3509468.32857",661269.573104961
"3712","60","54","2953","0","0","0","5191468.96594, 3029468.32857","4881468.96594, 3509468.32857",671256.992399209
"3713","60","55","2954","0","0","0","5191468.96594, 3019468.32857","4881468.96594, 3509468.32857",681836.334936928
"3714","60","56","2955","1","1","0","5191468.96594, 3009468.32857","4881468.96594, 3509468.32857",692893.000559234
"3715","60","57","2956","0","0","0","5191468.96594, 2999468.32857","4881468.96594, 3509468.32857",698792.68221098
"3716","60","58","2957","0","1","0","5191468.96594, 2989468.32857","4881468.96594, 3509468.32857",712636.624549154
"3717","60","59","2958","0","1","0","5192011.38176, 2982180.71117","4881468.96594, 3509468.32857",719335.940505025
"3725","61","5","2959","0","0","0","5197452.10649, 3516674.85102","4881468.96594, 3509468.32857",365333.483102966
"3726","61","6","2960","0","0","0","5199217.35348, 3508751.14753","4881468.96594, 3509468.32857",364917.598917336
"3727","61","7","2961","0","0","0","5201130.95767, 3499218.30512","4881468.96594, 3509468.32857",369764.457351357
"3728","61","8","2962","0","0","0","5201468.96594, 3489468.32857","4881468.96594, 3509468.32857",369764.457351357
"3729","61","9","2963","0","1","0","5201468.96594, 3479468.32857","4881468.96594, 3509468.32857",374866.779444959
"3730","61","10","2964","0","1","0","5201468.96594, 3469468.32857","4881468.96594, 3509468.32857",386326.915826845
"3731","61","11","2965","0","1","0","5201468.96594, 3459468.32857","4881468.96594, 3509468.32857",399566.92181516
"3732","61","12","2966","0","1","0","5201468.96594, 3449468.32857","4881468.96594, 3509468.32857",397672.223623665
"3733","61","13","2967","1","1","0","5201468.96594, 3439468.32857","4881468.96594, 3509468.32857",397470.654551208
"3734","61","14","2968","1","1","0","5201468.96594, 3429468.32857","4881468.96594, 3509468.32857",388380.379097037
"3735","61","15","2969","1","1","0","5201468.96594, 3419468.32857","4881468.96594, 3509468.32857",381571.127829662
"3736","61","16","2970","1","0","0","5201468.96594, 3409468.32857","4881468.96594, 3509468.32857",385518.506441984
"3737","61","17","2971","0","1","0","5201468.96594, 3399468.32857","4881468.96594, 3509468.32857",402777.443908852
"3738","61","18","2972","1","1","0","5201468.96594, 3389468.32857","4881468.96594, 3509468.32857",411110.400340364
"3739","61","19","2973","1","1","0","5201468.96594, 3379468.32857","4881468.96594, 3509468.32857",403931.893115756
"3740","61","20","2974","1","1","0","5201468.96594, 3369468.32857","4881468.96594, 3509468.32857",405603.548547883
"3741","61","21","2975","1","0","0","5201468.96594, 3359468.32857","4881468.96594, 3509468.32857",416889.425340533
"3742","61","22","2976","0","0","0","5201468.96594, 3349468.32857","4881468.96594, 3509468.32857",425626.578035675
"3743","61","23","2977","0","1","0","5201468.96594, 3339468.32857","4881468.96594, 3509468.32857",414467.95291167
"3744","61","24","2978","0","1","0","5201468.96594, 3329468.32857","4881468.96594, 3509468.32857",413383.516973866
"3745","61","25","2979","0","0","0","5201468.96594, 3319468.32857","4881468.96594, 3509468.32857",423535.565819807
"3746","61","26","2980","0","0","0","5201468.96594, 3309468.32857","4881468.96594, 3509468.32857",443807.011143167
"3747","61","27","2981","0","0","0","5201468.96594, 3299468.32857","4881468.96594, 3509468.32857",446810.26874694
"3748","61","28","2982","1","1","0","5201468.96594, 3289468.32857","4881468.96594, 3509468.32857",442078.024153376
"3749","61","29","2983","0","0","0","5201468.96594, 3279468.32857","4881468.96594, 3509468.32857",445114.3716268
"3750","61","30","2984","0","0","0","5201468.96594, 3269468.32857","4881468.96594, 3509468.32857",457421.708153508
"3751","61","31","2985","1","1","0","5201468.96594, 3259468.32857","4881468.96594, 3509468.32857",466763.341583067
"3752","61","32","2986","0","1","0","5201468.96594, 3249468.32857","4881468.96594, 3509468.32857",473941.960269301
"3753","61","33","2987","0","1","0","5201468.96594, 3239468.32857","4881468.96594, 3509468.32857",494000.499286048
"3754","61","34","2988","0","1","0","5201468.96594, 3229468.32857","4881468.96594, 3509468.32857",494934.257561722
"3755","61","35","2989","0","0","0","5201468.96594, 3219468.32857","4881468.96594, 3509468.32857",497252.25199428
"3756","61","36","2990","1","0","0","5201468.96594, 3209468.32857","4881468.96594, 3509468.32857",512658.895545277
"3757","61","37","2991","1","1","0","5201468.96594, 3199468.32857","4881468.96594, 3509468.32857",508361.821740556
"3758","61","38","2992","0","0","0","5201468.96594, 3189468.32857","4881468.96594, 3509468.32857",514945.883361436
"3759","61","39","2993","0","0","0","5201468.96594, 3179468.32857","4881468.96594, 3509468.32857",527588.80093322
"3760","61","40","2994","0","0","0","5201468.96594, 3169468.32857","4881468.96594, 3509468.32857",537865.095662582
"3761","61","41","2995","0","0","0","5201468.96594, 3159468.32857","4881468.96594, 3509468.32857",552498.237837937
"3762","61","42","2996","0","0","0","5201468.96594, 3149468.32857","4881468.96594, 3509468.32857",555964.38329411
"3763","61","43","2997","1","0","0","5201468.96594, 3139468.32857","4881468.96594, 3509468.32857",570970.742361412
"3764","61","44","2998","0","0","0","5201468.96594, 3129468.32857","4881468.96594, 3509468.32857",601918.181483848
"3765","61","45","2999","0","1","0","5201468.96594, 3119468.32857","4881468.96594, 3509468.32857",603573.671894482
"3766","61","46","3000","0","0","0","5201468.96594, 3109468.32857","4881468.96594, 3509468.32857",603047.943756675
"3767","61","47","3001","1","1","0","5201468.96594, 3099468.32857","4881468.96594, 3509468.32857",613692.193924325
"3768","61","48","3002","1","1","0","5201468.96594, 3089468.32857","4881468.96594, 3509468.32857",616965.342809125
"3769","61","49","3003","1","0","0","5201468.96594, 3079468.32857","4881468.96594, 3509468.32857",639409.162084655
"3770","61","50","3004","1","1","0","5201468.96594, 3069468.32857","4881468.96594, 3509468.32857",641374.349216558
"3771","61","51","3005","0","0","0","5201468.96594, 3059468.32857","4881468.96594, 3509468.32857",642726.796490272
"3772","61","52","3006","0","0","0","5201468.96594, 3049468.32857","4881468.96594, 3509468.32857",654472.92327764
"3773","61","53","3007","0","0","0","5201468.96594, 3039468.32857","4881468.96594, 3509468.32857",670599.119534283
"3774","61","54","3008","0","0","0","5201468.96594, 3029468.32857","4881468.96594, 3509468.32857",672788.305982164
"3775","61","55","3009","0","0","0","5201468.96594, 3019468.32857","4881468.96594, 3509468.32857",695832.833805436
"3776","61","56","3010","1","1","0","5201468.96594, 3009468.32857","4881468.96594, 3509468.32857",700423.990774424
"3777","61","57","3011","0","1","0","5201468.96594, 2999468.32857","4881468.96594, 3509468.32857",714884.095842422
"3778","61","58","3012","0","1","0","5201468.96594, 2989468.32857","4881468.96594, 3509468.32857",711538.184834431
"3779","61","59","3013","0","0","0","5201797.52379, 2980773.23888","4881468.96594, 3509468.32857",728717.071317412
"3789","62","7","3014","0","0","0","5207089.18043, 3495860.31386","4881468.96594, 3509468.32857",371861.622911234
"3790","62","8","3015","0","0","0","5208722.37333, 3488553.67652","4881468.96594, 3509468.32857",374921.010119002
"3791","62","9","3016","0","0","0","5210996.4485, 3479105.45604","4881468.96594, 3509468.32857",391725.666796413
"3792","62","10","3017","0","0","0","5211468.96594, 3469468.32857","4881468.96594, 3509468.32857",393493.790830504
"3793","62","11","3018","1","1","0","5211468.96594, 3459468.32857","4881468.96594, 3509468.32857",399147.228648928
"3794","62","12","3019","1","1","0","5211468.96594, 3449468.32857","4881468.96594, 3509468.32857",411221.629303372
"3795","62","13","3020","1","0","0","5211468.96594, 3439468.32857","4881468.96594, 3509468.32857",401906.609287859
"3796","62","14","3021","0","0","0","5211468.96594, 3429468.32857","4881468.96594, 3509468.32857",395470.779367455
"3797","62","15","3022","1","1","0","5211468.96594, 3419468.32857","4881468.96594, 3509468.32857",390790.618087252
"3798","62","16","3023","1","1","0","5211468.96594, 3409468.32857","4881468.96594, 3509468.32857",392591.362276023
"3799","62","17","3024","1","0","0","5211468.96594, 3399468.32857","4881468.96594, 3509468.32857",400599.789775541
"3800","62","18","3025","1","0","0","5211468.96594, 3389468.32857","4881468.96594, 3509468.32857",410168.617084501
"3801","62","19","3026","1","0","0","5211468.96594, 3379468.32857","4881468.96594, 3509468.32857",405253.845715794
"3802","62","20","3027","1","1","0","5211468.96594, 3369468.32857","4881468.96594, 3509468.32857",408552.944104572
"3803","62","21","3028","1","1","0","5211468.96594, 3359468.32857","4881468.96594, 3509468.32857",417131.441560907
"3804","62","22","3029","0","1","0","5211468.96594, 3349468.32857","4881468.96594, 3509468.32857",429595.630313081
"3805","62","23","3030","0","1","0","5211468.96594, 3339468.32857","4881468.96594, 3509468.32857",424243.217232927
"3806","62","24","3031","0","0","0","5211468.96594, 3329468.32857","4881468.96594, 3509468.32857",424227.760691533
"3807","62","25","3032","0","0","0","5211456.02164, 3319463.87949","4881468.96594, 3509468.32857",437999.597357071
"3808","62","26","3033","1","0","0","5211468.96594, 3309468.32857","4881468.96594, 3509468.32857",441272.843767487
"3809","62","27","3034","1","0","0","5211468.96594, 3299468.32857","4881468.96594, 3509468.32857",450544.770545125
"3810","62","28","3035","1","1","0","5211468.96594, 3289468.32857","4881468.96594, 3509468.32857",455122.750944276
"3811","62","29","3036","0","0","0","5211468.96594, 3279468.32857","4881468.96594, 3509468.32857",451126.423062584
"3812","62","30","3037","1","0","0","5211468.96594, 3269468.32857","4881468.96594, 3509468.32857",461134.837569815
"3813","62","31","3038","1","0","0","5211468.96594, 3259468.32857","4881468.96594, 3509468.32857",470222.70097561
"3814","62","32","3039","0","1","0","5211468.96594, 3249468.32857","4881468.96594, 3509468.32857",482099.7154612
"3815","62","33","3040","0","0","0","5211468.96594, 3239468.32857","4881468.96594, 3509468.32857",492522.361330874
"3816","62","34","3041","0","0","0","5211468.96594, 3229468.32857","4881468.96594, 3509468.32857",503171.394091666
"3817","62","35","3042","0","0","0","5211468.96594, 3219468.32857","4881468.96594, 3509468.32857",511633.321917372
"3818","62","36","3043","1","0","0","5211468.96594, 3209468.32857","4881468.96594, 3509468.32857",510028.769846436
"3819","62","37","3044","1","1","0","5211468.96594, 3199468.32857","4881468.96594, 3509468.32857",519138.787810164
"3820","62","38","3045","1","0","0","5211468.96594, 3189468.32857","4881468.96594, 3509468.32857",527500.116665415
"3821","62","39","3046","0","0","0","5211468.96594, 3179468.32857","4881468.96594, 3509468.32857",539588.081271034
"3822","62","40","3047","0","0","0","5211468.96594, 3169468.32857","4881468.96594, 3509468.32857",549797.315986444
"3823","62","41","3048","0","0","0","5211468.96594, 3159468.32857","4881468.96594, 3509468.32857",548884.924186536
"3824","62","42","3049","0","0","0","5211468.96594, 3149468.32857","4881468.96594, 3509468.32857",561478.6658407
"3825","62","43","3050","1","0","0","5211468.96594, 3139468.32857","4881468.96594, 3509468.32857",574778.986554626
"3826","62","44","3051","0","1","0","5211468.96594, 3129468.32857","4881468.96594, 3509468.32857",579467.402909641
"3827","62","45","3052","0","1","0","5211468.96594, 3119468.32857","4881468.96594, 3509468.32857",597331.068372926
"3828","62","46","3053","0","0","0","5211468.96594, 3109468.32857","4881468.96594, 3509468.32857",608959.098633763
"3829","62","47","3054","0","0","0","5211468.96594, 3099468.32857","4881468.96594, 3509468.32857",612838.543312962
"3830","62","48","3055","1","1","0","5211468.96594, 3089468.32857","4881468.96594, 3509468.32857",628939.34748962
"3831","62","49","3056","1","1","0","5211468.96594, 3079468.32857","4881468.96594, 3509468.32857",636604.60396753
"3832","62","50","3057","1","1","0","5211468.96594, 3069468.32857","4881468.96594, 3509468.32857",641704.123425338
"3833","62","51","3058","0","0","0","5211468.96594, 3059468.32857","4881468.96594, 3509468.32857",650967.945834473
"3834","62","52","3059","0","0","0","5211468.96594, 3049468.32857","4881468.96594, 3509468.32857",662387.69447477
"3835","62","53","3060","0","0","0","5211468.96594, 3039468.32857","4881468.96594, 3509468.32857",672711.340718753
"3836","62","54","3061","1","0","0","5211468.96594, 3029468.32857","4881468.96594, 3509468.32857",685739.459648614
"3837","62","55","3062","1","0","0","5211468.96594, 3019468.32857","4881468.96594, 3509468.32857",702167.348617797
"3838","62","56","3063","1","0","0","5211468.96594, 3009468.32857","4881468.96594, 3509468.32857",706477.822715918
"3839","62","57","3064","1","0","0","5211468.96594, 2999468.32857","4881468.96594, 3509468.32857",717454.26939712
"3840","62","58","3065","0","0","0","5211468.96594, 2989468.32857","4881468.96594, 3509468.32857",727536.872488327
"3841","62","59","3066","0","0","0","5211570.22634, 2979599.54636","4881468.96594, 3509468.32857",738807.29307094
"3842","62","60","3067","0","0","0","5214602.82839, 2973931.54157","4881468.96594, 3509468.32857",742355.335059885
"3853","63","9","3068","0","0","0","5217192.11815, 3475732.74792","4881468.96594, 3509468.32857",397819.093505583
"3854","63","10","3069","0","1","0","5219254.51025, 3468520.63281","4881468.96594, 3509468.32857",424443.016297701
"3855","63","11","3070","1","1","0","5221294.75226, 3459315.47507","4881468.96594, 3509468.32857",421593.052211484
"3856","63","12","3071","0","1","0","5221468.96594, 3449468.32857","4881468.96594, 3509468.32857",414748.48873546
"3857","63","13","3072","0","0","0","5221468.96594, 3439468.32857","4881468.96594, 3509468.32857",421511.576973761
"3858","63","14","3073","0","0","0","5221468.96594, 3429468.32857","4881468.96594, 3509468.32857",402021.18256886
"3859","63","15","3074","1","1","0","5221468.96594, 3419468.32857","4881468.96594, 3509468.32857",403255.249413426
"3860","63","16","3075","0","1","0","5221468.96594, 3409468.32857","4881468.96594, 3509468.32857",404861.090293099
"3861","63","17","3076","0","0","0","5221468.96594, 3399468.32857","4881468.96594, 3509468.32857",409797.706209667
"3862","63","18","3077","0","0","0","5221468.96594, 3389468.32857","4881468.96594, 3509468.32857",415991.5903893
"3863","63","19","3078","0","0","0","5221468.96594, 3379468.32857","4881468.96594, 3509468.32857",416672.528563492
"3864","63","20","3079","0","0","0","5221468.96594, 3369468.32857","4881468.96594, 3509468.32857",434307.682198156
"3865","63","21","3080","1","1","0","5221468.96594, 3359468.32857","4881468.96594, 3509468.32857",426494.954094169
"3866","63","22","3081","1","1","0","5221468.96594, 3349468.32857","4881468.96594, 3509468.32857",432341.266963954
"3867","63","23","3082","0","0","0","5221440.27842, 3339496.24581","4881468.96594, 3509468.32857",435708.009367941
"3868","63","24","3083","0","0","0","5219608.36786, 3330542.85779","4881468.96594, 3509468.32857",430546.189743609
"3869","63","25","3084","0","0","0","5217122.06036, 3323549.8838","4881468.96594, 3509468.32857",428812.934973651
"3869","63","25","3085","0","0","0","5220165.58182, 3316570.16936","4881468.96594, 3509468.32857",445814.922368293
"3870","63","26","3086","0","0","0","5221468.96594, 3309468.32857","4881468.96594, 3509468.32857",445814.922368293
"3871","63","27","3087","1","0","0","5221468.96594, 3299468.32857","4881468.96594, 3509468.32857",460518.900457336
"3872","63","28","3088","0","1","0","5221468.96594, 3289468.32857","4881468.96594, 3509468.32857",464118.301427698
"3873","63","29","3089","0","0","0","5221468.96594, 3279468.32857","4881468.96594, 3509468.32857",474294.323132155
"3874","63","30","3090","1","0","0","5221468.96594, 3269468.32857","4881468.96594, 3509468.32857",485120.76485907
"3875","63","31","3091","0","0","0","5221468.96594, 3259468.32857","4881468.96594, 3509468.32857",494885.943637684
"3876","63","32","3092","0","0","0","5221468.96594, 3249468.32857","4881468.96594, 3509468.32857",491965.679856351
"3877","63","33","3093","0","0","0","5221468.96594, 3239468.32857","4881468.96594, 3509468.32857",496408.444211352
"3878","63","34","3094","0","0","0","5221468.96594, 3229468.32857","4881468.96594, 3509468.32857",506702.016105126
"3879","63","35","3095","0","0","0","5221468.96594, 3219468.32857","4881468.96594, 3509468.32857",517506.283040505
"3880","63","36","3096","1","0","0","5221468.96594, 3209468.32857","4881468.96594, 3509468.32857",522640.294302346
"3881","63","37","3097","1","1","0","5221468.96594, 3199468.32857","4881468.96594, 3509468.32857",526113.331523626
"3882","63","38","3098","1","1","0","5221468.96594, 3189468.32857","4881468.96594, 3509468.32857",534164.596465042
"3883","63","39","3099","0","0","0","5221468.96594, 3179468.32857","4881468.96594, 3509468.32857",542033.803812265
"3884","63","40","3100","0","0","0","5221468.96594, 3169468.32857","4881468.96594, 3509468.32857",558761.918389817
"3885","63","41","3101","0","0","0","5221468.96594, 3159468.32857","4881468.96594, 3509468.32857",561563.625496303
"3886","63","42","3102","1","0","0","5221468.96594, 3149468.32857","4881468.96594, 3509468.32857",566154.986260179
"3887","63","43","3103","1","0","0","5221468.96594, 3139468.32857","4881468.96594, 3509468.32857",579051.958290687
"3888","63","44","3104","0","1","0","5221468.96594, 3129468.32857","4881468.96594, 3509468.32857",592220.409294517
"3889","63","45","3105","0","0","0","5221468.96594, 3119468.32857","4881468.96594, 3509468.32857",595240.778005916
"3890","63","46","3106","0","0","0","5221468.96594, 3109468.32857","4881468.96594, 3509468.32857",604502.179776582
"3891","63","47","3107","0","0","0","5221468.96594, 3099468.32857","4881468.96594, 3509468.32857",615111.149883474
"3892","63","48","3108","0","0","0","5221468.96594, 3089468.32857","4881468.96594, 3509468.32857",632352.264955651
"3893","63","49","3109","1","0","0","5221468.96594, 3079468.32857","4881468.96594, 3509468.32857",636588.911862909
"3894","63","50","3110","1","1","0","5221468.96594, 3069468.32857","4881468.96594, 3509468.32857",650196.417155495
"3895","63","51","3111","1","0","0","5221468.96594, 3059468.32857","4881468.96594, 3509468.32857",659973.502429132
"3896","63","52","3112","0","0","0","5221468.96594, 3049468.32857","4881468.96594, 3509468.32857",663787.47839777
"3897","63","53","3113","1","0","0","5221468.96594, 3039468.32857","4881468.96594, 3509468.32857",676405.492979644
"3898","63","54","3114","1","0","0","5221468.96594, 3029468.32857","4881468.96594, 3509468.32857",696132.019238911
"3899","63","55","3115","0","0","0","5221468.96594, 3019468.32857","4881468.96594, 3509468.32857",706327.796923283
"3900","63","56","3116","1","0","0","5221468.96594, 3009468.32857","4881468.96594, 3509468.32857",720653.294524233
"3901","63","57","3117","1","0","0","5221468.96594, 2999468.32857","4881468.96594, 3509468.32857",723958.082726859
"3902","63","58","3118","0","0","0","5221468.96594, 2989468.32857","4881468.96594, 3509468.32857",735458.14536216
"3903","63","59","3119","0","0","0","5221468.96594, 2979468.32857","4881468.96594, 3509468.32857",746612.560896562
"3904","63","60","3120","0","0","0","5222255.24721, 2972830.94774","4881468.96594, 3509468.32857",754317.521234504
"3917","64","11","3121","0","0","0","5227671.61376, 3456571.13786","4881468.96594, 3509468.32857",421593.052211484
"3918","64","12","3122","0","0","0","5229913.47791, 3448731.41505","4881468.96594, 3509468.32857",418888.640137108
"3919","64","13","3123","0","0","0","5231449.99093, 3439450.02051","4881468.96594, 3509468.32857",417493.613903578
"3920","64","14","3124","0","0","0","5231468.96594, 3429468.32857","4881468.96594, 3509468.32857",417493.613903578
"3921","64","15","3125","1","1","0","5231468.96594, 3419468.32857","4881468.96594, 3509468.32857",411230.641271807
"3922","64","16","3126","0","0","0","5231468.96594, 3409468.32857","4881468.96594, 3509468.32857",415798.94017725
"3923","64","17","3127","0","0","0","5231468.96594, 3399468.32857","4881468.96594, 3509468.32857",422236.488394663
"3924","64","18","3128","0","1","0","5231468.96594, 3389468.32857","4881468.96594, 3509468.32857",423860.04688562
"3925","64","19","3129","0","1","0","5231468.96594, 3379468.32857","4881468.96594, 3509468.32857",430486.403216644
"3926","64","20","3130","0","1","0","5231468.96594, 3369468.32857","4881468.96594, 3509468.32857",436815.500434096
"3927","64","21","3131","0","1","0","5231468.96594, 3359468.32857","4881468.96594, 3509468.32857",438630.407147581
"3928","64","22","3132","0","0","0","5231043.08279, 3349835.1102","4881468.96594, 3509468.32857",436368.268158004
"3929","64","23","3133","0","0","0","5228529.30904, 3341570.87408","4881468.96594, 3509468.32857",435093.544749807
"3931","64","25","3134","0","0","0","5226933.50352, 3314722.03376","4881468.96594, 3509468.32857",452741.758492747
"3932","64","26","3135","0","0","0","5230928.60173, 3308597.83996","4881468.96594, 3509468.32857",456001.48279759
"3933","64","27","3136","1","1","0","5231468.96594, 3299468.32857","4881468.96594, 3509468.32857",471005.626941617
"3934","64","28","3137","0","1","0","5231468.96594, 3289468.32857","4881468.96594, 3509468.32857",479537.996873421
"3935","64","29","3138","0","0","0","5231468.96594, 3279468.32857","4881468.96594, 3509468.32857",485325.499826896
"3936","64","30","3139","1","0","0","5231468.96594, 3269468.32857","4881468.96594, 3509468.32857",488352.516021124
"3937","64","31","3140","0","0","0","5231468.96594, 3259468.32857","4881468.96594, 3509468.32857",493174.285500504
"3938","64","32","3141","0","0","0","5231468.96594, 3249468.32857","4881468.96594, 3509468.32857",502042.561308861
"3939","64","33","3142","0","0","0","5231468.96594, 3239468.32857","4881468.96594, 3509468.32857",509303.475708438
"3940","64","34","3143","1","0","0","5231468.96594, 3229468.32857","4881468.96594, 3509468.32857",529589.614286074
"3941","64","35","3144","1","0","0","5231468.96594, 3219468.32857","4881468.96594, 3509468.32857",534739.521171632
"3942","64","36","3145","1","0","0","5231468.96594, 3209468.32857","4881468.96594, 3509468.32857",531254.395962286
"3943","64","37","3146","1","1","0","5231468.96594, 3199468.32857","4881468.96594, 3509468.32857",543854.471693525
"3944","64","38","3147","1","1","0","5231468.96594, 3189468.32857","4881468.96594, 3509468.32857",543117.842842238
"3945","64","39","3148","1","0","0","5231468.96594, 3179468.32857","4881468.96594, 3509468.32857",562690.86609118
"3946","64","40","3149","0","0","0","5231468.96594, 3169468.32857","4881468.96594, 3509468.32857",565703.685324673
"3947","64","41","3150","0","0","0","5231468.96594, 3159468.32857","4881468.96594, 3509468.32857",570046.84457376
"3948","64","42","3151","1","1","0","5231468.96594, 3149468.32857","4881468.96594, 3509468.32857",576604.132630781
"3949","64","43","3152","0","1","0","5231468.96594, 3139468.32857","4881468.96594, 3509468.32857",586893.388453378
"3950","64","44","3153","0","1","0","5231468.96594, 3129468.32857","4881468.96594, 3509468.32857",594061.037848895
"3951","64","45","3154","0","0","0","5231468.96594, 3119468.32857","4881468.96594, 3509468.32857",606474.448159876
"3952","64","46","3155","0","0","0","5231468.96594, 3109468.32857","4881468.96594, 3509468.32857",612437.264249366
"3953","64","47","3156","0","0","0","5231468.96594, 3099468.32857","4881468.96594, 3509468.32857",629998.372281172
"3954","64","48","3157","0","0","0","5231468.96594, 3089468.32857","4881468.96594, 3509468.32857",643408.267968099
"3955","64","49","3158","0","0","0","5231468.96594, 3079468.32857","4881468.96594, 3509468.32857",662771.749486577
"3956","64","50","3159","1","1","0","5231468.96594, 3069468.32857","4881468.96594, 3509468.32857",655873.461165862
"3957","64","51","3160","1","1","0","5231468.96594, 3059468.32857","4881468.96594, 3509468.32857",666315.996453056
"3958","64","52","3161","1","1","0","5231468.96594, 3049468.32857","4881468.96594, 3509468.32857",676800.824217989
"3959","64","53","3162","1","1","0","5231468.96594, 3039468.32857","4881468.96594, 3509468.32857",694356.77015775
"3960","64","54","3163","0","0","0","5231468.96594, 3029468.32857","4881468.96594, 3509468.32857",701842.175507458
"3961","64","55","3164","0","0","0","5231204.15981, 3019702.51277","4881468.96594, 3509468.32857",712986.469934752
"3962","64","56","3165","1","0","0","5231007.94297, 3009174.06978","4881468.96594, 3509468.32857",719606.679290577
"3963","64","57","3166","1","0","0","5231468.96594, 2999468.32857","4881468.96594, 3509468.32857",734061.034625235
"3964","64","58","3167","0","0","0","5231468.96594, 2989468.32857","4881468.96594, 3509468.32857",747543.480378445
"3965","64","59","3168","0","0","0","5231468.96594, 2979468.32857","4881468.96594, 3509468.32857",757144.160424384
"3966","64","60","3169","0","0","0","5231873.52786, 2971447.61778","4881468.96594, 3509468.32857",764862.270965306
"3981","65","13","3170","0","0","0","5238151.10937, 3437409.52779","4881468.96594, 3509468.32857",421934.232297124
"3982","65","14","3171","0","0","0","5240476.58976, 3428934.64354","4881468.96594, 3509468.32857",424174.803532351
"3983","65","15","3172","1","1","0","5241462.79913, 3419462.47608","4881468.96594, 3509468.32857",420500.886870846
"3984","65","16","3173","0","0","0","5241468.96594, 3409468.32857","4881468.96594, 3509468.32857",428237.986983372
"3985","65","17","3174","0","1","0","5241468.96594, 3399468.32857","4881468.96594, 3509468.32857",428273.07746906
"3986","65","18","3175","0","1","0","5241468.96594, 3389468.32857","4881468.96594, 3509468.32857",438751.372197517
"3987","65","19","3176","0","0","0","5241468.96594, 3379468.32857","4881468.96594, 3509468.32857",438127.113637509
"3988","65","20","3177","0","0","0","5241468.96594, 3369468.32857","4881468.96594, 3509468.32857",436044.052103905
"3989","65","21","3178","0","0","0","5240189.6405, 3360327.15019","4881468.96594, 3509468.32857",436044.052103905
"3990","65","22","3179","0","0","0","5237566.26672, 3352925.19769","4881468.96594, 3509468.32857",438630.407147581
"3994","65","26","3180","1","0","0","5239703.54783, 3306234.88149","4881468.96594, 3509468.32857",475588.461948327
"3995","65","27","3181","1","1","0","5241467.791, 3299467.14288","4881468.96594, 3509468.32857",481501.341274144
"3996","65","28","3182","0","1","0","5241468.96594, 3289468.32857","4881468.96594, 3509468.32857",484765.024229556
"3997","65","29","3183","0","0","0","5241468.96594, 3279468.32857","4881468.96594, 3509468.32857",497296.055387062
"3998","65","30","3184","1","0","0","5241468.96594, 3269468.32857","4881468.96594, 3509468.32857",499576.320942126
"3999","65","31","3185","0","0","0","5241468.96594, 3259468.32857","4881468.96594, 3509468.32857",505986.800635904
"4000","65","32","3186","0","0","0","5241468.96594, 3249468.32857","4881468.96594, 3509468.32857",508359.45895922
"4001","65","33","3187","1","0","0","5241468.96594, 3239468.32857","4881468.96594, 3509468.32857",523177.093701367
"4002","65","34","3188","1","0","0","5241468.96594, 3229468.32857","4881468.96594, 3509468.32857",522229.773010056
"4003","65","35","3189","0","0","0","5241468.96594, 3219468.32857","4881468.96594, 3509468.32857",545204.029261609
"4004","65","36","3190","0","0","0","5241468.96594, 3209468.32857","4881468.96594, 3509468.32857",542507.288209973
"4005","65","37","3191","1","1","0","5241468.96594, 3199468.32857","4881468.96594, 3509468.32857",551802.956827617
"4006","65","38","3192","0","1","0","5241468.96594, 3189468.32857","4881468.96594, 3509468.32857",566252.495066884
"4007","65","39","3193","1","1","0","5241468.96594, 3179468.32857","4881468.96594, 3509468.32857",557149.624946428
"4008","65","40","3194","1","1","0","5241468.96594, 3169468.32857","4881468.96594, 3509468.32857",568880.221700671
"4009","65","41","3195","1","1","0","5241468.96594, 3159468.32857","4881468.96594, 3509468.32857",580159.84218076
"4010","65","42","3196","1","1","0","5241468.96594, 3149468.32857","4881468.96594, 3509468.32857",590068.573165226
"4011","65","43","3197","0","0","0","5241468.96594, 3139468.32857","4881468.96594, 3509468.32857",607901.259792311
"4012","65","44","3198","0","1","0","5241468.96594, 3129468.32857","4881468.96594, 3509468.32857",602470.506142199
"4013","65","45","3199","0","1","0","5241468.96594, 3119468.32857","4881468.96594, 3509468.32857",608986.402211043
"4014","65","46","3200","0","0","0","5241468.96594, 3109468.32857","4881468.96594, 3509468.32857",629829.58552034
"4015","65","47","3201","0","0","0","5241468.96594, 3099468.32857","4881468.96594, 3509468.32857",640613.582788836
"4016","65","48","3202","0","0","0","5241468.96594, 3089468.32857","4881468.96594, 3509468.32857",652676.871896751
"4017","65","49","3203","0","1","0","5241468.96594, 3079468.32857","4881468.96594, 3509468.32857",666185.001910484
"4018","65","50","3204","1","1","0","5241468.96594, 3069468.32857","4881468.96594, 3509468.32857",670366.770463424
"4019","65","51","3205","1","1","0","5241468.96594, 3059468.32857","4881468.96594, 3509468.32857",672393.672598437
"4020","65","52","3206","1","1","0","5241468.96594, 3049468.32857","4881468.96594, 3509468.32857",679234.655220854
"4021","65","53","3207","1","1","0","5241468.96594, 3039468.32857","4881468.96594, 3509468.32857",693205.928081162
"4022","65","54","3208","1","1","0","5240315.20545, 3030231.8999","4881468.96594, 3509468.32857",701842.175507458
"4023","65","55","3209","1","0","0","5237752.2938, 3022560.45626","4881468.96594, 3509468.32857",709156.910868659
"4024","65","56","3210","0","0","0","5236829.8857, 3005392.54936","4881468.96594, 3509468.32857",726905.437456501
"4025","65","57","3211","0","0","0","5238195.96758, 2998396.19486","4881468.96594, 3509468.32857",738354.60493026
"4026","65","58","3212","0","0","0","5240030.7419, 2988999.44365","4881468.96594, 3509468.32857",745038.627857697
"4027","65","59","3213","0","0","0","5241395.14722, 2979403.68988","4881468.96594, 3509468.32857",757144.160424384
"4028","65","60","3214","0","0","0","5241736.25442, 2970034.81288","4881468.96594, 3509468.32857",766177.568591358
"4029","65","61","3215","0","0","0","5246191.14652, 2964388.41492","4881468.96594, 3509468.32857",775418.358081851
"4045","66","15","3216","0","0","0","5247217.60277, 3417467.6997","4881468.96594, 3509468.32857",439293.487731821
"4046","66","16","3217","0","0","0","5248290.21113, 3408873.01025","4881468.96594, 3509468.32857",434495.254487847
"4047","66","17","3218","0","1","0","5249507.24205, 3399121.07905","4881468.96594, 3509468.32857",432205.319866591
"4048","66","18","3219","0","0","0","5250742.485, 3389223.21693","4881468.96594, 3509468.32857",438751.372197517
"4049","66","19","3220","0","0","0","5251271.83251, 3379635.93977","4881468.96594, 3509468.32857",444322.087312129
"4050","66","20","3221","0","0","0","5248980.34627, 3370965.4004","4881468.96594, 3509468.32857",446530.468874602
"4051","66","21","3222","0","0","0","5246603.2244, 3364279.5213","4881468.96594, 3509468.32857",448650.080133039
"4057","66","27","3223","1","1","0","5250223.89591, 3298325.57858","4881468.96594, 3509468.32857",484842.732931036
"4058","66","28","3224","0","0","0","5251282.11458, 3289355.04015","4881468.96594, 3509468.32857",493426.881071893
"4059","66","29","3225","0","0","0","5251468.96594, 3279468.32857","4881468.96594, 3509468.32857",503921.909986088
"4060","66","30","3226","1","0","0","5251468.96594, 3269468.32857","4881468.96594, 3509468.32857",509860.595270231
"4061","66","31","3227","0","0","0","5251468.96594, 3259468.32857","4881468.96594, 3509468.32857",523753.025635085
"4062","66","32","3228","1","0","0","5251468.96594, 3249468.32857","4881468.96594, 3509468.32857",517060.377328884
"4063","66","33","3229","1","0","0","5251468.96594, 3239468.32857","4881468.96594, 3509468.32857",527795.87233204
"4064","66","34","3230","0","0","0","5251468.96594, 3229468.32857","4881468.96594, 3509468.32857",536898.614118952
"4065","66","35","3231","0","0","0","5251468.96594, 3219468.32857","4881468.96594, 3509468.32857",541777.328142377
"4066","66","36","3232","0","0","0","5251468.96594, 3209468.32857","4881468.96594, 3509468.32857",551654.611391142
"4067","66","37","3233","1","1","0","5251468.96594, 3199468.32857","4881468.96594, 3509468.32857",565120.167438374
"4068","66","38","3234","0","0","0","5251468.96594, 3189468.32857","4881468.96594, 3509468.32857",575193.01588484
"4069","66","39","3235","0","0","0","5251468.96594, 3179468.32857","4881468.96594, 3509468.32857",573743.812747994
"4070","66","40","3236","0","0","0","5251468.96594, 3169468.32857","4881468.96594, 3509468.32857",586368.617695237
"4071","66","41","3237","1","1","0","5251468.96594, 3159468.32857","4881468.96594, 3509468.32857",590341.446107599
"4072","66","42","3238","1","1","0","5251468.96594, 3149468.32857","4881468.96594, 3509468.32857",597067.734217987
"4073","66","43","3239","0","0","0","5251468.96594, 3139468.32857","4881468.96594, 3509468.32857",614017.924151864
"4074","66","44","3240","0","0","0","5251468.96594, 3129468.32857","4881468.96594, 3509468.32857",623651.085959698
"4075","66","45","3241","0","1","0","5251468.96594, 3119468.32857","4881468.96594, 3509468.32857",620060.729740843
"4076","66","46","3242","0","0","0","5251468.96594, 3109468.32857","4881468.96594, 3509468.32857",643393.272741779
"4077","66","47","3243","0","0","0","5251468.96594, 3099468.32857","4881468.96594, 3509468.32857",639555.508564777
"4078","66","48","3244","0","1","0","5251468.96594, 3089468.32857","4881468.96594, 3509468.32857",650734.582381449
"4079","66","49","3245","0","1","0","5251468.96594, 3079468.32857","4881468.96594, 3509468.32857",672720.368874285
"4080","66","50","3246","1","0","0","5251468.96594, 3069468.32857","4881468.96594, 3509468.32857",681988.663144791
"4081","66","51","3247","1","0","0","5251468.96594, 3059468.32857","4881468.96594, 3509468.32857",693265.069300383
"4082","66","52","3248","1","1","0","5251234.55037, 3049677.73548","4881468.96594, 3509468.32857",699863.227854526
"4083","66","53","3249","0","0","0","5248917.34374, 3040891.1236","4881468.96594, 3509468.32857",694936.072076012
"4084","66","54","3250","0","0","0","5246661.12286, 3034182.65655","4881468.96594, 3509468.32857",705469.977928093
"4089","66","59","3251","0","0","0","5247401.67718, 2976856.75732","4881468.96594, 3509468.32857",781324.023845096
"4090","66","60","3252","0","0","0","5248978.06634, 2968783.31934","4881468.96594, 3509468.32857",775418.358081851
"4091","66","61","3253","0","0","0","5251030.42766, 2963646.19063","4881468.96594, 3509468.32857",803504.425822266
"4111","67","19","3254","0","0","0","5256803.80124, 3380248.13205","4881468.96594, 3509468.32857",448650.080133039
"4120","67","28","3255","0","0","0","5256669.42672, 3285595.19047","4881468.96594, 3509468.32857",496777.735734837
"4121","67","29","3256","0","0","0","5257302.83439, 3278473.96688","4881468.96594, 3509468.32857",503921.909986088
"4122","67","30","3257","0","0","0","5258144.18038, 3269014.95165","4881468.96594, 3509468.32857",510437.65670733
"4123","67","31","3258","0","0","0","5259019.43594, 3259174.70061","4881468.96594, 3509468.32857",523753.025635085
"4124","67","32","3259","1","0","0","5259902.09582, 3249251.20491","4881468.96594, 3509468.32857",651705.290473403
"4125","67","33","3260","0","1","0","5260787.56873, 3239296.08317","4881468.96594, 3509468.32857",534259.18822312
"4126","67","34","3261","0","1","0","5261434.2234, 3229439.168","4881468.96594, 3509468.32857",548580.388639088
"4127","67","35","3262","0","1","0","5261468.96594, 3219468.32857","4881468.96594, 3509468.32857",550470.765568298
"4128","67","36","3263","0","1","0","5261468.96594, 3209468.32857","4881468.96594, 3509468.32857",559297.654600354
"4129","67","37","3264","1","1","0","5261468.96594, 3199468.32857","4881468.96594, 3509468.32857",564827.968100605
"4130","67","38","3265","0","0","0","5261468.96594, 3189468.32857","4881468.96594, 3509468.32857",572240.328047411
"4131","67","39","3266","0","0","0","5261468.96594, 3179468.32857","4881468.96594, 3509468.32857",582321.649905421
"4132","67","40","3267","0","0","0","5261468.96594, 3169468.32857","4881468.96594, 3509468.32857",584345.932354543
"4133","67","41","3268","1","1","0","5261468.96594, 3159468.32857","4881468.96594, 3509468.32857",606371.619543141
"4134","67","42","3269","1","1","0","5261468.96594, 3149468.32857","4881468.96594, 3509468.32857",598799.249395077
"4135","67","43","3270","1","0","0","5261468.96594, 3139468.32857","4881468.96594, 3509468.32857",607682.729347824
"4136","67","44","3271","1","0","0","5261468.96594, 3129468.32857","4881468.96594, 3509468.32857",616894.618121684
"4137","67","45","3272","0","1","0","5261468.96594, 3119468.32857","4881468.96594, 3509468.32857",630763.721502619
"4138","67","46","3273","0","0","0","5261468.96594, 3109468.32857","4881468.96594, 3509468.32857",637426.002352631
"4139","67","47","3274","0","0","0","5261468.96594, 3099468.32857","4881468.96594, 3509468.32857",664646.790923352
"4140","67","48","3275","0","1","0","5261468.96594, 3089468.32857","4881468.96594, 3509468.32857",658274.10588617
"4141","67","49","3276","0","0","0","5261468.96594, 3079468.32857","4881468.96594, 3509468.32857",667191.32081309
"4142","67","50","3277","1","0","0","5261468.96594, 3069468.32857","4881468.96594, 3509468.32857",691443.944166358
"4143","67","51","3278","0","0","0","5260383.91282, 3060204.21696","4881468.96594, 3509468.32857",693265.069300383
"4144","67","52","3279","1","1","0","5257812.11431, 3052471.5235","4881468.96594, 3509468.32857",701838.220069845
"4188","68","34","3280","0","0","0","5266893.95206, 3226857.32797","4881468.96594, 3509468.32857",546554.398154162
"4189","68","35","3281","0","0","0","5269599.98473, 3217888.31888","4881468.96594, 3509468.32857",557652.000773276
"4190","68","36","3282","1","1","0","5271465.17159, 3209464.53513","4881468.96594, 3509468.32857",565612.923842328
"4191","68","37","3283","1","1","0","5271468.96594, 3199468.32857","4881468.96594, 3509468.32857",574366.985652375
"4192","68","38","3284","0","0","0","5271468.96594, 3189468.32857","4881468.96594, 3509468.32857",581077.023941601
"4193","68","39","3285","0","0","0","5271468.96594, 3179468.32857","4881468.96594, 3509468.32857",593063.158438769
"4194","68","40","3286","0","0","0","5271468.96594, 3169468.32857","4881468.96594, 3509468.32857",593063.158438769
"4195","68","41","3287","1","1","0","5271468.96594, 3159468.32857","4881468.96594, 3509468.32857",613311.562535503
"4196","68","42","3288","0","0","0","5271468.96594, 3149468.32857","4881468.96594, 3509468.32857",609995.188384946
"4197","68","43","3289","0","0","0","5271468.96594, 3139468.32857","4881468.96594, 3509468.32857",632468.387672423
"4198","68","44","3290","1","0","0","5271468.96594, 3129468.32857","4881468.96594, 3509468.32857",627199.822037185
"4199","68","45","3291","1","1","0","5271468.96594, 3119468.32857","4881468.96594, 3509468.32857",630636.2845751
"4200","68","46","3292","1","0","0","5271468.96594, 3109468.32857","4881468.96594, 3509468.32857",636082.308946954
"4201","68","47","3293","0","1","0","5271468.96594, 3099468.32857","4881468.96594, 3509468.32857",663676.264238415
"4202","68","48","3294","1","1","0","5271468.96594, 3089468.32857","4881468.96594, 3509468.32857",680938.883003714
"4203","68","49","3295","1","0","0","5271263.24196, 3079653.85981","4881468.96594, 3509468.32857",686898.131292927
"4204","68","50","3296","1","0","0","5268986.22663, 3070829.13621","4881468.96594, 3509468.32857",697675.265690782
"4205","68","51","3297","0","0","0","5266720.94337, 3064093.72379","4881468.96594, 3509468.32857",705994.845079164
"4252","69","36","3298","1","1","0","5279641.54383, 3207669.52567","4881468.96594, 3509468.32857",569612.335473612
"4253","69","37","3299","0","0","0","5281463.28093, 3199462.64526","4881468.96594, 3509468.32857",579838.830179566
"4254","69","38","3300","0","0","0","5281468.96594, 3189468.32857","4881468.96594, 3509468.32857",587602.988036006
"4255","69","39","3301","0","0","0","5281468.96594, 3179468.32857","4881468.96594, 3509468.32857",596898.971243343
"4256","69","40","3302","0","0","0","5281468.96594, 3169468.32857","4881468.96594, 3509468.32857",618978.394144101
"4257","69","41","3303","1","1","0","5281468.96594, 3159468.32857","4881468.96594, 3509468.32857",623091.682638369
"4258","69","42","3304","0","0","0","5281468.96594, 3149468.32857","4881468.96594, 3509468.32857",640880.847937642
"4259","69","43","3305","0","0","0","5281468.96594, 3139468.32857","4881468.96594, 3509468.32857",640100.915590116
"4260","69","44","3306","0","0","0","5281468.96594, 3129468.32857","4881468.96594, 3509468.32857",638222.248936573
"4261","69","45","3307","0","1","0","5281468.96594, 3119468.32857","4881468.96594, 3509468.32857",641328.705577858
"4262","69","46","3308","1","1","0","5281468.96594, 3109468.32857","4881468.96594, 3509468.32857",645692.935094941
"4263","69","47","3309","1","1","0","5281468.96594, 3099468.32857","4881468.96594, 3509468.32857",661389.064177702
"4264","69","48","3310","1","0","0","5280449.63136, 3090175.70597","4881468.96594, 3509468.32857",669634.123058956
"4265","69","49","3311","1","0","0","5277871.93482, 3082382.59075","4881468.96594, 3509468.32857",680581.67049006
"4315","70","37","3312","0","0","0","5289611.74329, 3197639.45631","4881468.96594, 3509468.32857",586494.172482944
"4316","70","38","3313","0","0","0","5291461.02322, 3189460.38869","4881468.96594, 3509468.32857",594222.121436475
"4317","70","39","3314","0","0","0","5291468.96594, 3179468.32857","4881468.96594, 3509468.32857",604068.003375788
"4318","70","40","3315","1","1","0","5291468.96594, 3169468.32857","4881468.96594, 3509468.32857",613330.922491657
"4319","70","41","3316","1","1","0","5291468.96594, 3159468.32857","4881468.96594, 3509468.32857",622910.870280564
"4320","70","42","3317","0","0","0","5291468.96594, 3149468.32857","4881468.96594, 3509468.32857",633637.130975832
"4321","70","43","3318","0","0","0","5291468.96594, 3139468.32857","4881468.96594, 3509468.32857",652286.864723648
"4322","70","44","3319","0","0","0","5291468.96594, 3129468.32857","4881468.96594, 3509468.32857",648707.711180417
"4323","70","45","3320","1","1","0","5291468.96594, 3119468.32857","4881468.96594, 3509468.32857",675738.661929201
"4324","70","46","3321","1","1","0","5291290.19018, 3109631.03852","4881468.96594, 3509468.32857",662198.709658504
"4325","70","47","3322","1","1","0","5289056.85025, 3100772.32458","4881468.96594, 3509468.32857",662994.180778791
"4326","70","48","3323","0","0","0","5286780.76387, 3094004.79103","4881468.96594, 3509468.32857",667340.726622922
"4378","71","38","3324","0","0","0","5299581.94275, 3187609.38694","4881468.96594, 3509468.32857",602672.772914995
"4379","71","39","3325","1","1","0","5301458.40462, 3179457.77163","4881468.96594, 3509468.32857",607698.071907696
"4380","71","40","3326","1","1","0","5301468.96594, 3169468.32857","4881468.96594, 3509468.32857",627675.901093219
"4381","71","41","3327","0","0","0","5301468.96594, 3159468.32857","4881468.96594, 3509468.32857",623703.211960422
"4382","71","42","3328","0","0","0","5301468.96594, 3149468.32857","4881468.96594, 3509468.32857",635385.36275667
"4383","71","43","3329","0","0","0","5301468.96594, 3139468.32857","4881468.96594, 3509468.32857",648793.766443697
"4384","71","44","3330","0","1","0","5301468.96594, 3129468.32857","4881468.96594, 3509468.32857",656038.387478796
"4385","71","45","3331","1","1","0","5300512.55581, 3120146.53112","4881468.96594, 3509468.32857",691153.73649581
"4386","71","46","3332","0","0","0","5297931.75532, 3112293.65799","4881468.96594, 3509468.32857",667216.51360346
"4441","72","39","3333","1","1","0","5308199.36834, 3178239.7732","4881468.96594, 3509468.32857",614845.768623323
"4442","72","40","3334","0","0","0","5308531.63509, 3169380.75618","4881468.96594, 3509468.32857",629935.635588655
"4443","72","41","3335","0","0","0","5308748.0149, 3159389.08376","4881468.96594, 3509468.32857",640606.368022473
"4444","72","42","3336","0","0","0","5308964.42604, 3149395.96508","4881468.96594, 3509468.32857",645483.873693505
"4445","72","43","3337","0","0","0","5309180.86098, 3139401.74679",,
"4446","72","44","3338","0","1","0","5308821.14559, 3130496.97181","4881468.96594, 3509468.32857",698318.00084792
"4447","72","45","3339","1","0","0","5306840.58438, 3123915.85827","4881468.96594, 3509468.32857",691342.825679665
