id,xIndex,yIndex,AUTO,BOOL_ROAD,BOOL_RAILWAY,BOOL_WATERCOURSE,start,end,cost
"12","1","12","1","0","0","0","4602643.26002, 3447676.33327","4881468.96594, 3509468.32857",183326.722738361
"13","1","13","2","0","0","0","4602845.39021, 3439687.17683","4881468.96594, 3509468.32857",183326.722738361
"14","1","14","3","1","1","0","4603784.19337, 3429765.11943","4881468.96594, 3509468.32857",183326.722738361
"15","1","15","4","0","0","0","4604714.83776, 3419929.29063","4881468.96594, 3509468.32857",183326.722738361
"16","1","16","5","0","0","0","4605607.02397, 3410499.92011","4881468.96594, 3509468.32857",183326.722738361
"17","1","17","6","0","0","0","4606274.80187, 3403442.28435","4881468.96594, 3509468.32857",183326.722738361
"24","1","24","7","0","0","0","4606387.8744, 3324680.88658","4881468.96594, 3509468.32857",183326.722738361
"25","1","25","8","0","0","0","4605111.61123, 3317990.1776","4881468.96594, 3509468.32857",183326.722738361
"26","1","26","9","0","0","0","4603384.40353, 3308935.42749","4881468.96594, 3509468.32857",183326.722738361
"27","1","27","10","0","0","0","4603469.68186, 3303370.24243","4881468.96594, 3509468.32857",183326.722738361
"73","2","11","11","0","0","0","4614520.59743, 3455353.91219","4881468.96594, 3509468.32857",171580.748482787
"74","2","12","12","0","0","0","4611616.58513, 3449289.86023","4881468.96594, 3509468.32857",171580.748482787
"75","2","13","13","0","0","0","4611468.96594, 3439468.32857","4881468.96594, 3509468.32857",183326.722738361
"76","2","14","14","1","1","0","4611468.96594, 3429468.32857","4881468.96594, 3509468.32857",183326.722738361
"77","2","15","15","0","0","0","4611468.96594, 3419468.32857","4881468.96594, 3509468.32857",183326.722738361
"78","2","16","16","0","0","0","4611468.96594, 3409468.32857","4881468.96594, 3509468.32857",183326.722738361
"79","2","17","17","0","0","0","4611685.66359, 3399596.19525","4881468.96594, 3509468.32857",183326.722738361
"80","2","18","18","0","0","0","4612577.71893, 3389671.96643","4881468.96594, 3509468.32857",183326.722738361
"81","2","19","19","1","1","0","4613517.66582, 3379737.82109","4881468.96594, 3509468.32857",183326.722738361
"82","2","20","20","1","1","0","4614451.65636, 3369866.62734","4881468.96594, 3509468.32857",183326.722738361
"83","2","21","21","1","0","0","4615363.33047, 3360231.29243","4881468.96594, 3509468.32857",183326.722738361
"84","2","22","22","1","0","0","4615706.90887, 3348231.41627","4881468.96594, 3509468.32857",183326.722738361
"85","2","23","23","1","0","0","4614074.45637, 3338765.08061","4881468.96594, 3509468.32857",183326.722738361
"86","2","24","24","1","0","0","4612233.77495, 3329091.04015","4881468.96594, 3509468.32857",183326.722738361
"87","2","25","25","0","0","0","4611468.96594, 3319468.32857","4881468.96594, 3509468.32857",183326.722738361
"88","2","26","26","0","0","0","4611468.96594, 3309468.32857","4881468.96594, 3509468.32857",183326.722738361
"89","2","27","27","0","0","0","4612049.22354, 3301889.97681","4881468.96594, 3509468.32857",183326.722738361
"135","3","11","28","0","0","0","4622237.36173, 3457107.64616","4881468.96594, 3509468.32857",171580.748482787
"136","3","12","29","0","0","0","4621468.96594, 3449468.32857","4881468.96594, 3509468.32857",171580.748482787
"137","3","13","30","0","0","0","4621468.96594, 3439468.32857","4881468.96594, 3509468.32857",183326.722738361
"138","3","14","31","1","1","0","4621468.96594, 3429468.32857","4881468.96594, 3509468.32857",183326.722738361
"139","3","15","32","0","0","0","4621468.96594, 3419468.32857","4881468.96594, 3509468.32857",183326.722738361
"140","3","16","33","0","0","0","4621468.96594, 3409468.32857","4881468.96594, 3509468.32857",183326.722738361
"141","3","17","34","0","1","0","4621468.96594, 3399468.32857","4881468.96594, 3509468.32857",183326.722738361
"142","3","18","35","0","1","0","4621468.96594, 3389468.32857","4881468.96594, 3509468.32857",183326.722738361
"143","3","19","36","1","1","0","4621468.96594, 3379468.32857","4881468.96594, 3509468.32857",183326.722738361
"144","3","20","37","1","1","0","4621468.96594, 3369468.32857","4881468.96594, 3509468.32857",183326.722738361
"145","3","21","38","1","1","0","4621468.96594, 3359468.32857","4881468.96594, 3509468.32857",183326.722738361
"146","3","22","39","1","1","0","4621468.96594, 3349468.32857","4881468.96594, 3509468.32857",183326.722738361
"147","3","23","40","1","1","0","4621468.96594, 3339468.32857","4881468.96594, 3509468.32857",183326.722738361
"148","3","24","41","1","1","0","4621468.96594, 3329468.32857","4881468.96594, 3509468.32857",183326.722738361
"149","3","25","42","1","1","0","4621468.96594, 3319468.32857","4881468.96594, 3509468.32857",183326.722738361
"150","3","26","43","1","1","0","4621468.96594, 3309468.32857","4881468.96594, 3509468.32857",183326.722738361
"151","3","27","44","1","1","0","4621809.65005, 3300207.23995","4881468.96594, 3509468.32857",183326.722738361
"152","3","28","45","0","0","0","4626340.24837, 3294423.90534","4881468.96594, 3509468.32857",183326.722738361
"196","4","10","46","0","0","0","4635187.58232, 3465050.7504","4881468.96594, 3509468.32857",171580.748482787
"197","4","11","47","0","0","0","4631746.77741, 3459085.04047","4881468.96594, 3509468.32857",171580.748482787
"198","4","12","48","0","0","0","4631468.96594, 3449468.32857","4881468.96594, 3509468.32857",171580.748482787
"199","4","13","49","0","1","0","4631468.96594, 3439468.32857","4881468.96594, 3509468.32857",183326.722738361
"200","4","14","50","1","1","0","4631468.96594, 3429468.32857","4881468.96594, 3509468.32857",183326.722738361
"201","4","15","51","1","0","0","4631468.96594, 3419468.32857","4881468.96594, 3509468.32857",183326.722738361
"202","4","16","52","1","0","0","4631468.96594, 3409468.32857","4881468.96594, 3509468.32857",183326.722738361
"203","4","17","53","0","0","0","4631468.96594, 3399468.32857","4881468.96594, 3509468.32857",183326.722738361
"204","4","18","54","0","1","0","4631468.96594, 3389468.32857","4881468.96594, 3509468.32857",183326.722738361
"205","4","19","55","1","1","0","4631468.96594, 3379468.32857","4881468.96594, 3509468.32857",183326.722738361
"206","4","20","56","1","1","0","4631468.96594, 3369468.32857","4881468.96594, 3509468.32857",183326.722738361
"207","4","21","57","1","0","0","4631468.96594, 3359468.32857","4881468.96594, 3509468.32857",183326.722738361
"208","4","22","58","1","0","0","4631468.96594, 3349468.32857","4881468.96594, 3509468.32857",183326.722738361
"209","4","23","59","0","0","0","4631468.96594, 3339468.32857","4881468.96594, 3509468.32857",183326.722738361
"210","4","24","60","1","0","0","4631468.96594, 3329468.32857","4881468.96594, 3509468.32857",183326.722738361
"211","4","25","61","0","0","0","4631468.96594, 3319468.32857","4881468.96594, 3509468.32857",183326.722738361
"212","4","26","62","0","0","0","4631468.96594, 3309468.32857","4881468.96594, 3509468.32857",183326.722738361
"213","4","27","63","1","1","0","4631468.96594, 3299468.32857","4881468.96594, 3509468.32857",183326.722738361
"214","4","28","64","1","1","0","4633046.57035, 3289641.91156","4881468.96594, 3509468.32857",183326.722738361
"215","4","29","65","1","1","0","4633218.28752, 3279468.04968","4881468.96594, 3509468.32857",183326.722738361
"216","4","30","66","1","0","0","4633217.19962, 3269468.04977","4881468.96594, 3509468.32857",183326.722738361
"217","4","31","67","1","1","0","4633216.11172, 3259468.04986","4881468.96594, 3509468.32857",183326.722738361
"218","4","32","68","1","1","0","4633679.31473, 3252188.48307","4881468.96594, 3509468.32857",183326.722738361
"258","5","10","69","0","0","0","4642411.20827, 3466692.41233",,
"259","5","11","70","0","0","0","4641468.96594, 3459468.32857","4881468.96594, 3509468.32857",171580.748482787
"260","5","12","71","0","0","0","4641468.96594, 3449468.32857","4881468.96594, 3509468.32857",171580.748482787
"261","5","13","72","0","1","0","4641468.96594, 3439468.32857","4881468.96594, 3509468.32857",171580.748482787
"262","5","14","73","0","1","0","4641468.96594, 3429468.32857","4881468.96594, 3509468.32857",183326.722738361
"263","5","15","74","0","1","0","4641468.96594, 3419468.32857","4881468.96594, 3509468.32857",183326.722738361
"264","5","16","75","1","1","0","4641468.96594, 3409468.32857","4881468.96594, 3509468.32857",183326.722738361
"265","5","17","76","1","1","0","4641468.96594, 3399468.32857","4881468.96594, 3509468.32857",183326.722738361
"266","5","18","77","1","1","0","4641468.96594, 3389468.32857","4881468.96594, 3509468.32857",183326.722738361
"267","5","19","78","1","1","0","4641468.96594, 3379468.32857","4881468.96594, 3509468.32857",183326.722738361
"268","5","20","79","1","1","0","4641468.96594, 3369468.32857","4881468.96594, 3509468.32857",183326.722738361
"269","5","21","80","0","0","0","4641468.96594, 3359468.32857","4881468.96594, 3509468.32857",183326.722738361
"270","5","22","81","1","0","0","4641468.96594, 3349468.32857","4881468.96594, 3509468.32857",183326.722738361
"271","5","23","82","1","0","0","4641468.96594, 3339468.32857","4881468.96594, 3509468.32857",183326.722738361
"272","5","24","83","1","0","0","4641468.96594, 3329468.32857","4881468.96594, 3509468.32857",183326.722738361
"273","5","25","84","1","0","0","4641468.96594, 3319468.32857","4881468.96594, 3509468.32857",183326.722738361
"274","5","26","85","1","0","0","4641468.96594, 3309468.32857","4881468.96594, 3509468.32857",183326.722738361
"275","5","27","86","1","0","0","4641468.96594, 3299468.32857","4881468.96594, 3509468.32857",183326.722738361
"276","5","28","87","1","1","0","4641468.96594, 3289468.32857","4881468.96594, 3509468.32857",183326.722738361
"277","5","29","88","1","1","0","4641468.96594, 3279468.32857","4881468.96594, 3509468.32857",183326.722738361
"278","5","30","89","1","1","0","4641468.96594, 3269468.32857","4881468.96594, 3509468.32857",183326.722738361
"279","5","31","90","1","1","0","4641468.96594, 3259468.32857","4881468.96594, 3509468.32857",183326.722738361
"280","5","32","91","1","0","0","4641883.15701, 3250033.5257","4881468.96594, 3509468.32857",183326.722738361
"281","5","33","92","0","0","0","4644879.24741, 3239362.77581","4881468.96594, 3509468.32857",183326.722738361
"282","5","34","93","0","1","0","4644675.87933, 3229373.38317","4881468.96594, 3509468.32857",183326.722738361
"283","5","35","94","0","1","0","4644472.00388, 3219383.09429","4881468.96594, 3509468.32857",183326.722738361
"284","5","36","95","1","1","0","4644268.09166, 3209391.00322","4881468.96594, 3509468.32857",186768.889868993
"285","5","37","96","0","0","0","4644064.15202, 3199397.56903","4881468.96594, 3509468.32857",186768.889868993
"286","5","38","97","1","1","0","4643908.65457, 3189493.74618","4881468.96594, 3509468.32857",186768.889868993
"287","5","39","98","1","0","0","4645099.06586, 3182696.63208","4881468.96594, 3509468.32857",186768.889868993
"319","6","9","99","0","0","0","4655854.5672, 3474747.58861",,
"320","6","10","100","0","0","0","4651875.3193, 3468797.77136",,
"321","6","11","101","0","0","0","4651468.96594, 3459468.32857","4881468.96594, 3509468.32857",171580.748482787
"322","6","12","102","0","0","0","4651468.96594, 3449468.32857","4881468.96594, 3509468.32857",171580.748482787
"323","6","13","103","0","0","0","4651468.96594, 3439468.32857","4881468.96594, 3509468.32857",171580.748482787
"324","6","14","104","0","0","0","4651468.96594, 3429468.32857","4881468.96594, 3509468.32857",183326.722738361
"325","6","15","105","0","0","0","4651468.96594, 3419468.32857","4881468.96594, 3509468.32857",183326.722738361
"326","6","16","106","1","0","0","4651468.96594, 3409468.32857","4881468.96594, 3509468.32857",183326.722738361
"327","6","17","107","1","1","0","4651468.96594, 3399468.32857","4881468.96594, 3509468.32857",183326.722738361
"328","6","18","108","0","0","0","4651468.96594, 3389468.32857","4881468.96594, 3509468.32857",183326.722738361
"329","6","19","109","0","0","0","4651468.96594, 3379468.32857","4881468.96594, 3509468.32857",183326.722738361
"330","6","20","110","1","1","0","4651468.96594, 3369468.32857","4881468.96594, 3509468.32857",183326.722738361
"331","6","21","111","0","0","0","4651468.96594, 3359468.32857","4881468.96594, 3509468.32857",183326.722738361
"332","6","22","112","0","0","0","4651468.96594, 3349468.32857","4881468.96594, 3509468.32857",183326.722738361
"333","6","23","113","1","0","0","4651468.96594, 3339468.32857","4881468.96594, 3509468.32857",183326.722738361
"334","6","24","114","1","0","0","4651468.96594, 3329468.32857","4881468.96594, 3509468.32857",183326.722738361
"335","6","25","115","1","0","0","4651468.96594, 3319468.32857","4881468.96594, 3509468.32857",183326.722738361
"336","6","26","116","0","0","0","4651468.96594, 3309468.32857","4881468.96594, 3509468.32857",183326.722738361
"337","6","27","117","0","1","0","4651468.96594, 3299468.32857","4881468.96594, 3509468.32857",183326.722738361
"338","6","28","118","0","1","0","4651468.96594, 3289468.32857","4881468.96594, 3509468.32857",183326.722738361
"339","6","29","119","1","0","0","4651468.96594, 3279468.32857","4881468.96594, 3509468.32857",183326.722738361
"340","6","30","120","0","0","0","4651468.96594, 3269468.32857","4881468.96594, 3509468.32857",183326.722738361
"341","6","31","121","1","1","0","4651468.96594, 3259468.32857","4881468.96594, 3509468.32857",183326.722738361
"342","6","32","122","1","1","0","4651468.96594, 3249468.32857","4881468.96594, 3509468.32857",183326.722738361
"343","6","33","123","1","0","0","4651468.96594, 3239468.32857","4881468.96594, 3509468.32857",183326.722738361
"344","6","34","124","0","0","0","4651468.96594, 3229468.32857","4881468.96594, 3509468.32857",183326.722738361
"345","6","35","125","1","1","0","4651468.96594, 3219468.32857","4881468.96594, 3509468.32857",183326.722738361
"346","6","36","126","1","1","0","4651468.96594, 3209468.32857","4881468.96594, 3509468.32857",186768.889868993
"347","6","37","127","0","1","0","4651468.96594, 3199468.32857","4881468.96594, 3509468.32857",186768.889868993
"348","6","38","128","0","1","0","4651468.96594, 3189468.32857","4881468.96594, 3509468.32857",186768.889868993
"349","6","39","129","1","0","0","4651820.61525, 3179787.13973","4881468.96594, 3509468.32857",186768.889868993
"350","6","40","130","1","0","0","4654343.11169, 3171718.95396","4881468.96594, 3509468.32857",186768.889868993
"381","7","9","131","0","0","0","4662686.72049, 3476300.28334",,
"382","7","10","132","0","0","0","4661468.96594, 3469468.32857",,
"383","7","11","133","0","0","0","4661468.96594, 3459468.32857","4881468.96594, 3509468.32857",171580.748482787
"384","7","12","134","0","1","0","4661468.96594, 3449468.32857","4881468.96594, 3509468.32857",171580.748482787
"385","7","13","135","0","1","0","4661468.96594, 3439468.32857","4881468.96594, 3509468.32857",171580.748482787
"386","7","14","136","0","1","0","4661468.96594, 3429468.32857","4881468.96594, 3509468.32857",183326.722738361
"387","7","15","137","1","1","0","4661468.96594, 3419468.32857","4881468.96594, 3509468.32857",183326.722738361
"388","7","16","138","1","1","0","4661468.96594, 3409468.32857","4881468.96594, 3509468.32857",183326.722738361
"389","7","17","139","0","1","0","4661468.96594, 3399468.32857","4881468.96594, 3509468.32857",183326.722738361
"390","7","18","140","0","0","0","4661468.96594, 3389468.32857","4881468.96594, 3509468.32857",183326.722738361
"391","7","19","141","1","1","0","4661468.96594, 3379468.32857","4881468.96594, 3509468.32857",183326.722738361
"392","7","20","142","1","1","0","4661468.96594, 3369468.32857","4881468.96594, 3509468.32857",183326.722738361
"393","7","21","143","0","1","0","4661468.96594, 3359468.32857","4881468.96594, 3509468.32857",183326.722738361
"394","7","22","144","0","0","0","4661468.96594, 3349468.32857","4881468.96594, 3509468.32857",183326.722738361
"395","7","23","145","0","0","0","4661468.96594, 3339468.32857","4881468.96594, 3509468.32857",183326.722738361
"396","7","24","146","1","0","0","4661468.96594, 3329468.32857","4881468.96594, 3509468.32857",183326.722738361
"397","7","25","147","1","0","0","4661468.96594, 3319468.32857","4881468.96594, 3509468.32857",183326.722738361
"398","7","26","148","1","0","0","4661468.96594, 3309468.32857","4881468.96594, 3509468.32857",183326.722738361
"399","7","27","149","0","1","0","4661468.96594, 3299468.32857","4881468.96594, 3509468.32857",183326.722738361
"400","7","28","150","1","0","0","4661468.96594, 3289468.32857","4881468.96594, 3509468.32857",183326.722738361
"401","7","29","151","1","0","0","4661468.96594, 3279468.32857","4881468.96594, 3509468.32857",183326.722738361
"402","7","30","152","0","0","0","4661468.96594, 3269468.32857","4881468.96594, 3509468.32857",183326.722738361
"403","7","31","153","1","1","0","4661468.96594, 3259468.32857","4881468.96594, 3509468.32857",183326.722738361
"404","7","32","154","0","1","0","4661468.96594, 3249468.32857","4881468.96594, 3509468.32857",183326.722738361
"405","7","33","155","1","1","0","4661468.96594, 3239468.32857","4881468.96594, 3509468.32857",183326.722738361
"406","7","34","156","1","1","0","4661468.96594, 3229468.32857","4881468.96594, 3509468.32857",183326.722738361
"407","7","35","157","1","1","0","4661468.96594, 3219468.32857","4881468.96594, 3509468.32857",186768.889868993
"408","7","36","158","0","0","0","4661468.96594, 3209468.32857","4881468.96594, 3509468.32857",186768.889868993
"409","7","37","159","0","0","0","4661468.96594, 3199468.32857","4881468.96594, 3509468.32857",186768.889868993
"410","7","38","160","0","0","0","4661468.96594, 3189468.32857","4881468.96594, 3509468.32857",186768.889868993
"411","7","39","161","1","0","0","4661468.96594, 3179468.32857","4881468.96594, 3509468.32857",186768.889868993
"412","7","40","162","1","0","0","4661523.58272, 3169521.35511","4881468.96594, 3509468.32857",186768.889868993
"413","7","41","163","1","0","0","4663558.07082, 3160816.51172","4881468.96594, 3509468.32857",186768.889868993
"414","7","42","164","0","0","0","4666164.5367, 3154074.60918","4881468.96594, 3509468.32857",186768.889868993
"443","8","9","165","0","0","0","4671963.72556, 3478408.6021",,
"444","8","10","166","0","0","0","4671468.96594, 3469468.32857",,
"445","8","11","167","0","1","0","4671468.96594, 3459468.32857","4881468.96594, 3509468.32857",171580.748482787
"446","8","12","168","0","1","0","4671468.96594, 3449468.32857","4881468.96594, 3509468.32857",171580.748482787
"447","8","13","169","0","1","0","4671468.96594, 3439468.32857","4881468.96594, 3509468.32857",171580.748482787
"448","8","14","170","1","1","0","4671468.96594, 3429468.32857","4881468.96594, 3509468.32857",171580.748482787
"449","8","15","171","1","1","0","4671468.96594, 3419468.32857","4881468.96594, 3509468.32857",183326.722738361
"450","8","16","172","0","0","0","4671468.96594, 3409468.32857","4881468.96594, 3509468.32857",183326.722738361
"451","8","17","173","0","0","0","4671468.96594, 3399468.32857","4881468.96594, 3509468.32857",183326.722738361
"452","8","18","174","1","1","0","4671468.96594, 3389468.32857","4881468.96594, 3509468.32857",183326.722738361
"453","8","19","175","1","1","0","4671468.96594, 3379468.32857","4881468.96594, 3509468.32857",183326.722738361
"454","8","20","176","1","1","0","4671468.96594, 3369468.32857","4881468.96594, 3509468.32857",183326.722738361
"455","8","21","177","0","1","0","4671468.96594, 3359468.32857","4881468.96594, 3509468.32857",183326.722738361
"456","8","22","178","0","1","0","4671468.96594, 3349468.32857","4881468.96594, 3509468.32857",183326.722738361
"457","8","23","179","0","0","0","4671468.96594, 3339468.32857","4881468.96594, 3509468.32857",183326.722738361
"458","8","24","180","0","0","0","4671468.96594, 3329468.32857","4881468.96594, 3509468.32857",183326.722738361
"459","8","25","181","0","0","0","4671468.96594, 3319468.32857","4881468.96594, 3509468.32857",183326.722738361
"460","8","26","182","1","1","0","4671468.96594, 3309468.32857","4881468.96594, 3509468.32857",183326.722738361
"461","8","27","183","1","1","0","4671468.96594, 3299468.32857","4881468.96594, 3509468.32857",183326.722738361
"462","8","28","184","1","0","0","4671468.96594, 3289468.32857","4881468.96594, 3509468.32857",183326.722738361
"463","8","29","185","0","0","0","4671468.96594, 3279468.32857","4881468.96594, 3509468.32857",183326.722738361
"464","8","30","186","0","0","0","4671468.96594, 3269468.32857","4881468.96594, 3509468.32857",183326.722738361
"465","8","31","187","1","1","0","4671468.96594, 3259468.32857","4881468.96594, 3509468.32857",183326.722738361
"466","8","32","188","0","1","0","4671468.96594, 3249468.32857","4881468.96594, 3509468.32857",183326.722738361
"467","8","33","189","0","1","0","4671468.96594, 3239468.32857","4881468.96594, 3509468.32857",183326.722738361
"468","8","34","190","1","1","0","4671468.96594, 3229468.32857","4881468.96594, 3509468.32857",186768.889868993
"469","8","35","191","1","0","0","4671468.96594, 3219468.32857","4881468.96594, 3509468.32857",186768.889868993
"470","8","36","192","0","0","0","4671468.96594, 3209468.32857","4881468.96594, 3509468.32857",186768.889868993
"471","8","37","193","0","1","0","4671468.96594, 3199468.32857","4881468.96594, 3509468.32857",186768.889868993
"472","8","38","194","0","1","0","4671468.96594, 3189468.32857","4881468.96594, 3509468.32857",186768.889868993
"473","8","39","195","1","1","0","4671468.96594, 3179468.32857","4881468.96594, 3509468.32857",186768.889868993
"474","8","40","196","1","0","0","4671468.96594, 3169468.32857","4881468.96594, 3509468.32857",186768.889868993
"475","8","41","197","0","0","0","4671468.96594, 3159468.32857","4881468.96594, 3509468.32857",186768.889868993
"476","8","42","198","0","0","0","4671824.66472, 3149551.62072","4881468.96594, 3509468.32857",186768.889868993
"477","8","43","199","0","1","0","4672071.65348, 3139503.65593","4881468.96594, 3509468.32857",186768.889868993
"478","8","44","200","1","1","0","4672258.01094, 3129505.21985","4881468.96594, 3509468.32857",931233.344776104
"479","8","45","201","1","1","0","4672444.3657, 3119506.92866","4881468.96594, 3509468.32857",931233.344776104
"480","8","46","202","1","1","0","4672630.71737, 3109508.80346","4881468.96594, 3509468.32857",931233.344776104
"481","8","47","203","1","1","0","4672817.06547, 3099510.86968","4881468.96594, 3509468.32857",931233.344776104
"482","8","48","204","1","0","0","4673229.03901, 3093417.56733","4881468.96594, 3509468.32857",931233.344776104
"504","9","8","205","0","0","0","4683188.21875, 3485959.51259",,
"505","9","9","206","0","0","0","4681469.24579, 3479468.0471",,
"506","9","10","207","1","1","0","4681468.96594, 3469468.32857",,
"507","9","11","208","0","1","0","4681468.96594, 3459468.32857","4881468.96594, 3509468.32857",171580.748482787
"508","9","12","209","0","0","0","4681468.96594, 3449468.32857","4881468.96594, 3509468.32857",171580.748482787
"509","9","13","210","1","0","0","4681468.96594, 3439468.32857","4881468.96594, 3509468.32857",171580.748482787
"510","9","14","211","1","0","0","4681468.96594, 3429468.32857","4881468.96594, 3509468.32857",171580.748482787
"511","9","15","212","0","0","0","4681468.96594, 3419468.32857","4881468.96594, 3509468.32857",183326.722738361
"512","9","16","213","0","0","0","4681468.96594, 3409468.32857","4881468.96594, 3509468.32857",183326.722738361
"513","9","17","214","0","1","0","4681468.96594, 3399468.32857","4881468.96594, 3509468.32857",183326.722738361
"514","9","18","215","1","1","0","4681468.96594, 3389468.32857","4881468.96594, 3509468.32857",183326.722738361
"515","9","19","216","0","0","0","4681468.96594, 3379468.32857","4881468.96594, 3509468.32857",183326.722738361
"516","9","20","217","1","1","0","4681468.96594, 3369468.32857","4881468.96594, 3509468.32857",183326.722738361
"517","9","21","218","0","0","0","4681468.96594, 3359468.32857","4881468.96594, 3509468.32857",183326.722738361
"518","9","22","219","0","1","0","4681468.96594, 3349468.32857","4881468.96594, 3509468.32857",183326.722738361
"519","9","23","220","0","0","0","4681468.96594, 3339468.32857","4881468.96594, 3509468.32857",183326.722738361
"520","9","24","221","0","0","0","4681468.96594, 3329468.32857","4881468.96594, 3509468.32857",183326.722738361
"521","9","25","222","1","0","0","4681468.96594, 3319468.32857","4881468.96594, 3509468.32857",183326.722738361
"522","9","26","223","1","1","0","4681468.96594, 3309468.32857","4881468.96594, 3509468.32857",183326.722738361
"523","9","27","224","1","1","0","4681468.96594, 3299468.32857","4881468.96594, 3509468.32857",183326.722738361
"524","9","28","225","1","1","0","4681468.96594, 3289468.32857","4881468.96594, 3509468.32857",183326.722738361
"525","9","29","226","0","0","0","4681468.96594, 3279468.32857","4881468.96594, 3509468.32857",183326.722738361
"526","9","30","227","0","0","0","4681468.96594, 3269468.32857","4881468.96594, 3509468.32857",183326.722738361
"527","9","31","228","1","1","0","4681468.96594, 3259468.32857","4881468.96594, 3509468.32857",183326.722738361
"528","9","32","229","1","1","0","4681468.96594, 3249468.32857","4881468.96594, 3509468.32857",183326.722738361
"529","9","33","230","0","1","0","4681468.96594, 3239468.32857","4881468.96594, 3509468.32857",183326.722738361
"530","9","34","231","0","1","0","4681468.96594, 3229468.32857","4881468.96594, 3509468.32857",186768.889868993
"531","9","35","232","1","0","0","4681468.96594, 3219468.32857","4881468.96594, 3509468.32857",186768.889868993
"532","9","36","233","0","1","0","4681468.96594, 3209468.32857","4881468.96594, 3509468.32857",186768.889868993
"533","9","37","234","1","1","0","4681468.96594, 3199468.32857","4881468.96594, 3509468.32857",186768.889868993
"534","9","38","235","1","1","0","4681468.96594, 3189468.32857","4881468.96594, 3509468.32857",186768.889868993
"535","9","39","236","1","1","0","4681468.96594, 3179468.32857","4881468.96594, 3509468.32857",186768.889868993
"536","9","40","237","1","1","0","4681468.96594, 3169468.32857","4881468.96594, 3509468.32857",186768.889868993
"537","9","41","238","0","1","0","4681468.96594, 3159468.32857","4881468.96594, 3509468.32857",186768.889868993
"538","9","42","239","0","1","0","4681468.96594, 3149468.32857","4881468.96594, 3509468.32857",186768.889868993
"539","9","43","240","1","1","0","4681468.96594, 3139468.32857","4881468.96594, 3509468.32857",186768.889868993
"540","9","44","241","1","0","0","4681468.96594, 3129468.32857","4881468.96594, 3509468.32857",931233.344776104
"541","9","45","242","0","1","0","4681468.96594, 3119468.32857","4881468.96594, 3509468.32857",931233.344776104
"542","9","46","243","1","1","0","4681468.96594, 3109468.32857","4881468.96594, 3509468.32857",931233.344776104
"543","9","47","244","1","1","0","4681468.96594, 3099468.32857","4881468.96594, 3509468.32857",931233.344776104
"544","9","48","245","1","1","0","4681842.244, 3092773.7716","4881468.96594, 3509468.32857",931233.344776104
"566","10","8","246","0","0","0","4692030.42651, 3487969.01806",,
"567","10","9","247","0","0","0","4691468.96594, 3479468.32857",,
"568","10","10","248","1","1","0","4691468.96594, 3469468.32857",,
"569","10","11","249","0","1","0","4691468.96594, 3459468.32857","4881468.96594, 3509468.32857",171580.748482787
"570","10","12","250","1","0","0","4691468.96594, 3449468.32857","4881468.96594, 3509468.32857",171580.748482787
"571","10","13","251","1","0","0","4691468.96594, 3439468.32857","4881468.96594, 3509468.32857",171580.748482787
"572","10","14","252","0","0","0","4691468.96594, 3429468.32857","4881468.96594, 3509468.32857",171580.748482787
"573","10","15","253","0","1","0","4691468.96594, 3419468.32857","4881468.96594, 3509468.32857",183326.722738361
"574","10","16","254","0","1","0","4691468.96594, 3409468.32857","4881468.96594, 3509468.32857",183326.722738361
"575","10","17","255","1","1","0","4691468.96594, 3399468.32857","4881468.96594, 3509468.32857",183326.722738361
"576","10","18","256","1","1","0","4691468.96594, 3389468.32857","4881468.96594, 3509468.32857",183326.722738361
"577","10","19","257","0","0","0","4691468.96594, 3379468.32857","4881468.96594, 3509468.32857",183326.722738361
"578","10","20","258","1","1","0","4691468.96594, 3369468.32857","4881468.96594, 3509468.32857",183326.722738361
"579","10","21","259","1","0","0","4691468.96594, 3359468.32857","4881468.96594, 3509468.32857",183326.722738361
"580","10","22","260","0","1","0","4691468.96594, 3349468.32857","4881468.96594, 3509468.32857",183326.722738361
"581","10","23","261","0","1","0","4691468.96594, 3339468.32857","4881468.96594, 3509468.32857",183326.722738361
"582","10","24","262","0","0","0","4691468.96594, 3329468.32857","4881468.96594, 3509468.32857",183326.722738361
"583","10","25","263","1","1","0","4691468.96594, 3319468.32857","4881468.96594, 3509468.32857",183326.722738361
"584","10","26","264","0","1","0","4691468.96594, 3309468.32857","4881468.96594, 3509468.32857",183326.722738361
"585","10","27","265","0","0","0","4691468.96594, 3299468.32857","4881468.96594, 3509468.32857",183326.722738361
"586","10","28","266","1","1","0","4691468.96594, 3289468.32857","4881468.96594, 3509468.32857",183326.722738361
"587","10","29","267","0","1","0","4691468.96594, 3279468.32857","4881468.96594, 3509468.32857",183326.722738361
"588","10","30","268","0","0","0","4691468.96594, 3269468.32857","4881468.96594, 3509468.32857",183326.722738361
"589","10","31","269","1","1","0","4691468.96594, 3259468.32857","4881468.96594, 3509468.32857",183326.722738361
"590","10","32","270","1","1","0","4691468.96594, 3249468.32857","4881468.96594, 3509468.32857",183326.722738361
"591","10","33","271","0","0","0","4691468.96594, 3239468.32857","4881468.96594, 3509468.32857",186768.889868993
"592","10","34","272","0","1","0","4691468.96594, 3229468.32857","4881468.96594, 3509468.32857",186768.889868993
"593","10","35","273","1","1","0","4691468.96594, 3219468.32857","4881468.96594, 3509468.32857",186768.889868993
"594","10","36","274","1","1","0","4691468.96594, 3209468.32857","4881468.96594, 3509468.32857",186768.889868993
"595","10","37","275","1","0","0","4691468.96594, 3199468.32857","4881468.96594, 3509468.32857",186768.889868993
"596","10","38","276","0","0","0","4691468.96594, 3189468.32857","4881468.96594, 3509468.32857",186768.889868993
"597","10","39","277","1","1","0","4691468.96594, 3179468.32857","4881468.96594, 3509468.32857",186768.889868993
"598","10","40","278","1","0","0","4691468.96594, 3169468.32857","4881468.96594, 3509468.32857",186768.889868993
"599","10","41","279","1","0","0","4691468.96594, 3159468.32857","4881468.96594, 3509468.32857",186768.889868993
"600","10","42","280","0","0","0","4691468.96594, 3149468.32857","4881468.96594, 3509468.32857",186768.889868993
"601","10","43","281","1","1","0","4691468.96594, 3139468.32857","4881468.96594, 3509468.32857",186768.889868993
"602","10","44","282","1","1","0","4691468.96594, 3129468.32857","4881468.96594, 3509468.32857",931233.344776104
"603","10","45","283","1","1","0","4691468.96594, 3119468.32857","4881468.96594, 3509468.32857",931233.344776104
"604","10","46","284","0","1","0","4691468.96594, 3109468.32857","4881468.96594, 3509468.32857",931233.344776104
"605","10","47","285","0","1","0","4691468.96594, 3099468.32857","4881468.96594, 3509468.32857",931233.344776104
"606","10","48","286","0","0","0","4691726.76647, 3092035.82653","4881468.96594, 3509468.32857",931233.344776104
"627","11","7","287","0","0","0","4703855.20363, 3495656.3508",,
"628","11","8","288","0","0","0","4701514.78325, 3489418.3099",,
"629","11","9","289","0","0","0","4701468.96594, 3479468.32857",,
"630","11","10","290","1","1","0","4701468.96594, 3469468.32857",,
"631","11","11","291","0","1","0","4701468.96594, 3459468.32857","4881468.96594, 3509468.32857",171580.748482787
"632","11","12","292","1","1","0","4701468.96594, 3449468.32857","4881468.96594, 3509468.32857",171580.748482787
"633","11","13","293","0","0","0","4701468.96594, 3439468.32857","4881468.96594, 3509468.32857",171580.748482787
"634","11","14","294","0","1","0","4701468.96594, 3429468.32857","4881468.96594, 3509468.32857",171580.748482787
"635","11","15","295","0","1","0","4701468.96594, 3419468.32857","4881468.96594, 3509468.32857",183326.722738361
"636","11","16","296","0","0","0","4701468.96594, 3409468.32857","4881468.96594, 3509468.32857",183326.722738361
"637","11","17","297","1","1","0","4701468.96594, 3399468.32857","4881468.96594, 3509468.32857",183326.722738361
"638","11","18","298","1","1","0","4701468.96594, 3389468.32857","4881468.96594, 3509468.32857",183326.722738361
"639","11","19","299","0","0","0","4701468.96594, 3379468.32857","4881468.96594, 3509468.32857",183326.722738361
"640","11","20","300","1","1","0","4701468.96594, 3369468.32857","4881468.96594, 3509468.32857",183326.722738361
"641","11","21","301","0","0","0","4701468.96594, 3359468.32857","4881468.96594, 3509468.32857",183326.722738361
"642","11","22","302","0","0","0","4701468.96594, 3349468.32857","4881468.96594, 3509468.32857",183326.722738361
"643","11","23","303","0","1","0","4701468.96594, 3339468.32857","4881468.96594, 3509468.32857",183326.722738361
"644","11","24","304","1","1","0","4701468.96594, 3329468.32857","4881468.96594, 3509468.32857",183326.722738361
"645","11","25","305","1","1","0","4701468.96594, 3319468.32857","4881468.96594, 3509468.32857",183326.722738361
"646","11","26","306","0","0","0","4701468.96594, 3309468.32857","4881468.96594, 3509468.32857",183326.722738361
"647","11","27","307","0","0","0","4701468.96594, 3299468.32857","4881468.96594, 3509468.32857",183326.722738361
"648","11","28","308","1","1","0","4701468.96594, 3289468.32857","4881468.96594, 3509468.32857",183326.722738361
"649","11","29","309","1","1","0","4701468.96594, 3279468.32857","4881468.96594, 3509468.32857",183326.722738361
"650","11","30","310","1","1","0","4701468.96594, 3269468.32857","4881468.96594, 3509468.32857",183326.722738361
"651","11","31","311","1","1","0","4701468.96594, 3259468.32857","4881468.96594, 3509468.32857",183326.722738361
"652","11","32","312","1","1","0","4701468.96594, 3249468.32857","4881468.96594, 3509468.32857",186768.889868993
"653","11","33","313","1","1","0","4701468.96594, 3239468.32857","4881468.96594, 3509468.32857",186768.889868993
"654","11","34","314","1","1","0","4701468.96594, 3229468.32857","4881468.96594, 3509468.32857",186768.889868993
"655","11","35","315","1","1","0","4701468.96594, 3219468.32857","4881468.96594, 3509468.32857",186768.889868993
"656","11","36","316","1","0","0","4701468.96594, 3209468.32857","4881468.96594, 3509468.32857",186768.889868993
"657","11","37","317","0","0","0","4701468.96594, 3199468.32857","4881468.96594, 3509468.32857",186768.889868993
"658","11","38","318","0","0","0","4701468.96594, 3189468.32857","4881468.96594, 3509468.32857",186768.889868993
"659","11","39","319","1","1","0","4701468.96594, 3179468.32857","4881468.96594, 3509468.32857",186768.889868993
"660","11","40","320","0","1","0","4701468.96594, 3169468.32857","4881468.96594, 3509468.32857",186768.889868993
"661","11","41","321","1","0","0","4701468.96594, 3159468.32857","4881468.96594, 3509468.32857",186768.889868993
"662","11","42","322","1","0","0","4701468.96594, 3149468.32857","4881468.96594, 3509468.32857",186768.889868993
"663","11","43","323","1","1","0","4701468.96594, 3139468.32857","4881468.96594, 3509468.32857",931233.344776104
"664","11","44","324","0","1","0","4701468.96594, 3129468.32857","4881468.96594, 3509468.32857",931233.344776104
"665","11","45","325","1","1","0","4701468.96594, 3119468.32857","4881468.96594, 3509468.32857",931233.344776104
"666","11","46","326","1","1","0","4701468.96594, 3109468.32857","4881468.96594, 3509468.32857",931233.344776104
"667","11","47","327","0","0","0","4701468.96594, 3099468.32857","4881468.96594, 3509468.32857",931233.344776104
"668","11","48","328","1","1","0","4701665.85633, 3091293.80763","4881468.96594, 3509468.32857",931233.344776104
"689","12","7","329","0","0","0","4712117.9144, 3497534.15812",,
"690","12","8","330","0","0","0","4711468.96594, 3489468.32857",,
"691","12","9","331","0","0","0","4711468.96594, 3479468.32857",,
"692","12","10","332","1","1","0","4711468.96594, 3469468.32857",,
"693","12","11","333","1","1","0","4711468.96594, 3459468.32857",,
"694","12","12","334","1","1","0","4711468.96594, 3449468.32857","4881468.96594, 3509468.32857",171580.748482787
"695","12","13","335","0","1","0","4711468.96594, 3439468.32857","4881468.96594, 3509468.32857",171580.748482787
"696","12","14","336","0","1","0","4711468.96594, 3429468.32857","4881468.96594, 3509468.32857",171580.748482787
"697","12","15","337","0","0","0","4711468.96594, 3419468.32857","4881468.96594, 3509468.32857",171580.748482787
"698","12","16","338","0","0","0","4711468.96594, 3409468.32857","4881468.96594, 3509468.32857",183326.722738361
"699","12","17","339","1","1","0","4711468.96594, 3399468.32857","4881468.96594, 3509468.32857",183326.722738361
"700","12","18","340","0","0","0","4711468.96594, 3389468.32857","4881468.96594, 3509468.32857",183326.722738361
"701","12","19","341","0","0","0","4711468.96594, 3379468.32857","4881468.96594, 3509468.32857",183326.722738361
"702","12","20","342","1","1","0","4711468.96594, 3369468.32857","4881468.96594, 3509468.32857",183326.722738361
"703","12","21","343","0","0","0","4711468.96594, 3359468.32857","4881468.96594, 3509468.32857",183326.722738361
"704","12","22","344","0","0","0","4711468.96594, 3349468.32857","4881468.96594, 3509468.32857",183326.722738361
"705","12","23","345","1","0","0","4711468.96594, 3339468.32857","4881468.96594, 3509468.32857",183326.722738361
"706","12","24","346","1","1","0","4711468.96594, 3329468.32857","4881468.96594, 3509468.32857",183326.722738361
"707","12","25","347","0","1","0","4711468.96594, 3319468.32857","4881468.96594, 3509468.32857",183326.722738361
"708","12","26","348","0","0","0","4711468.96594, 3309468.32857","4881468.96594, 3509468.32857",183326.722738361
"709","12","27","349","0","0","0","4711468.96594, 3299468.32857","4881468.96594, 3509468.32857",183326.722738361
"710","12","28","350","1","1","0","4711468.96594, 3289468.32857","4881468.96594, 3509468.32857",183326.722738361
"711","12","29","351","0","0","0","4711468.96594, 3279468.32857","4881468.96594, 3509468.32857",183326.722738361
"712","12","30","352","1","1","0","4711468.96594, 3269468.32857","4881468.96594, 3509468.32857",183326.722738361
"713","12","31","353","1","1","0","4711468.96594, 3259468.32857","4881468.96594, 3509468.32857",183326.722738361
"714","12","32","354","0","1","0","4711468.96594, 3249468.32857","4881468.96594, 3509468.32857",186768.889868993
"715","12","33","355","1","1","0","4711468.96594, 3239468.32857","4881468.96594, 3509468.32857",186768.889868993
"716","12","34","356","1","0","0","4711468.96594, 3229468.32857","4881468.96594, 3509468.32857",186768.889868993
"717","12","35","357","0","1","0","4711468.96594, 3219468.32857","4881468.96594, 3509468.32857",186768.889868993
"718","12","36","358","1","1","0","4711468.96594, 3209468.32857","4881468.96594, 3509468.32857",186768.889868993
"719","12","37","359","1","1","0","4711468.96594, 3199468.32857","4881468.96594, 3509468.32857",186768.889868993
"720","12","38","360","1","0","0","4711468.96594, 3189468.32857","4881468.96594, 3509468.32857",186768.889868993
"721","12","39","361","1","0","0","4711468.96594, 3179468.32857","4881468.96594, 3509468.32857",186768.889868993
"722","12","40","362","1","1","0","4711468.96594, 3169468.32857","4881468.96594, 3509468.32857",186768.889868993
"723","12","41","363","1","1","0","4711468.96594, 3159468.32857","4881468.96594, 3509468.32857",186768.889868993
"724","12","42","364","1","1","0","4711468.96594, 3149468.32857","4881468.96594, 3509468.32857",186768.889868993
"725","12","43","365","1","1","0","4711468.96594, 3139468.32857","4881468.96594, 3509468.32857",931233.344776104
"726","12","44","366","0","1","0","4711468.96594, 3129468.32857","4881468.96594, 3509468.32857",931233.344776104
"727","12","45","367","0","1","0","4711468.96594, 3119468.32857","4881468.96594, 3509468.32857",931233.344776104
"728","12","46","368","1","1","0","4711468.96594, 3109468.32857","4881468.96594, 3509468.32857",931233.344776104
"729","12","47","369","1","1","0","4711468.96594, 3099468.32857","4881468.96594, 3509468.32857",931233.344776104
"730","12","48","370","1","1","0","4711628.22778, 3090550.05062","4881468.96594, 3509468.32857",931233.344776104
"750","13","6","371","0","0","0","4724522.18851, 3505353.18901",,
"751","13","7","372","0","0","0","4721616.87326, 3499289.46274",,
"752","13","8","373","0","0","0","4721468.96594, 3489468.32857",,
"753","13","9","374","0","1","0","4721468.96594, 3479468.32857",,
"754","13","10","375","1","1","0","4721468.96594, 3469468.32857",,
"755","13","11","376","0","1","0","4721468.96594, 3459468.32857",,
"756","13","12","377","0","1","0","4721468.96594, 3449468.32857","4881468.96594, 3509468.32857",171580.748482787
"757","13","13","378","0","1","0","4721468.96594, 3439468.32857","4881468.96594, 3509468.32857",171580.748482787
"758","13","14","379","0","0","0","4721468.96594, 3429468.32857","4881468.96594, 3509468.32857",171580.748482787
"759","13","15","380","0","0","0","4721468.96594, 3419468.32857","4881468.96594, 3509468.32857",171580.748482787
"760","13","16","381","0","0","0","4721468.96594, 3409468.32857","4881468.96594, 3509468.32857",183326.722738361
"761","13","17","382","1","1","0","4721468.96594, 3399468.32857","4881468.96594, 3509468.32857",183326.722738361
"762","13","18","383","0","0","0","4721468.96594, 3389468.32857","4881468.96594, 3509468.32857",183326.722738361
"763","13","19","384","1","0","0","4721468.96594, 3379468.32857","4881468.96594, 3509468.32857",183326.722738361
"764","13","20","385","1","1","0","4721468.96594, 3369468.32857","4881468.96594, 3509468.32857",183326.722738361
"765","13","21","386","0","1","0","4721468.96594, 3359468.32857","4881468.96594, 3509468.32857",183326.722738361
"766","13","22","387","0","0","0","4721468.96594, 3349468.32857","4881468.96594, 3509468.32857",183326.722738361
"767","13","23","388","1","0","0","4721468.96594, 3339468.32857","4881468.96594, 3509468.32857",183326.722738361
"768","13","24","389","0","1","0","4721468.96594, 3329468.32857","4881468.96594, 3509468.32857",183326.722738361
"769","13","25","390","0","1","0","4721468.96594, 3319468.32857","4881468.96594, 3509468.32857",183326.722738361
"770","13","26","391","0","0","0","4721468.96594, 3309468.32857","4881468.96594, 3509468.32857",183326.722738361
"771","13","27","392","0","0","0","4721468.96594, 3299468.32857","4881468.96594, 3509468.32857",183326.722738361
"772","13","28","393","1","1","0","4721468.96594, 3289468.32857","4881468.96594, 3509468.32857",183326.722738361
"773","13","29","394","0","0","0","4721468.96594, 3279468.32857","4881468.96594, 3509468.32857",183326.722738361
"774","13","30","395","1","0","0","4721468.96594, 3269468.32857","4881468.96594, 3509468.32857",183326.722738361
"775","13","31","396","1","1","0","4721468.96594, 3259468.32857","4881468.96594, 3509468.32857",186768.889868993
"776","13","32","397","0","1","0","4721468.96594, 3249468.32857","4881468.96594, 3509468.32857",186768.889868993
"777","13","33","398","1","0","0","4721468.96594, 3239468.32857","4881468.96594, 3509468.32857",186768.889868993
"778","13","34","399","1","0","0","4721468.96594, 3229468.32857","4881468.96594, 3509468.32857",186768.889868993
"779","13","35","400","0","0","0","4721468.96594, 3219468.32857","4881468.96594, 3509468.32857",186768.889868993
"780","13","36","401","0","0","0","4721468.96594, 3209468.32857","4881468.96594, 3509468.32857",186768.889868993
"781","13","37","402","0","1","0","4721468.96594, 3199468.32857","4881468.96594, 3509468.32857",186768.889868993
"782","13","38","403","1","1","0","4721468.96594, 3189468.32857","4881468.96594, 3509468.32857",186768.889868993
"783","13","39","404","0","0","0","4721468.96594, 3179468.32857","4881468.96594, 3509468.32857",186768.889868993
"784","13","40","405","1","0","0","4721468.96594, 3169468.32857","4881468.96594, 3509468.32857",186768.889868993
"785","13","41","406","0","1","0","4721468.96594, 3159468.32857","4881468.96594, 3509468.32857",186768.889868993
"786","13","42","407","1","1","0","4721468.96594, 3149468.32857","4881468.96594, 3509468.32857",186768.889868993
"787","13","43","408","1","1","0","4721468.96594, 3139468.32857","4881468.96594, 3509468.32857",929236.70243519
"788","13","44","409","0","0","0","4721468.96594, 3129468.32857","4881468.96594, 3509468.32857",931233.344776104
"789","13","45","410","0","1","0","4721468.96594, 3119468.32857","4881468.96594, 3509468.32857",931233.344776104
"790","13","46","411","1","1","0","4721468.96594, 3109468.32857","4881468.96594, 3509468.32857",931233.344776104
"791","13","47","412","1","1","0","4721468.96594, 3099468.32857","4881468.96594, 3509468.32857",931233.344776104
"792","13","48","413","0","0","0","4721602.20361, 3089805.92274","4881468.96594, 3509468.32857",931233.344776104
"793","13","49","414","0","0","0","4726351.81914, 3084450.837","4881468.96594, 3509468.32857",931233.344776104
"812","14","6","415","0","0","0","4732237.70007, 3507106.63827",,
"813","14","7","416","1","1","0","4731468.96594, 3499468.32857",,
"814","14","8","417","0","1","0","4731468.96594, 3489468.32857",,
"815","14","9","418","1","1","0","4731468.96594, 3479468.32857",,
"816","14","10","419","1","0","0","4731468.96594, 3469468.32857",,
"817","14","11","420","1","0","0","4731468.96594, 3459468.32857",,
"818","14","12","421","0","0","0","4731468.96594, 3449468.32857","4881468.96594, 3509468.32857",171580.748482787
"819","14","13","422","0","1","0","4731468.96594, 3439468.32857","4881468.96594, 3509468.32857",171580.748482787
"820","14","14","423","0","0","0","4731468.96594, 3429468.32857","4881468.96594, 3509468.32857",171580.748482787
"821","14","15","424","0","0","0","4731468.96594, 3419468.32857","4881468.96594, 3509468.32857",171580.748482787
"822","14","16","425","0","0","0","4731468.96594, 3409468.32857","4881468.96594, 3509468.32857",183326.722738361
"823","14","17","426","1","1","0","4731468.96594, 3399468.32857","4881468.96594, 3509468.32857",183326.722738361
"824","14","18","427","0","0","0","4731468.96594, 3389468.32857","4881468.96594, 3509468.32857",183326.722738361
"825","14","19","428","1","0","0","4731468.96594, 3379468.32857","4881468.96594, 3509468.32857",183326.722738361
"826","14","20","429","0","0","0","4731468.96594, 3369468.32857","4881468.96594, 3509468.32857",183326.722738361
"827","14","21","430","1","1","0","4731468.96594, 3359468.32857","4881468.96594, 3509468.32857",183326.722738361
"828","14","22","431","1","0","0","4731468.96594, 3349468.32857","4881468.96594, 3509468.32857",183326.722738361
"829","14","23","432","1","0","0","4731468.96594, 3339468.32857","4881468.96594, 3509468.32857",183326.722738361
"830","14","24","433","0","1","0","4731468.96594, 3329468.32857","4881468.96594, 3509468.32857",183326.722738361
"831","14","25","434","0","1","0","4731468.96594, 3319468.32857","4881468.96594, 3509468.32857",183326.722738361
"832","14","26","435","0","0","0","4731468.96594, 3309468.32857","4881468.96594, 3509468.32857",183326.722738361
"833","14","27","436","0","0","0","4731468.96594, 3299468.32857","4881468.96594, 3509468.32857",183326.722738361
"834","14","28","437","1","0","0","4731468.96594, 3289468.32857","4881468.96594, 3509468.32857",183326.722738361
"835","14","29","438","0","0","0","4731468.96594, 3279468.32857","4881468.96594, 3509468.32857",183326.722738361
"836","14","30","439","1","0","0","4731468.96594, 3269468.32857","4881468.96594, 3509468.32857",186768.889868993
"837","14","31","440","1","1","0","4731468.96594, 3259468.32857","4881468.96594, 3509468.32857",186768.889868993
"838","14","32","441","0","1","0","4731468.96594, 3249468.32857","4881468.96594, 3509468.32857",186768.889868993
"839","14","33","442","1","1","0","4731468.96594, 3239468.32857","4881468.96594, 3509468.32857",186768.889868993
"840","14","34","443","0","0","0","4731468.96594, 3229468.32857","4881468.96594, 3509468.32857",186768.889868993
"841","14","35","444","0","0","0","4731468.96594, 3219468.32857","4881468.96594, 3509468.32857",186768.889868993
"842","14","36","445","0","0","0","4731468.96594, 3209468.32857","4881468.96594, 3509468.32857",186768.889868993
"843","14","37","446","0","0","0","4731468.96594, 3199468.32857","4881468.96594, 3509468.32857",186768.889868993
"844","14","38","447","1","1","0","4731468.96594, 3189468.32857","4881468.96594, 3509468.32857",186768.889868993
"845","14","39","448","1","0","0","4731468.96594, 3179468.32857","4881468.96594, 3509468.32857",186768.889868993
"846","14","40","449","1","0","0","4731468.96594, 3169468.32857","4881468.96594, 3509468.32857",186768.889868993
"847","14","41","450","0","1","0","4731468.96594, 3159468.32857","4881468.96594, 3509468.32857",186768.889868993
"848","14","42","451","1","1","0","4731468.96594, 3149468.32857","4881468.96594, 3509468.32857",186768.889868993
"849","14","43","452","1","1","0","4731468.96594, 3139468.32857","4881468.96594, 3509468.32857",929236.70243519
"850","14","44","453","0","0","0","4731468.96594, 3129468.32857","4881468.96594, 3509468.32857",931233.344776104
"851","14","45","454","0","0","0","4731468.96594, 3119468.32857","4881468.96594, 3509468.32857",931233.344776104
"852","14","46","455","1","0","0","4731468.96594, 3109468.32857","4881468.96594, 3509468.32857",931233.344776104
"853","14","47","456","1","1","0","4731468.96594, 3099468.32857","4881468.96594, 3509468.32857",931233.344776104
"854","14","48","457","0","0","0","4731468.96594, 3089468.32857","4881468.96594, 3509468.32857",931233.344776104
"855","14","49","458","0","0","0","4733026.17909, 3083952.55182","4881468.96594, 3509468.32857",931233.344776104
"873","15","5","459","0","0","0","4745189.17339, 3515050.02721",,
"874","15","6","460","0","0","0","4741747.0989, 3509084.45797",,
"875","15","7","461","1","1","0","4741468.96594, 3499468.32857",,
"876","15","8","462","1","1","0","4741468.96594, 3489468.32857",,
"877","15","9","463","1","0","0","4741468.96594, 3479468.32857",,
"878","15","10","464","0","0","0","4741468.96594, 3469468.32857",,
"879","15","11","465","1","0","0","4741468.96594, 3459468.32857",,
"880","15","12","466","1","0","0","4741468.96594, 3449468.32857","4881468.96594, 3509468.32857",171580.748482787
"881","15","13","467","0","1","0","4741468.96594, 3439468.32857","4881468.96594, 3509468.32857",171580.748482787
"882","15","14","468","0","1","0","4741468.96594, 3429468.32857","4881468.96594, 3509468.32857",171580.748482787
"883","15","15","469","0","0","0","4741468.96594, 3419468.32857","4881468.96594, 3509468.32857",171580.748482787
"884","15","16","470","1","1","0","4741468.96594, 3409468.32857","4881468.96594, 3509468.32857",171580.748482787
"885","15","17","471","1","1","0","4741468.96594, 3399468.32857","4881468.96594, 3509468.32857",183326.722738361
"886","15","18","472","0","0","0","4741468.96594, 3389468.32857","4881468.96594, 3509468.32857",183326.722738361
"887","15","19","473","1","0","0","4741468.96594, 3379468.32857","4881468.96594, 3509468.32857",183326.722738361
"888","15","20","474","1","1","0","4741468.96594, 3369468.32857","4881468.96594, 3509468.32857",183326.722738361
"889","15","21","475","1","1","0","4741468.96594, 3359468.32857","4881468.96594, 3509468.32857",183326.722738361
"890","15","22","476","0","0","0","4741468.96594, 3349468.32857","4881468.96594, 3509468.32857",183326.722738361
"891","15","23","477","0","1","0","4741468.96594, 3339468.32857","4881468.96594, 3509468.32857",183326.722738361
"892","15","24","478","0","1","0","4741468.96594, 3329468.32857","4881468.96594, 3509468.32857",183326.722738361
"893","15","25","479","0","1","0","4741468.96594, 3319468.32857","4881468.96594, 3509468.32857",183326.722738361
"894","15","26","480","0","1","0","4741468.96594, 3309468.32857","4881468.96594, 3509468.32857",183326.722738361
"895","15","27","481","0","0","0","4741468.96594, 3299468.32857","4881468.96594, 3509468.32857",183326.722738361
"896","15","28","482","1","0","0","4741468.96594, 3289468.32857","4881468.96594, 3509468.32857",183326.722738361
"897","15","29","483","1","0","0","4741468.96594, 3279468.32857","4881468.96594, 3509468.32857",183326.722738361
"898","15","30","484","1","0","0","4741468.96594, 3269468.32857","4881468.96594, 3509468.32857",186768.889868993
"899","15","31","485","0","1","0","4741468.96594, 3259468.32857","4881468.96594, 3509468.32857",186768.889868993
"900","15","32","486","0","0","0","4741468.96594, 3249468.32857","4881468.96594, 3509468.32857",186768.889868993
"901","15","33","487","1","1","0","4741468.96594, 3239468.32857","4881468.96594, 3509468.32857",186768.889868993
"902","15","34","488","0","1","0","4741468.96594, 3229468.32857","4881468.96594, 3509468.32857",186768.889868993
"903","15","35","489","0","0","0","4741468.96594, 3219468.32857","4881468.96594, 3509468.32857",186768.889868993
"904","15","36","490","0","0","0","4741468.96594, 3209468.32857","4881468.96594, 3509468.32857",186768.889868993
"905","15","37","491","0","1","0","4741468.96594, 3199468.32857","4881468.96594, 3509468.32857",186768.889868993
"906","15","38","492","1","1","0","4741468.96594, 3189468.32857","4881468.96594, 3509468.32857",186768.889868993
"907","15","39","493","1","0","0","4741468.96594, 3179468.32857","4881468.96594, 3509468.32857",186768.889868993
"908","15","40","494","1","0","0","4741468.96594, 3169468.32857","4881468.96594, 3509468.32857",186768.889868993
"909","15","41","495","0","0","0","4741468.96594, 3159468.32857","4881468.96594, 3509468.32857",186768.889868993
"910","15","42","496","0","1","0","4741468.96594, 3149468.32857","4881468.96594, 3509468.32857",929236.70243519
"911","15","43","497","1","1","0","4741468.96594, 3139468.32857","4881468.96594, 3509468.32857",929236.70243519
"912","15","44","498","0","0","0","4741468.96594, 3129468.32857","4881468.96594, 3509468.32857",929236.70243519
"913","15","45","499","0","0","0","4741468.96594, 3119468.32857","4881468.96594, 3509468.32857",931233.344776104
"914","15","46","500","1","0","0","4741468.96594, 3109468.32857","4881468.96594, 3509468.32857",931233.344776104
"915","15","47","501","1","1","0","4741468.96594, 3099468.32857","4881468.96594, 3509468.32857",931233.344776104
"916","15","48","502","1","1","0","4741468.96594, 3089468.32857","4881468.96594, 3509468.32857",931233.344776104
"917","15","49","503","1","1","0","4742011.80317, 3083281.71546","4881468.96594, 3509468.32857",931233.344776104
"935","16","5","504","0","0","0","4752411.71708, 3516691.44319",,
"936","16","6","505","0","0","0","4751468.96594, 3509468.32857",,
"937","16","7","506","0","1","0","4751468.96594, 3499468.32857",,
"938","16","8","507","1","1","0","4751468.96594, 3489468.32857",,
"939","16","9","508","0","0","0","4751468.96594, 3479468.32857",,
"940","16","10","509","0","0","0","4751468.96594, 3469468.32857",,
"941","16","11","510","0","0","0","4751468.96594, 3459468.32857",,
"942","16","12","511","1","0","0","4751468.96594, 3449468.32857","4881468.96594, 3509468.32857",171580.748482787
"943","16","13","512","1","0","0","4751468.96594, 3439468.32857","4881468.96594, 3509468.32857",171580.748482787
"944","16","14","513","0","1","0","4751468.96594, 3429468.32857","4881468.96594, 3509468.32857",171580.748482787
"945","16","15","514","0","1","0","4751468.96594, 3419468.32857","4881468.96594, 3509468.32857",171580.748482787
"946","16","16","515","1","1","0","4751468.96594, 3409468.32857","4881468.96594, 3509468.32857",171580.748482787
"947","16","17","516","0","0","0","4751468.96594, 3399468.32857","4881468.96594, 3509468.32857",183326.722738361
"948","16","18","517","0","0","0","4751468.96594, 3389468.32857","4881468.96594, 3509468.32857",183326.722738361
"949","16","19","518","1","0","0","4751468.96594, 3379468.32857","4881468.96594, 3509468.32857",183326.722738361
"950","16","20","519","1","1","0","4751468.96594, 3369468.32857","4881468.96594, 3509468.32857",183326.722738361
"951","16","21","520","0","0","0","4751468.96594, 3359468.32857","4881468.96594, 3509468.32857",183326.722738361
"952","16","22","521","0","1","0","4751468.96594, 3349468.32857","4881468.96594, 3509468.32857",183326.722738361
"953","16","23","522","0","1","0","4751468.96594, 3339468.32857","4881468.96594, 3509468.32857",183326.722738361
"954","16","24","523","0","0","0","4751468.96594, 3329468.32857","4881468.96594, 3509468.32857",183326.722738361
"955","16","25","524","0","0","0","4751468.96594, 3319468.32857","4881468.96594, 3509468.32857",183326.722738361
"956","16","26","525","0","1","0","4751468.96594, 3309468.32857","4881468.96594, 3509468.32857",183326.722738361
"957","16","27","526","0","0","0","4751468.96594, 3299468.32857","4881468.96594, 3509468.32857",183326.722738361
"958","16","28","527","0","0","0","4751468.96594, 3289468.32857","4881468.96594, 3509468.32857",183326.722738361
"959","16","29","528","1","0","0","4751468.96594, 3279468.32857","4881468.96594, 3509468.32857",186768.889868993
"960","16","30","529","1","0","0","4751468.96594, 3269468.32857","4881468.96594, 3509468.32857",186768.889868993
"961","16","31","530","0","1","0","4751468.96594, 3259468.32857","4881468.96594, 3509468.32857",186768.889868993
"962","16","32","531","1","1","0","4751468.96594, 3249468.32857","4881468.96594, 3509468.32857",186768.889868993
"963","16","33","532","1","1","0","4751468.96594, 3239468.32857","4881468.96594, 3509468.32857",186768.889868993
"964","16","34","533","0","1","0","4751468.96594, 3229468.32857","4881468.96594, 3509468.32857",186768.889868993
"965","16","35","534","0","1","0","4751468.96594, 3219468.32857","4881468.96594, 3509468.32857",186768.889868993
"966","16","36","535","1","1","0","4751468.96594, 3209468.32857","4881468.96594, 3509468.32857",186768.889868993
"967","16","37","536","1","1","0","4751468.96594, 3199468.32857","4881468.96594, 3509468.32857",186768.889868993
"968","16","38","537","1","1","0","4751468.96594, 3189468.32857","4881468.96594, 3509468.32857",186768.889868993
"969","16","39","538","0","1","0","4751468.96594, 3179468.32857","4881468.96594, 3509468.32857",186768.889868993
"970","16","40","539","1","1","0","4751468.96594, 3169468.32857","4881468.96594, 3509468.32857",186768.889868993
"971","16","41","540","1","1","0","4751468.96594, 3159468.32857","4881468.96594, 3509468.32857",186768.889868993
"972","16","42","541","1","1","0","4751468.96594, 3149468.32857","4881468.96594, 3509468.32857",929236.70243519
"973","16","43","542","1","1","0","4751468.96594, 3139468.32857","4881468.96594, 3509468.32857",929236.70243519
"974","16","44","543","1","1","0","4751468.96594, 3129468.32857","4881468.96594, 3509468.32857",929236.70243519
"975","16","45","544","1","1","0","4751468.96594, 3119468.32857","4881468.96594, 3509468.32857",931233.344776104
"976","16","46","545","1","0","0","4751468.96594, 3109468.32857","4881468.96594, 3509468.32857",931233.344776104
"977","16","47","546","1","1","0","4751468.96594, 3099468.32857","4881468.96594, 3509468.32857",931233.344776104
"978","16","48","547","0","1","0","4751468.96594, 3089468.32857","4881468.96594, 3509468.32857",931233.344776104
"979","16","49","548","0","0","0","4751797.67836, 3082551.13506","4881468.96594, 3509468.32857",931233.344776104
"996","17","4","549","0","0","0","4765856.15827, 3524746.86542",,
"997","17","5","550","1","1","0","4761875.59606, 3518796.9753",,
"998","17","6","551","0","0","0","4761468.96594, 3509468.32857",,
"999","17","7","552","1","1","0","4761468.96594, 3499468.32857",,
"1000","17","8","553","1","0","0","4761468.96594, 3489468.32857",,
"1001","17","9","554","0","0","0","4761468.96594, 3479468.32857",,
"1002","17","10","555","0","0","0","4761468.96594, 3469468.32857",,
"1003","17","11","556","0","0","0","4761468.96594, 3459468.32857",,
"1004","17","12","557","1","0","0","4761468.96594, 3449468.32857","4881468.96594, 3509468.32857",155587.448963167
"1005","17","13","558","1","0","0","4761468.96594, 3439468.32857","4881468.96594, 3509468.32857",171580.748482787
"1006","17","14","559","1","0","0","4761468.96594, 3429468.32857","4881468.96594, 3509468.32857",171580.748482787
"1007","17","15","560","1","1","0","4761468.96594, 3419468.32857","4881468.96594, 3509468.32857",171580.748482787
"1008","17","16","561","1","1","0","4761468.96594, 3409468.32857","4881468.96594, 3509468.32857",171580.748482787
"1009","17","17","562","0","0","0","4761468.96594, 3399468.32857","4881468.96594, 3509468.32857",183326.722738361
"1010","17","18","563","0","0","0","4761468.96594, 3389468.32857","4881468.96594, 3509468.32857",183326.722738361
"1011","17","19","564","1","0","0","4761468.96594, 3379468.32857","4881468.96594, 3509468.32857",183326.722738361
"1012","17","20","565","1","1","0","4761468.96594, 3369468.32857","4881468.96594, 3509468.32857",183326.722738361
"1013","17","21","566","0","1","0","4761468.96594, 3359468.32857","4881468.96594, 3509468.32857",183326.722738361
"1014","17","22","567","0","1","0","4761468.96594, 3349468.32857","4881468.96594, 3509468.32857",183326.722738361
"1015","17","23","568","0","0","0","4761468.96594, 3339468.32857","4881468.96594, 3509468.32857",183326.722738361
"1016","17","24","569","0","0","0","4761468.96594, 3329468.32857","4881468.96594, 3509468.32857",183326.722738361
"1017","17","25","570","0","0","0","4761468.96594, 3319468.32857","4881468.96594, 3509468.32857",183326.722738361
"1018","17","26","571","0","0","0","4761468.96594, 3309468.32857","4881468.96594, 3509468.32857",183326.722738361
"1019","17","27","572","0","0","0","4761468.96594, 3299468.32857","4881468.96594, 3509468.32857",183326.722738361
"1020","17","28","573","0","0","0","4761468.96594, 3289468.32857","4881468.96594, 3509468.32857",186768.889868993
"1021","17","29","574","1","0","0","4761468.96594, 3279468.32857","4881468.96594, 3509468.32857",186768.889868993
"1022","17","30","575","1","1","0","4761468.96594, 3269468.32857","4881468.96594, 3509468.32857",186768.889868993
"1023","17","31","576","1","1","0","4761468.96594, 3259468.32857","4881468.96594, 3509468.32857",186768.889868993
"1024","17","32","577","1","0","0","4761468.96594, 3249468.32857","4881468.96594, 3509468.32857",186768.889868993
"1025","17","33","578","0","0","0","4761468.96594, 3239468.32857","4881468.96594, 3509468.32857",186768.889868993
"1026","17","34","579","0","0","0","4761468.96594, 3229468.32857","4881468.96594, 3509468.32857",186768.889868993
"1027","17","35","580","0","1","0","4761468.96594, 3219468.32857","4881468.96594, 3509468.32857",186768.889868993
"1028","17","36","581","1","1","0","4761468.96594, 3209468.32857","4881468.96594, 3509468.32857",186768.889868993
"1029","17","37","582","0","0","0","4761468.96594, 3199468.32857","4881468.96594, 3509468.32857",186768.889868993
"1030","17","38","583","0","0","0","4761468.96594, 3189468.32857","4881468.96594, 3509468.32857",186768.889868993
"1031","17","39","584","0","1","0","4761468.96594, 3179468.32857","4881468.96594, 3509468.32857",186768.889868993
"1032","17","40","585","0","1","0","4761468.96594, 3169468.32857","4881468.96594, 3509468.32857",186768.889868993
"1033","17","41","586","1","0","0","4761468.96594, 3159468.32857","4881468.96594, 3509468.32857",186768.889868993
"1034","17","42","587","1","0","0","4761468.96594, 3149468.32857","4881468.96594, 3509468.32857",929236.70243519
"1035","17","43","588","1","1","0","4761468.96594, 3139468.32857","4881468.96594, 3509468.32857",929236.70243519
"1036","17","44","589","1","0","0","4761468.96594, 3129468.32857","4881468.96594, 3509468.32857",929236.70243519
"1037","17","45","590","0","1","0","4761468.96594, 3119468.32857","4881468.96594, 3509468.32857",929236.70243519
"1038","17","46","591","1","1","0","4761468.96594, 3109468.32857","4881468.96594, 3509468.32857",931233.344776104
"1039","17","47","592","1","1","0","4761468.96594, 3099468.32857","4881468.96594, 3509468.32857",931233.344776104
"1040","17","48","593","1","1","0","4761468.96594, 3089468.32857","4881468.96594, 3509468.32857",931233.344776104
"1041","17","49","594","1","1","0","4761704.6942, 3081811.51071","4881468.96594, 3509468.32857",931233.344776104
"1043","17","51","595","0","0","0","4765725.5908, 3057812.15407","4881468.96594, 3509468.32857",931233.344776104
"1044","17","52","596","0","0","0","4765870.41001, 3053938.68893","4881468.96594, 3509468.32857",931233.344776104
"1058","18","4","597","0","0","0","4772687.57049, 3526299.39174","4881468.96594, 3509468.32857",5558.42427111172
"1059","18","5","598","1","1","0","4771468.96594, 3519468.32857",,
"1060","18","6","599","1","1","0","4771468.96594, 3509468.32857",,
"1061","18","7","600","1","1","0","4771468.96594, 3499468.32857",,
"1062","18","8","601","0","1","0","4771468.96594, 3489468.32857",,
"1063","18","9","602","0","1","0","4771468.96594, 3479468.32857",,
"1064","18","10","603","0","1","0","4771468.96594, 3469468.32857",,
"1065","18","11","604","0","1","0","4771468.96594, 3459468.32857",,
"1066","18","12","605","1","1","0","4771468.96594, 3449468.32857","4881468.96594, 3509468.32857",155587.448963167
"1067","18","13","606","1","1","0","4771468.96594, 3439468.32857","4881468.96594, 3509468.32857",171580.748482787
"1068","18","14","607","1","1","0","4771468.96594, 3429468.32857","4881468.96594, 3509468.32857",171580.748482787
"1069","18","15","608","1","1","0","4771468.96594, 3419468.32857","4881468.96594, 3509468.32857",171580.748482787
"1070","18","16","609","1","1","0","4771468.96594, 3409468.32857","4881468.96594, 3509468.32857",171580.748482787
"1071","18","17","610","1","1","0","4771468.96594, 3399468.32857","4881468.96594, 3509468.32857",171580.748482787
"1072","18","18","611","1","1","0","4771468.96594, 3389468.32857","4881468.96594, 3509468.32857",183326.722738361
"1073","18","19","612","1","1","0","4771468.96594, 3379468.32857","4881468.96594, 3509468.32857",183326.722738361
"1074","18","20","613","1","1","0","4771468.96594, 3369468.32857","4881468.96594, 3509468.32857",183326.722738361
"1075","18","21","614","1","1","0","4771468.96594, 3359468.32857","4881468.96594, 3509468.32857",183326.722738361
"1076","18","22","615","1","1","0","4771468.96594, 3349468.32857","4881468.96594, 3509468.32857",183326.722738361
"1077","18","23","616","0","0","0","4771468.96594, 3339468.32857","4881468.96594, 3509468.32857",183326.722738361
"1078","18","24","617","0","0","0","4771468.96594, 3329468.32857","4881468.96594, 3509468.32857",183326.722738361
"1079","18","25","618","0","0","0","4771468.96594, 3319468.32857","4881468.96594, 3509468.32857",183326.722738361
"1080","18","26","619","0","0","0","4771468.96594, 3309468.32857","4881468.96594, 3509468.32857",183326.722738361
"1081","18","27","620","0","1","0","4771468.96594, 3299468.32857","4881468.96594, 3509468.32857",183326.722738361
"1082","18","28","621","0","1","0","4771468.96594, 3289468.32857","4881468.96594, 3509468.32857",186768.889868993
"1083","18","29","622","1","0","0","4771468.96594, 3279468.32857","4881468.96594, 3509468.32857",186768.889868993
"1084","18","30","623","1","1","0","4771468.96594, 3269468.32857","4881468.96594, 3509468.32857",186768.889868993
"1085","18","31","624","1","1","0","4771468.96594, 3259468.32857","4881468.96594, 3509468.32857",186768.889868993
"1086","18","32","625","0","0","0","4771468.96594, 3249468.32857","4881468.96594, 3509468.32857",186768.889868993
"1087","18","33","626","1","1","0","4771468.96594, 3239468.32857","4881468.96594, 3509468.32857",186768.889868993
"1088","18","34","627","1","1","0","4771468.96594, 3229468.32857","4881468.96594, 3509468.32857",186768.889868993
"1089","18","35","628","1","1","0","4771468.96594, 3219468.32857","4881468.96594, 3509468.32857",186768.889868993
"1090","18","36","629","1","1","0","4771468.96594, 3209468.32857","4881468.96594, 3509468.32857",186768.889868993
"1091","18","37","630","0","0","0","4771468.96594, 3199468.32857","4881468.96594, 3509468.32857",186768.889868993
"1092","18","38","631","0","0","0","4771468.96594, 3189468.32857","4881468.96594, 3509468.32857",186768.889868993
"1093","18","39","632","0","0","0","4771468.96594, 3179468.32857","4881468.96594, 3509468.32857",186768.889868993
"1094","18","40","633","1","1","0","4771468.96594, 3169468.32857","4881468.96594, 3509468.32857",186768.889868993
"1095","18","41","634","1","1","0","4771468.96594, 3159468.32857","4881468.96594, 3509468.32857",186768.889868993
"1096","18","42","635","1","0","0","4771468.96594, 3149468.32857","4881468.96594, 3509468.32857",929236.70243519
"1097","18","43","636","1","1","0","4771468.96594, 3139468.32857","4881468.96594, 3509468.32857",929236.70243519
"1098","18","44","637","1","0","0","4771468.96594, 3129468.32857","4881468.96594, 3509468.32857",929236.70243519
"1099","18","45","638","1","1","0","4771468.96594, 3119468.32857","4881468.96594, 3509468.32857",929236.70243519
"1100","18","46","639","1","1","0","4771468.96594, 3109468.32857","4881468.96594, 3509468.32857",931233.344776104
"1101","18","47","640","1","1","0","4771468.96594, 3099468.32857","4881468.96594, 3509468.32857",931233.344776104
"1102","18","48","641","0","1","0","4771468.96594, 3089468.32857","4881468.96594, 3509468.32857",931233.344776104
"1103","18","49","642","0","1","0","4771882.14737, 3079808.59955","4881468.96594, 3509468.32857",931233.344776104
"1104","18","50","643","0","1","0","4772015.5452, 3069255.12072","4881468.96594, 3509468.32857",931233.344776104
"1105","18","51","644","0","0","0","4771468.97346, 3059468.32106","4881468.96594, 3509468.32857",931233.344776104
"1106","18","52","645","1","0","0","4772688.73332, 3050931.06113","4881468.96594, 3509468.32857",931233.344776104
"1107","18","53","646","0","0","0","4776304.14076, 3044322.48096","4881468.96594, 3509468.32857",931233.344776104
"1120","19","4","647","0","0","0","4781963.86581, 3528407.5492","4881468.96594, 3509468.32857",5558.42427111172
"1121","19","5","648","0","0","0","4781468.96594, 3519468.32857",,
"1122","19","6","649","1","1","0","4781468.96594, 3509468.32857",,
"1123","19","7","650","1","0","0","4781468.96594, 3499468.32857",,
"1124","19","8","651","1","0","0","4781468.96594, 3489468.32857",,
"1125","19","9","652","1","0","0","4781468.96594, 3479468.32857",,
"1126","19","10","653","1","0","0","4781468.96594, 3469468.32857",,
"1127","19","11","654","1","1","0","4781468.96594, 3459468.32857",,
"1128","19","12","655","1","1","0","4781468.96594, 3449468.32857","4881468.96594, 3509468.32857",152008.838994985
"1129","19","13","656","1","0","0","4781468.96594, 3439468.32857","4881468.96594, 3509468.32857",155587.448963167
"1130","19","14","657","1","0","0","4781468.96594, 3429468.32857","4881468.96594, 3509468.32857",171580.748482787
"1131","19","15","658","0","1","0","4781468.96594, 3419468.32857","4881468.96594, 3509468.32857",171580.748482787
"1132","19","16","659","1","0","0","4781468.96594, 3409468.32857","4881468.96594, 3509468.32857",171580.748482787
"1133","19","17","660","1","0","0","4781468.96594, 3399468.32857","4881468.96594, 3509468.32857",171580.748482787
"1134","19","18","661","0","0","0","4781468.96594, 3389468.32857","4881468.96594, 3509468.32857",183326.722738361
"1135","19","19","662","0","1","0","4781468.96594, 3379468.32857","4881468.96594, 3509468.32857",183326.722738361
"1136","19","20","663","0","1","0","4781468.96594, 3369468.32857","4881468.96594, 3509468.32857",183326.722738361
"1137","19","21","664","1","1","0","4781468.96594, 3359468.32857","4881468.96594, 3509468.32857",183326.722738361
"1138","19","22","665","1","1","0","4781468.96594, 3349468.32857","4881468.96594, 3509468.32857",183326.722738361
"1139","19","23","666","1","1","0","4781468.96594, 3339468.32857","4881468.96594, 3509468.32857",183326.722738361
"1140","19","24","667","0","0","0","4781468.96594, 3329468.32857","4881468.96594, 3509468.32857",183326.722738361
"1141","19","25","668","0","1","0","4781468.96594, 3319468.32857","4881468.96594, 3509468.32857",183326.722738361
"1142","19","26","669","1","1","0","4781468.96594, 3309468.32857","4881468.96594, 3509468.32857",183326.722738361
"1143","19","27","670","1","1","0","4781468.96594, 3299468.32857","4881468.96594, 3509468.32857",186768.889868993
"1144","19","28","671","1","1","0","4781468.96594, 3289468.32857","4881468.96594, 3509468.32857",186768.889868993
"1145","19","29","672","1","1","0","4781468.96594, 3279468.32857","4881468.96594, 3509468.32857",186768.889868993
"1146","19","30","673","1","1","0","4781468.96594, 3269468.32857","4881468.96594, 3509468.32857",186768.889868993
"1147","19","31","674","1","1","0","4781468.96594, 3259468.32857","4881468.96594, 3509468.32857",186768.889868993
"1148","19","32","675","1","1","0","4781468.96594, 3249468.32857","4881468.96594, 3509468.32857",186768.889868993
"1149","19","33","676","1","1","0","4781468.96594, 3239468.32857","4881468.96594, 3509468.32857",186768.889868993
"1150","19","34","677","0","0","0","4781468.96594, 3229468.32857","4881468.96594, 3509468.32857",186768.889868993
"1151","19","35","678","1","1","0","4781468.96594, 3219468.32857","4881468.96594, 3509468.32857",186768.889868993
"1152","19","36","679","1","1","0","4781468.96594, 3209468.32857","4881468.96594, 3509468.32857",186768.889868993
"1153","19","37","680","1","1","0","4781468.96594, 3199468.32857","4881468.96594, 3509468.32857",186768.889868993
"1154","19","38","681","1","0","0","4781468.96594, 3189468.32857","4881468.96594, 3509468.32857",186768.889868993
"1155","19","39","682","1","0","0","4781468.96594, 3179468.32857","4881468.96594, 3509468.32857",186768.889868993
"1156","19","40","683","1","0","0","4781468.96594, 3169468.32857","4881468.96594, 3509468.32857",186768.889868993
"1157","19","41","684","0","1","0","4781468.96594, 3159468.32857","4881468.96594, 3509468.32857",186768.889868993
"1158","19","42","685","0","1","0","4781468.96594, 3149468.32857","4881468.96594, 3509468.32857",929236.70243519
"1159","19","43","686","1","1","0","4781468.96594, 3139468.32857","4881468.96594, 3509468.32857",929236.70243519
"1160","19","44","687","1","0","0","4781468.96594, 3129468.32857","4881468.96594, 3509468.32857",929236.70243519
"1161","19","45","688","1","1","0","4781468.96594, 3119468.32857","4881468.96594, 3509468.32857",929236.70243519
"1162","19","46","689","1","1","0","4781468.96594, 3109468.32857","4881468.96594, 3509468.32857",929236.70243519
"1163","19","47","690","1","1","0","4781468.96594, 3099468.32857","4881468.96594, 3509468.32857",931233.344776104
"1164","19","48","691","0","1","0","4781468.96594, 3089468.32857","4881468.96594, 3509468.32857",931233.344776104
"1165","19","49","692","0","1","0","4781468.96594, 3079468.32857","4881468.96594, 3509468.32857",931233.344776104
"1166","19","50","693","0","1","0","4781468.96594, 3069468.32857","4881468.96594, 3509468.32857",931233.344776104
"1167","19","51","694","1","1","0","4781468.96594, 3059468.32857","4881468.96594, 3509468.32857",931233.344776104
"1168","19","52","695","1","0","0","4781468.96594, 3049468.32857","4881468.96594, 3509468.32857",931233.344776104
"1169","19","53","696","0","0","0","4782985.64087, 3041366.37687","4881468.96594, 3509468.32857",931233.344776104
"1181","20","3","697","0","0","0","4793189.80982, 3535958.7894","4881468.96594, 3509468.32857",5558.42427111172
"1182","20","4","698","0","0","0","4791469.26288, 3529468.02985","4881468.96594, 3509468.32857",5558.42427111172
"1183","20","5","699","0","0","0","4791468.96594, 3519468.32857",,
"1184","20","6","700","1","1","0","4791468.96594, 3509468.32857",,
"1185","20","7","701","0","0","0","4791468.96594, 3499468.32857",,
"1186","20","8","702","0","0","0","4791468.96594, 3489468.32857",,
"1187","20","9","703","0","0","0","4791468.96594, 3479468.32857",,
"1188","20","10","704","0","0","0","4791468.96594, 3469468.32857",,
"1189","20","11","705","1","0","0","4791468.96594, 3459468.32857",,
"1190","20","12","706","0","0","0","4791468.96594, 3449468.32857","4881468.96594, 3509468.32857",152008.838994985
"1191","20","13","707","0","0","0","4791468.96594, 3439468.32857","4881468.96594, 3509468.32857",155587.448963167
"1192","20","14","708","1","0","0","4791468.96594, 3429468.32857","4881468.96594, 3509468.32857",155587.448963167
"1193","20","15","709","0","1","0","4791468.96594, 3419468.32857","4881468.96594, 3509468.32857",171580.748482787
"1194","20","16","710","1","0","0","4791468.96594, 3409468.32857","4881468.96594, 3509468.32857",171580.748482787
"1195","20","17","711","0","0","0","4791468.96594, 3399468.32857","4881468.96594, 3509468.32857",171580.748482787
"1196","20","18","712","0","1","0","4791468.96594, 3389468.32857","4881468.96594, 3509468.32857",183326.722738361
"1197","20","19","713","0","1","0","4791468.96594, 3379468.32857","4881468.96594, 3509468.32857",183326.722738361
"1198","20","20","714","0","0","0","4791468.96594, 3369468.32857","4881468.96594, 3509468.32857",183326.722738361
"1199","20","21","715","1","1","0","4791468.96594, 3359468.32857","4881468.96594, 3509468.32857",183326.722738361
"1200","20","22","716","0","1","0","4791468.96594, 3349468.32857","4881468.96594, 3509468.32857",183326.722738361
"1201","20","23","717","1","1","0","4791468.96594, 3339468.32857","4881468.96594, 3509468.32857",183326.722738361
"1202","20","24","718","1","1","0","4791468.96594, 3329468.32857","4881468.96594, 3509468.32857",183326.722738361
"1203","20","25","719","1","1","0","4791468.96594, 3319468.32857","4881468.96594, 3509468.32857",183326.722738361
"1204","20","26","720","1","1","0","4791468.96594, 3309468.32857","4881468.96594, 3509468.32857",186768.889868993
"1205","20","27","721","0","1","0","4791468.96594, 3299468.32857","4881468.96594, 3509468.32857",186768.889868993
"1206","20","28","722","0","1","0","4791468.96594, 3289468.32857","4881468.96594, 3509468.32857",186768.889868993
"1207","20","29","723","1","1","0","4791468.96594, 3279468.32857","4881468.96594, 3509468.32857",186768.889868993
"1208","20","30","724","1","1","0","4791468.96594, 3269468.32857","4881468.96594, 3509468.32857",186768.889868993
"1209","20","31","725","0","1","0","4791468.96594, 3259468.32857","4881468.96594, 3509468.32857",186768.889868993
"1210","20","32","726","0","0","0","4791468.96594, 3249468.32857","4881468.96594, 3509468.32857",186768.889868993
"1211","20","33","727","0","0","0","4791468.96594, 3239468.32857","4881468.96594, 3509468.32857",186768.889868993
"1212","20","34","728","0","0","0","4791468.96594, 3229468.32857","4881468.96594, 3509468.32857",186768.889868993
"1213","20","35","729","1","1","0","4791468.96594, 3219468.32857","4881468.96594, 3509468.32857",186768.889868993
"1214","20","36","730","0","1","0","4791468.96594, 3209468.32857","4881468.96594, 3509468.32857",186768.889868993
"1215","20","37","731","1","1","0","4791468.96594, 3199468.32857","4881468.96594, 3509468.32857",186768.889868993
"1216","20","38","732","1","1","0","4791468.96594, 3189468.32857","4881468.96594, 3509468.32857",186768.889868993
"1217","20","39","733","1","1","0","4791468.96594, 3179468.32857","4881468.96594, 3509468.32857",186768.889868993
"1218","20","40","734","0","1","0","4791468.96594, 3169468.32857","4881468.96594, 3509468.32857",186768.889868993
"1219","20","41","735","0","0","0","4791468.96594, 3159468.32857","4881468.96594, 3509468.32857",929236.70243519
"1220","20","42","736","0","1","0","4791468.96594, 3149468.32857","4881468.96594, 3509468.32857",929236.70243519
"1221","20","43","737","1","1","0","4791468.96594, 3139468.32857","4881468.96594, 3509468.32857",929236.70243519
"1222","20","44","738","0","1","0","4791468.96594, 3129468.32857","4881468.96594, 3509468.32857",929236.70243519
"1223","20","45","739","1","1","0","4791468.96594, 3119468.32857","4881468.96594, 3509468.32857",929236.70243519
"1224","20","46","740","1","1","0","4791468.96594, 3109468.32857","4881468.96594, 3509468.32857",929236.70243519
"1225","20","47","741","0","0","0","4791468.96594, 3099468.32857","4881468.96594, 3509468.32857",929236.70243519
"1226","20","48","742","0","1","0","4791468.96594, 3089468.32857","4881468.96594, 3509468.32857",931233.344776104
"1227","20","49","743","0","0","0","4791468.96594, 3079468.32857","4881468.96594, 3509468.32857",931233.344776104
"1228","20","50","744","0","0","0","4791468.96594, 3069468.32857","4881468.96594, 3509468.32857",931233.344776104
"1229","20","51","745","1","1","0","4791468.96594, 3059468.32857","4881468.96594, 3509468.32857",931233.344776104
"1230","20","52","746","1","1","0","4791468.96594, 3049468.32857","4881468.96594, 3509468.32857",931233.344776104
"1231","20","53","747","1","1","0","4791482.62755, 3039482.07958","4881468.96594, 3509468.32857",931233.344776104
"1232","20","54","748","0","1","0","4793404.53817, 3031756.73168","4881468.96594, 3509468.32857",931233.344776104
"1243","21","3","749","0","1","0","4802030.60713, 3537967.97433","4881468.96594, 3509468.32857",5558.42427111172
"1244","21","4","750","0","0","0","4801468.96594, 3529468.32857","4881468.96594, 3509468.32857",5558.42427111172
"1245","21","5","751","0","0","0","4801468.96594, 3519468.32857",,
"1246","21","6","752","1","1","0","4801468.96594, 3509468.32857",,
"1247","21","7","753","0","0","0","4801468.96594, 3499468.32857",,
"1248","21","8","754","0","0","0","4801468.96594, 3489468.32857",,
"1249","21","9","755","0","0","0","4801468.96594, 3479468.32857",,
"1250","21","10","756","1","0","0","4801468.96594, 3469468.32857",,
"1251","21","11","757","1","0","0","4801468.96594, 3459468.32857",,
"1252","21","12","758","0","0","0","4801468.96594, 3449468.32857","4881468.96594, 3509468.32857",152008.838994985
"1253","21","13","759","0","0","0","4801468.96594, 3439468.32857","4881468.96594, 3509468.32857",152008.838994985
"1254","21","14","760","1","0","0","4801468.96594, 3429468.32857","4881468.96594, 3509468.32857",155587.448963167
"1255","21","15","761","1","1","0","4801468.96594, 3419468.32857","4881468.96594, 3509468.32857",171580.748482787
"1256","21","16","762","1","1","0","4801468.96594, 3409468.32857","4881468.96594, 3509468.32857",171580.748482787
"1257","21","17","763","0","1","0","4801468.96594, 3399468.32857","4881468.96594, 3509468.32857",171580.748482787
"1258","21","18","764","0","1","0","4801468.96594, 3389468.32857","4881468.96594, 3509468.32857",183326.722738361
"1259","21","19","765","0","0","0","4801468.96594, 3379468.32857","4881468.96594, 3509468.32857",183326.722738361
"1260","21","20","766","0","0","0","4801468.96594, 3369468.32857","4881468.96594, 3509468.32857",183326.722738361
"1261","21","21","767","1","1","0","4801468.96594, 3359468.32857","4881468.96594, 3509468.32857",183326.722738361
"1262","21","22","768","0","0","0","4801468.96594, 3349468.32857","4881468.96594, 3509468.32857",183326.722738361
"1263","21","23","769","0","0","0","4801468.96594, 3339468.32857","4881468.96594, 3509468.32857",183326.722738361
"1264","21","24","770","0","1","0","4801468.96594, 3329468.32857","4881468.96594, 3509468.32857",183326.722738361
"1265","21","25","771","0","1","0","4801468.96594, 3319468.32857","4881468.96594, 3509468.32857",186768.889868993
"1266","21","26","772","0","1","0","4801468.96594, 3309468.32857","4881468.96594, 3509468.32857",186768.889868993
"1267","21","27","773","0","1","0","4801468.96594, 3299468.32857","4881468.96594, 3509468.32857",186768.889868993
"1268","21","28","774","0","1","0","4801468.96594, 3289468.32857","4881468.96594, 3509468.32857",186768.889868993
"1269","21","29","775","1","1","0","4801468.96594, 3279468.32857","4881468.96594, 3509468.32857",186768.889868993
"1270","21","30","776","1","1","0","4801468.96594, 3269468.32857","4881468.96594, 3509468.32857",186768.889868993
"1271","21","31","777","1","1","0","4801468.96594, 3259468.32857","4881468.96594, 3509468.32857",186768.889868993
"1272","21","32","778","0","0","0","4801468.96594, 3249468.32857","4881468.96594, 3509468.32857",186768.889868993
"1273","21","33","779","0","0","0","4801468.96594, 3239468.32857","4881468.96594, 3509468.32857",186768.889868993
"1274","21","34","780","0","0","0","4801468.96594, 3229468.32857","4881468.96594, 3509468.32857",186768.889868993
"1275","21","35","781","1","1","0","4801468.96594, 3219468.32857","4881468.96594, 3509468.32857",186768.889868993
"1276","21","36","782","0","1","0","4801468.96594, 3209468.32857","4881468.96594, 3509468.32857",186768.889868993
"1277","21","37","783","1","0","0","4801468.96594, 3199468.32857","4881468.96594, 3509468.32857",186768.889868993
"1278","21","38","784","1","1","0","4801468.96594, 3189468.32857","4881468.96594, 3509468.32857",186768.889868993
"1279","21","39","785","1","1","0","4801468.96594, 3179468.32857","4881468.96594, 3509468.32857",271505.639208967
"1280","21","40","786","1","1","0","4801468.96594, 3169468.32857","4881468.96594, 3509468.32857",271505.639208967
"1281","21","41","787","1","1","0","4801468.96594, 3159468.32857","4881468.96594, 3509468.32857",929236.70243519
"1282","21","42","788","0","1","0","4801468.96594, 3149468.32857","4881468.96594, 3509468.32857",929236.70243519
"1283","21","43","789","1","1","0","4801468.96594, 3139468.32857","4881468.96594, 3509468.32857",929236.70243519
"1284","21","44","790","1","1","0","4801468.96594, 3129468.32857","4881468.96594, 3509468.32857",929236.70243519
"1285","21","45","791","1","1","0","4801468.96594, 3119468.32857","4881468.96594, 3509468.32857",929236.70243519
"1286","21","46","792","1","1","0","4801468.96594, 3109468.32857","4881468.96594, 3509468.32857",929236.70243519
"1287","21","47","793","1","0","0","4801468.96594, 3099468.32857","4881468.96594, 3509468.32857",929236.70243519
"1288","21","48","794","1","1","0","4801468.96594, 3089468.32857","4881468.96594, 3509468.32857",931233.344776104
"1289","21","49","795","1","1","0","4801468.96594, 3079468.32857","4881468.96594, 3509468.32857",931233.344776104
"1290","21","50","796","1","1","0","4801468.96594, 3069468.32857","4881468.96594, 3509468.32857",931233.344776104
"1291","21","51","797","1","1","0","4801468.96594, 3059468.32857","4881468.96594, 3509468.32857",931233.344776104
"1292","21","52","798","0","0","0","4801468.96594, 3049468.32857","4881468.96594, 3509468.32857",931233.344776104
"1293","21","53","799","1","0","0","4801084.26948, 3039693.61784","4881468.96594, 3509468.32857",931233.344776104
"1294","21","54","800","1","0","0","4799770.21941, 3030007.85711","4881468.96594, 3509468.32857",931233.344776104
"1295","21","55","801","0","0","0","4800221.9291, 3023824.19166","4881468.96594, 3509468.32857",931233.344776104
"1304","22","2","802","0","0","0","4813856.7947, 3545655.62761","4881468.96594, 3509468.32857",5558.42427111172
"1305","22","3","803","0","1","0","4811514.97117, 3539418.09385","4881468.96594, 3509468.32857",5558.42427111172
"1306","22","4","804","0","1","0","4811468.96594, 3529468.32857","4881468.96594, 3509468.32857",5558.42427111172
"1307","22","5","805","1","1","0","4811468.96594, 3519468.32857","4881468.96594, 3509468.32857",5558.42427111172
"1308","22","6","806","1","1","0","4811468.96594, 3509468.32857",,
"1309","22","7","807","0","0","0","4811468.96594, 3499468.32857",,
"1310","22","8","808","0","0","0","4811468.96594, 3489468.32857",,
"1311","22","9","809","1","0","0","4811468.96594, 3479468.32857",,
"1312","22","10","810","1","0","0","4811468.96594, 3469468.32857",,
"1313","22","11","811","0","0","0","4811468.96594, 3459468.32857",,
"1314","22","12","812","0","0","0","4811468.96594, 3449468.32857","4881468.96594, 3509468.32857",152008.838994985
"1315","22","13","813","0","0","0","4811468.96594, 3439468.32857","4881468.96594, 3509468.32857",152008.838994985
"1316","22","14","814","0","0","0","4811468.96594, 3429468.32857","4881468.96594, 3509468.32857",152008.838994985
"1317","22","15","815","1","1","0","4811468.96594, 3419468.32857","4881468.96594, 3509468.32857",155587.448963167
"1318","22","16","816","1","1","0","4811468.96594, 3409468.32857","4881468.96594, 3509468.32857",171580.748482787
"1319","22","17","817","0","0","0","4811468.96594, 3399468.32857","4881468.96594, 3509468.32857",171580.748482787
"1320","22","18","818","0","1","0","4811468.96594, 3389468.32857","4881468.96594, 3509468.32857",171580.748482787
"1321","22","19","819","0","1","0","4811468.96594, 3379468.32857","4881468.96594, 3509468.32857",183326.722738361
"1322","22","20","820","0","0","0","4811468.96594, 3369468.32857","4881468.96594, 3509468.32857",183326.722738361
"1323","22","21","821","1","1","0","4811468.96594, 3359468.32857","4881468.96594, 3509468.32857",183326.722738361
"1324","22","22","822","0","0","0","4811468.96594, 3349468.32857","4881468.96594, 3509468.32857",183326.722738361
"1325","22","23","823","0","1","0","4811468.96594, 3339468.32857","4881468.96594, 3509468.32857",183326.722738361
"1326","22","24","824","0","1","0","4811468.96594, 3329468.32857","4881468.96594, 3509468.32857",183326.722738361
"1327","22","25","825","0","1","0","4811468.96594, 3319468.32857","4881468.96594, 3509468.32857",186768.889868993
"1328","22","26","826","0","0","0","4811468.96594, 3309468.32857","4881468.96594, 3509468.32857",186768.889868993
"1329","22","27","827","0","1","0","4811468.96594, 3299468.32857","4881468.96594, 3509468.32857",186768.889868993
"1330","22","28","828","0","1","0","4811468.96594, 3289468.32857","4881468.96594, 3509468.32857",186768.889868993
"1331","22","29","829","1","1","0","4811468.96594, 3279468.32857","4881468.96594, 3509468.32857",186768.889868993
"1332","22","30","830","1","0","0","4811468.96594, 3269468.32857","4881468.96594, 3509468.32857",186768.889868993
"1333","22","31","831","1","1","0","4811468.96594, 3259468.32857","4881468.96594, 3509468.32857",186768.889868993
"1334","22","32","832","0","0","0","4811468.96594, 3249468.32857","4881468.96594, 3509468.32857",186768.889868993
"1335","22","33","833","0","0","0","4811468.96594, 3239468.32857","4881468.96594, 3509468.32857",186768.889868993
"1336","22","34","834","1","1","0","4811468.96594, 3229468.32857","4881468.96594, 3509468.32857",186768.889868993
"1337","22","35","835","1","1","0","4811468.96594, 3219468.32857","4881468.96594, 3509468.32857",186768.889868993
"1338","22","36","836","0","1","0","4811468.96594, 3209468.32857","4881468.96594, 3509468.32857",186768.889868993
"1339","22","37","837","1","1","0","4811468.96594, 3199468.32857","4881468.96594, 3509468.32857",271505.639208967
"1340","22","38","838","0","0","0","4811468.96594, 3189468.32857","4881468.96594, 3509468.32857",271505.639208967
"1341","22","39","839","0","0","0","4811468.96594, 3179468.32857","4881468.96594, 3509468.32857",271505.639208967
"1342","22","40","840","0","0","0","4811468.96594, 3169468.32857","4881468.96594, 3509468.32857",271505.639208967
"1343","22","41","841","1","0","0","4811468.96594, 3159468.32857","4881468.96594, 3509468.32857",929236.70243519
"1344","22","42","842","1","1","0","4811468.96594, 3149468.32857","4881468.96594, 3509468.32857",929236.70243519
"1345","22","43","843","1","1","0","4811468.96594, 3139468.32857","4881468.96594, 3509468.32857",929236.70243519
"1346","22","44","844","1","1","0","4811468.96594, 3129468.32857","4881468.96594, 3509468.32857",929236.70243519
"1347","22","45","845","1","1","0","4811468.96594, 3119468.32857","4881468.96594, 3509468.32857",929236.70243519
"1348","22","46","846","0","1","0","4811468.96594, 3109468.32857","4881468.96594, 3509468.32857",929236.70243519
"1349","22","47","847","1","1","0","4811468.96594, 3099468.32857","4881468.96594, 3509468.32857",929236.70243519
"1350","22","48","848","0","1","0","4811468.96594, 3089468.32857","4881468.96594, 3509468.32857",929236.70243519
"1351","22","49","849","0","1","0","4811468.96594, 3079468.32857","4881468.96594, 3509468.32857",931233.344776104
"1352","22","50","850","0","1","0","4811452.11636, 3069499.63752","4881468.96594, 3509468.32857",931233.344776104
"1353","22","51","851","1","0","0","4816299.85797, 3064441.08909","4881468.96594, 3509468.32857",931233.344776104
"1353","22","51","852","1","0","0","4809107.40374, 3059944.69483","4881468.96594, 3509468.32857",931233.344776104
"1354","22","52","853","0","0","0","4807732.48764, 3050580.39718","4881468.96594, 3509468.32857",931233.344776104
"1355","22","53","854","0","0","0","4806713.04274, 3043637.14776","4881468.96594, 3509468.32857",931233.344776104
"1366","23","2","855","0","0","0","4822118.15571, 3547533.12819","4881468.96594, 3509468.32857",5558.42427111172
"1367","23","3","856","0","0","0","4821468.96594, 3539468.32857","4881468.96594, 3509468.32857",5558.42427111172
"1368","23","4","857","0","1","0","4821468.96594, 3529468.32857","4881468.96594, 3509468.32857",5558.42427111172
"1369","23","5","858","1","1","0","4821468.96594, 3519468.32857","4881468.96594, 3509468.32857",5558.42427111172
"1370","23","6","859","0","0","0","4821468.96594, 3509468.32857",,
"1371","23","7","860","0","0","0","4821468.96594, 3499468.32857",,
"1372","23","8","861","0","0","0","4821468.96594, 3489468.32857",,
"1373","23","9","862","1","0","0","4821468.96594, 3479468.32857",,
"1374","23","10","863","0","0","0","4821468.96594, 3469468.32857",,
"1375","23","11","864","0","0","0","4821468.96594, 3459468.32857","4881468.96594, 3509468.32857",47714.4119681034
"1376","23","12","865","0","0","0","4821468.96594, 3449468.32857","4881468.96594, 3509468.32857",102694.361062005
"1377","23","13","866","0","1","0","4821468.96594, 3439468.32857","4881468.96594, 3509468.32857",152008.838994985
"1378","23","14","867","1","1","0","4821468.96594, 3429468.32857","4881468.96594, 3509468.32857",152008.838994985
"1379","23","15","868","1","1","0","4821468.96594, 3419468.32857","4881468.96594, 3509468.32857",155587.448963167
"1380","23","16","869","1","1","0","4821468.96594, 3409468.32857","4881468.96594, 3509468.32857",171580.748482787
"1381","23","17","870","1","1","0","4821468.96594, 3399468.32857","4881468.96594, 3509468.32857",171580.748482787
"1382","23","18","871","0","1","0","4821468.96594, 3389468.32857","4881468.96594, 3509468.32857",171580.748482787
"1383","23","19","872","0","1","0","4821468.96594, 3379468.32857","4881468.96594, 3509468.32857",183326.722738361
"1384","23","20","873","1","1","0","4821468.96594, 3369468.32857","4881468.96594, 3509468.32857",183326.722738361
"1385","23","21","874","1","1","0","4821468.96594, 3359468.32857","4881468.96594, 3509468.32857",183326.722738361
"1386","23","22","875","0","1","0","4821468.96594, 3349468.32857","4881468.96594, 3509468.32857",183326.722738361
"1387","23","23","876","0","1","0","4821468.96594, 3339468.32857","4881468.96594, 3509468.32857",183326.722738361
"1388","23","24","877","0","1","0","4821468.96594, 3329468.32857","4881468.96594, 3509468.32857",186768.889868993
"1389","23","25","878","0","1","0","4821468.96594, 3319468.32857","4881468.96594, 3509468.32857",186768.889868993
"1390","23","26","879","0","1","0","4821468.96594, 3309468.32857","4881468.96594, 3509468.32857",186768.889868993
"1391","23","27","880","0","1","0","4821468.96594, 3299468.32857","4881468.96594, 3509468.32857",186768.889868993
"1392","23","28","881","1","1","0","4821468.96594, 3289468.32857","4881468.96594, 3509468.32857",186768.889868993
"1393","23","29","882","1","1","0","4821468.96594, 3279468.32857","4881468.96594, 3509468.32857",186768.889868993
"1394","23","30","883","1","0","0","4821468.96594, 3269468.32857","4881468.96594, 3509468.32857",186768.889868993
"1395","23","31","884","1","1","0","4821468.96594, 3259468.32857","4881468.96594, 3509468.32857",186768.889868993
"1396","23","32","885","1","1","0","4821468.96594, 3249468.32857","4881468.96594, 3509468.32857",186768.889868993
"1397","23","33","886","0","1","0","4821468.96594, 3239468.32857","4881468.96594, 3509468.32857",186768.889868993
"1398","23","34","887","1","1","0","4821468.96594, 3229468.32857","4881468.96594, 3509468.32857",186768.889868993
"1399","23","35","888","0","0","0","4821468.96594, 3219468.32857","4881468.96594, 3509468.32857",186768.889868993
"1400","23","36","889","1","0","0","4821468.96594, 3209468.32857","4881468.96594, 3509468.32857",271505.639208967
"1401","23","37","890","1","1","0","4821468.96594, 3199468.32857","4881468.96594, 3509468.32857",271505.639208967
"1402","23","38","891","1","1","0","4821468.96594, 3189468.32857","4881468.96594, 3509468.32857",271505.639208967
"1403","23","39","892","1","1","0","4821468.96594, 3179468.32857","4881468.96594, 3509468.32857",271505.639208967
"1404","23","40","893","1","0","0","4821468.96594, 3169468.32857","4881468.96594, 3509468.32857",271505.639208967
"1405","23","41","894","1","0","0","4821468.96594, 3159468.32857","4881468.96594, 3509468.32857",929236.70243519
"1406","23","42","895","1","0","0","4821468.96594, 3149468.32857","4881468.96594, 3509468.32857",929236.70243519
"1407","23","43","896","1","1","0","4821468.96594, 3139468.32857","4881468.96594, 3509468.32857",929236.70243519
"1408","23","44","897","1","1","0","4821468.96594, 3129468.32857","4881468.96594, 3509468.32857",929236.70243519
"1409","23","45","898","1","1","0","4821468.96594, 3119468.32857","4881468.96594, 3509468.32857",929236.70243519
"1410","23","46","899","1","0","0","4821468.96594, 3109468.32857","4881468.96594, 3509468.32857",929236.70243519
"1411","23","47","900","1","1","0","4821468.96594, 3099468.32857","4881468.96594, 3509468.32857",929236.70243519
"1412","23","48","901","0","1","0","4821468.96594, 3089468.32857","4881468.96594, 3509468.32857",929236.70243519
"1413","23","49","902","0","1","0","4821468.96594, 3079468.32857","4881468.96594, 3509468.32857",931233.344776104
"1414","23","50","903","0","1","0","4821468.96594, 3069468.32857","4881468.96594, 3509468.32857",931233.344776104
"1415","23","51","904","0","0","0","4822982.10253, 3063902.90967","4881468.96594, 3509468.32857",931233.344776104
"1427","24","1","905","0","0","0","4834523.77959, 3555352.46582","4881468.96594, 3509468.32857",5558.42427111172
"1428","24","2","906","0","0","0","4831617.16156, 3549289.06483","4881468.96594, 3509468.32857",5558.42427111172
"1429","24","3","907","0","0","0","4831468.96594, 3539468.32857","4881468.96594, 3509468.32857",5558.42427111172
"1430","24","4","908","1","1","0","4831468.96594, 3529468.32857","4881468.96594, 3509468.32857",5558.42427111172
"1431","24","5","909","1","1","0","4831468.96594, 3519468.32857","4881468.96594, 3509468.32857",5558.42427111172
"1432","24","6","910","0","0","0","4831468.96594, 3509468.32857",,
"1433","24","7","911","0","0","0","4831468.96594, 3499468.32857",,
"1434","24","8","912","0","0","0","4831468.96594, 3489468.32857",,
"1435","24","9","913","1","0","0","4831468.96594, 3479468.32857",,
"1436","24","10","914","1","1","0","4831468.96594, 3469468.32857",,
"1437","24","11","915","0","1","0","4831468.96594, 3459468.32857","4881468.96594, 3509468.32857",47714.4119681034
"1438","24","12","916","0","1","0","4831468.96594, 3449468.32857","4881468.96594, 3509468.32857",100454.790926166
"1439","24","13","917","0","1","0","4831468.96594, 3439468.32857","4881468.96594, 3509468.32857",140939.922630092
"1440","24","14","918","1","1","0","4831468.96594, 3429468.32857","4881468.96594, 3509468.32857",152008.838994985
"1441","24","15","919","0","1","0","4831468.96594, 3419468.32857","4881468.96594, 3509468.32857",152008.838994985
"1442","24","16","920","0","1","0","4831468.96594, 3409468.32857","4881468.96594, 3509468.32857",155587.448963167
"1443","24","17","921","1","1","0","4831468.96594, 3399468.32857","4881468.96594, 3509468.32857",171580.748482787
"1444","24","18","922","0","0","0","4831468.96594, 3389468.32857","4881468.96594, 3509468.32857",171580.748482787
"1445","24","19","923","0","0","0","4831468.96594, 3379468.32857","4881468.96594, 3509468.32857",183326.722738361
"1446","24","20","924","1","1","0","4831468.96594, 3369468.32857","4881468.96594, 3509468.32857",183326.722738361
"1447","24","21","925","1","1","0","4831468.96594, 3359468.32857","4881468.96594, 3509468.32857",183326.722738361
"1448","24","22","926","0","1","0","4831468.96594, 3349468.32857","4881468.96594, 3509468.32857",183326.722738361
"1449","24","23","927","0","0","0","4831468.96594, 3339468.32857","4881468.96594, 3509468.32857",186768.889868993
"1450","24","24","928","0","0","0","4831468.96594, 3329468.32857","4881468.96594, 3509468.32857",186768.889868993
"1451","24","25","929","0","1","0","4831468.96594, 3319468.32857","4881468.96594, 3509468.32857",186768.889868993
"1452","24","26","930","1","1","0","4831468.96594, 3309468.32857","4881468.96594, 3509468.32857",186768.889868993
"1453","24","27","931","1","1","0","4831468.96594, 3299468.32857","4881468.96594, 3509468.32857",186768.889868993
"1454","24","28","932","1","1","0","4831468.96594, 3289468.32857","4881468.96594, 3509468.32857",186768.889868993
"1455","24","29","933","1","1","0","4831468.96594, 3279468.32857","4881468.96594, 3509468.32857",186768.889868993
"1456","24","30","934","1","1","0","4831468.96594, 3269468.32857","4881468.96594, 3509468.32857",186768.889868993
"1457","24","31","935","1","1","0","4831468.96594, 3259468.32857","4881468.96594, 3509468.32857",186768.889868993
"1458","24","32","936","1","1","0","4831468.96594, 3249468.32857","4881468.96594, 3509468.32857",186768.889868993
"1459","24","33","937","1","1","0","4831468.96594, 3239468.32857","4881468.96594, 3509468.32857",186768.889868993
"1460","24","34","938","1","1","0","4831468.96594, 3229468.32857","4881468.96594, 3509468.32857",271505.639208967
"1461","24","35","939","1","1","0","4831468.96594, 3219468.32857","4881468.96594, 3509468.32857",271505.639208967
"1462","24","36","940","1","1","0","4831468.96594, 3209468.32857","4881468.96594, 3509468.32857",271505.639208967
"1463","24","37","941","1","1","0","4831468.96594, 3199468.32857","4881468.96594, 3509468.32857",271505.639208967
"1464","24","38","942","1","1","0","4831468.96594, 3189468.32857","4881468.96594, 3509468.32857",271505.639208967
"1465","24","39","943","0","1","0","4831468.96594, 3179468.32857","4881468.96594, 3509468.32857",271505.639208967
"1466","24","40","944","0","1","0","4831468.96594, 3169468.32857","4881468.96594, 3509468.32857",271505.639208967
"1467","24","41","945","0","1","0","4831468.96594, 3159468.32857","4881468.96594, 3509468.32857",929236.70243519
"1468","24","42","946","1","1","0","4831468.96594, 3149468.32857","4881468.96594, 3509468.32857",929236.70243519
"1469","24","43","947","0","1","0","4831468.96594, 3139468.32857","4881468.96594, 3509468.32857",929236.70243519
"1470","24","44","948","0","1","0","4831468.96594, 3129468.32857","4881468.96594, 3509468.32857",929236.70243519
"1471","24","45","949","1","1","0","4831468.96594, 3119468.32857","4881468.96594, 3509468.32857",929236.70243519
"1472","24","46","950","1","0","0","4831468.96594, 3109468.32857","4881468.96594, 3509468.32857",929236.70243519
"1473","24","47","951","1","0","0","4831468.96594, 3099468.32857","4881468.96594, 3509468.32857",929236.70243519
"1474","24","48","952","0","0","0","4831468.96594, 3089468.32857","4881468.96594, 3509468.32857",929236.70243519
"1475","24","49","953","0","0","0","4831468.96594, 3079468.32857","4881468.96594, 3509468.32857",929236.70243519
"1476","24","50","954","1","1","0","4831468.96594, 3069468.32857","4881468.96594, 3509468.32857",931233.344776104
"1477","24","51","955","1","0","0","4832006.34644, 3063176.10862","4881468.96594, 3509468.32857",931233.344776104
"1489","25","1","956","0","0","0","4842238.03871, 3557105.63045","4881468.96594, 3509468.32857",5558.42427111172
"1490","25","2","957","0","0","0","4841468.96594, 3549468.32857","4881468.96594, 3509468.32857",5558.42427111172
"1491","25","3","958","0","0","0","4841468.96594, 3539468.32857","4881468.96594, 3509468.32857",5558.42427111172
"1492","25","4","959","1","1","0","4841468.96594, 3529468.32857","4881468.96594, 3509468.32857",5558.42427111172
"1493","25","5","960","0","1","0","4841468.96594, 3519468.32857","4881468.96594, 3509468.32857",5558.42427111172
"1494","25","6","961","0","0","0","4841468.96594, 3509468.32857",,
"1495","25","7","962","0","0","0","4841468.96594, 3499468.32857",,
"1496","25","8","963","0","1","0","4841468.96594, 3489468.32857",,
"1497","25","9","964","1","1","0","4841468.96594, 3479468.32857",,
"1498","25","10","965","1","1","0","4841468.96594, 3469468.32857","4881468.96594, 3509468.32857",47714.4119681034
"1499","25","11","966","0","1","0","4841468.96594, 3459468.32857","4881468.96594, 3509468.32857",51396.2077614752
"1500","25","12","967","0","1","0","4841468.96594, 3449468.32857","4881468.96594, 3509468.32857",100454.790926166
"1501","25","13","968","1","1","0","4841468.96594, 3439468.32857","4881468.96594, 3509468.32857",102694.361062005
"1502","25","14","969","1","0","0","4841468.96594, 3429468.32857","4881468.96594, 3509468.32857",140939.922630092
"1503","25","15","970","0","1","0","4841468.96594, 3419468.32857","4881468.96594, 3509468.32857",152008.838994985
"1504","25","16","971","0","1","0","4841468.96594, 3409468.32857","4881468.96594, 3509468.32857",155587.448963167
"1505","25","17","972","1","1","0","4841468.96594, 3399468.32857","4881468.96594, 3509468.32857",168387.944505099
"1506","25","18","973","1","1","0","4841468.96594, 3389468.32857","4881468.96594, 3509468.32857",171580.748482787
"1507","25","19","974","0","0","0","4841468.96594, 3379468.32857","4881468.96594, 3509468.32857",171580.748482787
"1508","25","20","975","1","1","0","4841468.96594, 3369468.32857","4881468.96594, 3509468.32857",183326.722738361
"1509","25","21","976","1","1","0","4841468.96594, 3359468.32857","4881468.96594, 3509468.32857",183326.722738361
"1510","25","22","977","1","1","0","4841468.96594, 3349468.32857","4881468.96594, 3509468.32857",183326.722738361
"1511","25","23","978","1","0","0","4841468.96594, 3339468.32857","4881468.96594, 3509468.32857",186768.889868993
"1512","25","24","979","1","1","0","4841468.96594, 3329468.32857","4881468.96594, 3509468.32857",186768.889868993
"1513","25","25","980","1","0","0","4841468.96594, 3319468.32857","4881468.96594, 3509468.32857",186768.889868993
"1514","25","26","981","1","0","0","4841468.96594, 3309468.32857","4881468.96594, 3509468.32857",186768.889868993
"1515","25","27","982","1","1","0","4841468.96594, 3299468.32857","4881468.96594, 3509468.32857",186768.889868993
"1516","25","28","983","0","0","0","4841468.96594, 3289468.32857","4881468.96594, 3509468.32857",186768.889868993
"1517","25","29","984","0","1","0","4841468.96594, 3279468.32857","4881468.96594, 3509468.32857",186768.889868993
"1518","25","30","985","1","1","0","4841468.96594, 3269468.32857","4881468.96594, 3509468.32857",186768.889868993
"1519","25","31","986","0","0","0","4841468.96594, 3259468.32857","4881468.96594, 3509468.32857",186768.889868993
"1520","25","32","987","0","0","0","4841468.96594, 3249468.32857","4881468.96594, 3509468.32857",269036.685242712
"1521","25","33","988","1","0","0","4841468.96594, 3239468.32857","4881468.96594, 3509468.32857",271505.639208967
"1522","25","34","989","1","1","0","4841468.96594, 3229468.32857","4881468.96594, 3509468.32857",271505.639208967
"1523","25","35","990","0","1","0","4841468.96594, 3219468.32857","4881468.96594, 3509468.32857",271505.639208967
"1524","25","36","991","0","1","0","4841468.96594, 3209468.32857","4881468.96594, 3509468.32857",271505.639208967
"1525","25","37","992","1","1","0","4841468.96594, 3199468.32857","4881468.96594, 3509468.32857",271505.639208967
"1526","25","38","993","0","0","0","4841468.96594, 3189468.32857","4881468.96594, 3509468.32857",271505.639208967
"1527","25","39","994","0","0","0","4841468.96594, 3179468.32857","4881468.96594, 3509468.32857",271505.639208967
"1528","25","40","995","0","1","0","4841468.96594, 3169468.32857","4881468.96594, 3509468.32857",271505.639208967
"1529","25","41","996","1","0","0","4841468.96594, 3159468.32857","4881468.96594, 3509468.32857",929236.70243519
"1530","25","42","997","1","1","0","4841468.96594, 3149468.32857","4881468.96594, 3509468.32857",929236.70243519
"1531","25","43","998","0","1","0","4841468.96594, 3139468.32857","4881468.96594, 3509468.32857",929236.70243519
"1532","25","44","999","0","1","0","4841468.96594, 3129468.32857","4881468.96594, 3509468.32857",929236.70243519
"1533","25","45","1000","0","1","0","4841468.96594, 3119468.32857","4881468.96594, 3509468.32857",929236.70243519
"1534","25","46","1001","1","1","0","4841468.96594, 3109468.32857","4881468.96594, 3509468.32857",929236.70243519
"1535","25","47","1002","1","1","0","4841468.96594, 3099468.32857","4881468.96594, 3509468.32857",929236.70243519
"1536","25","48","1003","0","1","0","4841468.96594, 3089468.32857","4881468.96594, 3509468.32857",929236.70243519
"1537","25","49","1004","1","1","0","4841468.96594, 3079468.32857","4881468.96594, 3509468.32857",929236.70243519
"1538","25","50","1005","1","1","0","4841468.96594, 3069468.32857","4881468.96594, 3509468.32857",931233.344776104
"1539","25","51","1006","1","1","0","4841795.6695, 3062387.68907","4881468.96594, 3509468.32857",931233.344776104
"1551","26","1","1007","0","0","0","4851269.63257, 3558605.29692","4881468.96594, 3509468.32857",5558.42427111172
"1552","26","2","1008","0","0","0","4851468.96594, 3549468.32857","4881468.96594, 3509468.32857",5558.42427111172
"1553","26","3","1009","0","0","0","4851468.96594, 3539468.32857","4881468.96594, 3509468.32857",5558.42427111172
"1554","26","4","1010","1","1","0","4851468.96594, 3529468.32857","4881468.96594, 3509468.32857",5558.42427111172
"1555","26","5","1011","0","0","0","4851468.96594, 3519468.32857","4881468.96594, 3509468.32857",5558.42427111172
"1556","26","6","1012","0","0","0","4851468.96594, 3509468.32857",,
"1557","26","7","1013","0","1","0","4851468.96594, 3499468.32857",,
"1558","26","8","1014","1","1","0","4851468.96594, 3489468.32857",,
"1559","26","9","1015","1","0","0","4851468.96594, 3479468.32857",,
"1560","26","10","1016","0","0","0","4851468.96594, 3469468.32857","4881468.96594, 3509468.32857",47714.4119681034
"1561","26","11","1017","0","1","0","4851468.96594, 3459468.32857","4881468.96594, 3509468.32857",51396.2077614752
"1562","26","12","1018","1","1","0","4851468.96594, 3449468.32857","4881468.96594, 3509468.32857",78736.2558655335
"1563","26","13","1019","1","1","0","4851468.96594, 3439468.32857","4881468.96594, 3509468.32857",102694.361062005
"1564","26","14","1020","0","1","0","4851468.96594, 3429468.32857","4881468.96594, 3509468.32857",140939.922630092
"1565","26","15","1021","0","1","0","4851468.96594, 3419468.32857","4881468.96594, 3509468.32857",152008.838994985
"1566","26","16","1022","0","1","0","4851468.96594, 3409468.32857","4881468.96594, 3509468.32857",152008.838994985
"1567","26","17","1023","0","0","0","4851468.96594, 3399468.32857","4881468.96594, 3509468.32857",155587.448963167
"1568","26","18","1024","1","1","0","4851468.96594, 3389468.32857","4881468.96594, 3509468.32857",171580.748482787
"1569","26","19","1025","1","1","0","4851468.96594, 3379468.32857","4881468.96594, 3509468.32857",171580.748482787
"1570","26","20","1026","1","1","0","4851468.96594, 3369468.32857","4881468.96594, 3509468.32857",183326.722738361
"1571","26","21","1027","1","1","0","4851468.96594, 3359468.32857","4881468.96594, 3509468.32857",183326.722738361
"1572","26","22","1028","0","0","0","4851468.96594, 3349468.32857","4881468.96594, 3509468.32857",186768.889868993
"1573","26","23","1029","0","1","0","4851468.96594, 3339468.32857","4881468.96594, 3509468.32857",186768.889868993
"1574","26","24","1030","0","1","0","4851468.96594, 3329468.32857","4881468.96594, 3509468.32857",186768.889868993
"1575","26","25","1031","0","0","0","4851468.96594, 3319468.32857","4881468.96594, 3509468.32857",186768.889868993
"1576","26","26","1032","1","1","0","4851468.96594, 3309468.32857","4881468.96594, 3509468.32857",186768.889868993
"1577","26","27","1033","1","1","0","4851468.96594, 3299468.32857","4881468.96594, 3509468.32857",186768.889868993
"1578","26","28","1034","0","0","0","4851468.96594, 3289468.32857","4881468.96594, 3509468.32857",186768.889868993
"1579","26","29","1035","0","0","0","4851468.96594, 3279468.32857","4881468.96594, 3509468.32857",186768.889868993
"1580","26","30","1036","1","1","0","4851468.96594, 3269468.32857","4881468.96594, 3509468.32857",208937.72783105
"1581","26","31","1037","0","0","0","4851468.96594, 3259468.32857","4881468.96594, 3509468.32857",269036.685242712
"1582","26","32","1038","0","0","0","4851468.96594, 3249468.32857","4881468.96594, 3509468.32857",271505.639208967
"1583","26","33","1039","0","0","0","4851468.96594, 3239468.32857","4881468.96594, 3509468.32857",271505.639208967
"1584","26","34","1040","1","1","0","4851468.96594, 3229468.32857","4881468.96594, 3509468.32857",271505.639208967
"1585","26","35","1041","0","1","0","4851468.96594, 3219468.32857","4881468.96594, 3509468.32857",271505.639208967
"1586","26","36","1042","0","0","0","4851468.96594, 3209468.32857","4881468.96594, 3509468.32857",271505.639208967
"1587","26","37","1043","1","1","0","4851468.96594, 3199468.32857","4881468.96594, 3509468.32857",271505.639208967
"1588","26","38","1044","0","1","0","4851468.96594, 3189468.32857","4881468.96594, 3509468.32857",271505.639208967
"1589","26","39","1045","1","1","0","4851468.96594, 3179468.32857","4881468.96594, 3509468.32857",271505.639208967
"1590","26","40","1046","1","1","0","4851468.96594, 3169468.32857","4881468.96594, 3509468.32857",271505.639208967
"1591","26","41","1047","1","1","0","4851468.96594, 3159468.32857","4881468.96594, 3509468.32857",929236.70243519
"1592","26","42","1048","0","1","0","4851468.96594, 3149468.32857","4881468.96594, 3509468.32857",929236.70243519
"1593","26","43","1049","0","1","0","4851468.96594, 3139468.32857","4881468.96594, 3509468.32857",929236.70243519
"1594","26","44","1050","1","1","0","4851468.96594, 3129468.32857","4881468.96594, 3509468.32857",929236.70243519
"1595","26","45","1051","1","1","0","4851468.96594, 3119468.32857","4881468.96594, 3509468.32857",929236.70243519
"1596","26","46","1052","1","1","0","4851468.96594, 3109468.32857","4881468.96594, 3509468.32857",929236.70243519
"1597","26","47","1053","1","1","0","4851468.96594, 3099468.32857","4881468.96594, 3509468.32857",929236.70243519
"1598","26","48","1054","1","0","0","4851468.96594, 3089468.32857","4881468.96594, 3509468.32857",929236.70243519
"1599","26","49","1055","1","1","0","4851468.96594, 3079468.32857","4881468.96594, 3509468.32857",929236.70243519
"1600","26","50","1056","0","1","0","4851468.96594, 3069468.32857","4881468.96594, 3509468.32857",929236.70243519
"1601","26","51","1057","1","0","0","4851703.65931, 3061589.71226","4881468.96594, 3509468.32857",931233.344776104
"1613","27","1","1058","0","0","0","4857392.19099, 3555866.24796","4881468.96594, 3509468.32857",5558.42427111172
"1614","27","2","1059","0","1","0","4859804.18334, 3548561.9165","4881468.96594, 3509468.32857",5558.42427111172
"1615","27","3","1060","0","1","0","4861454.70653, 3539454.38848","4881468.96594, 3509468.32857",5558.42427111172
"1616","27","4","1061","1","1","0","4861468.96594, 3529468.32857","4881468.96594, 3509468.32857",5558.42427111172
"1617","27","5","1062","0","0","0","4861468.96594, 3519468.32857","4881468.96594, 3509468.32857",5558.42427111172
"1618","27","6","1063","1","1","0","4861468.96594, 3509468.32857",,
"1619","27","7","1064","1","1","0","4861468.96594, 3499468.32857",,
"1620","27","8","1065","1","0","0","4861468.96594, 3489468.32857",,
"1621","27","9","1066","0","0","0","4861468.96594, 3479468.32857","4881468.96594, 3509468.32857",47714.4119681034
"1622","27","10","1067","0","0","0","4861468.96594, 3469468.32857","4881468.96594, 3509468.32857",47714.4119681034
"1623","27","11","1068","1","1","0","4861468.96594, 3459468.32857","4881468.96594, 3509468.32857",54226.0967849536
"1624","27","12","1069","1","1","0","4861468.96594, 3449468.32857","4881468.96594, 3509468.32857",78736.2558655335
"1625","27","13","1070","0","1","0","4861468.96594, 3439468.32857","4881468.96594, 3509468.32857",102694.361062005
"1626","27","14","1071","0","1","0","4861468.96594, 3429468.32857","4881468.96594, 3509468.32857",102694.361062005
"1627","27","15","1072","0","1","0","4861468.96594, 3419468.32857","4881468.96594, 3509468.32857",140939.922630092
"1628","27","16","1073","0","1","0","4861468.96594, 3409468.32857","4881468.96594, 3509468.32857",152008.838994985
"1629","27","17","1074","0","1","0","4861468.96594, 3399468.32857","4881468.96594, 3509468.32857",152008.838994985
"1630","27","18","1075","1","1","0","4861468.96594, 3389468.32857","4881468.96594, 3509468.32857",158220.623543465
"1631","27","19","1076","1","1","0","4861468.96594, 3379468.32857","4881468.96594, 3509468.32857",171580.748482787
"1632","27","20","1077","1","1","1","4861468.96594, 3369468.32857","4881468.96594, 3509468.32857",181370.852996921
"1633","27","21","1078","1","1","1","4861468.96594, 3359468.32857","4881468.96594, 3509468.32857",186768.889868993
"1634","27","22","1079","1","1","0","4861468.96594, 3349468.32857","4881468.96594, 3509468.32857",186768.889868993
"1635","27","23","1080","1","1","0","4861468.96594, 3339468.32857","4881468.96594, 3509468.32857",186768.889868993
"1636","27","24","1081","0","1","0","4861468.96594, 3329468.32857","4881468.96594, 3509468.32857",186768.889868993
"1637","27","25","1082","0","1","0","4861468.96594, 3319468.32857","4881468.96594, 3509468.32857",186768.889868993
"1638","27","26","1083","1","1","0","4861468.96594, 3309468.32857","4881468.96594, 3509468.32857",208937.72783105
"1639","27","27","1084","0","0","0","4861468.96594, 3299468.32857","4881468.96594, 3509468.32857",208937.72783105
"1640","27","28","1085","0","0","0","4861468.96594, 3289468.32857","4881468.96594, 3509468.32857",208937.72783105
"1641","27","29","1086","0","0","0","4861468.96594, 3279468.32857","4881468.96594, 3509468.32857",208937.72783105
"1642","27","30","1087","1","1","0","4861468.96594, 3269468.32857","4881468.96594, 3509468.32857",269036.685242712
"1643","27","31","1088","1","0","0","4861468.96594, 3259468.32857","4881468.96594, 3509468.32857",271505.639208967
"1644","27","32","1089","0","0","0","4861468.96594, 3249468.32857","4881468.96594, 3509468.32857",271505.639208967
"1645","27","33","1090","0","0","0","4861468.96594, 3239468.32857","4881468.96594, 3509468.32857",271505.639208967
"1646","27","34","1091","1","0","0","4861468.96594, 3229468.32857","4881468.96594, 3509468.32857",271505.639208967
"1647","27","35","1092","1","1","0","4861468.96594, 3219468.32857","4881468.96594, 3509468.32857",271505.639208967
"1648","27","36","1093","1","1","0","4861468.96594, 3209468.32857","4881468.96594, 3509468.32857",271505.639208967
"1649","27","37","1094","1","1","0","4861468.96594, 3199468.32857","4881468.96594, 3509468.32857",271505.639208967
"1650","27","38","1095","1","1","0","4861468.96594, 3189468.32857","4881468.96594, 3509468.32857",271505.639208967
"1651","27","39","1096","1","1","0","4861468.96594, 3179468.32857","4881468.96594, 3509468.32857",271505.639208967
"1652","27","40","1097","0","0","0","4861468.96594, 3169468.32857","4881468.96594, 3509468.32857",271505.639208967
"1653","27","41","1098","1","1","0","4861468.96594, 3159468.32857","4881468.96594, 3509468.32857",926900.123055
"1654","27","42","1099","0","0","0","4861468.96594, 3149468.32857","4881468.96594, 3509468.32857",926900.123055
"1655","27","43","1100","1","1","0","4861468.96594, 3139468.32857","4881468.96594, 3509468.32857",929236.70243519
"1656","27","44","1101","1","0","0","4861468.96594, 3129468.32857","4881468.96594, 3509468.32857",929236.70243519
"1657","27","45","1102","0","1","0","4861468.96594, 3119468.32857","4881468.96594, 3509468.32857",929236.70243519
"1658","27","46","1103","0","1","0","4861468.96594, 3109468.32857","4881468.96594, 3509468.32857",929236.70243519
"1659","27","47","1104","1","1","0","4861468.96594, 3099468.32857","4881468.96594, 3509468.32857",929236.70243519
"1660","27","48","1105","1","1","0","4861468.96594, 3089468.32857","4881468.96594, 3509468.32857",929236.70243519
"1661","27","49","1106","0","1","0","4861468.96594, 3079468.32857","4881468.96594, 3509468.32857",929236.70243519
"1662","27","50","1107","0","0","0","4861468.96594, 3069468.32857","4881468.96594, 3509468.32857",929236.70243519
"1663","27","51","1108","0","0","0","4861652.08665, 3060788.47866","4881468.96594, 3509468.32857",931233.344776104
"1677","28","3","1109","0","0","0","4868461.71071, 3537485.6823","4881468.96594, 3509468.32857",5558.42427111172
"1678","28","4","1110","1","1","0","4870958.31969, 3529053.8681","4881468.96594, 3509468.32857",5558.42427111172
"1679","28","5","1111","1","1","0","4871468.96594, 3519468.32857","4881468.96594, 3509468.32857",5558.42427111172
"1680","28","6","1112","1","1","0","4871468.96594, 3509468.32857",,
"1681","28","7","1113","1","0","0","4871468.96594, 3499468.32857",,
"1682","28","8","1114","0","0","0","4871468.96594, 3489468.32857","4881468.96594, 3509468.32857",2030.80318145507
"1683","28","9","1115","0","0","0","4871468.96594, 3479468.32857","4881468.96594, 3509468.32857",47714.4119681034
"1684","28","10","1116","0","0","0","4871468.96594, 3469468.32857","4881468.96594, 3509468.32857",47714.4119681034
"1685","28","11","1117","1","1","0","4871468.96594, 3459468.32857","4881468.96594, 3509468.32857",58159.2328155259
"1686","28","12","1118","0","0","0","4871468.96594, 3449468.32857","4881468.96594, 3509468.32857",78736.2558655335
"1687","28","13","1119","0","0","0","4871468.96594, 3439468.32857","4881468.96594, 3509468.32857",100454.790926166
"1688","28","14","1120","0","0","0","4871468.96594, 3429468.32857","4881468.96594, 3509468.32857",102694.361062005
"1689","28","15","1121","0","1","0","4871468.96594, 3419468.32857","4881468.96594, 3509468.32857",140939.922630092
"1690","28","16","1122","0","1","0","4871468.96594, 3409468.32857","4881468.96594, 3509468.32857",140939.922630092
"1691","28","17","1123","1","1","0","4871468.96594, 3399468.32857","4881468.96594, 3509468.32857",152008.838994985
"1692","28","18","1124","1","1","1","4871468.96594, 3389468.32857","4881468.96594, 3509468.32857",155587.448963167
"1693","28","19","1125","1","1","1","4871468.96594, 3379468.32857","4881468.96594, 3509468.32857",165928.679614659
"1694","28","20","1126","1","1","1","4871468.96594, 3369468.32857","4881468.96594, 3509468.32857",176656.74975687
"1695","28","21","1127","1","1","1","4871468.96594, 3359468.32857","4881468.96594, 3509468.32857",191626.488684492
"1696","28","22","1128","0","0","0","4871468.96594, 3349468.32857","4881468.96594, 3509468.32857",191626.488684492
"1697","28","23","1129","1","1","0","4871468.96594, 3339468.32857","4881468.96594, 3509468.32857",199699.287936212
"1698","28","24","1130","1","1","0","4871468.96594, 3329468.32857","4881468.96594, 3509468.32857",208937.72783105
"1699","28","25","1131","1","1","0","4871468.96594, 3319468.32857","4881468.96594, 3509468.32857",208937.72783105
"1700","28","26","1132","1","0","0","4871468.96594, 3309468.32857","4881468.96594, 3509468.32857",208937.72783105
"1701","28","27","1133","0","0","0","4871468.96594, 3299468.32857","4881468.96594, 3509468.32857",208937.72783105
"1702","28","28","1134","0","0","0","4871468.96594, 3289468.32857","4881468.96594, 3509468.32857",261628.586931087
"1703","28","29","1135","0","0","0","4871468.96594, 3279468.32857","4881468.96594, 3509468.32857",269036.685242712
"1704","28","30","1136","1","1","0","4871468.96594, 3269468.32857","4881468.96594, 3509468.32857",271505.639208967
"1705","28","31","1137","1","0","0","4871468.96594, 3259468.32857","4881468.96594, 3509468.32857",271505.639208967
"1706","28","32","1138","0","0","0","4871468.96594, 3249468.32857","4881468.96594, 3509468.32857",271505.639208967
"1707","28","33","1139","0","0","0","4871468.96594, 3239468.32857","4881468.96594, 3509468.32857",271505.639208967
"1708","28","34","1140","0","0","0","4871468.96594, 3229468.32857","4881468.96594, 3509468.32857",271505.639208967
"1709","28","35","1141","1","0","0","4871468.96594, 3219468.32857","4881468.96594, 3509468.32857",271505.639208967
"1710","28","36","1142","1","1","0","4871468.96594, 3209468.32857","4881468.96594, 3509468.32857",271505.639208967
"1711","28","37","1143","1","0","0","4871468.96594, 3199468.32857","4881468.96594, 3509468.32857",271505.639208967
"1712","28","38","1144","0","0","0","4871468.96594, 3189468.32857","4881468.96594, 3509468.32857",271505.639208967
"1713","28","39","1145","1","1","0","4871468.96594, 3179468.32857","4881468.96594, 3509468.32857",271505.639208967
"1714","28","40","1146","1","1","0","4871468.96594, 3169468.32857","4881468.96594, 3509468.32857",273546.954462954
"1715","28","41","1147","1","0","0","4871468.96594, 3159468.32857","4881468.96594, 3509468.32857",891729.558404934
"1716","28","42","1148","1","0","0","4871468.96594, 3149468.32857","4881468.96594, 3509468.32857",926900.123055
"1717","28","43","1149","1","1","0","4871468.96594, 3139468.32857","4881468.96594, 3509468.32857",926900.123055
"1718","28","44","1150","1","1","0","4871468.96594, 3129468.32857","4881468.96594, 3509468.32857",929236.70243519
"1719","28","45","1151","0","0","0","4871468.96594, 3119468.32857","4881468.96594, 3509468.32857",929236.70243519
"1720","28","46","1152","0","1","0","4871468.96594, 3109468.32857","4881468.96594, 3509468.32857",929236.70243519
"1721","28","47","1153","1","1","0","4871468.96594, 3099468.32857","4881468.96594, 3509468.32857",929236.70243519
"1722","28","48","1154","1","1","0","4871468.96594, 3089468.32857","4881468.96594, 3509468.32857",929236.70243519
"1723","28","49","1155","1","1","0","4871468.96594, 3079468.32857","4881468.96594, 3509468.32857",929236.70243519
"1724","28","50","1156","0","0","0","4871468.96594, 3069468.32857","4881468.96594, 3509468.32857",929236.70243519
"1725","28","51","1157","1","0","0","4871574.68536, 3059570.00625","4881468.96594, 3509468.32857",929236.70243519
"1726","28","52","1158","1","1","0","4872876.55983, 3049777.8568","4881468.96594, 3509468.32857",931233.344776104
"1727","28","53","1159","1","0","0","4874171.60607, 3039960.76402","4881468.96594, 3509468.32857",931233.344776104
"1728","28","54","1160","0","0","0","4875396.94341, 3030672.09923","4881468.96594, 3509468.32857",931233.344776104
"1729","28","55","1161","0","0","0","4876299.87483, 3023827.4313","4881468.96594, 3509468.32857",931233.344776104
"1740","29","4","1162","0","0","0","4877329.8039, 3525771.78331","4881468.96594, 3509468.32857",5558.42427111172
"1741","29","5","1163","0","0","0","4879861.71389, 3518454.41721","4881468.96594, 3509468.32857",5558.42427111172
"1742","29","6","1164","1","1","1","4881468.96594, 3509468.32857",,
"1743","29","7","1165","1","1","0","4881468.96594, 3499468.32857","4881468.96594, 3509468.32857",2030.80318145507
"1744","29","8","1166","1","1","0","4881468.96594, 3489468.32857","4881468.96594, 3509468.32857",40243.975318939
"1745","29","9","1167","1","0","0","4881468.96594, 3479468.32857","4881468.96594, 3509468.32857",47714.4119681034
"1746","29","10","1168","1","1","0","4881468.96594, 3469468.32857","4881468.96594, 3509468.32857",51396.2077614752
"1747","29","11","1169","1","1","0","4881468.96594, 3459468.32857","4881468.96594, 3509468.32857",58159.2328155259
"1748","29","12","1170","0","0","0","4881468.96594, 3449468.32857","4881468.96594, 3509468.32857",78736.2558655335
"1749","29","13","1171","0","0","0","4881468.96594, 3439468.32857","4881468.96594, 3509468.32857",96652.1053342494
"1750","29","14","1172","0","0","0","4881468.96594, 3429468.32857","4881468.96594, 3509468.32857",102694.361062005
"1751","29","15","1173","0","1","0","4881468.96594, 3419468.32857","4881468.96594, 3509468.32857",102694.361062005
"1752","29","16","1174","0","1","0","4881468.96594, 3409468.32857","4881468.96594, 3509468.32857",140939.922630092
"1753","29","17","1175","1","1","1","4881468.96594, 3399468.32857","4881468.96594, 3509468.32857",143780.257129189
"1754","29","18","1176","1","0","1","4881468.96594, 3389468.32857","4881468.96594, 3509468.32857",148357.610189708
"1755","29","19","1177","0","1","0","4881468.96594, 3379468.32857","4881468.96594, 3509468.32857",162790.620992803
"1756","29","20","1178","0","0","0","4881468.96594, 3369468.32857","4881468.96594, 3509468.32857",197494.584082271
"1757","29","21","1179","1","1","1","4881468.96594, 3359468.32857","4881468.96594, 3509468.32857",201694.822013631
"1758","29","22","1180","0","1","0","4881468.96594, 3349468.32857","4881468.96594, 3509468.32857",208937.72783105
"1759","29","23","1181","1","1","0","4881468.96594, 3339468.32857","4881468.96594, 3509468.32857",208937.72783105
"1760","29","24","1182","1","1","0","4881468.96594, 3329468.32857","4881468.96594, 3509468.32857",211037.566226783
"1761","29","25","1183","1","1","0","4881468.96594, 3319468.32857","4881468.96594, 3509468.32857",211037.566226783
"1762","29","26","1184","1","0","0","4881468.96594, 3309468.32857","4881468.96594, 3509468.32857",236125.796517308
"1763","29","27","1185","1","0","0","4881468.96594, 3299468.32857","4881468.96594, 3509468.32857",261628.586931087
"1764","29","28","1186","1","0","0","4881468.96594, 3289468.32857","4881468.96594, 3509468.32857",269036.685242712
"1765","29","29","1187","1","0","0","4881468.96594, 3279468.32857","4881468.96594, 3509468.32857",269036.685242712
"1766","29","30","1188","1","1","0","4881468.96594, 3269468.32857","4881468.96594, 3509468.32857",271505.639208967
"1767","29","31","1189","1","0","0","4881468.96594, 3259468.32857","4881468.96594, 3509468.32857",271505.639208967
"1768","29","32","1190","1","0","0","4881468.96594, 3249468.32857","4881468.96594, 3509468.32857",271505.639208967
"1769","29","33","1191","1","0","0","4881468.96594, 3239468.32857","4881468.96594, 3509468.32857",271505.639208967
"1770","29","34","1192","1","0","0","4881468.96594, 3229468.32857","4881468.96594, 3509468.32857",271505.639208967
"1771","29","35","1193","1","0","0","4881468.96594, 3219468.32857","4881468.96594, 3509468.32857",271505.639208967
"1772","29","36","1194","1","1","0","4881468.96594, 3209468.32857","4881468.96594, 3509468.32857",271505.639208967
"1773","29","37","1195","0","0","0","4881468.96594, 3199468.32857","4881468.96594, 3509468.32857",273546.954462954
"1774","29","38","1196","0","0","0","4881468.96594, 3189468.32857","4881468.96594, 3509468.32857",273546.954462954
"1775","29","39","1197","0","0","0","4881468.96594, 3179468.32857","4881468.96594, 3509468.32857",273546.954462954
"1776","29","40","1198","1","1","0","4881468.96594, 3169468.32857","4881468.96594, 3509468.32857",273546.954462954
"1777","29","41","1199","1","1","0","4881468.96594, 3159468.32857","4881468.96594, 3509468.32857",891729.558404934
"1778","29","42","1200","1","1","0","4881468.96594, 3149468.32857","4881468.96594, 3509468.32857",891729.558404934
"1779","29","43","1201","0","0","0","4881468.96594, 3139468.32857","4881468.96594, 3509468.32857",891729.558404934
"1780","29","44","1202","1","1","0","4881468.96594, 3129468.32857","4881468.96594, 3509468.32857",926900.123055
"1781","29","45","1203","0","0","0","4881468.96594, 3119468.32857","4881468.96594, 3509468.32857",926900.123055
"1782","29","46","1204","0","0","0","4881468.96594, 3109468.32857","4881468.96594, 3509468.32857",929236.70243519
"1783","29","47","1205","1","1","0","4881468.96594, 3099468.32857","4881468.96594, 3509468.32857",929236.70243519
"1784","29","48","1206","1","1","0","4881468.96594, 3089468.32857","4881468.96594, 3509468.32857",929236.70243519
"1785","29","49","1207","1","1","0","4881468.96594, 3079468.32857","4881468.96594, 3509468.32857",929236.70243519
"1786","29","50","1208","1","0","0","4881468.96594, 3069468.32857","4881468.96594, 3509468.32857",929236.70243519
"1787","29","51","1209","1","1","0","4881468.96594, 3059468.32857","4881468.96594, 3509468.32857",929236.70243519
"1788","29","52","1210","0","1","0","4881468.96594, 3049468.32857","4881468.96594, 3509468.32857",931233.344776104
"1789","29","53","1211","1","1","0","4881468.96594, 3039468.32857","4881468.96594, 3509468.32857",931233.344776104
"1790","29","54","1212","0","0","0","4881468.96594, 3029468.32857","4881468.96594, 3509468.32857",931233.344776104
"1791","29","55","1213","1","1","0","4881736.53439, 3020489.48415","4881468.96594, 3509468.32857",931233.344776104
"1803","30","5","1214","0","0","0","4892032.69586, 3515454.62388","4881468.96594, 3509468.32857",8674.5736837097
"1804","30","6","1215","0","0","1","4891468.96594, 3509468.32857","4881468.96594, 3509468.32857",8674.5736837097
"1805","30","7","1216","1","0","1","4891468.96594, 3499468.32857","4881468.96594, 3509468.32857",13682.7370169877
"1806","30","8","1217","1","1","0","4891468.96594, 3489468.32857","4881468.96594, 3509468.32857",38411.4738511866
"1807","30","9","1218","1","1","1","4891468.96594, 3479468.32857","4881468.96594, 3509468.32857",47714.4119681034
"1808","30","10","1219","1","1","0","4891468.96594, 3469468.32857","4881468.96594, 3509468.32857",54226.0967849536
"1809","30","11","1220","1","1","0","4891468.96594, 3459468.32857","4881468.96594, 3509468.32857",66451.9229791121
"1810","30","12","1221","1","1","0","4891468.96594, 3449468.32857","4881468.96594, 3509468.32857",78736.2558655335
"1811","30","13","1222","1","1","0","4891468.96594, 3439468.32857","4881468.96594, 3509468.32857",94964.8077317289
"1812","30","14","1223","1","1","0","4891468.96594, 3429468.32857","4881468.96594, 3509468.32857",102694.361062005
"1813","30","15","1224","1","1","0","4891468.96594, 3419468.32857","4881468.96594, 3509468.32857",111050.414699567
"1814","30","16","1225","1","0","1","4891468.96594, 3409468.32857","4881468.96594, 3509468.32857",131908.633269411
"1815","30","17","1226","1","0","1","4891468.96594, 3399468.32857","4881468.96594, 3509468.32857",134328.603408538
"1816","30","18","1227","1","1","0","4891468.96594, 3389468.32857","4881468.96594, 3509468.32857",143780.257129189
"1817","30","19","1228","1","1","0","4891468.96594, 3379468.32857","4881468.96594, 3509468.32857",160444.375788207
"1818","30","20","1229","1","1","0","4891468.96594, 3369468.32857","4881468.96594, 3509468.32857",214785.570548278
"1819","30","21","1230","1","1","1","4891468.96594, 3359468.32857","4881468.96594, 3509468.32857",214785.570548278
"1820","30","22","1231","1","1","0","4891468.96594, 3349468.32857","4881468.96594, 3509468.32857",212587.824074526
"1821","30","23","1232","1","1","0","4891468.96594, 3339468.32857","4881468.96594, 3509468.32857",212587.824074526
"1822","30","24","1233","0","0","0","4891468.96594, 3329468.32857","4881468.96594, 3509468.32857",236125.796517308
"1823","30","25","1234","1","1","0","4891468.96594, 3319468.32857","4881468.96594, 3509468.32857",236125.796517308
"1824","30","26","1235","1","1","0","4891468.96594, 3309468.32857","4881468.96594, 3509468.32857",261628.586931087
"1825","30","27","1236","0","0","0","4891468.96594, 3299468.32857","4881468.96594, 3509468.32857",261628.586931087
"1826","30","28","1237","0","0","0","4891468.96594, 3289468.32857","4881468.96594, 3509468.32857",269036.685242712
"1827","30","29","1238","0","0","0","4891468.96594, 3279468.32857","4881468.96594, 3509468.32857",271505.639208967
"1828","30","30","1239","0","1","0","4891468.96594, 3269468.32857","4881468.96594, 3509468.32857",271505.639208967
"1829","30","31","1240","1","0","0","4891468.96594, 3259468.32857","4881468.96594, 3509468.32857",271505.639208967
"1830","30","32","1241","1","0","0","4891468.96594, 3249468.32857","4881468.96594, 3509468.32857",271505.639208967
"1831","30","33","1242","0","0","0","4891468.96594, 3239468.32857","4881468.96594, 3509468.32857",271505.639208967
"1832","30","34","1243","0","0","0","4891468.96594, 3229468.32857","4881468.96594, 3509468.32857",271505.639208967
"1833","30","35","1244","0","0","0","4891468.96594, 3219468.32857","4881468.96594, 3509468.32857",273546.954462954
"1834","30","36","1245","1","1","0","4891468.96594, 3209468.32857","4881468.96594, 3509468.32857",273546.954462954
"1835","30","37","1246","0","0","0","4891468.96594, 3199468.32857","4881468.96594, 3509468.32857",273546.954462954
"1836","30","38","1247","0","0","0","4891468.96594, 3189468.32857","4881468.96594, 3509468.32857",273546.954462954
"1837","30","39","1248","0","0","0","4891468.96594, 3179468.32857","4881468.96594, 3509468.32857",273546.954462954
"1838","30","40","1249","1","0","0","4891468.96594, 3169468.32857","4881468.96594, 3509468.32857",273546.954462954
"1839","30","41","1250","1","1","0","4891468.96594, 3159468.32857","4881468.96594, 3509468.32857",891729.558404934
"1840","30","42","1251","1","1","0","4891468.96594, 3149468.32857","4881468.96594, 3509468.32857",891729.558404934
"1841","30","43","1252","1","1","0","4891468.96594, 3139468.32857","4881468.96594, 3509468.32857",891729.558404934
"1842","30","44","1253","1","1","0","4891468.96594, 3129468.32857","4881468.96594, 3509468.32857",891729.558404934
"1843","30","45","1254","1","0","0","4891468.96594, 3119468.32857","4881468.96594, 3509468.32857",926900.123055
"1844","30","46","1255","1","0","0","4891468.96594, 3109468.32857","4881468.96594, 3509468.32857",926900.123055
"1845","30","47","1256","1","0","0","4891468.96594, 3099468.32857","4881468.96594, 3509468.32857",929236.70243519
"1846","30","48","1257","1","1","0","4891468.96594, 3089468.32857","4881468.96594, 3509468.32857",929236.70243519
"1847","30","49","1258","1","1","0","4891468.96594, 3079468.32857","4881468.96594, 3509468.32857",929236.70243519
"1848","30","50","1259","1","1","0","4891468.96594, 3069468.32857","4881468.96594, 3509468.32857",929236.70243519
"1849","30","51","1260","1","1","0","4891468.96594, 3059468.32857","4881468.96594, 3509468.32857",929236.70243519
"1850","30","52","1261","1","0","0","4891468.96594, 3049468.32857","4881468.96594, 3509468.32857",929236.70243519
"1851","30","53","1262","1","1","0","4891468.96594, 3039468.32857","4881468.96594, 3509468.32857",931233.344776104
"1852","30","54","1263","0","1","0","4891468.96594, 3029468.32857","4881468.96594, 3509468.32857",931233.344776104
"1853","30","55","1264","1","0","0","4891407.57493, 3020611.59377","4881468.96594, 3509468.32857",931233.344776104
"1865","31","5","1265","0","0","0","4901805.22483, 3516082.70024","4881468.96594, 3509468.32857",25740.808654003
"1866","31","6","1266","0","0","1","4901468.96594, 3509468.32857","4881468.96594, 3509468.32857",25740.808654003
"1867","31","7","1267","1","0","1","4901468.96594, 3499468.32857","4881468.96594, 3509468.32857",25246.6338257177
"1868","31","8","1268","0","0","1","4901468.96594, 3489468.32857","4881468.96594, 3509468.32857",33904.2902828487
"1869","31","9","1269","1","1","1","4901468.96594, 3479468.32857","4881468.96594, 3509468.32857",45653.368973332
"1870","31","10","1270","1","0","1","4901468.96594, 3469468.32857","4881468.96594, 3509468.32857",58159.2328155259
"1871","31","11","1271","1","0","1","4901468.96594, 3459468.32857","4881468.96594, 3509468.32857",66451.9229791121
"1872","31","12","1272","1","0","1","4901468.96594, 3449468.32857","4881468.96594, 3509468.32857",78736.2558655335
"1873","31","13","1273","1","1","1","4901468.96594, 3439468.32857","4881468.96594, 3509468.32857",89529.0405910591
"1874","31","14","1274","1","1","1","4901468.96594, 3429468.32857","4881468.96594, 3509468.32857",100454.790926166
"1875","31","15","1275","1","0","1","4901468.96594, 3419468.32857","4881468.96594, 3509468.32857",112876.740762437
"1876","31","16","1276","1","1","1","4901468.96594, 3409468.32857","4881468.96594, 3509468.32857",120956.111778927
"1877","31","17","1277","1","1","0","4901468.96594, 3399468.32857","4881468.96594, 3509468.32857",126454.321256752
"1878","31","18","1278","1","1","0","4901468.96594, 3389468.32857","4881468.96594, 3509468.32857",129748.652307212
"1879","31","19","1279","1","0","0","4901468.96594, 3379468.32857","4881468.96594, 3509468.32857",223397.858500375
"1880","31","20","1280","1","1","0","4901468.96594, 3369468.32857","4881468.96594, 3509468.32857",223397.858500375
"1881","31","21","1281","1","1","1","4901468.96594, 3359468.32857","4881468.96594, 3509468.32857",223397.858500375
"1882","31","22","1282","1","1","1","4901468.96594, 3349468.32857","4881468.96594, 3509468.32857",231336.829479777
"1883","31","23","1283","0","1","0","4901468.96594, 3339468.32857","4881468.96594, 3509468.32857",236125.796517308
"1884","31","24","1284","0","0","0","4901468.96594, 3329468.32857","4881468.96594, 3509468.32857",236125.796517308
"1885","31","25","1285","0","0","0","4901468.96594, 3319468.32857","4881468.96594, 3509468.32857",261628.586931087
"1886","31","26","1286","1","1","0","4901468.96594, 3309468.32857","4881468.96594, 3509468.32857",261628.586931087
"1887","31","27","1287","0","1","0","4901468.96594, 3299468.32857","4881468.96594, 3509468.32857",269036.685242712
"1888","31","28","1288","0","1","0","4901468.96594, 3289468.32857","4881468.96594, 3509468.32857",271505.639208967
"1889","31","29","1289","0","0","0","4901468.96594, 3279468.32857","4881468.96594, 3509468.32857",271505.639208967
"1890","31","30","1290","0","1","0","4901468.96594, 3269468.32857","4881468.96594, 3509468.32857",271505.639208967
"1891","31","31","1291","1","0","0","4901468.96594, 3259468.32857","4881468.96594, 3509468.32857",271505.639208967
"1892","31","32","1292","1","0","0","4901468.96594, 3249468.32857","4881468.96594, 3509468.32857",273546.954462954
"1893","31","33","1293","1","0","0","4901468.96594, 3239468.32857","4881468.96594, 3509468.32857",273546.954462954
"1894","31","34","1294","0","0","0","4901468.96594, 3229468.32857","4881468.96594, 3509468.32857",273546.954462954
"1895","31","35","1295","0","0","0","4901468.96594, 3219468.32857","4881468.96594, 3509468.32857",273546.954462954
"1896","31","36","1296","1","1","0","4901468.96594, 3209468.32857","4881468.96594, 3509468.32857",273546.954462954
"1897","31","37","1297","0","0","0","4901468.96594, 3199468.32857","4881468.96594, 3509468.32857",273546.954462954
"1898","31","38","1298","0","0","0","4901468.96594, 3189468.32857","4881468.96594, 3509468.32857",273546.954462954
"1899","31","39","1299","0","0","0","4901468.96594, 3179468.32857","4881468.96594, 3509468.32857",273546.954462954
"1900","31","40","1300","1","0","0","4901468.96594, 3169468.32857","4881468.96594, 3509468.32857",891729.558404934
"1901","31","41","1301","1","1","0","4901468.96594, 3159468.32857","4881468.96594, 3509468.32857",891729.558404934
"1902","31","42","1302","0","0","0","4901468.96594, 3149468.32857","4881468.96594, 3509468.32857",891729.558404934
"1903","31","43","1303","0","0","0","4901468.96594, 3139468.32857","4881468.96594, 3509468.32857",891729.558404934
"1904","31","44","1304","1","1","0","4901468.96594, 3129468.32857","4881468.96594, 3509468.32857",891729.558404934
"1905","31","45","1305","1","0","0","4901468.96594, 3119468.32857","4881468.96594, 3509468.32857",891729.558404934
"1906","31","46","1306","0","0","0","4901468.96594, 3109468.32857","4881468.96594, 3509468.32857",926900.123055
"1907","31","47","1307","1","1","0","4901468.96594, 3099468.32857","4881468.96594, 3509468.32857",926900.123055
"1908","31","48","1308","1","1","0","4901468.96594, 3089468.32857","4881468.96594, 3509468.32857",926900.123055
"1909","31","49","1309","1","1","0","4901468.96594, 3079468.32857","4881468.96594, 3509468.32857",929236.70243519
"1910","31","50","1310","1","1","0","4901468.96594, 3069468.32857","4881468.96594, 3509468.32857",929236.70243519
"1911","31","51","1311","1","1","0","4901468.96594, 3059468.32857","4881468.96594, 3509468.32857",929236.70243519
"1912","31","52","1312","1","0","0","4901468.96594, 3049468.32857","4881468.96594, 3509468.32857",929236.70243519
"1913","31","53","1313","1","0","0","4901468.96594, 3039468.32857","4881468.96594, 3509468.32857",931233.344776104
"1914","31","54","1314","1","1","0","4901468.96594, 3029468.32857","4881468.96594, 3509468.32857",931233.344776104
"1915","31","55","1315","1","1","0","4901402.69263, 3020895.44931","4881468.96594, 3509468.32857",931233.344776104
"1927","32","5","1316","0","0","0","4911708.55008, 3516719.18282","4881468.96594, 3509468.32857",25740.808654003
"1928","32","6","1317","0","0","0","4911468.96594, 3509468.32857","4881468.96594, 3509468.32857",25740.808654003
"1929","32","7","1318","1","0","0","4911468.96594, 3499468.32857","4881468.96594, 3509468.32857",25246.6338257177
"1930","32","8","1319","1","0","0","4911468.96594, 3489468.32857","4881468.96594, 3509468.32857",29821.9247054826
"1931","32","9","1320","1","1","0","4911468.96594, 3479468.32857","4881468.96594, 3509468.32857",45653.368973332
"1932","32","10","1321","1","1","0","4911468.96594, 3469468.32857","4881468.96594, 3509468.32857",62805.2581562357
"1933","32","11","1322","1","1","0","4911468.96594, 3459468.32857","4881468.96594, 3509468.32857",71976.761772126
"1934","32","12","1323","1","1","0","4911468.96594, 3449468.32857","4881468.96594, 3509468.32857",75364.7688223378
"1935","32","13","1324","1","1","0","4911468.96594, 3439468.32857","4881468.96594, 3509468.32857",89529.0405910591
"1936","32","14","1325","1","1","0","4911468.96594, 3429468.32857","4881468.96594, 3509468.32857",91834.4599403513
"1937","32","15","1326","1","1","0","4911468.96594, 3419468.32857","4881468.96594, 3509468.32857",112876.740762437
"1938","32","16","1327","1","1","0","4911468.96594, 3409468.32857","4881468.96594, 3509468.32857",120956.111778927
"1939","32","17","1328","0","0","0","4911468.96594, 3399468.32857","4881468.96594, 3509468.32857",122998.941716181
"1940","32","18","1329","0","0","0","4911468.96594, 3389468.32857","4881468.96594, 3509468.32857",126454.321256752
"1941","32","19","1330","1","1","0","4911468.96594, 3379468.32857","4881468.96594, 3509468.32857",223397.858500375
"1942","32","20","1331","1","1","0","4911468.96594, 3369468.32857","4881468.96594, 3509468.32857",223397.858500375
"1943","32","21","1332","1","1","0","4911468.96594, 3359468.32857","4881468.96594, 3509468.32857",225807.837653792
"1944","32","22","1333","1","1","1","4911468.96594, 3349468.32857","4881468.96594, 3509468.32857",240124.645083821
"1945","32","23","1334","1","1","1","4911468.96594, 3339468.32857","4881468.96594, 3509468.32857",245019.10216038
"1946","32","24","1335","1","0","0","4911468.96594, 3329468.32857","4881468.96594, 3509468.32857",255086.15488991
"1947","32","25","1336","0","0","0","4911468.96594, 3319468.32857","4881468.96594, 3509468.32857",261628.586931087
"1948","32","26","1337","1","0","0","4911468.96594, 3309468.32857","4881468.96594, 3509468.32857",269036.685242712
"1949","32","27","1338","0","0","0","4911468.96594, 3299468.32857","4881468.96594, 3509468.32857",271505.639208967
"1950","32","28","1339","0","1","0","4911468.96594, 3289468.32857","4881468.96594, 3509468.32857",271505.639208967
"1951","32","29","1340","0","1","0","4911468.96594, 3279468.32857","4881468.96594, 3509468.32857",271505.639208967
"1952","32","30","1341","1","1","0","4911468.96594, 3269468.32857","4881468.96594, 3509468.32857",273546.954462954
"1953","32","31","1342","1","0","0","4911468.96594, 3259468.32857","4881468.96594, 3509468.32857",273546.954462954
"1954","32","32","1343","0","0","0","4911468.96594, 3249468.32857","4881468.96594, 3509468.32857",273546.954462954
"1955","32","33","1344","1","0","0","4911468.96594, 3239468.32857","4881468.96594, 3509468.32857",273546.954462954
"1956","32","34","1345","1","0","0","4911468.96594, 3229468.32857","4881468.96594, 3509468.32857",273546.954462954
"1957","32","35","1346","1","0","0","4911468.96594, 3219468.32857","4881468.96594, 3509468.32857",273546.954462954
"1958","32","36","1347","1","1","0","4911468.96594, 3209468.32857","4881468.96594, 3509468.32857",273546.954462954
"1959","32","37","1348","1","1","0","4911468.96594, 3199468.32857","4881468.96594, 3509468.32857",273546.954462954
"1960","32","38","1349","0","0","0","4911468.96594, 3189468.32857","4881468.96594, 3509468.32857",273546.954462954
"1961","32","39","1350","1","0","0","4911468.96594, 3179468.32857","4881468.96594, 3509468.32857",273546.954462954
"1962","32","40","1351","1","0","0","4911468.96594, 3169468.32857","4881468.96594, 3509468.32857",891729.558404934
"1963","32","41","1352","1","1","0","4911468.96594, 3159468.32857","4881468.96594, 3509468.32857",891729.558404934
"1964","32","42","1353","1","0","0","4911468.96594, 3149468.32857","4881468.96594, 3509468.32857",891729.558404934
"1965","32","43","1354","1","0","0","4911468.96594, 3139468.32857","4881468.96594, 3509468.32857",891729.558404934
"1966","32","44","1355","1","1","0","4911468.96594, 3129468.32857","4881468.96594, 3509468.32857",891729.558404934
"1967","32","45","1356","1","1","0","4911468.96594, 3119468.32857","4881468.96594, 3509468.32857",891729.558404934
"1968","32","46","1357","0","0","0","4911468.96594, 3109468.32857","4881468.96594, 3509468.32857",891729.558404934
"1969","32","47","1358","1","1","0","4911468.96594, 3099468.32857","4881468.96594, 3509468.32857",891729.558404934
"1970","32","48","1359","0","1","0","4911468.96594, 3089468.32857","4881468.96594, 3509468.32857",926900.123055
"1971","32","49","1360","1","1","0","4911468.96594, 3079468.32857","4881468.96594, 3509468.32857",926900.123055
"1972","32","50","1361","1","0","0","4911468.96594, 3069468.32857","4881468.96594, 3509468.32857",929236.70243519
"1973","32","51","1362","1","1","0","4911468.96594, 3059468.32857","4881468.96594, 3509468.32857",929236.70243519
"1974","32","52","1363","0","1","0","4911468.96594, 3049468.32857","4881468.96594, 3509468.32857",929236.70243519
"1975","32","53","1364","0","1","0","4911468.96594, 3039468.32857","4881468.96594, 3509468.32857",929236.70243519
"1976","32","54","1365","1","1","0","4911468.96594, 3029468.32857","4881468.96594, 3509468.32857",931233.344776104
"1977","32","55","1366","1","1","0","4911396.96667, 3021179.28089","4881468.96594, 3509468.32857",931233.344776104
"1989","33","5","1367","0","0","0","4921655.05057, 3517358.44026","4881468.96594, 3509468.32857",25740.808654003
"1990","33","6","1368","0","0","0","4921468.96594, 3509468.32857","4881468.96594, 3509468.32857",25740.808654003
"1991","33","7","1369","0","0","0","4921468.96594, 3499468.32857","4881468.96594, 3509468.32857",27546.7674539531
"1992","33","8","1370","1","0","0","4921468.96594, 3489468.32857","4881468.96594, 3509468.32857",29821.9247054826
"1993","33","9","1371","1","1","0","4921468.96594, 3479468.32857","4881468.96594, 3509468.32857",33904.2902828487
"1994","33","10","1372","1","1","0","4921468.96594, 3469468.32857","4881468.96594, 3509468.32857",62805.2581562357
"1995","33","11","1373","0","1","0","4921468.96594, 3459468.32857","4881468.96594, 3509468.32857",71976.761772126
"1996","33","12","1374","0","1","0","4921468.96594, 3449468.32857","4881468.96594, 3509468.32857",73730.0244263667
"1997","33","13","1375","0","1","0","4921468.96594, 3439468.32857","4881468.96594, 3509468.32857",89529.0405910591
"1998","33","14","1376","0","0","0","4921468.96594, 3429468.32857","4881468.96594, 3509468.32857",89529.0405910591
"1999","33","15","1377","1","0","0","4921468.96594, 3419468.32857","4881468.96594, 3509468.32857",112876.740762437
"2000","33","16","1378","0","1","0","4921468.96594, 3409468.32857","4881468.96594, 3509468.32857",119259.39927097
"2001","33","17","1379","0","1","0","4921468.96594, 3399468.32857","4881468.96594, 3509468.32857",120956.111778927
"2002","33","18","1380","0","1","0","4921468.96594, 3389468.32857","4881468.96594, 3509468.32857",126454.321256752
"2003","33","19","1381","1","1","0","4921468.96594, 3379468.32857","4881468.96594, 3509468.32857",223397.858500375
"2004","33","20","1382","0","0","0","4921468.96594, 3369468.32857","4881468.96594, 3509468.32857",225807.837653792
"2005","33","21","1383","0","0","0","4921468.96594, 3359468.32857","4881468.96594, 3509468.32857",240124.645083821
"2006","33","22","1384","1","1","0","4921468.96594, 3349468.32857","4881468.96594, 3509468.32857",249236.198897505
"2007","33","23","1385","0","1","1","4921468.96594, 3339468.32857","4881468.96594, 3509468.32857",252989.720877494
"2008","33","24","1386","1","1","1","4921468.96594, 3329468.32857","4881468.96594, 3509468.32857",261628.586931087
"2009","33","25","1387","1","1","0","4921468.96594, 3319468.32857","4881468.96594, 3509468.32857",269036.685242712
"2010","33","26","1388","1","0","0","4921468.96594, 3309468.32857","4881468.96594, 3509468.32857",271505.639208967
"2011","33","27","1389","0","0","0","4921468.96594, 3299468.32857","4881468.96594, 3509468.32857",273546.954462954
"2012","33","28","1390","0","0","0","4921468.96594, 3289468.32857","4881468.96594, 3509468.32857",273546.954462954
"2013","33","29","1391","1","1","0","4921468.96594, 3279468.32857","4881468.96594, 3509468.32857",273546.954462954
"2014","33","30","1392","1","1","0","4921468.96594, 3269468.32857","4881468.96594, 3509468.32857",273546.954462954
"2015","33","31","1393","1","1","0","4921468.96594, 3259468.32857","4881468.96594, 3509468.32857",273546.954462954
"2016","33","32","1394","1","0","0","4921468.96594, 3249468.32857","4881468.96594, 3509468.32857",273546.954462954
"2017","33","33","1395","1","0","0","4921468.96594, 3239468.32857","4881468.96594, 3509468.32857",273546.954462954
"2018","33","34","1396","0","0","0","4921468.96594, 3229468.32857","4881468.96594, 3509468.32857",273546.954462954
"2019","33","35","1397","0","0","0","4921468.96594, 3219468.32857","4881468.96594, 3509468.32857",273546.954462954
"2020","33","36","1398","1","0","0","4921468.96594, 3209468.32857","4881468.96594, 3509468.32857",276266.978206297
"2021","33","37","1399","1","1","0","4921468.96594, 3199468.32857","4881468.96594, 3509468.32857",276266.978206297
"2022","33","38","1400","1","0","0","4921468.96594, 3189468.32857","4881468.96594, 3509468.32857",328117.60895786
"2023","33","39","1401","1","0","0","4921468.96594, 3179468.32857","4881468.96594, 3509468.32857",328117.60895786
"2024","33","40","1402","1","0","0","4921468.96594, 3169468.32857","4881468.96594, 3509468.32857",889921.670650811
"2025","33","41","1403","1","1","0","4921468.96594, 3159468.32857","4881468.96594, 3509468.32857",889921.670650811
"2026","33","42","1404","1","1","0","4921468.96594, 3149468.32857","4881468.96594, 3509468.32857",891729.558404934
"2027","33","43","1405","1","1","0","4921468.96594, 3139468.32857","4881468.96594, 3509468.32857",891729.558404934
"2028","33","44","1406","0","0","0","4921468.96594, 3129468.32857","4881468.96594, 3509468.32857",891729.558404934
"2029","33","45","1407","1","1","0","4921468.96594, 3119468.32857","4881468.96594, 3509468.32857",891729.558404934
"2030","33","46","1408","1","1","0","4921468.96594, 3109468.32857","4881468.96594, 3509468.32857",891729.558404934
"2031","33","47","1409","1","1","0","4921468.96594, 3099468.32857","4881468.96594, 3509468.32857",891729.558404934
"2032","33","48","1410","0","1","0","4921468.96594, 3089468.32857","4881468.96594, 3509468.32857",891729.558404934
"2033","33","49","1411","1","1","0","4921468.96594, 3079468.32857","4881468.96594, 3509468.32857",926900.123055
"2034","33","50","1412","1","1","0","4921468.96594, 3069468.32857","4881468.96594, 3509468.32857",926900.123055
"2035","33","51","1413","1","1","0","4921468.96594, 3059468.32857","4881468.96594, 3509468.32857",929236.70243519
"2036","33","52","1414","0","1","0","4921468.96594, 3049468.32857","4881468.96594, 3509468.32857",929236.70243519
"2037","33","53","1415","0","1","0","4921468.96594, 3039468.32857","4881468.96594, 3509468.32857",929236.70243519
"2038","33","54","1416","0","1","0","4921468.96594, 3029468.32857","4881468.96594, 3509468.32857",931233.344776104
"2039","33","55","1417","1","1","0","4921390.15771, 3021463.08171","4881468.96594, 3509468.32857",931233.344776104
"2051","34","5","1418","0","0","0","4931621.08267, 3517998.95298","4881468.96594, 3509468.32857",25740.808654003
"2052","34","6","1419","0","0","0","4931468.96594, 3509468.32857","4881468.96594, 3509468.32857",25740.808654003
"2053","34","7","1420","0","0","0","4931468.96594, 3499468.32857","4881468.96594, 3509468.32857",27546.7674539531
"2054","34","8","1421","1","1","0","4931468.96594, 3489468.32857","4881468.96594, 3509468.32857",27546.7674539531
"2055","34","9","1422","0","1","0","4931468.96594, 3479468.32857","4881468.96594, 3509468.32857",29821.9247054826
"2056","34","10","1423","0","0","0","4931468.96594, 3469468.32857","4881468.96594, 3509468.32857",62805.2581562357
"2057","34","11","1424","0","0","0","4931468.96594, 3459468.32857","4881468.96594, 3509468.32857",71976.761772126
"2058","34","12","1425","0","0","0","4931468.96594, 3449468.32857","4881468.96594, 3509468.32857",71976.761772126
"2059","34","13","1426","0","1","0","4931468.96594, 3439468.32857","4881468.96594, 3509468.32857",89529.0405910591
"2060","34","14","1427","1","0","0","4931468.96594, 3429468.32857","4881468.96594, 3509468.32857",89529.0405910591
"2061","34","15","1428","1","0","0","4931468.96594, 3419468.32857","4881468.96594, 3509468.32857",112876.740762437
"2062","34","16","1429","0","1","0","4931468.96594, 3409468.32857","4881468.96594, 3509468.32857",116628.428940714
"2063","34","17","1430","0","1","0","4931468.96594, 3399468.32857","4881468.96594, 3509468.32857",120956.111778927
"2064","34","18","1431","1","0","0","4931468.96594, 3389468.32857","4881468.96594, 3509468.32857",122998.941716181
"2065","34","19","1432","1","0","0","4931468.96594, 3379468.32857","4881468.96594, 3509468.32857",225807.837653792
"2066","34","20","1433","0","0","0","4931468.96594, 3369468.32857","4881468.96594, 3509468.32857",242559.780999801
"2067","34","21","1434","0","0","0","4931468.96594, 3359468.32857","4881468.96594, 3509468.32857",249236.198897505
"2068","34","22","1435","1","1","0","4931468.96594, 3349468.32857","4881468.96594, 3509468.32857",249236.198897505
"2069","34","23","1436","1","1","0","4931468.96594, 3339468.32857","4881468.96594, 3509468.32857",259749.109825265
"2070","34","24","1437","1","0","1","4931468.96594, 3329468.32857","4881468.96594, 3509468.32857",266727.902748103
"2071","34","25","1438","1","1","1","4931468.96594, 3319468.32857","4881468.96594, 3509468.32857",273546.954462954
"2072","34","26","1439","1","1","0","4931468.96594, 3309468.32857","4881468.96594, 3509468.32857",273546.954462954
"2073","34","27","1440","0","1","0","4931468.96594, 3299468.32857","4881468.96594, 3509468.32857",273546.954462954
"2074","34","28","1441","0","0","0","4931468.96594, 3289468.32857","4881468.96594, 3509468.32857",276266.978206297
"2075","34","29","1442","1","0","0","4931468.96594, 3279468.32857","4881468.96594, 3509468.32857",276266.978206297
"2076","34","30","1443","0","1","0","4931468.96594, 3269468.32857","4881468.96594, 3509468.32857",276266.978206297
"2077","34","31","1444","0","1","0","4931468.96594, 3259468.32857","4881468.96594, 3509468.32857",287877.097775064
"2078","34","32","1445","1","1","0","4931468.96594, 3249468.32857","4881468.96594, 3509468.32857",287877.097775064
"2079","34","33","1446","1","1","0","4931468.96594, 3239468.32857","4881468.96594, 3509468.32857",287877.097775064
"2080","34","34","1447","0","1","0","4931468.96594, 3229468.32857","4881468.96594, 3509468.32857",287877.097775064
"2081","34","35","1448","0","0","0","4931468.96594, 3219468.32857","4881468.96594, 3509468.32857",328117.60895786
"2082","34","36","1449","0","0","0","4931468.96594, 3209468.32857","4881468.96594, 3509468.32857",328117.60895786
"2083","34","37","1450","1","1","0","4931468.96594, 3199468.32857","4881468.96594, 3509468.32857",328117.60895786
"2084","34","38","1451","0","0","0","4931468.96594, 3189468.32857","4881468.96594, 3509468.32857",328117.60895786
"2085","34","39","1452","0","0","0","4931468.96594, 3179468.32857","4881468.96594, 3509468.32857",328117.60895786
"2086","34","40","1453","1","0","0","4931468.96594, 3169468.32857","4881468.96594, 3509468.32857",889921.670650811
"2087","34","41","1454","1","0","0","4931468.96594, 3159468.32857","4881468.96594, 3509468.32857",889921.670650811
"2088","34","42","1455","1","0","0","4931468.96594, 3149468.32857","4881468.96594, 3509468.32857",889921.670650811
"2089","34","43","1456","1","1","0","4931468.96594, 3139468.32857","4881468.96594, 3509468.32857",889921.670650811
"2090","34","44","1457","1","1","0","4931468.96594, 3129468.32857","4881468.96594, 3509468.32857",891729.558404934
"2091","34","45","1458","0","1","0","4931468.96594, 3119468.32857","4881468.96594, 3509468.32857",891729.558404934
"2092","34","46","1459","1","1","0","4931468.96594, 3109468.32857","4881468.96594, 3509468.32857",891729.558404934
"2093","34","47","1460","1","1","0","4931468.96594, 3099468.32857","4881468.96594, 3509468.32857",891729.558404934
"2094","34","48","1461","1","1","0","4931468.96594, 3089468.32857","4881468.96594, 3509468.32857",891729.558404934
"2095","34","49","1462","0","1","0","4931468.96594, 3079468.32857","4881468.96594, 3509468.32857",891729.558404934
"2096","34","50","1463","1","1","0","4931468.96594, 3069468.32857","4881468.96594, 3509468.32857",926900.123055
"2097","34","51","1464","1","1","0","4931468.96594, 3059468.32857","4881468.96594, 3509468.32857",926900.123055
"2098","34","52","1465","1","1","0","4931468.96594, 3049468.32857","4881468.96594, 3509468.32857",926900.123055
"2099","34","53","1466","1","1","0","4931468.96594, 3039468.32857","4881468.96594, 3509468.32857",929236.70243519
"2100","34","54","1467","1","1","0","4931468.96594, 3029468.32857","4881468.96594, 3509468.32857",929236.70243519
"2101","34","55","1468","1","1","0","4932153.5211, 3020353.57588","4881468.96594, 3509468.32857",931233.344776104
"2102","34","56","1469","0","1","0","4935349.21401, 3012788.93623","4881468.96594, 3509468.32857",933112.258253355
"2113","35","5","1470","0","0","0","4941597.60152, 3518640.13968","4881468.96594, 3509468.32857",25740.808654003
"2114","35","6","1471","0","0","0","4941468.96594, 3509468.32857","4881468.96594, 3509468.32857",25740.808654003
"2115","35","7","1472","1","0","0","4941468.96594, 3499468.32857","4881468.96594, 3509468.32857",27546.7674539531
"2116","35","8","1473","1","1","0","4941468.96594, 3489468.32857","4881468.96594, 3509468.32857",27546.7674539531
"2117","35","9","1474","1","0","0","4941468.96594, 3479468.32857","4881468.96594, 3509468.32857",29821.9247054826
"2118","35","10","1475","0","0","0","4941468.96594, 3469468.32857","4881468.96594, 3509468.32857",62805.2581562357
"2119","35","11","1476","0","0","0","4941468.96594, 3459468.32857","4881468.96594, 3509468.32857",71976.761772126
"2120","35","12","1477","0","0","0","4941468.96594, 3449468.32857","4881468.96594, 3509468.32857",71976.761772126
"2121","35","13","1478","0","1","0","4941468.96594, 3439468.32857","4881468.96594, 3509468.32857",89529.0405910591
"2122","35","14","1479","1","1","0","4941468.96594, 3429468.32857","4881468.96594, 3509468.32857",89529.0405910591
"2123","35","15","1480","0","1","0","4941468.96594, 3419468.32857","4881468.96594, 3509468.32857",112876.740762437
"2124","35","16","1481","0","1","0","4941468.96594, 3409468.32857","4881468.96594, 3509468.32857",116628.428940714
"2125","35","17","1482","0","1","0","4941468.96594, 3399468.32857","4881468.96594, 3509468.32857",120956.111778927
"2126","35","18","1483","1","1","0","4941468.96594, 3389468.32857","4881468.96594, 3509468.32857",120956.111778927
"2127","35","19","1484","0","0","0","4941468.96594, 3379468.32857","4881468.96594, 3509468.32857",242559.780999801
"2128","35","20","1485","0","0","0","4941468.96594, 3369468.32857","4881468.96594, 3509468.32857",249236.198897505
"2129","35","21","1486","0","0","0","4941468.96594, 3359468.32857","4881468.96594, 3509468.32857",249236.198897505
"2130","35","22","1487","1","1","0","4941468.96594, 3349468.32857","4881468.96594, 3509468.32857",249236.198897505
"2131","35","23","1488","1","1","0","4941468.96594, 3339468.32857","4881468.96594, 3509468.32857",280514.668638443
"2132","35","24","1489","0","0","0","4941468.96594, 3329468.32857","4881468.96594, 3509468.32857",280514.668638443
"2133","35","25","1490","1","0","1","4941468.96594, 3319468.32857","4881468.96594, 3509468.32857",283226.123780405
"2134","35","26","1491","1","0","0","4941468.96594, 3309468.32857","4881468.96594, 3509468.32857",287877.097775064
"2135","35","27","1492","1","1","0","4941468.96594, 3299468.32857","4881468.96594, 3509468.32857",287877.097775064
"2136","35","28","1493","1","1","0","4941468.96594, 3289468.32857","4881468.96594, 3509468.32857",287877.097775064
"2137","35","29","1494","1","1","0","4941468.96594, 3279468.32857","4881468.96594, 3509468.32857",287877.097775064
"2138","35","30","1495","1","1","0","4941468.96594, 3269468.32857","4881468.96594, 3509468.32857",287877.097775064
"2139","35","31","1496","0","0","0","4941468.96594, 3259468.32857","4881468.96594, 3509468.32857",287877.097775064
"2140","35","32","1497","1","0","0","4941468.96594, 3249468.32857","4881468.96594, 3509468.32857",308720.794289678
"2141","35","33","1498","1","0","0","4941468.96594, 3239468.32857","4881468.96594, 3509468.32857",328117.60895786
"2142","35","34","1499","1","0","0","4941468.96594, 3229468.32857","4881468.96594, 3509468.32857",328117.60895786
"2143","35","35","1500","0","0","0","4941468.96594, 3219468.32857","4881468.96594, 3509468.32857",328117.60895786
"2144","35","36","1501","0","1","0","4941468.96594, 3209468.32857","4881468.96594, 3509468.32857",328117.60895786
"2145","35","37","1502","1","1","0","4941468.96594, 3199468.32857","4881468.96594, 3509468.32857",328117.60895786
"2146","35","38","1503","0","1","0","4941468.96594, 3189468.32857","4881468.96594, 3509468.32857",328117.60895786
"2147","35","39","1504","0","1","0","4941468.96594, 3179468.32857","4881468.96594, 3509468.32857",350150.463091695
"2148","35","40","1505","1","1","0","4941468.96594, 3169468.32857","4881468.96594, 3509468.32857",889921.670650811
"2149","35","41","1506","0","1","0","4941468.96594, 3159468.32857","4881468.96594, 3509468.32857",889921.670650811
"2150","35","42","1507","1","1","0","4941468.96594, 3149468.32857","4881468.96594, 3509468.32857",889921.670650811
"2151","35","43","1508","0","1","0","4941468.96594, 3139468.32857","4881468.96594, 3509468.32857",889921.670650811
"2152","35","44","1509","1","0","0","4941468.96594, 3129468.32857","4881468.96594, 3509468.32857",889921.670650811
"2153","35","45","1510","0","1","0","4941468.96594, 3119468.32857","4881468.96594, 3509468.32857",889921.670650811
"2154","35","46","1511","1","1","0","4941468.96594, 3109468.32857","4881468.96594, 3509468.32857",889921.670650811
"2155","35","47","1512","1","1","0","4941468.96594, 3099468.32857","4881468.96594, 3509468.32857",891729.558404934
"2156","35","48","1513","1","1","0","4941468.96594, 3089468.32857","4881468.96594, 3509468.32857",891729.558404934
"2157","35","49","1514","1","1","0","4941468.96594, 3079468.32857","4881468.96594, 3509468.32857",891729.558404934
"2158","35","50","1515","1","0","0","4941468.96594, 3069468.32857","4881468.96594, 3509468.32857",891729.558404934
"2159","35","51","1516","1","1","0","4941468.96594, 3059468.32857","4881468.96594, 3509468.32857",891729.558404934
"2160","35","52","1517","1","1","0","4941468.96594, 3049468.32857","4881468.96594, 3509468.32857",926900.123055
"2161","35","53","1518","1","1","0","4941468.96594, 3039468.32857","4881468.96594, 3509468.32857",926900.123055
"2162","35","54","1519","1","1","0","4941468.96594, 3029468.32857","4881468.96594, 3509468.32857",929236.70243519
"2163","35","55","1520","1","1","0","4941468.96594, 3019468.32857","4881468.96594, 3509468.32857",931233.344776104
"2164","35","56","1521","0","1","0","4941817.4402, 3009767.52031","4881468.96594, 3509468.32857",933112.258253355
"2165","35","57","1522","1","1","0","4944238.38589, 3001123.05693","4881468.96594, 3509468.32857",943256.409395642
"2166","35","58","1523","0","0","0","4946460.94853, 2994456.30413","4881468.96594, 3509468.32857",951369.065410668
"2175","36","5","1524","1","0","0","4951508.99166, 3519158.11876","4881468.96594, 3509468.32857",25740.808654003
"2176","36","6","1525","1","0","0","4951468.96594, 3509468.32857","4881468.96594, 3509468.32857",25740.808654003
"2177","36","7","1526","1","1","0","4951468.96594, 3499468.32857","4881468.96594, 3509468.32857",27546.7674539531
"2178","36","8","1527","0","1","0","4951468.96594, 3489468.32857","4881468.96594, 3509468.32857",27546.7674539531
"2179","36","9","1528","1","1","0","4951468.96594, 3479468.32857","4881468.96594, 3509468.32857",29821.9247054826
"2180","36","10","1529","1","1","0","4951468.96594, 3469468.32857","4881468.96594, 3509468.32857",71976.761772126
"2181","36","11","1530","0","0","0","4951468.96594, 3459468.32857","4881468.96594, 3509468.32857",71976.761772126
"2182","36","12","1531","0","0","0","4951468.96594, 3449468.32857","4881468.96594, 3509468.32857",71976.761772126
"2183","36","13","1532","0","0","0","4951468.96594, 3439468.32857","4881468.96594, 3509468.32857",89529.0405910591
"2184","36","14","1533","1","1","0","4951468.96594, 3429468.32857","4881468.96594, 3509468.32857",89529.0405910591
"2185","36","15","1534","0","1","0","4951468.96594, 3419468.32857","4881468.96594, 3509468.32857",112876.740762437
"2186","36","16","1535","1","0","0","4951468.96594, 3409468.32857","4881468.96594, 3509468.32857",116628.428940714
"2187","36","17","1536","1","0","0","4951468.96594, 3399468.32857","4881468.96594, 3509468.32857",120956.111778927
"2188","36","18","1537","1","1","0","4951468.96594, 3389468.32857","4881468.96594, 3509468.32857",120956.111778927
"2189","36","19","1538","0","1","0","4951468.96594, 3379468.32857","4881468.96594, 3509468.32857",249236.198897505
"2190","36","20","1539","0","1","0","4951468.96594, 3369468.32857","4881468.96594, 3509468.32857",249236.198897505
"2191","36","21","1540","0","1","0","4951468.96594, 3359468.32857","4881468.96594, 3509468.32857",249236.198897505
"2192","36","22","1541","1","1","0","4951468.96594, 3349468.32857","4881468.96594, 3509468.32857",294023.199114912
"2193","36","23","1542","0","0","0","4951468.96594, 3339468.32857","4881468.96594, 3509468.32857",294023.199114912
"2194","36","24","1543","0","0","0","4951468.96594, 3329468.32857","4881468.96594, 3509468.32857",294023.199114912
"2195","36","25","1544","1","0","1","4951468.96594, 3319468.32857","4881468.96594, 3509468.32857",291970.22885255
"2196","36","26","1545","0","0","0","4951468.96594, 3309468.32857","4881468.96594, 3509468.32857",291970.22885255
"2197","36","27","1546","1","0","0","4951468.96594, 3299468.32857","4881468.96594, 3509468.32857",300445.408646998
"2198","36","28","1547","1","0","0","4951468.96594, 3289468.32857","4881468.96594, 3509468.32857",304698.989980204
"2199","36","29","1548","1","1","0","4951468.96594, 3279468.32857","4881468.96594, 3509468.32857",308720.794289678
"2200","36","30","1549","1","1","0","4951468.96594, 3269468.32857","4881468.96594, 3509468.32857",308720.794289678
"2201","36","31","1550","1","1","0","4951468.96594, 3259468.32857","4881468.96594, 3509468.32857",328117.60895786
"2202","36","32","1551","1","1","0","4951468.96594, 3249468.32857","4881468.96594, 3509468.32857",328117.60895786
"2203","36","33","1552","1","1","0","4951468.96594, 3239468.32857","4881468.96594, 3509468.32857",328117.60895786
"2204","36","34","1553","1","0","0","4951468.96594, 3229468.32857","4881468.96594, 3509468.32857",328117.60895786
"2205","36","35","1554","0","0","0","4951468.96594, 3219468.32857","4881468.96594, 3509468.32857",328117.60895786
"2206","36","36","1555","0","1","0","4951468.96594, 3209468.32857","4881468.96594, 3509468.32857",328117.60895786
"2207","36","37","1556","1","0","0","4951468.96594, 3199468.32857","4881468.96594, 3509468.32857",350150.463091695
"2208","36","38","1557","0","0","0","4951468.96594, 3189468.32857","4881468.96594, 3509468.32857",350150.463091695
"2209","36","39","1558","1","0","0","4951468.96594, 3179468.32857","4881468.96594, 3509468.32857",350150.463091695
"2210","36","40","1559","1","0","0","4951468.96594, 3169468.32857","4881468.96594, 3509468.32857",886568.785496447
"2211","36","41","1560","0","1","0","4951468.96594, 3159468.32857","4881468.96594, 3509468.32857",886568.785496447
"2212","36","42","1561","1","1","0","4951468.96594, 3149468.32857","4881468.96594, 3509468.32857",886568.785496447
"2213","36","43","1562","0","1","0","4951468.96594, 3139468.32857","4881468.96594, 3509468.32857",886568.785496447
"2214","36","44","1563","1","1","0","4951468.96594, 3129468.32857","4881468.96594, 3509468.32857",889921.670650811
"2215","36","45","1564","1","1","0","4951468.96594, 3119468.32857","4881468.96594, 3509468.32857",889921.670650811
"2216","36","46","1565","1","1","0","4951468.96594, 3109468.32857","4881468.96594, 3509468.32857",889921.670650811
"2217","36","47","1566","0","1","0","4951468.96594, 3099468.32857","4881468.96594, 3509468.32857",889921.670650811
"2218","36","48","1567","0","1","0","4951468.96594, 3089468.32857","4881468.96594, 3509468.32857",889921.670650811
"2219","36","49","1568","1","1","0","4951468.96594, 3079468.32857","4881468.96594, 3509468.32857",891729.558404934
"2220","36","50","1569","1","1","0","4951468.96594, 3069468.32857","4881468.96594, 3509468.32857",891729.558404934
"2221","36","51","1570","1","1","0","4951468.96594, 3059468.32857","4881468.96594, 3509468.32857",891729.558404934
"2222","36","52","1571","1","1","0","4951468.96594, 3049468.32857","4881468.96594, 3509468.32857",891729.558404934
"2223","36","53","1572","1","1","0","4951468.96594, 3039468.32857","4881468.96594, 3509468.32857",922804.362611609
"2224","36","54","1573","0","1","0","4951468.96594, 3029468.32857","4881468.96594, 3509468.32857",922804.362611609
"2225","36","55","1574","1","1","1","4951468.96594, 3019468.32857","4881468.96594, 3509468.32857",926900.123055
"2226","36","56","1575","1","1","1","4951468.96594, 3009468.32857","4881468.96594, 3509468.32857",937513.789982265
"2227","36","57","1576","1","1","1","4951468.96594, 2999468.32857","4881468.96594, 3509468.32857",947627.449820149
"2228","36","58","1577","0","1","1","4952847.00547, 2990298.81373","4881468.96594, 3509468.32857",955593.060605983
"2229","36","59","1578","0","0","0","4955350.14913, 2982790.33871","4881468.96594, 3509468.32857",962519.636400292
"2237","37","5","1579","1","1","0","4961471.928, 3519220.51526","4881468.96594, 3509468.32857",25740.808654003
"2238","37","6","1580","1","1","0","4961468.96594, 3509468.32857","4881468.96594, 3509468.32857",25246.6338257177
"2239","37","7","1581","0","1","0","4961468.96594, 3499468.32857","4881468.96594, 3509468.32857",27546.7674539531
"2240","37","8","1582","0","0","0","4961468.96594, 3489468.32857","4881468.96594, 3509468.32857",27546.7674539531
"2241","37","9","1583","0","0","0","4961468.96594, 3479468.32857","4881468.96594, 3509468.32857",29821.9247054826
"2242","37","10","1584","1","1","0","4961468.96594, 3469468.32857","4881468.96594, 3509468.32857",71976.761772126
"2243","37","11","1585","1","0","0","4961468.96594, 3459468.32857","4881468.96594, 3509468.32857",71976.761772126
"2244","37","12","1586","1","0","0","4961468.96594, 3449468.32857","4881468.96594, 3509468.32857",71976.761772126
"2245","37","13","1587","1","1","0","4961468.96594, 3439468.32857","4881468.96594, 3509468.32857",89529.0405910591
"2246","37","14","1588","1","1","0","4961468.96594, 3429468.32857","4881468.96594, 3509468.32857",89529.0405910591
"2247","37","15","1589","1","1","0","4961468.96594, 3419468.32857","4881468.96594, 3509468.32857",89529.0405910591
"2248","37","16","1590","1","1","0","4961468.96594, 3409468.32857","4881468.96594, 3509468.32857",116628.428940714
"2249","37","17","1591","0","0","0","4961468.96594, 3399468.32857","4881468.96594, 3509468.32857",120956.111778927
"2250","37","18","1592","0","0","0","4961468.96594, 3389468.32857","4881468.96594, 3509468.32857",249236.198897505
"2251","37","19","1593","0","0","0","4961468.96594, 3379468.32857","4881468.96594, 3509468.32857",249236.198897505
"2252","37","20","1594","0","0","0","4961468.96594, 3369468.32857","4881468.96594, 3509468.32857",295939.51809915
"2253","37","21","1595","0","1","0","4961468.96594, 3359468.32857","4881468.96594, 3509468.32857",295939.51809915
"2254","37","22","1596","1","1","0","4961468.96594, 3349468.32857","4881468.96594, 3509468.32857",295939.51809915
"2255","37","23","1597","0","0","0","4961468.96594, 3339468.32857","4881468.96594, 3509468.32857",295939.51809915
"2256","37","24","1598","0","0","0","4961468.96594, 3329468.32857","4881468.96594, 3509468.32857",298329.20507104
"2257","37","25","1599","1","0","1","4961468.96594, 3319468.32857","4881468.96594, 3509468.32857",303017.610303478
"2258","37","26","1600","0","0","0","4961468.96594, 3309468.32857","4881468.96594, 3509468.32857",306717.553620008
"2259","37","27","1601","1","1","0","4961468.96594, 3299468.32857","4881468.96594, 3509468.32857",308720.794289678
"2260","37","28","1602","1","1","0","4961468.96594, 3289468.32857","4881468.96594, 3509468.32857",308720.794289678
"2261","37","29","1603","1","1","0","4961468.96594, 3279468.32857","4881468.96594, 3509468.32857",328117.60895786
"2262","37","30","1604","1","1","0","4961468.96594, 3269468.32857","4881468.96594, 3509468.32857",328117.60895786
"2263","37","31","1605","0","0","0","4961468.96594, 3259468.32857","4881468.96594, 3509468.32857",328117.60895786
"2264","37","32","1606","1","0","0","4961468.96594, 3249468.32857","4881468.96594, 3509468.32857",328117.60895786
"2265","37","33","1607","1","1","0","4961468.96594, 3239468.32857","4881468.96594, 3509468.32857",328117.60895786
"2266","37","34","1608","1","0","0","4961468.96594, 3229468.32857","4881468.96594, 3509468.32857",350150.463091695
"2267","37","35","1609","1","1","0","4961468.96594, 3219468.32857","4881468.96594, 3509468.32857",350150.463091695
"2268","37","36","1610","1","1","0","4961468.96594, 3209468.32857","4881468.96594, 3509468.32857",350150.463091695
"2269","37","37","1611","1","0","0","4961468.96594, 3199468.32857","4881468.96594, 3509468.32857",350150.463091695
"2270","37","38","1612","0","0","0","4961468.96594, 3189468.32857","4881468.96594, 3509468.32857",350150.463091695
"2271","37","39","1613","1","0","0","4961468.96594, 3179468.32857","4881468.96594, 3509468.32857",350150.463091695
"2272","37","40","1614","0","1","0","4961468.96594, 3169468.32857","4881468.96594, 3509468.32857",886568.785496447
"2273","37","41","1615","0","0","0","4961468.96594, 3159468.32857","4881468.96594, 3509468.32857",886568.785496447
"2274","37","42","1616","1","1","0","4961468.96594, 3149468.32857","4881468.96594, 3509468.32857",886568.785496447
"2275","37","43","1617","0","1","0","4961468.96594, 3139468.32857","4881468.96594, 3509468.32857",886568.785496447
"2276","37","44","1618","1","1","0","4961468.96594, 3129468.32857","4881468.96594, 3509468.32857",886568.785496447
"2277","37","45","1619","1","1","0","4961468.96594, 3119468.32857","4881468.96594, 3509468.32857",886568.785496447
"2278","37","46","1620","1","1","0","4961468.96594, 3109468.32857","4881468.96594, 3509468.32857",886568.785496447
"2279","37","47","1621","1","0","0","4961468.96594, 3099468.32857","4881468.96594, 3509468.32857",888272.953328521
"2280","37","48","1622","1","0","0","4961468.96594, 3089468.32857","4881468.96594, 3509468.32857",889921.670650811
"2281","37","49","1623","1","1","0","4961468.96594, 3079468.32857","4881468.96594, 3509468.32857",889921.670650811
"2282","37","50","1624","1","1","0","4961468.96594, 3069468.32857","4881468.96594, 3509468.32857",889921.670650811
"2283","37","51","1625","1","1","0","4961468.96594, 3059468.32857","4881468.96594, 3509468.32857",891729.558404934
"2284","37","52","1626","1","1","0","4961468.96594, 3049468.32857","4881468.96594, 3509468.32857",891729.558404934
"2285","37","53","1627","1","1","0","4961468.96594, 3039468.32857","4881468.96594, 3509468.32857",893560.259775151
"2286","37","54","1628","1","1","0","4961468.96594, 3029468.32857","4881468.96594, 3509468.32857",909409.571165761
"2287","37","55","1629","1","1","1","4961468.96594, 3019468.32857","4881468.96594, 3509468.32857",915120.212688873
"2288","37","56","1630","1","1","0","4961468.96594, 3009468.32857","4881468.96594, 3509468.32857",915120.212688873
"2289","37","57","1631","1","0","0","4961468.96594, 2999468.32857","4881468.96594, 3509468.32857",949335.312600666
"2290","37","58","1632","0","1","1","4961468.96594, 2989468.32857","4881468.96594, 3509468.32857",962519.636400292
"2291","37","59","1633","0","0","1","4961836.17913, 2979836.16489","4881468.96594, 3509468.32857",970488.977354554
"2292","37","60","1634","0","0","0","4965147.31016, 2974108.02086","4881468.96594, 3509468.32857",972231.635485732
"2299","38","5","1635","1","1","0","4971471.91751, 3519237.40669","4881468.96594, 3509468.32857",25740.808654003
"2300","38","6","1636","0","1","0","4971468.96594, 3509468.32857","4881468.96594, 3509468.32857",25246.6338257177
"2301","38","7","1637","0","0","0","4971468.96594, 3499468.32857","4881468.96594, 3509468.32857",27546.7674539531
"2302","38","8","1638","0","0","0","4971468.96594, 3489468.32857","4881468.96594, 3509468.32857",27546.7674539531
"2303","38","9","1639","0","0","0","4971468.96594, 3479468.32857","4881468.96594, 3509468.32857",29821.9247054826
"2304","38","10","1640","0","1","0","4971468.96594, 3469468.32857","4881468.96594, 3509468.32857",71976.761772126
"2305","38","11","1641","0","0","0","4971468.96594, 3459468.32857","4881468.96594, 3509468.32857",71976.761772126
"2306","38","12","1642","1","0","0","4971468.96594, 3449468.32857","4881468.96594, 3509468.32857",71976.761772126
"2307","38","13","1643","1","1","0","4971468.96594, 3439468.32857","4881468.96594, 3509468.32857",89529.0405910591
"2308","38","14","1644","1","0","0","4971468.96594, 3429468.32857","4881468.96594, 3509468.32857",89529.0405910591
"2309","38","15","1645","0","0","0","4971468.96594, 3419468.32857","4881468.96594, 3509468.32857",89529.0405910591
"2310","38","16","1646","0","1","0","4971468.96594, 3409468.32857","4881468.96594, 3509468.32857",116628.428940714
"2311","38","17","1647","0","1","0","4971468.96594, 3399468.32857","4881468.96594, 3509468.32857",120956.111778927
"2312","38","18","1648","0","1","0","4971468.96594, 3389468.32857","4881468.96594, 3509468.32857",295939.51809915
"2313","38","19","1649","0","0","0","4971468.96594, 3379468.32857","4881468.96594, 3509468.32857",295939.51809915
"2314","38","20","1650","0","0","0","4971468.96594, 3369468.32857","4881468.96594, 3509468.32857",295939.51809915
"2315","38","21","1651","0","0","0","4971468.96594, 3359468.32857","4881468.96594, 3509468.32857",298329.20507104
"2316","38","22","1652","1","1","0","4971468.96594, 3349468.32857","4881468.96594, 3509468.32857",298329.20507104
"2317","38","23","1653","0","1","0","4971468.96594, 3339468.32857","4881468.96594, 3509468.32857",303017.610303478
"2318","38","24","1654","0","1","0","4971468.96594, 3329468.32857","4881468.96594, 3509468.32857",312603.748393731
"2319","38","25","1655","1","0","1","4971468.96594, 3319468.32857","4881468.96594, 3509468.32857",314599.184259934
"2320","38","26","1656","1","1","1","4971468.96594, 3309468.32857","4881468.96594, 3509468.32857",316589.494310467
"2321","38","27","1657","1","1","0","4971468.96594, 3299468.32857","4881468.96594, 3509468.32857",328117.60895786
"2322","38","28","1658","0","0","0","4971468.96594, 3289468.32857","4881468.96594, 3509468.32857",328117.60895786
"2323","38","29","1659","1","1","0","4971468.96594, 3279468.32857","4881468.96594, 3509468.32857",328117.60895786
"2324","38","30","1660","1","0","0","4971468.96594, 3269468.32857","4881468.96594, 3509468.32857",328117.60895786
"2325","38","31","1661","1","0","0","4971468.96594, 3259468.32857","4881468.96594, 3509468.32857",328117.60895786
"2326","38","32","1662","1","0","0","4971468.96594, 3249468.32857","4881468.96594, 3509468.32857",350150.463091695
"2327","38","33","1663","1","1","0","4971468.96594, 3239468.32857","4881468.96594, 3509468.32857",350150.463091695
"2328","38","34","1664","1","1","0","4971468.96594, 3229468.32857","4881468.96594, 3509468.32857",350150.463091695
"2329","38","35","1665","1","1","0","4971468.96594, 3219468.32857","4881468.96594, 3509468.32857",350150.463091695
"2330","38","36","1666","1","0","0","4971468.96594, 3209468.32857","4881468.96594, 3509468.32857",350150.463091695
"2331","38","37","1667","0","0","0","4971468.96594, 3199468.32857","4881468.96594, 3509468.32857",350150.463091695
"2332","38","38","1668","1","0","0","4971468.96594, 3189468.32857","4881468.96594, 3509468.32857",350150.463091695
"2333","38","39","1669","1","1","0","4971468.96594, 3179468.32857","4881468.96594, 3509468.32857",350150.463091695
"2334","38","40","1670","0","1","0","4971468.96594, 3169468.32857","4881468.96594, 3509468.32857",350150.463091695
"2335","38","41","1671","0","0","0","4971468.96594, 3159468.32857","4881468.96594, 3509468.32857",886568.785496447
"2336","38","42","1672","1","0","0","4971468.96594, 3149468.32857","4881468.96594, 3509468.32857",886568.785496447
"2337","38","43","1673","1","1","0","4971468.96594, 3139468.32857","4881468.96594, 3509468.32857",886568.785496447
"2338","38","44","1674","1","1","0","4971468.96594, 3129468.32857","4881468.96594, 3509468.32857",886568.785496447
"2339","38","45","1675","1","1","0","4971468.96594, 3119468.32857","4881468.96594, 3509468.32857",886568.785496447
"2340","38","46","1676","1","1","0","4971468.96594, 3109468.32857","4881468.96594, 3509468.32857",886568.785496447
"2341","38","47","1677","1","1","0","4971468.96594, 3099468.32857","4881468.96594, 3509468.32857",886568.785496447
"2342","38","48","1678","1","0","0","4971468.96594, 3089468.32857","4881468.96594, 3509468.32857",886568.785496447
"2343","38","49","1679","1","1","0","4971468.96594, 3079468.32857","4881468.96594, 3509468.32857",886568.785496447
"2344","38","50","1680","1","1","0","4971468.96594, 3069468.32857","4881468.96594, 3509468.32857",886568.785496447
"2345","38","51","1681","1","1","0","4971468.96594, 3059468.32857","4881468.96594, 3509468.32857",888272.953328521
"2346","38","52","1682","1","1","0","4971468.96594, 3049468.32857","4881468.96594, 3509468.32857",889921.670650811
"2347","38","53","1683","1","1","1","4971468.96594, 3039468.32857","4881468.96594, 3509468.32857",891729.558404934
"2348","38","54","1684","0","1","1","4971468.96594, 3029468.32857","4881468.96594, 3509468.32857",898291.28550943
"2349","38","55","1685","0","1","1","4971468.96594, 3019468.32857","4881468.96594, 3509468.32857",905665.709703312
"2350","38","56","1686","1","1","0","4971468.96594, 3009468.32857","4881468.96594, 3509468.32857",915120.212688873
"2351","38","57","1687","1","1","0","4971468.96594, 2999468.32857","4881468.96594, 3509468.32857",975813.581588805
"2352","38","58","1688","0","0","0","4971468.96594, 2989468.32857","4881468.96594, 3509468.32857",975813.581588805
"2353","38","59","1689","1","1","1","4971468.96594, 2979468.32857","4881468.96594, 3509468.32857",973931.848340176
"2354","38","60","1690","1","1","0","4972398.51014, 2973119.61552","4881468.96594, 3509468.32857",972231.635485732
"2361","39","5","1691","0","0","0","4981471.90709, 3519254.29813","4881468.96594, 3509468.32857",25740.808654003
"2362","39","6","1692","0","1","0","4981468.96594, 3509468.32857","4881468.96594, 3509468.32857",25246.6338257177
"2363","39","7","1693","0","1","0","4981468.96594, 3499468.32857","4881468.96594, 3509468.32857",27546.7674539531
"2364","39","8","1694","0","1","0","4981468.96594, 3489468.32857","4881468.96594, 3509468.32857",27546.7674539531
"2365","39","9","1695","0","0","0","4981468.96594, 3479468.32857","4881468.96594, 3509468.32857",27546.7674539531
"2366","39","10","1696","0","1","0","4981468.96594, 3469468.32857","4881468.96594, 3509468.32857",71976.761772126
"2367","39","11","1697","0","1","0","4981468.96594, 3459468.32857","4881468.96594, 3509468.32857",71976.761772126
"2368","39","12","1698","1","1","0","4981468.96594, 3449468.32857","4881468.96594, 3509468.32857",71976.761772126
"2369","39","13","1699","1","1","0","4981468.96594, 3439468.32857","4881468.96594, 3509468.32857",89529.0405910591
"2370","39","14","1700","1","0","0","4981468.96594, 3429468.32857","4881468.96594, 3509468.32857",89529.0405910591
"2371","39","15","1701","0","0","0","4981468.96594, 3419468.32857","4881468.96594, 3509468.32857",89529.0405910591
"2372","39","16","1702","0","1","0","4981468.96594, 3409468.32857","4881468.96594, 3509468.32857",116628.428940714
"2373","39","17","1703","0","1","0","4981468.96594, 3399468.32857","4881468.96594, 3509468.32857",120956.111778927
"2374","39","18","1704","0","0","0","4981468.96594, 3389468.32857","4881468.96594, 3509468.32857",298329.20507104
"2375","39","19","1705","0","0","0","4981468.96594, 3379468.32857","4881468.96594, 3509468.32857",298329.20507104
"2376","39","20","1706","0","0","0","4981468.96594, 3369468.32857","4881468.96594, 3509468.32857",300445.408646998
"2377","39","21","1707","0","0","0","4981468.96594, 3359468.32857","4881468.96594, 3509468.32857",314599.184259934
"2378","39","22","1708","1","1","0","4981468.96594, 3349468.32857","4881468.96594, 3509468.32857",314599.184259934
"2379","39","23","1709","1","0","0","4981468.96594, 3339468.32857","4881468.96594, 3509468.32857",316589.494310467
"2380","39","24","1710","1","1","0","4981468.96594, 3329468.32857","4881468.96594, 3509468.32857",318152.776036517
"2381","39","25","1711","1","1","0","4981468.96594, 3319468.32857","4881468.96594, 3509468.32857",322563.851404255
"2382","39","26","1712","1","1","1","4981468.96594, 3309468.32857","4881468.96594, 3509468.32857",326142.800232889
"2383","39","27","1713","0","0","0","4981468.96594, 3299468.32857","4881468.96594, 3509468.32857",328117.60895786
"2384","39","28","1714","0","0","0","4981468.96594, 3289468.32857","4881468.96594, 3509468.32857",328117.60895786
"2385","39","29","1715","1","1","0","4981468.96594, 3279468.32857","4881468.96594, 3509468.32857",345727.972114789
"2386","39","30","1716","1","1","0","4981468.96594, 3269468.32857","4881468.96594, 3509468.32857",350150.463091695
"2387","39","31","1717","0","0","0","4981468.96594, 3259468.32857","4881468.96594, 3509468.32857",350150.463091695
"2388","39","32","1718","1","1","0","4981468.96594, 3249468.32857","4881468.96594, 3509468.32857",350150.463091695
"2389","39","33","1719","1","1","0","4981468.96594, 3239468.32857","4881468.96594, 3509468.32857",350150.463091695
"2390","39","34","1720","1","1","0","4981468.96594, 3229468.32857","4881468.96594, 3509468.32857",350150.463091695
"2391","39","35","1721","1","1","0","4981468.96594, 3219468.32857","4881468.96594, 3509468.32857",350150.463091695
"2392","39","36","1722","1","0","0","4981468.96594, 3209468.32857","4881468.96594, 3509468.32857",350150.463091695
"2393","39","37","1723","1","0","0","4981468.96594, 3199468.32857","4881468.96594, 3509468.32857",350150.463091695
"2394","39","38","1724","1","0","0","4981468.96594, 3189468.32857","4881468.96594, 3509468.32857",350150.463091695
"2395","39","39","1725","1","1","0","4981468.96594, 3179468.32857","4881468.96594, 3509468.32857",350150.463091695
"2396","39","40","1726","1","0","0","4981468.96594, 3169468.32857","4881468.96594, 3509468.32857",350150.463091695
"2397","39","41","1727","1","1","0","4981468.96594, 3159468.32857","4881468.96594, 3509468.32857",886568.785496447
"2398","39","42","1728","1","1","0","4981468.96594, 3149468.32857","4881468.96594, 3509468.32857",886568.785496447
"2399","39","43","1729","1","1","0","4981468.96594, 3139468.32857","4881468.96594, 3509468.32857",886568.785496447
"2400","39","44","1730","1","0","0","4981468.96594, 3129468.32857","4881468.96594, 3509468.32857",886568.785496447
"2401","39","45","1731","0","1","0","4981468.96594, 3119468.32857","4881468.96594, 3509468.32857",886568.785496447
"2402","39","46","1732","1","1","0","4981468.96594, 3109468.32857","4881468.96594, 3509468.32857",886568.785496447
"2403","39","47","1733","0","1","0","4981468.96594, 3099468.32857","4881468.96594, 3509468.32857",886568.785496447
"2404","39","48","1734","1","1","0","4981468.96594, 3089468.32857","4881468.96594, 3509468.32857",886568.785496447
"2405","39","49","1735","1","1","0","4981468.96594, 3079468.32857","4881468.96594, 3509468.32857",886568.785496447
"2406","39","50","1736","1","1","0","4981468.96594, 3069468.32857","4881468.96594, 3509468.32857",886568.785496447
"2407","39","51","1737","1","1","0","4981468.96594, 3059468.32857","4881468.96594, 3509468.32857",886568.785496447
"2408","39","52","1738","1","1","0","4981468.96594, 3049468.32857","4881468.96594, 3509468.32857",886568.785496447
"2409","39","53","1739","1","1","1","4981468.96594, 3039468.32857","4881468.96594, 3509468.32857",886568.785496447
"2410","39","54","1740","1","1","0","4981468.96594, 3029468.32857","4881468.96594, 3509468.32857",884461.778337389
"2411","39","55","1741","1","1","0","4981468.96594, 3019468.32857","4881468.96594, 3509468.32857",903792.308932688
"2412","39","56","1742","1","1","0","4981468.96594, 3009468.32857","4881468.96594, 3509468.32857",903792.308932688
"2413","39","57","1743","1","1","0","4981468.96594, 2999468.32857","4881468.96594, 3509468.32857",975813.581588805
"2414","39","58","1744","1","1","0","4981468.96594, 2989468.32857","4881468.96594, 3509468.32857",975813.581588805
"2415","39","59","1745","1","1","0","4981468.96594, 2979468.32857","4881468.96594, 3509468.32857",975813.581588805
"2416","39","60","1746","0","1","0","4981908.37262, 2971823.33368","4881468.96594, 3509468.32857",973931.848340176
"2423","40","5","1747","0","0","0","4991471.89674, 3519271.18956","4881468.96594, 3509468.32857",25740.808654003
"2424","40","6","1748","0","0","0","4991468.96594, 3509468.32857","4881468.96594, 3509468.32857",25246.6338257177
"2425","40","7","1749","0","0","0","4991468.96594, 3499468.32857","4881468.96594, 3509468.32857",27546.7674539531
"2426","40","8","1750","0","1","0","4991468.96594, 3489468.32857","4881468.96594, 3509468.32857",27546.7674539531
"2427","40","9","1751","0","1","0","4991468.96594, 3479468.32857","4881468.96594, 3509468.32857",27546.7674539531
"2428","40","10","1752","0","0","0","4991468.96594, 3469468.32857","4881468.96594, 3509468.32857",71976.761772126
"2429","40","11","1753","0","1","0","4991468.96594, 3459468.32857","4881468.96594, 3509468.32857",71976.761772126
"2430","40","12","1754","1","1","0","4991468.96594, 3449468.32857","4881468.96594, 3509468.32857",71976.761772126
"2431","40","13","1755","1","0","0","4991468.96594, 3439468.32857","4881468.96594, 3509468.32857",89529.0405910591
"2432","40","14","1756","1","0","0","4991468.96594, 3429468.32857","4881468.96594, 3509468.32857",89529.0405910591
"2433","40","15","1757","0","0","0","4991468.96594, 3419468.32857","4881468.96594, 3509468.32857",89529.0405910591
"2434","40","16","1758","0","0","0","4991468.96594, 3409468.32857","4881468.96594, 3509468.32857",116628.428940714
"2435","40","17","1759","0","1","0","4991468.96594, 3399468.32857","4881468.96594, 3509468.32857",314599.184259934
"2436","40","18","1760","0","0","0","4991468.96594, 3389468.32857","4881468.96594, 3509468.32857",314599.184259934
"2437","40","19","1761","0","0","0","4991468.96594, 3379468.32857","4881468.96594, 3509468.32857",314599.184259934
"2438","40","20","1762","0","0","0","4991468.96594, 3369468.32857","4881468.96594, 3509468.32857",318152.776036517
"2439","40","21","1763","0","0","0","4991468.96594, 3359468.32857","4881468.96594, 3509468.32857",318152.776036517
"2440","40","22","1764","0","1","0","4991468.96594, 3349468.32857","4881468.96594, 3509468.32857",318152.776036517
"2441","40","23","1765","1","0","0","4991468.96594, 3339468.32857","4881468.96594, 3509468.32857",322563.851404255
"2442","40","24","1766","1","0","0","4991468.96594, 3329468.32857","4881468.96594, 3509468.32857",322563.851404255
"2443","40","25","1767","0","0","0","4991468.96594, 3319468.32857","4881468.96594, 3509468.32857",333549.350787188
"2444","40","26","1768","1","0","1","4991468.96594, 3309468.32857","4881468.96594, 3509468.32857",336375.298445013
"2445","40","27","1769","0","0","1","4991468.96594, 3299468.32857","4881468.96594, 3509468.32857",340983.620138736
"2446","40","28","1770","0","0","0","4991468.96594, 3289468.32857","4881468.96594, 3509468.32857",350150.463091695
"2447","40","29","1771","0","0","0","4991468.96594, 3279468.32857","4881468.96594, 3509468.32857",350150.463091695
"2448","40","30","1772","1","1","0","4991468.96594, 3269468.32857","4881468.96594, 3509468.32857",350150.463091695
"2449","40","31","1773","1","1","0","4991468.96594, 3259468.32857","4881468.96594, 3509468.32857",350150.463091695
"2450","40","32","1774","1","1","0","4991468.96594, 3249468.32857","4881468.96594, 3509468.32857",350150.463091695
"2451","40","33","1775","1","0","0","4991468.96594, 3239468.32857","4881468.96594, 3509468.32857",350150.463091695
"2452","40","34","1776","1","1","0","4991468.96594, 3229468.32857","4881468.96594, 3509468.32857",350150.463091695
"2453","40","35","1777","0","1","0","4991468.96594, 3219468.32857","4881468.96594, 3509468.32857",350150.463091695
"2454","40","36","1778","0","1","0","4991468.96594, 3209468.32857","4881468.96594, 3509468.32857",350150.463091695
"2455","40","37","1779","1","1","0","4991468.96594, 3199468.32857","4881468.96594, 3509468.32857",350150.463091695
"2456","40","38","1780","1","1","0","4991468.96594, 3189468.32857","4881468.96594, 3509468.32857",350150.463091695
"2457","40","39","1781","1","1","0","4991468.96594, 3179468.32857","4881468.96594, 3509468.32857",350150.463091695
"2458","40","40","1782","1","1","0","4991468.96594, 3169468.32857","4881468.96594, 3509468.32857",350150.463091695
"2459","40","41","1783","1","1","0","4991468.96594, 3159468.32857","4881468.96594, 3509468.32857",886568.785496447
"2460","40","42","1784","1","0","0","4991468.96594, 3149468.32857","4881468.96594, 3509468.32857",886568.785496447
"2461","40","43","1785","0","0","0","4991468.96594, 3139468.32857","4881468.96594, 3509468.32857",880771.710792703
"2462","40","44","1786","0","0","0","4991468.96594, 3129468.32857","4881468.96594, 3509468.32857",880771.710792703
"2463","40","45","1787","0","1","0","4991468.96594, 3119468.32857","4881468.96594, 3509468.32857",880771.710792703
"2464","40","46","1788","1","0","0","4991468.96594, 3109468.32857","4881468.96594, 3509468.32857",880771.710792703
"2465","40","47","1789","0","1","0","4991468.96594, 3099468.32857","4881468.96594, 3509468.32857",880771.710792703
"2466","40","48","1790","1","1","0","4991468.96594, 3089468.32857","4881468.96594, 3509468.32857",880771.710792703
"2467","40","49","1791","1","1","0","4991468.96594, 3079468.32857","4881468.96594, 3509468.32857",880771.710792703
"2468","40","50","1792","1","1","0","4991468.96594, 3069468.32857","4881468.96594, 3509468.32857",880771.710792703
"2469","40","51","1793","1","1","0","4991468.96594, 3059468.32857","4881468.96594, 3509468.32857",877481.358683537
"2470","40","52","1794","1","1","0","4991468.96594, 3049468.32857","4881468.96594, 3509468.32857",877481.358683537
"2471","40","53","1795","0","1","1","4991468.96594, 3039468.32857","4881468.96594, 3509468.32857",874655.934037541
"2472","40","54","1796","1","1","1","4991468.96594, 3029468.32857","4881468.96594, 3509468.32857",874655.934037541
"2473","40","55","1797","1","1","0","4991468.96594, 3019468.32857","4881468.96594, 3509468.32857",874655.934037541
"2474","40","56","1798","1","1","0","4991468.96594, 3009468.32857","4881468.96594, 3509468.32857",903792.308932688
"2475","40","57","1799","0","0","0","4991468.96594, 2999468.32857","4881468.96594, 3509468.32857",975813.581588805
"2476","40","58","1800","0","1","0","4991468.96594, 2989468.32857","4881468.96594, 3509468.32857",975813.581588805
"2477","40","59","1801","0","0","0","4991468.96594, 2979468.32857","4881468.96594, 3509468.32857",975813.581588805
"2478","40","60","1802","0","0","0","4991756.66982, 2970480.92007","4881468.96594, 3509468.32857",975813.581588805
"2485","41","5","1803","0","0","0","5001471.88647, 3519288.08099","4881468.96594, 3509468.32857",25740.808654003
"2486","41","6","1804","0","0","0","5001468.96594, 3509468.32857","4881468.96594, 3509468.32857",25246.6338257177
"2487","41","7","1805","0","0","0","5001468.96594, 3499468.32857","4881468.96594, 3509468.32857",27546.7674539531
"2488","41","8","1806","1","0","0","5001468.96594, 3489468.32857","4881468.96594, 3509468.32857",27546.7674539531
"2489","41","9","1807","1","1","0","5001468.96594, 3479468.32857","4881468.96594, 3509468.32857",27546.7674539531
"2490","41","10","1808","1","1","0","5001468.96594, 3469468.32857","4881468.96594, 3509468.32857",71976.761772126
"2491","41","11","1809","1","1","0","5001468.96594, 3459468.32857","4881468.96594, 3509468.32857",71976.761772126
"2492","41","12","1810","1","1","0","5001468.96594, 3449468.32857","4881468.96594, 3509468.32857",71976.761772126
"2493","41","13","1811","1","1","0","5001468.96594, 3439468.32857","4881468.96594, 3509468.32857",89529.0405910591
"2494","41","14","1812","1","1","0","5001468.96594, 3429468.32857","4881468.96594, 3509468.32857",89529.0405910591
"2495","41","15","1813","1","0","0","5001468.96594, 3419468.32857","4881468.96594, 3509468.32857",89529.0405910591
"2496","41","16","1814","0","1","0","5001468.96594, 3409468.32857","4881468.96594, 3509468.32857",314599.184259934
"2497","41","17","1815","0","1","0","5001468.96594, 3399468.32857","4881468.96594, 3509468.32857",318152.776036517
"2498","41","18","1816","0","1","0","5001468.96594, 3389468.32857","4881468.96594, 3509468.32857",318152.776036517
"2499","41","19","1817","0","0","0","5001468.96594, 3379468.32857","4881468.96594, 3509468.32857",318152.776036517
"2500","41","20","1818","0","0","0","5001468.96594, 3369468.32857","4881468.96594, 3509468.32857",318152.776036517
"2501","41","21","1819","0","0","0","5001468.96594, 3359468.32857","4881468.96594, 3509468.32857",322563.851404255
"2502","41","22","1820","1","1","0","5001468.96594, 3349468.32857","4881468.96594, 3509468.32857",322563.851404255
"2503","41","23","1821","1","1","0","5001468.96594, 3339468.32857","4881468.96594, 3509468.32857",338414.587963677
"2504","41","24","1822","1","0","0","5001468.96594, 3329468.32857","4881468.96594, 3509468.32857",338414.587963677
"2505","41","25","1823","0","0","0","5001468.96594, 3319468.32857","4881468.96594, 3509468.32857",340983.620138736
"2506","41","26","1824","1","0","0","5001468.96594, 3309468.32857","4881468.96594, 3509468.32857",343278.362262341
"2507","41","27","1825","1","0","1","5001468.96594, 3299468.32857","4881468.96594, 3509468.32857",350150.463091695
"2508","41","28","1826","0","0","0","5001468.96594, 3289468.32857","4881468.96594, 3509468.32857",350150.463091695
"2509","41","29","1827","0","0","0","5001468.96594, 3279468.32857","4881468.96594, 3509468.32857",350150.463091695
"2510","41","30","1828","1","1","0","5001468.96594, 3269468.32857","4881468.96594, 3509468.32857",350150.463091695
"2511","41","31","1829","1","1","0","5001468.96594, 3259468.32857","4881468.96594, 3509468.32857",350150.463091695
"2512","41","32","1830","1","1","0","5001468.96594, 3249468.32857","4881468.96594, 3509468.32857",350150.463091695
"2513","41","33","1831","1","1","0","5001468.96594, 3239468.32857","4881468.96594, 3509468.32857",350150.463091695
"2514","41","34","1832","1","1","0","5001468.96594, 3229468.32857","4881468.96594, 3509468.32857",350150.463091695
"2515","41","35","1833","0","1","0","5001468.96594, 3219468.32857","4881468.96594, 3509468.32857",350150.463091695
"2516","41","36","1834","0","0","0","5001468.96594, 3209468.32857","4881468.96594, 3509468.32857",350150.463091695
"2517","41","37","1835","1","0","0","5001468.96594, 3199468.32857","4881468.96594, 3509468.32857",350150.463091695
"2518","41","38","1836","1","0","0","5001468.96594, 3189468.32857","4881468.96594, 3509468.32857",350150.463091695
"2519","41","39","1837","0","0","0","5001468.96594, 3179468.32857","4881468.96594, 3509468.32857",478140.771021163
"2520","41","40","1838","0","0","0","5001468.96594, 3169468.32857","4881468.96594, 3509468.32857",482720.331065932
"2521","41","41","1839","1","0","0","5001468.96594, 3159468.32857","4881468.96594, 3509468.32857",752816.485702147
"2522","41","42","1840","1","0","0","5001468.96594, 3149468.32857","4881468.96594, 3509468.32857",828137.376408812
"2523","41","43","1841","0","0","0","5001468.96594, 3139468.32857","4881468.96594, 3509468.32857",828137.376408812
"2524","41","44","1842","0","0","0","5001468.96594, 3129468.32857","4881468.96594, 3509468.32857",828137.376408812
"2525","41","45","1843","0","1","0","5001468.96594, 3119468.32857","4881468.96594, 3509468.32857",828137.376408812
"2526","41","46","1844","1","1","0","5001468.96594, 3109468.32857","4881468.96594, 3509468.32857",828137.376408812
"2527","41","47","1845","1","1","0","5001468.96594, 3099468.32857","4881468.96594, 3509468.32857",834175.549986141
"2528","41","48","1846","1","0","0","5001468.96594, 3089468.32857","4881468.96594, 3509468.32857",865427.026625316
"2529","41","49","1847","0","0","0","5001468.96594, 3079468.32857","4881468.96594, 3509468.32857",865427.026625316
"2530","41","50","1848","0","1","0","5001468.96594, 3069468.32857","4881468.96594, 3509468.32857",865427.026625316
"2531","41","51","1849","1","1","0","5001468.96594, 3059468.32857","4881468.96594, 3509468.32857",865427.026625316
"2532","41","52","1850","1","1","0","5001468.96594, 3049468.32857","4881468.96594, 3509468.32857",865427.026625316
"2533","41","53","1851","1","0","1","5001468.96594, 3039468.32857","4881468.96594, 3509468.32857",865427.026625316
"2534","41","54","1852","1","1","1","5001468.96594, 3029468.32857","4881468.96594, 3509468.32857",857965.969548363
"2535","41","55","1853","1","1","0","5001468.96594, 3019468.32857","4881468.96594, 3509468.32857",857965.969548363
"2536","41","56","1854","1","0","0","5001468.96594, 3009468.32857","4881468.96594, 3509468.32857",855947.291880283
"2537","41","57","1855","0","1","0","5001468.96594, 2999468.32857","4881468.96594, 3509468.32857",855947.291880283
"2538","41","58","1856","0","1","0","5001468.96594, 2989468.32857","4881468.96594, 3509468.32857",975813.581588805
"2539","41","59","1857","1","0","0","5001468.96594, 2979468.32857","4881468.96594, 3509468.32857",975813.581588805
"2540","41","60","1858","1","0","0","5001510.56563, 2969516.61952","4881468.96594, 3509468.32857",975813.581588805
"2541","41","61","1859","1","0","0","5004041.07925, 2963806.44193","4881468.96594, 3509468.32857",975813.581588805
"2547","42","5","1860","1","0","0","5011471.87627, 3519304.97242","4881468.96594, 3509468.32857",25740.808654003
"2548","42","6","1861","0","0","0","5011468.96594, 3509468.32857","4881468.96594, 3509468.32857",27546.7674539531
"2549","42","7","1862","1","0","0","5011468.96594, 3499468.32857","4881468.96594, 3509468.32857",27546.7674539531
"2550","42","8","1863","1","0","0","5011468.96594, 3489468.32857","4881468.96594, 3509468.32857",27546.7674539531
"2551","42","9","1864","0","0","0","5011468.96594, 3479468.32857","4881468.96594, 3509468.32857",27546.7674539531
"2552","42","10","1865","1","0","0","5011468.96594, 3469468.32857","4881468.96594, 3509468.32857",71976.761772126
"2553","42","11","1866","1","1","0","5011468.96594, 3459468.32857","4881468.96594, 3509468.32857",71976.761772126
"2554","42","12","1867","1","1","0","5011468.96594, 3449468.32857","4881468.96594, 3509468.32857",71976.761772126
"2555","42","13","1868","0","1","0","5011468.96594, 3439468.32857","4881468.96594, 3509468.32857",89529.0405910591
"2556","42","14","1869","1","1","0","5011468.96594, 3429468.32857","4881468.96594, 3509468.32857",89529.0405910591
"2557","42","15","1870","1","1","0","5011468.96594, 3419468.32857","4881468.96594, 3509468.32857",89529.0405910591
"2558","42","16","1871","1","1","0","5011468.96594, 3409468.32857","4881468.96594, 3509468.32857",318152.776036517
"2559","42","17","1872","1","0","0","5011468.96594, 3399468.32857","4881468.96594, 3509468.32857",318152.776036517
"2560","42","18","1873","1","1","0","5011468.96594, 3389468.32857","4881468.96594, 3509468.32857",387163.198758036
"2561","42","19","1874","1","1","0","5011468.96594, 3379468.32857","4881468.96594, 3509468.32857",387163.198758036
"2562","42","20","1875","1","0","0","5011468.96594, 3369468.32857","4881468.96594, 3509468.32857",387163.198758036
"2563","42","21","1876","1","0","0","5011468.96594, 3359468.32857","4881468.96594, 3509468.32857",384864.738128868
"2564","42","22","1877","1","0","0","5011468.96594, 3349468.32857","4881468.96594, 3509468.32857",384864.738128868
"2565","42","23","1878","1","1","0","5011468.96594, 3339468.32857","4881468.96594, 3509468.32857",368692.37185745
"2566","42","24","1879","1","1","0","5011468.96594, 3329468.32857","4881468.96594, 3509468.32857",368692.37185745
"2567","42","25","1880","1","0","0","5011468.96594, 3319468.32857","4881468.96594, 3509468.32857",365139.173714275
"2568","42","26","1881","1","0","0","5011468.96594, 3309468.32857","4881468.96594, 3509468.32857",363125.003519588
"2569","42","27","1882","1","0","1","5011468.96594, 3299468.32857","4881468.96594, 3509468.32857",359653.568290608
"2570","42","28","1883","1","0","0","5011468.96594, 3289468.32857","4881468.96594, 3509468.32857",359653.568290608
"2571","42","29","1884","1","1","0","5011468.96594, 3279468.32857","4881468.96594, 3509468.32857",359653.568290608
"2572","42","30","1885","1","1","0","5011468.96594, 3269468.32857","4881468.96594, 3509468.32857",355478.526177468
"2573","42","31","1886","1","1","0","5011468.96594, 3259468.32857","4881468.96594, 3509468.32857",355478.526177468
"2574","42","32","1887","1","1","0","5011468.96594, 3249468.32857","4881468.96594, 3509468.32857",355478.526177468
"2575","42","33","1888","1","1","0","5011468.96594, 3239468.32857","4881468.96594, 3509468.32857",350150.463091695
"2576","42","34","1889","1","1","0","5011468.96594, 3229468.32857","4881468.96594, 3509468.32857",350150.463091695
"2577","42","35","1890","1","1","0","5011468.96594, 3219468.32857","4881468.96594, 3509468.32857",350150.463091695
"2578","42","36","1891","1","1","0","5011468.96594, 3209468.32857","4881468.96594, 3509468.32857",350150.463091695
"2579","42","37","1892","1","0","0","5011468.96594, 3199468.32857","4881468.96594, 3509468.32857",478140.771021163
"2580","42","38","1893","1","0","0","5011468.96594, 3189468.32857","4881468.96594, 3509468.32857",478140.771021163
"2581","42","39","1894","1","0","0","5011468.96594, 3179468.32857","4881468.96594, 3509468.32857",482720.331065932
"2582","42","40","1895","0","0","0","5011468.96594, 3169468.32857","4881468.96594, 3509468.32857",505620.327267443
"2583","42","41","1896","1","0","0","5011468.96594, 3159468.32857","4881468.96594, 3509468.32857",752816.485702147
"2584","42","42","1897","0","0","0","5011468.96594, 3149468.32857","4881468.96594, 3509468.32857",752816.485702147
"2585","42","43","1898","0","0","0","5011468.96594, 3139468.32857","4881468.96594, 3509468.32857",788037.968308131
"2586","42","44","1899","0","1","0","5011468.96594, 3129468.32857","4881468.96594, 3509468.32857",788037.968308131
"2587","42","45","1900","0","1","0","5011468.96594, 3119468.32857","4881468.96594, 3509468.32857",828137.376408812
"2588","42","46","1901","1","1","0","5011468.96594, 3109468.32857","4881468.96594, 3509468.32857",828137.376408812
"2589","42","47","1902","1","1","0","5011468.96594, 3099468.32857","4881468.96594, 3509468.32857",828137.376408812
"2590","42","48","1903","0","0","0","5011468.96594, 3089468.32857","4881468.96594, 3509468.32857",828137.376408812
"2591","42","49","1904","0","1","0","5011468.96594, 3079468.32857","4881468.96594, 3509468.32857",834175.549986141
"2592","42","50","1905","0","1","0","5011468.96594, 3069468.32857","4881468.96594, 3509468.32857",834175.549986141
"2593","42","51","1906","1","0","0","5011468.96594, 3059468.32857","4881468.96594, 3509468.32857",834175.549986141
"2594","42","52","1907","1","1","0","5011468.96594, 3049468.32857","4881468.96594, 3509468.32857",838344.234358619
"2595","42","53","1908","1","0","0","5011468.96594, 3039468.32857","4881468.96594, 3509468.32857",852484.682939158
"2596","42","54","1909","1","1","1","5011468.96594, 3029468.32857","4881468.96594, 3509468.32857",852484.682939158
"2597","42","55","1910","1","1","0","5011468.96594, 3019468.32857","4881468.96594, 3509468.32857",850728.711611421
"2598","42","56","1911","1","1","0","5011468.96594, 3009468.32857","4881468.96594, 3509468.32857",854180.896983974
"2599","42","57","1912","1","1","0","5011468.96594, 2999468.32857","4881468.96594, 3509468.32857",854180.896983974
"2600","42","58","1913","0","0","0","5011468.96594, 2989468.32857","4881468.96594, 3509468.32857",854180.896983974
"2601","42","59","1914","0","0","0","5011468.96594, 2979468.32857","4881468.96594, 3509468.32857",975813.581588805
"2602","42","60","1915","1","0","0","5011468.96594, 2969468.32857","4881468.96594, 3509468.32857",975813.581588805
"2603","42","61","1916","1","1","0","5012147.37395, 2962701.47931","4881468.96594, 3509468.32857",975813.581588805
"2609","43","5","1917","1","0","0","5021471.86614, 3519321.86385","4881468.96594, 3509468.32857",25740.808654003
"2610","43","6","1918","1","0","0","5021468.96594, 3509468.32857","4881468.96594, 3509468.32857",27546.7674539531
"2611","43","7","1919","1","0","0","5021468.96594, 3499468.32857","4881468.96594, 3509468.32857",27546.7674539531
"2612","43","8","1920","0","0","0","5021468.96594, 3489468.32857","4881468.96594, 3509468.32857",27546.7674539531
"2613","43","9","1921","0","0","0","5021468.96594, 3479468.32857","4881468.96594, 3509468.32857",27546.7674539531
"2614","43","10","1922","1","1","0","5021468.96594, 3469468.32857","4881468.96594, 3509468.32857",71976.761772126
"2615","43","11","1923","1","1","0","5021468.96594, 3459468.32857","4881468.96594, 3509468.32857",71976.761772126
"2616","43","12","1924","1","1","0","5021468.96594, 3449468.32857","4881468.96594, 3509468.32857",71976.761772126
"2617","43","13","1925","0","0","0","5021468.96594, 3439468.32857","4881468.96594, 3509468.32857",89529.0405910591
"2618","43","14","1926","1","0","0","5021468.96594, 3429468.32857","4881468.96594, 3509468.32857",89529.0405910591
"2619","43","15","1927","0","0","0","5021468.96594, 3419468.32857","4881468.96594, 3509468.32857",396438.787727265
"2620","43","16","1928","0","0","0","5021468.96594, 3409468.32857","4881468.96594, 3509468.32857",387163.198758036
"2621","43","17","1929","0","0","0","5021468.96594, 3399468.32857","4881468.96594, 3509468.32857",387163.198758036
"2622","43","18","1930","0","0","0","5021468.96594, 3389468.32857","4881468.96594, 3509468.32857",387163.198758036
"2623","43","19","1931","0","1","0","5021468.96594, 3379468.32857","4881468.96594, 3509468.32857",387163.198758036
"2624","43","20","1932","0","1","0","5021468.96594, 3369468.32857","4881468.96594, 3509468.32857",387163.198758036
"2625","43","21","1933","1","1","0","5021468.96594, 3359468.32857","4881468.96594, 3509468.32857",387163.198758036
"2626","43","22","1934","1","0","0","5021468.96594, 3349468.32857","4881468.96594, 3509468.32857",387163.198758036
"2627","43","23","1935","1","0","0","5021468.96594, 3339468.32857","4881468.96594, 3509468.32857",387163.198758036
"2628","43","24","1936","1","1","0","5021468.96594, 3329468.32857","4881468.96594, 3509468.32857",384864.738128868
"2629","43","25","1937","1","0","0","5021468.96594, 3319468.32857","4881468.96594, 3509468.32857",382497.370703297
"2630","43","26","1938","1","0","0","5021468.96594, 3309468.32857","4881468.96594, 3509468.32857",371040.658484023
"2631","43","27","1939","1","0","1","5021468.96594, 3299468.32857","4881468.96594, 3509468.32857",371040.658484023
"2632","43","28","1940","1","0","0","5021468.96594, 3289468.32857","4881468.96594, 3509468.32857",371040.658484023
"2633","43","29","1941","1","1","0","5021468.96594, 3279468.32857","4881468.96594, 3509468.32857",365139.173714275
"2634","43","30","1942","1","0","0","5021468.96594, 3269468.32857","4881468.96594, 3509468.32857",359653.568290608
"2635","43","31","1943","0","1","0","5021468.96594, 3259468.32857","4881468.96594, 3509468.32857",359653.568290608
"2636","43","32","1944","1","0","0","5021468.96594, 3249468.32857","4881468.96594, 3509468.32857",359653.568290608
"2637","43","33","1945","0","1","0","5021468.96594, 3239468.32857","4881468.96594, 3509468.32857",359653.568290608
"2638","43","34","1946","1","1","0","5021468.96594, 3229468.32857","4881468.96594, 3509468.32857",359653.568290608
"2639","43","35","1947","1","0","0","5021468.96594, 3219468.32857","4881468.96594, 3509468.32857",478140.771021163
"2640","43","36","1948","1","1","0","5021468.96594, 3209468.32857","4881468.96594, 3509468.32857",478140.771021163
"2641","43","37","1949","0","1","0","5021468.96594, 3199468.32857","4881468.96594, 3509468.32857",478140.771021163
"2642","43","38","1950","1","1","0","5021468.96594, 3189468.32857","4881468.96594, 3509468.32857",478140.771021163
"2643","43","39","1951","1","1","0","5021468.96594, 3179468.32857","4881468.96594, 3509468.32857",482720.331065932
"2644","43","40","1952","0","1","0","5021468.96594, 3169468.32857","4881468.96594, 3509468.32857",510829.957678971
"2645","43","41","1953","1","1","0","5021468.96594, 3159468.32857","4881468.96594, 3509468.32857",752816.485702147
"2646","43","42","1954","0","1","0","5021468.96594, 3149468.32857","4881468.96594, 3509468.32857",752816.485702147
"2647","43","43","1955","0","1","0","5021468.96594, 3139468.32857","4881468.96594, 3509468.32857",752816.485702147
"2648","43","44","1956","0","1","0","5021468.96594, 3129468.32857","4881468.96594, 3509468.32857",752816.485702147
"2649","43","45","1957","0","1","0","5021468.96594, 3119468.32857","4881468.96594, 3509468.32857",788037.968308131
"2650","43","46","1958","1","0","0","5021468.96594, 3109468.32857","4881468.96594, 3509468.32857",788037.968308131
"2651","43","47","1959","0","1","0","5021468.96594, 3099468.32857","4881468.96594, 3509468.32857",828137.376408812
"2652","43","48","1960","0","1","0","5021468.96594, 3089468.32857","4881468.96594, 3509468.32857",828137.376408812
"2653","43","49","1961","0","1","0","5021468.96594, 3079468.32857","4881468.96594, 3509468.32857",828137.376408812
"2654","43","50","1962","0","0","0","5021468.96594, 3069468.32857","4881468.96594, 3509468.32857",828137.376408812
"2655","43","51","1963","1","0","0","5021468.96594, 3059468.32857","4881468.96594, 3509468.32857",828137.376408812
"2656","43","52","1964","1","1","0","5021468.96594, 3049468.32857","4881468.96594, 3509468.32857",834175.549986141
"2657","43","53","1965","1","1","1","5021468.96594, 3039468.32857","4881468.96594, 3509468.32857",838344.234358619
"2658","43","54","1966","1","1","1","5021468.96594, 3029468.32857","4881468.96594, 3509468.32857",843773.244412085
"2659","43","55","1967","1","1","0","5021468.96594, 3019468.32857","4881468.96594, 3509468.32857",845659.768814387
"2660","43","56","1968","0","0","0","5021468.96594, 3009468.32857","4881468.96594, 3509468.32857",847571.819504414
"2661","43","57","1969","1","1","0","5021468.96594, 2999468.32857","4881468.96594, 3509468.32857",847571.819504414
"2662","43","58","1970","1","0","0","5021468.96594, 2989468.32857","4881468.96594, 3509468.32857",847571.819504414
"2663","43","59","1971","1","0","0","5021468.96594, 2979468.32857","4881468.96594, 3509468.32857",975813.581588805
"2664","43","60","1972","1","0","0","5021468.96594, 2969468.32857","4881468.96594, 3509468.32857",975813.581588805
"2665","43","61","1973","1","1","0","5021842.93204, 2961379.88545","4881468.96594, 3509468.32857",975813.581588805
"2671","44","5","1974","0","0","0","5031471.85609, 3519338.75529","4881468.96594, 3509468.32857",25740.808654003
"2672","44","6","1975","0","0","0","5031468.96594, 3509468.32857","4881468.96594, 3509468.32857",27546.7674539531
"2673","44","7","1976","1","0","0","5031468.96594, 3499468.32857","4881468.96594, 3509468.32857",27546.7674539531
"2674","44","8","1977","1","0","0","5031468.96594, 3489468.32857","4881468.96594, 3509468.32857",27546.7674539531
"2675","44","9","1978","1","1","0","5031468.96594, 3479468.32857","4881468.96594, 3509468.32857",27546.7674539531
"2676","44","10","1979","1","1","0","5031468.96594, 3469468.32857","4881468.96594, 3509468.32857",71976.761772126
"2677","44","11","1980","0","0","0","5031468.96594, 3459468.32857","4881468.96594, 3509468.32857",71976.761772126
"2678","44","12","1981","1","1","0","5031468.96594, 3449468.32857","4881468.96594, 3509468.32857",71976.761772126
"2679","44","13","1982","1","1","0","5031468.96594, 3439468.32857","4881468.96594, 3509468.32857",89529.0405910591
"2680","44","14","1983","1","0","0","5031468.96594, 3429468.32857","4881468.96594, 3509468.32857",396438.787727265
"2681","44","15","1984","0","0","0","5031468.96594, 3419468.32857","4881468.96594, 3509468.32857",396438.787727265
"2682","44","16","1985","0","0","0","5031468.96594, 3409468.32857","4881468.96594, 3509468.32857",396438.787727265
"2683","44","17","1986","0","0","0","5031468.96594, 3399468.32857","4881468.96594, 3509468.32857",396438.787727265
"2684","44","18","1987","0","0","0","5031468.96594, 3389468.32857","4881468.96594, 3509468.32857",396438.787727265
"2685","44","19","1988","0","0","0","5031468.96594, 3379468.32857","4881468.96594, 3509468.32857",396438.787727265
"2686","44","20","1989","0","0","0","5031468.96594, 3369468.32857","4881468.96594, 3509468.32857",396438.787727265
"2687","44","21","1990","1","1","0","5031468.96594, 3359468.32857","4881468.96594, 3509468.32857",396438.787727265
"2688","44","22","1991","1","1","0","5031468.96594, 3349468.32857","4881468.96594, 3509468.32857",387163.198758036
"2689","44","23","1992","1","0","0","5031468.96594, 3339468.32857","4881468.96594, 3509468.32857",387163.198758036
"2690","44","24","1993","1","1","0","5031468.96594, 3329468.32857","4881468.96594, 3509468.32857",387163.198758036
"2691","44","25","1994","1","0","0","5031468.96594, 3319468.32857","4881468.96594, 3509468.32857",387163.198758036
"2692","44","26","1995","1","0","1","5031468.96594, 3309468.32857","4881468.96594, 3509468.32857",382497.370703297
"2693","44","27","1996","0","0","1","5031468.96594, 3299468.32857","4881468.96594, 3509468.32857",377051.337322171
"2694","44","28","1997","1","0","0","5031468.96594, 3289468.32857","4881468.96594, 3509468.32857",377051.337322171
"2695","44","29","1998","0","1","0","5031468.96594, 3279468.32857","4881468.96594, 3509468.32857",375073.771608886
"2696","44","30","1999","1","1","0","5031468.96594, 3269468.32857","4881468.96594, 3509468.32857",375073.771608886
"2697","44","31","2000","1","1","0","5031468.96594, 3259468.32857","4881468.96594, 3509468.32857",375073.771608886
"2698","44","32","2001","1","0","0","5031468.96594, 3249468.32857","4881468.96594, 3509468.32857",375073.771608886
"2699","44","33","2002","1","1","0","5031468.96594, 3239468.32857","4881468.96594, 3509468.32857",475858.670669154
"2700","44","34","2003","1","0","0","5031468.96594, 3229468.32857","4881468.96594, 3509468.32857",478140.771021163
"2701","44","35","2004","0","0","0","5031468.96594, 3219468.32857","4881468.96594, 3509468.32857",478140.771021163
"2702","44","36","2005","1","0","0","5031468.96594, 3209468.32857","4881468.96594, 3509468.32857",478140.771021163
"2703","44","37","2006","0","1","0","5031468.96594, 3199468.32857","4881468.96594, 3509468.32857",478140.771021163
"2704","44","38","2007","1","1","0","5031468.96594, 3189468.32857","4881468.96594, 3509468.32857",482720.331065932
"2705","44","39","2008","1","1","0","5031468.96594, 3179468.32857","4881468.96594, 3509468.32857",505620.327267443
"2706","44","40","2009","1","0","0","5031468.96594, 3169468.32857","4881468.96594, 3509468.32857",510829.957678971
"2707","44","41","2010","1","0","0","5031468.96594, 3159468.32857","4881468.96594, 3509468.32857",752816.485702147
"2708","44","42","2011","0","0","0","5031468.96594, 3149468.32857","4881468.96594, 3509468.32857",752816.485702147
"2709","44","43","2012","0","0","0","5031468.96594, 3139468.32857","4881468.96594, 3509468.32857",752816.485702147
"2710","44","44","2013","0","1","0","5031468.96594, 3129468.32857","4881468.96594, 3509468.32857",752816.485702147
"2711","44","45","2014","0","0","0","5031468.96594, 3119468.32857","4881468.96594, 3509468.32857",752816.485702147
"2712","44","46","2015","1","0","0","5031468.96594, 3109468.32857","4881468.96594, 3509468.32857",788037.968308131
"2713","44","47","2016","0","1","0","5031468.96594, 3099468.32857","4881468.96594, 3509468.32857",788037.968308131
"2714","44","48","2017","0","1","0","5031468.96594, 3089468.32857","4881468.96594, 3509468.32857",788037.968308131
"2715","44","49","2018","1","1","0","5031468.96594, 3079468.32857","4881468.96594, 3509468.32857",824546.163396022
"2716","44","50","2019","1","1","0","5031468.96594, 3069468.32857","4881468.96594, 3509468.32857",824546.163396022
"2717","44","51","2020","1","1","0","5031468.96594, 3059468.32857","4881468.96594, 3509468.32857",824546.163396022
"2718","44","52","2021","1","1","0","5031468.96594, 3049468.32857","4881468.96594, 3509468.32857",824546.163396022
"2719","44","53","2022","1","1","1","5031468.96594, 3039468.32857","4881468.96594, 3509468.32857",826168.625244451
"2720","44","54","2023","1","1","0","5031468.96594, 3029468.32857","4881468.96594, 3509468.32857",830511.442034892
"2721","44","55","2024","1","0","0","5031468.96594, 3019468.32857","4881468.96594, 3509468.32857",843773.244412085
"2722","44","56","2025","1","0","0","5031468.96594, 3009468.32857","4881468.96594, 3509468.32857",843773.244412085
"2723","44","57","2026","1","1","0","5031468.96594, 2999468.32857","4881468.96594, 3509468.32857",845659.768814387
"2724","44","58","2027","1","1","0","5031468.96594, 2989468.32857","4881468.96594, 3509468.32857",845659.768814387
"2725","44","59","2028","0","0","0","5031468.96594, 2979468.32857","4881468.96594, 3509468.32857",845659.768814387
"2726","44","60","2029","0","0","0","5031468.96594, 2969468.32857","4881468.96594, 3509468.32857",975813.581588805
"2727","44","61","2030","0","0","0","5031724.54121, 2960035.74239","4881468.96594, 3509468.32857",975813.581588805
"2728","44","62","2031","0","0","0","5036268.18166, 2954413.59107","4881468.96594, 3509468.32857",975813.581588805
"2733","45","5","2032","0","0","0","5041471.8461, 3519355.64672","4881468.96594, 3509468.32857",25740.808654003
"2734","45","6","2033","0","1","0","5041468.96594, 3509468.32857","4881468.96594, 3509468.32857",27546.7674539531
"2735","45","7","2034","0","1","0","5041468.96594, 3499468.32857","4881468.96594, 3509468.32857",27546.7674539531
"2736","45","8","2035","0","1","0","5041468.96594, 3489468.32857","4881468.96594, 3509468.32857",27546.7674539531
"2737","45","9","2036","0","1","0","5041468.96594, 3479468.32857","4881468.96594, 3509468.32857",71976.761772126
"2738","45","10","2037","1","1","0","5041468.96594, 3469468.32857","4881468.96594, 3509468.32857",71976.761772126
"2739","45","11","2038","1","0","0","5041468.96594, 3459468.32857","4881468.96594, 3509468.32857",71976.761772126
"2740","45","12","2039","1","0","0","5041468.96594, 3449468.32857","4881468.96594, 3509468.32857",71976.761772126
"2741","45","13","2040","1","1","0","5041468.96594, 3439468.32857","4881468.96594, 3509468.32857",396438.787727265
"2742","45","14","2041","1","1","0","5041468.96594, 3429468.32857","4881468.96594, 3509468.32857",396438.787727265
"2743","45","15","2042","1","1","0","5041468.96594, 3419468.32857","4881468.96594, 3509468.32857",396438.787727265
"2744","45","16","2043","1","0","0","5041468.96594, 3409468.32857","4881468.96594, 3509468.32857",396438.787727265
"2745","45","17","2044","1","0","0","5041468.96594, 3399468.32857","4881468.96594, 3509468.32857",396438.787727265
"2746","45","18","2045","1","0","0","5041468.96594, 3389468.32857","4881468.96594, 3509468.32857",396438.787727265
"2747","45","19","2046","1","0","0","5041468.96594, 3379468.32857","4881468.96594, 3509468.32857",396438.787727265
"2748","45","20","2047","0","0","0","5041468.96594, 3369468.32857","4881468.96594, 3509468.32857",396438.787727265
"2749","45","21","2048","1","0","0","5041468.96594, 3359468.32857","4881468.96594, 3509468.32857",396438.787727265
"2750","45","22","2049","0","1","0","5041468.96594, 3349468.32857","4881468.96594, 3509468.32857",396438.787727265
"2751","45","23","2050","0","1","0","5041468.96594, 3339468.32857","4881468.96594, 3509468.32857",396438.787727265
"2752","45","24","2051","0","1","0","5041468.96594, 3329468.32857","4881468.96594, 3509468.32857",396438.787727265
"2753","45","25","2052","1","0","0","5041468.96594, 3319468.32857","4881468.96594, 3509468.32857",396438.787727265
"2754","45","26","2053","1","1","1","5041468.96594, 3309468.32857","4881468.96594, 3509468.32857",392394.792428811
"2755","45","27","2054","0","0","0","5041468.96594, 3299468.32857","4881468.96594, 3509468.32857",392394.792428811
"2756","45","28","2055","1","1","0","5041468.96594, 3289468.32857","4881468.96594, 3509468.32857",392394.792428811
"2757","45","29","2056","1","1","0","5041468.96594, 3279468.32857","4881468.96594, 3509468.32857",377051.337322171
"2758","45","30","2057","1","1","0","5041468.96594, 3269468.32857","4881468.96594, 3509468.32857",377051.337322171
"2759","45","31","2058","1","1","0","5041468.96594, 3259468.32857","4881468.96594, 3509468.32857",434852.183530195
"2760","45","32","2059","1","1","0","5041468.96594, 3249468.32857","4881468.96594, 3509468.32857",475858.670669154
"2761","45","33","2060","0","1","0","5041468.96594, 3239468.32857","4881468.96594, 3509468.32857",478140.771021163
"2762","45","34","2061","0","1","0","5041468.96594, 3229468.32857","4881468.96594, 3509468.32857",478140.771021163
"2763","45","35","2062","0","1","0","5041468.96594, 3219468.32857","4881468.96594, 3509468.32857",478140.771021163
"2764","45","36","2063","1","1","0","5041468.96594, 3209468.32857","4881468.96594, 3509468.32857",478140.771021163
"2765","45","37","2064","1","1","0","5041468.96594, 3199468.32857","4881468.96594, 3509468.32857",482720.331065932
"2766","45","38","2065","1","1","0","5041468.96594, 3189468.32857","4881468.96594, 3509468.32857",505620.327267443
"2767","45","39","2066","0","1","0","5041468.96594, 3179468.32857","4881468.96594, 3509468.32857",510829.957678971
"2768","45","40","2067","1","1","0","5041468.96594, 3169468.32857","4881468.96594, 3509468.32857",510829.957678971
"2769","45","41","2068","1","0","0","5041468.96594, 3159468.32857","4881468.96594, 3509468.32857",752816.485702147
"2770","45","42","2069","0","0","0","5041468.96594, 3149468.32857","4881468.96594, 3509468.32857",752816.485702147
"2771","45","43","2070","0","1","0","5041468.96594, 3139468.32857","4881468.96594, 3509468.32857",752816.485702147
"2772","45","44","2071","0","1","0","5041468.96594, 3129468.32857","4881468.96594, 3509468.32857",752816.485702147
"2773","45","45","2072","0","0","0","5041468.96594, 3119468.32857","4881468.96594, 3509468.32857",752816.485702147
"2774","45","46","2073","1","1","0","5041468.96594, 3109468.32857","4881468.96594, 3509468.32857",752816.485702147
"2775","45","47","2074","1","1","0","5041468.96594, 3099468.32857","4881468.96594, 3509468.32857",788037.968308131
"2776","45","48","2075","1","0","0","5041468.96594, 3089468.32857","4881468.96594, 3509468.32857",788037.968308131
"2777","45","49","2076","1","0","0","5041468.96594, 3079468.32857","4881468.96594, 3509468.32857",788037.968308131
"2778","45","50","2077","1","0","0","5041468.96594, 3069468.32857","4881468.96594, 3509468.32857",798684.993072968
"2779","45","51","2078","1","1","0","5041468.96594, 3059468.32857","4881468.96594, 3509468.32857",798684.993072968
"2780","45","52","2079","1","1","0","5041468.96594, 3049468.32857","4881468.96594, 3509468.32857",816359.519649108
"2781","45","53","2080","1","1","1","5041468.96594, 3039468.32857","4881468.96594, 3509468.32857",816359.519649108
"2782","45","54","2081","0","0","0","5041468.96594, 3029468.32857","4881468.96594, 3509468.32857",814367.229763207
"2783","45","55","2082","0","0","0","5041468.96594, 3019468.32857","4881468.96594, 3509468.32857",814367.229763207
"2784","45","56","2083","1","0","0","5041468.96594, 3009468.32857","4881468.96594, 3509468.32857",843773.244412085
"2785","45","57","2084","1","1","0","5041468.96594, 2999468.32857","4881468.96594, 3509468.32857",843773.244412085
"2786","45","58","2085","1","1","0","5041468.96594, 2989468.32857","4881468.96594, 3509468.32857",843773.244412085
"2787","45","59","2086","1","1","0","5041468.96594, 2979468.32857","4881468.96594, 3509468.32857",845659.768814387
"2788","45","60","2087","1","1","0","5041468.96594, 2969468.32857","4881468.96594, 3509468.32857",845659.768814387
"2789","45","61","2088","1","1","0","5041468.96594, 2959468.32857","4881468.96594, 3509468.32857",975813.581588805
"2790","45","62","2089","0","0","0","5042956.43622, 2953501.92038","4881468.96594, 3509468.32857",975813.581588805
"2794","46","4","2090","0","1","0","5054681.11971, 3524940.19442","4881468.96594, 3509468.32857",25740.808654003
"2795","46","5","2091","0","1","0","5051493.97468, 3519425.85722","4881468.96594, 3509468.32857",25740.808654003
"2796","46","6","2092","0","1","0","5051468.96594, 3509468.32857","4881468.96594, 3509468.32857",27546.7674539531
"2797","46","7","2093","0","1","0","5051468.96594, 3499468.32857","4881468.96594, 3509468.32857",27546.7674539531
"2798","46","8","2094","0","0","0","5051468.96594, 3489468.32857","4881468.96594, 3509468.32857",27546.7674539531
"2799","46","9","2095","0","0","0","5051468.96594, 3479468.32857","4881468.96594, 3509468.32857",71976.761772126
"2800","46","10","2096","1","1","0","5051468.96594, 3469468.32857","4881468.96594, 3509468.32857",71976.761772126
"2801","46","11","2097","0","0","0","5051468.96594, 3459468.32857","4881468.96594, 3509468.32857",71976.761772126
"2802","46","12","2098","1","0","0","5051468.96594, 3449468.32857","4881468.96594, 3509468.32857",396438.787727265
"2803","46","13","2099","1","1","0","5051468.96594, 3439468.32857","4881468.96594, 3509468.32857",396438.787727265
"2804","46","14","2100","0","1","0","5051468.96594, 3429468.32857","4881468.96594, 3509468.32857",396438.787727265
"2805","46","15","2101","1","1","0","5051468.96594, 3419468.32857","4881468.96594, 3509468.32857",396438.787727265
"2806","46","16","2102","0","0","0","5051468.96594, 3409468.32857","4881468.96594, 3509468.32857",396438.787727265
"2807","46","17","2103","0","0","0","5051468.96594, 3399468.32857","4881468.96594, 3509468.32857",396438.787727265
"2808","46","18","2104","0","0","0","5051468.96594, 3389468.32857","4881468.96594, 3509468.32857",396438.787727265
"2809","46","19","2105","1","0","0","5051468.96594, 3379468.32857","4881468.96594, 3509468.32857",396438.787727265
"2810","46","20","2106","1","0","0","5051468.96594, 3369468.32857","4881468.96594, 3509468.32857",396438.787727265
"2811","46","21","2107","1","0","0","5051468.96594, 3359468.32857","4881468.96594, 3509468.32857",398014.986816966
"2812","46","22","2108","0","0","0","5051468.96594, 3349468.32857","4881468.96594, 3509468.32857",398014.986816966
"2813","46","23","2109","0","1","0","5051468.96594, 3339468.32857","4881468.96594, 3509468.32857",398014.986816966
"2814","46","24","2110","0","1","0","5051468.96594, 3329468.32857","4881468.96594, 3509468.32857",398014.986816966
"2815","46","25","2111","1","1","0","5051468.96594, 3319468.32857","4881468.96594, 3509468.32857",403864.158453094
"2816","46","26","2112","1","1","1","5051468.96594, 3309468.32857","4881468.96594, 3509468.32857",405620.553752489
"2817","46","27","2113","0","0","0","5051468.96594, 3299468.32857","4881468.96594, 3509468.32857",408323.636875929
"2818","46","28","2114","1","1","0","5051468.96594, 3289468.32857","4881468.96594, 3509468.32857",420103.568705677
"2819","46","29","2115","1","1","0","5051468.96594, 3279468.32857","4881468.96594, 3509468.32857",429293.239256318
"2820","46","30","2116","1","0","0","5051468.96594, 3269468.32857","4881468.96594, 3509468.32857",434852.183530195
"2821","46","31","2117","1","1","0","5051468.96594, 3259468.32857","4881468.96594, 3509468.32857",457253.891176061
"2822","46","32","2118","1","0","0","5051468.96594, 3249468.32857","4881468.96594, 3509468.32857",475858.670669154
"2823","46","33","2119","0","0","0","5051468.96594, 3239468.32857","4881468.96594, 3509468.32857",478140.771021163
"2824","46","34","2120","0","0","0","5051468.96594, 3229468.32857","4881468.96594, 3509468.32857",478140.771021163
"2825","46","35","2121","0","0","0","5051468.96594, 3219468.32857","4881468.96594, 3509468.32857",478140.771021163
"2826","46","36","2122","1","0","0","5051468.96594, 3209468.32857","4881468.96594, 3509468.32857",482720.331065932
"2827","46","37","2123","1","1","0","5051468.96594, 3199468.32857","4881468.96594, 3509468.32857",505620.327267443
"2828","46","38","2124","0","0","0","5051468.96594, 3189468.32857","4881468.96594, 3509468.32857",510829.957678971
"2829","46","39","2125","0","0","0","5051468.96594, 3179468.32857","4881468.96594, 3509468.32857",510829.957678971
"2830","46","40","2126","1","1","0","5051468.96594, 3169468.32857","4881468.96594, 3509468.32857",510829.957678971
"2831","46","41","2127","1","0","0","5051468.96594, 3159468.32857","4881468.96594, 3509468.32857",751013.235814966
"2832","46","42","2128","1","0","0","5051468.96594, 3149468.32857","4881468.96594, 3509468.32857",751013.235814966
"2833","46","43","2129","0","1","0","5051468.96594, 3139468.32857","4881468.96594, 3509468.32857",752816.485702147
"2834","46","44","2130","1","0","0","5051468.96594, 3129468.32857","4881468.96594, 3509468.32857",752816.485702147
"2835","46","45","2131","1","1","0","5051468.96594, 3119468.32857","4881468.96594, 3509468.32857",752816.485702147
"2836","46","46","2132","1","1","0","5051468.96594, 3109468.32857","4881468.96594, 3509468.32857",752816.485702147
"2837","46","47","2133","0","0","0","5051468.96594, 3099468.32857","4881468.96594, 3509468.32857",752816.485702147
"2838","46","48","2134","0","0","0","5051468.96594, 3089468.32857","4881468.96594, 3509468.32857",788037.968308131
"2839","46","49","2135","0","0","0","5051468.96594, 3079468.32857","4881468.96594, 3509468.32857",788037.968308131
"2840","46","50","2136","0","0","0","5051468.96594, 3069468.32857","4881468.96594, 3509468.32857",788037.968308131
"2841","46","51","2137","0","0","0","5051468.96594, 3059468.32857","4881468.96594, 3509468.32857",793434.063327352
"2842","46","52","2138","1","1","1","5051468.96594, 3049468.32857","4881468.96594, 3509468.32857",803358.035517626
"2843","46","53","2139","1","1","1","5051468.96594, 3039468.32857","4881468.96594, 3509468.32857",807337.791627638
"2844","46","54","2140","0","0","0","5051468.96594, 3029468.32857","4881468.96594, 3509468.32857",810709.615204247
"2845","46","55","2141","0","0","0","5051468.96594, 3019468.32857","4881468.96594, 3509468.32857",810709.615204247
"2846","46","56","2142","1","1","0","5051468.96594, 3009468.32857","4881468.96594, 3509468.32857",810709.615204247
"2847","46","57","2143","1","1","0","5051468.96594, 2999468.32857","4881468.96594, 3509468.32857",814367.229763207
"2848","46","58","2144","0","0","0","5051468.96594, 2989468.32857","4881468.96594, 3509468.32857",843773.244412085
"2849","46","59","2145","1","0","0","5051468.96594, 2979468.32857","4881468.96594, 3509468.32857",843773.244412085
"2850","46","60","2146","1","0","0","5051468.96594, 2969468.32857","4881468.96594, 3509468.32857",843773.244412085
"2851","46","61","2147","1","0","0","5051468.96594, 2959468.32857","4881468.96594, 3509468.32857",843773.244412085
"2852","46","62","2148","0","0","0","5052003.07342, 2952268.78041","4881468.96594, 3509468.32857",845659.768814387
"2856","47","4","2149","0","0","0","5062273.06709, 3525942.0649","4881468.96594, 3509468.32857",25740.808654003
"2857","47","5","2150","0","0","0","5061468.96594, 3519468.32857","4881468.96594, 3509468.32857",25246.6338257177
"2858","47","6","2151","0","0","0","5061468.96594, 3509468.32857","4881468.96594, 3509468.32857",27546.7674539531
"2859","47","7","2152","0","1","0","5061468.96594, 3499468.32857","4881468.96594, 3509468.32857",27546.7674539531
"2860","47","8","2153","0","0","0","5061468.96594, 3489468.32857","4881468.96594, 3509468.32857",27546.7674539531
"2861","47","9","2154","1","1","0","5061468.96594, 3479468.32857","4881468.96594, 3509468.32857",71976.761772126
"2862","47","10","2155","1","1","0","5061468.96594, 3469468.32857","4881468.96594, 3509468.32857",71976.761772126
"2863","47","11","2156","1","0","0","5061468.96594, 3459468.32857","4881468.96594, 3509468.32857",396438.787727265
"2864","47","12","2157","1","0","0","5061468.96594, 3449468.32857","4881468.96594, 3509468.32857",396438.787727265
"2865","47","13","2158","1","1","0","5061468.96594, 3439468.32857","4881468.96594, 3509468.32857",398014.986816966
"2866","47","14","2159","0","0","0","5061468.96594, 3429468.32857","4881468.96594, 3509468.32857",398014.986816966
"2867","47","15","2160","0","0","0","5061468.96594, 3419468.32857","4881468.96594, 3509468.32857",398014.986816966
"2868","47","16","2161","0","0","0","5061468.96594, 3409468.32857","4881468.96594, 3509468.32857",398014.986816966
"2869","47","17","2162","0","0","0","5061468.96594, 3399468.32857","4881468.96594, 3509468.32857",398014.986816966
"2870","47","18","2163","0","0","0","5061468.96594, 3389468.32857","4881468.96594, 3509468.32857",398014.986816966
"2871","47","19","2164","0","0","0","5061468.96594, 3379468.32857","4881468.96594, 3509468.32857",398014.986816966
"2872","47","20","2165","1","0","0","5061468.96594, 3369468.32857","4881468.96594, 3509468.32857",398014.986816966
"2873","47","21","2166","1","0","0","5061468.96594, 3359468.32857","4881468.96594, 3509468.32857",398014.986816966
"2874","47","22","2167","1","0","0","5061468.96594, 3349468.32857","4881468.96594, 3509468.32857",403864.158453094
"2875","47","23","2168","0","0","0","5061468.96594, 3339468.32857","4881468.96594, 3509468.32857",413750.210423476
"2876","47","24","2169","0","0","0","5061468.96594, 3329468.32857","4881468.96594, 3509468.32857",413750.210423476
"2877","47","25","2170","1","1","0","5061468.96594, 3319468.32857","4881468.96594, 3509468.32857",413750.210423476
"2878","47","26","2171","1","1","1","5061468.96594, 3309468.32857","4881468.96594, 3509468.32857",413750.210423476
"2879","47","27","2172","1","1","1","5061468.96594, 3299468.32857","4881468.96594, 3509468.32857",420103.568705677
"2880","47","28","2173","1","1","0","5061468.96594, 3289468.32857","4881468.96594, 3509468.32857",429293.239256318
"2881","47","29","2174","1","1","0","5061468.96594, 3279468.32857","4881468.96594, 3509468.32857",434852.183530195
"2882","47","30","2175","1","0","0","5061468.96594, 3269468.32857","4881468.96594, 3509468.32857",440334.549843139
"2883","47","31","2176","1","1","0","5061468.96594, 3259468.32857","4881468.96594, 3509468.32857",462889.26991012
"2884","47","32","2177","1","0","0","5061468.96594, 3249468.32857","4881468.96594, 3509468.32857",475858.670669154
"2885","47","33","2178","0","0","0","5061468.96594, 3239468.32857","4881468.96594, 3509468.32857",478140.771021163
"2886","47","34","2179","0","0","0","5061468.96594, 3229468.32857","4881468.96594, 3509468.32857",478140.771021163
"2887","47","35","2180","1","0","0","5061468.96594, 3219468.32857","4881468.96594, 3509468.32857",482720.331065932
"2888","47","36","2181","1","0","0","5061468.96594, 3209468.32857","4881468.96594, 3509468.32857",505620.327267443
"2889","47","37","2182","1","1","0","5061468.96594, 3199468.32857","4881468.96594, 3509468.32857",510829.957678971
"2890","47","38","2183","1","1","0","5061468.96594, 3189468.32857","4881468.96594, 3509468.32857",510829.957678971
"2891","47","39","2184","0","0","0","5061468.96594, 3179468.32857","4881468.96594, 3509468.32857",510829.957678971
"2892","47","40","2185","1","1","0","5061468.96594, 3169468.32857","4881468.96594, 3509468.32857",598083.606982908
"2893","47","41","2186","0","0","0","5061468.96594, 3159468.32857","4881468.96594, 3509468.32857",598083.606982908
"2894","47","42","2187","1","1","0","5061468.96594, 3149468.32857","4881468.96594, 3509468.32857",741512.354593765
"2895","47","43","2188","1","1","0","5061468.96594, 3139468.32857","4881468.96594, 3509468.32857",751013.235814966
"2896","47","44","2189","1","1","0","5061468.96594, 3129468.32857","4881468.96594, 3509468.32857",751013.235814966
"2897","47","45","2190","0","1","0","5061468.96594, 3119468.32857","4881468.96594, 3509468.32857",752816.485702147
"2898","47","46","2191","1","1","0","5061468.96594, 3109468.32857","4881468.96594, 3509468.32857",752816.485702147
"2899","47","47","2192","0","0","0","5061468.96594, 3099468.32857","4881468.96594, 3509468.32857",752816.485702147
"2900","47","48","2193","0","0","0","5061468.96594, 3089468.32857","4881468.96594, 3509468.32857",752816.485702147
"2901","47","49","2194","0","0","0","5061468.96594, 3079468.32857","4881468.96594, 3509468.32857",763917.574898088
"2902","47","50","2195","0","0","0","5061468.96594, 3069468.32857","4881468.96594, 3509468.32857",788037.968308131
"2903","47","51","2196","1","0","1","5061468.96594, 3059468.32857","4881468.96594, 3509468.32857",788037.968308131
"2904","47","52","2197","1","0","1","5061468.96594, 3049468.32857","4881468.96594, 3509468.32857",795196.266484585
"2905","47","53","2198","1","1","0","5061468.96594, 3039468.32857","4881468.96594, 3509468.32857",795196.266484585
"2906","47","54","2199","0","0","0","5061468.96594, 3029468.32857","4881468.96594, 3509468.32857",807337.791627638
"2907","47","55","2200","0","0","0","5061468.96594, 3019468.32857","4881468.96594, 3509468.32857",807337.791627638
"2908","47","56","2201","1","1","0","5061468.96594, 3009468.32857","4881468.96594, 3509468.32857",807337.791627638
"2909","47","57","2202","0","0","0","5061468.96594, 2999468.32857","4881468.96594, 3509468.32857",810709.615204247
"2910","47","58","2203","0","0","0","5061468.96594, 2989468.32857","4881468.96594, 3509468.32857",810709.615204247
"2911","47","59","2204","0","0","0","5061468.96594, 2979468.32857","4881468.96594, 3509468.32857",810709.615204247
"2912","47","60","2205","0","0","0","5061468.96594, 2969468.32857","4881468.96594, 3509468.32857",810709.615204247
"2913","47","61","2206","1","0","0","5061468.96594, 2959468.32857","4881468.96594, 3509468.32857",843773.244412085
"2914","47","62","2207","0","0","0","5060728.98429, 2952039.76086","4881468.96594, 3509468.32857",843773.244412085
"2918","48","4","2208","1","0","0","5071878.1941, 3527209.6044","4881468.96594, 3509468.32857",25740.808654003
"2919","48","5","2209","0","0","0","5071468.96594, 3519468.32857","4881468.96594, 3509468.32857",25246.6338257177
"2920","48","6","2210","0","0","0","5071468.96594, 3509468.32857","4881468.96594, 3509468.32857",27546.7674539531
"2921","48","7","2211","0","1","0","5071468.96594, 3499468.32857","4881468.96594, 3509468.32857",27546.7674539531
"2922","48","8","2212","1","0","0","5071468.96594, 3489468.32857","4881468.96594, 3509468.32857",27546.7674539531
"2923","48","9","2213","1","0","0","5071468.96594, 3479468.32857","4881468.96594, 3509468.32857",71976.761772126
"2924","48","10","2214","1","1","0","5071468.96594, 3469468.32857","4881468.96594, 3509468.32857",398014.986816966
"2925","48","11","2215","1","0","0","5071468.96594, 3459468.32857","4881468.96594, 3509468.32857",398014.986816966
"2926","48","12","2216","1","1","0","5071468.96594, 3449468.32857","4881468.96594, 3509468.32857",398014.986816966
"2927","48","13","2217","1","1","0","5071468.96594, 3439468.32857","4881468.96594, 3509468.32857",398014.986816966
"2928","48","14","2218","1","0","0","5071468.96594, 3429468.32857","4881468.96594, 3509468.32857",398014.986816966
"2929","48","15","2219","1","0","0","5071468.96594, 3419468.32857","4881468.96594, 3509468.32857",398014.986816966
"2930","48","16","2220","1","0","0","5071468.96594, 3409468.32857","4881468.96594, 3509468.32857",398014.986816966
"2931","48","17","2221","0","0","0","5071468.96594, 3399468.32857","4881468.96594, 3509468.32857",398014.986816966
"2932","48","18","2222","0","0","0","5071468.96594, 3389468.32857","4881468.96594, 3509468.32857",398014.986816966
"2933","48","19","2223","0","0","0","5071468.96594, 3379468.32857","4881468.96594, 3509468.32857",413750.210423476
"2934","48","20","2224","1","0","0","5071468.96594, 3369468.32857","4881468.96594, 3509468.32857",413750.210423476
"2935","48","21","2225","1","0","0","5071468.96594, 3359468.32857","4881468.96594, 3509468.32857",413750.210423476
"2936","48","22","2226","1","0","0","5071468.96594, 3349468.32857","4881468.96594, 3509468.32857",413750.210423476
"2937","48","23","2227","1","0","0","5071468.96594, 3339468.32857","4881468.96594, 3509468.32857",413750.210423476
"2938","48","24","2228","1","0","0","5071468.96594, 3329468.32857","4881468.96594, 3509468.32857",413750.210423476
"2939","48","25","2229","1","1","0","5071468.96594, 3319468.32857","4881468.96594, 3509468.32857",413750.210423476
"2940","48","26","2230","0","1","0","5071468.96594, 3309468.32857","4881468.96594, 3509468.32857",418554.175850692
"2941","48","27","2231","1","1","1","5071468.96594, 3299468.32857","4881468.96594, 3509468.32857",427004.078103519
"2942","48","28","2232","1","1","1","5071468.96594, 3289468.32857","4881468.96594, 3509468.32857",434852.183530195
"2943","48","29","2233","1","1","0","5071468.96594, 3279468.32857","4881468.96594, 3509468.32857",440334.549843139
"2944","48","30","2234","1","1","0","5071468.96594, 3269468.32857","4881468.96594, 3509468.32857",457253.891176061
"2945","48","31","2235","1","1","0","5071468.96594, 3259468.32857","4881468.96594, 3509468.32857",475858.670669154
"2946","48","32","2236","1","0","0","5071468.96594, 3249468.32857","4881468.96594, 3509468.32857",478140.771021163
"2947","48","33","2237","1","0","0","5071468.96594, 3239468.32857","4881468.96594, 3509468.32857",478140.771021163
"2948","48","34","2238","1","0","0","5071468.96594, 3229468.32857","4881468.96594, 3509468.32857",482720.331065932
"2949","48","35","2239","1","0","0","5071468.96594, 3219468.32857","4881468.96594, 3509468.32857",503682.45762282
"2950","48","36","2240","0","0","0","5071468.96594, 3209468.32857","4881468.96594, 3509468.32857",505620.327267443
"2951","48","37","2241","1","1","0","5071468.96594, 3199468.32857","4881468.96594, 3509468.32857",510829.957678971
"2952","48","38","2242","1","1","0","5071468.96594, 3189468.32857","4881468.96594, 3509468.32857",510829.957678971
"2953","48","39","2243","0","0","0","5071468.96594, 3179468.32857","4881468.96594, 3509468.32857",510829.957678971
"2954","48","40","2244","1","1","0","5071468.96594, 3169468.32857","4881468.96594, 3509468.32857",598083.606982908
"2955","48","41","2245","1","0","0","5071468.96594, 3159468.32857","4881468.96594, 3509468.32857",598083.606982908
"2956","48","42","2246","1","1","0","5071468.96594, 3149468.32857","4881468.96594, 3509468.32857",705119.608547053
"2957","48","43","2247","1","0","0","5071468.96594, 3139468.32857","4881468.96594, 3509468.32857",741512.354593765
"2958","48","44","2248","1","0","0","5071468.96594, 3129468.32857","4881468.96594, 3509468.32857",741512.354593765
"2959","48","45","2249","1","1","0","5071468.96594, 3119468.32857","4881468.96594, 3509468.32857",751013.235814966
"2960","48","46","2250","1","1","0","5071468.96594, 3109468.32857","4881468.96594, 3509468.32857",751013.235814966
"2961","48","47","2251","0","1","0","5071468.96594, 3099468.32857","4881468.96594, 3509468.32857",752816.485702147
"2962","48","48","2252","0","1","0","5071468.96594, 3089468.32857","4881468.96594, 3509468.32857",752816.485702147
"2963","48","49","2253","0","0","0","5071468.96594, 3079468.32857","4881468.96594, 3509468.32857",757006.592990675
"2964","48","50","2254","0","0","0","5071468.96594, 3069468.32857","4881468.96594, 3509468.32857",765844.801559326
"2965","48","51","2255","1","0","1","5071468.96594, 3059468.32857","4881468.96594, 3509468.32857",778099.841084029
"2966","48","52","2256","0","0","0","5071468.96594, 3049468.32857","4881468.96594, 3509468.32857",781268.927499091
"2967","48","53","2257","1","1","0","5071468.96594, 3039468.32857","4881468.96594, 3509468.32857",795196.266484585
"2968","48","54","2258","0","0","0","5071468.96594, 3029468.32857","4881468.96594, 3509468.32857",795196.266484585
"2969","48","55","2259","0","0","0","5071468.96594, 3019468.32857","4881468.96594, 3509468.32857",807337.791627638
"2970","48","56","2260","1","1","0","5071468.96594, 3009468.32857","4881468.96594, 3509468.32857",807337.791627638
"2971","48","57","2261","0","0","0","5071468.96594, 2999468.32857","4881468.96594, 3509468.32857",807337.791627638
"2972","48","58","2262","0","0","0","5071468.96594, 2989468.32857","4881468.96594, 3509468.32857",807337.791627638
"2973","48","59","2263","0","0","0","5071468.96594, 2979468.32857","4881468.96594, 3509468.32857",807337.791627638
"2974","48","60","2264","0","0","0","5071468.96594, 2969468.32857","4881468.96594, 3509468.32857",810709.615204247
"2975","48","61","2265","1","0","0","5071245.48434, 2959753.43669","4881468.96594, 3509468.32857",810709.615204247
"2976","48","62","2266","1","0","0","5068076.62159, 2953701.83684","4881468.96594, 3509468.32857",810709.615204247
"2980","49","4","2267","1","0","0","5081743.41793, 3528511.46755","4881468.96594, 3509468.32857",25740.808654003
"2981","49","5","2268","1","0","0","5081468.96594, 3519468.32857","4881468.96594, 3509468.32857",25246.6338257177
"2982","49","6","2269","0","0","0","5081468.96594, 3509468.32857","4881468.96594, 3509468.32857",27546.7674539531
"2983","49","7","2270","1","1","0","5081468.96594, 3499468.32857","4881468.96594, 3509468.32857",27546.7674539531
"2984","49","8","2271","1","0","0","5081468.96594, 3489468.32857","4881468.96594, 3509468.32857",27546.7674539531
"2985","49","9","2272","1","1","0","5081468.96594, 3479468.32857","4881468.96594, 3509468.32857",398014.986816966
"2986","49","10","2273","1","1","0","5081468.96594, 3469468.32857","4881468.96594, 3509468.32857",398014.986816966
"2987","49","11","2274","1","1","0","5081468.96594, 3459468.32857","4881468.96594, 3509468.32857",398014.986816966
"2988","49","12","2275","1","1","0","5081468.96594, 3449468.32857","4881468.96594, 3509468.32857",398014.986816966
"2989","49","13","2276","0","0","0","5081468.96594, 3439468.32857","4881468.96594, 3509468.32857",398014.986816966
"2990","49","14","2277","0","0","0","5081468.96594, 3429468.32857","4881468.96594, 3509468.32857",398014.986816966
"2991","49","15","2278","0","0","0","5081468.96594, 3419468.32857","4881468.96594, 3509468.32857",413750.210423476
"2992","49","16","2279","1","0","0","5081468.96594, 3409468.32857","4881468.96594, 3509468.32857",413750.210423476
"2993","49","17","2280","1","0","0","5081468.96594, 3399468.32857","4881468.96594, 3509468.32857",413750.210423476
"2994","49","18","2281","0","0","0","5081468.96594, 3389468.32857","4881468.96594, 3509468.32857",413750.210423476
"2995","49","19","2282","1","0","0","5081468.96594, 3379468.32857","4881468.96594, 3509468.32857",413750.210423476
"2996","49","20","2283","1","0","0","5081468.96594, 3369468.32857","4881468.96594, 3509468.32857",413750.210423476
"2997","49","21","2284","1","0","0","5081468.96594, 3359468.32857","4881468.96594, 3509468.32857",413750.210423476
"2998","49","22","2285","0","0","0","5081468.96594, 3349468.32857","4881468.96594, 3509468.32857",413750.210423476
"2999","49","23","2286","0","0","0","5081468.96594, 3339468.32857","4881468.96594, 3509468.32857",413750.210423476
"3000","49","24","2287","1","0","0","5081468.96594, 3329468.32857","4881468.96594, 3509468.32857",413750.210423476
"3001","49","25","2288","1","1","0","5081468.96594, 3319468.32857","4881468.96594, 3509468.32857",415957.82828879
"3002","49","26","2289","1","1","0","5081468.96594, 3309468.32857","4881468.96594, 3509468.32857",427004.078103519
"3003","49","27","2290","1","1","0","5081468.96594, 3299468.32857","4881468.96594, 3509468.32857",436475.126791572
"3004","49","28","2291","1","1","1","5081468.96594, 3289468.32857","4881468.96594, 3509468.32857",442626.797875349
"3005","49","29","2292","0","0","1","5081468.96594, 3279468.32857","4881468.96594, 3509468.32857",449179.587259301
"3006","49","30","2293","1","1","0","5081468.96594, 3269468.32857","4881468.96594, 3509468.32857",462889.26991012
"3007","49","31","2294","1","1","0","5081468.96594, 3259468.32857","4881468.96594, 3509468.32857",475858.670669154
"3008","49","32","2295","0","1","0","5081468.96594, 3249468.32857","4881468.96594, 3509468.32857",478140.771021163
"3009","49","33","2296","0","0","0","5081468.96594, 3239468.32857","4881468.96594, 3509468.32857",482720.331065932
"3010","49","34","2297","1","0","0","5081468.96594, 3229468.32857","4881468.96594, 3509468.32857",501543.260424955
"3011","49","35","2298","1","0","0","5081468.96594, 3219468.32857","4881468.96594, 3509468.32857",505620.327267443
"3012","49","36","2299","1","0","0","5081468.96594, 3209468.32857","4881468.96594, 3509468.32857",510829.957678971
"3013","49","37","2300","1","1","0","5081468.96594, 3199468.32857","4881468.96594, 3509468.32857",510829.957678971
"3014","49","38","2301","1","1","0","5081468.96594, 3189468.32857","4881468.96594, 3509468.32857",510829.957678971
"3015","49","39","2302","1","1","0","5081468.96594, 3179468.32857","4881468.96594, 3509468.32857",595977.685270028
"3016","49","40","2303","1","1","0","5081468.96594, 3169468.32857","4881468.96594, 3509468.32857",598083.606982908
"3017","49","41","2304","1","1","0","5081468.96594, 3159468.32857","4881468.96594, 3509468.32857",598083.606982908
"3018","49","42","2305","0","1","0","5081468.96594, 3149468.32857","4881468.96594, 3509468.32857",690484.88876404
"3019","49","43","2306","1","0","0","5081468.96594, 3139468.32857","4881468.96594, 3509468.32857",705119.608547053
"3020","49","44","2307","0","0","0","5081468.96594, 3129468.32857","4881468.96594, 3509468.32857",723113.444658502
"3021","49","45","2308","0","0","0","5081468.96594, 3119468.32857","4881468.96594, 3509468.32857",737323.139908737
"3022","49","46","2309","1","1","0","5081468.96594, 3109468.32857","4881468.96594, 3509468.32857",741512.354593765
"3023","49","47","2310","1","0","0","5081468.96594, 3099468.32857","4881468.96594, 3509468.32857",745259.153605176
"3024","49","48","2311","1","1","0","5081468.96594, 3089468.32857","4881468.96594, 3509468.32857",751013.235814966
"3025","49","49","2312","1","0","1","5081468.96594, 3079468.32857","4881468.96594, 3509468.32857",752816.485702147
"3026","49","50","2313","1","0","1","5081468.96594, 3069468.32857","4881468.96594, 3509468.32857",758957.883305054
"3027","49","51","2314","1","0","1","5081468.96594, 3059468.32857","4881468.96594, 3509468.32857",770587.73557907
"3028","49","52","2315","0","0","0","5081468.96594, 3049468.32857","4881468.96594, 3509468.32857",774728.956856489
"3029","49","53","2316","1","1","0","5081468.96594, 3039468.32857","4881468.96594, 3509468.32857",774728.956856489
"3030","49","54","2317","1","0","0","5081468.96594, 3029468.32857","4881468.96594, 3509468.32857",776501.853691456
"3031","49","55","2318","1","0","0","5081468.96594, 3019468.32857","4881468.96594, 3509468.32857",795196.266484585
"3032","49","56","2319","1","1","0","5081468.96594, 3009468.32857","4881468.96594, 3509468.32857",795196.266484585
"3033","49","57","2320","1","0","0","5081468.96594, 2999468.32857","4881468.96594, 3509468.32857",807337.791627638
"3034","49","58","2321","0","0","0","5081468.96594, 2989468.32857","4881468.96594, 3509468.32857",807337.791627638
"3035","49","59","2322","0","0","0","5081468.96594, 2979468.32857","4881468.96594, 3509468.32857",807337.791627638
"3036","49","60","2323","0","0","0","5081468.96594, 2969468.32857","4881468.96594, 3509468.32857",807337.791627638
"3037","49","61","2324","0","1","0","5080697.15908, 2961710.42192","4881468.96594, 3509468.32857",807337.791627638
"3041","50","3","2325","0","0","0","5093977.40857, 3535125.92474","4881468.96594, 3509468.32857",25740.808654003
"3042","50","4","2326","0","0","0","5091504.25762, 3529427.77818","4881468.96594, 3509468.32857",25740.808654003
"3043","50","5","2327","1","0","0","5091468.96594, 3519468.32857","4881468.96594, 3509468.32857",25246.6338257177
"3044","50","6","2328","1","0","0","5091468.96594, 3509468.32857","4881468.96594, 3509468.32857",27546.7674539531
"3045","50","7","2329","1","1","0","5091468.96594, 3499468.32857","4881468.96594, 3509468.32857",27546.7674539531
"3046","50","8","2330","1","0","0","5091468.96594, 3489468.32857","4881468.96594, 3509468.32857",398014.986816966
"3047","50","9","2331","1","1","0","5091468.96594, 3479468.32857","4881468.96594, 3509468.32857",398014.986816966
"3048","50","10","2332","0","0","0","5091468.96594, 3469468.32857","4881468.96594, 3509468.32857",398014.986816966
"3049","50","11","2333","1","1","0","5091468.96594, 3459468.32857","4881468.96594, 3509468.32857",413750.210423476
"3050","50","12","2334","1","1","0","5091468.96594, 3449468.32857","4881468.96594, 3509468.32857",413750.210423476
"3051","50","13","2335","0","0","0","5091468.96594, 3439468.32857","4881468.96594, 3509468.32857",413750.210423476
"3052","50","14","2336","0","0","0","5091468.96594, 3429468.32857","4881468.96594, 3509468.32857",413750.210423476
"3053","50","15","2337","0","0","0","5091468.96594, 3419468.32857","4881468.96594, 3509468.32857",413750.210423476
"3054","50","16","2338","0","0","0","5091468.96594, 3409468.32857","4881468.96594, 3509468.32857",413750.210423476
"3055","50","17","2339","1","0","0","5091468.96594, 3399468.32857","4881468.96594, 3509468.32857",413750.210423476
"3056","50","18","2340","1","1","0","5091468.96594, 3389468.32857","4881468.96594, 3509468.32857",413750.210423476
"3057","50","19","2341","1","1","0","5091468.96594, 3379468.32857","4881468.96594, 3509468.32857",413750.210423476
"3058","50","20","2342","1","1","0","5091468.96594, 3369468.32857","4881468.96594, 3509468.32857",413750.210423476
"3059","50","21","2343","0","1","0","5091468.96594, 3359468.32857","4881468.96594, 3509468.32857",413750.210423476
"3060","50","22","2344","0","1","0","5091468.96594, 3349468.32857","4881468.96594, 3509468.32857",413750.210423476
"3061","50","23","2345","1","1","0","5091468.96594, 3339468.32857","4881468.96594, 3509468.32857",413750.210423476
"3062","50","24","2346","1","1","0","5091468.96594, 3329468.32857","4881468.96594, 3509468.32857",415957.82828879
"3063","50","25","2347","1","1","0","5091468.96594, 3319468.32857","4881468.96594, 3509468.32857",427004.078103519
"3064","50","26","2348","0","1","0","5091468.96594, 3309468.32857","4881468.96594, 3509468.32857",438377.225383089
"3065","50","27","2349","1","1","0","5091468.96594, 3299468.32857","4881468.96594, 3509468.32857",442626.797875349
"3066","50","28","2350","1","1","0","5091468.96594, 3289468.32857","4881468.96594, 3509468.32857",449179.587259301
"3067","50","29","2351","1","1","1","5091468.96594, 3279468.32857","4881468.96594, 3509468.32857",454932.839922894
"3068","50","30","2352","1","1","1","5091468.96594, 3269468.32857","4881468.96594, 3509468.32857",467770.587088431
"3069","50","31","2353","1","0","1","5091468.96594, 3259468.32857","4881468.96594, 3509468.32857",478140.771021163
"3070","50","32","2354","1","1","1","5091468.96594, 3249468.32857","4881468.96594, 3509468.32857",482720.331065932
"3071","50","33","2355","0","1","0","5091468.96594, 3239468.32857","4881468.96594, 3509468.32857",485836.255068794
"3072","50","34","2356","1","1","0","5091468.96594, 3229468.32857","4881468.96594, 3509468.32857",505620.327267443
"3073","50","35","2357","1","1","0","5091468.96594, 3219468.32857","4881468.96594, 3509468.32857",510829.957678971
"3074","50","36","2358","1","1","0","5091468.96594, 3209468.32857","4881468.96594, 3509468.32857",510829.957678971
"3075","50","37","2359","1","1","0","5091468.96594, 3199468.32857","4881468.96594, 3509468.32857",510829.957678971
"3076","50","38","2360","0","1","0","5091468.96594, 3189468.32857","4881468.96594, 3509468.32857",592299.131131595
"3077","50","39","2361","0","0","0","5091468.96594, 3179468.32857","4881468.96594, 3509468.32857",595977.685270028
"3078","50","40","2362","1","1","0","5091468.96594, 3169468.32857","4881468.96594, 3509468.32857",598083.606982908
"3079","50","41","2363","1","1","0","5091468.96594, 3159468.32857","4881468.96594, 3509468.32857",613110.052824334
"3080","50","42","2364","0","0","0","5091468.96594, 3149468.32857","4881468.96594, 3509468.32857",623019.755596334
"3081","50","43","2365","1","0","0","5091468.96594, 3139468.32857","4881468.96594, 3509468.32857",690484.88876404
"3082","50","44","2366","1","0","0","5091468.96594, 3129468.32857","4881468.96594, 3509468.32857",705119.608547053
"3083","50","45","2367","0","0","0","5091468.96594, 3119468.32857","4881468.96594, 3509468.32857",705119.608547053
"3084","50","46","2368","0","1","0","5091468.96594, 3109468.32857","4881468.96594, 3509468.32857",723113.444658502
"3085","50","47","2369","0","0","0","5091468.96594, 3099468.32857","4881468.96594, 3509468.32857",737323.139908737
"3086","50","48","2370","1","0","0","5091468.96594, 3089468.32857","4881468.96594, 3509468.32857",741512.354593765
"3087","50","49","2371","1","0","1","5091468.96594, 3079468.32857","4881468.96594, 3509468.32857",745259.153605176
"3088","50","50","2372","0","0","0","5091468.96594, 3069468.32857","4881468.96594, 3509468.32857",748857.943719601
"3089","50","51","2373","0","0","0","5091468.96594, 3059468.32857","4881468.96594, 3509468.32857",761895.893389905
"3090","50","52","2374","1","1","0","5091468.96594, 3049468.32857","4881468.96594, 3509468.32857",772522.036979535
"3091","50","53","2375","1","1","0","5091468.96594, 3039468.32857","4881468.96594, 3509468.32857",772522.036979535
"3092","50","54","2376","1","0","0","5091468.96594, 3029468.32857","4881468.96594, 3509468.32857",774728.956856489
"3093","50","55","2377","1","0","0","5091468.96594, 3019468.32857","4881468.96594, 3509468.32857",774728.956856489
"3094","50","56","2378","1","1","0","5091468.96594, 3009468.32857","4881468.96594, 3509468.32857",774728.956856489
"3095","50","57","2379","1","1","0","5091468.96594, 2999468.32857","4881468.96594, 3509468.32857",795196.266484585
"3096","50","58","2380","1","1","0","5091468.96594, 2989468.32857","4881468.96594, 3509468.32857",807337.791627638
"3097","50","59","2381","1","1","0","5091468.96594, 2979468.32857","4881468.96594, 3509468.32857",807337.791627638
"3098","50","60","2382","1","1","0","5091310.75387, 2969658.76308","4881468.96594, 3509468.32857",807337.791627638
"3099","50","61","2383","1","1","0","5088401.3574, 2963547.01058","4881468.96594, 3509468.32857",807337.791627638
"3103","51","3","2384","0","0","0","5102136.98617, 3536202.70248","4881468.96594, 3509468.32857",25740.808654003
"3104","51","4","2385","0","0","0","5101468.96594, 3529468.32857","4881468.96594, 3509468.32857",25740.808654003
"3105","51","5","2386","0","0","0","5101468.96594, 3519468.32857","4881468.96594, 3509468.32857",27546.7674539531
"3106","51","6","2387","0","0","0","5101468.96594, 3509468.32857","4881468.96594, 3509468.32857",27546.7674539531
"3107","51","7","2388","0","1","0","5101468.96594, 3499468.32857","4881468.96594, 3509468.32857",413750.210423476
"3108","51","8","2389","1","0","0","5101468.96594, 3489468.32857","4881468.96594, 3509468.32857",413750.210423476
"3109","51","9","2390","1","1","0","5101468.96594, 3479468.32857","4881468.96594, 3509468.32857",413750.210423476
"3110","51","10","2391","1","1","0","5101468.96594, 3469468.32857","4881468.96594, 3509468.32857",413750.210423476
"3111","51","11","2392","1","1","0","5101468.96594, 3459468.32857","4881468.96594, 3509468.32857",413750.210423476
"3112","51","12","2393","1","1","0","5101468.96594, 3449468.32857","4881468.96594, 3509468.32857",413750.210423476
"3113","51","13","2394","1","0","0","5101468.96594, 3439468.32857","4881468.96594, 3509468.32857",413750.210423476
"3114","51","14","2395","0","0","0","5101468.96594, 3429468.32857","4881468.96594, 3509468.32857",413750.210423476
"3115","51","15","2396","0","0","0","5101468.96594, 3419468.32857","4881468.96594, 3509468.32857",413750.210423476
"3116","51","16","2397","0","0","0","5101468.96594, 3409468.32857","4881468.96594, 3509468.32857",413750.210423476
"3117","51","17","2398","1","0","0","5101468.96594, 3399468.32857","4881468.96594, 3509468.32857",413750.210423476
"3118","51","18","2399","0","1","0","5101468.96594, 3389468.32857","4881468.96594, 3509468.32857",413750.210423476
"3119","51","19","2400","0","1","0","5101468.96594, 3379468.32857","4881468.96594, 3509468.32857",413750.210423476
"3120","51","20","2401","1","1","0","5101468.96594, 3369468.32857","4881468.96594, 3509468.32857",413750.210423476
"3121","51","21","2402","0","1","0","5101468.96594, 3359468.32857","4881468.96594, 3509468.32857",413750.210423476
"3122","51","22","2403","1","0","0","5101468.96594, 3349468.32857","4881468.96594, 3509468.32857",413750.210423476
"3123","51","23","2404","1","0","0","5101468.96594, 3339468.32857","4881468.96594, 3509468.32857",413750.210423476
"3124","51","24","2405","1","1","0","5101468.96594, 3329468.32857","4881468.96594, 3509468.32857",427004.078103519
"3125","51","25","2406","0","1","0","5101468.96594, 3319468.32857","4881468.96594, 3509468.32857",438377.225383089
"3126","51","26","2407","1","1","0","5101468.96594, 3309468.32857","4881468.96594, 3509468.32857",438377.225383089
"3127","51","27","2408","1","1","0","5101468.96594, 3299468.32857","4881468.96594, 3509468.32857",445670.634948196
"3128","51","28","2409","1","1","0","5101468.96594, 3289468.32857","4881468.96594, 3509468.32857",452761.655571463
"3129","51","29","2410","1","1","0","5101468.96594, 3279468.32857","4881468.96594, 3509468.32857",459508.761352986
"3130","51","30","2411","0","1","0","5101468.96594, 3269468.32857","4881468.96594, 3509468.32857",469876.767254651
"3131","51","31","2412","1","0","0","5101468.96594, 3259468.32857","4881468.96594, 3509468.32857",489803.539884025
"3132","51","32","2413","1","0","1","5101468.96594, 3249468.32857","4881468.96594, 3509468.32857",491714.696256177
"3133","51","33","2414","1","0","1","5101468.96594, 3239468.32857","4881468.96594, 3509468.32857",501543.260424955
"3134","51","34","2415","1","0","0","5101468.96594, 3229468.32857","4881468.96594, 3509468.32857",510829.957678971
"3135","51","35","2416","0","0","0","5101468.96594, 3219468.32857","4881468.96594, 3509468.32857",510829.957678971
"3136","51","36","2417","1","1","0","5101468.96594, 3209468.32857","4881468.96594, 3509468.32857",510829.957678971
"3137","51","37","2418","1","1","0","5101468.96594, 3199468.32857","4881468.96594, 3509468.32857",521191.567003391
"3138","51","38","2419","1","0","0","5101468.96594, 3189468.32857","4881468.96594, 3509468.32857",592299.131131595
"3139","51","39","2420","1","0","0","5101468.96594, 3179468.32857","4881468.96594, 3509468.32857",595977.685270028
"3140","51","40","2421","1","0","0","5101468.96594, 3169468.32857","4881468.96594, 3509468.32857",598083.606982908
"3141","51","41","2422","1","1","0","5101468.96594, 3159468.32857","4881468.96594, 3509468.32857",613110.052824334
"3142","51","42","2423","0","0","0","5101468.96594, 3149468.32857","4881468.96594, 3509468.32857",623019.755596334
"3143","51","43","2424","1","0","0","5101468.96594, 3139468.32857","4881468.96594, 3509468.32857",690484.88876404
"3144","51","44","2425","1","0","0","5101468.96594, 3129468.32857","4881468.96594, 3509468.32857",690484.88876404
"3145","51","45","2426","0","0","0","5101468.96594, 3119468.32857","4881468.96594, 3509468.32857",705119.608547053
"3146","51","46","2427","0","1","0","5101468.96594, 3109468.32857","4881468.96594, 3509468.32857",705119.608547053
"3147","51","47","2428","0","0","0","5101468.96594, 3099468.32857","4881468.96594, 3509468.32857",723113.444658502
"3148","51","48","2429","1","0","0","5101468.96594, 3089468.32857","4881468.96594, 3509468.32857",726695.271216334
"3149","51","49","2430","1","0","1","5101468.96594, 3079468.32857","4881468.96594, 3509468.32857",733653.798555846
"3150","51","50","2431","1","0","0","5101468.96594, 3069468.32857","4881468.96594, 3509468.32857",739195.147280187
"3151","51","51","2432","1","0","0","5101468.96594, 3059468.32857","4881468.96594, 3509468.32857",747043.925537128
"3152","51","52","2433","1","1","0","5101468.96594, 3049468.32857","4881468.96594, 3509468.32857",767556.201081947
"3153","51","53","2434","1","1","0","5101468.96594, 3039468.32857","4881468.96594, 3509468.32857",772522.036979535
"3154","51","54","2435","0","1","0","5101468.96594, 3029468.32857","4881468.96594, 3509468.32857",772522.036979535
"3155","51","55","2436","0","1","0","5101468.96594, 3019468.32857","4881468.96594, 3509468.32857",774728.956856489
"3156","51","56","2437","0","1","0","5101468.96594, 3009468.32857","4881468.96594, 3509468.32857",774728.956856489
"3157","51","57","2438","1","1","0","5101468.96594, 2999468.32857","4881468.96594, 3509468.32857",774728.956856489
"3158","51","58","2439","1","0","0","5101468.96594, 2989468.32857","4881468.96594, 3509468.32857",774728.956856489
"3159","51","59","2440","0","1","0","5101468.96594, 2979468.32857","4881468.96594, 3509468.32857",807337.791627638
"3160","51","60","2441","1","1","0","5100761.03433, 2971493.40962","4881468.96594, 3509468.32857",807337.791627638
"3165","52","3","2442","1","0","0","5111839.7537, 3537483.1271","4881468.96594, 3509468.32857",25740.808654003
"3166","52","4","2443","1","0","0","5111468.96594, 3529468.32857","4881468.96594, 3509468.32857",25740.808654003
"3167","52","5","2444","0","0","0","5111468.96594, 3519468.32857","4881468.96594, 3509468.32857",27546.7674539531
"3168","52","6","2445","0","0","0","5111468.96594, 3509468.32857","4881468.96594, 3509468.32857",413750.210423476
"3169","52","7","2446","0","1","0","5111468.96594, 3499468.32857","4881468.96594, 3509468.32857",413750.210423476
"3170","52","8","2447","0","1","0","5111468.96594, 3489468.32857","4881468.96594, 3509468.32857",413750.210423476
"3171","52","9","2448","1","1","0","5111468.96594, 3479468.32857","4881468.96594, 3509468.32857",413750.210423476
"3172","52","10","2449","1","0","0","5111468.96594, 3469468.32857","4881468.96594, 3509468.32857",413750.210423476
"3173","52","11","2450","1","1","0","5111468.96594, 3459468.32857","4881468.96594, 3509468.32857",413750.210423476
"3174","52","12","2451","0","1","0","5111468.96594, 3449468.32857","4881468.96594, 3509468.32857",413750.210423476
"3175","52","13","2452","1","0","0","5111468.96594, 3439468.32857","4881468.96594, 3509468.32857",413750.210423476
"3176","52","14","2453","1","0","0","5111468.96594, 3429468.32857","4881468.96594, 3509468.32857",413750.210423476
"3177","52","15","2454","0","0","0","5111468.96594, 3419468.32857","4881468.96594, 3509468.32857",413750.210423476
"3178","52","16","2455","1","0","0","5111468.96594, 3409468.32857","4881468.96594, 3509468.32857",413750.210423476
"3179","52","17","2456","1","0","0","5111468.96594, 3399468.32857","4881468.96594, 3509468.32857",413750.210423476
"3180","52","18","2457","0","1","0","5111468.96594, 3389468.32857","4881468.96594, 3509468.32857",413750.210423476
"3181","52","19","2458","0","0","0","5111468.96594, 3379468.32857","4881468.96594, 3509468.32857",413750.210423476
"3182","52","20","2459","1","0","0","5111468.96594, 3369468.32857","4881468.96594, 3509468.32857",413750.210423476
"3183","52","21","2460","1","0","0","5111468.96594, 3359468.32857","4881468.96594, 3509468.32857",413750.210423476
"3184","52","22","2461","1","0","0","5111468.96594, 3349468.32857","4881468.96594, 3509468.32857",413750.210423476
"3185","52","23","2462","1","1","0","5111468.96594, 3339468.32857","4881468.96594, 3509468.32857",427004.078103519
"3186","52","24","2463","1","1","0","5111468.96594, 3329468.32857","4881468.96594, 3509468.32857",438377.225383089
"3187","52","25","2464","1","0","0","5111468.96594, 3319468.32857","4881468.96594, 3509468.32857",438377.225383089
"3188","52","26","2465","1","0","0","5111468.96594, 3309468.32857","4881468.96594, 3509468.32857",445670.634948196
"3189","52","27","2466","1","0","0","5111468.96594, 3299468.32857","4881468.96594, 3509468.32857",452761.655571463
"3190","52","28","2467","1","1","0","5111468.96594, 3289468.32857","4881468.96594, 3509468.32857",452761.655571463
"3191","52","29","2468","1","1","0","5111468.96594, 3279468.32857","4881468.96594, 3509468.32857",469876.767254651
"3192","52","30","2469","1","1","0","5111468.96594, 3269468.32857","4881468.96594, 3509468.32857",469876.767254651
"3193","52","31","2470","1","1","0","5111468.96594, 3259468.32857","4881468.96594, 3509468.32857",495109.645416045
"3194","52","32","2471","0","0","0","5111468.96594, 3249468.32857","4881468.96594, 3509468.32857",496917.083652687
"3195","52","33","2472","1","1","1","5111468.96594, 3239468.32857","4881468.96594, 3509468.32857",509009.609715481
"3196","52","34","2473","1","1","0","5111468.96594, 3229468.32857","4881468.96594, 3509468.32857",512433.722566559
"3197","52","35","2474","0","1","0","5111468.96594, 3219468.32857","4881468.96594, 3509468.32857",521191.567003391
"3198","52","36","2475","0","1","0","5111468.96594, 3209468.32857","4881468.96594, 3509468.32857",529136.257662658
"3199","52","37","2476","1","0","0","5111468.96594, 3199468.32857","4881468.96594, 3509468.32857",586797.544380043
"3200","52","38","2477","0","0","0","5111468.96594, 3189468.32857","4881468.96594, 3509468.32857",592299.131131595
"3201","52","39","2478","0","0","0","5111468.96594, 3179468.32857","4881468.96594, 3509468.32857",598083.606982908
"3202","52","40","2479","0","0","0","5111468.96594, 3169468.32857","4881468.96594, 3509468.32857",598083.606982908
"3203","52","41","2480","1","1","0","5111468.96594, 3159468.32857","4881468.96594, 3509468.32857",613110.052824334
"3204","52","42","2481","1","1","0","5111468.96594, 3149468.32857","4881468.96594, 3509468.32857",623019.755596334
"3205","52","43","2482","1","0","0","5111468.96594, 3139468.32857","4881468.96594, 3509468.32857",667332.786434367
"3206","52","44","2483","0","0","0","5111468.96594, 3129468.32857","4881468.96594, 3509468.32857",690484.88876404
"3207","52","45","2484","0","0","0","5111468.96594, 3119468.32857","4881468.96594, 3509468.32857",690484.88876404
"3208","52","46","2485","0","1","0","5111468.96594, 3109468.32857","4881468.96594, 3509468.32857",705119.608547053
"3209","52","47","2486","1","0","0","5111468.96594, 3099468.32857","4881468.96594, 3509468.32857",706946.928116719
"3210","52","48","2487","1","0","1","5111468.96594, 3089468.32857","4881468.96594, 3509468.32857",721232.61275203
"3211","52","49","2488","1","0","1","5111468.96594, 3079468.32857","4881468.96594, 3509468.32857",724973.303785364
"3212","52","50","2489","0","0","0","5111468.96594, 3069468.32857","4881468.96594, 3509468.32857",729242.259926726
"3213","52","51","2490","1","0","0","5111468.96594, 3059468.32857","4881468.96594, 3509468.32857",729242.259926726
"3214","52","52","2491","1","1","0","5111468.96594, 3049468.32857","4881468.96594, 3509468.32857",739195.147280187
"3215","52","53","2492","0","1","0","5111468.96594, 3039468.32857","4881468.96594, 3509468.32857",767556.201081947
"3216","52","54","2493","0","1","0","5111468.96594, 3029468.32857","4881468.96594, 3509468.32857",772522.036979535
"3217","52","55","2494","0","1","0","5111468.96594, 3019468.32857","4881468.96594, 3509468.32857",772522.036979535
"3218","52","56","2495","1","1","0","5111468.96594, 3009468.32857","4881468.96594, 3509468.32857",774728.956856489
"3219","52","57","2496","1","1","0","5111468.96594, 2999468.32857","4881468.96594, 3509468.32857",774728.956856489
"3220","52","58","2497","1","0","0","5111468.96594, 2989468.32857","4881468.96594, 3509468.32857",774728.956856489
"3221","52","59","2498","1","1","0","5111368.97691, 2979582.66685","4881468.96594, 3509468.32857",774728.956856489
"3222","52","60","2499","0","1","0","5108726.09321, 2973392.18432","4881468.96594, 3509468.32857",774728.956856489
"3227","53","3","2500","1","0","0","5121725.57618, 3538787.70854","4881468.96594, 3509468.32857",25740.808654003
"3228","53","4","2501","1","0","0","5121468.96594, 3529468.32857","4881468.96594, 3509468.32857",25740.808654003
"3229","53","5","2502","1","0","0","5121468.96594, 3519468.32857","4881468.96594, 3509468.32857",27546.7674539531
"3230","53","6","2503","0","0","0","5121468.96594, 3509468.32857","4881468.96594, 3509468.32857",413750.210423476
"3231","53","7","2504","0","0","0","5121468.96594, 3499468.32857","4881468.96594, 3509468.32857",413750.210423476
"3232","53","8","2505","0","1","0","5121468.96594, 3489468.32857","4881468.96594, 3509468.32857",413750.210423476
"3233","53","9","2506","1","1","0","5121468.96594, 3479468.32857","4881468.96594, 3509468.32857",413750.210423476
"3234","53","10","2507","0","0","0","5121468.96594, 3469468.32857","4881468.96594, 3509468.32857",413750.210423476
"3235","53","11","2508","1","1","0","5121468.96594, 3459468.32857","4881468.96594, 3509468.32857",413750.210423476
"3236","53","12","2509","1","0","0","5121468.96594, 3449468.32857","4881468.96594, 3509468.32857",413750.210423476
"3237","53","13","2510","1","0","0","5121468.96594, 3439468.32857","4881468.96594, 3509468.32857",413750.210423476
"3238","53","14","2511","1","0","0","5121468.96594, 3429468.32857","4881468.96594, 3509468.32857",413750.210423476
"3239","53","15","2512","1","0","0","5121468.96594, 3419468.32857","4881468.96594, 3509468.32857",413750.210423476
"3240","53","16","2513","1","1","0","5121468.96594, 3409468.32857","4881468.96594, 3509468.32857",413750.210423476
"3241","53","17","2514","0","1","0","5121468.96594, 3399468.32857","4881468.96594, 3509468.32857",413750.210423476
"3242","53","18","2515","0","1","0","5121468.96594, 3389468.32857","4881468.96594, 3509468.32857",413750.210423476
"3243","53","19","2516","0","0","0","5121468.96594, 3379468.32857","4881468.96594, 3509468.32857",413750.210423476
"3244","53","20","2517","1","1","0","5121468.96594, 3369468.32857","4881468.96594, 3509468.32857",413750.210423476
"3245","53","21","2518","1","1","0","5121468.96594, 3359468.32857","4881468.96594, 3509468.32857",413750.210423476
"3246","53","22","2519","1","1","0","5121468.96594, 3349468.32857","4881468.96594, 3509468.32857",438377.225383089
"3247","53","23","2520","1","1","0","5121468.96594, 3339468.32857","4881468.96594, 3509468.32857",438377.225383089
"3248","53","24","2521","1","0","0","5121468.96594, 3329468.32857","4881468.96594, 3509468.32857",438377.225383089
"3249","53","25","2522","0","0","0","5121468.96594, 3319468.32857","4881468.96594, 3509468.32857",445670.634948196
"3250","53","26","2523","0","0","0","5121468.96594, 3309468.32857","4881468.96594, 3509468.32857",452761.655571463
"3251","53","27","2524","1","0","0","5121468.96594, 3299468.32857","4881468.96594, 3509468.32857",452761.655571463
"3252","53","28","2525","0","1","0","5121468.96594, 3289468.32857","4881468.96594, 3509468.32857",452761.655571463
"3253","53","29","2526","0","0","0","5121468.96594, 3279468.32857","4881468.96594, 3509468.32857",469876.767254651
"3254","53","30","2527","1","1","0","5121468.96594, 3269468.32857","4881468.96594, 3509468.32857",495109.645416045
"3255","53","31","2528","1","1","0","5121468.96594, 3259468.32857","4881468.96594, 3509468.32857",495109.645416045
"3256","53","32","2529","1","1","0","5121468.96594, 3249468.32857","4881468.96594, 3509468.32857",516444.744691912
"3257","53","33","2530","0","1","1","5121468.96594, 3239468.32857","4881468.96594, 3509468.32857",516444.744691912
"3258","53","34","2531","1","1","1","5121468.96594, 3229468.32857","4881468.96594, 3509468.32857",523201.339850966
"3259","53","35","2532","1","1","0","5121468.96594, 3219468.32857","4881468.96594, 3509468.32857",529136.257662658
"3260","53","36","2533","1","0","0","5121468.96594, 3209468.32857","4881468.96594, 3509468.32857",532136.21544478
"3261","53","37","2534","1","0","0","5121468.96594, 3199468.32857","4881468.96594, 3509468.32857",584582.263620868
"3262","53","38","2535","1","0","0","5121468.96594, 3189468.32857","4881468.96594, 3509468.32857",592299.131131595
"3263","53","39","2536","0","0","0","5121468.96594, 3179468.32857","4881468.96594, 3509468.32857",598083.606982908
"3264","53","40","2537","0","0","0","5121468.96594, 3169468.32857","4881468.96594, 3509468.32857",602775.347147971
"3265","53","41","2538","0","0","0","5121468.96594, 3159468.32857","4881468.96594, 3509468.32857",613110.052824334
"3266","53","42","2539","1","1","0","5121468.96594, 3149468.32857","4881468.96594, 3509468.32857",623019.755596334
"3267","53","43","2540","1","0","0","5121468.96594, 3139468.32857","4881468.96594, 3509468.32857",658769.552384227
"3268","53","44","2541","1","0","0","5121468.96594, 3129468.32857","4881468.96594, 3509468.32857",667332.786434367
"3269","53","45","2542","0","0","0","5121468.96594, 3119468.32857","4881468.96594, 3509468.32857",690484.88876404
"3270","53","46","2543","1","1","0","5121468.96594, 3109468.32857","4881468.96594, 3509468.32857",690484.88876404
"3271","53","47","2544","1","0","1","5121468.96594, 3099468.32857","4881468.96594, 3509468.32857",702376.476464788
"3272","53","48","2545","0","0","1","5121468.96594, 3089468.32857","4881468.96594, 3509468.32857",708746.776729344
"3273","53","49","2546","0","0","0","5121468.96594, 3079468.32857","4881468.96594, 3509468.32857",714913.868198346
"3274","53","50","2547","0","0","0","5121468.96594, 3069468.32857","4881468.96594, 3509468.32857",719052.495826355
"3275","53","51","2548","1","1","0","5121468.96594, 3059468.32857","4881468.96594, 3509468.32857",729242.259926726
"3276","53","52","2549","1","1","0","5121468.96594, 3049468.32857","4881468.96594, 3509468.32857",729242.259926726
"3277","53","53","2550","0","0","0","5121468.96594, 3039468.32857","4881468.96594, 3509468.32857",729242.259926726
"3278","53","54","2551","0","0","0","5121468.96594, 3029468.32857","4881468.96594, 3509468.32857",772522.036979535
"3279","53","55","2552","1","1","0","5121468.96594, 3019468.32857","4881468.96594, 3509468.32857",772522.036979535
"3280","53","56","2553","1","1","0","5121468.96594, 3009468.32857","4881468.96594, 3509468.32857",772522.036979535
"3281","53","57","2554","1","0","0","5121468.96594, 2999468.32857","4881468.96594, 3509468.32857",772522.036979535
"3282","53","58","2555","1","0","0","5121468.96594, 2989468.32857","4881468.96594, 3509468.32857",774728.956856489
"3283","53","59","2556","1","0","0","5120815.14499, 2981274.06957","4881468.96594, 3509468.32857",774728.956856489
"3288","54","2","2557","0","0","0","5133273.69744, 3545311.65506","4881468.96594, 3509468.32857",25740.808654003
"3289","54","3","2558","0","0","0","5131470.06691, 3539467.20459","4881468.96594, 3509468.32857",25740.808654003
"3290","54","4","2559","1","0","0","5131468.96594, 3529468.32857","4881468.96594, 3509468.32857",25740.808654003
"3291","54","5","2560","1","0","0","5131468.96594, 3519468.32857","4881468.96594, 3509468.32857",413750.210423476
"3292","54","6","2561","1","1","0","5131468.96594, 3509468.32857","4881468.96594, 3509468.32857",413750.210423476
"3293","54","7","2562","1","1","0","5131468.96594, 3499468.32857","4881468.96594, 3509468.32857",413750.210423476
"3294","54","8","2563","1","1","0","5131468.96594, 3489468.32857","4881468.96594, 3509468.32857",413750.210423476
"3295","54","9","2564","1","1","0","5131468.96594, 3479468.32857","4881468.96594, 3509468.32857",413750.210423476
"3296","54","10","2565","1","1","0","5131468.96594, 3469468.32857","4881468.96594, 3509468.32857",413750.210423476
"3297","54","11","2566","1","0","0","5131468.96594, 3459468.32857","4881468.96594, 3509468.32857",413750.210423476
"3298","54","12","2567","1","0","0","5131468.96594, 3449468.32857","4881468.96594, 3509468.32857",413750.210423476
"3299","54","13","2568","1","0","0","5131468.96594, 3439468.32857","4881468.96594, 3509468.32857",413750.210423476
"3300","54","14","2569","1","0","0","5131468.96594, 3429468.32857","4881468.96594, 3509468.32857",413750.210423476
"3301","54","15","2570","1","0","0","5131468.96594, 3419468.32857","4881468.96594, 3509468.32857",413750.210423476
"3302","54","16","2571","1","0","0","5131468.96594, 3409468.32857","4881468.96594, 3509468.32857",413750.210423476
"3303","54","17","2572","1","1","0","5131468.96594, 3399468.32857","4881468.96594, 3509468.32857",413750.210423476
"3304","54","18","2573","1","1","0","5131468.96594, 3389468.32857","4881468.96594, 3509468.32857",413750.210423476
"3305","54","19","2574","1","0","0","5131468.96594, 3379468.32857","4881468.96594, 3509468.32857",413750.210423476
"3306","54","20","2575","1","0","0","5131468.96594, 3369468.32857","4881468.96594, 3509468.32857",413750.210423476
"3307","54","21","2576","0","1","0","5131468.96594, 3359468.32857","4881468.96594, 3509468.32857",438377.225383089
"3308","54","22","2577","0","1","0","5131468.96594, 3349468.32857","4881468.96594, 3509468.32857",438377.225383089
"3309","54","23","2578","0","0","0","5131468.96594, 3339468.32857","4881468.96594, 3509468.32857",438377.225383089
"3310","54","24","2579","1","0","0","5131468.96594, 3329468.32857","4881468.96594, 3509468.32857",445670.634948196
"3311","54","25","2580","1","0","0","5131468.96594, 3319468.32857","4881468.96594, 3509468.32857",452761.655571463
"3312","54","26","2581","0","0","0","5131468.96594, 3309468.32857","4881468.96594, 3509468.32857",452761.655571463
"3313","54","27","2582","1","1","0","5131468.96594, 3299468.32857","4881468.96594, 3509468.32857",452761.655571463
"3314","54","28","2583","0","1","0","5131468.96594, 3289468.32857","4881468.96594, 3509468.32857",469876.767254651
"3315","54","29","2584","0","0","0","5131468.96594, 3279468.32857","4881468.96594, 3509468.32857",495109.645416045
"3316","54","30","2585","1","1","0","5131468.96594, 3269468.32857","4881468.96594, 3509468.32857",495109.645416045
"3317","54","31","2586","0","0","0","5131468.96594, 3259468.32857","4881468.96594, 3509468.32857",496917.083652687
"3318","54","32","2587","1","0","0","5131468.96594, 3249468.32857","4881468.96594, 3509468.32857",524794.456017736
"3319","54","33","2588","1","1","0","5131468.96594, 3239468.32857","4881468.96594, 3509468.32857",538224.300142341
"3320","54","34","2589","1","1","1","5131468.96594, 3229468.32857","4881468.96594, 3509468.32857",536047.5769438
"3321","54","35","2590","1","1","0","5131468.96594, 3219468.32857","4881468.96594, 3509468.32857",534117.057343363
"3322","54","36","2591","1","0","0","5131468.96594, 3209468.32857","4881468.96594, 3509468.32857",550434.650352384
"3323","54","37","2592","1","0","0","5131468.96594, 3199468.32857","4881468.96594, 3509468.32857",584582.263620868
"3324","54","38","2593","1","0","0","5131468.96594, 3189468.32857","4881468.96594, 3509468.32857",592299.131131595
"3325","54","39","2594","1","0","0","5131468.96594, 3179468.32857","4881468.96594, 3509468.32857",598083.606982908
"3326","54","40","2595","1","0","0","5131468.96594, 3169468.32857","4881468.96594, 3509468.32857",606777.997203799
"3327","54","41","2596","0","0","0","5131468.96594, 3159468.32857","4881468.96594, 3509468.32857",621192.473344978
"3328","54","42","2597","1","1","0","5131468.96594, 3149468.32857","4881468.96594, 3509468.32857",623019.755596334
"3329","54","43","2598","1","0","0","5131468.96594, 3139468.32857","4881468.96594, 3509468.32857",658769.552384227
"3330","54","44","2599","1","0","0","5131468.96594, 3129468.32857","4881468.96594, 3509468.32857",667332.786434367
"3331","54","45","2600","1","0","0","5131468.96594, 3119468.32857","4881468.96594, 3509468.32857",681173.800095013
"3332","54","46","2601","1","1","1","5131468.96594, 3109468.32857","4881468.96594, 3509468.32857",687491.164548934
"3333","54","47","2602","0","1","1","5131468.96594, 3099468.32857","4881468.96594, 3509468.32857",694172.764905876
"3334","54","48","2603","0","1","0","5131468.96594, 3089468.32857","4881468.96594, 3509468.32857",696827.279335443
"3335","54","49","2604","0","1","0","5131468.96594, 3079468.32857","4881468.96594, 3509468.32857",708746.776729344
"3336","54","50","2605","0","0","0","5131468.96594, 3069468.32857","4881468.96594, 3509468.32857",714913.868198346
"3337","54","51","2606","1","1","0","5131468.96594, 3059468.32857","4881468.96594, 3509468.32857",719052.495826355
"3338","54","52","2607","1","0","0","5131468.96594, 3049468.32857","4881468.96594, 3509468.32857",719052.495826355
"3339","54","53","2608","1","0","0","5131468.96594, 3039468.32857","4881468.96594, 3509468.32857",729242.259926726
"3340","54","54","2609","0","0","0","5131468.96594, 3029468.32857","4881468.96594, 3509468.32857",729242.259926726
"3341","54","55","2610","1","1","0","5131468.96594, 3019468.32857","4881468.96594, 3509468.32857",729242.259926726
"3342","54","56","2611","0","0","0","5131468.96594, 3009468.32857","4881468.96594, 3509468.32857",772522.036979535
"3343","54","57","2612","0","0","0","5131468.96594, 2999468.32857","4881468.96594, 3509468.32857",772522.036979535
"3344","54","58","2613","0","0","0","5131416.86049, 2989525.2562","4881468.96594, 3509468.32857",772522.036979535
"3345","54","59","2614","0","0","0","5129050.82901, 2983237.35806","4881468.96594, 3509468.32857",774728.956856489
"3350","55","2","2615","0","0","0","5142040.29766, 3546468.53847","4881468.96594, 3509468.32857",25740.808654003
"3351","55","3","2616","0","0","0","5141468.96594, 3539468.32857","4881468.96594, 3509468.32857",25740.808654003
"3352","55","4","2617","0","0","0","5141468.96594, 3529468.32857","4881468.96594, 3509468.32857",413750.210423476
"3353","55","5","2618","0","0","0","5141468.96594, 3519468.32857","4881468.96594, 3509468.32857",413750.210423476
"3354","55","6","2619","0","1","0","5141468.96594, 3509468.32857","4881468.96594, 3509468.32857",413750.210423476
"3355","55","7","2620","0","1","0","5141468.96594, 3499468.32857","4881468.96594, 3509468.32857",413750.210423476
"3356","55","8","2621","1","1","0","5141468.96594, 3489468.32857","4881468.96594, 3509468.32857",413750.210423476
"3357","55","9","2622","0","0","0","5141468.96594, 3479468.32857","4881468.96594, 3509468.32857",413750.210423476
"3358","55","10","2623","1","1","0","5141468.96594, 3469468.32857","4881468.96594, 3509468.32857",413750.210423476
"3359","55","11","2624","1","1","0","5141468.96594, 3459468.32857","4881468.96594, 3509468.32857",413750.210423476
"3360","55","12","2625","0","0","0","5141468.96594, 3449468.32857","4881468.96594, 3509468.32857",413750.210423476
"3361","55","13","2626","0","0","0","5141468.96594, 3439468.32857","4881468.96594, 3509468.32857",413750.210423476
"3362","55","14","2627","0","0","0","5141468.96594, 3429468.32857","4881468.96594, 3509468.32857",413750.210423476
"3363","55","15","2628","0","0","0","5141468.96594, 3419468.32857","4881468.96594, 3509468.32857",413750.210423476
"3364","55","16","2629","1","0","0","5141468.96594, 3409468.32857","4881468.96594, 3509468.32857",413750.210423476
"3365","55","17","2630","1","1","0","5141468.96594, 3399468.32857","4881468.96594, 3509468.32857",413750.210423476
"3366","55","18","2631","1","0","0","5141468.96594, 3389468.32857","4881468.96594, 3509468.32857",413750.210423476
"3367","55","19","2632","1","0","0","5141468.96594, 3379468.32857","4881468.96594, 3509468.32857",413750.210423476
"3368","55","20","2633","1","1","0","5141468.96594, 3369468.32857","4881468.96594, 3509468.32857",438377.225383089
"3369","55","21","2634","0","1","0","5141468.96594, 3359468.32857","4881468.96594, 3509468.32857",438377.225383089
"3370","55","22","2635","1","0","0","5141468.96594, 3349468.32857","4881468.96594, 3509468.32857",438377.225383089
"3371","55","23","2636","0","0","0","5141468.96594, 3339468.32857","4881468.96594, 3509468.32857",445670.634948196
"3372","55","24","2637","1","0","0","5141468.96594, 3329468.32857","4881468.96594, 3509468.32857",452761.655571463
"3373","55","25","2638","1","0","0","5141468.96594, 3319468.32857","4881468.96594, 3509468.32857",452761.655571463
"3374","55","26","2639","0","0","0","5141468.96594, 3309468.32857","4881468.96594, 3509468.32857",452761.655571463
"3375","55","27","2640","1","1","0","5141468.96594, 3299468.32857","4881468.96594, 3509468.32857",469876.767254651
"3376","55","28","2641","0","0","0","5141468.96594, 3289468.32857","4881468.96594, 3509468.32857",469876.767254651
"3377","55","29","2642","0","0","0","5141468.96594, 3279468.32857","4881468.96594, 3509468.32857",495109.645416045
"3378","55","30","2643","1","1","0","5141468.96594, 3269468.32857","4881468.96594, 3509468.32857",496917.083652687
"3379","55","31","2644","0","0","0","5141468.96594, 3259468.32857","4881468.96594, 3509468.32857",539959.954071987
"3380","55","32","2645","0","0","0","5141468.96594, 3249468.32857","4881468.96594, 3509468.32857",539959.954071987
"3381","55","33","2646","1","1","0","5141468.96594, 3239468.32857","4881468.96594, 3509468.32857",539959.954071987
"3382","55","34","2647","1","1","1","5141468.96594, 3229468.32857","4881468.96594, 3509468.32857",541817.64106938
"3383","55","35","2648","1","1","1","5141468.96594, 3219468.32857","4881468.96594, 3509468.32857",550434.650352384
"3384","55","36","2649","1","0","0","5141468.96594, 3209468.32857","4881468.96594, 3509468.32857",562028.085868931
"3385","55","37","2650","0","0","1","5141468.96594, 3199468.32857","4881468.96594, 3509468.32857",580246.835987745
"3386","55","38","2651","0","0","1","5141468.96594, 3189468.32857","4881468.96594, 3509468.32857",590649.089989098
"3387","55","39","2652","0","0","1","5141468.96594, 3179468.32857","4881468.96594, 3509468.32857",601159.293288591
"3388","55","40","2653","1","0","1","5141468.96594, 3169468.32857","4881468.96594, 3509468.32857",613110.052824334
"3389","55","41","2654","1","0","0","5141468.96594, 3159468.32857","4881468.96594, 3509468.32857",623019.755596334
"3390","55","42","2655","1","1","0","5141468.96594, 3149468.32857","4881468.96594, 3509468.32857",628519.806022572
"3391","55","43","2656","1","1","0","5141468.96594, 3139468.32857","4881468.96594, 3509468.32857",645115.332714214
"3392","55","44","2657","1","0","1","5141468.96594, 3129468.32857","4881468.96594, 3509468.32857",658769.552384227
"3393","55","45","2658","1","1","1","5141468.96594, 3119468.32857","4881468.96594, 3509468.32857",669369.243764115
"3394","55","46","2659","1","1","1","5141468.96594, 3109468.32857","4881468.96594, 3509468.32857",677682.288769407
"3395","55","47","2660","0","1","0","5141468.96594, 3099468.32857","4881468.96594, 3509468.32857",679534.47507246
"3396","55","48","2661","0","0","0","5141468.96594, 3089468.32857","4881468.96594, 3509468.32857",694172.764905876
"3397","55","49","2662","0","1","0","5141468.96594, 3079468.32857","4881468.96594, 3509468.32857",696827.279335443
"3398","55","50","2663","1","1","0","5141468.96594, 3069468.32857","4881468.96594, 3509468.32857",714913.868198346
"3399","55","51","2664","1","1","0","5141468.96594, 3059468.32857","4881468.96594, 3509468.32857",714913.868198346
"3400","55","52","2665","0","0","0","5141468.96594, 3049468.32857","4881468.96594, 3509468.32857",714913.868198346
"3401","55","53","2666","1","0","0","5141468.96594, 3039468.32857","4881468.96594, 3509468.32857",719052.495826355
"3402","55","54","2667","1","0","0","5141468.96594, 3029468.32857","4881468.96594, 3509468.32857",719052.495826355
"3403","55","55","2668","1","1","0","5141468.96594, 3019468.32857","4881468.96594, 3509468.32857",729242.259926726
"3404","55","56","2669","0","0","0","5141468.96594, 3009468.32857","4881468.96594, 3509468.32857",729242.259926726
"3405","55","57","2670","0","0","0","5141468.96594, 2999468.32857","4881468.96594, 3509468.32857",772522.036979535
"3406","55","58","2671","0","0","0","5140861.57113, 2991052.89762","4881468.96594, 3509468.32857",772522.036979535
"3412","56","2","2672","0","0","0","5151807.91491, 3547757.52098","4881468.96594, 3509468.32857",25740.808654003
"3413","56","3","2673","0","0","0","5151468.96594, 3539468.32857","4881468.96594, 3509468.32857",413750.210423476
"3414","56","4","2674","0","0","0","5151468.96594, 3529468.32857","4881468.96594, 3509468.32857",413750.210423476
"3415","56","5","2675","0","0","0","5151468.96594, 3519468.32857","4881468.96594, 3509468.32857",413750.210423476
"3416","56","6","2676","1","1","0","5151468.96594, 3509468.32857","4881468.96594, 3509468.32857",413750.210423476
"3417","56","7","2677","1","1","0","5151468.96594, 3499468.32857","4881468.96594, 3509468.32857",413750.210423476
"3418","56","8","2678","1","0","0","5151468.96594, 3489468.32857","4881468.96594, 3509468.32857",413750.210423476
"3419","56","9","2679","1","0","0","5151468.96594, 3479468.32857","4881468.96594, 3509468.32857",413750.210423476
"3420","56","10","2680","1","0","0","5151468.96594, 3469468.32857","4881468.96594, 3509468.32857",413750.210423476
"3421","56","11","2681","1","1","0","5151468.96594, 3459468.32857","4881468.96594, 3509468.32857",413750.210423476
"3422","56","12","2682","1","1","0","5151468.96594, 3449468.32857","4881468.96594, 3509468.32857",413750.210423476
"3423","56","13","2683","0","0","0","5151468.96594, 3439468.32857","4881468.96594, 3509468.32857",413750.210423476
"3424","56","14","2684","0","0","0","5151468.96594, 3429468.32857","4881468.96594, 3509468.32857",413750.210423476
"3425","56","15","2685","1","0","0","5151468.96594, 3419468.32857","4881468.96594, 3509468.32857",413750.210423476
"3426","56","16","2686","1","0","0","5151468.96594, 3409468.32857","4881468.96594, 3509468.32857",413750.210423476
"3427","56","17","2687","1","1","0","5151468.96594, 3399468.32857","4881468.96594, 3509468.32857",413750.210423476
"3428","56","18","2688","1","0","0","5151468.96594, 3389468.32857","4881468.96594, 3509468.32857",413750.210423476
"3429","56","19","2689","0","1","0","5151468.96594, 3379468.32857","4881468.96594, 3509468.32857",438377.225383089
"3430","56","20","2690","1","1","0","5151468.96594, 3369468.32857","4881468.96594, 3509468.32857",438377.225383089
"3431","56","21","2691","1","0","0","5151468.96594, 3359468.32857","4881468.96594, 3509468.32857",438377.225383089
"3432","56","22","2692","1","0","0","5151468.96594, 3349468.32857","4881468.96594, 3509468.32857",438377.225383089
"3433","56","23","2693","1","0","0","5151468.96594, 3339468.32857","4881468.96594, 3509468.32857",452761.655571463
"3434","56","24","2694","1","1","0","5151468.96594, 3329468.32857","4881468.96594, 3509468.32857",452761.655571463
"3435","56","25","2695","1","1","0","5151468.96594, 3319468.32857","4881468.96594, 3509468.32857",452761.655571463
"3436","56","26","2696","1","1","0","5151468.96594, 3309468.32857","4881468.96594, 3509468.32857",452761.655571463
"3437","56","27","2697","1","1","0","5151468.96594, 3299468.32857","4881468.96594, 3509468.32857",469876.767254651
"3438","56","28","2698","0","0","0","5151468.96594, 3289468.32857","4881468.96594, 3509468.32857",495109.645416045
"3439","56","29","2699","0","0","0","5151468.96594, 3279468.32857","4881468.96594, 3509468.32857",539959.954071987
"3440","56","30","2700","1","1","0","5151468.96594, 3269468.32857","4881468.96594, 3509468.32857",539959.954071987
"3441","56","31","2701","0","0","0","5151468.96594, 3259468.32857","4881468.96594, 3509468.32857",539959.954071987
"3442","56","32","2702","0","1","0","5151468.96594, 3249468.32857","4881468.96594, 3509468.32857",541817.64106938
"3443","56","33","2703","1","1","0","5151468.96594, 3239468.32857","4881468.96594, 3509468.32857",541817.64106938
"3444","56","34","2704","1","0","0","5151468.96594, 3229468.32857","4881468.96594, 3509468.32857",555796.26340039
"3445","56","35","2705","1","1","1","5151468.96594, 3219468.32857","4881468.96594, 3509468.32857",558565.353875188
"3446","56","36","2706","1","1","1","5151468.96594, 3209468.32857","4881468.96594, 3509468.32857",567901.83638269
"3447","56","37","2707","0","0","1","5151468.96594, 3199468.32857","4881468.96594, 3509468.32857",571962.404535435
"3448","56","38","2708","0","0","0","5151468.96594, 3189468.32857","4881468.96594, 3509468.32857",582312.51430533
"3449","56","39","2709","0","0","0","5151468.96594, 3179468.32857","4881468.96594, 3509468.32857",602775.347147971
"3450","56","40","2710","0","0","1","5151468.96594, 3169468.32857","4881468.96594, 3509468.32857",610619.482119007
"3451","56","41","2711","0","0","1","5151468.96594, 3159468.32857","4881468.96594, 3509468.32857",624907.708370417
"3452","56","42","2712","1","0","1","5151468.96594, 3149468.32857","4881468.96594, 3509468.32857",632381.592510624
"3453","56","43","2713","0","1","1","5151468.96594, 3139468.32857","4881468.96594, 3509468.32857",645115.332714214
"3454","56","44","2714","1","1","1","5151468.96594, 3129468.32857","4881468.96594, 3509468.32857",652200.186011315
"3455","56","45","2715","0","1","0","5151468.96594, 3119468.32857","4881468.96594, 3509468.32857",665222.081195741
"3456","56","46","2716","1","1","0","5151468.96594, 3109468.32857","4881468.96594, 3509468.32857",673175.659502488
"3457","56","47","2717","1","1","0","5151468.96594, 3099468.32857","4881468.96594, 3509468.32857",677682.288769407
"3458","56","48","2718","1","1","0","5151468.96594, 3089468.32857","4881468.96594, 3509468.32857",679534.47507246
"3459","56","49","2719","1","1","0","5151468.96594, 3079468.32857","4881468.96594, 3509468.32857",694172.764905876
"3460","56","50","2720","1","0","0","5151468.96594, 3069468.32857","4881468.96594, 3509468.32857",696827.279335443
"3461","56","51","2721","1","1","0","5151468.96594, 3059468.32857","4881468.96594, 3509468.32857",714913.868198346
"3462","56","52","2722","0","0","0","5151468.96594, 3049468.32857","4881468.96594, 3509468.32857",714913.868198346
"3463","56","53","2723","0","1","0","5151468.96594, 3039468.32857","4881468.96594, 3509468.32857",714913.868198346
"3464","56","54","2724","1","1","0","5151468.96594, 3029468.32857","4881468.96594, 3509468.32857",719052.495826355
"3465","56","55","2725","0","1","0","5151468.96594, 3019468.32857","4881468.96594, 3509468.32857",719052.495826355
"3466","56","56","2726","0","0","0","5151468.96594, 3009468.32857","4881468.96594, 3509468.32857",719052.495826355
"3467","56","57","2727","0","0","0","5151468.96594, 2999468.32857","4881468.96594, 3509468.32857",729242.259926726
"3468","56","58","2728","0","0","0","5151644.66081, 2992736.07896","4881468.96594, 3509468.32857",772522.036979535
"3474","57","2","2729","0","0","0","5161032.1632, 3547759.54425","4881468.96594, 3509468.32857",413750.210423476
"3475","57","3","2730","0","0","0","5161468.96594, 3539468.32857","4881468.96594, 3509468.32857",413750.210423476
"3476","57","4","2731","1","0","0","5161468.96594, 3529468.32857","4881468.96594, 3509468.32857",413750.210423476
"3477","57","5","2732","1","1","0","5161468.96594, 3519468.32857","4881468.96594, 3509468.32857",413750.210423476
"3478","57","6","2733","1","1","0","5161468.96594, 3509468.32857","4881468.96594, 3509468.32857",413750.210423476
"3479","57","7","2734","1","0","0","5161468.96594, 3499468.32857","4881468.96594, 3509468.32857",413750.210423476
"3480","57","8","2735","1","0","0","5161468.96594, 3489468.32857","4881468.96594, 3509468.32857",413750.210423476
"3481","57","9","2736","1","0","0","5161468.96594, 3479468.32857","4881468.96594, 3509468.32857",413750.210423476
"3482","57","10","2737","0","0","0","5161468.96594, 3469468.32857","4881468.96594, 3509468.32857",413750.210423476
"3483","57","11","2738","0","0","0","5161468.96594, 3459468.32857","4881468.96594, 3509468.32857",413750.210423476
"3484","57","12","2739","1","1","0","5161468.96594, 3449468.32857","4881468.96594, 3509468.32857",413750.210423476
"3485","57","13","2740","1","1","0","5161468.96594, 3439468.32857","4881468.96594, 3509468.32857",413750.210423476
"3486","57","14","2741","0","0","0","5161468.96594, 3429468.32857","4881468.96594, 3509468.32857",413750.210423476
"3487","57","15","2742","1","0","0","5161468.96594, 3419468.32857","4881468.96594, 3509468.32857",413750.210423476
"3488","57","16","2743","1","0","0","5161468.96594, 3409468.32857","4881468.96594, 3509468.32857",413750.210423476
"3489","57","17","2744","0","1","0","5161468.96594, 3399468.32857","4881468.96594, 3509468.32857",413750.210423476
"3490","57","18","2745","1","0","0","5161468.96594, 3389468.32857","4881468.96594, 3509468.32857",438377.225383089
"3491","57","19","2746","1","1","0","5161468.96594, 3379468.32857","4881468.96594, 3509468.32857",438377.225383089
"3492","57","20","2747","0","0","0","5161468.96594, 3369468.32857","4881468.96594, 3509468.32857",438377.225383089
"3493","57","21","2748","0","0","0","5161468.96594, 3359468.32857","4881468.96594, 3509468.32857",438377.225383089
"3494","57","22","2749","0","0","0","5161468.96594, 3349468.32857","4881468.96594, 3509468.32857",445670.634948196
"3495","57","23","2750","0","0","0","5161468.96594, 3339468.32857","4881468.96594, 3509468.32857",452761.655571463
"3496","57","24","2751","1","0","0","5161468.96594, 3329468.32857","4881468.96594, 3509468.32857",452761.655571463
"3497","57","25","2752","0","0","0","5161468.96594, 3319468.32857","4881468.96594, 3509468.32857",452761.655571463
"3498","57","26","2753","0","0","0","5161468.96594, 3309468.32857","4881468.96594, 3509468.32857",469876.767254651
"3499","57","27","2754","1","1","0","5161468.96594, 3299468.32857","4881468.96594, 3509468.32857",495109.645416045
"3500","57","28","2755","1","1","0","5161468.96594, 3289468.32857","4881468.96594, 3509468.32857",539959.954071987
"3501","57","29","2756","1","1","0","5161468.96594, 3279468.32857","4881468.96594, 3509468.32857",539959.954071987
"3502","57","30","2757","1","1","0","5161468.96594, 3269468.32857","4881468.96594, 3509468.32857",539959.954071987
"3503","57","31","2758","0","1","0","5161468.96594, 3259468.32857","4881468.96594, 3509468.32857",541817.64106938
"3504","57","32","2759","0","1","0","5161468.96594, 3249468.32857","4881468.96594, 3509468.32857",541817.64106938
"3505","57","33","2760","1","0","0","5161468.96594, 3239468.32857","4881468.96594, 3509468.32857",555796.26340039
"3506","57","34","2761","0","0","0","5161468.96594, 3229468.32857","4881468.96594, 3509468.32857",555796.26340039
"3507","57","35","2762","1","0","0","5161468.96594, 3219468.32857","4881468.96594, 3509468.32857",558565.353875188
"3508","57","36","2763","1","1","0","5161468.96594, 3209468.32857","4881468.96594, 3509468.32857",567901.83638269
"3509","57","37","2764","0","0","0","5161468.96594, 3199468.32857","4881468.96594, 3509468.32857",569690.821661198
"3510","57","38","2765","0","0","0","5161468.96594, 3189468.32857","4881468.96594, 3509468.32857",571962.404535435
"3511","57","39","2766","0","0","0","5161468.96594, 3179468.32857","4881468.96594, 3509468.32857",609011.365600385
"3512","57","40","2767","0","0","0","5161468.96594, 3169468.32857","4881468.96594, 3509468.32857",617350.533291815
"3513","57","41","2768","1","0","0","5161468.96594, 3159468.32857","4881468.96594, 3509468.32857",626632.230011872
"3514","57","42","2769","1","0","0","5161468.96594, 3149468.32857","4881468.96594, 3509468.32857",636680.673717578
"3515","57","43","2770","0","0","0","5161468.96594, 3139468.32857","4881468.96594, 3509468.32857",640897.530487074
"3516","57","44","2771","1","1","0","5161468.96594, 3129468.32857","4881468.96594, 3509468.32857",652200.186011315
"3517","57","45","2772","0","1","0","5161468.96594, 3119468.32857","4881468.96594, 3509468.32857",652200.186011315
"3518","57","46","2773","0","0","0","5161468.96594, 3109468.32857","4881468.96594, 3509468.32857",670931.294445091
"3519","57","47","2774","0","1","0","5161468.96594, 3099468.32857","4881468.96594, 3509468.32857",677682.288769407
"3520","57","48","2775","0","0","0","5161468.96594, 3089468.32857","4881468.96594, 3509468.32857",677682.288769407
"3521","57","49","2776","1","1","0","5161468.96594, 3079468.32857","4881468.96594, 3509468.32857",677682.288769407
"3522","57","50","2777","1","1","0","5161468.96594, 3069468.32857","4881468.96594, 3509468.32857",694172.764905876
"3523","57","51","2778","1","1","0","5161468.96594, 3059468.32857","4881468.96594, 3509468.32857",696827.279335443
"3524","57","52","2779","0","1","0","5161468.96594, 3049468.32857","4881468.96594, 3509468.32857",714913.868198346
"3525","57","53","2780","0","1","0","5161468.96594, 3039468.32857","4881468.96594, 3509468.32857",714913.868198346
"3526","57","54","2781","1","1","0","5161468.96594, 3029468.32857","4881468.96594, 3509468.32857",714913.868198346
"3527","57","55","2782","1","1","0","5161468.96594, 3019468.32857","4881468.96594, 3509468.32857",719052.495826355
"3528","57","56","2783","1","0","0","5161468.96594, 3009468.32857","4881468.96594, 3509468.32857",719052.495826355
"3529","57","57","2784","1","0","0","5161468.96594, 2999468.32857","4881468.96594, 3509468.32857",719052.495826355
"3530","57","58","2785","1","0","0","5161882.97629, 2991513.8688","4881468.96594, 3509468.32857",719052.495826355
"3536","58","2","2786","1","0","0","5170519.8323, 3546137.77039","4881468.96594, 3509468.32857",413750.210423476
"3537","58","3","2787","1","1","0","5171468.96594, 3539468.32857","4881468.96594, 3509468.32857",413750.210423476
"3538","58","4","2788","1","1","0","5171468.96594, 3529468.32857","4881468.96594, 3509468.32857",413750.210423476
"3539","58","5","2789","0","1","0","5171468.96594, 3519468.32857","4881468.96594, 3509468.32857",413750.210423476
"3540","58","6","2790","0","1","0","5171468.96594, 3509468.32857","4881468.96594, 3509468.32857",413750.210423476
"3541","58","7","2791","0","1","0","5171468.96594, 3499468.32857","4881468.96594, 3509468.32857",413750.210423476
"3542","58","8","2792","1","1","0","5171468.96594, 3489468.32857","4881468.96594, 3509468.32857",413750.210423476
"3543","58","9","2793","0","0","0","5171468.96594, 3479468.32857","4881468.96594, 3509468.32857",413750.210423476
"3544","58","10","2794","0","0","0","5171468.96594, 3469468.32857","4881468.96594, 3509468.32857",413750.210423476
"3545","58","11","2795","0","0","0","5171468.96594, 3459468.32857","4881468.96594, 3509468.32857",413750.210423476
"3546","58","12","2796","0","0","0","5171468.96594, 3449468.32857","4881468.96594, 3509468.32857",413750.210423476
"3547","58","13","2797","1","1","0","5171468.96594, 3439468.32857","4881468.96594, 3509468.32857",413750.210423476
"3548","58","14","2798","1","1","0","5171468.96594, 3429468.32857","4881468.96594, 3509468.32857",413750.210423476
"3549","58","15","2799","1","0","0","5171468.96594, 3419468.32857","4881468.96594, 3509468.32857",413750.210423476
"3550","58","16","2800","1","0","0","5171468.96594, 3409468.32857","4881468.96594, 3509468.32857",413750.210423476
"3551","58","17","2801","0","1","0","5171468.96594, 3399468.32857","4881468.96594, 3509468.32857",438377.225383089
"3552","58","18","2802","0","1","0","5171468.96594, 3389468.32857","4881468.96594, 3509468.32857",438377.225383089
"3553","58","19","2803","1","1","0","5171468.96594, 3379468.32857","4881468.96594, 3509468.32857",438377.225383089
"3554","58","20","2804","1","0","0","5171468.96594, 3369468.32857","4881468.96594, 3509468.32857",438377.225383089
"3555","58","21","2805","0","0","0","5171468.96594, 3359468.32857","4881468.96594, 3509468.32857",445670.634948196
"3556","58","22","2806","0","0","0","5171468.96594, 3349468.32857","4881468.96594, 3509468.32857",452761.655571463
"3557","58","23","2807","0","0","0","5171468.96594, 3339468.32857","4881468.96594, 3509468.32857",452761.655571463
"3558","58","24","2808","1","0","0","5171468.96594, 3329468.32857","4881468.96594, 3509468.32857",452761.655571463
"3559","58","25","2809","0","0","0","5171468.96594, 3319468.32857","4881468.96594, 3509468.32857",452761.655571463
"3560","58","26","2810","0","1","0","5171468.96594, 3309468.32857","4881468.96594, 3509468.32857",539959.954071987
"3561","58","27","2811","0","1","0","5171468.96594, 3299468.32857","4881468.96594, 3509468.32857",539959.954071987
"3562","58","28","2812","1","0","0","5171468.96594, 3289468.32857","4881468.96594, 3509468.32857",539959.954071987
"3563","58","29","2813","1","1","0","5171468.96594, 3279468.32857","4881468.96594, 3509468.32857",541817.64106938
"3564","58","30","2814","1","1","0","5171468.96594, 3269468.32857","4881468.96594, 3509468.32857",541817.64106938
"3565","58","31","2815","1","0","0","5171468.96594, 3259468.32857","4881468.96594, 3509468.32857",541817.64106938
"3566","58","32","2816","0","0","0","5171468.96594, 3249468.32857","4881468.96594, 3509468.32857",541817.64106938
"3567","58","33","2817","1","0","0","5171468.96594, 3239468.32857","4881468.96594, 3509468.32857",555796.26340039
"3568","58","34","2818","0","0","0","5171468.96594, 3229468.32857","4881468.96594, 3509468.32857",558565.353875188
"3569","58","35","2819","0","0","0","5171468.96594, 3219468.32857","4881468.96594, 3509468.32857",567901.83638269
"3570","58","36","2820","1","1","0","5171468.96594, 3209468.32857","4881468.96594, 3509468.32857",567901.83638269
"3571","58","37","2821","0","1","0","5171468.96594, 3199468.32857","4881468.96594, 3509468.32857",569690.821661198
"3572","58","38","2822","0","0","0","5171468.96594, 3189468.32857","4881468.96594, 3509468.32857",571962.404535435
"3573","58","39","2823","0","0","0","5171468.96594, 3179468.32857","4881468.96594, 3509468.32857",609011.365600385
"3574","58","40","2824","0","0","0","5171468.96594, 3169468.32857","4881468.96594, 3509468.32857",617350.533291815
"3575","58","41","2825","1","0","0","5171468.96594, 3159468.32857","4881468.96594, 3509468.32857",632381.592510624
"3576","58","42","2826","0","1","0","5171468.96594, 3149468.32857","4881468.96594, 3509468.32857",638801.669857695
"3577","58","43","2827","0","1","0","5171468.96594, 3139468.32857","4881468.96594, 3509468.32857",640897.530487074
"3578","58","44","2828","1","1","0","5171468.96594, 3129468.32857","4881468.96594, 3509468.32857",652200.186011315
"3579","58","45","2829","1","1","0","5171468.96594, 3119468.32857","4881468.96594, 3509468.32857",652200.186011315
"3580","58","46","2830","0","1","0","5171468.96594, 3109468.32857","4881468.96594, 3509468.32857",652200.186011315
"3581","58","47","2831","0","1","0","5171468.96594, 3099468.32857","4881468.96594, 3509468.32857",677682.288769407
"3582","58","48","2832","0","0","0","5171468.96594, 3089468.32857","4881468.96594, 3509468.32857",677682.288769407
"3583","58","49","2833","1","1","0","5171468.96594, 3079468.32857","4881468.96594, 3509468.32857",677682.288769407
"3584","58","50","2834","1","1","0","5171468.96594, 3069468.32857","4881468.96594, 3509468.32857",677682.288769407
"3585","58","51","2835","1","1","0","5171468.96594, 3059468.32857","4881468.96594, 3509468.32857",694172.764905876
"3586","58","52","2836","1","1","0","5171468.96594, 3049468.32857","4881468.96594, 3509468.32857",696827.279335443
"3587","58","53","2837","1","1","0","5171468.96594, 3039468.32857","4881468.96594, 3509468.32857",714913.868198346
"3588","58","54","2838","1","0","0","5171468.96594, 3029468.32857","4881468.96594, 3509468.32857",714913.868198346
"3589","58","55","2839","1","1","0","5171468.96594, 3019468.32857","4881468.96594, 3509468.32857",714913.868198346
"3590","58","56","2840","1","1","0","5171468.96594, 3009468.32857","4881468.96594, 3509468.32857",714913.868198346
"3591","58","57","2841","0","0","0","5171468.96594, 2999468.32857","4881468.96594, 3509468.32857",719052.495826355
"3592","58","58","2842","1","0","0","5171744.55194, 2990096.64327","4881468.96594, 3509468.32857",719052.495826355
"3593","58","59","2843","0","0","0","5176347.84359, 2984433.48821","4881468.96594, 3509468.32857",719052.495826355
"3598","59","2","2844","0","1","0","5177728.94486, 3544900.73607","4881468.96594, 3509468.32857",413750.210423476
"3599","59","3","2845","0","1","0","5181260.8558, 3539163.38197","4881468.96594, 3509468.32857",413750.210423476
"3600","59","4","2846","0","0","0","5181468.96594, 3529468.32857","4881468.96594, 3509468.32857",413750.210423476
"3601","59","5","2847","0","0","0","5181468.96594, 3519468.32857","4881468.96594, 3509468.32857",413750.210423476
"3602","59","6","2848","1","0","0","5181468.96594, 3509468.32857","4881468.96594, 3509468.32857",413750.210423476
"3603","59","7","2849","1","0","0","5181468.96594, 3499468.32857","4881468.96594, 3509468.32857",413750.210423476
"3604","59","8","2850","1","1","0","5181468.96594, 3489468.32857","4881468.96594, 3509468.32857",413750.210423476
"3605","59","9","2851","1","1","0","5181468.96594, 3479468.32857","4881468.96594, 3509468.32857",413750.210423476
"3606","59","10","2852","1","0","0","5181468.96594, 3469468.32857","4881468.96594, 3509468.32857",413750.210423476
"3607","59","11","2853","1","0","0","5181468.96594, 3459468.32857","4881468.96594, 3509468.32857",413750.210423476
"3608","59","12","2854","1","0","0","5181468.96594, 3449468.32857","4881468.96594, 3509468.32857",413750.210423476
"3609","59","13","2855","0","0","0","5181468.96594, 3439468.32857","4881468.96594, 3509468.32857",413750.210423476
"3610","59","14","2856","1","1","0","5181468.96594, 3429468.32857","4881468.96594, 3509468.32857",413750.210423476
"3611","59","15","2857","1","1","0","5181468.96594, 3419468.32857","4881468.96594, 3509468.32857",413750.210423476
"3612","59","16","2858","0","0","0","5181468.96594, 3409468.32857","4881468.96594, 3509468.32857",438377.225383089
"3613","59","17","2859","0","1","0","5181468.96594, 3399468.32857","4881468.96594, 3509468.32857",438377.225383089
"3614","59","18","2860","0","1","0","5181468.96594, 3389468.32857","4881468.96594, 3509468.32857",438377.225383089
"3615","59","19","2861","0","0","0","5181468.96594, 3379468.32857","4881468.96594, 3509468.32857",438377.225383089
"3616","59","20","2862","1","0","0","5181468.96594, 3369468.32857","4881468.96594, 3509468.32857",445670.634948196
"3617","59","21","2863","0","0","0","5181468.96594, 3359468.32857","4881468.96594, 3509468.32857",452761.655571463
"3618","59","22","2864","0","0","0","5181468.96594, 3349468.32857","4881468.96594, 3509468.32857",452761.655571463
"3619","59","23","2865","0","0","0","5181468.96594, 3339468.32857","4881468.96594, 3509468.32857",452761.655571463
"3620","59","24","2866","1","0","0","5181468.96594, 3329468.32857","4881468.96594, 3509468.32857",452761.655571463
"3621","59","25","2867","0","1","0","5181468.96594, 3319468.32857","4881468.96594, 3509468.32857",539959.954071987
"3622","59","26","2868","1","1","0","5181468.96594, 3309468.32857","4881468.96594, 3509468.32857",539959.954071987
"3623","59","27","2869","0","0","0","5181468.96594, 3299468.32857","4881468.96594, 3509468.32857",539959.954071987
"3624","59","28","2870","1","0","0","5181468.96594, 3289468.32857","4881468.96594, 3509468.32857",541817.64106938
"3625","59","29","2871","0","1","0","5181468.96594, 3279468.32857","4881468.96594, 3509468.32857",541817.64106938
"3626","59","30","2872","0","1","0","5181468.96594, 3269468.32857","4881468.96594, 3509468.32857",541817.64106938
"3627","59","31","2873","1","0","0","5181468.96594, 3259468.32857","4881468.96594, 3509468.32857",541817.64106938
"3628","59","32","2874","1","0","0","5181468.96594, 3249468.32857","4881468.96594, 3509468.32857",555796.26340039
"3629","59","33","2875","1","0","0","5181468.96594, 3239468.32857","4881468.96594, 3509468.32857",558565.353875188
"3630","59","34","2876","1","0","0","5181468.96594, 3229468.32857","4881468.96594, 3509468.32857",558565.353875188
"3631","59","35","2877","0","0","0","5181468.96594, 3219468.32857","4881468.96594, 3509468.32857",567901.83638269
"3632","59","36","2878","1","0","0","5181468.96594, 3209468.32857","4881468.96594, 3509468.32857",567901.83638269
"3633","59","37","2879","1","1","0","5181468.96594, 3199468.32857","4881468.96594, 3509468.32857",569690.821661198
"3634","59","38","2880","1","1","0","5181468.96594, 3189468.32857","4881468.96594, 3509468.32857",569690.821661198
"3635","59","39","2881","1","1","0","5181468.96594, 3179468.32857","4881468.96594, 3509468.32857",609011.365600385
"3636","59","40","2882","1","1","0","5181468.96594, 3169468.32857","4881468.96594, 3509468.32857",617350.533291815
"3637","59","41","2883","1","1","0","5181468.96594, 3159468.32857","4881468.96594, 3509468.32857",636680.673717578
"3638","59","42","2884","1","1","0","5181468.96594, 3149468.32857","4881468.96594, 3509468.32857",638801.669857695
"3639","59","43","2885","1","0","0","5181468.96594, 3139468.32857","4881468.96594, 3509468.32857",640897.530487074
"3640","59","44","2886","1","0","0","5181468.96594, 3129468.32857","4881468.96594, 3509468.32857",652200.186011315
"3641","59","45","2887","1","1","0","5181468.96594, 3119468.32857","4881468.96594, 3509468.32857",652200.186011315
"3642","59","46","2888","1","1","0","5181468.96594, 3109468.32857","4881468.96594, 3509468.32857",652200.186011315
"3643","59","47","2889","1","0","0","5181468.96594, 3099468.32857","4881468.96594, 3509468.32857",670931.294445091
"3644","59","48","2890","1","0","0","5181468.96594, 3089468.32857","4881468.96594, 3509468.32857",677682.288769407
"3645","59","49","2891","1","0","0","5181468.96594, 3079468.32857","4881468.96594, 3509468.32857",677682.288769407
"3646","59","50","2892","1","1","0","5181468.96594, 3069468.32857","4881468.96594, 3509468.32857",677682.288769407
"3647","59","51","2893","1","1","0","5181468.96594, 3059468.32857","4881468.96594, 3509468.32857",677682.288769407
"3648","59","52","2894","0","0","0","5181468.96594, 3049468.32857","4881468.96594, 3509468.32857",694172.764905876
"3649","59","53","2895","1","0","0","5181468.96594, 3039468.32857","4881468.96594, 3509468.32857",696827.279335443
"3650","59","54","2896","1","0","0","5181468.96594, 3029468.32857","4881468.96594, 3509468.32857",714913.868198346
"3651","59","55","2897","0","0","0","5181468.96594, 3019468.32857","4881468.96594, 3509468.32857",714913.868198346
"3652","59","56","2898","1","1","0","5181468.96594, 3009468.32857","4881468.96594, 3509468.32857",714913.868198346
"3653","59","57","2899","0","0","0","5181468.96594, 2999468.32857","4881468.96594, 3509468.32857",714913.868198346
"3654","59","58","2900","0","0","0","5181468.96594, 2989468.32857","4881468.96594, 3509468.32857",719052.495826355
"3655","59","59","2901","0","0","0","5183022.71627, 2983473.488","4881468.96594, 3509468.32857",719052.495826355
"3661","60","3","2902","0","0","0","5187838.95137, 3537380.50583","4881468.96594, 3509468.32857",413750.210423476
"3662","60","4","2903","1","0","0","5189733.98032, 3528875.76458","4881468.96594, 3509468.32857",413750.210423476
"3663","60","5","2904","1","0","0","5191351.46684, 3519367.14968","4881468.96594, 3509468.32857",413750.210423476
"3664","60","6","2905","1","0","0","5191468.96594, 3509468.32857","4881468.96594, 3509468.32857",413750.210423476
"3665","60","7","2906","0","0","0","5191468.96594, 3499468.32857","4881468.96594, 3509468.32857",413750.210423476
"3666","60","8","2907","0","0","0","5191468.96594, 3489468.32857","4881468.96594, 3509468.32857",413750.210423476
"3667","60","9","2908","0","1","0","5191468.96594, 3479468.32857","4881468.96594, 3509468.32857",413750.210423476
"3668","60","10","2909","0","0","0","5191468.96594, 3469468.32857","4881468.96594, 3509468.32857",413750.210423476
"3669","60","11","2910","0","0","0","5191468.96594, 3459468.32857","4881468.96594, 3509468.32857",413750.210423476
"3670","60","12","2911","1","0","0","5191468.96594, 3449468.32857","4881468.96594, 3509468.32857",413750.210423476
"3671","60","13","2912","1","0","0","5191468.96594, 3439468.32857","4881468.96594, 3509468.32857",413750.210423476
"3672","60","14","2913","1","1","0","5191468.96594, 3429468.32857","4881468.96594, 3509468.32857",413750.210423476
"3673","60","15","2914","1","1","0","5191468.96594, 3419468.32857","4881468.96594, 3509468.32857",438377.225383089
"3674","60","16","2915","0","1","0","5191468.96594, 3409468.32857","4881468.96594, 3509468.32857",438377.225383089
"3675","60","17","2916","0","1","0","5191468.96594, 3399468.32857","4881468.96594, 3509468.32857",438377.225383089
"3676","60","18","2917","0","1","0","5191468.96594, 3389468.32857","4881468.96594, 3509468.32857",438377.225383089
"3677","60","19","2918","0","0","0","5191468.96594, 3379468.32857","4881468.96594, 3509468.32857",445670.634948196
"3678","60","20","2919","1","0","0","5191468.96594, 3369468.32857","4881468.96594, 3509468.32857",452761.655571463
"3679","60","21","2920","1","0","0","5191468.96594, 3359468.32857","4881468.96594, 3509468.32857",452761.655571463
"3680","60","22","2921","1","0","0","5191468.96594, 3349468.32857","4881468.96594, 3509468.32857",452761.655571463
"3681","60","23","2922","1","0","0","5191468.96594, 3339468.32857","4881468.96594, 3509468.32857",452761.655571463
"3682","60","24","2923","1","1","0","5191468.96594, 3329468.32857","4881468.96594, 3509468.32857",539959.954071987
"3683","60","25","2924","1","1","0","5191468.96594, 3319468.32857","4881468.96594, 3509468.32857",539959.954071987
"3684","60","26","2925","1","0","0","5191468.96594, 3309468.32857","4881468.96594, 3509468.32857",541817.64106938
"3685","60","27","2926","1","0","0","5191468.96594, 3299468.32857","4881468.96594, 3509468.32857",541817.64106938
"3686","60","28","2927","1","1","0","5191468.96594, 3289468.32857","4881468.96594, 3509468.32857",541817.64106938
"3687","60","29","2928","1","1","0","5191468.96594, 3279468.32857","4881468.96594, 3509468.32857",541817.64106938
"3688","60","30","2929","1","1","0","5191468.96594, 3269468.32857","4881468.96594, 3509468.32857",541817.64106938
"3689","60","31","2930","1","1","0","5191468.96594, 3259468.32857","4881468.96594, 3509468.32857",555796.26340039
"3690","60","32","2931","0","0","0","5191468.96594, 3249468.32857","4881468.96594, 3509468.32857",558565.353875188
"3691","60","33","2932","0","0","0","5191468.96594, 3239468.32857","4881468.96594, 3509468.32857",558565.353875188
"3692","60","34","2933","1","1","0","5191468.96594, 3229468.32857","4881468.96594, 3509468.32857",567901.83638269
"3693","60","35","2934","1","1","0","5191468.96594, 3219468.32857","4881468.96594, 3509468.32857",567901.83638269
"3694","60","36","2935","1","0","0","5191468.96594, 3209468.32857","4881468.96594, 3509468.32857",567901.83638269
"3695","60","37","2936","1","1","0","5191468.96594, 3199468.32857","4881468.96594, 3509468.32857",569690.821661198
"3696","60","38","2937","0","1","0","5191468.96594, 3189468.32857","4881468.96594, 3509468.32857",569690.821661198
"3697","60","39","2938","0","0","0","5191468.96594, 3179468.32857","4881468.96594, 3509468.32857",609011.365600385
"3698","60","40","2939","0","0","0","5191468.96594, 3169468.32857","4881468.96594, 3509468.32857",632381.592510624
"3699","60","41","2940","0","0","0","5191468.96594, 3159468.32857","4881468.96594, 3509468.32857",636680.673717578
"3700","60","42","2941","0","0","0","5191468.96594, 3149468.32857","4881468.96594, 3509468.32857",638801.669857695
"3701","60","43","2942","1","0","0","5191468.96594, 3139468.32857","4881468.96594, 3509468.32857",640897.530487074
"3702","60","44","2943","1","0","0","5191468.96594, 3129468.32857","4881468.96594, 3509468.32857",646749.082963631
"3703","60","45","2944","0","1","0","5191468.96594, 3119468.32857","4881468.96594, 3509468.32857",652200.186011315
"3704","60","46","2945","1","1","0","5191468.96594, 3109468.32857","4881468.96594, 3509468.32857",652200.186011315
"3705","60","47","2946","1","1","0","5191468.96594, 3099468.32857","4881468.96594, 3509468.32857",652200.186011315
"3706","60","48","2947","0","0","0","5191468.96594, 3089468.32857","4881468.96594, 3509468.32857",677682.288769407
"3707","60","49","2948","0","0","0","5191468.96594, 3079468.32857","4881468.96594, 3509468.32857",677682.288769407
"3708","60","50","2949","1","1","0","5191468.96594, 3069468.32857","4881468.96594, 3509468.32857",677682.288769407
"3709","60","51","2950","1","0","0","5191468.96594, 3059468.32857","4881468.96594, 3509468.32857",677682.288769407
"3710","60","52","2951","0","0","0","5191468.96594, 3049468.32857","4881468.96594, 3509468.32857",677682.288769407
"3711","60","53","2952","0","0","0","5191468.96594, 3039468.32857","4881468.96594, 3509468.32857",694172.764905876
"3712","60","54","2953","0","0","0","5191468.96594, 3029468.32857","4881468.96594, 3509468.32857",696827.279335443
"3713","60","55","2954","0","0","0","5191468.96594, 3019468.32857","4881468.96594, 3509468.32857",714913.868198346
"3714","60","56","2955","1","1","0","5191468.96594, 3009468.32857","4881468.96594, 3509468.32857",714913.868198346
"3715","60","57","2956","0","0","0","5191468.96594, 2999468.32857","4881468.96594, 3509468.32857",714913.868198346
"3716","60","58","2957","0","1","0","5191468.96594, 2989468.32857","4881468.96594, 3509468.32857",714913.868198346
"3717","60","59","2958","0","1","0","5192011.38176, 2982180.71117","4881468.96594, 3509468.32857",714913.868198346
"3725","61","5","2959","0","0","0","5197452.10649, 3516674.85102","4881468.96594, 3509468.32857",413750.210423476
"3726","61","6","2960","0","0","0","5199217.35348, 3508751.14753","4881468.96594, 3509468.32857",413750.210423476
"3727","61","7","2961","0","0","0","5201130.95767, 3499218.30512","4881468.96594, 3509468.32857",413750.210423476
"3728","61","8","2962","0","0","0","5201468.96594, 3489468.32857","4881468.96594, 3509468.32857",413750.210423476
"3729","61","9","2963","0","1","0","5201468.96594, 3479468.32857","4881468.96594, 3509468.32857",413750.210423476
"3730","61","10","2964","0","1","0","5201468.96594, 3469468.32857","4881468.96594, 3509468.32857",413750.210423476
"3731","61","11","2965","0","1","0","5201468.96594, 3459468.32857","4881468.96594, 3509468.32857",413750.210423476
"3732","61","12","2966","0","1","0","5201468.96594, 3449468.32857","4881468.96594, 3509468.32857",413750.210423476
"3733","61","13","2967","1","1","0","5201468.96594, 3439468.32857","4881468.96594, 3509468.32857",413750.210423476
"3734","61","14","2968","1","1","0","5201468.96594, 3429468.32857","4881468.96594, 3509468.32857",438377.225383089
"3735","61","15","2969","1","1","0","5201468.96594, 3419468.32857","4881468.96594, 3509468.32857",438377.225383089
"3736","61","16","2970","1","0","0","5201468.96594, 3409468.32857","4881468.96594, 3509468.32857",438377.225383089
"3737","61","17","2971","0","1","0","5201468.96594, 3399468.32857","4881468.96594, 3509468.32857",438377.225383089
"3738","61","18","2972","1","1","0","5201468.96594, 3389468.32857","4881468.96594, 3509468.32857",438377.225383089
"3739","61","19","2973","1","1","0","5201468.96594, 3379468.32857","4881468.96594, 3509468.32857",452761.655571463
"3740","61","20","2974","1","1","0","5201468.96594, 3369468.32857","4881468.96594, 3509468.32857",452761.655571463
"3741","61","21","2975","1","0","0","5201468.96594, 3359468.32857","4881468.96594, 3509468.32857",452761.655571463
"3742","61","22","2976","0","0","0","5201468.96594, 3349468.32857","4881468.96594, 3509468.32857",452761.655571463
"3743","61","23","2977","0","1","0","5201468.96594, 3339468.32857","4881468.96594, 3509468.32857",539959.954071987
"3744","61","24","2978","0","1","0","5201468.96594, 3329468.32857","4881468.96594, 3509468.32857",539959.954071987
"3745","61","25","2979","0","0","0","5201468.96594, 3319468.32857","4881468.96594, 3509468.32857",541817.64106938
"3746","61","26","2980","0","0","0","5201468.96594, 3309468.32857","4881468.96594, 3509468.32857",541817.64106938
"3747","61","27","2981","0","0","0","5201468.96594, 3299468.32857","4881468.96594, 3509468.32857",541817.64106938
"3748","61","28","2982","1","1","0","5201468.96594, 3289468.32857","4881468.96594, 3509468.32857",541817.64106938
"3749","61","29","2983","0","0","0","5201468.96594, 3279468.32857","4881468.96594, 3509468.32857",541817.64106938
"3750","61","30","2984","0","0","0","5201468.96594, 3269468.32857","4881468.96594, 3509468.32857",555796.26340039
"3751","61","31","2985","1","1","0","5201468.96594, 3259468.32857","4881468.96594, 3509468.32857",558565.353875188
"3752","61","32","2986","0","1","0","5201468.96594, 3249468.32857","4881468.96594, 3509468.32857",558565.353875188
"3753","61","33","2987","0","1","0","5201468.96594, 3239468.32857","4881468.96594, 3509468.32857",558565.353875188
"3754","61","34","2988","0","1","0","5201468.96594, 3229468.32857","4881468.96594, 3509468.32857",567901.83638269
"3755","61","35","2989","0","0","0","5201468.96594, 3219468.32857","4881468.96594, 3509468.32857",567901.83638269
"3756","61","36","2990","1","0","0","5201468.96594, 3209468.32857","4881468.96594, 3509468.32857",567901.83638269
"3757","61","37","2991","1","1","0","5201468.96594, 3199468.32857","4881468.96594, 3509468.32857",569690.821661198
"3758","61","38","2992","0","0","0","5201468.96594, 3189468.32857","4881468.96594, 3509468.32857",569690.821661198
"3759","61","39","2993","0","0","0","5201468.96594, 3179468.32857","4881468.96594, 3509468.32857",609011.365600385
"3760","61","40","2994","0","0","0","5201468.96594, 3169468.32857","4881468.96594, 3509468.32857",636680.673717578
"3761","61","41","2995","0","0","0","5201468.96594, 3159468.32857","4881468.96594, 3509468.32857",636680.673717578
"3762","61","42","2996","0","0","0","5201468.96594, 3149468.32857","4881468.96594, 3509468.32857",638801.669857695
"3763","61","43","2997","1","0","0","5201468.96594, 3139468.32857","4881468.96594, 3509468.32857",640897.530487074
"3764","61","44","2998","0","0","0","5201468.96594, 3129468.32857","4881468.96594, 3509468.32857",646749.082963631
"3765","61","45","2999","0","1","0","5201468.96594, 3119468.32857","4881468.96594, 3509468.32857",652200.186011315
"3766","61","46","3000","0","0","0","5201468.96594, 3109468.32857","4881468.96594, 3509468.32857",652200.186011315
"3767","61","47","3001","1","1","0","5201468.96594, 3099468.32857","4881468.96594, 3509468.32857",652200.186011315
"3768","61","48","3002","1","1","0","5201468.96594, 3089468.32857","4881468.96594, 3509468.32857",670931.294445091
"3769","61","49","3003","1","0","0","5201468.96594, 3079468.32857","4881468.96594, 3509468.32857",677682.288769407
"3770","61","50","3004","1","1","0","5201468.96594, 3069468.32857","4881468.96594, 3509468.32857",677682.288769407
"3771","61","51","3005","0","0","0","5201468.96594, 3059468.32857","4881468.96594, 3509468.32857",677682.288769407
"3772","61","52","3006","0","0","0","5201468.96594, 3049468.32857","4881468.96594, 3509468.32857",677682.288769407
"3773","61","53","3007","0","0","0","5201468.96594, 3039468.32857","4881468.96594, 3509468.32857",677682.288769407
"3774","61","54","3008","0","0","0","5201468.96594, 3029468.32857","4881468.96594, 3509468.32857",694172.764905876
"3775","61","55","3009","0","0","0","5201468.96594, 3019468.32857","4881468.96594, 3509468.32857",696827.279335443
"3776","61","56","3010","1","1","0","5201468.96594, 3009468.32857","4881468.96594, 3509468.32857",714913.868198346
"3777","61","57","3011","0","1","0","5201468.96594, 2999468.32857","4881468.96594, 3509468.32857",714913.868198346
"3778","61","58","3012","0","1","0","5201468.96594, 2989468.32857","4881468.96594, 3509468.32857",714913.868198346
"3779","61","59","3013","0","0","0","5201797.52379, 2980773.23888","4881468.96594, 3509468.32857",714913.868198346
"3789","62","7","3014","0","0","0","5207089.18043, 3495860.31386","4881468.96594, 3509468.32857",413750.210423476
"3790","62","8","3015","0","0","0","5208722.37333, 3488553.67652","4881468.96594, 3509468.32857",413750.210423476
"3791","62","9","3016","0","0","0","5210996.4485, 3479105.45604","4881468.96594, 3509468.32857",413750.210423476
"3792","62","10","3017","0","0","0","5211468.96594, 3469468.32857","4881468.96594, 3509468.32857",413750.210423476
"3793","62","11","3018","1","1","0","5211468.96594, 3459468.32857","4881468.96594, 3509468.32857",413750.210423476
"3794","62","12","3019","1","1","0","5211468.96594, 3449468.32857","4881468.96594, 3509468.32857",413750.210423476
"3795","62","13","3020","1","0","0","5211468.96594, 3439468.32857","4881468.96594, 3509468.32857",438377.225383089
"3796","62","14","3021","0","0","0","5211468.96594, 3429468.32857","4881468.96594, 3509468.32857",438377.225383089
"3797","62","15","3022","1","1","0","5211468.96594, 3419468.32857","4881468.96594, 3509468.32857",438377.225383089
"3798","62","16","3023","1","1","0","5211468.96594, 3409468.32857","4881468.96594, 3509468.32857",438377.225383089
"3799","62","17","3024","1","0","0","5211468.96594, 3399468.32857","4881468.96594, 3509468.32857",438377.225383089
"3800","62","18","3025","1","0","0","5211468.96594, 3389468.32857","4881468.96594, 3509468.32857",452761.655571463
"3801","62","19","3026","1","0","0","5211468.96594, 3379468.32857","4881468.96594, 3509468.32857",452761.655571463
"3802","62","20","3027","1","1","0","5211468.96594, 3369468.32857","4881468.96594, 3509468.32857",452761.655571463
"3803","62","21","3028","1","1","0","5211468.96594, 3359468.32857","4881468.96594, 3509468.32857",452761.655571463
"3804","62","22","3029","0","1","0","5211468.96594, 3349468.32857","4881468.96594, 3509468.32857",539959.954071987
"3805","62","23","3030","0","1","0","5211468.96594, 3339468.32857","4881468.96594, 3509468.32857",541817.64106938
"3806","62","24","3031","0","0","0","5211468.96594, 3329468.32857","4881468.96594, 3509468.32857",541817.64106938
"3807","62","25","3032","0","0","0","5211456.02164, 3319463.87949","4881468.96594, 3509468.32857",541817.64106938
"3808","62","26","3033","1","0","0","5211468.96594, 3309468.32857","4881468.96594, 3509468.32857",541817.64106938
"3809","62","27","3034","1","0","0","5211468.96594, 3299468.32857","4881468.96594, 3509468.32857",541817.64106938
"3810","62","28","3035","1","1","0","5211468.96594, 3289468.32857","4881468.96594, 3509468.32857",541817.64106938
"3811","62","29","3036","0","0","0","5211468.96594, 3279468.32857","4881468.96594, 3509468.32857",555796.26340039
"3812","62","30","3037","1","0","0","5211468.96594, 3269468.32857","4881468.96594, 3509468.32857",558565.353875188
"3813","62","31","3038","1","0","0","5211468.96594, 3259468.32857","4881468.96594, 3509468.32857",558565.353875188
"3814","62","32","3039","0","1","0","5211468.96594, 3249468.32857","4881468.96594, 3509468.32857",558565.353875188
"3815","62","33","3040","0","0","0","5211468.96594, 3239468.32857","4881468.96594, 3509468.32857",567901.83638269
"3816","62","34","3041","0","0","0","5211468.96594, 3229468.32857","4881468.96594, 3509468.32857",567901.83638269
"3817","62","35","3042","0","0","0","5211468.96594, 3219468.32857","4881468.96594, 3509468.32857",567901.83638269
"3818","62","36","3043","1","0","0","5211468.96594, 3209468.32857","4881468.96594, 3509468.32857",567901.83638269
"3819","62","37","3044","1","1","0","5211468.96594, 3199468.32857","4881468.96594, 3509468.32857",569690.821661198
"3820","62","38","3045","1","0","0","5211468.96594, 3189468.32857","4881468.96594, 3509468.32857",569690.821661198
"3821","62","39","3046","0","0","0","5211468.96594, 3179468.32857","4881468.96594, 3509468.32857",569690.821661198
"3822","62","40","3047","0","0","0","5211468.96594, 3169468.32857","4881468.96594, 3509468.32857",636680.673717578
"3823","62","41","3048","0","0","0","5211468.96594, 3159468.32857","4881468.96594, 3509468.32857",636680.673717578
"3824","62","42","3049","0","0","0","5211468.96594, 3149468.32857","4881468.96594, 3509468.32857",638801.669857695
"3825","62","43","3050","1","0","0","5211468.96594, 3139468.32857","4881468.96594, 3509468.32857",640897.530487074
"3826","62","44","3051","0","1","0","5211468.96594, 3129468.32857","4881468.96594, 3509468.32857",646749.082963631
"3827","62","45","3052","0","1","0","5211468.96594, 3119468.32857","4881468.96594, 3509468.32857",652200.186011315
"3828","62","46","3053","0","0","0","5211468.96594, 3109468.32857","4881468.96594, 3509468.32857",652200.186011315
"3829","62","47","3054","0","0","0","5211468.96594, 3099468.32857","4881468.96594, 3509468.32857",652200.186011315
"3830","62","48","3055","1","1","0","5211468.96594, 3089468.32857","4881468.96594, 3509468.32857",652200.186011315
"3831","62","49","3056","1","1","0","5211468.96594, 3079468.32857","4881468.96594, 3509468.32857",677682.288769407
"3832","62","50","3057","1","1","0","5211468.96594, 3069468.32857","4881468.96594, 3509468.32857",677682.288769407
"3833","62","51","3058","0","0","0","5211468.96594, 3059468.32857","4881468.96594, 3509468.32857",677682.288769407
"3834","62","52","3059","0","0","0","5211468.96594, 3049468.32857","4881468.96594, 3509468.32857",677682.288769407
"3835","62","53","3060","0","0","0","5211468.96594, 3039468.32857","4881468.96594, 3509468.32857",677682.288769407
"3836","62","54","3061","1","0","0","5211468.96594, 3029468.32857","4881468.96594, 3509468.32857",677682.288769407
"3837","62","55","3062","1","0","0","5211468.96594, 3019468.32857","4881468.96594, 3509468.32857",694172.764905876
"3838","62","56","3063","1","0","0","5211468.96594, 3009468.32857","4881468.96594, 3509468.32857",694172.764905876
"3839","62","57","3064","1","0","0","5211468.96594, 2999468.32857","4881468.96594, 3509468.32857",714913.868198346
"3840","62","58","3065","0","0","0","5211468.96594, 2989468.32857","4881468.96594, 3509468.32857",714913.868198346
"3841","62","59","3066","0","0","0","5211570.22634, 2979599.54636","4881468.96594, 3509468.32857",714913.868198346
"3842","62","60","3067","0","0","0","5214602.82839, 2973931.54157","4881468.96594, 3509468.32857",714913.868198346
"3853","63","9","3068","0","0","0","5217192.11815, 3475732.74792","4881468.96594, 3509468.32857",413750.210423476
"3854","63","10","3069","0","1","0","5219254.51025, 3468520.63281","4881468.96594, 3509468.32857",413750.210423476
"3855","63","11","3070","1","1","0","5221294.75226, 3459315.47507","4881468.96594, 3509468.32857",413750.210423476
"3856","63","12","3071","0","1","0","5221468.96594, 3449468.32857","4881468.96594, 3509468.32857",438377.225383089
"3857","63","13","3072","0","0","0","5221468.96594, 3439468.32857","4881468.96594, 3509468.32857",438377.225383089
"3858","63","14","3073","0","0","0","5221468.96594, 3429468.32857","4881468.96594, 3509468.32857",438377.225383089
"3859","63","15","3074","1","1","0","5221468.96594, 3419468.32857","4881468.96594, 3509468.32857",438377.225383089
"3860","63","16","3075","0","1","0","5221468.96594, 3409468.32857","4881468.96594, 3509468.32857",438377.225383089
"3861","63","17","3076","0","0","0","5221468.96594, 3399468.32857","4881468.96594, 3509468.32857",452761.655571463
"3862","63","18","3077","0","0","0","5221468.96594, 3389468.32857","4881468.96594, 3509468.32857",452761.655571463
"3863","63","19","3078","0","0","0","5221468.96594, 3379468.32857","4881468.96594, 3509468.32857",452761.655571463
"3864","63","20","3079","0","0","0","5221468.96594, 3369468.32857","4881468.96594, 3509468.32857",452761.655571463
"3865","63","21","3080","1","1","0","5221468.96594, 3359468.32857","4881468.96594, 3509468.32857",541817.64106938
"3866","63","22","3081","1","1","0","5221468.96594, 3349468.32857","4881468.96594, 3509468.32857",541817.64106938
"3867","63","23","3082","0","0","0","5221440.27842, 3339496.24581","4881468.96594, 3509468.32857",541817.64106938
"3868","63","24","3083","0","0","0","5219608.36786, 3330542.85779","4881468.96594, 3509468.32857",541817.64106938
"3869","63","25","3084","0","0","0","5217122.06036, 3323549.8838","4881468.96594, 3509468.32857",541817.64106938
"3869","63","25","3085","0","0","0","5220165.58182, 3316570.16936","4881468.96594, 3509468.32857",541817.64106938
"3870","63","26","3086","0","0","0","5221468.96594, 3309468.32857","4881468.96594, 3509468.32857",541817.64106938
"3871","63","27","3087","1","0","0","5221468.96594, 3299468.32857","4881468.96594, 3509468.32857",541817.64106938
"3872","63","28","3088","0","1","0","5221468.96594, 3289468.32857","4881468.96594, 3509468.32857",555796.26340039
"3873","63","29","3089","0","0","0","5221468.96594, 3279468.32857","4881468.96594, 3509468.32857",558565.353875188
"3874","63","30","3090","1","0","0","5221468.96594, 3269468.32857","4881468.96594, 3509468.32857",558565.353875188
"3875","63","31","3091","0","0","0","5221468.96594, 3259468.32857","4881468.96594, 3509468.32857",558565.353875188
"3876","63","32","3092","0","0","0","5221468.96594, 3249468.32857","4881468.96594, 3509468.32857",558565.353875188
"3877","63","33","3093","0","0","0","5221468.96594, 3239468.32857","4881468.96594, 3509468.32857",567901.83638269
"3878","63","34","3094","0","0","0","5221468.96594, 3229468.32857","4881468.96594, 3509468.32857",567901.83638269
"3879","63","35","3095","0","0","0","5221468.96594, 3219468.32857","4881468.96594, 3509468.32857",567901.83638269
"3880","63","36","3096","1","0","0","5221468.96594, 3209468.32857","4881468.96594, 3509468.32857",567901.83638269
"3881","63","37","3097","1","1","0","5221468.96594, 3199468.32857","4881468.96594, 3509468.32857",569690.821661198
"3882","63","38","3098","1","1","0","5221468.96594, 3189468.32857","4881468.96594, 3509468.32857",569690.821661198
"3883","63","39","3099","0","0","0","5221468.96594, 3179468.32857","4881468.96594, 3509468.32857",569690.821661198
"3884","63","40","3100","0","0","0","5221468.96594, 3169468.32857","4881468.96594, 3509468.32857",636680.673717578
"3885","63","41","3101","0","0","0","5221468.96594, 3159468.32857","4881468.96594, 3509468.32857",638801.669857695
"3886","63","42","3102","1","0","0","5221468.96594, 3149468.32857","4881468.96594, 3509468.32857",638801.669857695
"3887","63","43","3103","1","0","0","5221468.96594, 3139468.32857","4881468.96594, 3509468.32857",640897.530487074
"3888","63","44","3104","0","1","0","5221468.96594, 3129468.32857","4881468.96594, 3509468.32857",646749.082963631
"3889","63","45","3105","0","0","0","5221468.96594, 3119468.32857","4881468.96594, 3509468.32857",652200.186011315
"3890","63","46","3106","0","0","0","5221468.96594, 3109468.32857","4881468.96594, 3509468.32857",652200.186011315
"3891","63","47","3107","0","0","0","5221468.96594, 3099468.32857","4881468.96594, 3509468.32857",652200.186011315
"3892","63","48","3108","0","0","0","5221468.96594, 3089468.32857","4881468.96594, 3509468.32857",652200.186011315
"3893","63","49","3109","1","0","0","5221468.96594, 3079468.32857","4881468.96594, 3509468.32857",652200.186011315
"3894","63","50","3110","1","1","0","5221468.96594, 3069468.32857","4881468.96594, 3509468.32857",677682.288769407
"3895","63","51","3111","1","0","0","5221468.96594, 3059468.32857","4881468.96594, 3509468.32857",677682.288769407
"3896","63","52","3112","0","0","0","5221468.96594, 3049468.32857","4881468.96594, 3509468.32857",677682.288769407
"3897","63","53","3113","1","0","0","5221468.96594, 3039468.32857","4881468.96594, 3509468.32857",677682.288769407
"3898","63","54","3114","1","0","0","5221468.96594, 3029468.32857","4881468.96594, 3509468.32857",677682.288769407
"3899","63","55","3115","0","0","0","5221468.96594, 3019468.32857","4881468.96594, 3509468.32857",677682.288769407
"3900","63","56","3116","1","0","0","5221468.96594, 3009468.32857","4881468.96594, 3509468.32857",694172.764905876
"3901","63","57","3117","1","0","0","5221468.96594, 2999468.32857","4881468.96594, 3509468.32857",694172.764905876
"3902","63","58","3118","0","0","0","5221468.96594, 2989468.32857","4881468.96594, 3509468.32857",714913.868198346
"3903","63","59","3119","0","0","0","5221468.96594, 2979468.32857","4881468.96594, 3509468.32857",714913.868198346
"3904","63","60","3120","0","0","0","5222255.24721, 2972830.94774","4881468.96594, 3509468.32857",714913.868198346
"3917","64","11","3121","0","0","0","5227671.61376, 3456571.13786","4881468.96594, 3509468.32857",438377.225383089
"3918","64","12","3122","0","0","0","5229913.47791, 3448731.41505","4881468.96594, 3509468.32857",438377.225383089
"3919","64","13","3123","0","0","0","5231449.99093, 3439450.02051","4881468.96594, 3509468.32857",438377.225383089
"3920","64","14","3124","0","0","0","5231468.96594, 3429468.32857","4881468.96594, 3509468.32857",438377.225383089
"3921","64","15","3125","1","1","0","5231468.96594, 3419468.32857","4881468.96594, 3509468.32857",438377.225383089
"3922","64","16","3126","0","0","0","5231468.96594, 3409468.32857","4881468.96594, 3509468.32857",445670.634948196
"3923","64","17","3127","0","0","0","5231468.96594, 3399468.32857","4881468.96594, 3509468.32857",452761.655571463
"3924","64","18","3128","0","1","0","5231468.96594, 3389468.32857","4881468.96594, 3509468.32857",452761.655571463
"3925","64","19","3129","0","1","0","5231468.96594, 3379468.32857","4881468.96594, 3509468.32857",452761.655571463
"3926","64","20","3130","0","1","0","5231468.96594, 3369468.32857","4881468.96594, 3509468.32857",541817.64106938
"3927","64","21","3131","0","1","0","5231468.96594, 3359468.32857","4881468.96594, 3509468.32857",541817.64106938
"3928","64","22","3132","0","0","0","5231043.08279, 3349835.1102","4881468.96594, 3509468.32857",541817.64106938
"3929","64","23","3133","0","0","0","5228529.30904, 3341570.87408","4881468.96594, 3509468.32857",541817.64106938
"3931","64","25","3134","0","0","0","5226933.50352, 3314722.03376","4881468.96594, 3509468.32857",541817.64106938
"3932","64","26","3135","0","0","0","5230928.60173, 3308597.83996","4881468.96594, 3509468.32857",541817.64106938
"3933","64","27","3136","1","1","0","5231468.96594, 3299468.32857","4881468.96594, 3509468.32857",555796.26340039
"3934","64","28","3137","0","1","0","5231468.96594, 3289468.32857","4881468.96594, 3509468.32857",555796.26340039
"3935","64","29","3138","0","0","0","5231468.96594, 3279468.32857","4881468.96594, 3509468.32857",558565.353875188
"3936","64","30","3139","1","0","0","5231468.96594, 3269468.32857","4881468.96594, 3509468.32857",558565.353875188
"3937","64","31","3140","0","0","0","5231468.96594, 3259468.32857","4881468.96594, 3509468.32857",558565.353875188
"3938","64","32","3141","0","0","0","5231468.96594, 3249468.32857","4881468.96594, 3509468.32857",567901.83638269
"3939","64","33","3142","0","0","0","5231468.96594, 3239468.32857","4881468.96594, 3509468.32857",567901.83638269
"3940","64","34","3143","1","0","0","5231468.96594, 3229468.32857","4881468.96594, 3509468.32857",567901.83638269
"3941","64","35","3144","1","0","0","5231468.96594, 3219468.32857","4881468.96594, 3509468.32857",567901.83638269
"3942","64","36","3145","1","0","0","5231468.96594, 3209468.32857","4881468.96594, 3509468.32857",567901.83638269
"3943","64","37","3146","1","1","0","5231468.96594, 3199468.32857","4881468.96594, 3509468.32857",569690.821661198
"3944","64","38","3147","1","1","0","5231468.96594, 3189468.32857","4881468.96594, 3509468.32857",569690.821661198
"3945","64","39","3148","1","0","0","5231468.96594, 3179468.32857","4881468.96594, 3509468.32857",569690.821661198
"3946","64","40","3149","0","0","0","5231468.96594, 3169468.32857","4881468.96594, 3509468.32857",636680.673717578
"3947","64","41","3150","0","0","0","5231468.96594, 3159468.32857","4881468.96594, 3509468.32857",638801.669857695
"3948","64","42","3151","1","1","0","5231468.96594, 3149468.32857","4881468.96594, 3509468.32857",638801.669857695
"3949","64","43","3152","0","1","0","5231468.96594, 3139468.32857","4881468.96594, 3509468.32857",640897.530487074
"3950","64","44","3153","0","1","0","5231468.96594, 3129468.32857","4881468.96594, 3509468.32857",646749.082963631
"3951","64","45","3154","0","0","0","5231468.96594, 3119468.32857","4881468.96594, 3509468.32857",652200.186011315
"3952","64","46","3155","0","0","0","5231468.96594, 3109468.32857","4881468.96594, 3509468.32857",652200.186011315
"3953","64","47","3156","0","0","0","5231468.96594, 3099468.32857","4881468.96594, 3509468.32857",652200.186011315
"3954","64","48","3157","0","0","0","5231468.96594, 3089468.32857","4881468.96594, 3509468.32857",652200.186011315
"3955","64","49","3158","0","0","0","5231468.96594, 3079468.32857","4881468.96594, 3509468.32857",652200.186011315
"3956","64","50","3159","1","1","0","5231468.96594, 3069468.32857","4881468.96594, 3509468.32857",677682.288769407
"3957","64","51","3160","1","1","0","5231468.96594, 3059468.32857","4881468.96594, 3509468.32857",677682.288769407
"3958","64","52","3161","1","1","0","5231468.96594, 3049468.32857","4881468.96594, 3509468.32857",677682.288769407
"3959","64","53","3162","1","1","0","5231468.96594, 3039468.32857","4881468.96594, 3509468.32857",677682.288769407
"3960","64","54","3163","0","0","0","5231468.96594, 3029468.32857","4881468.96594, 3509468.32857",677682.288769407
"3961","64","55","3164","0","0","0","5231204.15981, 3019702.51277","4881468.96594, 3509468.32857",677682.288769407
"3962","64","56","3165","1","0","0","5231007.94297, 3009174.06978","4881468.96594, 3509468.32857",677682.288769407
"3963","64","57","3166","1","0","0","5231468.96594, 2999468.32857","4881468.96594, 3509468.32857",677682.288769407
"3964","64","58","3167","0","0","0","5231468.96594, 2989468.32857","4881468.96594, 3509468.32857",694172.764905876
"3965","64","59","3168","0","0","0","5231468.96594, 2979468.32857","4881468.96594, 3509468.32857",696827.279335443
"3966","64","60","3169","0","0","0","5231873.52786, 2971447.61778","4881468.96594, 3509468.32857",714913.868198346
"3981","65","13","3170","0","0","0","5238151.10937, 3437409.52779","4881468.96594, 3509468.32857",438377.225383089
"3982","65","14","3171","0","0","0","5240476.58976, 3428934.64354","4881468.96594, 3509468.32857",438377.225383089
"3983","65","15","3172","1","1","0","5241462.79913, 3419462.47608","4881468.96594, 3509468.32857",445670.634948196
"3984","65","16","3173","0","0","0","5241468.96594, 3409468.32857","4881468.96594, 3509468.32857",452761.655571463
"3985","65","17","3174","0","1","0","5241468.96594, 3399468.32857","4881468.96594, 3509468.32857",452761.655571463
"3986","65","18","3175","0","1","0","5241468.96594, 3389468.32857","4881468.96594, 3509468.32857",452761.655571463
"3987","65","19","3176","0","0","0","5241468.96594, 3379468.32857","4881468.96594, 3509468.32857",541817.64106938
"3988","65","20","3177","0","0","0","5241468.96594, 3369468.32857","4881468.96594, 3509468.32857",541817.64106938
"3989","65","21","3178","0","0","0","5240189.6405, 3360327.15019","4881468.96594, 3509468.32857",541817.64106938
"3990","65","22","3179","0","0","0","5237566.26672, 3352925.19769","4881468.96594, 3509468.32857",541817.64106938
"3994","65","26","3180","1","0","0","5239703.54783, 3306234.88149","4881468.96594, 3509468.32857",555796.26340039
"3995","65","27","3181","1","1","0","5241467.791, 3299467.14288","4881468.96594, 3509468.32857",555796.26340039
"3996","65","28","3182","0","1","0","5241468.96594, 3289468.32857","4881468.96594, 3509468.32857",558565.353875188
"3997","65","29","3183","0","0","0","5241468.96594, 3279468.32857","4881468.96594, 3509468.32857",558565.353875188
"3998","65","30","3184","1","0","0","5241468.96594, 3269468.32857","4881468.96594, 3509468.32857",558565.353875188
"3999","65","31","3185","0","0","0","5241468.96594, 3259468.32857","4881468.96594, 3509468.32857",558565.353875188
"4000","65","32","3186","0","0","0","5241468.96594, 3249468.32857","4881468.96594, 3509468.32857",567901.83638269
"4001","65","33","3187","1","0","0","5241468.96594, 3239468.32857","4881468.96594, 3509468.32857",567901.83638269
"4002","65","34","3188","1","0","0","5241468.96594, 3229468.32857","4881468.96594, 3509468.32857",567901.83638269
"4003","65","35","3189","0","0","0","5241468.96594, 3219468.32857","4881468.96594, 3509468.32857",567901.83638269
"4004","65","36","3190","0","0","0","5241468.96594, 3209468.32857","4881468.96594, 3509468.32857",567901.83638269
"4005","65","37","3191","1","1","0","5241468.96594, 3199468.32857","4881468.96594, 3509468.32857",569690.821661198
"4006","65","38","3192","0","1","0","5241468.96594, 3189468.32857","4881468.96594, 3509468.32857",569690.821661198
"4007","65","39","3193","1","1","0","5241468.96594, 3179468.32857","4881468.96594, 3509468.32857",569690.821661198
"4008","65","40","3194","1","1","0","5241468.96594, 3169468.32857","4881468.96594, 3509468.32857",636680.673717578
"4009","65","41","3195","1","1","0","5241468.96594, 3159468.32857","4881468.96594, 3509468.32857",638801.669857695
"4010","65","42","3196","1","1","0","5241468.96594, 3149468.32857","4881468.96594, 3509468.32857",638801.669857695
"4011","65","43","3197","0","0","0","5241468.96594, 3139468.32857","4881468.96594, 3509468.32857",640897.530487074
"4012","65","44","3198","0","1","0","5241468.96594, 3129468.32857","4881468.96594, 3509468.32857",646749.082963631
"4013","65","45","3199","0","1","0","5241468.96594, 3119468.32857","4881468.96594, 3509468.32857",652200.186011315
"4014","65","46","3200","0","0","0","5241468.96594, 3109468.32857","4881468.96594, 3509468.32857",652200.186011315
"4015","65","47","3201","0","0","0","5241468.96594, 3099468.32857","4881468.96594, 3509468.32857",652200.186011315
"4016","65","48","3202","0","0","0","5241468.96594, 3089468.32857","4881468.96594, 3509468.32857",652200.186011315
"4017","65","49","3203","0","1","0","5241468.96594, 3079468.32857","4881468.96594, 3509468.32857",652200.186011315
"4018","65","50","3204","1","1","0","5241468.96594, 3069468.32857","4881468.96594, 3509468.32857",652200.186011315
"4019","65","51","3205","1","1","0","5241468.96594, 3059468.32857","4881468.96594, 3509468.32857",677682.288769407
"4020","65","52","3206","1","1","0","5241468.96594, 3049468.32857","4881468.96594, 3509468.32857",677682.288769407
"4021","65","53","3207","1","1","0","5241468.96594, 3039468.32857","4881468.96594, 3509468.32857",677682.288769407
"4022","65","54","3208","1","1","0","5240315.20545, 3030231.8999","4881468.96594, 3509468.32857",677682.288769407
"4023","65","55","3209","1","0","0","5237752.2938, 3022560.45626","4881468.96594, 3509468.32857",677682.288769407
"4024","65","56","3210","0","0","0","5236829.8857, 3005392.54936","4881468.96594, 3509468.32857",677682.288769407
"4025","65","57","3211","0","0","0","5238195.96758, 2998396.19486","4881468.96594, 3509468.32857",677682.288769407
"4026","65","58","3212","0","0","0","5240030.7419, 2988999.44365","4881468.96594, 3509468.32857",694172.764905876
"4027","65","59","3213","0","0","0","5241395.14722, 2979403.68988","4881468.96594, 3509468.32857",694172.764905876
"4028","65","60","3214","0","0","0","5241736.25442, 2970034.81288","4881468.96594, 3509468.32857",696827.279335443
"4029","65","61","3215","0","0","0","5246191.14652, 2964388.41492","4881468.96594, 3509468.32857",696827.279335443
"4045","66","15","3216","0","0","0","5247217.60277, 3417467.6997","4881468.96594, 3509468.32857",452761.655571463
"4046","66","16","3217","0","0","0","5248290.21113, 3408873.01025","4881468.96594, 3509468.32857",452761.655571463
"4047","66","17","3218","0","1","0","5249507.24205, 3399121.07905","4881468.96594, 3509468.32857",452761.655571463
"4048","66","18","3219","0","0","0","5250742.485, 3389223.21693","4881468.96594, 3509468.32857",452761.655571463
"4049","66","19","3220","0","0","0","5251271.83251, 3379635.93977","4881468.96594, 3509468.32857",541817.64106938
"4050","66","20","3221","0","0","0","5248980.34627, 3370965.4004","4881468.96594, 3509468.32857",541817.64106938
"4051","66","21","3222","0","0","0","5246603.2244, 3364279.5213","4881468.96594, 3509468.32857",541817.64106938
"4057","66","27","3223","1","1","0","5250223.89591, 3298325.57858","4881468.96594, 3509468.32857",558565.353875188
"4058","66","28","3224","0","0","0","5251282.11458, 3289355.04015","4881468.96594, 3509468.32857",558565.353875188
"4059","66","29","3225","0","0","0","5251468.96594, 3279468.32857","4881468.96594, 3509468.32857",558565.353875188
"4060","66","30","3226","1","0","0","5251468.96594, 3269468.32857","4881468.96594, 3509468.32857",558565.353875188
"4061","66","31","3227","0","0","0","5251468.96594, 3259468.32857","4881468.96594, 3509468.32857",567901.83638269
"4062","66","32","3228","1","0","0","5251468.96594, 3249468.32857","4881468.96594, 3509468.32857",567901.83638269
"4063","66","33","3229","1","0","0","5251468.96594, 3239468.32857","4881468.96594, 3509468.32857",567901.83638269
"4064","66","34","3230","0","0","0","5251468.96594, 3229468.32857","4881468.96594, 3509468.32857",567901.83638269
"4065","66","35","3231","0","0","0","5251468.96594, 3219468.32857","4881468.96594, 3509468.32857",567901.83638269
"4066","66","36","3232","0","0","0","5251468.96594, 3209468.32857","4881468.96594, 3509468.32857",567901.83638269
"4067","66","37","3233","1","1","0","5251468.96594, 3199468.32857","4881468.96594, 3509468.32857",569690.821661198
"4068","66","38","3234","0","0","0","5251468.96594, 3189468.32857","4881468.96594, 3509468.32857",569690.821661198
"4069","66","39","3235","0","0","0","5251468.96594, 3179468.32857","4881468.96594, 3509468.32857",569690.821661198
"4070","66","40","3236","0","0","0","5251468.96594, 3169468.32857","4881468.96594, 3509468.32857",636680.673717578
"4071","66","41","3237","1","1","0","5251468.96594, 3159468.32857","4881468.96594, 3509468.32857",638801.669857695
"4072","66","42","3238","1","1","0","5251468.96594, 3149468.32857","4881468.96594, 3509468.32857",640897.530487074
"4073","66","43","3239","0","0","0","5251468.96594, 3139468.32857","4881468.96594, 3509468.32857",640897.530487074
"4074","66","44","3240","0","0","0","5251468.96594, 3129468.32857","4881468.96594, 3509468.32857",646749.082963631
"4075","66","45","3241","0","1","0","5251468.96594, 3119468.32857","4881468.96594, 3509468.32857",646749.082963631
"4076","66","46","3242","0","0","0","5251468.96594, 3109468.32857","4881468.96594, 3509468.32857",652200.186011315
"4077","66","47","3243","0","0","0","5251468.96594, 3099468.32857","4881468.96594, 3509468.32857",652200.186011315
"4078","66","48","3244","0","1","0","5251468.96594, 3089468.32857","4881468.96594, 3509468.32857",652200.186011315
"4079","66","49","3245","0","1","0","5251468.96594, 3079468.32857","4881468.96594, 3509468.32857",652200.186011315
"4080","66","50","3246","1","0","0","5251468.96594, 3069468.32857","4881468.96594, 3509468.32857",652200.186011315
"4081","66","51","3247","1","0","0","5251468.96594, 3059468.32857","4881468.96594, 3509468.32857",677682.288769407
"4082","66","52","3248","1","1","0","5251234.55037, 3049677.73548","4881468.96594, 3509468.32857",677682.288769407
"4083","66","53","3249","0","0","0","5248917.34374, 3040891.1236","4881468.96594, 3509468.32857",677682.288769407
"4084","66","54","3250","0","0","0","5246661.12286, 3034182.65655","4881468.96594, 3509468.32857",677682.288769407
"4089","66","59","3251","0","0","0","5247401.67718, 2976856.75732","4881468.96594, 3509468.32857",694172.764905876
"4090","66","60","3252","0","0","0","5248978.06634, 2968783.31934","4881468.96594, 3509468.32857",694172.764905876
"4091","66","61","3253","0","0","0","5251030.42766, 2963646.19063","4881468.96594, 3509468.32857",696827.279335443
"4111","67","19","3254","0","0","0","5256803.80124, 3380248.13205","4881468.96594, 3509468.32857",541817.64106938
"4120","67","28","3255","0","0","0","5256669.42672, 3285595.19047","4881468.96594, 3509468.32857",558565.353875188
"4121","67","29","3256","0","0","0","5257302.83439, 3278473.96688","4881468.96594, 3509468.32857",558565.353875188
"4122","67","30","3257","0","0","0","5258144.18038, 3269014.95165","4881468.96594, 3509468.32857",558565.353875188
"4123","67","31","3258","0","0","0","5259019.43594, 3259174.70061","4881468.96594, 3509468.32857",567901.83638269
"4124","67","32","3259","1","0","0","5259902.09582, 3249251.20491","4881468.96594, 3509468.32857",567901.83638269
"4125","67","33","3260","0","1","0","5260787.56873, 3239296.08317","4881468.96594, 3509468.32857",567901.83638269
"4126","67","34","3261","0","1","0","5261434.2234, 3229439.168","4881468.96594, 3509468.32857",567901.83638269
"4127","67","35","3262","0","1","0","5261468.96594, 3219468.32857","4881468.96594, 3509468.32857",567901.83638269
"4128","67","36","3263","0","1","0","5261468.96594, 3209468.32857","4881468.96594, 3509468.32857",567901.83638269
"4129","67","37","3264","1","1","0","5261468.96594, 3199468.32857","4881468.96594, 3509468.32857",569690.821661198
"4130","67","38","3265","0","0","0","5261468.96594, 3189468.32857","4881468.96594, 3509468.32857",569690.821661198
"4131","67","39","3266","0","0","0","5261468.96594, 3179468.32857","4881468.96594, 3509468.32857",569690.821661198
"4132","67","40","3267","0","0","0","5261468.96594, 3169468.32857","4881468.96594, 3509468.32857",636680.673717578
"4133","67","41","3268","1","1","0","5261468.96594, 3159468.32857","4881468.96594, 3509468.32857",638801.669857695
"4134","67","42","3269","1","1","0","5261468.96594, 3149468.32857","4881468.96594, 3509468.32857",640897.530487074
"4135","67","43","3270","1","0","0","5261468.96594, 3139468.32857","4881468.96594, 3509468.32857",640897.530487074
"4136","67","44","3271","1","0","0","5261468.96594, 3129468.32857","4881468.96594, 3509468.32857",646749.082963631
"4137","67","45","3272","0","1","0","5261468.96594, 3119468.32857","4881468.96594, 3509468.32857",646749.082963631
"4138","67","46","3273","0","0","0","5261468.96594, 3109468.32857","4881468.96594, 3509468.32857",652200.186011315
"4139","67","47","3274","0","0","0","5261468.96594, 3099468.32857","4881468.96594, 3509468.32857",652200.186011315
"4140","67","48","3275","0","1","0","5261468.96594, 3089468.32857","4881468.96594, 3509468.32857",652200.186011315
"4141","67","49","3276","0","0","0","5261468.96594, 3079468.32857","4881468.96594, 3509468.32857",652200.186011315
"4142","67","50","3277","1","0","0","5261468.96594, 3069468.32857","4881468.96594, 3509468.32857",652200.186011315
"4143","67","51","3278","0","0","0","5260383.91282, 3060204.21696","4881468.96594, 3509468.32857",652200.186011315
"4144","67","52","3279","1","1","0","5257812.11431, 3052471.5235","4881468.96594, 3509468.32857",677682.288769407
"4188","68","34","3280","0","0","0","5266893.95206, 3226857.32797","4881468.96594, 3509468.32857",567901.83638269
"4189","68","35","3281","0","0","0","5269599.98473, 3217888.31888","4881468.96594, 3509468.32857",567901.83638269
"4190","68","36","3282","1","1","0","5271465.17159, 3209464.53513","4881468.96594, 3509468.32857",567901.83638269
"4191","68","37","3283","1","1","0","5271468.96594, 3199468.32857","4881468.96594, 3509468.32857",569690.821661198
"4192","68","38","3284","0","0","0","5271468.96594, 3189468.32857","4881468.96594, 3509468.32857",569690.821661198
"4193","68","39","3285","0","0","0","5271468.96594, 3179468.32857","4881468.96594, 3509468.32857",636680.673717578
"4194","68","40","3286","0","0","0","5271468.96594, 3169468.32857","4881468.96594, 3509468.32857",636680.673717578
"4195","68","41","3287","1","1","0","5271468.96594, 3159468.32857","4881468.96594, 3509468.32857",638801.669857695
"4196","68","42","3288","0","0","0","5271468.96594, 3149468.32857","4881468.96594, 3509468.32857",640897.530487074
"4197","68","43","3289","0","0","0","5271468.96594, 3139468.32857","4881468.96594, 3509468.32857",640897.530487074
"4198","68","44","3290","1","0","0","5271468.96594, 3129468.32857","4881468.96594, 3509468.32857",646749.082963631
"4199","68","45","3291","1","1","0","5271468.96594, 3119468.32857","4881468.96594, 3509468.32857",646749.082963631
"4200","68","46","3292","1","0","0","5271468.96594, 3109468.32857","4881468.96594, 3509468.32857",652200.186011315
"4201","68","47","3293","0","1","0","5271468.96594, 3099468.32857","4881468.96594, 3509468.32857",652200.186011315
"4202","68","48","3294","1","1","0","5271468.96594, 3089468.32857","4881468.96594, 3509468.32857",652200.186011315
"4203","68","49","3295","1","0","0","5271263.24196, 3079653.85981","4881468.96594, 3509468.32857",652200.186011315
"4204","68","50","3296","1","0","0","5268986.22663, 3070829.13621","4881468.96594, 3509468.32857",652200.186011315
"4205","68","51","3297","0","0","0","5266720.94337, 3064093.72379","4881468.96594, 3509468.32857",652200.186011315
"4252","69","36","3298","1","1","0","5279641.54383, 3207669.52567","4881468.96594, 3509468.32857",567901.83638269
"4253","69","37","3299","0","0","0","5281463.28093, 3199462.64526","4881468.96594, 3509468.32857",569690.821661198
"4254","69","38","3300","0","0","0","5281468.96594, 3189468.32857","4881468.96594, 3509468.32857",569690.821661198
"4255","69","39","3301","0","0","0","5281468.96594, 3179468.32857","4881468.96594, 3509468.32857",636680.673717578
"4256","69","40","3302","0","0","0","5281468.96594, 3169468.32857","4881468.96594, 3509468.32857",638801.669857695
"4257","69","41","3303","1","1","0","5281468.96594, 3159468.32857","4881468.96594, 3509468.32857",638801.669857695
"4258","69","42","3304","0","0","0","5281468.96594, 3149468.32857","4881468.96594, 3509468.32857",640897.530487074
"4259","69","43","3305","0","0","0","5281468.96594, 3139468.32857","4881468.96594, 3509468.32857",640897.530487074
"4260","69","44","3306","0","0","0","5281468.96594, 3129468.32857","4881468.96594, 3509468.32857",646749.082963631
"4261","69","45","3307","0","1","0","5281468.96594, 3119468.32857","4881468.96594, 3509468.32857",646749.082963631
"4262","69","46","3308","1","1","0","5281468.96594, 3109468.32857","4881468.96594, 3509468.32857",652200.186011315
"4263","69","47","3309","1","1","0","5281468.96594, 3099468.32857","4881468.96594, 3509468.32857",652200.186011315
"4264","69","48","3310","1","0","0","5280449.63136, 3090175.70597","4881468.96594, 3509468.32857",652200.186011315
"4265","69","49","3311","1","0","0","5277871.93482, 3082382.59075","4881468.96594, 3509468.32857",652200.186011315
"4315","70","37","3312","0","0","0","5289611.74329, 3197639.45631","4881468.96594, 3509468.32857",569690.821661198
"4316","70","38","3313","0","0","0","5291461.02322, 3189460.38869","4881468.96594, 3509468.32857",569690.821661198
"4317","70","39","3314","0","0","0","5291468.96594, 3179468.32857","4881468.96594, 3509468.32857",636680.673717578
"4318","70","40","3315","1","1","0","5291468.96594, 3169468.32857","4881468.96594, 3509468.32857",638801.669857695
"4319","70","41","3316","1","1","0","5291468.96594, 3159468.32857","4881468.96594, 3509468.32857",638801.669857695
"4320","70","42","3317","0","0","0","5291468.96594, 3149468.32857","4881468.96594, 3509468.32857",640897.530487074
"4321","70","43","3318","0","0","0","5291468.96594, 3139468.32857","4881468.96594, 3509468.32857",640897.530487074
"4322","70","44","3319","0","0","0","5291468.96594, 3129468.32857","4881468.96594, 3509468.32857",646749.082963631
"4323","70","45","3320","1","1","0","5291468.96594, 3119468.32857","4881468.96594, 3509468.32857",646749.082963631
"4324","70","46","3321","1","1","0","5291290.19018, 3109631.03852","4881468.96594, 3509468.32857",652200.186011315
"4325","70","47","3322","1","1","0","5289056.85025, 3100772.32458","4881468.96594, 3509468.32857",652200.186011315
"4326","70","48","3323","0","0","0","5286780.76387, 3094004.79103","4881468.96594, 3509468.32857",652200.186011315
"4378","71","38","3324","0","0","0","5299581.94275, 3187609.38694","4881468.96594, 3509468.32857",569690.821661198
"4379","71","39","3325","1","1","0","5301458.40462, 3179457.77163","4881468.96594, 3509468.32857",636680.673717578
"4380","71","40","3326","1","1","0","5301468.96594, 3169468.32857","4881468.96594, 3509468.32857",638801.669857695
"4381","71","41","3327","0","0","0","5301468.96594, 3159468.32857","4881468.96594, 3509468.32857",638801.669857695
"4382","71","42","3328","0","0","0","5301468.96594, 3149468.32857","4881468.96594, 3509468.32857",640897.530487074
"4383","71","43","3329","0","0","0","5301468.96594, 3139468.32857","4881468.96594, 3509468.32857",640897.530487074
"4384","71","44","3330","0","1","0","5301468.96594, 3129468.32857","4881468.96594, 3509468.32857",646749.082963631
"4385","71","45","3331","1","1","0","5300512.55581, 3120146.53112","4881468.96594, 3509468.32857",646749.082963631
"4386","71","46","3332","0","0","0","5297931.75532, 3112293.65799","4881468.96594, 3509468.32857",646749.082963631
"4441","72","39","3333","1","1","0","5308199.36834, 3178239.7732","4881468.96594, 3509468.32857",636680.673717578
"4442","72","40","3334","0","0","0","5308531.63509, 3169380.75618","4881468.96594, 3509468.32857",638801.669857695
"4443","72","41","3335","0","0","0","5308748.0149, 3159389.08376","4881468.96594, 3509468.32857",638801.669857695
"4444","72","42","3336","0","0","0","5308964.42604, 3149395.96508","4881468.96594, 3509468.32857",640897.530487074
"4445","72","43","3337","0","0","0","5309180.86098, 3139401.74679","4881468.96594, 3509468.32857",640897.530487074
"4446","72","44","3338","0","1","0","5308821.14559, 3130496.97181","4881468.96594, 3509468.32857",646749.082963631
"4447","72","45","3339","1","0","0","5306840.58438, 3123915.85827","4881468.96594, 3509468.32857",646749.082963631
