id,xIndex,yIndex,AUTO,BOOL_ROAD,BOOL_RAILWAY,BOOL_WATERCOURSE,start,end,cost
"12","1","12","1","0","0","0","4602643.26002, 3447676.33327",,
"13","1","13","2","0","0","0","4602845.39021, 3439687.17683",,
"14","1","14","3","1","1","0","4603784.19337, 3429765.11943","4881468.96594, 3509468.32857",405977.437839875
"15","1","15","4","0","0","0","4604714.83776, 3419929.29063","4881468.96594, 3509468.32857",405977.437839875
"16","1","16","5","0","0","0","4605607.02397, 3410499.92011","4881468.96594, 3509468.32857",392821.734682381
"17","1","17","6","0","0","0","4606274.80187, 3403442.28435","4881468.96594, 3509468.32857",392821.734682381
"24","1","24","7","0","0","0","4606387.8744, 3324680.88658",,
"25","1","25","8","0","0","0","4605111.61123, 3317990.1776","4881468.96594, 3509468.32857",407769.904555085
"26","1","26","9","0","0","0","4603384.40353, 3308935.42749","4881468.96594, 3509468.32857",422020.444315226
"27","1","27","10","0","0","0","4603469.68186, 3303370.24243","4881468.96594, 3509468.32857",418954.661199488
"73","2","11","11","0","0","0","4614520.59743, 3455353.91219","4881468.96594, 3509468.32857",390844.716855215
"74","2","12","12","0","0","0","4611616.58513, 3449289.86023","4881468.96594, 3509468.32857",395225.00365661
"75","2","13","13","0","0","0","4611468.96594, 3439468.32857","4881468.96594, 3509468.32857",395225.00365661
"76","2","14","14","1","1","0","4611468.96594, 3429468.32857","4881468.96594, 3509468.32857",398019.865074938
"77","2","15","15","0","0","0","4611468.96594, 3419468.32857","4881468.96594, 3509468.32857",402435.973535834
"78","2","16","16","0","0","0","4611468.96594, 3409468.32857","4881468.96594, 3509468.32857",392821.734682381
"79","2","17","17","0","0","0","4611685.66359, 3399596.19525","4881468.96594, 3509468.32857",390337.172298258
"80","2","18","18","0","0","0","4612577.71893, 3389671.96643","4881468.96594, 3509468.32857",385773.748682903
"81","2","19","19","1","1","0","4613517.66582, 3379737.82109","4881468.96594, 3509468.32857",368382.197869693
"82","2","20","20","1","1","0","4614451.65636, 3369866.62734","4881468.96594, 3509468.32857",367786.370670172
"83","2","21","21","1","0","0","4615363.33047, 3360231.29243","4881468.96594, 3509468.32857",376990.651845092
"84","2","22","22","1","0","0","4615706.90887, 3348231.41627","4881468.96594, 3509468.32857",377357.734938932
"85","2","23","23","1","0","0","4614074.45637, 3338765.08061","4881468.96594, 3509468.32857",385555.658259893
"86","2","24","24","1","0","0","4612233.77495, 3329091.04015","4881468.96594, 3509468.32857",396835.096273045
"87","2","25","25","0","0","0","4611468.96594, 3319468.32857","4881468.96594, 3509468.32857",405498.419434537
"88","2","26","26","0","0","0","4611468.96594, 3309468.32857","4881468.96594, 3509468.32857",405203.152411261
"89","2","27","27","0","0","0","4612049.22354, 3301889.97681","4881468.96594, 3509468.32857",408550.690548333
"135","3","11","28","0","0","0","4622237.36173, 3457107.64616","4881468.96594, 3509468.32857",379488.954029621
"136","3","12","29","0","0","0","4621468.96594, 3449468.32857","4881468.96594, 3509468.32857",388854.54919857
"137","3","13","30","0","0","0","4621468.96594, 3439468.32857","4881468.96594, 3509468.32857",388854.54919857
"138","3","14","31","1","1","0","4621468.96594, 3429468.32857","4881468.96594, 3509468.32857",382480.394504746
"139","3","15","32","0","0","0","4621468.96594, 3419468.32857","4881468.96594, 3509468.32857",380324.93607033
"140","3","16","33","0","0","0","4621468.96594, 3409468.32857","4881468.96594, 3509468.32857",392821.734682381
"141","3","17","34","0","1","0","4621468.96594, 3399468.32857","4881468.96594, 3509468.32857",388580.191444522
"142","3","18","35","0","1","0","4621468.96594, 3389468.32857","4881468.96594, 3509468.32857",377929.444672329
"143","3","19","36","1","1","0","4621468.96594, 3379468.32857","4881468.96594, 3509468.32857",361738.584182967
"144","3","20","37","1","1","0","4621468.96594, 3369468.32857","4881468.96594, 3509468.32857",357234.280359056
"145","3","21","38","1","1","0","4621468.96594, 3359468.32857","4881468.96594, 3509468.32857",366375.863898829
"146","3","22","39","1","1","0","4621468.96594, 3349468.32857","4881468.96594, 3509468.32857",374752.42208143
"147","3","23","40","1","1","0","4621468.96594, 3339468.32857","4881468.96594, 3509468.32857",385555.658259893
"148","3","24","41","1","1","0","4621468.96594, 3329468.32857","4881468.96594, 3509468.32857",396835.096273045
"149","3","25","42","1","1","0","4621468.96594, 3319468.32857","4881468.96594, 3509468.32857",407411.897985347
"150","3","26","43","1","1","0","4621468.96594, 3309468.32857","4881468.96594, 3509468.32857",402740.867558272
"151","3","27","44","1","1","0","4621809.65005, 3300207.23995","4881468.96594, 3509468.32857",392601.551606127
"152","3","28","45","0","0","0","4626340.24837, 3294423.90534","4881468.96594, 3509468.32857",385046.552486192
"196","4","10","46","0","0","0","4635187.58232, 3465050.7504","4881468.96594, 3509468.32857",379488.954029621
"197","4","11","47","0","0","0","4631746.77741, 3459085.04047","4881468.96594, 3509468.32857",379488.954029621
"198","4","12","48","0","0","0","4631468.96594, 3449468.32857","4881468.96594, 3509468.32857",379488.954029621
"199","4","13","49","0","1","0","4631468.96594, 3439468.32857","4881468.96594, 3509468.32857",379488.954029621
"200","4","14","50","1","1","0","4631468.96594, 3429468.32857","4881468.96594, 3509468.32857",369856.835296856
"201","4","15","51","1","0","0","4631468.96594, 3419468.32857","4881468.96594, 3509468.32857",372875.035676223
"202","4","16","52","1","0","0","4631468.96594, 3409468.32857","4881468.96594, 3509468.32857",348596.990088895
"203","4","17","53","0","0","0","4631468.96594, 3399468.32857","4881468.96594, 3509468.32857",338646.087507016
"204","4","18","54","0","1","0","4631468.96594, 3389468.32857","4881468.96594, 3509468.32857",374355.788656989
"205","4","19","55","1","1","0","4631468.96594, 3379468.32857","4881468.96594, 3509468.32857",344710.478736927
"206","4","20","56","1","1","0","4631468.96594, 3369468.32857","4881468.96594, 3509468.32857",348926.491444891
"207","4","21","57","1","0","0","4631468.96594, 3359468.32857","4881468.96594, 3509468.32857",363332.693082106
"208","4","22","58","1","0","0","4631468.96594, 3349468.32857","4881468.96594, 3509468.32857",374752.42208143
"209","4","23","59","0","0","0","4631468.96594, 3339468.32857","4881468.96594, 3509468.32857",388519.999271353
"210","4","24","60","1","0","0","4631468.96594, 3329468.32857","4881468.96594, 3509468.32857",400838.169589284
"211","4","25","61","0","0","0","4631468.96594, 3319468.32857","4881468.96594, 3509468.32857",407411.897985347
"212","4","26","62","0","0","0","4631468.96594, 3309468.32857","4881468.96594, 3509468.32857",397392.149676485
"213","4","27","63","1","1","0","4631468.96594, 3299468.32857","4881468.96594, 3509468.32857",387374.255483921
"214","4","28","64","1","1","0","4633046.57035, 3289641.91156","4881468.96594, 3509468.32857",380112.181659892
"215","4","29","65","1","1","0","4633218.28752, 3279468.04968","4881468.96594, 3509468.32857",379308.641221294
"216","4","30","66","1","0","0","4633217.19962, 3269468.04977","4881468.96594, 3509468.32857",383324.041125951
"217","4","31","67","1","1","0","4633216.11172, 3259468.04986","4881468.96594, 3509468.32857",415420.662026384
"218","4","32","68","1","1","0","4633679.31473, 3252188.48307","4881468.96594, 3509468.32857",422865.257998018
"258","5","10","69","0","0","0","4642411.20827, 3466692.41233","4881468.96594, 3509468.32857",260111.660553904
"259","5","11","70","0","0","0","4641468.96594, 3459468.32857","4881468.96594, 3509468.32857",379488.954029621
"260","5","12","71","0","0","0","4641468.96594, 3449468.32857","4881468.96594, 3509468.32857",379488.954029621
"261","5","13","72","0","1","0","4641468.96594, 3439468.32857","4881468.96594, 3509468.32857",376345.081679726
"262","5","14","73","0","1","0","4641468.96594, 3429468.32857","4881468.96594, 3509468.32857",369430.009187319
"263","5","15","74","0","1","0","4641468.96594, 3419468.32857","4881468.96594, 3509468.32857",359780.563159651
"264","5","16","75","1","1","0","4641468.96594, 3409468.32857","4881468.96594, 3509468.32857",348596.990088895
"265","5","17","76","1","1","0","4641468.96594, 3399468.32857","4881468.96594, 3509468.32857",338646.087507016
"266","5","18","77","1","1","0","4641468.96594, 3389468.32857","4881468.96594, 3509468.32857",337689.609073046
"267","5","19","78","1","1","0","4641468.96594, 3379468.32857","4881468.96594, 3509468.32857",346465.666565769
"268","5","20","79","1","1","0","4641468.96594, 3369468.32857","4881468.96594, 3509468.32857",335963.394782712
"269","5","21","80","0","0","0","4641468.96594, 3359468.32857","4881468.96594, 3509468.32857",334042.833895001
"270","5","22","81","1","0","0","4641468.96594, 3349468.32857","4881468.96594, 3509468.32857",374752.42208143
"271","5","23","82","1","0","0","4641468.96594, 3339468.32857","4881468.96594, 3509468.32857",388519.999271353
"272","5","24","83","1","0","0","4641468.96594, 3329468.32857","4881468.96594, 3509468.32857",402942.836913786
"273","5","25","84","1","0","0","4641468.96594, 3319468.32857","4881468.96594, 3509468.32857",407411.897985347
"274","5","26","85","1","0","0","4641468.96594, 3309468.32857","4881468.96594, 3509468.32857",357449.151581678
"275","5","27","86","1","0","0","4641468.96594, 3299468.32857","4881468.96594, 3509468.32857",359767.141222152
"276","5","28","87","1","1","0","4641468.96594, 3289468.32857","4881468.96594, 3509468.32857",365695.909028056
"277","5","29","88","1","1","0","4641468.96594, 3279468.32857","4881468.96594, 3509468.32857",379308.641221294
"278","5","30","89","1","1","0","4641468.96594, 3269468.32857","4881468.96594, 3509468.32857",391456.844273236
"279","5","31","90","1","1","0","4641468.96594, 3259468.32857","4881468.96594, 3509468.32857",406035.324431982
"280","5","32","91","1","0","0","4641883.15701, 3250033.5257","4881468.96594, 3509468.32857",422865.257998018
"281","5","33","92","0","0","0","4644879.24741, 3239362.77581","4881468.96594, 3509468.32857",438720.276379098
"282","5","34","93","0","1","0","4644675.87933, 3229373.38317","4881468.96594, 3509468.32857",448394.092928961
"283","5","35","94","0","1","0","4644472.00388, 3219383.09429","4881468.96594, 3509468.32857",462847.593998378
"284","5","36","95","1","1","0","4644268.09166, 3209391.00322","4881468.96594, 3509468.32857",475036.706119503
"285","5","37","96","0","0","0","4644064.15202, 3199397.56903","4881468.96594, 3509468.32857",518280.025860055
"286","5","38","97","1","1","0","4643908.65457, 3189493.74618","4881468.96594, 3509468.32857",518280.025860055
"287","5","39","98","1","0","0","4645099.06586, 3182696.63208","4881468.96594, 3509468.32857",523928.017608669
"319","6","9","99","0","0","0","4655854.5672, 3474747.58861","4881468.96594, 3509468.32857",252674.57036317
"320","6","10","100","0","0","0","4651875.3193, 3468797.77136","4881468.96594, 3509468.32857",260111.660553904
"321","6","11","101","0","0","0","4651468.96594, 3459468.32857","4881468.96594, 3509468.32857",260111.660553904
"322","6","12","102","0","0","0","4651468.96594, 3449468.32857","4881468.96594, 3509468.32857",272439.722101702
"323","6","13","103","0","0","0","4651468.96594, 3439468.32857","4881468.96594, 3509468.32857",278702.226886418
"324","6","14","104","0","0","0","4651468.96594, 3429468.32857","4881468.96594, 3509468.32857",282143.154649133
"325","6","15","105","0","0","0","4651468.96594, 3419468.32857","4881468.96594, 3509468.32857",355514.616987071
"326","6","16","106","1","0","0","4651468.96594, 3409468.32857","4881468.96594, 3509468.32857",313061.347688349
"327","6","17","107","1","1","0","4651468.96594, 3399468.32857","4881468.96594, 3509468.32857",321259.371123274
"328","6","18","108","0","0","0","4651468.96594, 3389468.32857","4881468.96594, 3509468.32857",328781.718087482
"329","6","19","109","0","0","0","4651468.96594, 3379468.32857","4881468.96594, 3509468.32857",327519.171439454
"330","6","20","110","1","1","0","4651468.96594, 3369468.32857","4881468.96594, 3509468.32857",325170.762324306
"331","6","21","111","0","0","0","4651468.96594, 3359468.32857","4881468.96594, 3509468.32857",324056.269765678
"332","6","22","112","0","0","0","4651468.96594, 3349468.32857","4881468.96594, 3509468.32857",331336.402007865
"333","6","23","113","1","0","0","4651468.96594, 3339468.32857","4881468.96594, 3509468.32857",334290.786600327
"334","6","24","114","1","0","0","4651468.96594, 3329468.32857","4881468.96594, 3509468.32857",334290.786600327
"335","6","25","115","1","0","0","4651468.96594, 3319468.32857","4881468.96594, 3509468.32857",350986.23770582
"336","6","26","116","0","0","0","4651468.96594, 3309468.32857","4881468.96594, 3509468.32857",353620.365952672
"337","6","27","117","0","1","0","4651468.96594, 3299468.32857","4881468.96594, 3509468.32857",355163.510713508
"338","6","28","118","0","1","0","4651468.96594, 3289468.32857","4881468.96594, 3509468.32857",355163.510713508
"339","6","29","119","1","0","0","4651468.96594, 3279468.32857","4881468.96594, 3509468.32857",386386.106141508
"340","6","30","120","0","0","0","4651468.96594, 3269468.32857","4881468.96594, 3509468.32857",396281.766781874
"341","6","31","121","1","1","0","4651468.96594, 3259468.32857","4881468.96594, 3509468.32857",407175.280134386
"342","6","32","122","1","1","0","4651468.96594, 3249468.32857","4881468.96594, 3509468.32857",411811.582895939
"343","6","33","123","1","0","0","4651468.96594, 3239468.32857","4881468.96594, 3509468.32857",438720.276379098
"344","6","34","124","0","0","0","4651468.96594, 3229468.32857","4881468.96594, 3509468.32857",450551.42355061
"345","6","35","125","1","1","0","4651468.96594, 3219468.32857","4881468.96594, 3509468.32857",467888.808692615
"346","6","36","126","1","1","0","4651468.96594, 3209468.32857","4881468.96594, 3509468.32857",474694.390362817
"347","6","37","127","0","1","0","4651468.96594, 3199468.32857","4881468.96594, 3509468.32857",479629.05324492
"348","6","38","128","0","1","0","4651468.96594, 3189468.32857","4881468.96594, 3509468.32857",527536.414962228
"349","6","39","129","1","0","0","4651820.61525, 3179787.13973","4881468.96594, 3509468.32857",530390.699991266
"350","6","40","130","1","0","0","4654343.11169, 3171718.95396","4881468.96594, 3509468.32857",547804.976555091
"381","7","9","131","0","0","0","4662686.72049, 3476300.28334","4881468.96594, 3509468.32857",248071.880199563
"382","7","10","132","0","0","0","4661468.96594, 3469468.32857","4881468.96594, 3509468.32857",252674.57036317
"383","7","11","133","0","0","0","4661468.96594, 3459468.32857","4881468.96594, 3509468.32857",260111.660553904
"384","7","12","134","0","1","0","4661468.96594, 3449468.32857","4881468.96594, 3509468.32857",262638.657084533
"385","7","13","135","0","1","0","4661468.96594, 3439468.32857","4881468.96594, 3509468.32857",275068.040589931
"386","7","14","136","0","1","0","4661468.96594, 3429468.32857","4881468.96594, 3509468.32857",284184.295330274
"387","7","15","137","1","1","0","4661468.96594, 3419468.32857","4881468.96594, 3509468.32857",298887.969861924
"388","7","16","138","1","1","0","4661468.96594, 3409468.32857","4881468.96594, 3509468.32857",309254.316674718
"389","7","17","139","0","1","0","4661468.96594, 3399468.32857","4881468.96594, 3509468.32857",314952.208748206
"390","7","18","140","0","0","0","4661468.96594, 3389468.32857","4881468.96594, 3509468.32857",296918.211075843
"391","7","19","141","1","1","0","4661468.96594, 3379468.32857","4881468.96594, 3509468.32857",308469.32545787
"392","7","20","142","1","1","0","4661468.96594, 3369468.32857","4881468.96594, 3509468.32857",314513.799354916
"393","7","21","143","0","1","0","4661468.96594, 3359468.32857","4881468.96594, 3509468.32857",331336.402007865
"394","7","22","144","0","0","0","4661468.96594, 3349468.32857","4881468.96594, 3509468.32857",334290.786600327
"395","7","23","145","0","0","0","4661468.96594, 3339468.32857","4881468.96594, 3509468.32857",337789.239695103
"396","7","24","146","1","0","0","4661468.96594, 3329468.32857","4881468.96594, 3509468.32857",332747.971468842
"397","7","25","147","1","0","0","4661468.96594, 3319468.32857","4881468.96594, 3509468.32857",332940.350747057
"398","7","26","148","1","0","0","4661468.96594, 3309468.32857","4881468.96594, 3509468.32857",338283.169848485
"399","7","27","149","0","1","0","4661468.96594, 3299468.32857","4881468.96594, 3509468.32857",341070.80306489
"400","7","28","150","1","0","0","4661468.96594, 3289468.32857","4881468.96594, 3509468.32857",346541.496713366
"401","7","29","151","1","0","0","4661468.96594, 3279468.32857","4881468.96594, 3509468.32857",346541.496713366
"402","7","30","152","0","0","0","4661468.96594, 3269468.32857","4881468.96594, 3509468.32857",416172.248427178
"403","7","31","153","1","1","0","4661468.96594, 3259468.32857","4881468.96594, 3509468.32857",416172.248427178
"404","7","32","154","0","1","0","4661468.96594, 3249468.32857","4881468.96594, 3509468.32857",422449.477246539
"405","7","33","155","1","1","0","4661468.96594, 3239468.32857","4881468.96594, 3509468.32857",429476.703903435
"406","7","34","156","1","1","0","4661468.96594, 3229468.32857","4881468.96594, 3509468.32857",482888.909158756
"407","7","35","157","1","1","0","4661468.96594, 3219468.32857","4881468.96594, 3509468.32857",480565.548236364
"408","7","36","158","0","0","0","4661468.96594, 3209468.32857","4881468.96594, 3509468.32857",479629.05324492
"409","7","37","159","0","0","0","4661468.96594, 3199468.32857","4881468.96594, 3509468.32857",528582.780642189
"410","7","38","160","0","0","0","4661468.96594, 3189468.32857","4881468.96594, 3509468.32857",522179.787307323
"411","7","39","161","1","0","0","4661468.96594, 3179468.32857","4881468.96594, 3509468.32857",516622.864996161
"412","7","40","162","1","0","0","4661523.58272, 3169521.35511","4881468.96594, 3509468.32857",516622.864996161
"413","7","41","163","1","0","0","4663558.07082, 3160816.51172","4881468.96594, 3509468.32857",563657.837941775
"414","7","42","164","0","0","0","4666164.5367, 3154074.60918","4881468.96594, 3509468.32857",561569.310588707
"443","8","9","165","0","0","0","4671963.72556, 3478408.6021","4881468.96594, 3509468.32857",236657.018839378
"444","8","10","166","0","0","0","4671468.96594, 3469468.32857","4881468.96594, 3509468.32857",246139.707443843
"445","8","11","167","0","1","0","4671468.96594, 3459468.32857","4881468.96594, 3509468.32857",252674.57036317
"446","8","12","168","0","1","0","4671468.96594, 3449468.32857","4881468.96594, 3509468.32857",262638.657084533
"447","8","13","169","0","1","0","4671468.96594, 3439468.32857","4881468.96594, 3509468.32857",267477.900628716
"448","8","14","170","1","1","0","4671468.96594, 3429468.32857","4881468.96594, 3509468.32857",289269.542769736
"449","8","15","171","1","1","0","4671468.96594, 3419468.32857","4881468.96594, 3509468.32857",292693.661369527
"450","8","16","172","0","0","0","4671468.96594, 3409468.32857","4881468.96594, 3509468.32857",302355.86171936
"451","8","17","173","0","0","0","4671468.96594, 3399468.32857","4881468.96594, 3509468.32857",287167.612832384
"452","8","18","174","1","1","0","4671468.96594, 3389468.32857","4881468.96594, 3509468.32857",292970.18418651
"453","8","19","175","1","1","0","4671468.96594, 3379468.32857","4881468.96594, 3509468.32857",302740.176973491
"454","8","20","176","1","1","0","4671468.96594, 3369468.32857","4881468.96594, 3509468.32857",321951.808597702
"455","8","21","177","0","1","0","4671468.96594, 3359468.32857","4881468.96594, 3509468.32857",337789.239695103
"456","8","22","178","0","1","0","4671468.96594, 3349468.32857","4881468.96594, 3509468.32857",332747.971468842
"457","8","23","179","0","0","0","4671468.96594, 3339468.32857","4881468.96594, 3509468.32857",332747.971468842
"458","8","24","180","0","0","0","4671468.96594, 3329468.32857","4881468.96594, 3509468.32857",332747.971468842
"459","8","25","181","0","0","0","4671468.96594, 3319468.32857","4881468.96594, 3509468.32857",327204.41897888
"460","8","26","182","1","1","0","4671468.96594, 3309468.32857","4881468.96594, 3509468.32857",329261.599147114
"461","8","27","183","1","1","0","4671468.96594, 3299468.32857","4881468.96594, 3509468.32857",334942.340571353
"462","8","28","184","1","0","0","4671468.96594, 3289468.32857","4881468.96594, 3509468.32857",338283.169848485
"463","8","29","185","0","0","0","4671468.96594, 3279468.32857","4881468.96594, 3509468.32857",339792.391910396
"464","8","30","186","0","0","0","4671468.96594, 3269468.32857","4881468.96594, 3509468.32857",422032.102955939
"465","8","31","187","1","1","0","4671468.96594, 3259468.32857","4881468.96594, 3509468.32857",424071.362430639
"466","8","32","188","0","1","0","4671468.96594, 3249468.32857","4881468.96594, 3509468.32857",420238.885910579
"467","8","33","189","0","1","0","4671468.96594, 3239468.32857","4881468.96594, 3509468.32857",435580.20998084
"468","8","34","190","1","1","0","4671468.96594, 3229468.32857","4881468.96594, 3509468.32857",480394.468991849
"469","8","35","191","1","0","0","4671468.96594, 3219468.32857","4881468.96594, 3509468.32857",480394.468991849
"470","8","36","192","0","0","0","4671468.96594, 3209468.32857","4881468.96594, 3509468.32857",482780.022142626
"471","8","37","193","0","1","0","4671468.96594, 3199468.32857","4881468.96594, 3509468.32857",528582.780642189
"472","8","38","194","0","1","0","4671468.96594, 3189468.32857","4881468.96594, 3509468.32857",524928.397734615
"473","8","39","195","1","1","0","4671468.96594, 3179468.32857","4881468.96594, 3509468.32857",514604.597346221
"474","8","40","196","1","0","0","4671468.96594, 3169468.32857","4881468.96594, 3509468.32857",524145.763804966
"475","8","41","197","0","0","0","4671468.96594, 3159468.32857","4881468.96594, 3509468.32857",535563.717513312
"476","8","42","198","0","0","0","4671824.66472, 3149551.62072","4881468.96594, 3509468.32857",543617.737598118
"477","8","43","199","0","1","0","4672071.65348, 3139503.65593","4881468.96594, 3509468.32857",546656.216378
"478","8","44","200","1","1","0","4672258.01094, 3129505.21985","4881468.96594, 3509468.32857",554653.179437961
"479","8","45","201","1","1","0","4672444.3657, 3119506.92866","4881468.96594, 3509468.32857",566236.000807494
"480","8","46","202","1","1","0","4672630.71737, 3109508.80346","4881468.96594, 3509468.32857",579181.145580367
"481","8","47","203","1","1","0","4672817.06547, 3099510.86968","4881468.96594, 3509468.32857",584702.632047716
"482","8","48","204","1","0","0","4673229.03901, 3093417.56733","4881468.96594, 3509468.32857",600879.240379141
"504","9","8","205","0","0","0","4683188.21875, 3485959.51259","4881468.96594, 3509468.32857",231660.830358467
"505","9","9","206","0","0","0","4681469.24579, 3479468.0471","4881468.96594, 3509468.32857",236657.018839378
"506","9","10","207","1","1","0","4681468.96594, 3469468.32857","4881468.96594, 3509468.32857",236657.018839378
"507","9","11","208","0","1","0","4681468.96594, 3459468.32857","4881468.96594, 3509468.32857",244133.122718323
"508","9","12","209","0","0","0","4681468.96594, 3449468.32857","4881468.96594, 3509468.32857",250949.215941303
"509","9","13","210","1","0","0","4681468.96594, 3439468.32857","4881468.96594, 3509468.32857",267477.900628716
"510","9","14","211","1","0","0","4681468.96594, 3429468.32857","4881468.96594, 3509468.32857",292693.661369527
"511","9","15","212","0","0","0","4681468.96594, 3419468.32857","4881468.96594, 3509468.32857",263834.353591205
"512","9","16","213","0","0","0","4681468.96594, 3409468.32857","4881468.96594, 3509468.32857",277502.989036455
"513","9","17","214","0","1","0","4681468.96594, 3399468.32857","4881468.96594, 3509468.32857",275431.471883137
"514","9","18","215","1","1","0","4681468.96594, 3389468.32857","4881468.96594, 3509468.32857",283476.093149329
"515","9","19","216","0","0","0","4681468.96594, 3379468.32857","4881468.96594, 3509468.32857",296918.211075843
"516","9","20","217","1","1","0","4681468.96594, 3369468.32857","4881468.96594, 3509468.32857",316626.524498214
"517","9","21","218","0","0","0","4681468.96594, 3359468.32857","4881468.96594, 3509468.32857",325493.765788306
"518","9","22","219","0","1","0","4681468.96594, 3349468.32857","4881468.96594, 3509468.32857",323463.74912734
"519","9","23","220","0","0","0","4681468.96594, 3339468.32857","4881468.96594, 3509468.32857",317176.300060319
"520","9","24","221","0","0","0","4681468.96594, 3329468.32857","4881468.96594, 3509468.32857",312426.24633132
"521","9","25","222","1","0","0","4681468.96594, 3319468.32857","4881468.96594, 3509468.32857",311444.144518755
"522","9","26","223","1","1","0","4681468.96594, 3309468.32857","4881468.96594, 3509468.32857",322448.398509867
"523","9","27","224","1","1","0","4681468.96594, 3299468.32857","4881468.96594, 3509468.32857",337403.905974676
"524","9","28","225","1","1","0","4681468.96594, 3289468.32857","4881468.96594, 3509468.32857",346284.152525629
"525","9","29","226","0","0","0","4681468.96594, 3279468.32857","4881468.96594, 3509468.32857",349332.11311689
"526","9","30","227","0","0","0","4681468.96594, 3269468.32857","4881468.96594, 3509468.32857",399920.526194431
"527","9","31","228","1","1","0","4681468.96594, 3259468.32857","4881468.96594, 3509468.32857",403523.080032591
"528","9","32","229","1","1","0","4681468.96594, 3249468.32857","4881468.96594, 3509468.32857",408836.821630282
"529","9","33","230","0","1","0","4681468.96594, 3239468.32857","4881468.96594, 3509468.32857",446040.347023909
"530","9","34","231","0","1","0","4681468.96594, 3229468.32857","4881468.96594, 3509468.32857",468750.747275078
"531","9","35","232","1","0","0","4681468.96594, 3219468.32857","4881468.96594, 3509468.32857",471281.924223162
"532","9","36","233","0","1","0","4681468.96594, 3209468.32857","4881468.96594, 3509468.32857",480343.94492466
"533","9","37","234","1","1","0","4681468.96594, 3199468.32857","4881468.96594, 3509468.32857",490023.739029091
"534","9","38","235","1","1","0","4681468.96594, 3189468.32857","4881468.96594, 3509468.32857",500759.766501147
"535","9","39","236","1","1","0","4681468.96594, 3179468.32857","4881468.96594, 3509468.32857",515582.864306969
"536","9","40","237","1","1","0","4681468.96594, 3169468.32857","4881468.96594, 3509468.32857",524145.763804966
"537","9","41","238","0","1","0","4681468.96594, 3159468.32857","4881468.96594, 3509468.32857",535563.717513312
"538","9","42","239","0","1","0","4681468.96594, 3149468.32857","4881468.96594, 3509468.32857",539561.167863673
"539","9","43","240","1","1","0","4681468.96594, 3139468.32857","4881468.96594, 3509468.32857",537837.335454965
"540","9","44","241","1","0","0","4681468.96594, 3129468.32857","4881468.96594, 3509468.32857",564003.348040186
"541","9","45","242","0","1","0","4681468.96594, 3119468.32857","4881468.96594, 3509468.32857",558965.87294749
"542","9","46","243","1","1","0","4681468.96594, 3109468.32857","4881468.96594, 3509468.32857",592976.724054297
"543","9","47","244","1","1","0","4681468.96594, 3099468.32857","4881468.96594, 3509468.32857",591763.71629349
"544","9","48","245","1","1","0","4681842.244, 3092773.7716","4881468.96594, 3509468.32857",598722.421152993
"566","10","8","246","0","0","0","4692030.42651, 3487969.01806","4881468.96594, 3509468.32857",224748.540128047
"567","10","9","247","0","0","0","4691468.96594, 3479468.32857","4881468.96594, 3509468.32857",224748.540128047
"568","10","10","248","1","1","0","4691468.96594, 3469468.32857","4881468.96594, 3509468.32857",226600.428649803
"569","10","11","249","0","1","0","4691468.96594, 3459468.32857","4881468.96594, 3509468.32857",240384.563925905
"570","10","12","250","1","0","0","4691468.96594, 3449468.32857","4881468.96594, 3509468.32857",242001.326601262
"571","10","13","251","1","0","0","4691468.96594, 3439468.32857","4881468.96594, 3509468.32857",247613.507060785
"572","10","14","252","0","0","0","4691468.96594, 3429468.32857","4881468.96594, 3509468.32857",249665.025910192
"573","10","15","253","0","1","0","4691468.96594, 3419468.32857","4881468.96594, 3509468.32857",259552.336259715
"574","10","16","254","0","1","0","4691468.96594, 3409468.32857","4881468.96594, 3509468.32857",269257.955637831
"575","10","17","255","1","1","0","4691468.96594, 3399468.32857","4881468.96594, 3509468.32857",278334.575712341
"576","10","18","256","1","1","0","4691468.96594, 3389468.32857","4881468.96594, 3509468.32857",267900.336188499
"577","10","19","257","0","0","0","4691468.96594, 3379468.32857","4881468.96594, 3509468.32857",310654.921876381
"578","10","20","258","1","1","0","4691468.96594, 3369468.32857","4881468.96594, 3509468.32857",305325.366480721
"579","10","21","259","1","0","0","4691468.96594, 3359468.32857","4881468.96594, 3509468.32857",303545.612545271
"580","10","22","260","0","1","0","4691468.96594, 3349468.32857","4881468.96594, 3509468.32857",317176.300060319
"581","10","23","261","0","1","0","4691468.96594, 3339468.32857","4881468.96594, 3509468.32857",309515.386301182
"582","10","24","262","0","0","0","4691468.96594, 3329468.32857","4881468.96594, 3509468.32857",304206.902804445
"583","10","25","263","1","1","0","4691468.96594, 3319468.32857","4881468.96594, 3509468.32857",304528.950524798
"584","10","26","264","0","1","0","4691468.96594, 3309468.32857","4881468.96594, 3509468.32857",311444.144518755
"585","10","27","265","0","0","0","4691468.96594, 3299468.32857","4881468.96594, 3509468.32857",342843.65731626
"586","10","28","266","1","1","0","4691468.96594, 3289468.32857","4881468.96594, 3509468.32857",352958.452510467
"587","10","29","267","0","1","0","4691468.96594, 3279468.32857","4881468.96594, 3509468.32857",362916.923960344
"588","10","30","268","0","0","0","4691468.96594, 3269468.32857","4881468.96594, 3509468.32857",379682.845598182
"589","10","31","269","1","1","0","4691468.96594, 3259468.32857","4881468.96594, 3509468.32857",391727.690090304
"590","10","32","270","1","1","0","4691468.96594, 3249468.32857","4881468.96594, 3509468.32857",398368.722059461
"591","10","33","271","0","0","0","4691468.96594, 3239468.32857","4881468.96594, 3509468.32857",452819.829001794
"592","10","34","272","0","1","0","4691468.96594, 3229468.32857","4881468.96594, 3509468.32857",455115.13617255
"593","10","35","273","1","1","0","4691468.96594, 3219468.32857","4881468.96594, 3509468.32857",465508.716733103
"594","10","36","274","1","1","0","4691468.96594, 3209468.32857","4881468.96594, 3509468.32857",476509.752073055
"595","10","37","275","1","0","0","4691468.96594, 3199468.32857","4881468.96594, 3509468.32857",485964.55423908
"596","10","38","276","0","0","0","4691468.96594, 3189468.32857","4881468.96594, 3509468.32857",503876.509642359
"597","10","39","277","1","1","0","4691468.96594, 3179468.32857","4881468.96594, 3509468.32857",515212.150540001
"598","10","40","278","1","0","0","4691468.96594, 3169468.32857","4881468.96594, 3509468.32857",518794.150067397
"599","10","41","279","1","0","0","4691468.96594, 3159468.32857","4881468.96594, 3509468.32857",535563.717513312
"600","10","42","280","0","0","0","4691468.96594, 3149468.32857","4881468.96594, 3509468.32857",527526.075140432
"601","10","43","281","1","1","0","4691468.96594, 3139468.32857","4881468.96594, 3509468.32857",522570.056109882
"602","10","44","282","1","1","0","4691468.96594, 3129468.32857","4881468.96594, 3509468.32857",545002.37075035
"603","10","45","283","1","1","0","4691468.96594, 3119468.32857","4881468.96594, 3509468.32857",553986.421455217
"604","10","46","284","0","1","0","4691468.96594, 3109468.32857","4881468.96594, 3509468.32857",602370.902245627
"605","10","47","285","0","1","0","4691468.96594, 3099468.32857","4881468.96594, 3509468.32857",597588.497086265
"606","10","48","286","0","0","0","4691726.76647, 3092035.82653","4881468.96594, 3509468.32857",616864.601763079
"627","11","7","287","0","0","0","4703855.20363, 3495656.3508","4881468.96594, 3509468.32857",205884.4533967
"628","11","8","288","0","0","0","4701514.78325, 3489418.3099","4881468.96594, 3509468.32857",217781.449639041
"629","11","9","289","0","0","0","4701468.96594, 3479468.32857","4881468.96594, 3509468.32857",217781.449639041
"630","11","10","290","1","1","0","4701468.96594, 3469468.32857","4881468.96594, 3509468.32857",219342.63631163
"631","11","11","291","0","1","0","4701468.96594, 3459468.32857","4881468.96594, 3509468.32857",233103.172433705
"632","11","12","292","1","1","0","4701468.96594, 3449468.32857","4881468.96594, 3509468.32857",224288.852252405
"633","11","13","293","0","0","0","4701468.96594, 3439468.32857","4881468.96594, 3509468.32857",239884.681634755
"634","11","14","294","0","1","0","4701468.96594, 3429468.32857","4881468.96594, 3509468.32857",247613.507060785
"635","11","15","295","0","1","0","4701468.96594, 3419468.32857","4881468.96594, 3509468.32857",254548.720913222
"636","11","16","296","0","0","0","4701468.96594, 3409468.32857","4881468.96594, 3509468.32857",267625.367509666
"637","11","17","297","1","1","0","4701468.96594, 3399468.32857","4881468.96594, 3509468.32857",257748.399108008
"638","11","18","298","1","1","0","4701468.96594, 3389468.32857","4881468.96594, 3509468.32857",260382.350079727
"639","11","19","299","0","0","0","4701468.96594, 3379468.32857","4881468.96594, 3509468.32857",289240.659688501
"640","11","20","300","1","1","0","4701468.96594, 3369468.32857","4881468.96594, 3509468.32857",293565.644982413
"641","11","21","301","0","0","0","4701468.96594, 3359468.32857","4881468.96594, 3509468.32857",295417.351473463
"642","11","22","302","0","0","0","4701468.96594, 3349468.32857","4881468.96594, 3509468.32857",306105.879416919
"643","11","23","303","0","1","0","4701468.96594, 3339468.32857","4881468.96594, 3509468.32857",299875.491592605
"644","11","24","304","1","1","0","4701468.96594, 3329468.32857","4881468.96594, 3509468.32857",294660.00244594
"645","11","25","305","1","1","0","4701468.96594, 3319468.32857","4881468.96594, 3509468.32857",294665.028247615
"646","11","26","306","0","0","0","4701468.96594, 3309468.32857","4881468.96594, 3509468.32857",304528.950524798
"647","11","27","307","0","0","0","4701468.96594, 3299468.32857","4881468.96594, 3509468.32857",365658.997018451
"648","11","28","308","1","1","0","4701468.96594, 3289468.32857","4881468.96594, 3509468.32857",362519.138187789
"649","11","29","309","1","1","0","4701468.96594, 3279468.32857","4881468.96594, 3509468.32857",369333.882795118
"650","11","30","310","1","1","0","4701468.96594, 3269468.32857","4881468.96594, 3509468.32857",376058.106899708
"651","11","31","311","1","1","0","4701468.96594, 3259468.32857","4881468.96594, 3509468.32857",385777.787386702
"652","11","32","312","1","1","0","4701468.96594, 3249468.32857","4881468.96594, 3509468.32857",390460.761020657
"653","11","33","313","1","1","0","4701468.96594, 3239468.32857","4881468.96594, 3509468.32857",479633.190734706
"654","11","34","314","1","1","0","4701468.96594, 3229468.32857","4881468.96594, 3509468.32857",471725.4575239
"655","11","35","315","1","1","0","4701468.96594, 3219468.32857","4881468.96594, 3509468.32857",456667.060294016
"656","11","36","316","1","0","0","4701468.96594, 3209468.32857","4881468.96594, 3509468.32857",448949.614309478
"657","11","37","317","0","0","0","4701468.96594, 3199468.32857","4881468.96594, 3509468.32857",437580.649950466
"658","11","38","318","0","0","0","4701468.96594, 3189468.32857","4881468.96594, 3509468.32857",522881.570003678
"659","11","39","319","1","1","0","4701468.96594, 3179468.32857","4881468.96594, 3509468.32857",525794.269433021
"660","11","40","320","0","1","0","4701468.96594, 3169468.32857","4881468.96594, 3509468.32857",516131.224689354
"661","11","41","321","1","0","0","4701468.96594, 3159468.32857","4881468.96594, 3509468.32857",509880.206675111
"662","11","42","322","1","0","0","4701468.96594, 3149468.32857","4881468.96594, 3509468.32857",511644.805852141
"663","11","43","323","1","1","0","4701468.96594, 3139468.32857","4881468.96594, 3509468.32857",516013.627343224
"664","11","44","324","0","1","0","4701468.96594, 3129468.32857","4881468.96594, 3509468.32857",530677.294131483
"665","11","45","325","1","1","0","4701468.96594, 3119468.32857","4881468.96594, 3509468.32857",563078.074295524
"666","11","46","326","1","1","0","4701468.96594, 3109468.32857","4881468.96594, 3509468.32857",571753.918413045
"667","11","47","327","0","0","0","4701468.96594, 3099468.32857","4881468.96594, 3509468.32857",592878.539444589
"668","11","48","328","1","1","0","4701665.85633, 3091293.80763","4881468.96594, 3509468.32857",596982.032097161
"689","12","7","329","0","0","0","4712117.9144, 3497534.15812","4881468.96594, 3509468.32857",173420.646242275
"690","12","8","330","0","0","0","4711468.96594, 3489468.32857","4881468.96594, 3509468.32857",205884.4533967
"691","12","9","331","0","0","0","4711468.96594, 3479468.32857","4881468.96594, 3509468.32857",205884.4533967
"692","12","10","332","1","1","0","4711468.96594, 3469468.32857","4881468.96594, 3509468.32857",208645.368535642
"693","12","11","333","1","1","0","4711468.96594, 3459468.32857","4881468.96594, 3509468.32857",209729.686637656
"694","12","12","334","1","1","0","4711468.96594, 3449468.32857","4881468.96594, 3509468.32857",218432.479610762
"695","12","13","335","0","1","0","4711468.96594, 3439468.32857","4881468.96594, 3509468.32857",229611.295066654
"696","12","14","336","0","1","0","4711468.96594, 3429468.32857","4881468.96594, 3509468.32857",237893.224331742
"697","12","15","337","0","0","0","4711468.96594, 3419468.32857","4881468.96594, 3509468.32857",245796.177764715
"698","12","16","338","0","0","0","4711468.96594, 3409468.32857","4881468.96594, 3509468.32857",245703.933254266
"699","12","17","339","1","1","0","4711468.96594, 3399468.32857","4881468.96594, 3509468.32857",247899.142316421
"700","12","18","340","0","0","0","4711468.96594, 3389468.32857","4881468.96594, 3509468.32857",250248.323343279
"701","12","19","341","0","0","0","4711468.96594, 3379468.32857","4881468.96594, 3509468.32857",287528.818801352
"702","12","20","342","1","1","0","4711468.96594, 3369468.32857","4881468.96594, 3509468.32857",280984.635130941
"703","12","21","343","0","0","0","4711468.96594, 3359468.32857","4881468.96594, 3509468.32857",278398.735101562
"704","12","22","344","0","0","0","4711468.96594, 3349468.32857","4881468.96594, 3509468.32857",299875.491592605
"705","12","23","345","1","0","0","4711468.96594, 3339468.32857","4881468.96594, 3509468.32857",291852.530707731
"706","12","24","346","1","1","0","4711468.96594, 3329468.32857","4881468.96594, 3509468.32857",286327.605995538
"707","12","25","347","0","1","0","4711468.96594, 3319468.32857","4881468.96594, 3509468.32857",284617.377810825
"708","12","26","348","0","0","0","4711468.96594, 3309468.32857","4881468.96594, 3509468.32857",287751.444682218
"709","12","27","349","0","0","0","4711468.96594, 3299468.32857","4881468.96594, 3509468.32857",379917.923704052
"710","12","28","350","1","1","0","4711468.96594, 3289468.32857","4881468.96594, 3509468.32857",373717.012619695
"711","12","29","351","0","0","0","4711468.96594, 3279468.32857","4881468.96594, 3509468.32857",373717.012619695
"712","12","30","352","1","1","0","4711468.96594, 3269468.32857","4881468.96594, 3509468.32857",383995.167961
"713","12","31","353","1","1","0","4711468.96594, 3259468.32857","4881468.96594, 3509468.32857",376955.246958141
"714","12","32","354","0","1","0","4711468.96594, 3249468.32857","4881468.96594, 3509468.32857",376931.53587218
"715","12","33","355","1","1","0","4711468.96594, 3239468.32857","4881468.96594, 3509468.32857",483150.07570233
"716","12","34","356","1","0","0","4711468.96594, 3229468.32857","4881468.96594, 3509468.32857",476934.131272796
"717","12","35","357","0","1","0","4711468.96594, 3219468.32857","4881468.96594, 3509468.32857",448949.614309478
"718","12","36","358","1","1","0","4711468.96594, 3209468.32857","4881468.96594, 3509468.32857",442753.285611644
"719","12","37","359","1","1","0","4711468.96594, 3199468.32857","4881468.96594, 3509468.32857",435172.700023213
"720","12","38","360","1","0","0","4711468.96594, 3189468.32857","4881468.96594, 3509468.32857",428561.524918456
"721","12","39","361","1","0","0","4711468.96594, 3179468.32857","4881468.96594, 3509468.32857",528102.914977389
"722","12","40","362","1","1","0","4711468.96594, 3169468.32857","4881468.96594, 3509468.32857",508192.958683567
"723","12","41","363","1","1","0","4711468.96594, 3159468.32857","4881468.96594, 3509468.32857",504472.467248138
"724","12","42","364","1","1","0","4711468.96594, 3149468.32857","4881468.96594, 3509468.32857",501989.508301879
"725","12","43","365","1","1","0","4711468.96594, 3139468.32857","4881468.96594, 3509468.32857",505296.125915904
"726","12","44","366","0","1","0","4711468.96594, 3129468.32857","4881468.96594, 3509468.32857",540454.44429538
"727","12","45","367","0","1","0","4711468.96594, 3119468.32857","4881468.96594, 3509468.32857",549038.451528947
"728","12","46","368","1","1","0","4711468.96594, 3109468.32857","4881468.96594, 3509468.32857",579759.453912409
"729","12","47","369","1","1","0","4711468.96594, 3099468.32857","4881468.96594, 3509468.32857",581948.406548573
"730","12","48","370","1","1","0","4711628.22778, 3090550.05062","4881468.96594, 3509468.32857",585865.42400192
"750","13","6","371","0","0","0","4724522.18851, 3505353.18901","4881468.96594, 3509468.32857",173420.646242275
"751","13","7","372","0","0","0","4721616.87326, 3499289.46274","4881468.96594, 3509468.32857",173420.646242275
"752","13","8","373","0","0","0","4721468.96594, 3489468.32857","4881468.96594, 3509468.32857",178371.944846326
"753","13","9","374","0","1","0","4721468.96594, 3479468.32857","4881468.96594, 3509468.32857",190878.707424269
"754","13","10","375","1","1","0","4721468.96594, 3469468.32857","4881468.96594, 3509468.32857",197132.776008254
"755","13","11","376","0","1","0","4721468.96594, 3459468.32857","4881468.96594, 3509468.32857",205459.792503777
"756","13","12","377","0","1","0","4721468.96594, 3449468.32857","4881468.96594, 3509468.32857",226344.579317335
"757","13","13","378","0","1","0","4721468.96594, 3439468.32857","4881468.96594, 3509468.32857",230295.72999831
"758","13","14","379","0","0","0","4721468.96594, 3429468.32857","4881468.96594, 3509468.32857",235747.483576058
"759","13","15","380","0","0","0","4721468.96594, 3419468.32857","4881468.96594, 3509468.32857",237893.224331742
"760","13","16","381","0","0","0","4721468.96594, 3409468.32857","4881468.96594, 3509468.32857",237313.516733165
"761","13","17","382","1","1","0","4721468.96594, 3399468.32857","4881468.96594, 3509468.32857",240022.623650015
"762","13","18","383","0","0","0","4721468.96594, 3389468.32857","4881468.96594, 3509468.32857",240022.623650015
"763","13","19","384","1","0","0","4721468.96594, 3379468.32857","4881468.96594, 3509468.32857",273734.388873541
"764","13","20","385","1","1","0","4721468.96594, 3369468.32857","4881468.96594, 3509468.32857",273734.388873541
"765","13","21","386","0","1","0","4721468.96594, 3359468.32857","4881468.96594, 3509468.32857",269548.678588058
"766","13","22","387","0","0","0","4721468.96594, 3349468.32857","4881468.96594, 3509468.32857",267188.185998146
"767","13","23","388","1","0","0","4721468.96594, 3339468.32857","4881468.96594, 3509468.32857",284275.017611713
"768","13","24","389","0","1","0","4721468.96594, 3329468.32857","4881468.96594, 3509468.32857",280936.129430503
"769","13","25","390","0","1","0","4721468.96594, 3319468.32857","4881468.96594, 3509468.32857",277817.942284549
"770","13","26","391","0","0","0","4721468.96594, 3309468.32857","4881468.96594, 3509468.32857",277817.942284549
"771","13","27","392","0","0","0","4721468.96594, 3299468.32857","4881468.96594, 3509468.32857",382466.990302894
"772","13","28","393","1","1","0","4721468.96594, 3289468.32857","4881468.96594, 3509468.32857",384681.42158152
"773","13","29","394","0","0","0","4721468.96594, 3279468.32857","4881468.96594, 3509468.32857",384681.42158152
"774","13","30","395","1","0","0","4721468.96594, 3269468.32857","4881468.96594, 3509468.32857",380721.778774871
"775","13","31","396","1","1","0","4721468.96594, 3259468.32857","4881468.96594, 3509468.32857",365396.168578192
"776","13","32","397","0","1","0","4721468.96594, 3249468.32857","4881468.96594, 3509468.32857",370802.971962621
"777","13","33","398","1","0","0","4721468.96594, 3239468.32857","4881468.96594, 3509468.32857",373119.832321698
"778","13","34","399","1","0","0","4721468.96594, 3229468.32857","4881468.96594, 3509468.32857",483150.07570233
"779","13","35","400","0","0","0","4721468.96594, 3219468.32857","4881468.96594, 3509468.32857",448949.614309478
"780","13","36","401","0","0","0","4721468.96594, 3209468.32857","4881468.96594, 3509468.32857",437580.649950466
"781","13","37","402","0","1","0","4721468.96594, 3199468.32857","4881468.96594, 3509468.32857",428561.524918456
"782","13","38","403","1","1","0","4721468.96594, 3189468.32857","4881468.96594, 3509468.32857",424117.320907044
"783","13","39","404","0","0","0","4721468.96594, 3179468.32857","4881468.96594, 3509468.32857",418846.06490169
"784","13","40","405","1","0","0","4721468.96594, 3169468.32857","4881468.96594, 3509468.32857",500706.54387479
"785","13","41","406","0","1","0","4721468.96594, 3159468.32857","4881468.96594, 3509468.32857",495195.121193553
"786","13","42","407","1","1","0","4721468.96594, 3149468.32857","4881468.96594, 3509468.32857",493644.452705108
"787","13","43","408","1","1","0","4721468.96594, 3139468.32857","4881468.96594, 3509468.32857",491470.859228382
"788","13","44","409","0","0","0","4721468.96594, 3129468.32857","4881468.96594, 3509468.32857",547063.00555874
"789","13","45","410","0","1","0","4721468.96594, 3119468.32857","4881468.96594, 3509468.32857",554590.966107791
"790","13","46","411","1","1","0","4721468.96594, 3109468.32857","4881468.96594, 3509468.32857",564164.916676955
"791","13","47","412","1","1","0","4721468.96594, 3099468.32857","4881468.96594, 3509468.32857",570987.637070409
"792","13","48","413","0","0","0","4721602.20361, 3089805.92274","4881468.96594, 3509468.32857",574224.777803462
"793","13","49","414","0","0","0","4726351.81914, 3084450.837","4881468.96594, 3509468.32857",563144.978357583
"812","14","6","415","0","0","0","4732237.70007, 3507106.63827","4881468.96594, 3509468.32857",173420.646242275
"813","14","7","416","1","1","0","4731468.96594, 3499468.32857","4881468.96594, 3509468.32857",173420.646242275
"814","14","8","417","0","1","0","4731468.96594, 3489468.32857","4881468.96594, 3509468.32857",173823.783526186
"815","14","9","418","1","1","0","4731468.96594, 3479468.32857","4881468.96594, 3509468.32857",181495.517633175
"816","14","10","419","1","0","0","4731468.96594, 3469468.32857","4881468.96594, 3509468.32857",185942.688697843
"817","14","11","420","1","0","0","4731468.96594, 3459468.32857","4881468.96594, 3509468.32857",198385.321595009
"818","14","12","421","0","0","0","4731468.96594, 3449468.32857","4881468.96594, 3509468.32857",230124.446998549
"819","14","13","422","0","1","0","4731468.96594, 3439468.32857","4881468.96594, 3509468.32857",227207.894212933
"820","14","14","423","0","0","0","4731468.96594, 3429468.32857","4881468.96594, 3509468.32857",221443.221274669
"821","14","15","424","0","0","0","4731468.96594, 3419468.32857","4881468.96594, 3509468.32857",214397.782765844
"822","14","16","425","0","0","0","4731468.96594, 3409468.32857","4881468.96594, 3509468.32857",222011.319887932
"823","14","17","426","1","1","0","4731468.96594, 3399468.32857","4881468.96594, 3509468.32857",229190.42993811
"824","14","18","427","0","0","0","4731468.96594, 3389468.32857","4881468.96594, 3509468.32857",229190.42993811
"825","14","19","428","1","0","0","4731468.96594, 3379468.32857","4881468.96594, 3509468.32857",254313.894088551
"826","14","20","429","0","0","0","4731468.96594, 3369468.32857","4881468.96594, 3509468.32857",262905.061630447
"827","14","21","430","1","1","0","4731468.96594, 3359468.32857","4881468.96594, 3509468.32857",260524.742518446
"828","14","22","431","1","0","0","4731468.96594, 3349468.32857","4881468.96594, 3509468.32857",260524.742518446
"829","14","23","432","1","0","0","4731468.96594, 3339468.32857","4881468.96594, 3509468.32857",261234.890543045
"830","14","24","433","0","1","0","4731468.96594, 3329468.32857","4881468.96594, 3509468.32857",264281.32034616
"831","14","25","434","0","1","0","4731468.96594, 3319468.32857","4881468.96594, 3509468.32857",277308.755276451
"832","14","26","435","0","0","0","4731468.96594, 3309468.32857","4881468.96594, 3509468.32857",282051.070874104
"833","14","27","436","0","0","0","4731468.96594, 3299468.32857","4881468.96594, 3509468.32857",382466.990302894
"834","14","28","437","1","0","0","4731468.96594, 3289468.32857","4881468.96594, 3509468.32857",384681.42158152
"835","14","29","438","0","0","0","4731468.96594, 3279468.32857","4881468.96594, 3509468.32857",384681.42158152
"836","14","30","439","1","0","0","4731468.96594, 3269468.32857","4881468.96594, 3509468.32857",350180.164281088
"837","14","31","440","1","1","0","4731468.96594, 3259468.32857","4881468.96594, 3509468.32857",353790.528299102
"838","14","32","441","0","1","0","4731468.96594, 3249468.32857","4881468.96594, 3509468.32857",366857.791474719
"839","14","33","442","1","1","0","4731468.96594, 3239468.32857","4881468.96594, 3509468.32857",369009.010783959
"840","14","34","443","0","0","0","4731468.96594, 3229468.32857","4881468.96594, 3509468.32857",362221.567231404
"841","14","35","444","0","0","0","4731468.96594, 3219468.32857","4881468.96594, 3509468.32857",369779.979991712
"842","14","36","445","0","0","0","4731468.96594, 3209468.32857","4881468.96594, 3509468.32857",396248.918243276
"843","14","37","446","0","0","0","4731468.96594, 3199468.32857","4881468.96594, 3509468.32857",418846.06490169
"844","14","38","447","1","1","0","4731468.96594, 3189468.32857","4881468.96594, 3509468.32857",414387.539183877
"845","14","39","448","1","0","0","4731468.96594, 3179468.32857","4881468.96594, 3509468.32857",410027.147105336
"846","14","40","449","1","0","0","4731468.96594, 3169468.32857","4881468.96594, 3509468.32857",492715.513644502
"847","14","41","450","0","1","0","4731468.96594, 3159468.32857","4881468.96594, 3509468.32857",486264.036718224
"848","14","42","451","1","1","0","4731468.96594, 3149468.32857","4881468.96594, 3509468.32857",479794.721880209
"849","14","43","452","1","1","0","4731468.96594, 3139468.32857","4881468.96594, 3509468.32857",486052.121767242
"850","14","44","453","0","0","0","4731468.96594, 3129468.32857","4881468.96594, 3509468.32857",486052.121767242
"851","14","45","454","0","0","0","4731468.96594, 3119468.32857","4881468.96594, 3509468.32857",554590.966107791
"852","14","46","455","1","0","0","4731468.96594, 3109468.32857","4881468.96594, 3509468.32857",556109.374971461
"853","14","47","456","1","1","0","4731468.96594, 3099468.32857","4881468.96594, 3509468.32857",556109.374971461
"854","14","48","457","0","0","0","4731468.96594, 3089468.32857","4881468.96594, 3509468.32857",549353.877217458
"855","14","49","458","0","0","0","4733026.17909, 3083952.55182","4881468.96594, 3509468.32857",563144.978357583
"873","15","5","459","0","0","0","4745189.17339, 3515050.02721","4881468.96594, 3509468.32857",165635.032813002
"874","15","6","460","0","0","0","4741747.0989, 3509084.45797","4881468.96594, 3509468.32857",171596.095067906
"875","15","7","461","1","1","0","4741468.96594, 3499468.32857","4881468.96594, 3509468.32857",167182.265701267
"876","15","8","462","1","1","0","4741468.96594, 3489468.32857","4881468.96594, 3509468.32857",168929.798123697
"877","15","9","463","1","0","0","4741468.96594, 3479468.32857","4881468.96594, 3509468.32857",176555.266525245
"878","15","10","464","0","0","0","4741468.96594, 3469468.32857","4881468.96594, 3509468.32857",183903.204388206
"879","15","11","465","1","0","0","4741468.96594, 3459468.32857","4881468.96594, 3509468.32857",198385.321595009
"880","15","12","466","1","0","0","4741468.96594, 3449468.32857","4881468.96594, 3509468.32857",224619.379781056
"881","15","13","467","0","1","0","4741468.96594, 3439468.32857","4881468.96594, 3509468.32857",217891.581632601
"882","15","14","468","0","1","0","4741468.96594, 3429468.32857","4881468.96594, 3509468.32857",214397.782765844
"883","15","15","469","0","0","0","4741468.96594, 3419468.32857","4881468.96594, 3509468.32857",208225.438196991
"884","15","16","470","1","1","0","4741468.96594, 3409468.32857","4881468.96594, 3509468.32857",214304.564766524
"885","15","17","471","1","1","0","4741468.96594, 3399468.32857","4881468.96594, 3509468.32857",219625.735012814
"886","15","18","472","0","0","0","4741468.96594, 3389468.32857","4881468.96594, 3509468.32857",224468.401084437
"887","15","19","473","1","0","0","4741468.96594, 3379468.32857","4881468.96594, 3509468.32857",241842.147220047
"888","15","20","474","1","1","0","4741468.96594, 3369468.32857","4881468.96594, 3509468.32857",247495.770153073
"889","15","21","475","1","1","0","4741468.96594, 3359468.32857","4881468.96594, 3509468.32857",249696.940545345
"890","15","22","476","0","0","0","4741468.96594, 3349468.32857","4881468.96594, 3509468.32857",238058.797720017
"891","15","23","477","0","1","0","4741468.96594, 3339468.32857","4881468.96594, 3509468.32857",248240.742364281
"892","15","24","478","0","1","0","4741468.96594, 3329468.32857","4881468.96594, 3509468.32857",254598.284202591
"893","15","25","479","0","1","0","4741468.96594, 3319468.32857","4881468.96594, 3509468.32857",284150.176238888
"894","15","26","480","0","1","0","4741468.96594, 3309468.32857","4881468.96594, 3509468.32857",291450.564863845
"895","15","27","481","0","0","0","4741468.96594, 3299468.32857","4881468.96594, 3509468.32857",293556.998166856
"896","15","28","482","1","0","0","4741468.96594, 3289468.32857","4881468.96594, 3509468.32857",297811.616593931
"897","15","29","483","1","0","0","4741468.96594, 3279468.32857","4881468.96594, 3509468.32857",341157.3968105
"898","15","30","484","1","0","0","4741468.96594, 3269468.32857","4881468.96594, 3509468.32857",343922.128782109
"899","15","31","485","0","1","0","4741468.96594, 3259468.32857","4881468.96594, 3509468.32857",343922.128782109
"900","15","32","486","0","0","0","4741468.96594, 3249468.32857","4881468.96594, 3509468.32857",355933.133299322
"901","15","33","487","1","1","0","4741468.96594, 3239468.32857","4881468.96594, 3509468.32857",360019.087708743
"902","15","34","488","0","1","0","4741468.96594, 3229468.32857","4881468.96594, 3509468.32857",367431.722440669
"903","15","35","489","0","0","0","4741468.96594, 3219468.32857","4881468.96594, 3509468.32857",369779.979991712
"904","15","36","490","0","0","0","4741468.96594, 3209468.32857","4881468.96594, 3509468.32857",389059.160504386
"905","15","37","491","0","1","0","4741468.96594, 3199468.32857","4881468.96594, 3509468.32857",396248.918243276
"906","15","38","492","1","1","0","4741468.96594, 3189468.32857","4881468.96594, 3509468.32857",406553.273748778
"907","15","39","493","1","0","0","4741468.96594, 3179468.32857","4881468.96594, 3509468.32857",413001.967818485
"908","15","40","494","1","0","0","4741468.96594, 3169468.32857","4881468.96594, 3509468.32857",432690.024804741
"909","15","41","495","0","0","0","4741468.96594, 3159468.32857","4881468.96594, 3509468.32857",444312.344822172
"910","15","42","496","0","1","0","4741468.96594, 3149468.32857","4881468.96594, 3509468.32857",474518.032366833
"911","15","43","497","1","1","0","4741468.96594, 3139468.32857","4881468.96594, 3509468.32857",469424.849358298
"912","15","44","498","0","0","0","4741468.96594, 3129468.32857","4881468.96594, 3509468.32857",479630.000977748
"913","15","45","499","0","0","0","4741468.96594, 3119468.32857","4881468.96594, 3509468.32857",481778.187312631
"914","15","46","500","1","0","0","4741468.96594, 3109468.32857","4881468.96594, 3509468.32857",549340.442914582
"915","15","47","501","1","1","0","4741468.96594, 3099468.32857","4881468.96594, 3509468.32857",545309.828250645
"916","15","48","502","1","1","0","4741468.96594, 3089468.32857","4881468.96594, 3509468.32857",549353.877217458
"917","15","49","503","1","1","0","4742011.80317, 3083281.71546","4881468.96594, 3509468.32857",554381.953641849
"935","16","5","504","0","0","0","4752411.71708, 3516691.44319","4881468.96594, 3509468.32857",141590.634356671
"936","16","6","505","0","0","0","4751468.96594, 3509468.32857","4881468.96594, 3509468.32857",148927.339463148
"937","16","7","506","0","1","0","4751468.96594, 3499468.32857","4881468.96594, 3509468.32857",160993.558780643
"938","16","8","507","1","1","0","4751468.96594, 3489468.32857","4881468.96594, 3509468.32857",157837.505186602
"939","16","9","508","0","0","0","4751468.96594, 3479468.32857","4881468.96594, 3509468.32857",162210.846875764
"940","16","10","509","0","0","0","4751468.96594, 3469468.32857","4881468.96594, 3509468.32857",170701.181221962
"941","16","11","510","0","0","0","4751468.96594, 3459468.32857","4881468.96594, 3509468.32857",170701.181221962
"942","16","12","511","1","0","0","4751468.96594, 3449468.32857","4881468.96594, 3509468.32857",210647.596611952
"943","16","13","512","1","0","0","4751468.96594, 3439468.32857","4881468.96594, 3509468.32857",208635.500726076
"944","16","14","513","0","1","0","4751468.96594, 3429468.32857","4881468.96594, 3509468.32857",206120.229049645
"945","16","15","514","0","1","0","4751468.96594, 3419468.32857","4881468.96594, 3509468.32857",200319.516366414
"946","16","16","515","1","1","0","4751468.96594, 3409468.32857","4881468.96594, 3509468.32857",204936.170742391
"947","16","17","516","0","0","0","4751468.96594, 3399468.32857","4881468.96594, 3509468.32857",210476.619190683
"948","16","18","517","0","0","0","4751468.96594, 3389468.32857","4881468.96594, 3509468.32857",217452.132166139
"949","16","19","518","1","0","0","4751468.96594, 3379468.32857","4881468.96594, 3509468.32857",238029.104340287
"950","16","20","519","1","1","0","4751468.96594, 3369468.32857","4881468.96594, 3509468.32857",238029.104340287
"951","16","21","520","0","0","0","4751468.96594, 3359468.32857","4881468.96594, 3509468.32857",230179.915385447
"952","16","22","521","0","1","0","4751468.96594, 3349468.32857","4881468.96594, 3509468.32857",232201.855872333
"953","16","23","522","0","1","0","4751468.96594, 3339468.32857","4881468.96594, 3509468.32857",242423.150343231
"954","16","24","523","0","0","0","4751468.96594, 3329468.32857","4881468.96594, 3509468.32857",248240.742364281
"955","16","25","524","0","0","0","4751468.96594, 3319468.32857","4881468.96594, 3509468.32857",293556.998166856
"956","16","26","525","0","1","0","4751468.96594, 3309468.32857","4881468.96594, 3509468.32857",297811.616593931
"957","16","27","526","0","0","0","4751468.96594, 3299468.32857","4881468.96594, 3509468.32857",299685.301173955
"958","16","28","527","0","0","0","4751468.96594, 3289468.32857","4881468.96594, 3509468.32857",310807.029585017
"959","16","29","528","1","0","0","4751468.96594, 3279468.32857","4881468.96594, 3509468.32857",323588.559312277
"960","16","30","529","1","0","0","4751468.96594, 3269468.32857","4881468.96594, 3509468.32857",331903.466017216
"961","16","31","530","0","1","0","4751468.96594, 3259468.32857","4881468.96594, 3509468.32857",334746.305797778
"962","16","32","531","1","1","0","4751468.96594, 3249468.32857","4881468.96594, 3509468.32857",345450.894158745
"963","16","33","532","1","1","0","4751468.96594, 3239468.32857","4881468.96594, 3509468.32857",350517.869948741
"964","16","34","533","0","1","0","4751468.96594, 3229468.32857","4881468.96594, 3509468.32857",374908.255770618
"965","16","35","534","0","1","0","4751468.96594, 3219468.32857","4881468.96594, 3509468.32857",375633.050565193
"966","16","36","535","1","1","0","4751468.96594, 3209468.32857","4881468.96594, 3509468.32857",383216.623110924
"967","16","37","536","1","1","0","4751468.96594, 3199468.32857","4881468.96594, 3509468.32857",385219.171554926
"968","16","38","537","1","1","0","4751468.96594, 3189468.32857","4881468.96594, 3509468.32857",410968.071925132
"969","16","39","538","0","1","0","4751468.96594, 3179468.32857","4881468.96594, 3509468.32857",421151.869746731
"970","16","40","539","1","1","0","4751468.96594, 3169468.32857","4881468.96594, 3509468.32857",432690.024804741
"971","16","41","540","1","1","0","4751468.96594, 3159468.32857","4881468.96594, 3509468.32857",442453.84132036
"972","16","42","541","1","1","0","4751468.96594, 3149468.32857","4881468.96594, 3509468.32857",453063.926625837
"973","16","43","542","1","1","0","4751468.96594, 3139468.32857","4881468.96594, 3509468.32857",461122.392183179
"974","16","44","543","1","1","0","4751468.96594, 3129468.32857","4881468.96594, 3509468.32857",479630.000977748
"975","16","45","544","1","1","0","4751468.96594, 3119468.32857","4881468.96594, 3509468.32857",485256.764807355
"976","16","46","545","1","0","0","4751468.96594, 3109468.32857","4881468.96594, 3509468.32857",498865.192568816
"977","16","47","546","1","1","0","4751468.96594, 3099468.32857","4881468.96594, 3509468.32857",533867.825658783
"978","16","48","547","0","1","0","4751468.96594, 3089468.32857","4881468.96594, 3509468.32857",529353.762817296
"979","16","49","548","0","0","0","4751797.67836, 3082551.13506","4881468.96594, 3509468.32857",530369.247250283
"996","17","4","549","0","0","0","4765856.15827, 3524746.86542","4881468.96594, 3509468.32857",141590.634356671
"997","17","5","550","1","1","0","4761875.59606, 3518796.9753","4881468.96594, 3509468.32857",141590.634356671
"998","17","6","551","0","0","0","4761468.96594, 3509468.32857","4881468.96594, 3509468.32857",136263.745146411
"999","17","7","552","1","1","0","4761468.96594, 3499468.32857","4881468.96594, 3509468.32857",142778.307970387
"1000","17","8","553","1","0","0","4761468.96594, 3489468.32857","4881468.96594, 3509468.32857",148877.829319832
"1001","17","9","554","0","0","0","4761468.96594, 3479468.32857","4881468.96594, 3509468.32857",156122.948782162
"1002","17","10","555","0","0","0","4761468.96594, 3469468.32857","4881468.96594, 3509468.32857",170701.181221962
"1003","17","11","556","0","0","0","4761468.96594, 3459468.32857","4881468.96594, 3509468.32857",173978.612333499
"1004","17","12","557","1","0","0","4761468.96594, 3449468.32857","4881468.96594, 3509468.32857",203294.268309526
"1005","17","13","558","1","0","0","4761468.96594, 3439468.32857","4881468.96594, 3509468.32857",203294.268309526
"1006","17","14","559","1","0","0","4761468.96594, 3429468.32857","4881468.96594, 3509468.32857",194995.597741482
"1007","17","15","560","1","1","0","4761468.96594, 3419468.32857","4881468.96594, 3509468.32857",189942.757552258
"1008","17","16","561","1","1","0","4761468.96594, 3409468.32857","4881468.96594, 3509468.32857",196159.159501719
"1009","17","17","562","0","0","0","4761468.96594, 3399468.32857","4881468.96594, 3509468.32857",213946.985985264
"1010","17","18","563","0","0","0","4761468.96594, 3389468.32857","4881468.96594, 3509468.32857",226756.961233793
"1011","17","19","564","1","0","0","4761468.96594, 3379468.32857","4881468.96594, 3509468.32857",234895.513075508
"1012","17","20","565","1","1","0","4761468.96594, 3369468.32857","4881468.96594, 3509468.32857",232090.583353847
"1013","17","21","566","0","1","0","4761468.96594, 3359468.32857","4881468.96594, 3509468.32857",224396.066981544
"1014","17","22","567","0","1","0","4761468.96594, 3349468.32857","4881468.96594, 3509468.32857",224294.602022172
"1015","17","23","568","0","0","0","4761468.96594, 3339468.32857","4881468.96594, 3509468.32857",235015.546083386
"1016","17","24","569","0","0","0","4761468.96594, 3329468.32857","4881468.96594, 3509468.32857",242423.150343231
"1017","17","25","570","0","0","0","4761468.96594, 3319468.32857","4881468.96594, 3509468.32857",299685.301173955
"1018","17","26","571","0","0","0","4761468.96594, 3309468.32857","4881468.96594, 3509468.32857",299685.301173955
"1019","17","27","572","0","0","0","4761468.96594, 3299468.32857","4881468.96594, 3509468.32857",310807.029585017
"1020","17","28","573","0","0","0","4761468.96594, 3289468.32857","4881468.96594, 3509468.32857",310807.029585017
"1021","17","29","574","1","0","0","4761468.96594, 3279468.32857","4881468.96594, 3509468.32857",317075.187362515
"1022","17","30","575","1","1","0","4761468.96594, 3269468.32857","4881468.96594, 3509468.32857",319490.337138603
"1023","17","31","576","1","1","0","4761468.96594, 3259468.32857","4881468.96594, 3509468.32857",331853.112303244
"1024","17","32","577","1","0","0","4761468.96594, 3249468.32857","4881468.96594, 3509468.32857",331853.112303244
"1025","17","33","578","0","0","0","4761468.96594, 3239468.32857","4881468.96594, 3509468.32857",345450.894158745
"1026","17","34","579","0","0","0","4761468.96594, 3229468.32857","4881468.96594, 3509468.32857",375633.050565193
"1027","17","35","580","0","1","0","4761468.96594, 3219468.32857","4881468.96594, 3509468.32857",368651.603152584
"1028","17","36","581","1","1","0","4761468.96594, 3209468.32857","4881468.96594, 3509468.32857",373868.603404019
"1029","17","37","582","0","0","0","4761468.96594, 3199468.32857","4881468.96594, 3509468.32857",376408.72723056
"1030","17","38","583","0","0","0","4761468.96594, 3189468.32857","4881468.96594, 3509468.32857",421151.869746731
"1031","17","39","584","0","1","0","4761468.96594, 3179468.32857","4881468.96594, 3509468.32857",425786.816962778
"1032","17","40","585","0","1","0","4761468.96594, 3169468.32857","4881468.96594, 3509468.32857",436915.609377833
"1033","17","41","586","1","0","0","4761468.96594, 3159468.32857","4881468.96594, 3509468.32857",445923.509186655
"1034","17","42","587","1","0","0","4761468.96594, 3149468.32857","4881468.96594, 3509468.32857",471892.767567365
"1035","17","43","588","1","1","0","4761468.96594, 3139468.32857","4881468.96594, 3509468.32857",471892.767567365
"1036","17","44","589","1","0","0","4761468.96594, 3129468.32857","4881468.96594, 3509468.32857",487079.091726271
"1037","17","45","590","0","1","0","4761468.96594, 3119468.32857","4881468.96594, 3509468.32857",494277.215424686
"1038","17","46","591","1","1","0","4761468.96594, 3109468.32857","4881468.96594, 3509468.32857",500438.009526948
"1039","17","47","592","1","1","0","4761468.96594, 3099468.32857","4881468.96594, 3509468.32857",507028.285427665
"1040","17","48","593","1","1","0","4761468.96594, 3089468.32857","4881468.96594, 3509468.32857",519462.900991232
"1041","17","49","594","1","1","0","4761704.6942, 3081811.51071","4881468.96594, 3509468.32857",528731.886382474
"1043","17","51","595","0","0","0","4765725.5908, 3057812.15407","4881468.96594, 3509468.32857",564604.210654662
"1044","17","52","596","0","0","0","4765870.41001, 3053938.68893","4881468.96594, 3509468.32857",566110.994142194
"1058","18","4","597","0","0","0","4772687.57049, 3526299.39174","4881468.96594, 3509468.32857",141590.634356671
"1059","18","5","598","1","1","0","4771468.96594, 3519468.32857","4881468.96594, 3509468.32857",138012.533963376
"1060","18","6","599","1","1","0","4771468.96594, 3509468.32857","4881468.96594, 3509468.32857",130124.757897386
"1061","18","7","600","1","1","0","4771468.96594, 3499468.32857","4881468.96594, 3509468.32857",136812.2166971
"1062","18","8","601","0","1","0","4771468.96594, 3489468.32857","4881468.96594, 3509468.32857",145754.580088085
"1063","18","9","602","0","1","0","4771468.96594, 3479468.32857","4881468.96594, 3509468.32857",158192.206849675
"1064","18","10","603","0","1","0","4771468.96594, 3469468.32857","4881468.96594, 3509468.32857",167638.095890723
"1065","18","11","604","0","1","0","4771468.96594, 3459468.32857","4881468.96594, 3509468.32857",178949.883850393
"1066","18","12","605","1","1","0","4771468.96594, 3449468.32857","4881468.96594, 3509468.32857",197015.238030744
"1067","18","13","606","1","1","0","4771468.96594, 3439468.32857","4881468.96594, 3509468.32857",205796.13721676
"1068","18","14","607","1","1","0","4771468.96594, 3429468.32857","4881468.96594, 3509468.32857",201536.828627371
"1069","18","15","608","1","1","0","4771468.96594, 3419468.32857","4881468.96594, 3509468.32857",179335.416319866
"1070","18","16","609","1","1","0","4771468.96594, 3409468.32857","4881468.96594, 3509468.32857",201085.65381639
"1071","18","17","610","1","1","0","4771468.96594, 3399468.32857","4881468.96594, 3509468.32857",212051.707589874
"1072","18","18","611","1","1","0","4771468.96594, 3389468.32857","4881468.96594, 3509468.32857",223566.12372106
"1073","18","19","612","1","1","0","4771468.96594, 3379468.32857","4881468.96594, 3509468.32857",232973.36517619
"1074","18","20","613","1","1","0","4771468.96594, 3369468.32857","4881468.96594, 3509468.32857",231214.4619886
"1075","18","21","614","1","1","0","4771468.96594, 3359468.32857","4881468.96594, 3509468.32857",213416.794622397
"1076","18","22","615","1","1","0","4771468.96594, 3349468.32857","4881468.96594, 3509468.32857",217722.64132232
"1077","18","23","616","0","0","0","4771468.96594, 3339468.32857","4881468.96594, 3509468.32857",220567.322441696
"1078","18","24","617","0","0","0","4771468.96594, 3329468.32857","4881468.96594, 3509468.32857",271570.263359584
"1079","18","25","618","0","0","0","4771468.96594, 3319468.32857","4881468.96594, 3509468.32857",271570.263359584
"1080","18","26","619","0","0","0","4771468.96594, 3309468.32857","4881468.96594, 3509468.32857",273851.905426946
"1081","18","27","620","0","1","0","4771468.96594, 3299468.32857","4881468.96594, 3509468.32857",310807.029585017
"1082","18","28","621","0","1","0","4771468.96594, 3289468.32857","4881468.96594, 3509468.32857",302754.674373545
"1083","18","29","622","1","0","0","4771468.96594, 3279468.32857","4881468.96594, 3509468.32857",304065.197881011
"1084","18","30","623","1","1","0","4771468.96594, 3269468.32857","4881468.96594, 3509468.32857",313267.516987707
"1085","18","31","624","1","1","0","4771468.96594, 3259468.32857","4881468.96594, 3509468.32857",320162.001970199
"1086","18","32","625","0","0","0","4771468.96594, 3249468.32857","4881468.96594, 3509468.32857",323258.421719644
"1087","18","33","626","1","1","0","4771468.96594, 3239468.32857","4881468.96594, 3509468.32857",333172.712379773
"1088","18","34","627","1","1","0","4771468.96594, 3229468.32857","4881468.96594, 3509468.32857",342169.311853748
"1089","18","35","628","1","1","0","4771468.96594, 3219468.32857","4881468.96594, 3509468.32857",353658.525266274
"1090","18","36","629","1","1","0","4771468.96594, 3209468.32857","4881468.96594, 3509468.32857",363354.517727442
"1091","18","37","630","0","0","0","4771468.96594, 3199468.32857","4881468.96594, 3509468.32857",367442.622598916
"1092","18","38","631","0","0","0","4771468.96594, 3189468.32857","4881468.96594, 3509468.32857",372515.577203616
"1093","18","39","632","0","0","0","4771468.96594, 3179468.32857","4881468.96594, 3509468.32857",438894.498781832
"1094","18","40","633","1","1","0","4771468.96594, 3169468.32857","4881468.96594, 3509468.32857",447626.82533845
"1095","18","41","634","1","1","0","4771468.96594, 3159468.32857","4881468.96594, 3509468.32857",450271.220811643
"1096","18","42","635","1","0","0","4771468.96594, 3149468.32857","4881468.96594, 3509468.32857",482802.895458449
"1097","18","43","636","1","1","0","4771468.96594, 3139468.32857","4881468.96594, 3509468.32857",480833.768190125
"1098","18","44","637","1","0","0","4771468.96594, 3129468.32857","4881468.96594, 3509468.32857",504800.786492249
"1099","18","45","638","1","1","0","4771468.96594, 3119468.32857","4881468.96594, 3509468.32857",504800.786492249
"1100","18","46","639","1","1","0","4771468.96594, 3109468.32857","4881468.96594, 3509468.32857",494929.279902004
"1101","18","47","640","1","1","0","4771468.96594, 3099468.32857","4881468.96594, 3509468.32857",504332.58317439
"1102","18","48","641","0","1","0","4771468.96594, 3089468.32857","4881468.96594, 3509468.32857",522222.668523073
"1103","18","49","642","0","1","0","4771882.14737, 3079808.59955","4881468.96594, 3509468.32857",531369.828763722
"1104","18","50","643","0","1","0","4772015.5452, 3069255.12072","4881468.96594, 3509468.32857",546214.769635473
"1105","18","51","644","0","0","0","4771468.97346, 3059468.32106","4881468.96594, 3509468.32857",556514.797147454
"1106","18","52","645","1","0","0","4772688.73332, 3050931.06113","4881468.96594, 3509468.32857",566110.994142194
"1107","18","53","646","0","0","0","4776304.14076, 3044322.48096","4881468.96594, 3509468.32857",554932.183337294
"1120","19","4","647","0","0","0","4781963.86581, 3528407.5492","4881468.96594, 3509468.32857",119016.793308536
"1121","19","5","648","0","0","0","4781468.96594, 3519468.32857","4881468.96594, 3509468.32857",119016.793308536
"1122","19","6","649","1","1","0","4781468.96594, 3509468.32857","4881468.96594, 3509468.32857",119016.793308536
"1123","19","7","650","1","0","0","4781468.96594, 3499468.32857","4881468.96594, 3509468.32857",128496.699372229
"1124","19","8","651","1","0","0","4781468.96594, 3489468.32857","4881468.96594, 3509468.32857",145754.580088085
"1125","19","9","652","1","0","0","4781468.96594, 3479468.32857","4881468.96594, 3509468.32857",159821.765980258
"1126","19","10","653","1","0","0","4781468.96594, 3469468.32857","4881468.96594, 3509468.32857",167638.095890723
"1127","19","11","654","1","1","0","4781468.96594, 3459468.32857","4881468.96594, 3509468.32857",186000.92128246
"1128","19","12","655","1","1","0","4781468.96594, 3449468.32857","4881468.96594, 3509468.32857",189789.828296962
"1129","19","13","656","1","0","0","4781468.96594, 3439468.32857","4881468.96594, 3509468.32857",197015.238030744
"1130","19","14","657","1","0","0","4781468.96594, 3429468.32857","4881468.96594, 3509468.32857",201536.828627371
"1131","19","15","658","0","1","0","4781468.96594, 3419468.32857","4881468.96594, 3509468.32857",171088.048136249
"1132","19","16","659","1","0","0","4781468.96594, 3409468.32857","4881468.96594, 3509468.32857",165497.473071071
"1133","19","17","660","1","0","0","4781468.96594, 3399468.32857","4881468.96594, 3509468.32857",210273.312177927
"1134","19","18","661","0","0","0","4781468.96594, 3389468.32857","4881468.96594, 3509468.32857",220798.060551843
"1135","19","19","662","0","1","0","4781468.96594, 3379468.32857","4881468.96594, 3509468.32857",191330.533406769
"1136","19","20","663","0","1","0","4781468.96594, 3369468.32857","4881468.96594, 3509468.32857",196795.08940618
"1137","19","21","664","1","1","0","4781468.96594, 3359468.32857","4881468.96594, 3509468.32857",220565.084095146
"1138","19","22","665","1","1","0","4781468.96594, 3349468.32857","4881468.96594, 3509468.32857",222657.783117728
"1139","19","23","666","1","1","0","4781468.96594, 3339468.32857","4881468.96594, 3509468.32857",236013.781207433
"1140","19","24","667","0","0","0","4781468.96594, 3329468.32857","4881468.96594, 3509468.32857",240795.714903443
"1141","19","25","668","0","1","0","4781468.96594, 3319468.32857","4881468.96594, 3509468.32857",268585.10240872
"1142","19","26","669","1","1","0","4781468.96594, 3309468.32857","4881468.96594, 3509468.32857",270025.907988116
"1143","19","27","670","1","1","0","4781468.96594, 3299468.32857","4881468.96594, 3509468.32857",279878.871840317
"1144","19","28","671","1","1","0","4781468.96594, 3289468.32857","4881468.96594, 3509468.32857",289582.693465862
"1145","19","29","672","1","1","0","4781468.96594, 3279468.32857","4881468.96594, 3509468.32857",291652.594684591
"1146","19","30","673","1","1","0","4781468.96594, 3269468.32857","4881468.96594, 3509468.32857",302167.949546608
"1147","19","31","674","1","1","0","4781468.96594, 3259468.32857","4881468.96594, 3509468.32857",312454.216048461
"1148","19","32","675","1","1","0","4781468.96594, 3249468.32857","4881468.96594, 3509468.32857",318945.333585522
"1149","19","33","676","1","1","0","4781468.96594, 3239468.32857","4881468.96594, 3509468.32857",329163.644765526
"1150","19","34","677","0","0","0","4781468.96594, 3229468.32857","4881468.96594, 3509468.32857",340070.110672056
"1151","19","35","678","1","1","0","4781468.96594, 3219468.32857","4881468.96594, 3509468.32857",366470.059020875
"1152","19","36","679","1","1","0","4781468.96594, 3209468.32857","4881468.96594, 3509468.32857",367442.622598916
"1153","19","37","680","1","1","0","4781468.96594, 3199468.32857","4881468.96594, 3509468.32857",375983.324178201
"1154","19","38","681","1","0","0","4781468.96594, 3189468.32857","4881468.96594, 3509468.32857",383113.297413297
"1155","19","39","682","1","0","0","4781468.96594, 3179468.32857","4881468.96594, 3509468.32857",413625.331408993
"1156","19","40","683","1","0","0","4781468.96594, 3169468.32857","4881468.96594, 3509468.32857",456949.419174383
"1157","19","41","684","0","1","0","4781468.96594, 3159468.32857","4881468.96594, 3509468.32857",458962.454550706
"1158","19","42","685","0","1","0","4781468.96594, 3149468.32857","4881468.96594, 3509468.32857",467998.435247766
"1159","19","43","686","1","1","0","4781468.96594, 3139468.32857","4881468.96594, 3509468.32857",477561.413417822
"1160","19","44","687","1","0","0","4781468.96594, 3129468.32857","4881468.96594, 3509468.32857",477561.413417822
"1161","19","45","688","1","1","0","4781468.96594, 3119468.32857","4881468.96594, 3509468.32857",480214.870776381
"1162","19","46","689","1","1","0","4781468.96594, 3109468.32857","4881468.96594, 3509468.32857",490780.379482875
"1163","19","47","690","1","1","0","4781468.96594, 3099468.32857","4881468.96594, 3509468.32857",508952.204980091
"1164","19","48","691","0","1","0","4781468.96594, 3089468.32857","4881468.96594, 3509468.32857",512769.403477733
"1165","19","49","692","0","1","0","4781468.96594, 3079468.32857","4881468.96594, 3509468.32857",538590.937422548
"1166","19","50","693","0","1","0","4781468.96594, 3069468.32857","4881468.96594, 3509468.32857",551336.310808152
"1167","19","51","694","1","1","0","4781468.96594, 3059468.32857","4881468.96594, 3509468.32857",550605.669295293
"1168","19","52","695","1","0","0","4781468.96594, 3049468.32857","4881468.96594, 3509468.32857",550246.223005861
"1169","19","53","696","0","0","0","4782985.64087, 3041366.37687","4881468.96594, 3509468.32857",563204.112549978
"1181","20","3","697","0","0","0","4793189.80982, 3535958.7894","4881468.96594, 3509468.32857",105203.10775442
"1182","20","4","698","0","0","0","4791469.26288, 3529468.02985","4881468.96594, 3509468.32857",109243.934415575
"1183","20","5","699","0","0","0","4791468.96594, 3519468.32857","4881468.96594, 3509468.32857",109243.934415575
"1184","20","6","700","1","1","0","4791468.96594, 3509468.32857","4881468.96594, 3509468.32857",109243.934415575
"1185","20","7","701","0","0","0","4791468.96594, 3499468.32857","4881468.96594, 3509468.32857",107123.920787347
"1186","20","8","702","0","0","0","4791468.96594, 3489468.32857","4881468.96594, 3509468.32857",107123.920787347
"1187","20","9","703","0","0","0","4791468.96594, 3479468.32857","4881468.96594, 3509468.32857",159821.765980258
"1188","20","10","704","0","0","0","4791468.96594, 3469468.32857","4881468.96594, 3509468.32857",181838.109921201
"1189","20","11","705","1","0","0","4791468.96594, 3459468.32857","4881468.96594, 3509468.32857",189789.828296962
"1190","20","12","706","0","0","0","4791468.96594, 3449468.32857","4881468.96594, 3509468.32857",189789.828296962
"1191","20","13","707","0","0","0","4791468.96594, 3439468.32857","4881468.96594, 3509468.32857",193919.341876021
"1192","20","14","708","1","0","0","4791468.96594, 3429468.32857","4881468.96594, 3509468.32857",158738.286125248
"1193","20","15","709","0","1","0","4791468.96594, 3419468.32857","4881468.96594, 3509468.32857",158738.286125248
"1194","20","16","710","1","0","0","4791468.96594, 3409468.32857","4881468.96594, 3509468.32857",163327.014240443
"1195","20","17","711","0","0","0","4791468.96594, 3399468.32857","4881468.96594, 3509468.32857",167419.106871626
"1196","20","18","712","0","1","0","4791468.96594, 3389468.32857","4881468.96594, 3509468.32857",173942.391391281
"1197","20","19","713","0","1","0","4791468.96594, 3379468.32857","4881468.96594, 3509468.32857",182756.109527685
"1198","20","20","714","0","0","0","4791468.96594, 3369468.32857","4881468.96594, 3509468.32857",191330.533406769
"1199","20","21","715","1","1","0","4791468.96594, 3359468.32857","4881468.96594, 3509468.32857",227821.041181022
"1200","20","22","716","0","1","0","4791468.96594, 3349468.32857","4881468.96594, 3509468.32857",229364.59023447
"1201","20","23","717","1","1","0","4791468.96594, 3339468.32857","4881468.96594, 3509468.32857",240795.714903443
"1202","20","24","718","1","1","0","4791468.96594, 3329468.32857","4881468.96594, 3509468.32857",246538.914060438
"1203","20","25","719","1","1","0","4791468.96594, 3319468.32857","4881468.96594, 3509468.32857",257623.482142749
"1204","20","26","720","1","1","0","4791468.96594, 3309468.32857","4881468.96594, 3509468.32857",263916.033866947
"1205","20","27","721","0","1","0","4791468.96594, 3299468.32857","4881468.96594, 3509468.32857",266766.82015193
"1206","20","28","722","0","1","0","4791468.96594, 3289468.32857","4881468.96594, 3509468.32857",273572.285275758
"1207","20","29","723","1","1","0","4791468.96594, 3279468.32857","4881468.96594, 3509468.32857",287842.663275059
"1208","20","30","724","1","1","0","4791468.96594, 3269468.32857","4881468.96594, 3509468.32857",298071.463154248
"1209","20","31","725","0","1","0","4791468.96594, 3259468.32857","4881468.96594, 3509468.32857",306718.68301403
"1210","20","32","726","0","0","0","4791468.96594, 3249468.32857","4881468.96594, 3509468.32857",316003.718790909
"1211","20","33","727","0","0","0","4791468.96594, 3239468.32857","4881468.96594, 3509468.32857",321921.368618928
"1212","20","34","728","0","0","0","4791468.96594, 3229468.32857","4881468.96594, 3509468.32857",366650.300345277
"1213","20","35","729","1","1","0","4791468.96594, 3219468.32857","4881468.96594, 3509468.32857",369152.563815658
"1214","20","36","730","0","1","0","4791468.96594, 3209468.32857","4881468.96594, 3509468.32857",377706.049635586
"1215","20","37","731","1","1","0","4791468.96594, 3199468.32857","4881468.96594, 3509468.32857",383113.297413297
"1216","20","38","732","1","1","0","4791468.96594, 3189468.32857","4881468.96594, 3509468.32857",390350.953312051
"1217","20","39","733","1","1","0","4791468.96594, 3179468.32857","4881468.96594, 3509468.32857",399494.206114854
"1218","20","40","734","0","1","0","4791468.96594, 3169468.32857","4881468.96594, 3509468.32857",412608.322496495
"1219","20","41","735","0","0","0","4791468.96594, 3159468.32857","4881468.96594, 3509468.32857",420886.07104765
"1220","20","42","736","0","1","0","4791468.96594, 3149468.32857","4881468.96594, 3509468.32857",468696.774095268
"1221","20","43","737","1","1","0","4791468.96594, 3139468.32857","4881468.96594, 3509468.32857",467513.907818928
"1222","20","44","738","0","1","0","4791468.96594, 3129468.32857","4881468.96594, 3509468.32857",466529.392466973
"1223","20","45","739","1","1","0","4791468.96594, 3119468.32857","4881468.96594, 3509468.32857",471885.785410759
"1224","20","46","740","1","1","0","4791468.96594, 3109468.32857","4881468.96594, 3509468.32857",483569.364024584
"1225","20","47","741","0","0","0","4791468.96594, 3099468.32857","4881468.96594, 3509468.32857",512769.403477733
"1226","20","48","742","0","1","0","4791468.96594, 3089468.32857","4881468.96594, 3509468.32857",522775.669309475
"1227","20","49","743","0","0","0","4791468.96594, 3079468.32857","4881468.96594, 3509468.32857",534163.155762807
"1228","20","50","744","0","0","0","4791468.96594, 3069468.32857","4881468.96594, 3509468.32857",555663.832937226
"1229","20","51","745","1","1","0","4791468.96594, 3059468.32857","4881468.96594, 3509468.32857",541842.011859581
"1230","20","52","746","1","1","0","4791468.96594, 3049468.32857","4881468.96594, 3509468.32857",551886.427691932
"1231","20","53","747","1","1","0","4791482.62755, 3039482.07958","4881468.96594, 3509468.32857",563204.112549978
"1232","20","54","748","0","1","0","4793404.53817, 3031756.73168","4881468.96594, 3509468.32857",570776.760476126
"1243","21","3","749","0","1","0","4802030.60713, 3537967.97433","4881468.96594, 3509468.32857",105203.10775442
"1244","21","4","750","0","0","0","4801468.96594, 3529468.32857","4881468.96594, 3509468.32857",103081.114761802
"1245","21","5","751","0","0","0","4801468.96594, 3519468.32857","4881468.96594, 3509468.32857",98546.8864959543
"1246","21","6","752","1","1","0","4801468.96594, 3509468.32857","4881468.96594, 3509468.32857",100483.336327062
"1247","21","7","753","0","0","0","4801468.96594, 3499468.32857","4881468.96594, 3509468.32857",100483.336327062
"1248","21","8","754","0","0","0","4801468.96594, 3489468.32857","4881468.96594, 3509468.32857",102247.371967112
"1249","21","9","755","0","0","0","4801468.96594, 3479468.32857","4881468.96594, 3509468.32857",76782.5233572965
"1250","21","10","756","1","0","0","4801468.96594, 3469468.32857","4881468.96594, 3509468.32857",81203.4221331062
"1251","21","11","757","1","0","0","4801468.96594, 3459468.32857","4881468.96594, 3509468.32857",189789.828296962
"1252","21","12","758","0","0","0","4801468.96594, 3449468.32857","4881468.96594, 3509468.32857",189789.828296962
"1253","21","13","759","0","0","0","4801468.96594, 3439468.32857","4881468.96594, 3509468.32857",116486.43793893
"1254","21","14","760","1","0","0","4801468.96594, 3429468.32857","4881468.96594, 3509468.32857",143009.001952789
"1255","21","15","761","1","1","0","4801468.96594, 3419468.32857","4881468.96594, 3509468.32857",150009.11840178
"1256","21","16","762","1","1","0","4801468.96594, 3409468.32857","4881468.96594, 3509468.32857",152518.556004297
"1257","21","17","763","0","1","0","4801468.96594, 3399468.32857","4881468.96594, 3509468.32857",160457.637451981
"1258","21","18","764","0","1","0","4801468.96594, 3389468.32857","4881468.96594, 3509468.32857",167419.106871626
"1259","21","19","765","0","0","0","4801468.96594, 3379468.32857","4881468.96594, 3509468.32857",180766.824507404
"1260","21","20","766","0","0","0","4801468.96594, 3369468.32857","4881468.96594, 3509468.32857",213972.560523361
"1261","21","21","767","1","1","0","4801468.96594, 3359468.32857","4881468.96594, 3509468.32857",217480.295446504
"1262","21","22","768","0","0","0","4801468.96594, 3349468.32857","4881468.96594, 3509468.32857",220484.373911287
"1263","21","23","769","0","0","0","4801468.96594, 3339468.32857","4881468.96594, 3509468.32857",222224.634573889
"1264","21","24","770","0","1","0","4801468.96594, 3329468.32857","4881468.96594, 3509468.32857",232265.177502052
"1265","21","25","771","0","1","0","4801468.96594, 3319468.32857","4881468.96594, 3509468.32857",241141.652882566
"1266","21","26","772","0","1","0","4801468.96594, 3309468.32857","4881468.96594, 3509468.32857",250855.16811675
"1267","21","27","773","0","1","0","4801468.96594, 3299468.32857","4881468.96594, 3509468.32857",261496.172265088
"1268","21","28","774","0","1","0","4801468.96594, 3289468.32857","4881468.96594, 3509468.32857",293110.33802242
"1269","21","29","775","1","1","0","4801468.96594, 3279468.32857","4881468.96594, 3509468.32857",288686.422809098
"1270","21","30","776","1","1","0","4801468.96594, 3269468.32857","4881468.96594, 3509468.32857",304833.778523491
"1271","21","31","777","1","1","0","4801468.96594, 3259468.32857","4881468.96594, 3509468.32857",309667.96749876
"1272","21","32","778","0","0","0","4801468.96594, 3249468.32857","4881468.96594, 3509468.32857",312558.693878305
"1273","21","33","779","0","0","0","4801468.96594, 3239468.32857","4881468.96594, 3509468.32857",358163.557540458
"1274","21","34","780","0","0","0","4801468.96594, 3229468.32857","4881468.96594, 3509468.32857",358163.557540458
"1275","21","35","781","1","1","0","4801468.96594, 3219468.32857","4881468.96594, 3509468.32857",359710.125556711
"1276","21","36","782","0","1","0","4801468.96594, 3209468.32857","4881468.96594, 3509468.32857",389831.405587649
"1277","21","37","783","1","0","0","4801468.96594, 3199468.32857","4881468.96594, 3509468.32857",400758.806794438
"1278","21","38","784","1","1","0","4801468.96594, 3189468.32857","4881468.96594, 3509468.32857",398210.616134006
"1279","21","39","785","1","1","0","4801468.96594, 3179468.32857","4881468.96594, 3509468.32857",401777.382125579
"1280","21","40","786","1","1","0","4801468.96594, 3169468.32857","4881468.96594, 3509468.32857",410106.912964895
"1281","21","41","787","1","1","0","4801468.96594, 3159468.32857","4881468.96594, 3509468.32857",423264.04766823
"1282","21","42","788","0","1","0","4801468.96594, 3149468.32857","4881468.96594, 3509468.32857",434409.654504521
"1283","21","43","789","1","1","0","4801468.96594, 3139468.32857","4881468.96594, 3509468.32857",456134.99620248
"1284","21","44","790","1","1","0","4801468.96594, 3129468.32857","4881468.96594, 3509468.32857",456471.867145709
"1285","21","45","791","1","1","0","4801468.96594, 3119468.32857","4881468.96594, 3509468.32857",468330.208843537
"1286","21","46","792","1","1","0","4801468.96594, 3109468.32857","4881468.96594, 3509468.32857",471703.379645435
"1287","21","47","793","1","0","0","4801468.96594, 3099468.32857","4881468.96594, 3509468.32857",527011.068271571
"1288","21","48","794","1","1","0","4801468.96594, 3089468.32857","4881468.96594, 3509468.32857",529540.512759925
"1289","21","49","795","1","1","0","4801468.96594, 3079468.32857","4881468.96594, 3509468.32857",534049.256876255
"1290","21","50","796","1","1","0","4801468.96594, 3069468.32857","4881468.96594, 3509468.32857",529386.144600361
"1291","21","51","797","1","1","0","4801468.96594, 3059468.32857","4881468.96594, 3509468.32857",532510.337958942
"1292","21","52","798","0","0","0","4801468.96594, 3049468.32857","4881468.96594, 3509468.32857",554932.183337294
"1293","21","53","799","1","0","0","4801084.26948, 3039693.61784","4881468.96594, 3509468.32857",565106.445781246
"1294","21","54","800","1","0","0","4799770.21941, 3030007.85711","4881468.96594, 3509468.32857",573176.194385613
"1295","21","55","801","0","0","0","4800221.9291, 3023824.19166","4881468.96594, 3509468.32857",580853.286985418
"1304","22","2","802","0","0","0","4813856.7947, 3545655.62761","4881468.96594, 3509468.32857",107022.93367442
"1305","22","3","803","0","1","0","4811514.97117, 3539418.09385","4881468.96594, 3509468.32857",100157.829838648
"1306","22","4","804","0","1","0","4811468.96594, 3529468.32857","4881468.96594, 3509468.32857",93834.1073822407
"1307","22","5","805","1","1","0","4811468.96594, 3519468.32857","4881468.96594, 3509468.32857",84988.4898655566
"1308","22","6","806","1","1","0","4811468.96594, 3509468.32857","4881468.96594, 3509468.32857",90027.2282691647
"1309","22","7","807","0","0","0","4811468.96594, 3499468.32857","4881468.96594, 3509468.32857",92100.6628141811
"1310","22","8","808","0","0","0","4811468.96594, 3489468.32857","4881468.96594, 3509468.32857",92100.6628141811
"1311","22","9","809","1","0","0","4811468.96594, 3479468.32857","4881468.96594, 3509468.32857",76782.5233572965
"1312","22","10","810","1","0","0","4811468.96594, 3469468.32857","4881468.96594, 3509468.32857",81203.4221331062
"1313","22","11","811","0","0","0","4811468.96594, 3459468.32857","4881468.96594, 3509468.32857",88732.0198587297
"1314","22","12","812","0","0","0","4811468.96594, 3449468.32857","4881468.96594, 3509468.32857",112735.829614467
"1315","22","13","813","0","0","0","4811468.96594, 3439468.32857","4881468.96594, 3509468.32857",114691.371569379
"1316","22","14","814","0","0","0","4811468.96594, 3429468.32857","4881468.96594, 3509468.32857",136719.360124876
"1317","22","15","815","1","1","0","4811468.96594, 3419468.32857","4881468.96594, 3509468.32857",139141.979483982
"1318","22","16","816","1","1","0","4811468.96594, 3409468.32857","4881468.96594, 3509468.32857",146071.109508664
"1319","22","17","817","0","0","0","4811468.96594, 3399468.32857","4881468.96594, 3509468.32857",156229.168992758
"1320","22","18","818","0","1","0","4811468.96594, 3389468.32857","4881468.96594, 3509468.32857",171362.356592096
"1321","22","19","819","0","1","0","4811468.96594, 3379468.32857","4881468.96594, 3509468.32857",175413.808870004
"1322","22","20","820","0","0","0","4811468.96594, 3369468.32857","4881468.96594, 3509468.32857",182414.192836441
"1323","22","21","821","1","1","0","4811468.96594, 3359468.32857","4881468.96594, 3509468.32857",208812.372685497
"1324","22","22","822","0","0","0","4811468.96594, 3349468.32857","4881468.96594, 3509468.32857",213452.451200351
"1325","22","23","823","0","1","0","4811468.96594, 3339468.32857","4881468.96594, 3509468.32857",217764.132684287
"1326","22","24","824","0","1","0","4811468.96594, 3329468.32857","4881468.96594, 3509468.32857",228216.277212682
"1327","22","25","825","0","1","0","4811468.96594, 3319468.32857","4881468.96594, 3509468.32857",239609.215597313
"1328","22","26","826","0","0","0","4811468.96594, 3309468.32857","4881468.96594, 3509468.32857",248740.340522158
"1329","22","27","827","0","1","0","4811468.96594, 3299468.32857","4881468.96594, 3509468.32857",264371.814950977
"1330","22","28","828","0","1","0","4811468.96594, 3289468.32857","4881468.96594, 3509468.32857",283594.371325817
"1331","22","29","829","1","1","0","4811468.96594, 3279468.32857","4881468.96594, 3509468.32857",298868.48177117
"1332","22","30","830","1","0","0","4811468.96594, 3269468.32857","4881468.96594, 3509468.32857",312558.693878305
"1333","22","31","831","1","1","0","4811468.96594, 3259468.32857","4881468.96594, 3509468.32857",316757.674675263
"1334","22","32","832","0","0","0","4811468.96594, 3249468.32857","4881468.96594, 3509468.32857",329269.995992651
"1335","22","33","833","0","0","0","4811468.96594, 3239468.32857","4881468.96594, 3509468.32857",339195.007431231
"1336","22","34","834","1","1","0","4811468.96594, 3229468.32857","4881468.96594, 3509468.32857",344602.762195363
"1337","22","35","835","1","1","0","4811468.96594, 3219468.32857","4881468.96594, 3509468.32857",351700.224128777
"1338","22","36","836","0","1","0","4811468.96594, 3209468.32857","4881468.96594, 3509468.32857",378649.511667209
"1339","22","37","837","1","1","0","4811468.96594, 3199468.32857","4881468.96594, 3509468.32857",378649.511667209
"1340","22","38","838","0","0","0","4811468.96594, 3189468.32857","4881468.96594, 3509468.32857",400758.806794438
"1341","22","39","839","0","0","0","4811468.96594, 3179468.32857","4881468.96594, 3509468.32857",406139.072699247
"1342","22","40","840","0","0","0","4811468.96594, 3169468.32857","4881468.96594, 3509468.32857",410106.912964895
"1343","22","41","841","1","0","0","4811468.96594, 3159468.32857","4881468.96594, 3509468.32857",427829.356448037
"1344","22","42","842","1","1","0","4811468.96594, 3149468.32857","4881468.96594, 3509468.32857",439443.402527196
"1345","22","43","843","1","1","0","4811468.96594, 3139468.32857","4881468.96594, 3509468.32857",445998.3274399
"1346","22","44","844","1","1","0","4811468.96594, 3129468.32857","4881468.96594, 3509468.32857",452797.526258296
"1347","22","45","845","1","1","0","4811468.96594, 3119468.32857","4881468.96594, 3509468.32857",466401.051580386
"1348","22","46","846","0","1","0","4811468.96594, 3109468.32857","4881468.96594, 3509468.32857",477397.416251696
"1349","22","47","847","1","1","0","4811468.96594, 3099468.32857","4881468.96594, 3509468.32857",485283.221656982
"1350","22","48","848","0","1","0","4811468.96594, 3089468.32857","4881468.96594, 3509468.32857",498711.600179264
"1351","22","49","849","0","1","0","4811468.96594, 3079468.32857","4881468.96594, 3509468.32857",513982.223017042
"1352","22","50","850","0","1","0","4811452.11636, 3069499.63752","4881468.96594, 3509468.32857",523715.647499691
"1353","22","51","851","1","0","0","4816299.85797, 3064441.08909","4881468.96594, 3509468.32857",530940.302537137
"1353","22","51","852","1","0","0","4809107.40374, 3059944.69483","4881468.96594, 3509468.32857",527195.442397002
"1354","22","52","853","0","0","0","4807732.48764, 3050580.39718","4881468.96594, 3509468.32857",606971.555706539
"1355","22","53","854","0","0","0","4806713.04274, 3043637.14776","4881468.96594, 3509468.32857",558876.014593092
"1366","23","2","855","0","0","0","4822118.15571, 3547533.12819","4881468.96594, 3509468.32857",97638.5838078448
"1367","23","3","856","0","0","0","4821468.96594, 3539468.32857","4881468.96594, 3509468.32857",95464.412407853
"1368","23","4","857","0","1","0","4821468.96594, 3529468.32857","4881468.96594, 3509468.32857",88270.2552293438
"1369","23","5","858","1","1","0","4821468.96594, 3519468.32857","4881468.96594, 3509468.32857",77781.389028115
"1370","23","6","859","0","0","0","4821468.96594, 3509468.32857","4881468.96594, 3509468.32857",83098.711611873
"1371","23","7","860","0","0","0","4821468.96594, 3499468.32857","4881468.96594, 3509468.32857",87501.9549634854
"1372","23","8","861","0","0","0","4821468.96594, 3489468.32857","4881468.96594, 3509468.32857",76782.5233572965
"1373","23","9","862","1","0","0","4821468.96594, 3479468.32857","4881468.96594, 3509468.32857",76782.5233572965
"1374","23","10","863","0","0","0","4821468.96594, 3469468.32857","4881468.96594, 3509468.32857",81203.4221331062
"1375","23","11","864","0","0","0","4821468.96594, 3459468.32857","4881468.96594, 3509468.32857",88732.0198587297
"1376","23","12","865","0","0","0","4821468.96594, 3449468.32857","4881468.96594, 3509468.32857",100063.332860101
"1377","23","13","866","0","1","0","4821468.96594, 3439468.32857","4881468.96594, 3509468.32857",112735.829614467
"1378","23","14","867","1","1","0","4821468.96594, 3429468.32857","4881468.96594, 3509468.32857",123682.955437139
"1379","23","15","868","1","1","0","4821468.96594, 3419468.32857","4881468.96594, 3509468.32857",133837.80249782
"1380","23","16","869","1","1","0","4821468.96594, 3409468.32857","4881468.96594, 3509468.32857",144145.989932125
"1381","23","17","870","1","1","0","4821468.96594, 3399468.32857","4881468.96594, 3509468.32857",155016.96488327
"1382","23","18","871","0","1","0","4821468.96594, 3389468.32857","4881468.96594, 3509468.32857",165405.980264626
"1383","23","19","872","0","1","0","4821468.96594, 3379468.32857","4881468.96594, 3509468.32857",180322.313605132
"1384","23","20","873","1","1","0","4821468.96594, 3369468.32857","4881468.96594, 3509468.32857",187397.884562108
"1385","23","21","874","1","1","0","4821468.96594, 3359468.32857","4881468.96594, 3509468.32857",197847.481404289
"1386","23","22","875","0","1","0","4821468.96594, 3349468.32857","4881468.96594, 3509468.32857",201994.636379392
"1387","23","23","876","0","1","0","4821468.96594, 3339468.32857","4881468.96594, 3509468.32857",211494.27402878
"1388","23","24","877","0","1","0","4821468.96594, 3329468.32857","4881468.96594, 3509468.32857",221241.459606896
"1389","23","25","878","0","1","0","4821468.96594, 3319468.32857","4881468.96594, 3509468.32857",230412.954542587
"1390","23","26","879","0","1","0","4821468.96594, 3309468.32857","4881468.96594, 3509468.32857",266087.201157903
"1391","23","27","880","0","1","0","4821468.96594, 3299468.32857","4881468.96594, 3509468.32857",263326.748394481
"1392","23","28","881","1","1","0","4821468.96594, 3289468.32857","4881468.96594, 3509468.32857",273846.911735303
"1393","23","29","882","1","1","0","4821468.96594, 3279468.32857","4881468.96594, 3509468.32857",298102.438537428
"1394","23","30","883","1","0","0","4821468.96594, 3269468.32857","4881468.96594, 3509468.32857",296550.716273181
"1395","23","31","884","1","1","0","4821468.96594, 3259468.32857","4881468.96594, 3509468.32857",324152.547408018
"1396","23","32","885","1","1","0","4821468.96594, 3249468.32857","4881468.96594, 3509468.32857",333028.40884563
"1397","23","33","886","0","1","0","4821468.96594, 3239468.32857","4881468.96594, 3509468.32857",336703.529467649
"1398","23","34","887","1","1","0","4821468.96594, 3229468.32857","4881468.96594, 3509468.32857",335786.584896926
"1399","23","35","888","0","0","0","4821468.96594, 3219468.32857","4881468.96594, 3509468.32857",344602.762195363
"1400","23","36","889","1","0","0","4821468.96594, 3209468.32857","4881468.96594, 3509468.32857",367212.998373558
"1401","23","37","890","1","1","0","4821468.96594, 3199468.32857","4881468.96594, 3509468.32857",370205.270830091
"1402","23","38","891","1","1","0","4821468.96594, 3189468.32857","4881468.96594, 3509468.32857",373186.058764103
"1403","23","39","892","1","1","0","4821468.96594, 3179468.32857","4881468.96594, 3509468.32857",377114.115380269
"1404","23","40","893","1","0","0","4821468.96594, 3169468.32857","4881468.96594, 3509468.32857",394518.57575763
"1405","23","41","894","1","0","0","4821468.96594, 3159468.32857","4881468.96594, 3509468.32857",408536.549815927
"1406","23","42","895","1","0","0","4821468.96594, 3149468.32857","4881468.96594, 3509468.32857",428553.356903322
"1407","23","43","896","1","1","0","4821468.96594, 3139468.32857","4881468.96594, 3509468.32857",433753.307388418
"1408","23","44","897","1","1","0","4821468.96594, 3129468.32857","4881468.96594, 3509468.32857",463113.16859181
"1409","23","45","898","1","1","0","4821468.96594, 3119468.32857","4881468.96594, 3509468.32857",465965.362848311
"1410","23","46","899","1","0","0","4821468.96594, 3109468.32857","4881468.96594, 3509468.32857",479387.735820717
"1411","23","47","900","1","1","0","4821468.96594, 3099468.32857","4881468.96594, 3509468.32857",488198.977139231
"1412","23","48","901","0","1","0","4821468.96594, 3089468.32857","4881468.96594, 3509468.32857",496990.614567563
"1413","23","49","902","0","1","0","4821468.96594, 3079468.32857","4881468.96594, 3509468.32857",507519.120632337
"1414","23","50","903","0","1","0","4821468.96594, 3069468.32857","4881468.96594, 3509468.32857",534735.196911524
"1415","23","51","904","0","0","0","4822982.10253, 3063902.90967","4881468.96594, 3509468.32857",538099.44773675
"1427","24","1","905","0","0","0","4834523.77959, 3555352.46582",,
"1428","24","2","906","0","0","0","4831617.16156, 3549289.06483","4881468.96594, 3509468.32857",95464.412407853
"1429","24","3","907","0","0","0","4831468.96594, 3539468.32857","4881468.96594, 3509468.32857",65373.0470041212
"1430","24","4","908","1","1","0","4831468.96594, 3529468.32857","4881468.96594, 3509468.32857",63826.9934733394
"1431","24","5","909","1","1","0","4831468.96594, 3519468.32857","4881468.96594, 3509468.32857",61858.777882796
"1432","24","6","910","0","0","0","4831468.96594, 3509468.32857","4881468.96594, 3509468.32857",74809.4514404774
"1433","24","7","911","0","0","0","4831468.96594, 3499468.32857","4881468.96594, 3509468.32857",51680.9740336337
"1434","24","8","912","0","0","0","4831468.96594, 3489468.32857","4881468.96594, 3509468.32857",56709.3517366816
"1435","24","9","913","1","0","0","4831468.96594, 3479468.32857","4881468.96594, 3509468.32857",70592.4138394958
"1436","24","10","914","1","1","0","4831468.96594, 3469468.32857","4881468.96594, 3509468.32857",79126.6921157744
"1437","24","11","915","0","1","0","4831468.96594, 3459468.32857","4881468.96594, 3509468.32857",90507.5655934062
"1438","24","12","916","0","1","0","4831468.96594, 3449468.32857","4881468.96594, 3509468.32857",100063.332860101
"1439","24","13","917","0","1","0","4831468.96594, 3439468.32857","4881468.96594, 3509468.32857",108680.989137346
"1440","24","14","918","1","1","0","4831468.96594, 3429468.32857","4881468.96594, 3509468.32857",117259.835072952
"1441","24","15","919","0","1","0","4831468.96594, 3419468.32857","4881468.96594, 3509468.32857",137752.663273415
"1442","24","16","920","0","1","0","4831468.96594, 3409468.32857","4881468.96594, 3509468.32857",150727.595569518
"1443","24","17","921","1","1","0","4831468.96594, 3399468.32857","4881468.96594, 3509468.32857",157383.929811567
"1444","24","18","922","0","0","0","4831468.96594, 3389468.32857","4881468.96594, 3509468.32857",172764.669779627
"1445","24","19","923","0","0","0","4831468.96594, 3379468.32857","4881468.96594, 3509468.32857",190384.063597162
"1446","24","20","924","1","1","0","4831468.96594, 3369468.32857","4881468.96594, 3509468.32857",189348.714302335
"1447","24","21","925","1","1","0","4831468.96594, 3359468.32857","4881468.96594, 3509468.32857",193312.644403948
"1448","24","22","926","0","1","0","4831468.96594, 3349468.32857","4881468.96594, 3509468.32857",194910.297519753
"1449","24","23","927","0","0","0","4831468.96594, 3339468.32857","4881468.96594, 3509468.32857",194910.297519753
"1450","24","24","928","0","0","0","4831468.96594, 3329468.32857","4881468.96594, 3509468.32857",219264.62657479
"1451","24","25","929","0","1","0","4831468.96594, 3319468.32857","4881468.96594, 3509468.32857",232127.558714465
"1452","24","26","930","1","1","0","4831468.96594, 3309468.32857","4881468.96594, 3509468.32857",241915.103647997
"1453","24","27","931","1","1","0","4831468.96594, 3299468.32857","4881468.96594, 3509468.32857",256618.641707369
"1454","24","28","932","1","1","0","4831468.96594, 3289468.32857","4881468.96594, 3509468.32857",266114.744387824
"1455","24","29","933","1","1","0","4831468.96594, 3279468.32857","4881468.96594, 3509468.32857",276706.163257207
"1456","24","30","934","1","1","0","4831468.96594, 3269468.32857","4881468.96594, 3509468.32857",287928.049227504
"1457","24","31","935","1","1","0","4831468.96594, 3259468.32857","4881468.96594, 3509468.32857",297565.221184086
"1458","24","32","936","1","1","0","4831468.96594, 3249468.32857","4881468.96594, 3509468.32857",306643.094798045
"1459","24","33","937","1","1","0","4831468.96594, 3239468.32857","4881468.96594, 3509468.32857",330041.088608161
"1460","24","34","938","1","1","0","4831468.96594, 3229468.32857","4881468.96594, 3509468.32857",328013.580664404
"1461","24","35","939","1","1","0","4831468.96594, 3219468.32857","4881468.96594, 3509468.32857",338294.544795075
"1462","24","36","940","1","1","0","4831468.96594, 3209468.32857","4881468.96594, 3509468.32857",348980.412766232
"1463","24","37","941","1","1","0","4831468.96594, 3199468.32857","4881468.96594, 3509468.32857",358729.940967605
"1464","24","38","942","1","1","0","4831468.96594, 3189468.32857","4881468.96594, 3509468.32857",368585.579626061
"1465","24","39","943","0","1","0","4831468.96594, 3179468.32857","4881468.96594, 3509468.32857",384372.083056933
"1466","24","40","944","0","1","0","4831468.96594, 3169468.32857","4881468.96594, 3509468.32857",394518.57575763
"1467","24","41","945","0","1","0","4831468.96594, 3159468.32857","4881468.96594, 3509468.32857",406367.615277236
"1468","24","42","946","1","1","0","4831468.96594, 3149468.32857","4881468.96594, 3509468.32857",416649.127915586
"1469","24","43","947","0","1","0","4831468.96594, 3139468.32857","4881468.96594, 3509468.32857",424680.270167688
"1470","24","44","948","0","1","0","4831468.96594, 3129468.32857","4881468.96594, 3509468.32857",456707.058098008
"1471","24","45","949","1","1","0","4831468.96594, 3119468.32857","4881468.96594, 3509468.32857",475264.657028775
"1472","24","46","950","1","0","0","4831468.96594, 3109468.32857","4881468.96594, 3509468.32857",478931.116457497
"1473","24","47","951","1","0","0","4831468.96594, 3099468.32857","4881468.96594, 3509468.32857",510053.596113489
"1474","24","48","952","0","0","0","4831468.96594, 3089468.32857","4881468.96594, 3509468.32857",513962.338952756
"1475","24","49","953","0","0","0","4831468.96594, 3079468.32857","4881468.96594, 3509468.32857",525692.464549419
"1476","24","50","954","1","1","0","4831468.96594, 3069468.32857","4881468.96594, 3509468.32857",543207.400532168
"1477","24","51","955","1","0","0","4832006.34644, 3063176.10862","4881468.96594, 3509468.32857",544591.836377394
"1489","25","1","956","0","0","0","4842238.03871, 3557105.63045",,
"1490","25","2","957","0","0","0","4841468.96594, 3549468.32857",,
"1491","25","3","958","0","0","0","4841468.96594, 3539468.32857","4881468.96594, 3509468.32857",45314.8483297696
"1492","25","4","959","1","1","0","4841468.96594, 3529468.32857","4881468.96594, 3509468.32857",53173.1531165121
"1493","25","5","960","0","1","0","4841468.96594, 3519468.32857","4881468.96594, 3509468.32857",55215.41156762
"1494","25","6","961","0","0","0","4841468.96594, 3509468.32857","4881468.96594, 3509468.32857",55215.41156762
"1495","25","7","962","0","0","0","4841468.96594, 3499468.32857","4881468.96594, 3509468.32857",37458.2009868084
"1496","25","8","963","0","1","0","4841468.96594, 3489468.32857","4881468.96594, 3509468.32857",51680.9740336337
"1497","25","9","964","1","1","0","4841468.96594, 3479468.32857","4881468.96594, 3509468.32857",60735.6814453431
"1498","25","10","965","1","1","0","4841468.96594, 3469468.32857","4881468.96594, 3509468.32857",70258.5507173682
"1499","25","11","966","0","1","0","4841468.96594, 3459468.32857","4881468.96594, 3509468.32857",79305.9483809164
"1500","25","12","967","0","1","0","4841468.96594, 3449468.32857","4881468.96594, 3509468.32857",92551.0309336688
"1501","25","13","968","1","1","0","4841468.96594, 3439468.32857","4881468.96594, 3509468.32857",103719.27979728
"1502","25","14","969","1","0","0","4841468.96594, 3429468.32857","4881468.96594, 3509468.32857",108885.726186894
"1503","25","15","970","0","1","0","4841468.96594, 3419468.32857","4881468.96594, 3509468.32857",143117.898369945
"1504","25","16","971","0","1","0","4841468.96594, 3409468.32857","4881468.96594, 3509468.32857",141042.55900507
"1505","25","17","972","1","1","0","4841468.96594, 3399468.32857","4881468.96594, 3509468.32857",162944.7045839
"1506","25","18","973","1","1","0","4841468.96594, 3389468.32857","4881468.96594, 3509468.32857",172764.669779627
"1507","25","19","974","0","0","0","4841468.96594, 3379468.32857","4881468.96594, 3509468.32857",184527.110378908
"1508","25","20","975","1","1","0","4841468.96594, 3369468.32857","4881468.96594, 3509468.32857",174338.31233335
"1509","25","21","976","1","1","0","4841468.96594, 3359468.32857","4881468.96594, 3509468.32857",176014.871118817
"1510","25","22","977","1","1","0","4841468.96594, 3349468.32857","4881468.96594, 3509468.32857",184320.436676795
"1511","25","23","978","1","0","0","4841468.96594, 3339468.32857","4881468.96594, 3509468.32857",243707.157181569
"1512","25","24","979","1","1","0","4841468.96594, 3329468.32857","4881468.96594, 3509468.32857",243707.157181569
"1513","25","25","980","1","0","0","4841468.96594, 3319468.32857","4881468.96594, 3509468.32857",241482.179966903
"1514","25","26","981","1","0","0","4841468.96594, 3309468.32857","4881468.96594, 3509468.32857",249655.848346468
"1515","25","27","982","1","1","0","4841468.96594, 3299468.32857","4881468.96594, 3509468.32857",253982.789325241
"1516","25","28","983","0","0","0","4841468.96594, 3289468.32857","4881468.96594, 3509468.32857",266114.744387824
"1517","25","29","984","0","1","0","4841468.96594, 3279468.32857","4881468.96594, 3509468.32857",288581.702487151
"1518","25","30","985","1","1","0","4841468.96594, 3269468.32857","4881468.96594, 3509468.32857",291408.573439254
"1519","25","31","986","0","0","0","4841468.96594, 3259468.32857","4881468.96594, 3509468.32857",297565.221184086
"1520","25","32","987","0","0","0","4841468.96594, 3249468.32857","4881468.96594, 3509468.32857",308954.765819535
"1521","25","33","988","1","0","0","4841468.96594, 3239468.32857","4881468.96594, 3509468.32857",317458.686709022
"1522","25","34","989","1","1","0","4841468.96594, 3229468.32857","4881468.96594, 3509468.32857",335061.372005443
"1523","25","35","990","0","1","0","4841468.96594, 3219468.32857","4881468.96594, 3509468.32857",360083.365889047
"1524","25","36","991","0","1","0","4841468.96594, 3209468.32857","4881468.96594, 3509468.32857",364880.007404429
"1525","25","37","992","1","1","0","4841468.96594, 3199468.32857","4881468.96594, 3509468.32857",361364.828950958
"1526","25","38","993","0","0","0","4841468.96594, 3189468.32857","4881468.96594, 3509468.32857",388709.020495177
"1527","25","39","994","0","0","0","4841468.96594, 3179468.32857","4881468.96594, 3509468.32857",397608.811609793
"1528","25","40","995","0","1","0","4841468.96594, 3169468.32857","4881468.96594, 3509468.32857",407212.752679063
"1529","25","41","996","1","0","0","4841468.96594, 3159468.32857","4881468.96594, 3509468.32857",402761.624617605
"1530","25","42","997","1","1","0","4841468.96594, 3149468.32857","4881468.96594, 3509468.32857",423926.518791367
"1531","25","43","998","0","1","0","4841468.96594, 3139468.32857","4881468.96594, 3509468.32857",427487.868697472
"1532","25","44","999","0","1","0","4841468.96594, 3129468.32857","4881468.96594, 3509468.32857",465539.347452665
"1533","25","45","1000","0","1","0","4841468.96594, 3119468.32857","4881468.96594, 3509468.32857",483580.080398448
"1534","25","46","1001","1","1","0","4841468.96594, 3109468.32857","4881468.96594, 3509468.32857",489151.394662469
"1535","25","47","1002","1","1","0","4841468.96594, 3099468.32857","4881468.96594, 3509468.32857",505651.582021495
"1536","25","48","1003","0","1","0","4841468.96594, 3089468.32857","4881468.96594, 3509468.32857",513962.338952756
"1537","25","49","1004","1","1","0","4841468.96594, 3079468.32857","4881468.96594, 3509468.32857",525692.464549419
"1538","25","50","1005","1","1","0","4841468.96594, 3069468.32857","4881468.96594, 3509468.32857",535050.602188934
"1539","25","51","1006","1","1","0","4841795.6695, 3062387.68907","4881468.96594, 3509468.32857",543423.809603488
"1551","26","1","1007","0","0","0","4851269.63257, 3558605.29692",,
"1552","26","2","1008","0","0","0","4851468.96594, 3549468.32857",,
"1553","26","3","1009","0","0","0","4851468.96594, 3539468.32857","4881468.96594, 3509468.32857",43472.6870873398
"1554","26","4","1010","1","1","0","4851468.96594, 3529468.32857","4881468.96594, 3509468.32857",40516.5458259902
"1555","26","5","1011","0","0","0","4851468.96594, 3519468.32857","4881468.96594, 3509468.32857",50293.8048486991
"1556","26","6","1012","0","0","0","4851468.96594, 3509468.32857","4881468.96594, 3509468.32857",37100.7359972508
"1557","26","7","1013","0","1","0","4851468.96594, 3499468.32857","4881468.96594, 3509468.32857",37100.7359972508
"1558","26","8","1014","1","1","0","4851468.96594, 3489468.32857","4881468.96594, 3509468.32857",43781.9640972141
"1559","26","9","1015","1","0","0","4851468.96594, 3479468.32857","4881468.96594, 3509468.32857",45663.4516432534
"1560","26","10","1016","0","0","0","4851468.96594, 3469468.32857","4881468.96594, 3509468.32857",68612.7824811638
"1561","26","11","1017","0","1","0","4851468.96594, 3459468.32857","4881468.96594, 3509468.32857",82750.1021318885
"1562","26","12","1018","1","1","0","4851468.96594, 3449468.32857","4881468.96594, 3509468.32857",91467.7360540745
"1563","26","13","1019","1","1","0","4851468.96594, 3439468.32857","4881468.96594, 3509468.32857",101955.512351307
"1564","26","14","1020","0","1","0","4851468.96594, 3429468.32857","4881468.96594, 3509468.32857",106750.169006146
"1565","26","15","1021","0","1","0","4851468.96594, 3419468.32857","4881468.96594, 3509468.32857",131186.671629057
"1566","26","16","1022","0","1","0","4851468.96594, 3409468.32857","4881468.96594, 3509468.32857",128981.215927459
"1567","26","17","1023","0","0","0","4851468.96594, 3399468.32857","4881468.96594, 3509468.32857",139212.072181315
"1568","26","18","1024","1","1","0","4851468.96594, 3389468.32857","4881468.96594, 3509468.32857",182771.16346894
"1569","26","19","1025","1","1","0","4851468.96594, 3379468.32857","4881468.96594, 3509468.32857",155241.504314879
"1570","26","20","1026","1","1","0","4851468.96594, 3369468.32857","4881468.96594, 3509468.32857",168138.70451923
"1571","26","21","1027","1","1","0","4851468.96594, 3359468.32857","4881468.96594, 3509468.32857",170525.458066564
"1572","26","22","1028","0","0","0","4851468.96594, 3349468.32857","4881468.96594, 3509468.32857",176897.176976573
"1573","26","23","1029","0","1","0","4851468.96594, 3339468.32857","4881468.96594, 3509468.32857",232553.799776933
"1574","26","24","1030","0","1","0","4851468.96594, 3329468.32857","4881468.96594, 3509468.32857",232553.799776933
"1575","26","25","1031","0","0","0","4851468.96594, 3319468.32857","4881468.96594, 3509468.32857",229789.979081609
"1576","26","26","1032","1","1","0","4851468.96594, 3309468.32857","4881468.96594, 3509468.32857",238092.23081189
"1577","26","27","1033","1","1","0","4851468.96594, 3299468.32857","4881468.96594, 3509468.32857",245024.302966703
"1578","26","28","1034","0","0","0","4851468.96594, 3289468.32857","4881468.96594, 3509468.32857",251824.296104176
"1579","26","29","1035","0","0","0","4851468.96594, 3279468.32857","4881468.96594, 3509468.32857",299835.72898051
"1580","26","30","1036","1","1","0","4851468.96594, 3269468.32857","4881468.96594, 3509468.32857",301389.393237925
"1581","26","31","1037","0","0","0","4851468.96594, 3259468.32857","4881468.96594, 3509468.32857",304715.513834023
"1582","26","32","1038","0","0","0","4851468.96594, 3249468.32857","4881468.96594, 3509468.32857",313354.593627912
"1583","26","33","1039","0","0","0","4851468.96594, 3239468.32857","4881468.96594, 3509468.32857",340729.446612038
"1584","26","34","1040","1","1","0","4851468.96594, 3229468.32857","4881468.96594, 3509468.32857",343697.116792733
"1585","26","35","1041","0","1","0","4851468.96594, 3219468.32857","4881468.96594, 3509468.32857",352292.204749174
"1586","26","36","1042","0","0","0","4851468.96594, 3209468.32857","4881468.96594, 3509468.32857",362542.758552079
"1587","26","37","1043","1","1","0","4851468.96594, 3199468.32857","4881468.96594, 3509468.32857",372152.057434149
"1588","26","38","1044","0","1","0","4851468.96594, 3189468.32857","4881468.96594, 3509468.32857",388709.020495177
"1589","26","39","1045","1","1","0","4851468.96594, 3179468.32857","4881468.96594, 3509468.32857",399518.462660637
"1590","26","40","1046","1","1","0","4851468.96594, 3169468.32857","4881468.96594, 3509468.32857",407419.52156056
"1591","26","41","1047","1","1","0","4851468.96594, 3159468.32857","4881468.96594, 3509468.32857",438497.651240709
"1592","26","42","1048","0","1","0","4851468.96594, 3149468.32857","4881468.96594, 3509468.32857",434370.801917428
"1593","26","43","1049","0","1","0","4851468.96594, 3139468.32857","4881468.96594, 3509468.32857",435859.440380958
"1594","26","44","1050","1","1","0","4851468.96594, 3129468.32857","4881468.96594, 3509468.32857",475126.779088862
"1595","26","45","1051","1","1","0","4851468.96594, 3119468.32857","4881468.96594, 3509468.32857",478805.009758739
"1596","26","46","1052","1","1","0","4851468.96594, 3109468.32857","4881468.96594, 3509468.32857",494323.948348272
"1597","26","47","1053","1","1","0","4851468.96594, 3099468.32857","4881468.96594, 3509468.32857",503136.66322547
"1598","26","48","1054","1","0","0","4851468.96594, 3089468.32857","4881468.96594, 3509468.32857",508050.584998143
"1599","26","49","1055","1","1","0","4851468.96594, 3079468.32857","4881468.96594, 3509468.32857",558136.868430523
"1600","26","50","1056","0","1","0","4851468.96594, 3069468.32857","4881468.96594, 3509468.32857",550470.91832161
"1601","26","51","1057","1","0","0","4851703.65931, 3061589.71226","4881468.96594, 3509468.32857",546620.638384648
"1613","27","1","1058","0","0","0","4857392.19099, 3555866.24796",,
"1614","27","2","1059","0","1","0","4859804.18334, 3548561.9165",,
"1615","27","3","1060","0","1","0","4861454.70653, 3539454.38848",,
"1616","27","4","1061","1","1","0","4861468.96594, 3529468.32857","4881468.96594, 3509468.32857",31417.2914785743
"1617","27","5","1062","0","0","0","4861468.96594, 3519468.32857","4881468.96594, 3509468.32857",27256.7637363109
"1618","27","6","1063","1","1","0","4861468.96594, 3509468.32857","4881468.96594, 3509468.32857",18704.641553737
"1619","27","7","1064","1","1","0","4861468.96594, 3499468.32857","4881468.96594, 3509468.32857",26838.8637172513
"1620","27","8","1065","1","0","0","4861468.96594, 3489468.32857","4881468.96594, 3509468.32857",32841.4752469949
"1621","27","9","1066","0","0","0","4861468.96594, 3479468.32857","4881468.96594, 3509468.32857",43781.9640972141
"1622","27","10","1067","0","0","0","4861468.96594, 3469468.32857","4881468.96594, 3509468.32857",68412.7952755076
"1623","27","11","1068","1","1","0","4861468.96594, 3459468.32857","4881468.96594, 3509468.32857",75476.0606444876
"1624","27","12","1069","1","1","0","4861468.96594, 3449468.32857","4881468.96594, 3509468.32857",79623.7623196675
"1625","27","13","1070","0","1","0","4861468.96594, 3439468.32857","4881468.96594, 3509468.32857",102800.529596125
"1626","27","14","1071","0","1","0","4861468.96594, 3429468.32857","4881468.96594, 3509468.32857",109663.213223964
"1627","27","15","1072","0","1","0","4861468.96594, 3419468.32857","4881468.96594, 3509468.32857",117804.142222316
"1628","27","16","1073","0","1","0","4861468.96594, 3409468.32857","4881468.96594, 3509468.32857",128709.804607028
"1629","27","17","1074","0","1","0","4861468.96594, 3399468.32857","4881468.96594, 3509468.32857",136414.981395193
"1630","27","18","1075","1","1","0","4861468.96594, 3389468.32857","4881468.96594, 3509468.32857",148307.746877699
"1631","27","19","1076","1","1","0","4861468.96594, 3379468.32857","4881468.96594, 3509468.32857",145635.1379815
"1632","27","20","1077","1","1","1","4861468.96594, 3369468.32857","4881468.96594, 3509468.32857",171827.588018943
"1633","27","21","1078","1","1","1","4861468.96594, 3359468.32857","4881468.96594, 3509468.32857",174480.842926592
"1634","27","22","1079","1","1","0","4861468.96594, 3349468.32857","4881468.96594, 3509468.32857",184671.213840736
"1635","27","23","1080","1","1","0","4861468.96594, 3339468.32857","4881468.96594, 3509468.32857",192915.259662833
"1636","27","24","1081","0","1","0","4861468.96594, 3329468.32857","4881468.96594, 3509468.32857",221916.011300591
"1637","27","25","1082","0","1","0","4861468.96594, 3319468.32857","4881468.96594, 3509468.32857",225217.386680161
"1638","27","26","1083","1","1","0","4861468.96594, 3309468.32857","4881468.96594, 3509468.32857",232209.21894906
"1639","27","27","1084","0","0","0","4861468.96594, 3299468.32857","4881468.96594, 3509468.32857",240293.895582613
"1640","27","28","1085","0","0","0","4861468.96594, 3289468.32857","4881468.96594, 3509468.32857",245024.302966703
"1641","27","29","1086","0","0","0","4861468.96594, 3279468.32857","4881468.96594, 3509468.32857",311684.139197002
"1642","27","30","1087","1","1","0","4861468.96594, 3269468.32857","4881468.96594, 3509468.32857",311684.139197002
"1643","27","31","1088","1","0","0","4861468.96594, 3259468.32857","4881468.96594, 3509468.32857",311684.139197002
"1644","27","32","1089","0","0","0","4861468.96594, 3249468.32857","4881468.96594, 3509468.32857",311684.139197002
"1645","27","33","1090","0","0","0","4861468.96594, 3239468.32857","4881468.96594, 3509468.32857",346271.307740979
"1646","27","34","1091","1","0","0","4861468.96594, 3229468.32857","4881468.96594, 3509468.32857",346271.307740979
"1647","27","35","1092","1","1","0","4861468.96594, 3219468.32857","4881468.96594, 3509468.32857",354321.540185305
"1648","27","36","1093","1","1","0","4861468.96594, 3209468.32857","4881468.96594, 3509468.32857",366051.480657904
"1649","27","37","1094","1","1","0","4861468.96594, 3199468.32857","4881468.96594, 3509468.32857",374530.258322969
"1650","27","38","1095","1","1","0","4861468.96594, 3189468.32857","4881468.96594, 3509468.32857",384068.891450352
"1651","27","39","1096","1","1","0","4861468.96594, 3179468.32857","4881468.96594, 3509468.32857",391786.610446275
"1652","27","40","1097","0","0","0","4861468.96594, 3169468.32857","4881468.96594, 3509468.32857",405313.49446043
"1653","27","41","1098","1","1","0","4861468.96594, 3159468.32857","4881468.96594, 3509468.32857",443361.312320472
"1654","27","42","1099","0","0","0","4861468.96594, 3149468.32857","4881468.96594, 3509468.32857",441282.900461324
"1655","27","43","1100","1","1","0","4861468.96594, 3139468.32857","4881468.96594, 3509468.32857",446009.021008055
"1656","27","44","1101","1","0","0","4861468.96594, 3129468.32857","4881468.96594, 3509468.32857",446009.021008055
"1657","27","45","1102","0","1","0","4861468.96594, 3119468.32857","4881468.96594, 3509468.32857",487427.250339528
"1658","27","46","1103","0","1","0","4861468.96594, 3109468.32857","4881468.96594, 3509468.32857",495978.595392442
"1659","27","47","1104","1","1","0","4861468.96594, 3099468.32857","4881468.96594, 3509468.32857",513800.220406137
"1660","27","48","1105","1","1","0","4861468.96594, 3089468.32857","4881468.96594, 3509468.32857",548237.138482491
"1661","27","49","1106","0","1","0","4861468.96594, 3079468.32857","4881468.96594, 3509468.32857",553487.581946862
"1662","27","50","1107","0","0","0","4861468.96594, 3069468.32857","4881468.96594, 3509468.32857",556940.509486113
"1663","27","51","1108","0","0","0","4861652.08665, 3060788.47866","4881468.96594, 3509468.32857",568250.161839306
"1677","28","3","1109","0","0","0","4868461.71071, 3537485.6823",,
"1678","28","4","1110","1","1","0","4870958.31969, 3529053.8681","4881468.96594, 3509468.32857",21286.9954480443
"1679","28","5","1111","1","1","0","4871468.96594, 3519468.32857","4881468.96594, 3509468.32857",17760.9328254179
"1680","28","6","1112","1","1","0","4871468.96594, 3509468.32857","4881468.96594, 3509468.32857",13145.8619697187
"1681","28","7","1113","1","0","0","4871468.96594, 3499468.32857","4881468.96594, 3509468.32857",9203.29921541656
"1682","28","8","1114","0","0","0","4871468.96594, 3489468.32857","4881468.96594, 3509468.32857",17126.7277760433
"1683","28","9","1115","0","0","0","4871468.96594, 3479468.32857","4881468.96594, 3509468.32857",20954.6474800718
"1684","28","10","1116","0","0","0","4871468.96594, 3469468.32857","4881468.96594, 3509468.32857",61965.1954242414
"1685","28","11","1117","1","1","0","4871468.96594, 3459468.32857","4881468.96594, 3509468.32857",64648.8794280988
"1686","28","12","1118","0","0","0","4871468.96594, 3449468.32857","4881468.96594, 3509468.32857",73332.0514773209
"1687","28","13","1119","0","0","0","4871468.96594, 3439468.32857","4881468.96594, 3509468.32857",107834.611705174
"1688","28","14","1120","0","0","0","4871468.96594, 3429468.32857","4881468.96594, 3509468.32857",122510.102576
"1689","28","15","1121","0","1","0","4871468.96594, 3419468.32857","4881468.96594, 3509468.32857",119377.554422858
"1690","28","16","1122","0","1","0","4871468.96594, 3409468.32857","4881468.96594, 3509468.32857",119816.306818762
"1691","28","17","1123","1","1","0","4871468.96594, 3399468.32857","4881468.96594, 3509468.32857",123417.364273542
"1692","28","18","1124","1","1","1","4871468.96594, 3389468.32857","4881468.96594, 3509468.32857",130585.443377267
"1693","28","19","1125","1","1","1","4871468.96594, 3379468.32857","4881468.96594, 3509468.32857",176908.341230571
"1694","28","20","1126","1","1","1","4871468.96594, 3369468.32857","4881468.96594, 3509468.32857",180190.552963809
"1695","28","21","1127","1","1","1","4871468.96594, 3359468.32857","4881468.96594, 3509468.32857",181137.526035586
"1696","28","22","1128","0","0","0","4871468.96594, 3349468.32857","4881468.96594, 3509468.32857",187198.617064913
"1697","28","23","1129","1","1","0","4871468.96594, 3339468.32857","4881468.96594, 3509468.32857",197308.076028405
"1698","28","24","1130","1","1","0","4871468.96594, 3329468.32857","4881468.96594, 3509468.32857",211255.504534402
"1699","28","25","1131","1","1","0","4871468.96594, 3319468.32857","4881468.96594, 3509468.32857",218579.845037799
"1700","28","26","1132","1","0","0","4871468.96594, 3309468.32857","4881468.96594, 3509468.32857",225217.386680161
"1701","28","27","1133","0","0","0","4871468.96594, 3299468.32857","4881468.96594, 3509468.32857",240293.895582613
"1702","28","28","1134","0","0","0","4871468.96594, 3289468.32857","4881468.96594, 3509468.32857",319082.640462205
"1703","28","29","1135","0","0","0","4871468.96594, 3279468.32857","4881468.96594, 3509468.32857",319082.640462205
"1704","28","30","1136","1","1","0","4871468.96594, 3269468.32857","4881468.96594, 3509468.32857",321202.177862409
"1705","28","31","1137","1","0","0","4871468.96594, 3259468.32857","4881468.96594, 3509468.32857",321202.177862409
"1706","28","32","1138","0","0","0","4871468.96594, 3249468.32857","4881468.96594, 3509468.32857",322807.472319939
"1707","28","33","1139","0","0","0","4871468.96594, 3239468.32857","4881468.96594, 3509468.32857",346271.307740979
"1708","28","34","1140","0","0","0","4871468.96594, 3229468.32857","4881468.96594, 3509468.32857",392890.948375087
"1709","28","35","1141","1","0","0","4871468.96594, 3219468.32857","4881468.96594, 3509468.32857",392890.948375087
"1710","28","36","1142","1","1","0","4871468.96594, 3209468.32857","4881468.96594, 3509468.32857",387737.620030874
"1711","28","37","1143","1","0","0","4871468.96594, 3199468.32857","4881468.96594, 3509468.32857",383893.969767043
"1712","28","38","1144","0","0","0","4871468.96594, 3189468.32857","4881468.96594, 3509468.32857",388015.932073533
"1713","28","39","1145","1","1","0","4871468.96594, 3179468.32857","4881468.96594, 3509468.32857",399612.308266168
"1714","28","40","1146","1","1","0","4871468.96594, 3169468.32857","4881468.96594, 3509468.32857",406483.150442925
"1715","28","41","1147","1","0","0","4871468.96594, 3159468.32857","4881468.96594, 3509468.32857",417559.900434043
"1716","28","42","1148","1","0","0","4871468.96594, 3149468.32857","4881468.96594, 3509468.32857",423313.881814233
"1717","28","43","1149","1","1","0","4871468.96594, 3139468.32857","4881468.96594, 3509468.32857",455617.079410636
"1718","28","44","1150","1","1","0","4871468.96594, 3129468.32857","4881468.96594, 3509468.32857",457799.463196722
"1719","28","45","1151","0","0","0","4871468.96594, 3119468.32857","4881468.96594, 3509468.32857",495978.595392442
"1720","28","46","1152","0","1","0","4871468.96594, 3109468.32857","4881468.96594, 3509468.32857",501210.882035708
"1721","28","47","1153","1","1","0","4871468.96594, 3099468.32857","4881468.96594, 3509468.32857",509555.625622106
"1722","28","48","1154","1","1","0","4871468.96594, 3089468.32857","4881468.96594, 3509468.32857",526178.175055077
"1723","28","49","1155","1","1","0","4871468.96594, 3079468.32857","4881468.96594, 3509468.32857",543756.265566861
"1724","28","50","1156","0","0","0","4871468.96594, 3069468.32857","4881468.96594, 3509468.32857",556940.509486113
"1725","28","51","1157","1","0","0","4871574.68536, 3059570.00625","4881468.96594, 3509468.32857",582971.86910735
"1726","28","52","1158","1","1","0","4872876.55983, 3049777.8568","4881468.96594, 3509468.32857",580210.835570661
"1727","28","53","1159","1","0","0","4874171.60607, 3039960.76402","4881468.96594, 3509468.32857",640950.432587586
"1728","28","54","1160","0","0","0","4875396.94341, 3030672.09923","4881468.96594, 3509468.32857",595529.319290447
"1729","28","55","1161","0","0","0","4876299.87483, 3023827.4313","4881468.96594, 3509468.32857",597459.750803116
"1740","29","4","1162","0","0","0","4877329.8039, 3525771.78331","4881468.96594, 3509468.32857",18131.7677539158
"1741","29","5","1163","0","0","0","4879861.71389, 3518454.41721","4881468.96594, 3509468.32857",9759.96270843682
"1742","29","6","1164","1","1","1","4881468.96594, 3509468.32857",,
"1743","29","7","1165","1","1","0","4881468.96594, 3499468.32857","4881468.96594, 3509468.32857",10428.7276823842
"1744","29","8","1166","1","1","0","4881468.96594, 3489468.32857","4881468.96594, 3509468.32857",18965.1036520854
"1745","29","9","1167","1","0","0","4881468.96594, 3479468.32857","4881468.96594, 3509468.32857",24628.0752475817
"1746","29","10","1168","1","1","0","4881468.96594, 3469468.32857","4881468.96594, 3509468.32857",50843.5641905957
"1747","29","11","1169","1","1","0","4881468.96594, 3459468.32857","4881468.96594, 3509468.32857",57097.7646812729
"1748","29","12","1170","0","0","0","4881468.96594, 3449468.32857","4881468.96594, 3509468.32857",64951.5538544812
"1749","29","13","1171","0","0","0","4881468.96594, 3439468.32857","4881468.96594, 3509468.32857",69579.0757029894
"1750","29","14","1172","0","0","0","4881468.96594, 3429468.32857","4881468.96594, 3509468.32857",86682.5831296194
"1751","29","15","1173","0","1","0","4881468.96594, 3419468.32857","4881468.96594, 3509468.32857",112894.449117902
"1752","29","16","1174","0","1","0","4881468.96594, 3409468.32857","4881468.96594, 3509468.32857",108175.989953717
"1753","29","17","1175","1","1","1","4881468.96594, 3399468.32857","4881468.96594, 3509468.32857",117625.460383889
"1754","29","18","1176","1","0","1","4881468.96594, 3389468.32857","4881468.96594, 3509468.32857",125546.146165444
"1755","29","19","1177","0","1","0","4881468.96594, 3379468.32857","4881468.96594, 3509468.32857",167742.941092945
"1756","29","20","1178","0","0","0","4881468.96594, 3369468.32857","4881468.96594, 3509468.32857",172624.884348722
"1757","29","21","1179","1","1","1","4881468.96594, 3359468.32857","4881468.96594, 3509468.32857",190314.427513528
"1758","29","22","1180","0","1","0","4881468.96594, 3349468.32857","4881468.96594, 3509468.32857",196050.229226445
"1759","29","23","1181","1","1","0","4881468.96594, 3339468.32857","4881468.96594, 3509468.32857",208006.069718631
"1760","29","24","1182","1","1","0","4881468.96594, 3329468.32857","4881468.96594, 3509468.32857",216428.094045024
"1761","29","25","1183","1","1","0","4881468.96594, 3319468.32857","4881468.96594, 3509468.32857",222096.389667179
"1762","29","26","1184","1","0","0","4881468.96594, 3309468.32857","4881468.96594, 3509468.32857",231144.021034132
"1763","29","27","1185","1","0","0","4881468.96594, 3299468.32857","4881468.96594, 3509468.32857",243119.521071897
"1764","29","28","1186","1","0","0","4881468.96594, 3289468.32857","4881468.96594, 3509468.32857",320975.11893734
"1765","29","29","1187","1","0","0","4881468.96594, 3279468.32857","4881468.96594, 3509468.32857",328958.535379395
"1766","29","30","1188","1","1","0","4881468.96594, 3269468.32857","4881468.96594, 3509468.32857",327045.956880478
"1767","29","31","1189","1","0","0","4881468.96594, 3259468.32857","4881468.96594, 3509468.32857",325166.233519557
"1768","29","32","1190","1","0","0","4881468.96594, 3249468.32857","4881468.96594, 3509468.32857",325166.233519557
"1769","29","33","1191","1","0","0","4881468.96594, 3239468.32857","4881468.96594, 3509468.32857",404845.265302242
"1770","29","34","1192","1","0","0","4881468.96594, 3229468.32857","4881468.96594, 3509468.32857",404845.265302242
"1771","29","35","1193","1","0","0","4881468.96594, 3219468.32857","4881468.96594, 3509468.32857",399337.356804518
"1772","29","36","1194","1","1","0","4881468.96594, 3209468.32857","4881468.96594, 3509468.32857",397057.536336878
"1773","29","37","1195","0","0","0","4881468.96594, 3199468.32857","4881468.96594, 3509468.32857",395046.506773937
"1774","29","38","1196","0","0","0","4881468.96594, 3189468.32857","4881468.96594, 3509468.32857",398090.380253759
"1775","29","39","1197","0","0","0","4881468.96594, 3179468.32857","4881468.96594, 3509468.32857",406483.150442925
"1776","29","40","1198","1","1","0","4881468.96594, 3169468.32857","4881468.96594, 3509468.32857",410290.95141208
"1777","29","41","1199","1","1","0","4881468.96594, 3159468.32857","4881468.96594, 3509468.32857",421014.519324937
"1778","29","42","1200","1","1","0","4881468.96594, 3149468.32857","4881468.96594, 3509468.32857",429474.232486782
"1779","29","43","1201","0","0","0","4881468.96594, 3139468.32857","4881468.96594, 3509468.32857",466554.606640402
"1780","29","44","1202","1","1","0","4881468.96594, 3129468.32857","4881468.96594, 3509468.32857",466554.606640402
"1781","29","45","1203","0","0","0","4881468.96594, 3119468.32857","4881468.96594, 3509468.32857",466554.606640402
"1782","29","46","1204","0","0","0","4881468.96594, 3109468.32857","4881468.96594, 3509468.32857",509555.625622106
"1783","29","47","1205","1","1","0","4881468.96594, 3099468.32857","4881468.96594, 3509468.32857",514664.800442622
"1784","29","48","1206","1","1","0","4881468.96594, 3089468.32857","4881468.96594, 3509468.32857",536200.495930671
"1785","29","49","1207","1","1","0","4881468.96594, 3079468.32857","4881468.96594, 3509468.32857",548035.667864705
"1786","29","50","1208","1","0","0","4881468.96594, 3069468.32857","4881468.96594, 3509468.32857",554884.204781734
"1787","29","51","1209","1","1","0","4881468.96594, 3059468.32857","4881468.96594, 3509468.32857",589880.763378456
"1788","29","52","1210","0","1","0","4881468.96594, 3049468.32857","4881468.96594, 3509468.32857",587503.958825196
"1789","29","53","1211","1","1","0","4881468.96594, 3039468.32857","4881468.96594, 3509468.32857",638866.912487152
"1790","29","54","1212","0","0","0","4881468.96594, 3029468.32857","4881468.96594, 3509468.32857",634772.010163706
"1791","29","55","1213","1","1","0","4881736.53439, 3020489.48415","4881468.96594, 3509468.32857",605496.696808878
"1803","30","5","1214","0","0","0","4892032.69586, 3515454.62388","4881468.96594, 3509468.32857",3325.00849994133
"1804","30","6","1215","0","0","1","4891468.96594, 3509468.32857","4881468.96594, 3509468.32857",3325.00849994133
"1805","30","7","1216","1","0","1","4891468.96594, 3499468.32857","4881468.96594, 3509468.32857",8661.55404078509
"1806","30","8","1217","1","1","0","4891468.96594, 3489468.32857","4881468.96594, 3509468.32857",24628.0752475817
"1807","30","9","1218","1","1","1","4891468.96594, 3479468.32857","4881468.96594, 3509468.32857",34451.82153326
"1808","30","10","1219","1","1","0","4891468.96594, 3469468.32857","4881468.96594, 3509468.32857",43926.1075394116
"1809","30","11","1220","1","1","0","4891468.96594, 3459468.32857","4881468.96594, 3509468.32857",56128.9083652316
"1810","30","12","1221","1","1","0","4891468.96594, 3449468.32857","4881468.96594, 3509468.32857",64951.5538544812
"1811","30","13","1222","1","1","0","4891468.96594, 3439468.32857","4881468.96594, 3509468.32857",76600.1434186846
"1812","30","14","1223","1","1","0","4891468.96594, 3429468.32857","4881468.96594, 3509468.32857",86682.5831296194
"1813","30","15","1224","1","1","0","4891468.96594, 3419468.32857","4881468.96594, 3509468.32857",96074.3313524934
"1814","30","16","1225","1","0","1","4891468.96594, 3409468.32857","4881468.96594, 3509468.32857",101465.656009111
"1815","30","17","1226","1","0","1","4891468.96594, 3399468.32857","4881468.96594, 3509468.32857",132390.753613746
"1816","30","18","1227","1","1","0","4891468.96594, 3389468.32857","4881468.96594, 3509468.32857",146919.026405229
"1817","30","19","1228","1","1","0","4891468.96594, 3379468.32857","4881468.96594, 3509468.32857",157997.392083033
"1818","30","20","1229","1","1","0","4891468.96594, 3369468.32857","4881468.96594, 3509468.32857",165553.101356853
"1819","30","21","1230","1","1","1","4891468.96594, 3359468.32857","4881468.96594, 3509468.32857",190692.51273342
"1820","30","22","1231","1","1","0","4891468.96594, 3349468.32857","4881468.96594, 3509468.32857",190908.54238821
"1821","30","23","1232","1","1","0","4891468.96594, 3339468.32857","4881468.96594, 3509468.32857",198970.260977459
"1822","30","24","1233","0","0","0","4891468.96594, 3329468.32857","4881468.96594, 3509468.32857",224141.598545093
"1823","30","25","1234","1","1","0","4891468.96594, 3319468.32857","4881468.96594, 3509468.32857",231144.021034132
"1824","30","26","1235","1","1","0","4891468.96594, 3309468.32857","4881468.96594, 3509468.32857",238823.108140841
"1825","30","27","1236","0","0","0","4891468.96594, 3299468.32857","4881468.96594, 3509468.32857",245848.390459104
"1826","30","28","1237","0","0","0","4891468.96594, 3289468.32857","4881468.96594, 3509468.32857",255199.180722743
"1827","30","29","1238","0","0","0","4891468.96594, 3279468.32857","4881468.96594, 3509468.32857",309990.355622296
"1828","30","30","1239","0","1","0","4891468.96594, 3269468.32857","4881468.96594, 3509468.32857",317201.632393892
"1829","30","31","1240","1","0","0","4891468.96594, 3259468.32857","4881468.96594, 3509468.32857",317201.632393892
"1830","30","32","1241","1","0","0","4891468.96594, 3249468.32857","4881468.96594, 3509468.32857",317201.632393892
"1831","30","33","1242","0","0","0","4891468.96594, 3239468.32857","4881468.96594, 3509468.32857",409004.366061397
"1832","30","34","1243","0","0","0","4891468.96594, 3229468.32857","4881468.96594, 3509468.32857",409004.366061397
"1833","30","35","1244","0","0","0","4891468.96594, 3219468.32857","4881468.96594, 3509468.32857",409004.366061397
"1834","30","36","1245","1","1","0","4891468.96594, 3209468.32857","4881468.96594, 3509468.32857",409004.366061397
"1835","30","37","1246","0","0","0","4891468.96594, 3199468.32857","4881468.96594, 3509468.32857",412492.739464204
"1836","30","38","1247","0","0","0","4891468.96594, 3189468.32857","4881468.96594, 3509468.32857",398090.380253759
"1837","30","39","1248","0","0","0","4891468.96594, 3179468.32857","4881468.96594, 3509468.32857",429488.639694397
"1838","30","40","1249","1","0","0","4891468.96594, 3169468.32857","4881468.96594, 3509468.32857",429488.639694397
"1839","30","41","1250","1","1","0","4891468.96594, 3159468.32857","4881468.96594, 3509468.32857",431467.589089215
"1840","30","42","1251","1","1","0","4891468.96594, 3149468.32857","4881468.96594, 3509468.32857",438279.634505696
"1841","30","43","1252","1","1","0","4891468.96594, 3139468.32857","4881468.96594, 3509468.32857",446202.336866121
"1842","30","44","1253","1","1","0","4891468.96594, 3129468.32857","4881468.96594, 3509468.32857",460621.894162719
"1843","30","45","1254","1","0","0","4891468.96594, 3119468.32857","4881468.96594, 3509468.32857",460255.320281961
"1844","30","46","1255","1","0","0","4891468.96594, 3109468.32857","4881468.96594, 3509468.32857",547581.593635141
"1845","30","47","1256","1","0","0","4891468.96594, 3099468.32857","4881468.96594, 3509468.32857",547581.593635141
"1846","30","48","1257","1","1","0","4891468.96594, 3089468.32857","4881468.96594, 3509468.32857",545166.36581576
"1847","30","49","1258","1","1","0","4891468.96594, 3079468.32857","4881468.96594, 3509468.32857",549833.333851331
"1848","30","50","1259","1","1","0","4891468.96594, 3069468.32857","4881468.96594, 3509468.32857",560844.100635402
"1849","30","51","1260","1","1","0","4891468.96594, 3059468.32857","4881468.96594, 3509468.32857",585619.590325955
"1850","30","52","1261","1","0","0","4891468.96594, 3049468.32857","4881468.96594, 3509468.32857",585619.590325955
"1851","30","53","1262","1","1","0","4891468.96594, 3039468.32857","4881468.96594, 3509468.32857",626919.371228097
"1852","30","54","1263","0","1","0","4891468.96594, 3029468.32857","4881468.96594, 3509468.32857",622011.657348236
"1853","30","55","1264","1","0","0","4891407.57493, 3020611.59377","4881468.96594, 3509468.32857",622011.657348236
"1865","31","5","1265","0","0","0","4901805.22483, 3516082.70024","4881468.96594, 3509468.32857",3325.00849994133
"1866","31","6","1266","0","0","1","4901468.96594, 3509468.32857","4881468.96594, 3509468.32857",3325.00849994133
"1867","31","7","1267","1","0","1","4901468.96594, 3499468.32857","4881468.96594, 3509468.32857",8661.55404078509
"1868","31","8","1268","0","0","1","4901468.96594, 3489468.32857","4881468.96594, 3509468.32857",42826.6647898587
"1869","31","9","1269","1","1","1","4901468.96594, 3479468.32857","4881468.96594, 3509468.32857",45142.9430973241
"1870","31","10","1270","1","0","1","4901468.96594, 3469468.32857","4881468.96594, 3509468.32857",43926.1075394116
"1871","31","11","1271","1","0","1","4901468.96594, 3459468.32857","4881468.96594, 3509468.32857",52587.6459058553
"1872","31","12","1272","1","0","1","4901468.96594, 3449468.32857","4881468.96594, 3509468.32857",82196.7639656565
"1873","31","13","1273","1","1","1","4901468.96594, 3439468.32857","4881468.96594, 3509468.32857",83473.5258897682
"1874","31","14","1274","1","1","1","4901468.96594, 3429468.32857","4881468.96594, 3509468.32857",93720.5212773933
"1875","31","15","1275","1","0","1","4901468.96594, 3419468.32857","4881468.96594, 3509468.32857",116207.913664672
"1876","31","16","1276","1","1","1","4901468.96594, 3409468.32857","4881468.96594, 3509468.32857",123198.917843016
"1877","31","17","1277","1","1","0","4901468.96594, 3399468.32857","4881468.96594, 3509468.32857",134519.770370059
"1878","31","18","1278","1","1","0","4901468.96594, 3389468.32857","4881468.96594, 3509468.32857",142962.558712358
"1879","31","19","1279","1","0","0","4901468.96594, 3379468.32857","4881468.96594, 3509468.32857",154131.321054347
"1880","31","20","1280","1","1","0","4901468.96594, 3369468.32857","4881468.96594, 3509468.32857",186343.347519569
"1881","31","21","1281","1","1","1","4901468.96594, 3359468.32857","4881468.96594, 3509468.32857",178944.522138177
"1882","31","22","1282","1","1","1","4901468.96594, 3349468.32857","4881468.96594, 3509468.32857",188980.006162615
"1883","31","23","1283","0","1","0","4901468.96594, 3339468.32857","4881468.96594, 3509468.32857",199834.145139128
"1884","31","24","1284","0","0","0","4901468.96594, 3329468.32857","4881468.96594, 3509468.32857",202865.432277857
"1885","31","25","1285","0","0","0","4901468.96594, 3319468.32857","4881468.96594, 3509468.32857",236669.625141077
"1886","31","26","1286","1","1","0","4901468.96594, 3309468.32857","4881468.96594, 3509468.32857",243119.521071897
"1887","31","27","1287","0","1","0","4901468.96594, 3299468.32857","4881468.96594, 3509468.32857",251001.740975819
"1888","31","28","1288","0","1","0","4901468.96594, 3289468.32857","4881468.96594, 3509468.32857",260564.495984059
"1889","31","29","1289","0","0","0","4901468.96594, 3279468.32857","4881468.96594, 3509468.32857",305766.485391778
"1890","31","30","1290","0","1","0","4901468.96594, 3269468.32857","4881468.96594, 3509468.32857",305766.485391778
"1891","31","31","1291","1","0","0","4901468.96594, 3259468.32857","4881468.96594, 3509468.32857",305766.485391778
"1892","31","32","1292","1","0","0","4901468.96594, 3249468.32857","4881468.96594, 3509468.32857",296568.999608508
"1893","31","33","1293","1","0","0","4901468.96594, 3239468.32857","4881468.96594, 3509468.32857",412492.739464204
"1894","31","34","1294","0","0","0","4901468.96594, 3229468.32857","4881468.96594, 3509468.32857",416969.360982596
"1895","31","35","1295","0","0","0","4901468.96594, 3219468.32857","4881468.96594, 3509468.32857",416969.360982596
"1896","31","36","1296","1","1","0","4901468.96594, 3209468.32857","4881468.96594, 3509468.32857",419261.255917001
"1897","31","37","1297","0","0","0","4901468.96594, 3199468.32857","4881468.96594, 3509468.32857",426787.7186645
"1898","31","38","1298","0","0","0","4901468.96594, 3189468.32857","4881468.96594, 3509468.32857",426787.7186645
"1899","31","39","1299","0","0","0","4901468.96594, 3179468.32857","4881468.96594, 3509468.32857",441313.425004152
"1900","31","40","1300","1","0","0","4901468.96594, 3169468.32857","4881468.96594, 3509468.32857",441313.425004152
"1901","31","41","1301","1","1","0","4901468.96594, 3159468.32857","4881468.96594, 3509468.32857",441313.425004152
"1902","31","42","1302","0","0","0","4901468.96594, 3149468.32857","4881468.96594, 3509468.32857",440437.576478623
"1903","31","43","1303","0","0","0","4901468.96594, 3139468.32857","4881468.96594, 3509468.32857",448074.890274443
"1904","31","44","1304","1","1","0","4901468.96594, 3129468.32857","4881468.96594, 3509468.32857",465703.24535776
"1905","31","45","1305","1","0","0","4901468.96594, 3119468.32857","4881468.96594, 3509468.32857",472077.292690145
"1906","31","46","1306","0","0","0","4901468.96594, 3109468.32857","4881468.96594, 3509468.32857",542038.573008877
"1907","31","47","1307","1","1","0","4901468.96594, 3099468.32857","4881468.96594, 3509468.32857",542038.573008877
"1908","31","48","1308","1","1","0","4901468.96594, 3089468.32857","4881468.96594, 3509468.32857",542589.359037382
"1909","31","49","1309","1","1","0","4901468.96594, 3079468.32857","4881468.96594, 3509468.32857",554085.795463859
"1910","31","50","1310","1","1","0","4901468.96594, 3069468.32857","4881468.96594, 3509468.32857",567400.107488106
"1911","31","51","1311","1","1","0","4901468.96594, 3059468.32857","4881468.96594, 3509468.32857",576627.622512042
"1912","31","52","1312","1","0","0","4901468.96594, 3049468.32857","4881468.96594, 3509468.32857",578108.411116622
"1913","31","53","1313","1","0","0","4901468.96594, 3039468.32857","4881468.96594, 3509468.32857",617010.635108447
"1914","31","54","1314","1","1","0","4901468.96594, 3029468.32857","4881468.96594, 3509468.32857",611558.261168519
"1915","31","55","1315","1","1","0","4901402.69263, 3020895.44931","4881468.96594, 3509468.32857",635620.062008409
"1927","32","5","1316","0","0","0","4911708.55008, 3516719.18282","4881468.96594, 3509468.32857",3325.00849994133
"1928","32","6","1317","0","0","0","4911468.96594, 3509468.32857","4881468.96594, 3509468.32857",3325.00849994133
"1929","32","7","1318","1","0","0","4911468.96594, 3499468.32857","4881468.96594, 3509468.32857",49144.7674002818
"1930","32","8","1319","1","0","0","4911468.96594, 3489468.32857","4881468.96594, 3509468.32857",52446.2710149014
"1931","32","9","1320","1","1","0","4911468.96594, 3479468.32857","4881468.96594, 3509468.32857",52446.2710149014
"1932","32","10","1321","1","1","0","4911468.96594, 3469468.32857","4881468.96594, 3509468.32857",61277.9569775795
"1933","32","11","1322","1","1","0","4911468.96594, 3459468.32857","4881468.96594, 3509468.32857",71674.6238063213
"1934","32","12","1323","1","1","0","4911468.96594, 3449468.32857","4881468.96594, 3509468.32857",82196.7639656565
"1935","32","13","1324","1","1","0","4911468.96594, 3439468.32857","4881468.96594, 3509468.32857",94411.6521590128
"1936","32","14","1325","1","1","0","4911468.96594, 3429468.32857","4881468.96594, 3509468.32857",97539.7514923412
"1937","32","15","1326","1","1","0","4911468.96594, 3419468.32857","4881468.96594, 3509468.32857",109394.412643956
"1938","32","16","1327","1","1","0","4911468.96594, 3409468.32857","4881468.96594, 3509468.32857",128169.393111903
"1939","32","17","1328","0","0","0","4911468.96594, 3399468.32857","4881468.96594, 3509468.32857",131503.03459292
"1940","32","18","1329","0","0","0","4911468.96594, 3389468.32857","4881468.96594, 3509468.32857",160862.9131427
"1941","32","19","1330","1","1","0","4911468.96594, 3379468.32857","4881468.96594, 3509468.32857",172356.221909039
"1942","32","20","1331","1","1","0","4911468.96594, 3369468.32857","4881468.96594, 3509468.32857",179170.588760151
"1943","32","21","1332","1","1","0","4911468.96594, 3359468.32857","4881468.96594, 3509468.32857",192615.979292847
"1944","32","22","1333","1","1","1","4911468.96594, 3349468.32857","4881468.96594, 3509468.32857",196247.431786314
"1945","32","23","1334","1","1","1","4911468.96594, 3339468.32857","4881468.96594, 3509468.32857",206108.089017814
"1946","32","24","1335","1","0","0","4911468.96594, 3329468.32857","4881468.96594, 3509468.32857",208178.046695994
"1947","32","25","1336","0","0","0","4911468.96594, 3319468.32857","4881468.96594, 3509468.32857",224368.91033563
"1948","32","26","1337","1","0","0","4911468.96594, 3309468.32857","4881468.96594, 3509468.32857",245848.390459104
"1949","32","27","1338","0","0","0","4911468.96594, 3299468.32857","4881468.96594, 3509468.32857",255199.180722743
"1950","32","28","1339","0","1","0","4911468.96594, 3289468.32857","4881468.96594, 3509468.32857",265927.710491034
"1951","32","29","1340","0","1","0","4911468.96594, 3279468.32857","4881468.96594, 3509468.32857",272782.807779885
"1952","32","30","1341","1","1","0","4911468.96594, 3269468.32857","4881468.96594, 3509468.32857",294420.848913946
"1953","32","31","1342","1","0","0","4911468.96594, 3259468.32857","4881468.96594, 3509468.32857",294420.848913946
"1954","32","32","1343","0","0","0","4911468.96594, 3249468.32857","4881468.96594, 3509468.32857",302797.334028593
"1955","32","33","1344","1","0","0","4911468.96594, 3239468.32857","4881468.96594, 3509468.32857",310203.023356991
"1956","32","34","1345","1","0","0","4911468.96594, 3229468.32857","4881468.96594, 3509468.32857",419261.255917001
"1957","32","35","1346","1","0","0","4911468.96594, 3219468.32857","4881468.96594, 3509468.32857",422209.345023798
"1958","32","36","1347","1","1","0","4911468.96594, 3209468.32857","4881468.96594, 3509468.32857",427901.459518706
"1959","32","37","1348","1","1","0","4911468.96594, 3199468.32857","4881468.96594, 3509468.32857",423807.079634844
"1960","32","38","1349","0","0","0","4911468.96594, 3189468.32857","4881468.96594, 3509468.32857",418325.630110063
"1961","32","39","1350","1","0","0","4911468.96594, 3179468.32857","4881468.96594, 3509468.32857",447578.494103481
"1962","32","40","1351","1","0","0","4911468.96594, 3169468.32857","4881468.96594, 3509468.32857",450401.199619536
"1963","32","41","1352","1","1","0","4911468.96594, 3159468.32857","4881468.96594, 3509468.32857",452064.116988775
"1964","32","42","1353","1","0","0","4911468.96594, 3149468.32857","4881468.96594, 3509468.32857",473780.10634172
"1965","32","43","1354","1","0","0","4911468.96594, 3139468.32857","4881468.96594, 3509468.32857",478762.545842763
"1966","32","44","1355","1","1","0","4911468.96594, 3129468.32857","4881468.96594, 3509468.32857",472077.292690145
"1967","32","45","1356","1","1","0","4911468.96594, 3119468.32857","4881468.96594, 3509468.32857",478510.9639731
"1968","32","46","1357","0","0","0","4911468.96594, 3109468.32857","4881468.96594, 3509468.32857",482799.28222834
"1969","32","47","1358","1","1","0","4911468.96594, 3099468.32857","4881468.96594, 3509468.32857",531319.806256164
"1970","32","48","1359","0","1","0","4911468.96594, 3089468.32857","4881468.96594, 3509468.32857",535815.277855188
"1971","32","49","1360","1","1","0","4911468.96594, 3079468.32857","4881468.96594, 3509468.32857",555444.832302568
"1972","32","50","1361","1","0","0","4911468.96594, 3069468.32857","4881468.96594, 3509468.32857",552536.186545637
"1973","32","51","1362","1","1","0","4911468.96594, 3059468.32857","4881468.96594, 3509468.32857",566444.169013442
"1974","32","52","1363","0","1","0","4911468.96594, 3049468.32857","4881468.96594, 3509468.32857",581023.679515658
"1975","32","53","1364","0","1","0","4911468.96594, 3039468.32857","4881468.96594, 3509468.32857",592002.580097535
"1976","32","54","1365","1","1","0","4911468.96594, 3029468.32857","4881468.96594, 3509468.32857",604521.696417903
"1977","32","55","1366","1","1","0","4911396.96667, 3021179.28089","4881468.96594, 3509468.32857",614432.342325725
"1989","33","5","1367","0","0","0","4921655.05057, 3517358.44026","4881468.96594, 3509468.32857",82778.038053239
"1990","33","6","1368","0","0","0","4921468.96594, 3509468.32857","4881468.96594, 3509468.32857",82778.038053239
"1991","33","7","1369","0","0","0","4921468.96594, 3499468.32857","4881468.96594, 3509468.32857",82778.038053239
"1992","33","8","1370","1","0","0","4921468.96594, 3489468.32857","4881468.96594, 3509468.32857",78872.396648406
"1993","33","9","1371","1","1","0","4921468.96594, 3479468.32857","4881468.96594, 3509468.32857",67288.0089391964
"1994","33","10","1372","1","1","0","4921468.96594, 3469468.32857","4881468.96594, 3509468.32857",67446.6772439829
"1995","33","11","1373","0","1","0","4921468.96594, 3459468.32857","4881468.96594, 3509468.32857",74816.4198700432
"1996","33","12","1374","0","1","0","4921468.96594, 3449468.32857","4881468.96594, 3509468.32857",84818.764128319
"1997","33","13","1375","0","1","0","4921468.96594, 3439468.32857","4881468.96594, 3509468.32857",95082.8915854614
"1998","33","14","1376","0","0","0","4921468.96594, 3429468.32857","4881468.96594, 3509468.32857",105153.170353042
"1999","33","15","1377","1","0","0","4921468.96594, 3419468.32857","4881468.96594, 3509468.32857",106763.401073939
"2000","33","16","1378","0","1","0","4921468.96594, 3409468.32857","4881468.96594, 3509468.32857",137924.09112233
"2001","33","17","1379","0","1","0","4921468.96594, 3399468.32857","4881468.96594, 3509468.32857",149437.870194987
"2002","33","18","1380","0","1","0","4921468.96594, 3389468.32857","4881468.96594, 3509468.32857",159005.16519478
"2003","33","19","1381","1","1","0","4921468.96594, 3379468.32857","4881468.96594, 3509468.32857",166969.955328066
"2004","33","20","1382","0","0","0","4921468.96594, 3369468.32857","4881468.96594, 3509468.32857",175774.908100556
"2005","33","21","1383","0","0","0","4921468.96594, 3359468.32857","4881468.96594, 3509468.32857",200950.180784323
"2006","33","22","1384","1","1","0","4921468.96594, 3349468.32857","4881468.96594, 3509468.32857",204873.892929469
"2007","33","23","1385","0","1","1","4921468.96594, 3339468.32857","4881468.96594, 3509468.32857",214023.588520555
"2008","33","24","1386","1","1","1","4921468.96594, 3329468.32857","4881468.96594, 3509468.32857",220631.702074162
"2009","33","25","1387","1","1","0","4921468.96594, 3319468.32857","4881468.96594, 3509468.32857",226250.348836536
"2010","33","26","1388","1","0","0","4921468.96594, 3309468.32857","4881468.96594, 3509468.32857",244070.998363159
"2011","33","27","1389","0","0","0","4921468.96594, 3299468.32857","4881468.96594, 3509468.32857",251768.238010158
"2012","33","28","1390","0","0","0","4921468.96594, 3289468.32857","4881468.96594, 3509468.32857",272782.807779885
"2013","33","29","1391","1","1","0","4921468.96594, 3279468.32857","4881468.96594, 3509468.32857",278599.358247299
"2014","33","30","1392","1","1","0","4921468.96594, 3269468.32857","4881468.96594, 3509468.32857",288649.674759558
"2015","33","31","1393","1","1","0","4921468.96594, 3259468.32857","4881468.96594, 3509468.32857",298030.992696346
"2016","33","32","1394","1","0","0","4921468.96594, 3249468.32857","4881468.96594, 3509468.32857",305278.946317978
"2017","33","33","1395","1","0","0","4921468.96594, 3239468.32857","4881468.96594, 3509468.32857",323165.571134012
"2018","33","34","1396","0","0","0","4921468.96594, 3229468.32857","4881468.96594, 3509468.32857",327053.868284199
"2019","33","35","1397","0","0","0","4921468.96594, 3219468.32857","4881468.96594, 3509468.32857",410061.659949549
"2020","33","36","1398","1","0","0","4921468.96594, 3209468.32857","4881468.96594, 3509468.32857",412270.999606004
"2021","33","37","1399","1","1","0","4921468.96594, 3199468.32857","4881468.96594, 3509468.32857",415883.601123771
"2022","33","38","1400","1","0","0","4921468.96594, 3189468.32857","4881468.96594, 3509468.32857",415883.601123771
"2023","33","39","1401","1","0","0","4921468.96594, 3179468.32857","4881468.96594, 3509468.32857",457605.798137794
"2024","33","40","1402","1","0","0","4921468.96594, 3169468.32857","4881468.96594, 3509468.32857",457605.798137794
"2025","33","41","1403","1","1","0","4921468.96594, 3159468.32857","4881468.96594, 3509468.32857",460132.924774941
"2026","33","42","1404","1","1","0","4921468.96594, 3149468.32857","4881468.96594, 3509468.32857",470506.783654555
"2027","33","43","1405","1","1","0","4921468.96594, 3139468.32857","4881468.96594, 3509468.32857",478762.545842763
"2028","33","44","1406","0","0","0","4921468.96594, 3129468.32857","4881468.96594, 3509468.32857",486836.60797775
"2029","33","45","1407","1","1","0","4921468.96594, 3119468.32857","4881468.96594, 3509468.32857",487539.129787898
"2030","33","46","1408","1","1","0","4921468.96594, 3109468.32857","4881468.96594, 3509468.32857",491601.997691315
"2031","33","47","1409","1","1","0","4921468.96594, 3099468.32857","4881468.96594, 3509468.32857",522634.052329766
"2032","33","48","1410","0","1","0","4921468.96594, 3089468.32857","4881468.96594, 3509468.32857",537369.284556316
"2033","33","49","1411","1","1","0","4921468.96594, 3079468.32857","4881468.96594, 3509468.32857",535546.622923231
"2034","33","50","1412","1","1","0","4921468.96594, 3069468.32857","4881468.96594, 3509468.32857",546432.133187358
"2035","33","51","1413","1","1","0","4921468.96594, 3059468.32857","4881468.96594, 3509468.32857",556964.957939294
"2036","33","52","1414","0","1","0","4921468.96594, 3049468.32857","4881468.96594, 3509468.32857",566228.147501069
"2037","33","53","1415","0","1","0","4921468.96594, 3039468.32857","4881468.96594, 3509468.32857",601021.857876076
"2038","33","54","1416","0","1","0","4921468.96594, 3029468.32857","4881468.96594, 3509468.32857",604597.838159938
"2039","33","55","1417","1","1","0","4921390.15771, 3021463.08171","4881468.96594, 3509468.32857",613814.581726097
"2051","34","5","1418","0","0","0","4931621.08267, 3517998.95298","4881468.96594, 3509468.32857",251929.759318624
"2052","34","6","1419","0","0","0","4931468.96594, 3509468.32857","4881468.96594, 3509468.32857",85689.814516153
"2053","34","7","1420","0","0","0","4931468.96594, 3499468.32857","4881468.96594, 3509468.32857",85689.814516153
"2054","34","8","1421","1","1","0","4931468.96594, 3489468.32857","4881468.96594, 3509468.32857",82778.038053239
"2055","34","9","1422","0","1","0","4931468.96594, 3479468.32857","4881468.96594, 3509468.32857",75968.4279509597
"2056","34","10","1423","0","0","0","4931468.96594, 3469468.32857","4881468.96594, 3509468.32857",70415.0918760257
"2057","34","11","1424","0","0","0","4931468.96594, 3459468.32857","4881468.96594, 3509468.32857",80799.0866578466
"2058","34","12","1425","0","0","0","4931468.96594, 3449468.32857","4881468.96594, 3509468.32857",91759.1431565139
"2059","34","13","1426","0","1","0","4931468.96594, 3439468.32857","4881468.96594, 3509468.32857",100383.742410983
"2060","34","14","1427","1","0","0","4931468.96594, 3429468.32857","4881468.96594, 3509468.32857",104139.932918383
"2061","34","15","1428","1","0","0","4931468.96594, 3419468.32857","4881468.96594, 3509468.32857",147346.004908981
"2062","34","16","1429","0","1","0","4931468.96594, 3409468.32857","4881468.96594, 3509468.32857",152077.48787333
"2063","34","17","1430","0","1","0","4931468.96594, 3399468.32857","4881468.96594, 3509468.32857",153680.861602482
"2064","34","18","1431","1","0","0","4931468.96594, 3389468.32857","4881468.96594, 3509468.32857",158419.306857732
"2065","34","19","1432","1","0","0","4931468.96594, 3379468.32857","4881468.96594, 3509468.32857",165149.456264254
"2066","34","20","1433","0","0","0","4931468.96594, 3369468.32857","4881468.96594, 3509468.32857",186028.208216756
"2067","34","21","1434","0","0","0","4931468.96594, 3359468.32857","4881468.96594, 3509468.32857",211034.022046224
"2068","34","22","1435","1","1","0","4931468.96594, 3349468.32857","4881468.96594, 3509468.32857",214361.169481962
"2069","34","23","1436","1","1","0","4931468.96594, 3339468.32857","4881468.96594, 3509468.32857",220065.286043566
"2070","34","24","1437","1","0","1","4931468.96594, 3329468.32857","4881468.96594, 3509468.32857",231164.591070399
"2071","34","25","1438","1","1","1","4931468.96594, 3319468.32857","4881468.96594, 3509468.32857",236755.637226304
"2072","34","26","1439","1","1","0","4931468.96594, 3309468.32857","4881468.96594, 3509468.32857",247305.222302392
"2073","34","27","1440","0","1","0","4931468.96594, 3299468.32857","4881468.96594, 3509468.32857",253875.78248834
"2074","34","28","1441","0","0","0","4931468.96594, 3289468.32857","4881468.96594, 3509468.32857",261848.591973313
"2075","34","29","1442","1","0","0","4931468.96594, 3279468.32857","4881468.96594, 3509468.32857",298369.265807622
"2076","34","30","1443","0","1","0","4931468.96594, 3269468.32857","4881468.96594, 3509468.32857",298369.265807622
"2077","34","31","1444","0","1","0","4931468.96594, 3259468.32857","4881468.96594, 3509468.32857",300777.461252203
"2078","34","32","1445","1","1","0","4931468.96594, 3249468.32857","4881468.96594, 3509468.32857",310203.023356991
"2079","34","33","1446","1","1","0","4931468.96594, 3239468.32857","4881468.96594, 3509468.32857",323165.571134012
"2080","34","34","1447","0","1","0","4931468.96594, 3229468.32857","4881468.96594, 3509468.32857",327053.868284199
"2081","34","35","1448","0","0","0","4931468.96594, 3219468.32857","4881468.96594, 3509468.32857",404351.632703885
"2082","34","36","1449","0","0","0","4931468.96594, 3209468.32857","4881468.96594, 3509468.32857",402702.081157655
"2083","34","37","1450","1","1","0","4931468.96594, 3199468.32857","4881468.96594, 3509468.32857",405533.161488862
"2084","34","38","1451","0","0","0","4931468.96594, 3189468.32857","4881468.96594, 3509468.32857",407126.419453434
"2085","34","39","1452","0","0","0","4931468.96594, 3179468.32857","4881468.96594, 3509468.32857",419231.386743552
"2086","34","40","1453","1","0","0","4931468.96594, 3169468.32857","4881468.96594, 3509468.32857",432164.815791466
"2087","34","41","1454","1","0","0","4931468.96594, 3159468.32857","4881468.96594, 3509468.32857",464162.049933392
"2088","34","42","1455","1","0","0","4931468.96594, 3149468.32857","4881468.96594, 3509468.32857",468761.898423219
"2089","34","43","1456","1","1","0","4931468.96594, 3139468.32857","4881468.96594, 3509468.32857",485139.048046072
"2090","34","44","1457","1","1","0","4931468.96594, 3129468.32857","4881468.96594, 3509468.32857",495575.202786545
"2091","34","45","1458","0","1","0","4931468.96594, 3119468.32857","4881468.96594, 3509468.32857",503580.177920018
"2092","34","46","1459","1","1","0","4931468.96594, 3109468.32857","4881468.96594, 3509468.32857",498759.994372894
"2093","34","47","1460","1","1","0","4931468.96594, 3099468.32857","4881468.96594, 3509468.32857",512945.706637645
"2094","34","48","1461","1","1","0","4931468.96594, 3089468.32857","4881468.96594, 3509468.32857",521317.347960918
"2095","34","49","1462","0","1","0","4931468.96594, 3079468.32857","4881468.96594, 3509468.32857",530778.591828954
"2096","34","50","1463","1","1","0","4931468.96594, 3069468.32857","4881468.96594, 3509468.32857",546695.112430087
"2097","34","51","1464","1","1","0","4931468.96594, 3059468.32857","4881468.96594, 3509468.32857",556801.25726507
"2098","34","52","1465","1","1","0","4931468.96594, 3049468.32857","4881468.96594, 3509468.32857",575559.41354079
"2099","34","53","1466","1","1","0","4931468.96594, 3039468.32857","4881468.96594, 3509468.32857",585206.570513324
"2100","34","54","1467","1","1","0","4931468.96594, 3029468.32857","4881468.96594, 3509468.32857",601401.142687353
"2101","34","55","1468","1","1","0","4932153.5211, 3020353.57588","4881468.96594, 3509468.32857",605414.890835785
"2102","34","56","1469","0","1","0","4935349.21401, 3012788.93623","4881468.96594, 3509468.32857",637989.076379614
"2113","35","5","1470","0","0","0","4941597.60152, 3518640.13968","4881468.96594, 3509468.32857",251929.759318624
"2114","35","6","1471","0","0","0","4941468.96594, 3509468.32857","4881468.96594, 3509468.32857",262098.748597072
"2115","35","7","1472","1","0","0","4941468.96594, 3499468.32857","4881468.96594, 3509468.32857",85689.814516153
"2116","35","8","1473","1","1","0","4941468.96594, 3489468.32857","4881468.96594, 3509468.32857",91649.9904150288
"2117","35","9","1474","1","0","0","4941468.96594, 3479468.32857","4881468.96594, 3509468.32857",94954.0634138455
"2118","35","10","1475","0","0","0","4941468.96594, 3469468.32857","4881468.96594, 3509468.32857",108910.754488544
"2119","35","11","1476","0","0","0","4941468.96594, 3459468.32857","4881468.96594, 3509468.32857",121010.8444066
"2120","35","12","1477","0","0","0","4941468.96594, 3449468.32857","4881468.96594, 3509468.32857",102342.638252609
"2121","35","13","1478","0","1","0","4941468.96594, 3439468.32857","4881468.96594, 3509468.32857",107259.017452855
"2122","35","14","1479","1","1","0","4941468.96594, 3429468.32857","4881468.96594, 3509468.32857",114449.46533969
"2123","35","15","1480","0","1","0","4941468.96594, 3419468.32857","4881468.96594, 3509468.32857",141004.390723644
"2124","35","16","1481","0","1","0","4941468.96594, 3409468.32857","4881468.96594, 3509468.32857",147346.004908981
"2125","35","17","1482","0","1","0","4941468.96594, 3399468.32857","4881468.96594, 3509468.32857",163058.295097109
"2126","35","18","1483","1","1","0","4941468.96594, 3389468.32857","4881468.96594, 3509468.32857",167506.680930185
"2127","35","19","1484","0","0","0","4941468.96594, 3379468.32857","4881468.96594, 3509468.32857",184118.749519437
"2128","35","20","1485","0","0","0","4941468.96594, 3369468.32857","4881468.96594, 3509468.32857",190290.624008333
"2129","35","21","1486","0","0","0","4941468.96594, 3359468.32857","4881468.96594, 3509468.32857",231826.339634044
"2130","35","22","1487","1","1","0","4941468.96594, 3349468.32857","4881468.96594, 3509468.32857",228723.377933419
"2131","35","23","1488","1","1","0","4941468.96594, 3339468.32857","4881468.96594, 3509468.32857",224301.595112182
"2132","35","24","1489","0","0","0","4941468.96594, 3329468.32857","4881468.96594, 3509468.32857",234295.461771845
"2133","35","25","1490","1","0","1","4941468.96594, 3319468.32857","4881468.96594, 3509468.32857",239104.299813559
"2134","35","26","1491","1","0","0","4941468.96594, 3309468.32857","4881468.96594, 3509468.32857",247305.222302392
"2135","35","27","1492","1","1","0","4941468.96594, 3299468.32857","4881468.96594, 3509468.32857",257281.081516386
"2136","35","28","1493","1","1","0","4941468.96594, 3289468.32857","4881468.96594, 3509468.32857",267972.433315013
"2137","35","29","1494","1","1","0","4941468.96594, 3279468.32857","4881468.96594, 3509468.32857",297283.395849063
"2138","35","30","1495","1","1","0","4941468.96594, 3269468.32857","4881468.96594, 3509468.32857",297283.395849063
"2139","35","31","1496","0","0","0","4941468.96594, 3259468.32857","4881468.96594, 3509468.32857",307492.021772792
"2140","35","32","1497","1","0","0","4941468.96594, 3249468.32857","4881468.96594, 3509468.32857",313409.076247496
"2141","35","33","1498","1","0","0","4941468.96594, 3239468.32857","4881468.96594, 3509468.32857",320602.607029735
"2142","35","34","1499","1","0","0","4941468.96594, 3229468.32857","4881468.96594, 3509468.32857",327053.868284199
"2143","35","35","1500","0","0","0","4941468.96594, 3219468.32857","4881468.96594, 3509468.32857",404351.632703885
"2144","35","36","1501","0","1","0","4941468.96594, 3209468.32857","4881468.96594, 3509468.32857",401617.079279083
"2145","35","37","1502","1","1","0","4941468.96594, 3199468.32857","4881468.96594, 3509468.32857",400691.430319139
"2146","35","38","1503","0","1","0","4941468.96594, 3189468.32857","4881468.96594, 3509468.32857",412517.061398559
"2147","35","39","1504","0","1","0","4941468.96594, 3179468.32857","4881468.96594, 3509468.32857",422055.343342774
"2148","35","40","1505","1","1","0","4941468.96594, 3169468.32857","4881468.96594, 3509468.32857",432164.815791466
"2149","35","41","1506","0","1","0","4941468.96594, 3159468.32857","4881468.96594, 3509468.32857",443581.48023731
"2150","35","42","1507","1","1","0","4941468.96594, 3149468.32857","4881468.96594, 3509468.32857",451599.695585189
"2151","35","43","1508","0","1","0","4941468.96594, 3139468.32857","4881468.96594, 3509468.32857",462682.577882713
"2152","35","44","1509","1","0","0","4941468.96594, 3129468.32857","4881468.96594, 3509468.32857",474350.105921084
"2153","35","45","1510","0","1","0","4941468.96594, 3119468.32857","4881468.96594, 3509468.32857",503495.40363323
"2154","35","46","1511","1","1","0","4941468.96594, 3109468.32857","4881468.96594, 3509468.32857",493142.831620714
"2155","35","47","1512","1","1","0","4941468.96594, 3099468.32857","4881468.96594, 3509468.32857",515966.914729124
"2156","35","48","1513","1","1","0","4941468.96594, 3089468.32857","4881468.96594, 3509468.32857",517458.887268993
"2157","35","49","1514","1","1","0","4941468.96594, 3079468.32857","4881468.96594, 3509468.32857",537666.884796372
"2158","35","50","1515","1","0","0","4941468.96594, 3069468.32857","4881468.96594, 3509468.32857",556561.905284788
"2159","35","51","1516","1","1","0","4941468.96594, 3059468.32857","4881468.96594, 3509468.32857",565525.967172127
"2160","35","52","1517","1","1","0","4941468.96594, 3049468.32857","4881468.96594, 3509468.32857",579254.424031316
"2161","35","53","1518","1","1","0","4941468.96594, 3039468.32857","4881468.96594, 3509468.32857",591492.816431418
"2162","35","54","1519","1","1","0","4941468.96594, 3029468.32857","4881468.96594, 3509468.32857",601332.207960958
"2163","35","55","1520","1","1","0","4941468.96594, 3019468.32857","4881468.96594, 3509468.32857",609261.893614835
"2164","35","56","1521","0","1","0","4941817.4402, 3009767.52031","4881468.96594, 3509468.32857",628160.037977791
"2165","35","57","1522","1","1","0","4944238.38589, 3001123.05693","4881468.96594, 3509468.32857",649061.303359717
"2166","35","58","1523","0","0","0","4946460.94853, 2994456.30413","4881468.96594, 3509468.32857",646493.085389299
"2175","36","5","1524","1","0","0","4951508.99166, 3519158.11876","4881468.96594, 3509468.32857",251929.759318624
"2176","36","6","1525","1","0","0","4951468.96594, 3509468.32857","4881468.96594, 3509468.32857",259344.002763904
"2177","36","7","1526","1","1","0","4951468.96594, 3499468.32857","4881468.96594, 3509468.32857",269228.687241492
"2178","36","8","1527","0","1","0","4951468.96594, 3489468.32857","4881468.96594, 3509468.32857",98569.2118796196
"2179","36","9","1528","1","1","0","4951468.96594, 3479468.32857","4881468.96594, 3509468.32857",106791.980331452
"2180","36","10","1529","1","1","0","4951468.96594, 3469468.32857","4881468.96594, 3509468.32857",117325.610669455
"2181","36","11","1530","0","0","0","4951468.96594, 3459468.32857","4881468.96594, 3509468.32857",121010.8444066
"2182","36","12","1531","0","0","0","4951468.96594, 3449468.32857","4881468.96594, 3509468.32857",135564.188797357
"2183","36","13","1532","0","0","0","4951468.96594, 3439468.32857","4881468.96594, 3509468.32857",132512.922720041
"2184","36","14","1533","1","1","0","4951468.96594, 3429468.32857","4881468.96594, 3509468.32857",121961.627084099
"2185","36","15","1534","0","1","0","4951468.96594, 3419468.32857","4881468.96594, 3509468.32857",132739.442733376
"2186","36","16","1535","1","0","0","4951468.96594, 3409468.32857","4881468.96594, 3509468.32857",140291.822640188
"2187","36","17","1536","1","0","0","4951468.96594, 3399468.32857","4881468.96594, 3509468.32857",172325.829668276
"2188","36","18","1537","1","1","0","4951468.96594, 3389468.32857","4881468.96594, 3509468.32857",172461.682325583
"2189","36","19","1538","0","1","0","4951468.96594, 3379468.32857","4881468.96594, 3509468.32857",184118.749519437
"2190","36","20","1539","0","1","0","4951468.96594, 3369468.32857","4881468.96594, 3509468.32857",194579.973194506
"2191","36","21","1540","0","1","0","4951468.96594, 3359468.32857","4881468.96594, 3509468.32857",200471.520447184
"2192","36","22","1541","1","1","0","4951468.96594, 3349468.32857","4881468.96594, 3509468.32857",235859.534189441
"2193","36","23","1542","0","0","0","4951468.96594, 3339468.32857","4881468.96594, 3509468.32857",237665.901868954
"2194","36","24","1543","0","0","0","4951468.96594, 3329468.32857","4881468.96594, 3509468.32857",237665.901868954
"2195","36","25","1544","1","0","1","4951468.96594, 3319468.32857","4881468.96594, 3509468.32857",241809.667233923
"2196","36","26","1545","0","0","0","4951468.96594, 3309468.32857","4881468.96594, 3509468.32857",278680.696604898
"2197","36","27","1546","1","0","0","4951468.96594, 3299468.32857","4881468.96594, 3509468.32857",285177.503694059
"2198","36","28","1547","1","0","0","4951468.96594, 3289468.32857","4881468.96594, 3509468.32857",293950.584058375
"2199","36","29","1548","1","1","0","4951468.96594, 3279468.32857","4881468.96594, 3509468.32857",282249.371882022
"2200","36","30","1549","1","1","0","4951468.96594, 3269468.32857","4881468.96594, 3509468.32857",300986.739119669
"2201","36","31","1550","1","1","0","4951468.96594, 3259468.32857","4881468.96594, 3509468.32857",309897.705651418
"2202","36","32","1551","1","1","0","4951468.96594, 3249468.32857","4881468.96594, 3509468.32857",319475.148227525
"2203","36","33","1552","1","1","0","4951468.96594, 3239468.32857","4881468.96594, 3509468.32857",329443.966061997
"2204","36","34","1553","1","0","0","4951468.96594, 3229468.32857","4881468.96594, 3509468.32857",335638.92408396
"2205","36","35","1554","0","0","0","4951468.96594, 3219468.32857","4881468.96594, 3509468.32857",377948.787121964
"2206","36","36","1555","0","1","0","4951468.96594, 3209468.32857","4881468.96594, 3509468.32857",383090.406283183
"2207","36","37","1556","1","0","0","4951468.96594, 3199468.32857","4881468.96594, 3509468.32857",385600.688126857
"2208","36","38","1557","0","0","0","4951468.96594, 3189468.32857","4881468.96594, 3509468.32857",412517.061398559
"2209","36","39","1558","1","0","0","4951468.96594, 3179468.32857","4881468.96594, 3509468.32857",422055.343342774
"2210","36","40","1559","1","0","0","4951468.96594, 3169468.32857","4881468.96594, 3509468.32857",434188.868943579
"2211","36","41","1560","0","1","0","4951468.96594, 3159468.32857","4881468.96594, 3509468.32857",450173.813424643
"2212","36","42","1561","1","1","0","4951468.96594, 3149468.32857","4881468.96594, 3509468.32857",457208.108075029
"2213","36","43","1562","0","1","0","4951468.96594, 3139468.32857","4881468.96594, 3509468.32857",462682.577882713
"2214","36","44","1563","1","1","0","4951468.96594, 3129468.32857","4881468.96594, 3509468.32857",474350.105921084
"2215","36","45","1564","1","1","0","4951468.96594, 3119468.32857","4881468.96594, 3509468.32857",483075.310617162
"2216","36","46","1565","1","1","0","4951468.96594, 3109468.32857","4881468.96594, 3509468.32857",505637.368461878
"2217","36","47","1566","0","1","0","4951468.96594, 3099468.32857","4881468.96594, 3509468.32857",507195.92973755
"2218","36","48","1567","0","1","0","4951468.96594, 3089468.32857","4881468.96594, 3509468.32857",516961.037125927
"2219","36","49","1568","1","1","0","4951468.96594, 3079468.32857","4881468.96594, 3509468.32857",528465.147844218
"2220","36","50","1569","1","1","0","4951468.96594, 3069468.32857","4881468.96594, 3509468.32857",576434.61099274
"2221","36","51","1570","1","1","0","4951468.96594, 3059468.32857","4881468.96594, 3509468.32857",572474.069608083
"2222","36","52","1571","1","1","0","4951468.96594, 3049468.32857","4881468.96594, 3509468.32857",574975.773664164
"2223","36","53","1572","1","1","0","4951468.96594, 3039468.32857","4881468.96594, 3509468.32857",590428.655882198
"2224","36","54","1573","0","1","0","4951468.96594, 3029468.32857","4881468.96594, 3509468.32857",608706.676795799
"2225","36","55","1574","1","1","1","4951468.96594, 3019468.32857","4881468.96594, 3509468.32857",614424.696563273
"2226","36","56","1575","1","1","1","4951468.96594, 3009468.32857","4881468.96594, 3509468.32857",628422.938695624
"2227","36","57","1576","1","1","1","4951468.96594, 2999468.32857","4881468.96594, 3509468.32857",640076.259724745
"2228","36","58","1577","0","1","1","4952847.00547, 2990298.81373","4881468.96594, 3509468.32857",651294.43863064
"2229","36","59","1578","0","0","0","4955350.14913, 2982790.33871","4881468.96594, 3509468.32857",666666.781569668
"2237","37","5","1579","1","1","0","4961471.928, 3519220.51526","4881468.96594, 3509468.32857",246357.758783585
"2238","37","6","1580","1","1","0","4961468.96594, 3509468.32857","4881468.96594, 3509468.32857",257789.755475794
"2239","37","7","1581","0","1","0","4961468.96594, 3499468.32857","4881468.96594, 3509468.32857",266292.087297996
"2240","37","8","1582","0","0","0","4961468.96594, 3489468.32857","4881468.96594, 3509468.32857",272152.093525325
"2241","37","9","1583","0","0","0","4961468.96594, 3479468.32857","4881468.96594, 3509468.32857",110583.671310219
"2242","37","10","1584","1","1","0","4961468.96594, 3469468.32857","4881468.96594, 3509468.32857",123852.158761002
"2243","37","11","1585","1","0","0","4961468.96594, 3459468.32857","4881468.96594, 3509468.32857",126255.720063116
"2244","37","12","1586","1","0","0","4961468.96594, 3449468.32857","4881468.96594, 3509468.32857",140429.09770972
"2245","37","13","1587","1","1","0","4961468.96594, 3439468.32857","4881468.96594, 3509468.32857",137712.579198569
"2246","37","14","1588","1","1","0","4961468.96594, 3429468.32857","4881468.96594, 3509468.32857",129926.761653157
"2247","37","15","1589","1","1","0","4961468.96594, 3419468.32857","4881468.96594, 3509468.32857",140291.822640188
"2248","37","16","1590","1","1","0","4961468.96594, 3409468.32857","4881468.96594, 3509468.32857",146686.742896902
"2249","37","17","1591","0","0","0","4961468.96594, 3399468.32857","4881468.96594, 3509468.32857",149662.92905187
"2250","37","18","1592","0","0","0","4961468.96594, 3389468.32857","4881468.96594, 3509468.32857",172461.682325583
"2251","37","19","1593","0","0","0","4961468.96594, 3379468.32857","4881468.96594, 3509468.32857",190290.624008333
"2252","37","20","1594","0","0","0","4961468.96594, 3369468.32857","4881468.96594, 3509468.32857",202544.912075937
"2253","37","21","1595","0","1","0","4961468.96594, 3359468.32857","4881468.96594, 3509468.32857",207644.464850336
"2254","37","22","1596","1","1","0","4961468.96594, 3349468.32857","4881468.96594, 3509468.32857",226979.871943143
"2255","37","23","1597","0","0","0","4961468.96594, 3339468.32857","4881468.96594, 3509468.32857",229142.879212701
"2256","37","24","1598","0","0","0","4961468.96594, 3329468.32857","4881468.96594, 3509468.32857",237348.625932353
"2257","37","25","1599","1","0","1","4961468.96594, 3319468.32857","4881468.96594, 3509468.32857",269901.306405023
"2258","37","26","1600","0","0","0","4961468.96594, 3309468.32857","4881468.96594, 3509468.32857",276666.172413503
"2259","37","27","1601","1","1","0","4961468.96594, 3299468.32857","4881468.96594, 3509468.32857",281466.34812079
"2260","37","28","1602","1","1","0","4961468.96594, 3289468.32857","4881468.96594, 3509468.32857",290228.443197201
"2261","37","29","1603","1","1","0","4961468.96594, 3279468.32857","4881468.96594, 3509468.32857",295694.963343703
"2262","37","30","1604","1","1","0","4961468.96594, 3269468.32857","4881468.96594, 3509468.32857",296416.851484181
"2263","37","31","1605","0","0","0","4961468.96594, 3259468.32857","4881468.96594, 3509468.32857",304923.810603797
"2264","37","32","1606","1","0","0","4961468.96594, 3249468.32857","4881468.96594, 3509468.32857",324801.531109032
"2265","37","33","1607","1","1","0","4961468.96594, 3239468.32857","4881468.96594, 3509468.32857",333385.989368648
"2266","37","34","1608","1","0","0","4961468.96594, 3229468.32857","4881468.96594, 3509468.32857",350009.971148275
"2267","37","35","1609","1","1","0","4961468.96594, 3219468.32857","4881468.96594, 3509468.32857",362864.383631468
"2268","37","36","1610","1","1","0","4961468.96594, 3209468.32857","4881468.96594, 3509468.32857",374616.489223134
"2269","37","37","1611","1","0","0","4961468.96594, 3199468.32857","4881468.96594, 3509468.32857",377948.787121964
"2270","37","38","1612","0","0","0","4961468.96594, 3189468.32857","4881468.96594, 3509468.32857",444784.73076893
"2271","37","39","1613","1","0","0","4961468.96594, 3179468.32857","4881468.96594, 3509468.32857",450346.75230134
"2272","37","40","1614","0","1","0","4961468.96594, 3169468.32857","4881468.96594, 3509468.32857",452025.251167329
"2273","37","41","1615","0","0","0","4961468.96594, 3159468.32857","4881468.96594, 3509468.32857",454668.889988961
"2274","37","42","1616","1","1","0","4961468.96594, 3149468.32857","4881468.96594, 3509468.32857",462412.090160176
"2275","37","43","1617","0","1","0","4961468.96594, 3139468.32857","4881468.96594, 3509468.32857",471860.236492262
"2276","37","44","1618","1","1","0","4961468.96594, 3129468.32857","4881468.96594, 3509468.32857",483034.93435547
"2277","37","45","1619","1","1","0","4961468.96594, 3119468.32857","4881468.96594, 3509468.32857",494931.025055805
"2278","37","46","1620","1","1","0","4961468.96594, 3109468.32857","4881468.96594, 3509468.32857",499724.421413801
"2279","37","47","1621","1","0","0","4961468.96594, 3099468.32857","4881468.96594, 3509468.32857",510726.897809565
"2280","37","48","1622","1","0","0","4961468.96594, 3089468.32857","4881468.96594, 3509468.32857",536154.153053932
"2281","37","49","1623","1","1","0","4961468.96594, 3079468.32857","4881468.96594, 3509468.32857",536154.153053932
"2282","37","50","1624","1","1","0","4961468.96594, 3069468.32857","4881468.96594, 3509468.32857",579118.164785159
"2283","37","51","1625","1","1","0","4961468.96594, 3059468.32857","4881468.96594, 3509468.32857",581447.558058699
"2284","37","52","1626","1","1","0","4961468.96594, 3049468.32857","4881468.96594, 3509468.32857",589960.136983756
"2285","37","53","1627","1","1","0","4961468.96594, 3039468.32857","4881468.96594, 3509468.32857",599821.585626299
"2286","37","54","1628","1","1","0","4961468.96594, 3029468.32857","4881468.96594, 3509468.32857",608730.421769927
"2287","37","55","1629","1","1","1","4961468.96594, 3019468.32857","4881468.96594, 3509468.32857",618584.810926201
"2288","37","56","1630","1","1","0","4961468.96594, 3009468.32857","4881468.96594, 3509468.32857",641456.292172963
"2289","37","57","1631","1","0","0","4961468.96594, 2999468.32857","4881468.96594, 3509468.32857",642828.320573515
"2290","37","58","1632","0","1","1","4961468.96594, 2989468.32857","4881468.96594, 3509468.32857",654025.217996387
"2291","37","59","1633","0","0","1","4961836.17913, 2979836.16489","4881468.96594, 3509468.32857",690222.150909115
"2292","37","60","1634","0","0","0","4965147.31016, 2974108.02086","4881468.96594, 3509468.32857",691050.312532408
"2299","38","5","1635","1","1","0","4971471.91751, 3519237.40669","4881468.96594, 3509468.32857",240452.239281866
"2300","38","6","1636","0","1","0","4971468.96594, 3509468.32857","4881468.96594, 3509468.32857",231750.458993518
"2301","38","7","1637","0","0","0","4971468.96594, 3499468.32857","4881468.96594, 3509468.32857",220629.354983421
"2302","38","8","1638","0","0","0","4971468.96594, 3489468.32857","4881468.96594, 3509468.32857",209205.560990306
"2303","38","9","1639","0","0","0","4971468.96594, 3479468.32857","4881468.96594, 3509468.32857",134080.799584506
"2304","38","10","1640","0","1","0","4971468.96594, 3469468.32857","4881468.96594, 3509468.32857",136488.737564378
"2305","38","11","1641","0","0","0","4971468.96594, 3459468.32857","4881468.96594, 3509468.32857",139703.664819982
"2306","38","12","1642","1","0","0","4971468.96594, 3449468.32857","4881468.96594, 3509468.32857",152772.928326975
"2307","38","13","1643","1","1","0","4971468.96594, 3439468.32857","4881468.96594, 3509468.32857",147135.232408362
"2308","38","14","1644","1","0","0","4971468.96594, 3429468.32857","4881468.96594, 3509468.32857",143740.367796287
"2309","38","15","1645","0","0","0","4971468.96594, 3419468.32857","4881468.96594, 3509468.32857",151767.051391562
"2310","38","16","1646","0","1","0","4971468.96594, 3409468.32857","4881468.96594, 3509468.32857",156037.446082209
"2311","38","17","1647","0","1","0","4971468.96594, 3399468.32857","4881468.96594, 3509468.32857",208915.349090689
"2312","38","18","1648","0","1","0","4971468.96594, 3389468.32857","4881468.96594, 3509468.32857",208915.349090689
"2313","38","19","1649","0","0","0","4971468.96594, 3379468.32857","4881468.96594, 3509468.32857",208915.349090689
"2314","38","20","1650","0","0","0","4971468.96594, 3369468.32857","4881468.96594, 3509468.32857",205678.999831797
"2315","38","21","1651","0","0","0","4971468.96594, 3359468.32857","4881468.96594, 3509468.32857",214945.423443007
"2316","38","22","1652","1","1","0","4971468.96594, 3349468.32857","4881468.96594, 3509468.32857",224144.544062928
"2317","38","23","1653","0","1","0","4971468.96594, 3339468.32857","4881468.96594, 3509468.32857",231811.837839168
"2318","38","24","1654","0","1","0","4971468.96594, 3329468.32857","4881468.96594, 3509468.32857",240836.909600513
"2319","38","25","1655","1","0","1","4971468.96594, 3319468.32857","4881468.96594, 3509468.32857",252898.793742387
"2320","38","26","1656","1","1","1","4971468.96594, 3309468.32857","4881468.96594, 3509468.32857",267025.371642982
"2321","38","27","1657","1","1","0","4971468.96594, 3299468.32857","4881468.96594, 3509468.32857",273654.843978532
"2322","38","28","1658","0","0","0","4971468.96594, 3289468.32857","4881468.96594, 3509468.32857",287329.1428661
"2323","38","29","1659","1","1","0","4971468.96594, 3279468.32857","4881468.96594, 3509468.32857",303176.144714105
"2324","38","30","1660","1","0","0","4971468.96594, 3269468.32857","4881468.96594, 3509468.32857",303176.144714105
"2325","38","31","1661","1","0","0","4971468.96594, 3259468.32857","4881468.96594, 3509468.32857",362873.583308685
"2326","38","32","1662","1","0","0","4971468.96594, 3249468.32857","4881468.96594, 3509468.32857",355752.754140821
"2327","38","33","1663","1","1","0","4971468.96594, 3239468.32857","4881468.96594, 3509468.32857",348433.004922234
"2328","38","34","1664","1","1","0","4971468.96594, 3229468.32857","4881468.96594, 3509468.32857",352294.369129371
"2329","38","35","1665","1","1","0","4971468.96594, 3219468.32857","4881468.96594, 3509468.32857",359521.100405498
"2330","38","36","1666","1","0","0","4971468.96594, 3209468.32857","4881468.96594, 3509468.32857",369418.258385138
"2331","38","37","1667","0","0","0","4971468.96594, 3199468.32857","4881468.96594, 3509468.32857",371522.18305864
"2332","38","38","1668","1","0","0","4971468.96594, 3189468.32857","4881468.96594, 3509468.32857",440536.661834123
"2333","38","39","1669","1","1","0","4971468.96594, 3179468.32857","4881468.96594, 3509468.32857",444784.73076893
"2334","38","40","1670","0","1","0","4971468.96594, 3169468.32857","4881468.96594, 3509468.32857",453981.306830816
"2335","38","41","1671","0","0","0","4971468.96594, 3159468.32857","4881468.96594, 3509468.32857",454127.291139873
"2336","38","42","1672","1","0","0","4971468.96594, 3149468.32857","4881468.96594, 3509468.32857",464605.729654132
"2337","38","43","1673","1","1","0","4971468.96594, 3139468.32857","4881468.96594, 3509468.32857",473050.513554713
"2338","38","44","1674","1","1","0","4971468.96594, 3129468.32857","4881468.96594, 3509468.32857",487086.787041942
"2339","38","45","1675","1","1","0","4971468.96594, 3119468.32857","4881468.96594, 3509468.32857",510823.127133947
"2340","38","46","1676","1","1","0","4971468.96594, 3109468.32857","4881468.96594, 3509468.32857",507868.38682409
"2341","38","47","1677","1","1","0","4971468.96594, 3099468.32857","4881468.96594, 3509468.32857",516221.136323649
"2342","38","48","1678","1","0","0","4971468.96594, 3089468.32857","4881468.96594, 3509468.32857",551557.073479989
"2343","38","49","1679","1","1","0","4971468.96594, 3079468.32857","4881468.96594, 3509468.32857",548125.606877263
"2344","38","50","1680","1","1","0","4971468.96594, 3069468.32857","4881468.96594, 3509468.32857",568603.728572357
"2345","38","51","1681","1","1","0","4971468.96594, 3059468.32857","4881468.96594, 3509468.32857",574874.821609721
"2346","38","52","1682","1","1","0","4971468.96594, 3049468.32857","4881468.96594, 3509468.32857",585933.934965008
"2347","38","53","1683","1","1","1","4971468.96594, 3039468.32857","4881468.96594, 3509468.32857",596956.201905842
"2348","38","54","1684","0","1","1","4971468.96594, 3029468.32857","4881468.96594, 3509468.32857",611226.014625146
"2349","38","55","1685","0","1","1","4971468.96594, 3019468.32857","4881468.96594, 3509468.32857",618156.609348234
"2350","38","56","1686","1","1","0","4971468.96594, 3009468.32857","4881468.96594, 3509468.32857",634820.202648195
"2351","38","57","1687","1","1","0","4971468.96594, 2999468.32857","4881468.96594, 3509468.32857",641488.998131961
"2352","38","58","1688","0","0","0","4971468.96594, 2989468.32857","4881468.96594, 3509468.32857",662910.996769586
"2353","38","59","1689","1","1","1","4971468.96594, 2979468.32857","4881468.96594, 3509468.32857",683966.193939328
"2354","38","60","1690","1","1","0","4972398.51014, 2973119.61552","4881468.96594, 3509468.32857",680933.724355676
"2361","39","5","1691","0","0","0","4981471.90709, 3519254.29813","4881468.96594, 3509468.32857",224874.565740948
"2362","39","6","1692","0","1","0","4981468.96594, 3509468.32857","4881468.96594, 3509468.32857",224874.565740948
"2363","39","7","1693","0","1","0","4981468.96594, 3499468.32857","4881468.96594, 3509468.32857",214802.10278365
"2364","39","8","1694","0","1","0","4981468.96594, 3489468.32857","4881468.96594, 3509468.32857",209205.560990306
"2365","39","9","1695","0","0","0","4981468.96594, 3479468.32857","4881468.96594, 3509468.32857",199801.094893594
"2366","39","10","1696","0","1","0","4981468.96594, 3469468.32857","4881468.96594, 3509468.32857",145163.932115398
"2367","39","11","1697","0","1","0","4981468.96594, 3459468.32857","4881468.96594, 3509468.32857",149255.170346863
"2368","39","12","1698","1","1","0","4981468.96594, 3449468.32857","4881468.96594, 3509468.32857",157894.977265267
"2369","39","13","1699","1","1","0","4981468.96594, 3439468.32857","4881468.96594, 3509468.32857",160644.260264823
"2370","39","14","1700","1","0","0","4981468.96594, 3429468.32857","4881468.96594, 3509468.32857",160644.260264823
"2371","39","15","1701","0","0","0","4981468.96594, 3419468.32857","4881468.96594, 3509468.32857",163051.634563714
"2372","39","16","1702","0","1","0","4981468.96594, 3409468.32857","4881468.96594, 3509468.32857",165671.730743053
"2373","39","17","1703","0","1","0","4981468.96594, 3399468.32857","4881468.96594, 3509468.32857",201735.153573491
"2374","39","18","1704","0","0","0","4981468.96594, 3389468.32857","4881468.96594, 3509468.32857",204407.413943611
"2375","39","19","1705","0","0","0","4981468.96594, 3379468.32857","4881468.96594, 3509468.32857",204407.413943611
"2376","39","20","1706","0","0","0","4981468.96594, 3369468.32857","4881468.96594, 3509468.32857",237599.192672932
"2377","39","21","1707","0","0","0","4981468.96594, 3359468.32857","4881468.96594, 3509468.32857",237599.192672932
"2378","39","22","1708","1","1","0","4981468.96594, 3349468.32857","4881468.96594, 3509468.32857",237599.192672932
"2379","39","23","1709","1","0","0","4981468.96594, 3339468.32857","4881468.96594, 3509468.32857",234555.065947794
"2380","39","24","1710","1","1","0","4981468.96594, 3329468.32857","4881468.96594, 3509468.32857",245179.016621643
"2381","39","25","1711","1","1","0","4981468.96594, 3319468.32857","4881468.96594, 3509468.32857",254930.3316483
"2382","39","26","1712","1","1","1","4981468.96594, 3309468.32857","4881468.96594, 3509468.32857",259633.664799404
"2383","39","27","1713","0","0","0","4981468.96594, 3299468.32857","4881468.96594, 3509468.32857",267025.371642982
"2384","39","28","1714","0","0","0","4981468.96594, 3289468.32857","4881468.96594, 3509468.32857",311374.045448226
"2385","39","29","1715","1","1","0","4981468.96594, 3279468.32857","4881468.96594, 3509468.32857",313945.024975831
"2386","39","30","1716","1","1","0","4981468.96594, 3269468.32857","4881468.96594, 3509468.32857",316650.863950806
"2387","39","31","1717","0","0","0","4981468.96594, 3259468.32857","4881468.96594, 3509468.32857",359037.47640054
"2388","39","32","1718","1","1","0","4981468.96594, 3249468.32857","4881468.96594, 3509468.32857",362873.583308685
"2389","39","33","1719","1","1","0","4981468.96594, 3239468.32857","4881468.96594, 3509468.32857",358091.357150081
"2390","39","34","1720","1","1","0","4981468.96594, 3229468.32857","4881468.96594, 3509468.32857",363676.378926357
"2391","39","35","1721","1","1","0","4981468.96594, 3219468.32857","4881468.96594, 3509468.32857",366764.171317821
"2392","39","36","1722","1","0","0","4981468.96594, 3209468.32857","4881468.96594, 3509468.32857",395382.738715367
"2393","39","37","1723","1","0","0","4981468.96594, 3199468.32857","4881468.96594, 3509468.32857",405715.607317941
"2394","39","38","1724","1","0","0","4981468.96594, 3189468.32857","4881468.96594, 3509468.32857",433758.965836113
"2395","39","39","1725","1","1","0","4981468.96594, 3179468.32857","4881468.96594, 3509468.32857",433758.965836113
"2396","39","40","1726","1","0","0","4981468.96594, 3169468.32857","4881468.96594, 3509468.32857",445413.286681466
"2397","39","41","1727","1","1","0","4981468.96594, 3159468.32857","4881468.96594, 3509468.32857",449844.360091331
"2398","39","42","1728","1","1","0","4981468.96594, 3149468.32857","4881468.96594, 3509468.32857",461711.680269217
"2399","39","43","1729","1","1","0","4981468.96594, 3139468.32857","4881468.96594, 3509468.32857",470268.951449604
"2400","39","44","1730","1","0","0","4981468.96594, 3129468.32857","4881468.96594, 3509468.32857",481570.250182093
"2401","39","45","1731","0","1","0","4981468.96594, 3119468.32857","4881468.96594, 3509468.32857",521356.267585266
"2402","39","46","1732","1","1","0","4981468.96594, 3109468.32857","4881468.96594, 3509468.32857",519548.289446247
"2403","39","47","1733","0","1","0","4981468.96594, 3099468.32857","4881468.96594, 3509468.32857",523924.047370491
"2404","39","48","1734","1","1","0","4981468.96594, 3089468.32857","4881468.96594, 3509468.32857",532165.223954298
"2405","39","49","1735","1","1","0","4981468.96594, 3079468.32857","4881468.96594, 3509468.32857",546771.346141075
"2406","39","50","1736","1","1","0","4981468.96594, 3069468.32857","4881468.96594, 3509468.32857",558205.828131467
"2407","39","51","1737","1","1","0","4981468.96594, 3059468.32857","4881468.96594, 3509468.32857",571084.120100737
"2408","39","52","1738","1","1","0","4981468.96594, 3049468.32857","4881468.96594, 3509468.32857",585494.710108191
"2409","39","53","1739","1","1","1","4981468.96594, 3039468.32857","4881468.96594, 3509468.32857",605865.607880212
"2410","39","54","1740","1","1","0","4981468.96594, 3029468.32857","4881468.96594, 3509468.32857",606674.760418026
"2411","39","55","1741","1","1","0","4981468.96594, 3019468.32857","4881468.96594, 3509468.32857",647252.46117704
"2412","39","56","1742","1","1","0","4981468.96594, 3009468.32857","4881468.96594, 3509468.32857",641408.046211493
"2413","39","57","1743","1","1","0","4981468.96594, 2999468.32857","4881468.96594, 3509468.32857",647335.765273415
"2414","39","58","1744","1","1","0","4981468.96594, 2989468.32857","4881468.96594, 3509468.32857",656774.76308058
"2415","39","59","1745","1","1","0","4981468.96594, 2979468.32857","4881468.96594, 3509468.32857",666396.695416204
"2416","39","60","1746","0","1","0","4981908.37262, 2971823.33368","4881468.96594, 3509468.32857",673503.266725012
"2423","40","5","1747","0","0","0","4991471.89674, 3519271.18956","4881468.96594, 3509468.32857",224874.565740948
"2424","40","6","1748","0","0","0","4991468.96594, 3509468.32857","4881468.96594, 3509468.32857",224874.565740948
"2425","40","7","1749","0","0","0","4991468.96594, 3499468.32857","4881468.96594, 3509468.32857",214802.10278365
"2426","40","8","1750","0","1","0","4991468.96594, 3489468.32857","4881468.96594, 3509468.32857",199801.094893594
"2427","40","9","1751","0","1","0","4991468.96594, 3479468.32857","4881468.96594, 3509468.32857",191168.163498303
"2428","40","10","1752","0","0","0","4991468.96594, 3469468.32857","4881468.96594, 3509468.32857",154291.746655513
"2429","40","11","1753","0","1","0","4991468.96594, 3459468.32857","4881468.96594, 3509468.32857",156654.720958829
"2430","40","12","1754","1","1","0","4991468.96594, 3449468.32857","4881468.96594, 3509468.32857",170062.781039888
"2431","40","13","1755","1","0","0","4991468.96594, 3439468.32857","4881468.96594, 3509468.32857",167343.233738399
"2432","40","14","1756","1","0","0","4991468.96594, 3429468.32857","4881468.96594, 3509468.32857",203854.265638706
"2433","40","15","1757","0","0","0","4991468.96594, 3419468.32857","4881468.96594, 3509468.32857",211177.366814613
"2434","40","16","1758","0","0","0","4991468.96594, 3409468.32857","4881468.96594, 3509468.32857",175143.787338369
"2435","40","17","1759","0","1","0","4991468.96594, 3399468.32857","4881468.96594, 3509468.32857",179216.449595079
"2436","40","18","1760","0","0","0","4991468.96594, 3389468.32857","4881468.96594, 3509468.32857",192839.244487057
"2437","40","19","1761","0","0","0","4991468.96594, 3379468.32857","4881468.96594, 3509468.32857",191473.358845263
"2438","40","20","1762","0","0","0","4991468.96594, 3369468.32857","4881468.96594, 3509468.32857",241341.951111873
"2439","40","21","1763","0","0","0","4991468.96594, 3359468.32857","4881468.96594, 3509468.32857",243327.52911387
"2440","40","22","1764","0","1","0","4991468.96594, 3349468.32857","4881468.96594, 3509468.32857",245312.62160602
"2441","40","23","1765","1","0","0","4991468.96594, 3339468.32857","4881468.96594, 3509468.32857",247980.469015881
"2442","40","24","1766","1","0","0","4991468.96594, 3329468.32857","4881468.96594, 3509468.32857",248830.188480037
"2443","40","25","1767","0","0","0","4991468.96594, 3319468.32857","4881468.96594, 3509468.32857",254930.3316483
"2444","40","26","1768","1","0","1","4991468.96594, 3309468.32857","4881468.96594, 3509468.32857",259633.664799404
"2445","40","27","1769","0","0","1","4991468.96594, 3299468.32857","4881468.96594, 3509468.32857",259633.664799404
"2446","40","28","1770","0","0","0","4991468.96594, 3289468.32857","4881468.96594, 3509468.32857",319313.02218503
"2447","40","29","1771","0","0","0","4991468.96594, 3279468.32857","4881468.96594, 3509468.32857",323774.320412441
"2448","40","30","1772","1","1","0","4991468.96594, 3269468.32857","4881468.96594, 3509468.32857",326076.372599084
"2449","40","31","1773","1","1","0","4991468.96594, 3259468.32857","4881468.96594, 3509468.32857",349199.01271311
"2450","40","32","1774","1","1","0","4991468.96594, 3249468.32857","4881468.96594, 3509468.32857",355894.843039768
"2451","40","33","1775","1","0","0","4991468.96594, 3239468.32857","4881468.96594, 3509468.32857",386942.474522727
"2452","40","34","1776","1","1","0","4991468.96594, 3229468.32857","4881468.96594, 3509468.32857",375431.619397548
"2453","40","35","1777","0","1","0","4991468.96594, 3219468.32857","4881468.96594, 3509468.32857",386646.45436453
"2454","40","36","1778","0","1","0","4991468.96594, 3209468.32857","4881468.96594, 3509468.32857",395382.738715367
"2455","40","37","1779","1","1","0","4991468.96594, 3199468.32857","4881468.96594, 3509468.32857",405715.607317941
"2456","40","38","1780","1","1","0","4991468.96594, 3189468.32857","4881468.96594, 3509468.32857",417019.696472106
"2457","40","39","1781","1","1","0","4991468.96594, 3179468.32857","4881468.96594, 3509468.32857",427301.274460665
"2458","40","40","1782","1","1","0","4991468.96594, 3169468.32857","4881468.96594, 3509468.32857",435992.653031011
"2459","40","41","1783","1","1","0","4991468.96594, 3159468.32857","4881468.96594, 3509468.32857",439766.709663932
"2460","40","42","1784","1","0","0","4991468.96594, 3149468.32857","4881468.96594, 3509468.32857",461711.680269217
"2461","40","43","1785","0","0","0","4991468.96594, 3139468.32857","4881468.96594, 3509468.32857",467215.611132725
"2462","40","44","1786","0","0","0","4991468.96594, 3129468.32857","4881468.96594, 3509468.32857",524286.058518838
"2463","40","45","1787","0","1","0","4991468.96594, 3119468.32857","4881468.96594, 3509468.32857",527511.404336738
"2464","40","46","1788","1","0","0","4991468.96594, 3109468.32857","4881468.96594, 3509468.32857",527511.404336738
"2465","40","47","1789","0","1","0","4991468.96594, 3099468.32857","4881468.96594, 3509468.32857",541786.986217441
"2466","40","48","1790","1","1","0","4991468.96594, 3089468.32857","4881468.96594, 3509468.32857",540540.32031376
"2467","40","49","1791","1","1","0","4991468.96594, 3079468.32857","4881468.96594, 3509468.32857",545400.0533079
"2468","40","50","1792","1","1","0","4991468.96594, 3069468.32857","4881468.96594, 3509468.32857",563008.432838231
"2469","40","51","1793","1","1","0","4991468.96594, 3059468.32857","4881468.96594, 3509468.32857",574113.473517773
"2470","40","52","1794","1","1","0","4991468.96594, 3049468.32857","4881468.96594, 3509468.32857",589306.644289612
"2471","40","53","1795","0","1","1","4991468.96594, 3039468.32857","4881468.96594, 3509468.32857",596796.215115432
"2472","40","54","1796","1","1","1","4991468.96594, 3029468.32857","4881468.96594, 3509468.32857",614570.706472515
"2473","40","55","1797","1","1","0","4991468.96594, 3019468.32857","4881468.96594, 3509468.32857",646323.015148003
"2474","40","56","1798","1","1","0","4991468.96594, 3009468.32857","4881468.96594, 3509468.32857",646323.015148003
"2475","40","57","1799","0","0","0","4991468.96594, 2999468.32857","4881468.96594, 3509468.32857",668551.596766527
"2476","40","58","1800","0","1","0","4991468.96594, 2989468.32857","4881468.96594, 3509468.32857",663024.216985513
"2477","40","59","1801","0","0","0","4991468.96594, 2979468.32857","4881468.96594, 3509468.32857",663024.216985513
"2478","40","60","1802","0","0","0","4991756.66982, 2970480.92007","4881468.96594, 3509468.32857",673503.266725012
"2485","41","5","1803","0","0","0","5001471.88647, 3519288.08099","4881468.96594, 3509468.32857",224874.565740948
"2486","41","6","1804","0","0","0","5001468.96594, 3509468.32857","4881468.96594, 3509468.32857",224874.565740948
"2487","41","7","1805","0","0","0","5001468.96594, 3499468.32857","4881468.96594, 3509468.32857",196283.076851927
"2488","41","8","1806","1","0","0","5001468.96594, 3489468.32857","4881468.96594, 3509468.32857",193967.155419534
"2489","41","9","1807","1","1","0","5001468.96594, 3479468.32857","4881468.96594, 3509468.32857",186250.457741151
"2490","41","10","1808","1","1","0","5001468.96594, 3469468.32857","4881468.96594, 3509468.32857",176745.516457012
"2491","41","11","1809","1","1","0","5001468.96594, 3459468.32857","4881468.96594, 3509468.32857",167121.354174989
"2492","41","12","1810","1","1","0","5001468.96594, 3449468.32857","4881468.96594, 3509468.32857",179470.414819127
"2493","41","13","1811","1","1","0","5001468.96594, 3439468.32857","4881468.96594, 3509468.32857",198623.806045651
"2494","41","14","1812","1","1","0","5001468.96594, 3429468.32857","4881468.96594, 3509468.32857",209418.008768904
"2495","41","15","1813","1","0","0","5001468.96594, 3419468.32857","4881468.96594, 3509468.32857",219459.961728763
"2496","41","16","1814","0","1","0","5001468.96594, 3409468.32857","4881468.96594, 3509468.32857",200600.549931993
"2497","41","17","1815","0","1","0","5001468.96594, 3399468.32857","4881468.96594, 3509468.32857",190555.095543852
"2498","41","18","1816","0","1","0","5001468.96594, 3389468.32857","4881468.96594, 3509468.32857",195021.722518937
"2499","41","19","1817","0","0","0","5001468.96594, 3379468.32857","4881468.96594, 3509468.32857",198857.229830604
"2500","41","20","1818","0","0","0","5001468.96594, 3369468.32857","4881468.96594, 3509468.32857",213138.279497973
"2501","41","21","1819","0","0","0","5001468.96594, 3359468.32857","4881468.96594, 3509468.32857",251905.569172337
"2502","41","22","1820","1","1","0","5001468.96594, 3349468.32857","4881468.96594, 3509468.32857",254686.702723837
"2503","41","23","1821","1","1","0","5001468.96594, 3339468.32857","4881468.96594, 3509468.32857",259451.855501948
"2504","41","24","1822","1","0","0","5001468.96594, 3329468.32857","4881468.96594, 3509468.32857",264809.872523026
"2505","41","25","1823","0","0","0","5001468.96594, 3319468.32857","4881468.96594, 3509468.32857",268037.465549112
"2506","41","26","1824","1","0","0","5001468.96594, 3309468.32857","4881468.96594, 3509468.32857",259633.664799404
"2507","41","27","1825","1","0","1","5001468.96594, 3299468.32857","4881468.96594, 3509468.32857",359940.228210939
"2508","41","28","1826","0","0","0","5001468.96594, 3289468.32857","4881468.96594, 3509468.32857",359940.228210939
"2509","41","29","1827","0","0","0","5001468.96594, 3279468.32857","4881468.96594, 3509468.32857",331265.481389341
"2510","41","30","1828","1","1","0","5001468.96594, 3269468.32857","4881468.96594, 3509468.32857",335211.89430511
"2511","41","31","1829","1","1","0","5001468.96594, 3259468.32857","4881468.96594, 3509468.32857",344087.725518137
"2512","41","32","1830","1","1","0","5001468.96594, 3249468.32857","4881468.96594, 3509468.32857",375681.177243964
"2513","41","33","1831","1","1","0","5001468.96594, 3239468.32857","4881468.96594, 3509468.32857",380892.02515418
"2514","41","34","1832","1","1","0","5001468.96594, 3229468.32857","4881468.96594, 3509468.32857",388471.837729442
"2515","41","35","1833","0","1","0","5001468.96594, 3219468.32857","4881468.96594, 3509468.32857",388810.875016598
"2516","41","36","1834","0","0","0","5001468.96594, 3209468.32857","4881468.96594, 3509468.32857",393801.588319563
"2517","41","37","1835","1","0","0","5001468.96594, 3199468.32857","4881468.96594, 3509468.32857",405715.607317941
"2518","41","38","1836","1","0","0","5001468.96594, 3189468.32857","4881468.96594, 3509468.32857",417019.696472106
"2519","41","39","1837","0","0","0","5001468.96594, 3179468.32857","4881468.96594, 3509468.32857",427301.274460665
"2520","41","40","1838","0","0","0","5001468.96594, 3169468.32857","4881468.96594, 3509468.32857",433642.581566007
"2521","41","41","1839","1","0","0","5001468.96594, 3159468.32857","4881468.96594, 3509468.32857",439766.709663932
"2522","41","42","1840","1","0","0","5001468.96594, 3149468.32857","4881468.96594, 3509468.32857",439766.709663932
"2523","41","43","1841","0","0","0","5001468.96594, 3139468.32857","4881468.96594, 3509468.32857",508635.7122218
"2524","41","44","1842","0","0","0","5001468.96594, 3129468.32857","4881468.96594, 3509468.32857",510538.004378128
"2525","41","45","1843","0","1","0","5001468.96594, 3119468.32857","4881468.96594, 3509468.32857",517875.323015855
"2526","41","46","1844","1","1","0","5001468.96594, 3109468.32857","4881468.96594, 3509468.32857",519366.880755398
"2527","41","47","1845","1","1","0","5001468.96594, 3099468.32857","4881468.96594, 3509468.32857",533246.585974409
"2528","41","48","1846","1","0","0","5001468.96594, 3089468.32857","4881468.96594, 3509468.32857",533246.585974409
"2529","41","49","1847","0","0","0","5001468.96594, 3079468.32857","4881468.96594, 3509468.32857",576314.644703102
"2530","41","50","1848","0","1","0","5001468.96594, 3069468.32857","4881468.96594, 3509468.32857",585487.176244241
"2531","41","51","1849","1","1","0","5001468.96594, 3059468.32857","4881468.96594, 3509468.32857",583012.881788511
"2532","41","52","1850","1","1","0","5001468.96594, 3049468.32857","4881468.96594, 3509468.32857",599268.002961306
"2533","41","53","1851","1","0","1","5001468.96594, 3039468.32857","4881468.96594, 3509468.32857",602091.446826071
"2534","41","54","1852","1","1","1","5001468.96594, 3029468.32857","4881468.96594, 3509468.32857",627228.966920578
"2535","41","55","1853","1","1","0","5001468.96594, 3019468.32857","4881468.96594, 3509468.32857",634732.684228669
"2536","41","56","1854","1","0","0","5001468.96594, 3009468.32857","4881468.96594, 3509468.32857",640523.32771907
"2537","41","57","1855","0","1","0","5001468.96594, 2999468.32857","4881468.96594, 3509468.32857",668052.447739941
"2538","41","58","1856","0","1","0","5001468.96594, 2989468.32857","4881468.96594, 3509468.32857",668551.596766527
"2539","41","59","1857","1","0","0","5001468.96594, 2979468.32857","4881468.96594, 3509468.32857",664893.934917167
"2540","41","60","1858","1","0","0","5001510.56563, 2969516.61952",,
"2541","41","61","1859","1","0","0","5004041.07925, 2963806.44193",,
"2547","42","5","1860","1","0","0","5011471.87627, 3519304.97242","4881468.96594, 3509468.32857",248565.908086701
"2548","42","6","1861","0","0","0","5011468.96594, 3509468.32857","4881468.96594, 3509468.32857",248565.908086701
"2549","42","7","1862","1","0","0","5011468.96594, 3499468.32857","4881468.96594, 3509468.32857",189067.812042951
"2550","42","8","1863","1","0","0","5011468.96594, 3489468.32857","4881468.96594, 3509468.32857",186250.457741151
"2551","42","9","1864","0","0","0","5011468.96594, 3479468.32857","4881468.96594, 3509468.32857",184390.342403948
"2552","42","10","1865","1","0","0","5011468.96594, 3469468.32857","4881468.96594, 3509468.32857",185166.346333046
"2553","42","11","1866","1","1","0","5011468.96594, 3459468.32857","4881468.96594, 3509468.32857",179273.735995207
"2554","42","12","1867","1","1","0","5011468.96594, 3449468.32857","4881468.96594, 3509468.32857",186180.99780324
"2555","42","13","1868","0","1","0","5011468.96594, 3439468.32857","4881468.96594, 3509468.32857",191079.074749067
"2556","42","14","1869","1","1","0","5011468.96594, 3429468.32857","4881468.96594, 3509468.32857",213675.988014972
"2557","42","15","1870","1","1","0","5011468.96594, 3419468.32857","4881468.96594, 3509468.32857",215781.083986432
"2558","42","16","1871","1","1","0","5011468.96594, 3409468.32857","4881468.96594, 3509468.32857",207703.332003678
"2559","42","17","1872","1","0","0","5011468.96594, 3399468.32857","4881468.96594, 3509468.32857",195452.455519483
"2560","42","18","1873","1","1","0","5011468.96594, 3389468.32857","4881468.96594, 3509468.32857",201520.071679385
"2561","42","19","1874","1","1","0","5011468.96594, 3379468.32857","4881468.96594, 3509468.32857",208269.075551848
"2562","42","20","1875","1","0","0","5011468.96594, 3369468.32857","4881468.96594, 3509468.32857",215495.454428966
"2563","42","21","1876","1","0","0","5011468.96594, 3359468.32857","4881468.96594, 3509468.32857",227121.677940889
"2564","42","22","1877","1","0","0","5011468.96594, 3349468.32857","4881468.96594, 3509468.32857",259451.855501948
"2565","42","23","1878","1","1","0","5011468.96594, 3339468.32857","4881468.96594, 3509468.32857",268037.465549112
"2566","42","24","1879","1","1","0","5011468.96594, 3329468.32857","4881468.96594, 3509468.32857",272157.113981674
"2567","42","25","1880","1","0","0","5011468.96594, 3319468.32857","4881468.96594, 3509468.32857",280371.874118821
"2568","42","26","1881","1","0","0","5011468.96594, 3309468.32857","4881468.96594, 3509468.32857",283748.764735963
"2569","42","27","1882","1","0","1","5011468.96594, 3299468.32857","4881468.96594, 3509468.32857",362694.035792251
"2570","42","28","1883","1","0","0","5011468.96594, 3289468.32857","4881468.96594, 3509468.32857",362694.035792251
"2571","42","29","1884","1","1","0","5011468.96594, 3279468.32857","4881468.96594, 3509468.32857",354517.915389663
"2572","42","30","1885","1","1","0","5011468.96594, 3269468.32857","4881468.96594, 3509468.32857",346280.597005631
"2573","42","31","1886","1","1","0","5011468.96594, 3259468.32857","4881468.96594, 3509468.32857",351021.561070925
"2574","42","32","1887","1","1","0","5011468.96594, 3249468.32857","4881468.96594, 3509468.32857",363780.44884833
"2575","42","33","1888","1","1","0","5011468.96594, 3239468.32857","4881468.96594, 3509468.32857",395005.75257559
"2576","42","34","1889","1","1","0","5011468.96594, 3229468.32857","4881468.96594, 3509468.32857",400705.226219017
"2577","42","35","1890","1","1","0","5011468.96594, 3219468.32857","4881468.96594, 3509468.32857",393801.588319563
"2578","42","36","1891","1","1","0","5011468.96594, 3209468.32857","4881468.96594, 3509468.32857",400295.713636674
"2579","42","37","1892","1","0","0","5011468.96594, 3199468.32857","4881468.96594, 3509468.32857",411925.978244154
"2580","42","38","1893","1","0","0","5011468.96594, 3189468.32857","4881468.96594, 3509468.32857",418664.075474373
"2581","42","39","1894","1","0","0","5011468.96594, 3179468.32857","4881468.96594, 3509468.32857",446280.140159776
"2582","42","40","1895","0","0","0","5011468.96594, 3169468.32857","4881468.96594, 3509468.32857",455001.278200902
"2583","42","41","1896","1","0","0","5011468.96594, 3159468.32857","4881468.96594, 3509468.32857",462410.683024854
"2584","42","42","1897","0","0","0","5011468.96594, 3149468.32857","4881468.96594, 3509468.32857",471402.706724835
"2585","42","43","1898","0","0","0","5011468.96594, 3139468.32857","4881468.96594, 3509468.32857",489122.707229466
"2586","42","44","1899","0","1","0","5011468.96594, 3129468.32857","4881468.96594, 3509468.32857",503348.002799591
"2587","42","45","1900","0","1","0","5011468.96594, 3119468.32857","4881468.96594, 3509468.32857",506740.911603775
"2588","42","46","1901","1","1","0","5011468.96594, 3109468.32857","4881468.96594, 3509468.32857",516211.546432352
"2589","42","47","1902","1","1","0","5011468.96594, 3099468.32857","4881468.96594, 3509468.32857",526976.427556313
"2590","42","48","1903","0","0","0","5011468.96594, 3089468.32857","4881468.96594, 3509468.32857",530613.917684792
"2591","42","49","1904","0","1","0","5011468.96594, 3079468.32857","4881468.96594, 3509468.32857",571415.080823533
"2592","42","50","1905","0","1","0","5011468.96594, 3069468.32857","4881468.96594, 3509468.32857",579005.90826854
"2593","42","51","1906","1","0","0","5011468.96594, 3059468.32857","4881468.96594, 3509468.32857",585798.134643443
"2594","42","52","1907","1","1","0","5011468.96594, 3049468.32857","4881468.96594, 3509468.32857",609554.700550936
"2595","42","53","1908","1","0","0","5011468.96594, 3039468.32857","4881468.96594, 3509468.32857",611402.509174423
"2596","42","54","1909","1","1","1","5011468.96594, 3029468.32857","4881468.96594, 3509468.32857",630458.020259125
"2597","42","55","1910","1","1","0","5011468.96594, 3019468.32857","4881468.96594, 3509468.32857",644865.142091154
"2598","42","56","1911","1","1","0","5011468.96594, 3009468.32857","4881468.96594, 3509468.32857",652492.653377636
"2599","42","57","1912","1","1","0","5011468.96594, 2999468.32857","4881468.96594, 3509468.32857",660401.867618778
"2600","42","58","1913","0","0","0","5011468.96594, 2989468.32857","4881468.96594, 3509468.32857",669049.167673946
"2601","42","59","1914","0","0","0","5011468.96594, 2979468.32857",,
"2602","42","60","1915","1","0","0","5011468.96594, 2969468.32857",,
"2603","42","61","1916","1","1","0","5012147.37395, 2962701.47931",,
"2609","43","5","1917","1","0","0","5021471.86614, 3519321.86385","4881468.96594, 3509468.32857",248565.908086701
"2610","43","6","1918","1","0","0","5021468.96594, 3509468.32857","4881468.96594, 3509468.32857",248565.908086701
"2611","43","7","1919","1","0","0","5021468.96594, 3499468.32857","4881468.96594, 3509468.32857",231596.928329004
"2612","43","8","1920","0","0","0","5021468.96594, 3489468.32857","4881468.96594, 3509468.32857",224699.663817809
"2613","43","9","1921","0","0","0","5021468.96594, 3479468.32857","4881468.96594, 3509468.32857",200333.627267179
"2614","43","10","1922","1","1","0","5021468.96594, 3469468.32857","4881468.96594, 3509468.32857",192922.257334933
"2615","43","11","1923","1","1","0","5021468.96594, 3459468.32857","4881468.96594, 3509468.32857",185166.346333046
"2616","43","12","1924","1","1","0","5021468.96594, 3449468.32857","4881468.96594, 3509468.32857",195603.207580297
"2617","43","13","1925","0","0","0","5021468.96594, 3439468.32857","4881468.96594, 3509468.32857",201562.622017544
"2618","43","14","1926","1","0","0","5021468.96594, 3429468.32857","4881468.96594, 3509468.32857",216242.977628833
"2619","43","15","1927","0","0","0","5021468.96594, 3419468.32857","4881468.96594, 3509468.32857",213312.91341479
"2620","43","16","1928","0","0","0","5021468.96594, 3409468.32857","4881468.96594, 3509468.32857",207703.332003678
"2621","43","17","1929","0","0","0","5021468.96594, 3399468.32857","4881468.96594, 3509468.32857",207703.332003678
"2622","43","18","1930","0","0","0","5021468.96594, 3389468.32857","4881468.96594, 3509468.32857",204432.030646205
"2623","43","19","1931","0","1","0","5021468.96594, 3379468.32857","4881468.96594, 3509468.32857",215495.454428966
"2624","43","20","1932","0","1","0","5021468.96594, 3369468.32857","4881468.96594, 3509468.32857",222376.192431316
"2625","43","21","1933","1","1","0","5021468.96594, 3359468.32857","4881468.96594, 3509468.32857",229819.014073384
"2626","43","22","1934","1","0","0","5021468.96594, 3349468.32857","4881468.96594, 3509468.32857",237194.643294588
"2627","43","23","1935","1","0","0","5021468.96594, 3339468.32857","4881468.96594, 3509468.32857",277030.658946716
"2628","43","24","1936","1","1","0","5021468.96594, 3329468.32857","4881468.96594, 3509468.32857",280371.874118821
"2629","43","25","1937","1","0","0","5021468.96594, 3319468.32857","4881468.96594, 3509468.32857",283748.764735963
"2630","43","26","1938","1","0","0","5021468.96594, 3309468.32857","4881468.96594, 3509468.32857",286800.240263115
"2631","43","27","1939","1","0","1","5021468.96594, 3299468.32857","4881468.96594, 3509468.32857",362694.035792251
"2632","43","28","1940","1","0","0","5021468.96594, 3289468.32857","4881468.96594, 3509468.32857",364508.970876776
"2633","43","29","1941","1","1","0","5021468.96594, 3279468.32857","4881468.96594, 3509468.32857",364508.970876776
"2634","43","30","1942","1","0","0","5021468.96594, 3269468.32857","4881468.96594, 3509468.32857",350466.073393549
"2635","43","31","1943","0","1","0","5021468.96594, 3259468.32857","4881468.96594, 3509468.32857",368241.278085491
"2636","43","32","1944","1","0","0","5021468.96594, 3249468.32857","4881468.96594, 3509468.32857",363033.32920137
"2637","43","33","1945","0","1","0","5021468.96594, 3239468.32857","4881468.96594, 3509468.32857",415354.553524278
"2638","43","34","1946","1","1","0","5021468.96594, 3229468.32857","4881468.96594, 3509468.32857",409963.110357993
"2639","43","35","1947","1","0","0","5021468.96594, 3219468.32857","4881468.96594, 3509468.32857",412434.865470173
"2640","43","36","1948","1","1","0","5021468.96594, 3209468.32857","4881468.96594, 3509468.32857",412434.865470173
"2641","43","37","1949","0","1","0","5021468.96594, 3199468.32857","4881468.96594, 3509468.32857",418664.075474373
"2642","43","38","1950","1","1","0","5021468.96594, 3189468.32857","4881468.96594, 3509468.32857",423576.641165
"2643","43","39","1951","1","1","0","5021468.96594, 3179468.32857","4881468.96594, 3509468.32857",444593.946607779
"2644","43","40","1952","0","1","0","5021468.96594, 3169468.32857","4881468.96594, 3509468.32857",452840.539311985
"2645","43","41","1953","1","1","0","5021468.96594, 3159468.32857","4881468.96594, 3509468.32857",463958.192694362
"2646","43","42","1954","0","1","0","5021468.96594, 3149468.32857","4881468.96594, 3509468.32857",472918.83160558
"2647","43","43","1955","0","1","0","5021468.96594, 3139468.32857","4881468.96594, 3509468.32857",485459.029302586
"2648","43","44","1956","0","1","0","5021468.96594, 3129468.32857","4881468.96594, 3509468.32857",501915.306248235
"2649","43","45","1957","0","1","0","5021468.96594, 3119468.32857","4881468.96594, 3509468.32857",503386.506862642
"2650","43","46","1958","1","0","0","5021468.96594, 3109468.32857","4881468.96594, 3509468.32857",522581.079147051
"2651","43","47","1959","0","1","0","5021468.96594, 3099468.32857","4881468.96594, 3509468.32857",532379.380019762
"2652","43","48","1960","0","1","0","5021468.96594, 3089468.32857","4881468.96594, 3509468.32857",550135.84486294
"2653","43","49","1961","0","1","0","5021468.96594, 3079468.32857","4881468.96594, 3509468.32857",561049.023548199
"2654","43","50","1962","0","0","0","5021468.96594, 3069468.32857","4881468.96594, 3509468.32857",561049.023548199
"2655","43","51","1963","1","0","0","5021468.96594, 3059468.32857","4881468.96594, 3509468.32857",610378.564836293
"2656","43","52","1964","1","1","0","5021468.96594, 3049468.32857","4881468.96594, 3509468.32857",608605.301887983
"2657","43","53","1965","1","1","1","5021468.96594, 3039468.32857","4881468.96594, 3509468.32857",604955.308863278
"2658","43","54","1966","1","1","1","5021468.96594, 3029468.32857","4881468.96594, 3509468.32857",622848.19155147
"2659","43","55","1967","1","1","0","5021468.96594, 3019468.32857","4881468.96594, 3509468.32857",631032.934431229
"2660","43","56","1968","0","0","0","5021468.96594, 3009468.32857","4881468.96594, 3509468.32857",664869.491694768
"2661","43","57","1969","1","1","0","5021468.96594, 2999468.32857","4881468.96594, 3509468.32857",670979.573307534
"2662","43","58","1970","1","0","0","5021468.96594, 2989468.32857","4881468.96594, 3509468.32857",676678.114817441
"2663","43","59","1971","1","0","0","5021468.96594, 2979468.32857","4881468.96594, 3509468.32857",695041.986785621
"2664","43","60","1972","1","0","0","5021468.96594, 2969468.32857",,
"2665","43","61","1973","1","1","0","5021842.93204, 2961379.88545",,
"2671","44","5","1974","0","0","0","5031471.85609, 3519338.75529","4881468.96594, 3509468.32857",248565.908086701
"2672","44","6","1975","0","0","0","5031468.96594, 3509468.32857","4881468.96594, 3509468.32857",248565.908086701
"2673","44","7","1976","1","0","0","5031468.96594, 3499468.32857","4881468.96594, 3509468.32857",231596.928329004
"2674","44","8","1977","1","0","0","5031468.96594, 3489468.32857","4881468.96594, 3509468.32857",224699.663817809
"2675","44","9","1978","1","1","0","5031468.96594, 3479468.32857","4881468.96594, 3509468.32857",208990.943871014
"2676","44","10","1979","1","1","0","5031468.96594, 3469468.32857","4881468.96594, 3509468.32857",203064.479787475
"2677","44","11","1980","0","0","0","5031468.96594, 3459468.32857","4881468.96594, 3509468.32857",196001.664884676
"2678","44","12","1981","1","1","0","5031468.96594, 3449468.32857","4881468.96594, 3509468.32857",201562.622017544
"2679","44","13","1982","1","1","0","5031468.96594, 3439468.32857","4881468.96594, 3509468.32857",207659.516705303
"2680","44","14","1983","1","0","0","5031468.96594, 3429468.32857","4881468.96594, 3509468.32857",207659.516705303
"2681","44","15","1984","0","0","0","5031468.96594, 3419468.32857","4881468.96594, 3509468.32857",240489.094723227
"2682","44","16","1985","0","0","0","5031468.96594, 3409468.32857","4881468.96594, 3509468.32857",240489.094723227
"2683","44","17","1986","0","0","0","5031468.96594, 3399468.32857","4881468.96594, 3509468.32857",207703.332003678
"2684","44","18","1987","0","0","0","5031468.96594, 3389468.32857","4881468.96594, 3509468.32857",210068.82560318
"2685","44","19","1988","0","0","0","5031468.96594, 3379468.32857","4881468.96594, 3509468.32857",222376.192431316
"2686","44","20","1989","0","0","0","5031468.96594, 3369468.32857","4881468.96594, 3509468.32857",232598.373752604
"2687","44","21","1990","1","1","0","5031468.96594, 3359468.32857","4881468.96594, 3509468.32857",237194.643294588
"2688","44","22","1991","1","1","0","5031468.96594, 3349468.32857","4881468.96594, 3509468.32857",246165.372284143
"2689","44","23","1992","1","0","0","5031468.96594, 3339468.32857","4881468.96594, 3509468.32857",255668.434877541
"2690","44","24","1993","1","1","0","5031468.96594, 3329468.32857","4881468.96594, 3509468.32857",289149.512418206
"2691","44","25","1994","1","0","0","5031468.96594, 3319468.32857","4881468.96594, 3509468.32857",289149.512418206
"2692","44","26","1995","1","0","1","5031468.96594, 3309468.32857","4881468.96594, 3509468.32857",291788.051655073
"2693","44","27","1996","0","0","1","5031468.96594, 3299468.32857","4881468.96594, 3509468.32857",370863.271150051
"2694","44","28","1997","1","0","0","5031468.96594, 3289468.32857","4881468.96594, 3509468.32857",370863.271150051
"2695","44","29","1998","0","1","0","5031468.96594, 3279468.32857","4881468.96594, 3509468.32857",370863.271150051
"2696","44","30","1999","1","1","0","5031468.96594, 3269468.32857","4881468.96594, 3509468.32857",374570.997602549
"2697","44","31","2000","1","1","0","5031468.96594, 3259468.32857","4881468.96594, 3509468.32857",377582.99989944
"2698","44","32","2001","1","0","0","5031468.96594, 3249468.32857","4881468.96594, 3509468.32857",389613.930031271
"2699","44","33","2002","1","1","0","5031468.96594, 3239468.32857","4881468.96594, 3509468.32857",411643.110585935
"2700","44","34","2003","1","0","0","5031468.96594, 3229468.32857","4881468.96594, 3509468.32857",409024.136335162
"2701","44","35","2004","0","0","0","5031468.96594, 3219468.32857","4881468.96594, 3509468.32857",418780.263313935
"2702","44","36","2005","1","0","0","5031468.96594, 3209468.32857","4881468.96594, 3509468.32857",427967.137391814
"2703","44","37","2006","0","1","0","5031468.96594, 3199468.32857","4881468.96594, 3509468.32857",425878.57083626
"2704","44","38","2007","1","1","0","5031468.96594, 3189468.32857","4881468.96594, 3509468.32857",432119.256286435
"2705","44","39","2008","1","1","0","5031468.96594, 3179468.32857","4881468.96594, 3509468.32857",438778.578063024
"2706","44","40","2009","1","0","0","5031468.96594, 3169468.32857","4881468.96594, 3509468.32857",452840.539311985
"2707","44","41","2010","1","0","0","5031468.96594, 3159468.32857","4881468.96594, 3509468.32857",463958.192694362
"2708","44","42","2011","0","0","0","5031468.96594, 3149468.32857","4881468.96594, 3509468.32857",472918.83160558
"2709","44","43","2012","0","0","0","5031468.96594, 3139468.32857","4881468.96594, 3509468.32857",513915.829735312
"2710","44","44","2013","0","1","0","5031468.96594, 3129468.32857","4881468.96594, 3509468.32857",509055.510589471
"2711","44","45","2014","0","0","0","5031468.96594, 3119468.32857","4881468.96594, 3509468.32857",509055.510589471
"2712","44","46","2015","1","0","0","5031468.96594, 3109468.32857","4881468.96594, 3509468.32857",561049.145724525
"2713","44","47","2016","0","1","0","5031468.96594, 3099468.32857","4881468.96594, 3509468.32857",553133.457269151
"2714","44","48","2017","0","1","0","5031468.96594, 3089468.32857","4881468.96594, 3509468.32857",544160.268649401
"2715","44","49","2018","1","1","0","5031468.96594, 3079468.32857","4881468.96594, 3509468.32857",555693.496269162
"2716","44","50","2019","1","1","0","5031468.96594, 3069468.32857","4881468.96594, 3509468.32857",566715.712945088
"2717","44","51","2020","1","1","0","5031468.96594, 3059468.32857","4881468.96594, 3509468.32857",580429.26974376
"2718","44","52","2021","1","1","0","5031468.96594, 3049468.32857","4881468.96594, 3509468.32857",595533.305975512
"2719","44","53","2022","1","1","1","5031468.96594, 3039468.32857","4881468.96594, 3509468.32857",604779.00160902
"2720","44","54","2023","1","1","0","5031468.96594, 3029468.32857","4881468.96594, 3509468.32857",613365.455598758
"2721","44","55","2024","1","0","0","5031468.96594, 3019468.32857","4881468.96594, 3509468.32857",627232.151512855
"2722","44","56","2025","1","0","0","5031468.96594, 3009468.32857","4881468.96594, 3509468.32857",674259.150532546
"2723","44","57","2026","1","1","0","5031468.96594, 2999468.32857","4881468.96594, 3509468.32857",681671.702654402
"2724","44","58","2027","1","1","0","5031468.96594, 2989468.32857","4881468.96594, 3509468.32857",691668.484426487
"2725","44","59","2028","0","0","0","5031468.96594, 2979468.32857","4881468.96594, 3509468.32857",695041.986785621
"2726","44","60","2029","0","0","0","5031468.96594, 2969468.32857","4881468.96594, 3509468.32857",719554.280906979
"2727","44","61","2030","0","0","0","5031724.54121, 2960035.74239","4881468.96594, 3509468.32857",728115.686965372
"2728","44","62","2031","0","0","0","5036268.18166, 2954413.59107","4881468.96594, 3509468.32857",728115.686965372
"2733","45","5","2032","0","0","0","5041471.8461, 3519355.64672","4881468.96594, 3509468.32857",248565.908086701
"2734","45","6","2033","0","1","0","5041468.96594, 3509468.32857","4881468.96594, 3509468.32857",245899.924543971
"2735","45","7","2034","0","1","0","5041468.96594, 3499468.32857","4881468.96594, 3509468.32857",234641.882398338
"2736","45","8","2035","0","1","0","5041468.96594, 3489468.32857","4881468.96594, 3509468.32857",221049.035771019
"2737","45","9","2036","0","1","0","5041468.96594, 3479468.32857","4881468.96594, 3509468.32857",215631.809890222
"2738","45","10","2037","1","1","0","5041468.96594, 3469468.32857","4881468.96594, 3509468.32857",222877.685450862
"2739","45","11","2038","1","0","0","5041468.96594, 3459468.32857","4881468.96594, 3509468.32857",224591.789867325
"2740","45","12","2039","1","0","0","5041468.96594, 3449468.32857","4881468.96594, 3509468.32857",212173.080866156
"2741","45","13","2040","1","1","0","5041468.96594, 3439468.32857","4881468.96594, 3509468.32857",216665.079907136
"2742","45","14","2041","1","1","0","5041468.96594, 3429468.32857","4881468.96594, 3509468.32857",227790.975965986
"2743","45","15","2042","1","1","0","5041468.96594, 3419468.32857","4881468.96594, 3509468.32857",240489.094723227
"2744","45","16","2043","1","0","0","5041468.96594, 3409468.32857","4881468.96594, 3509468.32857",240489.094723227
"2745","45","17","2044","1","0","0","5041468.96594, 3399468.32857","4881468.96594, 3509468.32857",240489.094723227
"2746","45","18","2045","1","0","0","5041468.96594, 3389468.32857","4881468.96594, 3509468.32857",222376.192431316
"2747","45","19","2046","1","0","0","5041468.96594, 3379468.32857","4881468.96594, 3509468.32857",225052.990960604
"2748","45","20","2047","0","0","0","5041468.96594, 3369468.32857","4881468.96594, 3509468.32857",237194.643294588
"2749","45","21","2048","1","0","0","5041468.96594, 3359468.32857","4881468.96594, 3509468.32857",243703.778061139
"2750","45","22","2049","0","1","0","5041468.96594, 3349468.32857","4881468.96594, 3509468.32857",251702.74972497
"2751","45","23","2050","0","1","0","5041468.96594, 3339468.32857","4881468.96594, 3509468.32857",259740.759778802
"2752","45","24","2051","0","1","0","5041468.96594, 3329468.32857","4881468.96594, 3509468.32857",280091.823841871
"2753","45","25","2052","1","0","0","5041468.96594, 3319468.32857","4881468.96594, 3509468.32857",282609.866831734
"2754","45","26","2053","1","1","1","5041468.96594, 3309468.32857","4881468.96594, 3509468.32857",291788.051655073
"2755","45","27","2054","0","0","0","5041468.96594, 3299468.32857","4881468.96594, 3509468.32857",291788.051655073
"2756","45","28","2055","1","1","0","5041468.96594, 3289468.32857","4881468.96594, 3509468.32857",357609.540002497
"2757","45","29","2056","1","1","0","5041468.96594, 3279468.32857","4881468.96594, 3509468.32857",360689.399007164
"2758","45","30","2057","1","1","0","5041468.96594, 3269468.32857","4881468.96594, 3509468.32857",366281.699077067
"2759","45","31","2058","1","1","0","5041468.96594, 3259468.32857","4881468.96594, 3509468.32857",384502.784878666
"2760","45","32","2059","1","1","0","5041468.96594, 3249468.32857","4881468.96594, 3509468.32857",389613.930031271
"2761","45","33","2060","0","1","0","5041468.96594, 3239468.32857","4881468.96594, 3509468.32857",400487.039138714
"2762","45","34","2061","0","1","0","5041468.96594, 3229468.32857","4881468.96594, 3509468.32857",410086.283627345
"2763","45","35","2062","0","1","0","5041468.96594, 3219468.32857","4881468.96594, 3509468.32857",420445.212647486
"2764","45","36","2063","1","1","0","5041468.96594, 3209468.32857","4881468.96594, 3509468.32857",429656.685426986
"2765","45","37","2064","1","1","0","5041468.96594, 3199468.32857","4881468.96594, 3509468.32857",439330.982795111
"2766","45","38","2065","1","1","0","5041468.96594, 3189468.32857","4881468.96594, 3509468.32857",438103.453561084
"2767","45","39","2066","0","1","0","5041468.96594, 3179468.32857","4881468.96594, 3509468.32857",445620.139828008
"2768","45","40","2067","1","1","0","5041468.96594, 3169468.32857","4881468.96594, 3509468.32857",456694.094292856
"2769","45","41","2068","1","0","0","5041468.96594, 3159468.32857","4881468.96594, 3509468.32857",458907.854816382
"2770","45","42","2069","0","0","0","5041468.96594, 3149468.32857","4881468.96594, 3509468.32857",526648.382724653
"2771","45","43","2070","0","1","0","5041468.96594, 3139468.32857","4881468.96594, 3509468.32857",524861.872720722
"2772","45","44","2071","0","1","0","5041468.96594, 3129468.32857","4881468.96594, 3509468.32857",522787.964745811
"2773","45","45","2072","0","0","0","5041468.96594, 3119468.32857","4881468.96594, 3509468.32857",545308.366908199
"2774","45","46","2073","1","1","0","5041468.96594, 3109468.32857","4881468.96594, 3509468.32857",557711.395543312
"2775","45","47","2074","1","1","0","5041468.96594, 3099468.32857","4881468.96594, 3509468.32857",559412.94881543
"2776","45","48","2075","1","0","0","5041468.96594, 3089468.32857","4881468.96594, 3509468.32857",544160.268649401
"2777","45","49","2076","1","0","0","5041468.96594, 3079468.32857","4881468.96594, 3509468.32857",557928.571129375
"2778","45","50","2077","1","0","0","5041468.96594, 3069468.32857","4881468.96594, 3509468.32857",572418.878083387
"2779","45","51","2078","1","1","0","5041468.96594, 3059468.32857","4881468.96594, 3509468.32857",576784.423913256
"2780","45","52","2079","1","1","0","5041468.96594, 3049468.32857","4881468.96594, 3509468.32857",598406.952740775
"2781","45","53","2080","1","1","1","5041468.96594, 3039468.32857","4881468.96594, 3509468.32857",614115.11084948
"2782","45","54","2081","0","0","0","5041468.96594, 3029468.32857","4881468.96594, 3509468.32857",613994.319935819
"2783","45","55","2082","0","0","0","5041468.96594, 3019468.32857","4881468.96594, 3509468.32857",710611.666535858
"2784","45","56","2083","1","0","0","5041468.96594, 3009468.32857","4881468.96594, 3509468.32857",708235.49159267
"2785","45","57","2084","1","1","0","5041468.96594, 2999468.32857","4881468.96594, 3509468.32857",700387.192867093
"2786","45","58","2085","1","1","0","5041468.96594, 2989468.32857","4881468.96594, 3509468.32857",689188.860606066
"2787","45","59","2086","1","1","0","5041468.96594, 2979468.32857","4881468.96594, 3509468.32857",705922.523368316
"2788","45","60","2087","1","1","0","5041468.96594, 2969468.32857","4881468.96594, 3509468.32857",719554.280906979
"2789","45","61","2088","1","1","0","5041468.96594, 2959468.32857","4881468.96594, 3509468.32857",728115.686965372
"2790","45","62","2089","0","0","0","5042956.43622, 2953501.92038","4881468.96594, 3509468.32857",728115.686965372
"2794","46","4","2090","0","1","0","5054681.11971, 3524940.19442","4881468.96594, 3509468.32857",268997.445773799
"2795","46","5","2091","0","1","0","5051493.97468, 3519425.85722","4881468.96594, 3509468.32857",261519.091409355
"2796","46","6","2092","0","1","0","5051468.96594, 3509468.32857","4881468.96594, 3509468.32857",254857.048528854
"2797","46","7","2093","0","1","0","5051468.96594, 3499468.32857","4881468.96594, 3509468.32857",257318.125114369
"2798","46","8","2094","0","0","0","5051468.96594, 3489468.32857","4881468.96594, 3509468.32857",257318.125114369
"2799","46","9","2095","0","0","0","5051468.96594, 3479468.32857","4881468.96594, 3509468.32857",232356.710286232
"2800","46","10","2096","1","1","0","5051468.96594, 3469468.32857","4881468.96594, 3509468.32857",233885.723889309
"2801","46","11","2097","0","0","0","5051468.96594, 3459468.32857","4881468.96594, 3509468.32857",226679.157762026
"2802","46","12","2098","1","0","0","5051468.96594, 3449468.32857","4881468.96594, 3509468.32857",227818.36376422
"2803","46","13","2099","1","1","0","5051468.96594, 3439468.32857","4881468.96594, 3509468.32857",227818.36376422
"2804","46","14","2100","0","1","0","5051468.96594, 3429468.32857","4881468.96594, 3509468.32857",233038.488366281
"2805","46","15","2101","1","1","0","5051468.96594, 3419468.32857","4881468.96594, 3509468.32857",240489.094723227
"2806","46","16","2102","0","0","0","5051468.96594, 3409468.32857","4881468.96594, 3509468.32857",240489.094723227
"2807","46","17","2103","0","0","0","5051468.96594, 3399468.32857","4881468.96594, 3509468.32857",240489.094723227
"2808","46","18","2104","0","0","0","5051468.96594, 3389468.32857","4881468.96594, 3509468.32857",240489.094723227
"2809","46","19","2105","1","0","0","5051468.96594, 3379468.32857","4881468.96594, 3509468.32857",237194.643294588
"2810","46","20","2106","1","0","0","5051468.96594, 3369468.32857","4881468.96594, 3509468.32857",243703.778061139
"2811","46","21","2107","1","0","0","5051468.96594, 3359468.32857","4881468.96594, 3509468.32857",249506.837059846
"2812","46","22","2108","0","0","0","5051468.96594, 3349468.32857","4881468.96594, 3509468.32857",255668.434877541
"2813","46","23","2109","0","1","0","5051468.96594, 3339468.32857","4881468.96594, 3509468.32857",265379.245753966
"2814","46","24","2110","0","1","0","5051468.96594, 3329468.32857","4881468.96594, 3509468.32857",273494.620349949
"2815","46","25","2111","1","1","0","5051468.96594, 3319468.32857","4881468.96594, 3509468.32857",285027.148432772
"2816","46","26","2112","1","1","1","5051468.96594, 3309468.32857","4881468.96594, 3509468.32857",297823.035281074
"2817","46","27","2113","0","0","0","5051468.96594, 3299468.32857","4881468.96594, 3509468.32857",339827.38678008
"2818","46","28","2114","1","1","0","5051468.96594, 3289468.32857","4881468.96594, 3509468.32857",349574.357639015
"2819","46","29","2115","1","1","0","5051468.96594, 3279468.32857","4881468.96594, 3509468.32857",352038.912199877
"2820","46","30","2116","1","0","0","5051468.96594, 3269468.32857","4881468.96594, 3509468.32857",359891.820536097
"2821","46","31","2117","1","1","0","5051468.96594, 3259468.32857","4881468.96594, 3509468.32857",391089.165089067
"2822","46","32","2118","1","0","0","5051468.96594, 3249468.32857","4881468.96594, 3509468.32857",393902.58405674
"2823","46","33","2119","0","0","0","5051468.96594, 3239468.32857","4881468.96594, 3509468.32857",400487.039138714
"2824","46","34","2120","0","0","0","5051468.96594, 3229468.32857","4881468.96594, 3509468.32857",412468.900219579
"2825","46","35","2121","0","0","0","5051468.96594, 3219468.32857","4881468.96594, 3509468.32857",420445.212647486
"2826","46","36","2122","1","0","0","5051468.96594, 3209468.32857","4881468.96594, 3509468.32857",447642.049590675
"2827","46","37","2123","1","1","0","5051468.96594, 3199468.32857","4881468.96594, 3509468.32857",447642.049590675
"2828","46","38","2124","0","0","0","5051468.96594, 3189468.32857","4881468.96594, 3509468.32857",451184.987342612
"2829","46","39","2125","0","0","0","5051468.96594, 3179468.32857","4881468.96594, 3509468.32857",451386.142444073
"2830","46","40","2126","1","1","0","5051468.96594, 3169468.32857","4881468.96594, 3509468.32857",460597.717234614
"2831","46","41","2127","1","0","0","5051468.96594, 3159468.32857","4881468.96594, 3509468.32857",462564.336603877
"2832","46","42","2128","1","0","0","5051468.96594, 3149468.32857","4881468.96594, 3509468.32857",500324.813815882
"2833","46","43","2129","0","1","0","5051468.96594, 3139468.32857","4881468.96594, 3509468.32857",524753.523430714
"2834","46","44","2130","1","0","0","5051468.96594, 3129468.32857","4881468.96594, 3509468.32857",528888.880635532
"2835","46","45","2131","1","1","0","5051468.96594, 3119468.32857","4881468.96594, 3509468.32857",541425.080009913
"2836","46","46","2132","1","1","0","5051468.96594, 3109468.32857","4881468.96594, 3509468.32857",562550.316867372
"2837","46","47","2133","0","0","0","5051468.96594, 3099468.32857","4881468.96594, 3509468.32857",564586.494034181
"2838","46","48","2134","0","0","0","5051468.96594, 3089468.32857","4881468.96594, 3509468.32857",562982.582703247
"2839","46","49","2135","0","0","0","5051468.96594, 3079468.32857","4881468.96594, 3509468.32857",557928.571129375
"2840","46","50","2136","0","0","0","5051468.96594, 3069468.32857","4881468.96594, 3509468.32857",574457.918758152
"2841","46","51","2137","0","0","0","5051468.96594, 3059468.32857","4881468.96594, 3509468.32857",601914.380925707
"2842","46","52","2138","1","1","1","5051468.96594, 3049468.32857","4881468.96594, 3509468.32857",601914.380925707
"2843","46","53","2139","1","1","1","5051468.96594, 3039468.32857","4881468.96594, 3509468.32857",615527.668913563
"2844","46","54","2140","0","0","0","5051468.96594, 3029468.32857","4881468.96594, 3509468.32857",615527.668913563
"2845","46","55","2141","0","0","0","5051468.96594, 3019468.32857","4881468.96594, 3509468.32857",713754.374503577
"2846","46","56","2142","1","1","0","5051468.96594, 3009468.32857","4881468.96594, 3509468.32857",713754.374503577
"2847","46","57","2143","1","1","0","5051468.96594, 2999468.32857","4881468.96594, 3509468.32857",706231.318336811
"2848","46","58","2144","0","0","0","5051468.96594, 2989468.32857","4881468.96594, 3509468.32857",697379.860373747
"2849","46","59","2145","1","0","0","5051468.96594, 2979468.32857","4881468.96594, 3509468.32857",708826.486842573
"2850","46","60","2146","1","0","0","5051468.96594, 2969468.32857","4881468.96594, 3509468.32857",717684.739890622
"2851","46","61","2147","1","0","0","5051468.96594, 2959468.32857","4881468.96594, 3509468.32857",725744.276391047
"2852","46","62","2148","0","0","0","5052003.07342, 2952268.78041","4881468.96594, 3509468.32857",728115.686965372
"2856","47","4","2149","0","0","0","5062273.06709, 3525942.0649","4881468.96594, 3509468.32857",271085.479149439
"2857","47","5","2150","0","0","0","5061468.96594, 3519468.32857","4881468.96594, 3509468.32857",264440.785941618
"2858","47","6","2151","0","0","0","5061468.96594, 3509468.32857","4881468.96594, 3509468.32857",265633.907359445
"2859","47","7","2152","0","1","0","5061468.96594, 3499468.32857","4881468.96594, 3509468.32857",265633.907359445
"2860","47","8","2153","0","0","0","5061468.96594, 3489468.32857","4881468.96594, 3509468.32857",263762.908058743
"2861","47","9","2154","1","1","0","5061468.96594, 3479468.32857","4881468.96594, 3509468.32857",244035.98853035
"2862","47","10","2155","1","1","0","5061468.96594, 3469468.32857","4881468.96594, 3509468.32857",245684.597709855
"2863","47","11","2156","1","0","0","5061468.96594, 3459468.32857","4881468.96594, 3509468.32857",248974.771251381
"2864","47","12","2157","1","0","0","5061468.96594, 3449468.32857","4881468.96594, 3509468.32857",239283.926129289
"2865","47","13","2158","1","1","0","5061468.96594, 3439468.32857","4881468.96594, 3509468.32857",234854.420036252
"2866","47","14","2159","0","0","0","5061468.96594, 3429468.32857","4881468.96594, 3509468.32857",233113.870552016
"2867","47","15","2160","0","0","0","5061468.96594, 3419468.32857","4881468.96594, 3509468.32857",235980.474287359
"2868","47","16","2161","0","0","0","5061468.96594, 3409468.32857","4881468.96594, 3509468.32857",240489.094723227
"2869","47","17","2162","0","0","0","5061468.96594, 3399468.32857","4881468.96594, 3509468.32857",240489.094723227
"2870","47","18","2163","0","0","0","5061468.96594, 3389468.32857","4881468.96594, 3509468.32857",416696.799560749
"2871","47","19","2164","0","0","0","5061468.96594, 3379468.32857","4881468.96594, 3509468.32857",416696.799560749
"2872","47","20","2165","1","0","0","5061468.96594, 3369468.32857","4881468.96594, 3509468.32857",246165.372284143
"2873","47","21","2166","1","0","0","5061468.96594, 3359468.32857","4881468.96594, 3509468.32857",255668.434877541
"2874","47","22","2167","1","0","0","5061468.96594, 3349468.32857","4881468.96594, 3509468.32857",259740.759778802
"2875","47","23","2168","0","0","0","5061468.96594, 3339468.32857","4881468.96594, 3509468.32857",267317.16664263
"2876","47","24","2169","0","0","0","5061468.96594, 3329468.32857","4881468.96594, 3509468.32857",273494.620349949
"2877","47","25","2170","1","1","0","5061468.96594, 3319468.32857","4881468.96594, 3509468.32857",313559.011860333
"2878","47","26","2171","1","1","1","5061468.96594, 3309468.32857","4881468.96594, 3509468.32857",308217.479568311
"2879","47","27","2172","1","1","1","5061468.96594, 3299468.32857","4881468.96594, 3509468.32857",343556.243526088
"2880","47","28","2173","1","1","0","5061468.96594, 3289468.32857","4881468.96594, 3509468.32857",338265.931276283
"2881","47","29","2174","1","1","0","5061468.96594, 3279468.32857","4881468.96594, 3509468.32857",346824.5152594
"2882","47","30","2175","1","0","0","5061468.96594, 3269468.32857","4881468.96594, 3509468.32857",381004.491085463
"2883","47","31","2176","1","1","0","5061468.96594, 3259468.32857","4881468.96594, 3509468.32857",383337.422112318
"2884","47","32","2177","1","0","0","5061468.96594, 3249468.32857","4881468.96594, 3509468.32857",383337.422112318
"2885","47","33","2178","0","0","0","5061468.96594, 3239468.32857","4881468.96594, 3509468.32857",383337.422112318
"2886","47","34","2179","0","0","0","5061468.96594, 3229468.32857","4881468.96594, 3509468.32857",412468.900219579
"2887","47","35","2180","1","0","0","5061468.96594, 3219468.32857","4881468.96594, 3509468.32857",422316.843126061
"2888","47","36","2181","1","0","0","5061468.96594, 3209468.32857","4881468.96594, 3509468.32857",455034.289942219
"2889","47","37","2182","1","1","0","5061468.96594, 3199468.32857","4881468.96594, 3509468.32857",457095.273423292
"2890","47","38","2183","1","1","0","5061468.96594, 3189468.32857","4881468.96594, 3509468.32857",458780.774410482
"2891","47","39","2184","0","0","0","5061468.96594, 3179468.32857","4881468.96594, 3509468.32857",474527.70820177
"2892","47","40","2185","1","1","0","5061468.96594, 3169468.32857","4881468.96594, 3509468.32857",472605.031113051
"2893","47","41","2186","0","0","0","5061468.96594, 3159468.32857","4881468.96594, 3509468.32857",469393.995278232
"2894","47","42","2187","1","1","0","5061468.96594, 3149468.32857","4881468.96594, 3509468.32857",500324.813815882
"2895","47","43","2188","1","1","0","5061468.96594, 3139468.32857","4881468.96594, 3509468.32857",514382.378960398
"2896","47","44","2189","1","1","0","5061468.96594, 3129468.32857","4881468.96594, 3509468.32857",524112.963598531
"2897","47","45","2190","0","1","0","5061468.96594, 3119468.32857","4881468.96594, 3509468.32857",536853.010748272
"2898","47","46","2191","1","1","0","5061468.96594, 3109468.32857","4881468.96594, 3509468.32857",552399.271791098
"2899","47","47","2192","0","0","0","5061468.96594, 3099468.32857","4881468.96594, 3509468.32857",552399.271791098
"2900","47","48","2193","0","0","0","5061468.96594, 3089468.32857","4881468.96594, 3509468.32857",562847.806085481
"2901","47","49","2194","0","0","0","5061468.96594, 3079468.32857","4881468.96594, 3509468.32857",562847.806085481
"2902","47","50","2195","0","0","0","5061468.96594, 3069468.32857","4881468.96594, 3509468.32857",574457.918758152
"2903","47","51","2196","1","0","1","5061468.96594, 3059468.32857","4881468.96594, 3509468.32857",601914.380925707
"2904","47","52","2197","1","0","1","5061468.96594, 3049468.32857","4881468.96594, 3509468.32857",624670.529469091
"2905","47","53","2198","1","1","0","5061468.96594, 3039468.32857","4881468.96594, 3509468.32857",624670.529469091
"2906","47","54","2199","0","0","0","5061468.96594, 3029468.32857","4881468.96594, 3509468.32857",627311.347814584
"2907","47","55","2200","0","0","0","5061468.96594, 3019468.32857","4881468.96594, 3509468.32857",726898.804987662
"2908","47","56","2201","1","1","0","5061468.96594, 3009468.32857","4881468.96594, 3509468.32857",722631.146152647
"2909","47","57","2202","0","0","0","5061468.96594, 2999468.32857","4881468.96594, 3509468.32857",718137.982157956
"2910","47","58","2203","0","0","0","5061468.96594, 2989468.32857","4881468.96594, 3509468.32857",706231.318336811
"2911","47","59","2204","0","0","0","5061468.96594, 2979468.32857","4881468.96594, 3509468.32857",708826.486842573
"2912","47","60","2205","0","0","0","5061468.96594, 2969468.32857","4881468.96594, 3509468.32857",717684.739890622
"2913","47","61","2206","1","0","0","5061468.96594, 2959468.32857","4881468.96594, 3509468.32857",723759.861156443
"2914","47","62","2207","0","0","0","5060728.98429, 2952039.76086","4881468.96594, 3509468.32857",725744.276391047
"2918","48","4","2208","1","0","0","5071878.1941, 3527209.6044","4881468.96594, 3509468.32857",271085.479149439
"2919","48","5","2209","0","0","0","5071468.96594, 3519468.32857","4881468.96594, 3509468.32857",266052.585454683
"2920","48","6","2210","0","0","0","5071468.96594, 3509468.32857","4881468.96594, 3509468.32857",269222.642530053
"2921","48","7","2211","0","1","0","5071468.96594, 3499468.32857","4881468.96594, 3509468.32857",276672.082322155
"2922","48","8","2212","1","0","0","5071468.96594, 3489468.32857","4881468.96594, 3509468.32857",278535.294863809
"2923","48","9","2213","1","0","0","5071468.96594, 3479468.32857","4881468.96594, 3509468.32857",254321.49726935
"2924","48","10","2214","1","1","0","5071468.96594, 3469468.32857","4881468.96594, 3509468.32857",257017.788356287
"2925","48","11","2215","1","0","0","5071468.96594, 3459468.32857","4881468.96594, 3509468.32857",258602.391893833
"2926","48","12","2216","1","1","0","5071468.96594, 3449468.32857","4881468.96594, 3509468.32857",252134.48357739
"2927","48","13","2217","1","1","0","5071468.96594, 3439468.32857","4881468.96594, 3509468.32857",242322.840776841
"2928","48","14","2218","1","0","0","5071468.96594, 3429468.32857","4881468.96594, 3509468.32857",242322.840776841
"2929","48","15","2219","1","0","0","5071468.96594, 3419468.32857","4881468.96594, 3509468.32857",237180.097264191
"2930","48","16","2220","1","0","0","5071468.96594, 3409468.32857","4881468.96594, 3509468.32857",240489.094723227
"2931","48","17","2221","0","0","0","5071468.96594, 3399468.32857","4881468.96594, 3509468.32857",418401.686567838
"2932","48","18","2222","0","0","0","5071468.96594, 3389468.32857","4881468.96594, 3509468.32857",416696.799560749
"2933","48","19","2223","0","0","0","5071468.96594, 3379468.32857","4881468.96594, 3509468.32857",414857.059744317
"2934","48","20","2224","1","0","0","5071468.96594, 3369468.32857","4881468.96594, 3509468.32857",397401.774566779
"2935","48","21","2225","1","0","0","5071468.96594, 3359468.32857","4881468.96594, 3509468.32857",383775.520193296
"2936","48","22","2226","1","0","0","5071468.96594, 3349468.32857","4881468.96594, 3509468.32857",371544.677094282
"2937","48","23","2227","1","0","0","5071468.96594, 3339468.32857","4881468.96594, 3509468.32857",368448.156711102
"2938","48","24","2228","1","0","0","5071468.96594, 3329468.32857","4881468.96594, 3509468.32857",321715.800508726
"2939","48","25","2229","1","1","0","5071468.96594, 3319468.32857","4881468.96594, 3509468.32857",320026.682595997
"2940","48","26","2230","0","1","0","5071468.96594, 3309468.32857","4881468.96594, 3509468.32857",320026.682595997
"2941","48","27","2231","1","1","1","5071468.96594, 3299468.32857","4881468.96594, 3509468.32857",322163.157684982
"2942","48","28","2232","1","1","1","5071468.96594, 3289468.32857","4881468.96594, 3509468.32857",338737.751481768
"2943","48","29","2233","1","1","0","5071468.96594, 3279468.32857","4881468.96594, 3509468.32857",347220.562276306
"2944","48","30","2234","1","1","0","5071468.96594, 3269468.32857","4881468.96594, 3509468.32857",357351.554322567
"2945","48","31","2235","1","1","0","5071468.96594, 3259468.32857","4881468.96594, 3509468.32857",373067.050741585
"2946","48","32","2236","1","0","0","5071468.96594, 3249468.32857","4881468.96594, 3509468.32857",375350.135757228
"2947","48","33","2237","1","0","0","5071468.96594, 3239468.32857","4881468.96594, 3509468.32857",380468.247694086
"2948","48","34","2238","1","0","0","5071468.96594, 3229468.32857","4881468.96594, 3509468.32857",400022.204246067
"2949","48","35","2239","1","0","0","5071468.96594, 3219468.32857","4881468.96594, 3509468.32857",409229.778454953
"2950","48","36","2240","0","0","0","5071468.96594, 3209468.32857","4881468.96594, 3509468.32857",457706.457027613
"2951","48","37","2241","1","1","0","5071468.96594, 3199468.32857","4881468.96594, 3509468.32857",457706.457027613
"2952","48","38","2242","1","1","0","5071468.96594, 3189468.32857","4881468.96594, 3509468.32857",457706.457027613
"2953","48","39","2243","0","0","0","5071468.96594, 3179468.32857","4881468.96594, 3509468.32857",461102.003255419
"2954","48","40","2244","1","1","0","5071468.96594, 3169468.32857","4881468.96594, 3509468.32857",481598.022223933
"2955","48","41","2245","1","0","0","5071468.96594, 3159468.32857","4881468.96594, 3509468.32857",478513.594482491
"2956","48","42","2246","1","1","0","5071468.96594, 3149468.32857","4881468.96594, 3509468.32857",491552.33352089
"2957","48","43","2247","1","0","0","5071468.96594, 3139468.32857","4881468.96594, 3509468.32857",511173.83539051
"2958","48","44","2248","1","0","0","5071468.96594, 3129468.32857","4881468.96594, 3509468.32857",528371.375576865
"2959","48","45","2249","1","1","0","5071468.96594, 3119468.32857","4881468.96594, 3509468.32857",534267.417832148
"2960","48","46","2250","1","1","0","5071468.96594, 3109468.32857","4881468.96594, 3509468.32857",550411.805477731
"2961","48","47","2251","0","1","0","5071468.96594, 3099468.32857","4881468.96594, 3509468.32857",558216.035153613
"2962","48","48","2252","0","1","0","5071468.96594, 3089468.32857","4881468.96594, 3509468.32857",562847.806085481
"2963","48","49","2253","0","0","0","5071468.96594, 3079468.32857","4881468.96594, 3509468.32857",566240.798319933
"2964","48","50","2254","0","0","0","5071468.96594, 3069468.32857","4881468.96594, 3509468.32857",566240.798319933
"2965","48","51","2255","1","0","1","5071468.96594, 3059468.32857","4881468.96594, 3509468.32857",638853.244528333
"2966","48","52","2256","0","0","0","5071468.96594, 3049468.32857","4881468.96594, 3509468.32857",638853.244528333
"2967","48","53","2257","1","1","0","5071468.96594, 3039468.32857","4881468.96594, 3509468.32857",634516.964099536
"2968","48","54","2258","0","0","0","5071468.96594, 3029468.32857","4881468.96594, 3509468.32857",634516.964099536
"2969","48","55","2259","0","0","0","5071468.96594, 3019468.32857","4881468.96594, 3509468.32857",726898.804987662
"2970","48","56","2260","1","1","0","5071468.96594, 3009468.32857","4881468.96594, 3509468.32857",732388.082768948
"2971","48","57","2261","0","0","0","5071468.96594, 2999468.32857","4881468.96594, 3509468.32857",736164.770303958
"2972","48","58","2262","0","0","0","5071468.96594, 2989468.32857","4881468.96594, 3509468.32857",754412.062404304
"2973","48","59","2263","0","0","0","5071468.96594, 2979468.32857","4881468.96594, 3509468.32857",759817.498671789
"2974","48","60","2264","0","0","0","5071468.96594, 2969468.32857","4881468.96594, 3509468.32857",831401.581534923
"2975","48","61","2265","1","0","0","5071245.48434, 2959753.43669","4881468.96594, 3509468.32857",831401.581534923
"2976","48","62","2266","1","0","0","5068076.62159, 2953701.83684","4881468.96594, 3509468.32857",840866.487903734
"2980","49","4","2267","1","0","0","5081743.41793, 3528511.46755","4881468.96594, 3509468.32857",271085.479149439
"2981","49","5","2268","1","0","0","5081468.96594, 3519468.32857","4881468.96594, 3509468.32857",292180.566695132
"2982","49","6","2269","0","0","0","5081468.96594, 3509468.32857","4881468.96594, 3509468.32857",289821.392416095
"2983","49","7","2270","1","1","0","5081468.96594, 3499468.32857","4881468.96594, 3509468.32857",288241.316262479
"2984","49","8","2271","1","0","0","5081468.96594, 3489468.32857","4881468.96594, 3509468.32857",285637.429132158
"2985","49","9","2272","1","1","0","5081468.96594, 3479468.32857","4881468.96594, 3509468.32857",270410.969721991
"2986","49","10","2273","1","1","0","5081468.96594, 3469468.32857","4881468.96594, 3509468.32857",265139.470106546
"2987","49","11","2274","1","1","0","5081468.96594, 3459468.32857","4881468.96594, 3509468.32857",261032.962837691
"2988","49","12","2275","1","1","0","5081468.96594, 3449468.32857","4881468.96594, 3509468.32857",258602.391893833
"2989","49","13","2276","0","0","0","5081468.96594, 3439468.32857","4881468.96594, 3509468.32857",253992.819476929
"2990","49","14","2277","0","0","0","5081468.96594, 3429468.32857","4881468.96594, 3509468.32857",244741.583528096
"2991","49","15","2278","0","0","0","5081468.96594, 3419468.32857","4881468.96594, 3509468.32857",242322.840776841
"2992","49","16","2279","1","0","0","5081468.96594, 3409468.32857","4881468.96594, 3509468.32857",418401.686567838
"2993","49","17","2280","1","0","0","5081468.96594, 3399468.32857","4881468.96594, 3509468.32857",418401.686567838
"2994","49","18","2281","0","0","0","5081468.96594, 3389468.32857","4881468.96594, 3509468.32857",416696.799560749
"2995","49","19","2282","1","0","0","5081468.96594, 3379468.32857","4881468.96594, 3509468.32857",411820.589959633
"2996","49","20","2283","1","0","0","5081468.96594, 3369468.32857","4881468.96594, 3509468.32857",397401.774566779
"2997","49","21","2284","1","0","0","5081468.96594, 3359468.32857","4881468.96594, 3509468.32857",387115.957453838
"2998","49","22","2285","0","0","0","5081468.96594, 3349468.32857","4881468.96594, 3509468.32857",374472.875361709
"2999","49","23","2286","0","0","0","5081468.96594, 3339468.32857","4881468.96594, 3509468.32857",368448.156711102
"3000","49","24","2287","1","0","0","5081468.96594, 3329468.32857","4881468.96594, 3509468.32857",355421.673429026
"3001","49","25","2288","1","1","0","5081468.96594, 3319468.32857","4881468.96594, 3509468.32857",329502.322015542
"3002","49","26","2289","1","1","0","5081468.96594, 3309468.32857","4881468.96594, 3509468.32857",343472.006598813
"3003","49","27","2290","1","1","0","5081468.96594, 3299468.32857","4881468.96594, 3509468.32857",338851.360125441
"3004","49","28","2291","1","1","1","5081468.96594, 3289468.32857","4881468.96594, 3509468.32857",340614.846928347
"3005","49","29","2292","0","0","1","5081468.96594, 3279468.32857","4881468.96594, 3509468.32857",347944.948308749
"3006","49","30","2293","1","1","0","5081468.96594, 3269468.32857","4881468.96594, 3509468.32857",369337.746724746
"3007","49","31","2294","1","1","0","5081468.96594, 3259468.32857","4881468.96594, 3509468.32857",370583.663196423
"3008","49","32","2295","0","1","0","5081468.96594, 3249468.32857","4881468.96594, 3509468.32857",378635.236159571
"3009","49","33","2296","0","0","0","5081468.96594, 3239468.32857","4881468.96594, 3509468.32857",390894.220494913
"3010","49","34","2297","1","0","0","5081468.96594, 3229468.32857","4881468.96594, 3509468.32857",400022.204246067
"3011","49","35","2298","1","0","0","5081468.96594, 3219468.32857","4881468.96594, 3509468.32857",411434.451514602
"3012","49","36","2299","1","0","0","5081468.96594, 3209468.32857","4881468.96594, 3509468.32857",422524.481554053
"3013","49","37","2300","1","1","0","5081468.96594, 3199468.32857","4881468.96594, 3509468.32857",449032.272178822
"3014","49","38","2301","1","1","0","5081468.96594, 3189468.32857","4881468.96594, 3509468.32857",449115.554810452
"3015","49","39","2302","1","1","0","5081468.96594, 3179468.32857","4881468.96594, 3509468.32857",458942.004205621
"3016","49","40","2303","1","1","0","5081468.96594, 3169468.32857","4881468.96594, 3509468.32857",472519.675315117
"3017","49","41","2304","1","1","0","5081468.96594, 3159468.32857","4881468.96594, 3509468.32857",478717.8254843
"3018","49","42","2305","0","1","0","5081468.96594, 3149468.32857","4881468.96594, 3509468.32857",485216.530941791
"3019","49","43","2306","1","0","0","5081468.96594, 3139468.32857","4881468.96594, 3509468.32857",489914.709403249
"3020","49","44","2307","0","0","0","5081468.96594, 3129468.32857","4881468.96594, 3509468.32857",534267.417832148
"3021","49","45","2308","0","0","0","5081468.96594, 3119468.32857","4881468.96594, 3509468.32857",559324.095199581
"3022","49","46","2309","1","1","0","5081468.96594, 3109468.32857","4881468.96594, 3509468.32857",557243.725948646
"3023","49","47","2310","1","0","0","5081468.96594, 3099468.32857","4881468.96594, 3509468.32857",566240.798319933
"3024","49","48","2311","1","1","0","5081468.96594, 3089468.32857","4881468.96594, 3509468.32857",566240.798319933
"3025","49","49","2312","1","0","1","5081468.96594, 3079468.32857","4881468.96594, 3509468.32857",566240.798319933
"3026","49","50","2313","1","0","1","5081468.96594, 3069468.32857","4881468.96594, 3509468.32857",566240.798319933
"3027","49","51","2314","1","0","1","5081468.96594, 3059468.32857","4881468.96594, 3509468.32857",650786.599892775
"3028","49","52","2315","0","0","0","5081468.96594, 3049468.32857","4881468.96594, 3509468.32857",650786.599892775
"3029","49","53","2316","1","1","0","5081468.96594, 3039468.32857","4881468.96594, 3509468.32857",645862.392088443
"3030","49","54","2317","1","0","0","5081468.96594, 3029468.32857","4881468.96594, 3509468.32857",643725.527213404
"3031","49","55","2318","1","0","0","5081468.96594, 3019468.32857","4881468.96594, 3509468.32857",741201.83842781
"3032","49","56","2319","1","1","0","5081468.96594, 3009468.32857","4881468.96594, 3509468.32857",745397.841747645
"3033","49","57","2320","1","0","0","5081468.96594, 2999468.32857","4881468.96594, 3509468.32857",745397.841747645
"3034","49","58","2321","0","0","0","5081468.96594, 2989468.32857","4881468.96594, 3509468.32857",757553.683814763
"3035","49","59","2322","0","0","0","5081468.96594, 2979468.32857","4881468.96594, 3509468.32857",759817.498671789
"3036","49","60","2323","0","0","0","5081468.96594, 2969468.32857","4881468.96594, 3509468.32857",825646.929937068
"3037","49","61","2324","0","1","0","5080697.15908, 2961710.42192","4881468.96594, 3509468.32857",831401.581534923
"3041","50","3","2325","0","0","0","5093977.40857, 3535125.92474","4881468.96594, 3509468.32857",295851.73941923
"3042","50","4","2326","0","0","0","5091504.25762, 3529427.77818","4881468.96594, 3509468.32857",295851.73941923
"3043","50","5","2327","1","0","0","5091468.96594, 3519468.32857","4881468.96594, 3509468.32857",295851.73941923
"3044","50","6","2328","1","0","0","5091468.96594, 3509468.32857","4881468.96594, 3509468.32857",295851.73941923
"3045","50","7","2329","1","1","0","5091468.96594, 3499468.32857","4881468.96594, 3509468.32857",295851.73941923
"3046","50","8","2330","1","0","0","5091468.96594, 3489468.32857","4881468.96594, 3509468.32857",298927.042025815
"3047","50","9","2331","1","1","0","5091468.96594, 3479468.32857","4881468.96594, 3509468.32857",281004.821375895
"3048","50","10","2332","0","0","0","5091468.96594, 3469468.32857","4881468.96594, 3509468.32857",284108.278903792
"3049","50","11","2333","1","1","0","5091468.96594, 3459468.32857","4881468.96594, 3509468.32857",273519.94559279
"3050","50","12","2334","1","1","0","5091468.96594, 3449468.32857","4881468.96594, 3509468.32857",271445.732549054
"3051","50","13","2335","0","0","0","5091468.96594, 3439468.32857","4881468.96594, 3509468.32857",269245.024681975
"3052","50","14","2336","0","0","0","5091468.96594, 3429468.32857","4881468.96594, 3509468.32857",269245.024681975
"3053","50","15","2337","0","0","0","5091468.96594, 3419468.32857","4881468.96594, 3509468.32857",420484.917469811
"3054","50","16","2338","0","0","0","5091468.96594, 3409468.32857","4881468.96594, 3509468.32857",420484.917469811
"3055","50","17","2339","1","0","0","5091468.96594, 3399468.32857","4881468.96594, 3509468.32857",420484.917469811
"3056","50","18","2340","1","1","0","5091468.96594, 3389468.32857","4881468.96594, 3509468.32857",418401.686567838
"3057","50","19","2341","1","1","0","5091468.96594, 3379468.32857","4881468.96594, 3509468.32857",409288.295724344
"3058","50","20","2342","1","1","0","5091468.96594, 3369468.32857","4881468.96594, 3509468.32857",397401.774566779
"3059","50","21","2343","0","1","0","5091468.96594, 3359468.32857","4881468.96594, 3509468.32857",387115.957453838
"3060","50","22","2344","0","1","0","5091468.96594, 3349468.32857","4881468.96594, 3509468.32857",376725.795550204
"3061","50","23","2345","1","1","0","5091468.96594, 3339468.32857","4881468.96594, 3509468.32857",368448.156711102
"3062","50","24","2346","1","1","0","5091468.96594, 3329468.32857","4881468.96594, 3509468.32857",355421.673429026
"3063","50","25","2347","1","1","0","5091468.96594, 3319468.32857","4881468.96594, 3509468.32857",338685.356132575
"3064","50","26","2348","0","1","0","5091468.96594, 3309468.32857","4881468.96594, 3509468.32857",349791.97657235
"3065","50","27","2349","1","1","0","5091468.96594, 3299468.32857","4881468.96594, 3509468.32857",345350.43349742
"3066","50","28","2350","1","1","0","5091468.96594, 3289468.32857","4881468.96594, 3509468.32857",348846.947634551
"3067","50","29","2351","1","1","1","5091468.96594, 3279468.32857","4881468.96594, 3509468.32857",354021.787226531
"3068","50","30","2352","1","1","1","5091468.96594, 3269468.32857","4881468.96594, 3509468.32857",378872.384504338
"3069","50","31","2353","1","0","1","5091468.96594, 3259468.32857","4881468.96594, 3509468.32857",373862.815358738
"3070","50","32","2354","1","1","1","5091468.96594, 3249468.32857","4881468.96594, 3509468.32857",385185.212256604
"3071","50","33","2355","0","1","0","5091468.96594, 3239468.32857","4881468.96594, 3509468.32857",392588.283452195
"3072","50","34","2356","1","1","0","5091468.96594, 3229468.32857","4881468.96594, 3509468.32857",402142.710514328
"3073","50","35","2357","1","1","0","5091468.96594, 3219468.32857","4881468.96594, 3509468.32857",412986.350462988
"3074","50","36","2358","1","1","0","5091468.96594, 3209468.32857","4881468.96594, 3509468.32857",422524.481554053
"3075","50","37","2359","1","1","0","5091468.96594, 3199468.32857","4881468.96594, 3509468.32857",433873.406860021
"3076","50","38","2360","0","1","0","5091468.96594, 3189468.32857","4881468.96594, 3509468.32857",446456.731916376
"3077","50","39","2361","0","0","0","5091468.96594, 3179468.32857","4881468.96594, 3509468.32857",451419.72055185
"3078","50","40","2362","1","1","0","5091468.96594, 3169468.32857","4881468.96594, 3509468.32857",480322.935564597
"3079","50","41","2363","1","1","0","5091468.96594, 3159468.32857","4881468.96594, 3509468.32857",485903.038476975
"3080","50","42","2364","0","0","0","5091468.96594, 3149468.32857","4881468.96594, 3509468.32857",491523.962415348
"3081","50","43","2365","1","0","0","5091468.96594, 3139468.32857","4881468.96594, 3509468.32857",485216.530941791
"3082","50","44","2366","1","0","0","5091468.96594, 3129468.32857","4881468.96594, 3509468.32857",562457.345821128
"3083","50","45","2367","0","0","0","5091468.96594, 3119468.32857","4881468.96594, 3509468.32857",565869.179952347
"3084","50","46","2368","0","1","0","5091468.96594, 3109468.32857","4881468.96594, 3509468.32857",568743.084541297
"3085","50","47","2369","0","0","0","5091468.96594, 3099468.32857","4881468.96594, 3509468.32857",571075.378677726
"3086","50","48","2370","1","0","0","5091468.96594, 3089468.32857","4881468.96594, 3509468.32857",566240.798319933
"3087","50","49","2371","1","0","1","5091468.96594, 3079468.32857","4881468.96594, 3509468.32857",566240.798319933
"3088","50","50","2372","0","0","0","5091468.96594, 3069468.32857","4881468.96594, 3509468.32857",661971.780028095
"3089","50","51","2373","0","0","0","5091468.96594, 3059468.32857","4881468.96594, 3509468.32857",658180.71682647
"3090","50","52","2374","1","1","0","5091468.96594, 3049468.32857","4881468.96594, 3509468.32857",658180.71682647
"3091","50","53","2375","1","1","0","5091468.96594, 3039468.32857","4881468.96594, 3509468.32857",654996.025617984
"3092","50","54","2376","1","0","0","5091468.96594, 3029468.32857","4881468.96594, 3509468.32857",697737.348800959
"3093","50","55","2377","1","0","0","5091468.96594, 3019468.32857","4881468.96594, 3509468.32857",751146.039066917
"3094","50","56","2378","1","1","0","5091468.96594, 3009468.32857","4881468.96594, 3509468.32857",751146.039066917
"3095","50","57","2379","1","1","0","5091468.96594, 2999468.32857","4881468.96594, 3509468.32857",747781.487877034
"3096","50","58","2380","1","1","0","5091468.96594, 2989468.32857","4881468.96594, 3509468.32857",759817.498671789
"3097","50","59","2381","1","1","0","5091468.96594, 2979468.32857","4881468.96594, 3509468.32857",769624.300743804
"3098","50","60","2382","1","1","0","5091310.75387, 2969658.76308","4881468.96594, 3509468.32857",815784.437483967
"3099","50","61","2383","1","1","0","5088401.3574, 2963547.01058","4881468.96594, 3509468.32857",822879.246433711
"3103","51","3","2384","0","0","0","5102136.98617, 3536202.70248","4881468.96594, 3509468.32857",298927.042025815
"3104","51","4","2385","0","0","0","5101468.96594, 3529468.32857","4881468.96594, 3509468.32857",298927.042025815
"3105","51","5","2386","0","0","0","5101468.96594, 3519468.32857","4881468.96594, 3509468.32857",304685.785537496
"3106","51","6","2387","0","0","0","5101468.96594, 3509468.32857","4881468.96594, 3509468.32857",306804.267307574
"3107","51","7","2388","0","1","0","5101468.96594, 3499468.32857","4881468.96594, 3509468.32857",306804.267307574
"3108","51","8","2389","1","0","0","5101468.96594, 3489468.32857","4881468.96594, 3509468.32857",306804.267307574
"3109","51","9","2390","1","1","0","5101468.96594, 3479468.32857","4881468.96594, 3509468.32857",295191.624253835
"3110","51","10","2391","1","1","0","5101468.96594, 3469468.32857","4881468.96594, 3509468.32857",291002.916898326
"3111","51","11","2392","1","1","0","5101468.96594, 3459468.32857","4881468.96594, 3509468.32857",282424.259942436
"3112","51","12","2393","1","1","0","5101468.96594, 3449468.32857","4881468.96594, 3509468.32857",282424.259942436
"3113","51","13","2394","1","0","0","5101468.96594, 3439468.32857","4881468.96594, 3509468.32857",282424.259942436
"3114","51","14","2395","0","0","0","5101468.96594, 3429468.32857","4881468.96594, 3509468.32857",282424.259942436
"3115","51","15","2396","0","0","0","5101468.96594, 3419468.32857","4881468.96594, 3509468.32857",460251.35006384
"3116","51","16","2397","0","0","0","5101468.96594, 3409468.32857","4881468.96594, 3509468.32857",427201.580575174
"3117","51","17","2398","1","0","0","5101468.96594, 3399468.32857","4881468.96594, 3509468.32857",427201.580575174
"3118","51","18","2399","0","1","0","5101468.96594, 3389468.32857","4881468.96594, 3509468.32857",425402.624828843
"3119","51","19","2400","0","1","0","5101468.96594, 3379468.32857","4881468.96594, 3509468.32857",407382.865831786
"3120","51","20","2401","1","1","0","5101468.96594, 3369468.32857","4881468.96594, 3509468.32857",397401.774566779
"3121","51","21","2402","0","1","0","5101468.96594, 3359468.32857","4881468.96594, 3509468.32857",388836.741739079
"3122","51","22","2403","1","0","0","5101468.96594, 3349468.32857","4881468.96594, 3509468.32857",380278.00114834
"3123","51","23","2404","1","0","0","5101468.96594, 3339468.32857","4881468.96594, 3509468.32857",363630.287741587
"3124","51","24","2405","1","1","0","5101468.96594, 3329468.32857","4881468.96594, 3509468.32857",355641.658136451
"3125","51","25","2406","0","1","0","5101468.96594, 3319468.32857","4881468.96594, 3509468.32857",349641.636008587
"3126","51","26","2407","1","1","0","5101468.96594, 3309468.32857","4881468.96594, 3509468.32857",352977.282075565
"3127","51","27","2408","1","1","0","5101468.96594, 3299468.32857","4881468.96594, 3509468.32857",362055.877502333
"3128","51","28","2409","1","1","0","5101468.96594, 3289468.32857","4881468.96594, 3509468.32857",357011.965361321
"3129","51","29","2410","1","1","0","5101468.96594, 3279468.32857","4881468.96594, 3509468.32857",364863.940772977
"3130","51","30","2411","0","1","0","5101468.96594, 3269468.32857","4881468.96594, 3509468.32857",383783.541359725
"3131","51","31","2412","1","0","0","5101468.96594, 3259468.32857","4881468.96594, 3509468.32857",383783.541359725
"3132","51","32","2413","1","0","1","5101468.96594, 3249468.32857","4881468.96594, 3509468.32857",387349.991904583
"3133","51","33","2414","1","0","1","5101468.96594, 3239468.32857","4881468.96594, 3509468.32857",465277.076420607
"3134","51","34","2415","1","0","0","5101468.96594, 3229468.32857","4881468.96594, 3509468.32857",463711.602222835
"3135","51","35","2416","0","0","0","5101468.96594, 3219468.32857","4881468.96594, 3509468.32857",416538.724673743
"3136","51","36","2417","1","1","0","5101468.96594, 3209468.32857","4881468.96594, 3509468.32857",436615.102253079
"3137","51","37","2418","1","1","0","5101468.96594, 3199468.32857","4881468.96594, 3509468.32857",430572.447570632
"3138","51","38","2419","1","0","0","5101468.96594, 3189468.32857","4881468.96594, 3509468.32857",436006.382888096
"3139","51","39","2420","1","0","0","5101468.96594, 3179468.32857","4881468.96594, 3509468.32857",449115.554810452
"3140","51","40","2421","1","0","0","5101468.96594, 3169468.32857","4881468.96594, 3509468.32857",498485.828969414
"3141","51","41","2422","1","1","0","5101468.96594, 3159468.32857","4881468.96594, 3509468.32857",495158.804478835
"3142","51","42","2423","0","0","0","5101468.96594, 3149468.32857","4881468.96594, 3509468.32857",495158.804478835
"3143","51","43","2424","1","0","0","5101468.96594, 3139468.32857","4881468.96594, 3509468.32857",510140.396831004
"3144","51","44","2425","1","0","0","5101468.96594, 3129468.32857","4881468.96594, 3509468.32857",590682.633375295
"3145","51","45","2426","0","0","0","5101468.96594, 3119468.32857","4881468.96594, 3509468.32857",587824.609999652
"3146","51","46","2427","0","1","0","5101468.96594, 3109468.32857","4881468.96594, 3509468.32857",579943.648013006
"3147","51","47","2428","0","0","0","5101468.96594, 3099468.32857","4881468.96594, 3509468.32857",582195.288364142
"3148","51","48","2429","1","0","0","5101468.96594, 3089468.32857","4881468.96594, 3509468.32857",582195.288364142
"3149","51","49","2430","1","0","1","5101468.96594, 3079468.32857","4881468.96594, 3509468.32857",582195.288364142
"3150","51","50","2431","1","0","0","5101468.96594, 3069468.32857","4881468.96594, 3509468.32857",670465.039520979
"3151","51","51","2432","1","0","0","5101468.96594, 3059468.32857","4881468.96594, 3509468.32857",670465.039520979
"3152","51","52","2433","1","1","0","5101468.96594, 3049468.32857","4881468.96594, 3509468.32857",666495.012014055
"3153","51","53","2434","1","1","0","5101468.96594, 3039468.32857","4881468.96594, 3509468.32857",677897.992149594
"3154","51","54","2435","0","1","0","5101468.96594, 3029468.32857","4881468.96594, 3509468.32857",697737.348800959
"3155","51","55","2436","0","1","0","5101468.96594, 3019468.32857","4881468.96594, 3509468.32857",706679.479986174
"3156","51","56","2437","0","1","0","5101468.96594, 3009468.32857","4881468.96594, 3509468.32857",716018.955142888
"3157","51","57","2438","1","1","0","5101468.96594, 2999468.32857","4881468.96594, 3509468.32857",735890.933416543
"3158","51","58","2439","1","0","0","5101468.96594, 2989468.32857","4881468.96594, 3509468.32857",740386.426545424
"3159","51","59","2440","0","1","0","5101468.96594, 2979468.32857","4881468.96594, 3509468.32857",774323.687981858
"3160","51","60","2441","1","1","0","5100761.03433, 2971493.40962","4881468.96594, 3509468.32857",782628.112782591
"3165","52","3","2442","1","0","0","5111839.7537, 3537483.1271","4881468.96594, 3509468.32857",352070.628010519
"3166","52","4","2443","1","0","0","5111468.96594, 3529468.32857","4881468.96594, 3509468.32857",310379.740091326
"3167","52","5","2444","0","0","0","5111468.96594, 3519468.32857","4881468.96594, 3509468.32857",310379.740091326
"3168","52","6","2445","0","0","0","5111468.96594, 3509468.32857","4881468.96594, 3509468.32857",310379.740091326
"3169","52","7","2446","0","1","0","5111468.96594, 3499468.32857","4881468.96594, 3509468.32857",317389.186805886
"3170","52","8","2447","0","1","0","5111468.96594, 3489468.32857","4881468.96594, 3509468.32857",319868.042714604
"3171","52","9","2448","1","1","0","5111468.96594, 3479468.32857","4881468.96594, 3509468.32857",307928.237088237
"3172","52","10","2449","1","0","0","5111468.96594, 3469468.32857","4881468.96594, 3509468.32857",305245.814274066
"3173","52","11","2450","1","1","0","5111468.96594, 3459468.32857","4881468.96594, 3509468.32857",294128.790590226
"3174","52","12","2451","0","1","0","5111468.96594, 3449468.32857","4881468.96594, 3509468.32857",290731.369157752
"3175","52","13","2452","1","0","0","5111468.96594, 3439468.32857","4881468.96594, 3509468.32857",288633.231394672
"3176","52","14","2453","1","0","0","5111468.96594, 3429468.32857","4881468.96594, 3509468.32857",460251.35006384
"3177","52","15","2454","0","0","0","5111468.96594, 3419468.32857","4881468.96594, 3509468.32857",460251.35006384
"3178","52","16","2455","1","0","0","5111468.96594, 3409468.32857","4881468.96594, 3509468.32857",460251.35006384
"3179","52","17","2456","1","0","0","5111468.96594, 3399468.32857","4881468.96594, 3509468.32857",437911.943814106
"3180","52","18","2457","0","1","0","5111468.96594, 3389468.32857","4881468.96594, 3509468.32857",434345.922590735
"3181","52","19","2458","0","0","0","5111468.96594, 3379468.32857","4881468.96594, 3509468.32857",434345.922590735
"3182","52","20","2459","1","0","0","5111468.96594, 3369468.32857","4881468.96594, 3509468.32857",410874.339433546
"3183","52","21","2460","1","0","0","5111468.96594, 3359468.32857","4881468.96594, 3509468.32857",410874.339433546
"3184","52","22","2461","1","0","0","5111468.96594, 3349468.32857","4881468.96594, 3509468.32857",376621.716557412
"3185","52","23","2462","1","1","0","5111468.96594, 3339468.32857","4881468.96594, 3509468.32857",370621.26491963
"3186","52","24","2463","1","1","0","5111468.96594, 3329468.32857","4881468.96594, 3509468.32857",362434.450568835
"3187","52","25","2464","1","0","0","5111468.96594, 3319468.32857","4881468.96594, 3509468.32857",355641.658136451
"3188","52","26","2465","1","0","0","5111468.96594, 3309468.32857","4881468.96594, 3509468.32857",356882.46633189
"3189","52","27","2466","1","0","0","5111468.96594, 3299468.32857","4881468.96594, 3509468.32857",365865.330751699
"3190","52","28","2467","1","1","0","5111468.96594, 3289468.32857","4881468.96594, 3509468.32857",368593.84416842
"3191","52","29","2468","1","1","0","5111468.96594, 3279468.32857","4881468.96594, 3509468.32857",374789.762801222
"3192","52","30","2469","1","1","0","5111468.96594, 3269468.32857","4881468.96594, 3509468.32857",378749.074940414
"3193","52","31","2470","1","1","0","5111468.96594, 3259468.32857","4881468.96594, 3509468.32857",387250.592379896
"3194","52","32","2471","0","0","0","5111468.96594, 3249468.32857","4881468.96594, 3509468.32857",397056.406171392
"3195","52","33","2472","1","1","1","5111468.96594, 3239468.32857","4881468.96594, 3509468.32857",465277.076420607
"3196","52","34","2473","1","1","0","5111468.96594, 3229468.32857","4881468.96594, 3509468.32857",460711.436339555
"3197","52","35","2474","0","1","0","5111468.96594, 3219468.32857","4881468.96594, 3509468.32857",451317.861891152
"3198","52","36","2475","0","1","0","5111468.96594, 3209468.32857","4881468.96594, 3509468.32857",444755.320348543
"3199","52","37","2476","1","0","0","5111468.96594, 3199468.32857","4881468.96594, 3509468.32857",441116.516250203
"3200","52","38","2477","0","0","0","5111468.96594, 3189468.32857","4881468.96594, 3509468.32857",439178.423625693
"3201","52","39","2478","0","0","0","5111468.96594, 3179468.32857","4881468.96594, 3509468.32857",501869.44211889
"3202","52","40","2479","0","0","0","5111468.96594, 3169468.32857","4881468.96594, 3509468.32857",501869.44211889
"3203","52","41","2480","1","1","0","5111468.96594, 3159468.32857","4881468.96594, 3509468.32857",507680.591582732
"3204","52","42","2481","1","1","0","5111468.96594, 3149468.32857","4881468.96594, 3509468.32857",510140.396831004
"3205","52","43","2482","1","0","0","5111468.96594, 3139468.32857","4881468.96594, 3509468.32857",514713.734645901
"3206","52","44","2483","0","0","0","5111468.96594, 3129468.32857","4881468.96594, 3509468.32857",590682.633375295
"3207","52","45","2484","0","0","0","5111468.96594, 3119468.32857","4881468.96594, 3509468.32857",590682.633375295
"3208","52","46","2485","0","1","0","5111468.96594, 3109468.32857","4881468.96594, 3509468.32857",592774.231838898
"3209","52","47","2486","1","0","0","5111468.96594, 3099468.32857","4881468.96594, 3509468.32857",583981.091067447
"3210","52","48","2487","1","0","1","5111468.96594, 3089468.32857","4881468.96594, 3509468.32857",583981.091067447
"3211","52","49","2488","1","0","1","5111468.96594, 3079468.32857","4881468.96594, 3509468.32857",613851.160391106
"3212","52","50","2489","0","0","0","5111468.96594, 3069468.32857","4881468.96594, 3509468.32857",661679.193549588
"3213","52","51","2490","1","0","0","5111468.96594, 3059468.32857","4881468.96594, 3509468.32857",664032.011790498
"3214","52","52","2491","1","1","0","5111468.96594, 3049468.32857","4881468.96594, 3509468.32857",670465.039520979
"3215","52","53","2492","0","1","0","5111468.96594, 3039468.32857","4881468.96594, 3509468.32857",685040.525635386
"3216","52","54","2493","0","1","0","5111468.96594, 3029468.32857","4881468.96594, 3509468.32857",692617.459662739
"3217","52","55","2494","0","1","0","5111468.96594, 3019468.32857","4881468.96594, 3509468.32857",706679.479986174
"3218","52","56","2495","1","1","0","5111468.96594, 3009468.32857","4881468.96594, 3509468.32857",720038.904459516
"3219","52","57","2496","1","1","0","5111468.96594, 2999468.32857","4881468.96594, 3509468.32857",726005.267086073
"3220","52","58","2497","1","0","0","5111468.96594, 2989468.32857","4881468.96594, 3509468.32857",797583.739604192
"3221","52","59","2498","1","1","0","5111368.97691, 2979582.66685","4881468.96594, 3509468.32857",797583.739604192
"3222","52","60","2499","0","1","0","5108726.09321, 2973392.18432","4881468.96594, 3509468.32857",789167.515847314
"3227","53","3","2500","1","0","0","5121725.57618, 3538787.70854","4881468.96594, 3509468.32857",352070.628010519
"3228","53","4","2501","1","0","0","5121468.96594, 3529468.32857","4881468.96594, 3509468.32857",352070.628010519
"3229","53","5","2502","1","0","0","5121468.96594, 3519468.32857","4881468.96594, 3509468.32857",352070.628010519
"3230","53","6","2503","0","0","0","5121468.96594, 3509468.32857","4881468.96594, 3509468.32857",352070.628010519
"3231","53","7","2504","0","0","0","5121468.96594, 3499468.32857","4881468.96594, 3509468.32857",323497.867693747
"3232","53","8","2505","0","1","0","5121468.96594, 3489468.32857","4881468.96594, 3509468.32857",329639.65027935
"3233","53","9","2506","1","1","0","5121468.96594, 3479468.32857","4881468.96594, 3509468.32857",316558.705550607
"3234","53","10","2507","0","0","0","5121468.96594, 3469468.32857","4881468.96594, 3509468.32857",305245.814274066
"3235","53","11","2508","1","1","0","5121468.96594, 3459468.32857","4881468.96594, 3509468.32857",300427.288256458
"3236","53","12","2509","1","0","0","5121468.96594, 3449468.32857","4881468.96594, 3509468.32857",297817.876795043
"3237","53","13","2510","1","0","0","5121468.96594, 3439468.32857","4881468.96594, 3509468.32857",295861.205816303
"3238","53","14","2511","1","0","0","5121468.96594, 3429468.32857","4881468.96594, 3509468.32857",460251.35006384
"3239","53","15","2512","1","0","0","5121468.96594, 3419468.32857","4881468.96594, 3509468.32857",460251.35006384
"3240","53","16","2513","1","1","0","5121468.96594, 3409468.32857","4881468.96594, 3509468.32857",460251.35006384
"3241","53","17","2514","0","1","0","5121468.96594, 3399468.32857","4881468.96594, 3509468.32857",451699.985429936
"3242","53","18","2515","0","1","0","5121468.96594, 3389468.32857","4881468.96594, 3509468.32857",444945.662094186
"3243","53","19","2516","0","0","0","5121468.96594, 3379468.32857","4881468.96594, 3509468.32857",444945.662094186
"3244","53","20","2517","1","1","0","5121468.96594, 3369468.32857","4881468.96594, 3509468.32857",410874.339433546
"3245","53","21","2518","1","1","0","5121468.96594, 3359468.32857","4881468.96594, 3509468.32857",404516.083391928
"3246","53","22","2519","1","1","0","5121468.96594, 3349468.32857","4881468.96594, 3509468.32857",385511.081136444
"3247","53","23","2520","1","1","0","5121468.96594, 3339468.32857","4881468.96594, 3509468.32857",376621.716557412
"3248","53","24","2521","1","0","0","5121468.96594, 3329468.32857","4881468.96594, 3509468.32857",370621.26491963
"3249","53","25","2522","0","0","0","5121468.96594, 3319468.32857","4881468.96594, 3509468.32857",362434.450568835
"3250","53","26","2523","0","0","0","5121468.96594, 3309468.32857","4881468.96594, 3509468.32857",383261.988675914
"3251","53","27","2524","1","0","0","5121468.96594, 3299468.32857","4881468.96594, 3509468.32857",381134.368867695
"3252","53","28","2525","0","1","0","5121468.96594, 3289468.32857","4881468.96594, 3509468.32857",377577.141999356
"3253","53","29","2526","0","0","0","5121468.96594, 3279468.32857","4881468.96594, 3509468.32857",392940.090069427
"3254","53","30","2527","1","1","0","5121468.96594, 3269468.32857","4881468.96594, 3509468.32857",390904.57823592
"3255","53","31","2528","1","1","0","5121468.96594, 3259468.32857","4881468.96594, 3509468.32857",391380.565895948
"3256","53","32","2529","1","1","0","5121468.96594, 3249468.32857","4881468.96594, 3509468.32857",400783.866429155
"3257","53","33","2530","0","1","1","5121468.96594, 3239468.32857","4881468.96594, 3509468.32857",407741.18511659
"3258","53","34","2531","1","1","1","5121468.96594, 3229468.32857","4881468.96594, 3509468.32857",449407.954278187
"3259","53","35","2532","1","1","0","5121468.96594, 3219468.32857","4881468.96594, 3509468.32857",448717.174645876
"3260","53","36","2533","1","0","0","5121468.96594, 3209468.32857","4881468.96594, 3509468.32857",453058.725239363
"3261","53","37","2534","1","0","0","5121468.96594, 3199468.32857","4881468.96594, 3509468.32857",446743.988136919
"3262","53","38","2535","1","0","0","5121468.96594, 3189468.32857","4881468.96594, 3509468.32857",441116.516250203
"3263","53","39","2536","0","0","0","5121468.96594, 3179468.32857","4881468.96594, 3509468.32857",501869.44211889
"3264","53","40","2537","0","0","0","5121468.96594, 3169468.32857","4881468.96594, 3509468.32857",514713.734645901
"3265","53","41","2538","0","0","0","5121468.96594, 3159468.32857","4881468.96594, 3509468.32857",517326.549863577
"3266","53","42","2539","1","1","0","5121468.96594, 3149468.32857","4881468.96594, 3509468.32857",520337.011169139
"3267","53","43","2540","1","0","0","5121468.96594, 3139468.32857","4881468.96594, 3509468.32857",522907.292657918
"3268","53","44","2541","1","0","0","5121468.96594, 3129468.32857","4881468.96594, 3509468.32857",599085.235989767
"3269","53","45","2542","0","0","0","5121468.96594, 3119468.32857","4881468.96594, 3509468.32857",600135.05849705
"3270","53","46","2543","1","1","0","5121468.96594, 3109468.32857","4881468.96594, 3509468.32857",603767.247919197
"3271","53","47","2544","1","0","1","5121468.96594, 3099468.32857","4881468.96594, 3509468.32857",606103.231707213
"3272","53","48","2545","0","0","1","5121468.96594, 3089468.32857","4881468.96594, 3509468.32857",610601.58607853
"3273","53","49","2546","0","0","0","5121468.96594, 3079468.32857","4881468.96594, 3509468.32857",613851.160391106
"3274","53","50","2547","0","0","0","5121468.96594, 3069468.32857","4881468.96594, 3509468.32857",659149.654921229
"3275","53","51","2548","1","1","0","5121468.96594, 3059468.32857","4881468.96594, 3509468.32857",659149.654921229
"3276","53","52","2549","1","1","0","5121468.96594, 3049468.32857","4881468.96594, 3509468.32857",661679.193549588
"3277","53","53","2550","0","0","0","5121468.96594, 3039468.32857","4881468.96594, 3509468.32857",688696.006431925
"3278","53","54","2551","0","0","0","5121468.96594, 3029468.32857","4881468.96594, 3509468.32857",690233.820777631
"3279","53","55","2552","1","1","0","5121468.96594, 3019468.32857","4881468.96594, 3509468.32857",734160.840303831
"3280","53","56","2553","1","1","0","5121468.96594, 3009468.32857","4881468.96594, 3509468.32857",732468.5807906
"3281","53","57","2554","1","0","0","5121468.96594, 2999468.32857","4881468.96594, 3509468.32857",722755.711929051
"3282","53","58","2555","1","0","0","5121468.96594, 2989468.32857","4881468.96594, 3509468.32857",797583.739604192
"3283","53","59","2556","1","0","0","5120815.14499, 2981274.06957","4881468.96594, 3509468.32857",797583.739604192
"3288","54","2","2557","0","0","0","5133273.69744, 3545311.65506","4881468.96594, 3509468.32857",399753.147218393
"3289","54","3","2558","0","0","0","5131470.06691, 3539467.20459","4881468.96594, 3509468.32857",352070.628010519
"3290","54","4","2559","1","0","0","5131468.96594, 3529468.32857","4881468.96594, 3509468.32857",352070.628010519
"3291","54","5","2560","1","0","0","5131468.96594, 3519468.32857","4881468.96594, 3509468.32857",352070.628010519
"3292","54","6","2561","1","1","0","5131468.96594, 3509468.32857","4881468.96594, 3509468.32857",352070.628010519
"3293","54","7","2562","1","1","0","5131468.96594, 3499468.32857","4881468.96594, 3509468.32857",347866.722424321
"3294","54","8","2563","1","1","0","5131468.96594, 3489468.32857","4881468.96594, 3509468.32857",334121.193141423
"3295","54","9","2564","1","1","0","5131468.96594, 3479468.32857","4881468.96594, 3509468.32857",332674.873896958
"3296","54","10","2565","1","1","0","5131468.96594, 3469468.32857","4881468.96594, 3509468.32857",337908.422262651
"3297","54","11","2566","1","0","0","5131468.96594, 3459468.32857","4881468.96594, 3509468.32857",347422.101328041
"3298","54","12","2567","1","0","0","5131468.96594, 3449468.32857","4881468.96594, 3509468.32857",358592.342171761
"3299","54","13","2568","1","0","0","5131468.96594, 3439468.32857","4881468.96594, 3509468.32857",363647.007610988
"3300","54","14","2569","1","0","0","5131468.96594, 3429468.32857","4881468.96594, 3509468.32857",460251.35006384
"3301","54","15","2570","1","0","0","5131468.96594, 3419468.32857","4881468.96594, 3509468.32857",460251.35006384
"3302","54","16","2571","1","0","0","5131468.96594, 3409468.32857","4881468.96594, 3509468.32857",460251.35006384
"3303","54","17","2572","1","1","0","5131468.96594, 3399468.32857","4881468.96594, 3509468.32857",457854.248509699
"3304","54","18","2573","1","1","0","5131468.96594, 3389468.32857","4881468.96594, 3509468.32857",453270.145888435
"3305","54","19","2574","1","0","0","5131468.96594, 3379468.32857","4881468.96594, 3509468.32857",451268.389025562
"3306","54","20","2575","1","0","0","5131468.96594, 3369468.32857","4881468.96594, 3509468.32857",402431.890356022
"3307","54","21","2576","0","1","0","5131468.96594, 3359468.32857","4881468.96594, 3509468.32857",399494.195518113
"3308","54","22","2577","0","1","0","5131468.96594, 3349468.32857","4881468.96594, 3509468.32857",391158.737317894
"3309","54","23","2578","0","0","0","5131468.96594, 3339468.32857","4881468.96594, 3509468.32857",385511.081136444
"3310","54","24","2579","1","0","0","5131468.96594, 3329468.32857","4881468.96594, 3509468.32857",376621.716557412
"3311","54","25","2580","1","0","0","5131468.96594, 3319468.32857","4881468.96594, 3509468.32857",435842.351265025
"3312","54","26","2581","0","0","0","5131468.96594, 3309468.32857","4881468.96594, 3509468.32857",392633.609656488
"3313","54","27","2582","1","1","0","5131468.96594, 3299468.32857","4881468.96594, 3509468.32857",389834.251612836
"3314","54","28","2583","0","1","0","5131468.96594, 3289468.32857","4881468.96594, 3509468.32857",387204.462203782
"3315","54","29","2584","0","0","0","5131468.96594, 3279468.32857","4881468.96594, 3509468.32857",403853.068176784
"3316","54","30","2585","1","1","0","5131468.96594, 3269468.32857","4881468.96594, 3509468.32857",401538.646198359
"3317","54","31","2586","0","0","0","5131468.96594, 3259468.32857","4881468.96594, 3509468.32857",399501.959698255
"3318","54","32","2587","1","0","0","5131468.96594, 3249468.32857","4881468.96594, 3509468.32857",410326.969472954
"3319","54","33","2588","1","1","0","5131468.96594, 3239468.32857","4881468.96594, 3509468.32857",415172.561339494
"3320","54","34","2589","1","1","1","5131468.96594, 3229468.32857","4881468.96594, 3509468.32857",422128.470163691
"3321","54","35","2590","1","1","0","5131468.96594, 3219468.32857","4881468.96594, 3509468.32857",439781.427737543
"3322","54","36","2591","1","0","0","5131468.96594, 3209468.32857","4881468.96594, 3509468.32857",442638.563082277
"3323","54","37","2592","1","0","0","5131468.96594, 3199468.32857","4881468.96594, 3509468.32857",447043.15577721
"3324","54","38","2593","1","0","0","5131468.96594, 3189468.32857","4881468.96594, 3509468.32857",448717.174645876
"3325","54","39","2594","1","0","0","5131468.96594, 3179468.32857","4881468.96594, 3509468.32857",524757.901570937
"3326","54","40","2595","1","0","0","5131468.96594, 3169468.32857","4881468.96594, 3509468.32857",524757.901570937
"3327","54","41","2596","0","0","0","5131468.96594, 3159468.32857","4881468.96594, 3509468.32857",528011.864474371
"3328","54","42","2597","1","1","0","5131468.96594, 3149468.32857","4881468.96594, 3509468.32857",530043.933442474
"3329","54","43","2598","1","0","0","5131468.96594, 3139468.32857","4881468.96594, 3509468.32857",538473.225010873
"3330","54","44","2599","1","0","0","5131468.96594, 3129468.32857","4881468.96594, 3509468.32857",540622.879494119
"3331","54","45","2600","1","0","0","5131468.96594, 3119468.32857","4881468.96594, 3509468.32857",592266.282554991
"3332","54","46","2601","1","1","1","5131468.96594, 3109468.32857","4881468.96594, 3509468.32857",595801.785597681
"3333","54","47","2602","0","1","1","5131468.96594, 3099468.32857","4881468.96594, 3509468.32857",598195.225139276
"3334","54","48","2603","0","1","0","5131468.96594, 3089468.32857","4881468.96594, 3509468.32857",607068.748547615
"3335","54","49","2604","0","1","0","5131468.96594, 3079468.32857","4881468.96594, 3509468.32857",613851.160391106
"3336","54","50","2605","0","0","0","5131468.96594, 3069468.32857","4881468.96594, 3509468.32857",629826.59536968
"3337","54","51","2606","1","1","0","5131468.96594, 3059468.32857","4881468.96594, 3509468.32857",646816.622406257
"3338","54","52","2607","1","0","0","5131468.96594, 3049468.32857","4881468.96594, 3509468.32857",648461.892568583
"3339","54","53","2608","1","0","0","5131468.96594, 3039468.32857","4881468.96594, 3509468.32857",648461.892568583
"3340","54","54","2609","0","0","0","5131468.96594, 3029468.32857","4881468.96594, 3509468.32857",725249.354862302
"3341","54","55","2610","1","1","0","5131468.96594, 3019468.32857","4881468.96594, 3509468.32857",728216.143642224
"3342","54","56","2611","0","0","0","5131468.96594, 3009468.32857","4881468.96594, 3509468.32857",734940.24330264
"3343","54","57","2612","0","0","0","5131468.96594, 2999468.32857","4881468.96594, 3509468.32857",736208.388654449
"3344","54","58","2613","0","0","0","5131416.86049, 2989525.2562",,
"3345","54","59","2614","0","0","0","5129050.82901, 2983237.35806",,
"3350","55","2","2615","0","0","0","5142040.29766, 3546468.53847","4881468.96594, 3509468.32857",399753.147218393
"3351","55","3","2616","0","0","0","5141468.96594, 3539468.32857","4881468.96594, 3509468.32857",399753.147218393
"3352","55","4","2617","0","0","0","5141468.96594, 3529468.32857","4881468.96594, 3509468.32857",390849.516226118
"3353","55","5","2618","0","0","0","5141468.96594, 3519468.32857","4881468.96594, 3509468.32857",354159.52183352
"3354","55","6","2619","0","1","0","5141468.96594, 3509468.32857","4881468.96594, 3509468.32857",354159.52183352
"3355","55","7","2620","0","1","0","5141468.96594, 3499468.32857","4881468.96594, 3509468.32857",358612.556739967
"3356","55","8","2621","1","1","0","5141468.96594, 3489468.32857","4881468.96594, 3509468.32857",337809.814093076
"3357","55","9","2622","0","0","0","5141468.96594, 3479468.32857","4881468.96594, 3509468.32857",335168.553751854
"3358","55","10","2623","1","1","0","5141468.96594, 3469468.32857","4881468.96594, 3509468.32857",345868.796618545
"3359","55","11","2624","1","1","0","5141468.96594, 3459468.32857","4881468.96594, 3509468.32857",351924.401634792
"3360","55","12","2625","0","0","0","5141468.96594, 3449468.32857","4881468.96594, 3509468.32857",363647.007610988
"3361","55","13","2626","0","0","0","5141468.96594, 3439468.32857","4881468.96594, 3509468.32857",365799.856756103
"3362","55","14","2627","0","0","0","5141468.96594, 3429468.32857","4881468.96594, 3509468.32857",367989.744364473
"3363","55","15","2628","0","0","0","5141468.96594, 3419468.32857","4881468.96594, 3509468.32857",460251.35006384
"3364","55","16","2629","1","0","0","5141468.96594, 3409468.32857","4881468.96594, 3509468.32857",465742.706432064
"3365","55","17","2630","1","1","0","5141468.96594, 3399468.32857","4881468.96594, 3509468.32857",465742.706432064
"3366","55","18","2631","1","0","0","5141468.96594, 3389468.32857","4881468.96594, 3509468.32857",465742.706432064
"3367","55","19","2632","1","0","0","5141468.96594, 3379468.32857","4881468.96594, 3509468.32857",418659.228231892
"3368","55","20","2633","1","1","0","5141468.96594, 3369468.32857","4881468.96594, 3509468.32857",410915.239347328
"3369","55","21","2634","0","1","0","5141468.96594, 3359468.32857","4881468.96594, 3509468.32857",405154.026413892
"3370","55","22","2635","1","0","0","5141468.96594, 3349468.32857","4881468.96594, 3509468.32857",400238.706825222
"3371","55","23","2636","0","0","0","5141468.96594, 3339468.32857","4881468.96594, 3509468.32857",441069.551312896
"3372","55","24","2637","1","0","0","5141468.96594, 3329468.32857","4881468.96594, 3509468.32857",441069.551312896
"3373","55","25","2638","1","0","0","5141468.96594, 3319468.32857","4881468.96594, 3509468.32857",435842.351265025
"3374","55","26","2639","0","0","0","5141468.96594, 3309468.32857","4881468.96594, 3509468.32857",402738.320833935
"3375","55","27","2640","1","1","0","5141468.96594, 3299468.32857","4881468.96594, 3509468.32857",400608.16223532
"3376","55","28","2641","0","0","0","5141468.96594, 3289468.32857","4881468.96594, 3509468.32857",397466.134733112
"3377","55","29","2642","0","0","0","5141468.96594, 3279468.32857","4881468.96594, 3509468.32857",412424.554231976
"3378","55","30","2643","1","1","0","5141468.96594, 3269468.32857","4881468.96594, 3509468.32857",412424.554231976
"3379","55","31","2644","0","0","0","5141468.96594, 3259468.32857","4881468.96594, 3509468.32857",412424.554231976
"3380","55","32","2645","0","0","0","5141468.96594, 3249468.32857","4881468.96594, 3509468.32857",441210.851565441
"3381","55","33","2646","1","1","0","5141468.96594, 3239468.32857","4881468.96594, 3509468.32857",438395.111683035
"3382","55","34","2647","1","1","1","5141468.96594, 3229468.32857","4881468.96594, 3509468.32857",428406.313059737
"3383","55","35","2648","1","1","1","5141468.96594, 3219468.32857","4881468.96594, 3509468.32857",438137.105728084
"3384","55","36","2649","1","0","0","5141468.96594, 3209468.32857","4881468.96594, 3509468.32857",447402.887844347
"3385","55","37","2650","0","0","1","5141468.96594, 3199468.32857","4881468.96594, 3509468.32857",449729.6531492
"3386","55","38","2651","0","0","1","5141468.96594, 3189468.32857","4881468.96594, 3509468.32857",451538.592425442
"3387","55","39","2652","0","0","1","5141468.96594, 3179468.32857","4881468.96594, 3509468.32857",530043.933442474
"3388","55","40","2653","1","0","1","5141468.96594, 3169468.32857","4881468.96594, 3509468.32857",532651.364015962
"3389","55","41","2654","1","0","0","5141468.96594, 3159468.32857","4881468.96594, 3509468.32857",532651.364015962
"3390","55","42","2655","1","1","0","5141468.96594, 3149468.32857","4881468.96594, 3509468.32857",536038.098320849
"3391","55","43","2656","1","1","0","5141468.96594, 3139468.32857","4881468.96594, 3509468.32857",545082.419223653
"3392","55","44","2657","1","0","1","5141468.96594, 3129468.32857","4881468.96594, 3509468.32857",563125.734137831
"3393","55","45","2658","1","1","1","5141468.96594, 3119468.32857","4881468.96594, 3509468.32857",574957.237741341
"3394","55","46","2659","1","1","1","5141468.96594, 3109468.32857","4881468.96594, 3509468.32857",585037.283762492
"3395","55","47","2660","0","1","0","5141468.96594, 3099468.32857","4881468.96594, 3509468.32857",600964.547745005
"3396","55","48","2661","0","0","0","5141468.96594, 3089468.32857","4881468.96594, 3509468.32857",607068.748547615
"3397","55","49","2662","0","1","0","5141468.96594, 3079468.32857","4881468.96594, 3509468.32857",621661.023021978
"3398","55","50","2663","1","1","0","5141468.96594, 3069468.32857","4881468.96594, 3509468.32857",629826.59536968
"3399","55","51","2664","1","1","0","5141468.96594, 3059468.32857","4881468.96594, 3509468.32857",645138.869376527
"3400","55","52","2665","0","0","0","5141468.96594, 3049468.32857","4881468.96594, 3509468.32857",642887.104790617
"3401","55","53","2666","1","0","0","5141468.96594, 3039468.32857","4881468.96594, 3509468.32857",688086.190716263
"3402","55","54","2667","1","0","0","5141468.96594, 3029468.32857","4881468.96594, 3509468.32857",710344.549472237
"3403","55","55","2668","1","1","0","5141468.96594, 3019468.32857","4881468.96594, 3509468.32857",714747.960267881
"3404","55","56","2669","0","0","0","5141468.96594, 3009468.32857","4881468.96594, 3509468.32857",714747.960267881
"3405","55","57","2670","0","0","0","5141468.96594, 2999468.32857","4881468.96594, 3509468.32857",714747.960267881
"3406","55","58","2671","0","0","0","5140861.57113, 2991052.89762",,
"3412","56","2","2672","0","0","0","5151807.91491, 3547757.52098","4881468.96594, 3509468.32857",403663.061928573
"3413","56","3","2673","0","0","0","5151468.96594, 3539468.32857","4881468.96594, 3509468.32857",399753.147218393
"3414","56","4","2674","0","0","0","5151468.96594, 3529468.32857","4881468.96594, 3509468.32857",390849.516226118
"3415","56","5","2675","0","0","0","5151468.96594, 3519468.32857","4881468.96594, 3509468.32857",384607.859625879
"3416","56","6","2676","1","1","0","5151468.96594, 3509468.32857","4881468.96594, 3509468.32857",375465.073666843
"3417","56","7","2677","1","1","0","5151468.96594, 3499468.32857","4881468.96594, 3509468.32857",367422.118738594
"3418","56","8","2678","1","0","0","5151468.96594, 3489468.32857","4881468.96594, 3509468.32857",367422.118738594
"3419","56","9","2679","1","0","0","5151468.96594, 3479468.32857","4881468.96594, 3509468.32857",342175.301148875
"3420","56","10","2680","1","0","0","5151468.96594, 3469468.32857","4881468.96594, 3509468.32857",351924.401634792
"3421","56","11","2681","1","1","0","5151468.96594, 3459468.32857","4881468.96594, 3509468.32857",358592.342171761
"3422","56","12","2682","1","1","0","5151468.96594, 3449468.32857","4881468.96594, 3509468.32857",367989.744364473
"3423","56","13","2683","0","0","0","5151468.96594, 3439468.32857","4881468.96594, 3509468.32857",369866.644184702
"3424","56","14","2684","0","0","0","5151468.96594, 3429468.32857","4881468.96594, 3509468.32857",374508.211877425
"3425","56","15","2685","1","0","0","5151468.96594, 3419468.32857","4881468.96594, 3509468.32857",474807.40383527
"3426","56","16","2686","1","0","0","5151468.96594, 3409468.32857","4881468.96594, 3509468.32857",474807.40383527
"3427","56","17","2687","1","1","0","5151468.96594, 3399468.32857","4881468.96594, 3509468.32857",475069.4866063
"3428","56","18","2688","1","0","0","5151468.96594, 3389468.32857","4881468.96594, 3509468.32857",475069.4866063
"3429","56","19","2689","0","1","0","5151468.96594, 3379468.32857","4881468.96594, 3509468.32857",426870.762527796
"3430","56","20","2690","1","1","0","5151468.96594, 3369468.32857","4881468.96594, 3509468.32857",418659.228231892
"3431","56","21","2691","1","0","0","5151468.96594, 3359468.32857","4881468.96594, 3509468.32857",413356.879715904
"3432","56","22","2692","1","0","0","5151468.96594, 3349468.32857","4881468.96594, 3509468.32857",408520.839396792
"3433","56","23","2693","1","0","0","5151468.96594, 3339468.32857","4881468.96594, 3509468.32857",441069.551312896
"3434","56","24","2694","1","1","0","5151468.96594, 3329468.32857","4881468.96594, 3509468.32857",441069.551312896
"3435","56","25","2695","1","1","0","5151468.96594, 3319468.32857","4881468.96594, 3509468.32857",433304.079487709
"3436","56","26","2696","1","1","0","5151468.96594, 3309468.32857","4881468.96594, 3509468.32857",426889.849044538
"3437","56","27","2697","1","1","0","5151468.96594, 3299468.32857","4881468.96594, 3509468.32857",408884.67868482
"3438","56","28","2698","0","0","0","5151468.96594, 3289468.32857","4881468.96594, 3509468.32857",419175.300941514
"3439","56","29","2699","0","0","0","5151468.96594, 3279468.32857","4881468.96594, 3509468.32857",424015.00076274
"3440","56","30","2700","1","1","0","5151468.96594, 3269468.32857","4881468.96594, 3509468.32857",422419.716386528
"3441","56","31","2701","0","0","0","5151468.96594, 3259468.32857","4881468.96594, 3509468.32857",458850.653912517
"3442","56","32","2702","0","1","0","5151468.96594, 3249468.32857","4881468.96594, 3509468.32857",451767.374323954
"3443","56","33","2703","1","1","0","5151468.96594, 3239468.32857","4881468.96594, 3509468.32857",441210.851565441
"3444","56","34","2704","1","0","0","5151468.96594, 3229468.32857","4881468.96594, 3509468.32857",434388.433483947
"3445","56","35","2705","1","1","1","5151468.96594, 3219468.32857","4881468.96594, 3509468.32857",445173.983783239
"3446","56","36","2706","1","1","1","5151468.96594, 3209468.32857","4881468.96594, 3509468.32857",451538.592425442
"3447","56","37","2707","0","0","1","5151468.96594, 3199468.32857","4881468.96594, 3509468.32857",457889.322217695
"3448","56","38","2708","0","0","0","5151468.96594, 3189468.32857","4881468.96594, 3509468.32857",462721.34264697
"3449","56","39","2709","0","0","0","5151468.96594, 3179468.32857","4881468.96594, 3509468.32857",464737.2253391
"3450","56","40","2710","0","0","1","5151468.96594, 3169468.32857","4881468.96594, 3509468.32857",532651.364015962
"3451","56","41","2711","0","0","1","5151468.96594, 3159468.32857","4881468.96594, 3509468.32857",536038.098320849
"3452","56","42","2712","1","0","1","5151468.96594, 3149468.32857","4881468.96594, 3509468.32857",553878.208847747
"3453","56","43","2713","0","1","1","5151468.96594, 3139468.32857","4881468.96594, 3509468.32857",553878.208847747
"3454","56","44","2714","1","1","1","5151468.96594, 3129468.32857","4881468.96594, 3509468.32857",560592.002279173
"3455","56","45","2715","0","1","0","5151468.96594, 3119468.32857","4881468.96594, 3509468.32857",569529.65159821
"3456","56","46","2716","1","1","0","5151468.96594, 3109468.32857","4881468.96594, 3509468.32857",587779.182869494
"3457","56","47","2717","1","1","0","5151468.96594, 3099468.32857","4881468.96594, 3509468.32857",592817.4918536
"3458","56","48","2718","1","1","0","5151468.96594, 3089468.32857","4881468.96594, 3509468.32857",604552.985312106
"3459","56","49","2719","1","1","0","5151468.96594, 3079468.32857","4881468.96594, 3509468.32857",614794.783355211
"3460","56","50","2720","1","0","0","5151468.96594, 3069468.32857","4881468.96594, 3509468.32857",657262.692499017
"3461","56","51","2721","1","1","0","5151468.96594, 3059468.32857","4881468.96594, 3509468.32857",657262.692499017
"3462","56","52","2722","0","0","0","5151468.96594, 3049468.32857","4881468.96594, 3509468.32857",683936.542048756
"3463","56","53","2723","0","1","0","5151468.96594, 3039468.32857","4881468.96594, 3509468.32857",686249.56955728
"3464","56","54","2724","1","1","0","5151468.96594, 3029468.32857","4881468.96594, 3509468.32857",702065.767191693
"3465","56","55","2725","0","1","0","5151468.96594, 3019468.32857","4881468.96594, 3509468.32857",712579.334868916
"3466","56","56","2726","0","0","0","5151468.96594, 3009468.32857","4881468.96594, 3509468.32857",708034.315023831
"3467","56","57","2727","0","0","0","5151468.96594, 2999468.32857","4881468.96594, 3509468.32857",714747.960267881
"3468","56","58","2728","0","0","0","5151644.66081, 2992736.07896",,
"3474","57","2","2729","0","0","0","5161032.1632, 3547759.54425","4881468.96594, 3509468.32857",423730.748263722
"3475","57","3","2730","0","0","0","5161468.96594, 3539468.32857","4881468.96594, 3509468.32857",403663.061928573
"3476","57","4","2731","1","0","0","5161468.96594, 3529468.32857","4881468.96594, 3509468.32857",399753.147218393
"3477","57","5","2732","1","1","0","5161468.96594, 3519468.32857","4881468.96594, 3509468.32857",390849.516226118
"3478","57","6","2733","1","1","0","5161468.96594, 3509468.32857","4881468.96594, 3509468.32857",380833.160774877
"3479","57","7","2734","1","0","0","5161468.96594, 3499468.32857","4881468.96594, 3509468.32857",397401.567163714
"3480","57","8","2735","1","0","0","5161468.96594, 3489468.32857","4881468.96594, 3509468.32857",410598.668054234
"3481","57","9","2736","1","0","0","5161468.96594, 3479468.32857","4881468.96594, 3509468.32857",412697.058640476
"3482","57","10","2737","0","0","0","5161468.96594, 3469468.32857","4881468.96594, 3509468.32857",355687.638281003
"3483","57","11","2738","0","0","0","5161468.96594, 3459468.32857","4881468.96594, 3509468.32857",378818.340954274
"3484","57","12","2739","1","1","0","5161468.96594, 3449468.32857","4881468.96594, 3509468.32857",378818.340954274
"3485","57","13","2740","1","1","0","5161468.96594, 3439468.32857","4881468.96594, 3509468.32857",383567.303121571
"3486","57","14","2741","0","0","0","5161468.96594, 3429468.32857","4881468.96594, 3509468.32857",392076.325538226
"3487","57","15","2742","1","0","0","5161468.96594, 3419468.32857","4881468.96594, 3509468.32857",398622.612035429
"3488","57","16","2743","1","0","0","5161468.96594, 3409468.32857","4881468.96594, 3509468.32857",466527.594138228
"3489","57","17","2744","0","1","0","5161468.96594, 3399468.32857","4881468.96594, 3509468.32857",466527.594138228
"3490","57","18","2745","1","0","0","5161468.96594, 3389468.32857","4881468.96594, 3509468.32857",468230.839189274
"3491","57","19","2746","1","1","0","5161468.96594, 3379468.32857","4881468.96594, 3509468.32857",432915.701633882
"3492","57","20","2747","0","0","0","5161468.96594, 3369468.32857","4881468.96594, 3509468.32857",426870.762527796
"3493","57","21","2748","0","0","0","5161468.96594, 3359468.32857","4881468.96594, 3509468.32857",422381.06115531
"3494","57","22","2749","0","0","0","5161468.96594, 3349468.32857","4881468.96594, 3509468.32857",413356.879715904
"3495","57","23","2750","0","0","0","5161468.96594, 3339468.32857","4881468.96594, 3509468.32857",441069.551312896
"3496","57","24","2751","1","0","0","5161468.96594, 3329468.32857","4881468.96594, 3509468.32857",441069.551312896
"3497","57","25","2752","0","0","0","5161468.96594, 3319468.32857","4881468.96594, 3509468.32857",430862.851763355
"3498","57","26","2753","0","0","0","5161468.96594, 3309468.32857","4881468.96594, 3509468.32857",420522.009848145
"3499","57","27","2754","1","1","0","5161468.96594, 3299468.32857","4881468.96594, 3509468.32857",423334.141406331
"3500","57","28","2755","1","1","0","5161468.96594, 3289468.32857","4881468.96594, 3509468.32857",425553.385555701
"3501","57","29","2756","1","1","0","5161468.96594, 3279468.32857","4881468.96594, 3509468.32857",439393.577270935
"3502","57","30","2757","1","1","0","5161468.96594, 3269468.32857","4881468.96594, 3509468.32857",444605.255555819
"3503","57","31","2758","0","1","0","5161468.96594, 3259468.32857","4881468.96594, 3509468.32857",454027.021506492
"3504","57","32","2759","0","1","0","5161468.96594, 3249468.32857","4881468.96594, 3509468.32857",455524.054384645
"3505","57","33","2760","1","0","0","5161468.96594, 3239468.32857","4881468.96594, 3509468.32857",448696.852472217
"3506","57","34","2761","0","0","0","5161468.96594, 3229468.32857","4881468.96594, 3509468.32857",434388.433483947
"3507","57","35","2762","1","0","0","5161468.96594, 3219468.32857","4881468.96594, 3509468.32857",455742.592780673
"3508","57","36","2763","1","1","0","5161468.96594, 3209468.32857","4881468.96594, 3509468.32857",460512.449767772
"3509","57","37","2764","0","0","0","5161468.96594, 3199468.32857","4881468.96594, 3509468.32857",464737.2253391
"3510","57","38","2765","0","0","0","5161468.96594, 3189468.32857","4881468.96594, 3509468.32857",466459.235569376
"3511","57","39","2766","0","0","0","5161468.96594, 3179468.32857","4881468.96594, 3509468.32857",515171.639342242
"3512","57","40","2767","0","0","0","5161468.96594, 3169468.32857","4881468.96594, 3509468.32857",533513.94322704
"3513","57","41","2768","1","0","0","5161468.96594, 3159468.32857","4881468.96594, 3509468.32857",559427.72750314
"3514","57","42","2769","1","0","0","5161468.96594, 3149468.32857","4881468.96594, 3509468.32857",568839.267840671
"3515","57","43","2770","0","0","0","5161468.96594, 3139468.32857","4881468.96594, 3509468.32857",577371.631748048
"3516","57","44","2771","1","1","0","5161468.96594, 3129468.32857","4881468.96594, 3509468.32857",583032.081582173
"3517","57","45","2772","0","1","0","5161468.96594, 3119468.32857","4881468.96594, 3509468.32857",585674.141005142
"3518","57","46","2773","0","0","0","5161468.96594, 3109468.32857","4881468.96594, 3509468.32857",606476.827960245
"3519","57","47","2774","0","1","0","5161468.96594, 3099468.32857","4881468.96594, 3509468.32857",604034.668135125
"3520","57","48","2775","0","0","0","5161468.96594, 3089468.32857","4881468.96594, 3509468.32857",606571.468352971
"3521","57","49","2776","1","1","0","5161468.96594, 3079468.32857","4881468.96594, 3509468.32857",620775.199802158
"3522","57","50","2777","1","1","0","5161468.96594, 3069468.32857","4881468.96594, 3509468.32857",652065.511243707
"3523","57","51","2778","1","1","0","5161468.96594, 3059468.32857","4881468.96594, 3509468.32857",653960.350198703
"3524","57","52","2779","0","1","0","5161468.96594, 3049468.32857","4881468.96594, 3509468.32857",665826.435990232
"3525","57","53","2780","0","1","0","5161468.96594, 3039468.32857","4881468.96594, 3509468.32857",675766.417108111
"3526","57","54","2781","1","1","0","5161468.96594, 3029468.32857","4881468.96594, 3509468.32857",696360.617316519
"3527","57","55","2782","1","1","0","5161468.96594, 3019468.32857","4881468.96594, 3509468.32857",722644.182881378
"3528","57","56","2783","1","0","0","5161468.96594, 3009468.32857","4881468.96594, 3509468.32857",730457.292540276
"3529","57","57","2784","1","0","0","5161468.96594, 2999468.32857","4881468.96594, 3509468.32857",736304.092379002
"3530","57","58","2785","1","0","0","5161882.97629, 2991513.8688","4881468.96594, 3509468.32857",824598.483151229
"3536","58","2","2786","1","0","0","5170519.8323, 3546137.77039","4881468.96594, 3509468.32857",423730.748263722
"3537","58","3","2787","1","1","0","5171468.96594, 3539468.32857","4881468.96594, 3509468.32857",415107.44156048
"3538","58","4","2788","1","1","0","5171468.96594, 3529468.32857","4881468.96594, 3509468.32857",403663.061928573
"3539","58","5","2789","0","1","0","5171468.96594, 3519468.32857","4881468.96594, 3509468.32857",396456.159380083
"3540","58","6","2790","0","1","0","5171468.96594, 3509468.32857","4881468.96594, 3509468.32857",397401.567163714
"3541","58","7","2791","0","1","0","5171468.96594, 3499468.32857","4881468.96594, 3509468.32857",406567.610383103
"3542","58","8","2792","1","1","0","5171468.96594, 3489468.32857","4881468.96594, 3509468.32857",414975.160551378
"3543","58","9","2793","0","0","0","5171468.96594, 3479468.32857","4881468.96594, 3509468.32857",423246.093981683
"3544","58","10","2794","0","0","0","5171468.96594, 3469468.32857","4881468.96594, 3509468.32857",426293.249817961
"3545","58","11","2795","0","0","0","5171468.96594, 3459468.32857","4881468.96594, 3509468.32857",378818.340954274
"3546","58","12","2796","0","0","0","5171468.96594, 3449468.32857","4881468.96594, 3509468.32857",383567.303121571
"3547","58","13","2797","1","1","0","5171468.96594, 3439468.32857","4881468.96594, 3509468.32857",388771.957398885
"3548","58","14","2798","1","1","0","5171468.96594, 3429468.32857","4881468.96594, 3509468.32857",398622.612035429
"3549","58","15","2799","1","0","0","5171468.96594, 3419468.32857","4881468.96594, 3509468.32857",407514.888837185
"3550","58","16","2800","1","0","0","5171468.96594, 3409468.32857","4881468.96594, 3509468.32857",455685.418974352
"3551","58","17","2801","0","1","0","5171468.96594, 3399468.32857","4881468.96594, 3509468.32857",455685.418974352
"3552","58","18","2802","0","1","0","5171468.96594, 3389468.32857","4881468.96594, 3509468.32857",447114.333282719
"3553","58","19","2803","1","1","0","5171468.96594, 3379468.32857","4881468.96594, 3509468.32857",442494.576968485
"3554","58","20","2804","1","0","0","5171468.96594, 3369468.32857","4881468.96594, 3509468.32857",436124.348965209
"3555","58","21","2805","0","0","0","5171468.96594, 3359468.32857","4881468.96594, 3509468.32857",430580.966595006
"3556","58","22","2806","0","0","0","5171468.96594, 3349468.32857","4881468.96594, 3509468.32857",422381.06115531
"3557","58","23","2807","0","0","0","5171468.96594, 3339468.32857","4881468.96594, 3509468.32857",457474.089899165
"3558","58","24","2808","1","0","0","5171468.96594, 3329468.32857","4881468.96594, 3509468.32857",449911.646247114
"3559","58","25","2809","0","0","0","5171468.96594, 3319468.32857","4881468.96594, 3509468.32857",442623.639901446
"3560","58","26","2810","0","1","0","5171468.96594, 3309468.32857","4881468.96594, 3509468.32857",435548.04355992
"3561","58","27","2811","0","1","0","5171468.96594, 3299468.32857","4881468.96594, 3509468.32857",431373.906453939
"3562","58","28","2812","1","0","0","5171468.96594, 3289468.32857","4881468.96594, 3509468.32857",430713.204941489
"3563","58","29","2813","1","1","0","5171468.96594, 3279468.32857","4881468.96594, 3509468.32857",443466.682516205
"3564","58","30","2814","1","1","0","5171468.96594, 3269468.32857","4881468.96594, 3509468.32857",445211.036442678
"3565","58","31","2815","1","0","0","5171468.96594, 3259468.32857","4881468.96594, 3509468.32857",451937.729569765
"3566","58","32","2816","0","0","0","5171468.96594, 3249468.32857","4881468.96594, 3509468.32857",454027.021506492
"3567","58","33","2817","1","0","0","5171468.96594, 3239468.32857","4881468.96594, 3509468.32857",451767.374323954
"3568","58","34","2818","0","0","0","5171468.96594, 3229468.32857","4881468.96594, 3509468.32857",519674.638386953
"3569","58","35","2819","0","0","0","5171468.96594, 3219468.32857","4881468.96594, 3509468.32857",470383.534887017
"3570","58","36","2820","1","1","0","5171468.96594, 3209468.32857","4881468.96594, 3509468.32857",472124.72223394
"3571","58","37","2821","0","1","0","5171468.96594, 3199468.32857","4881468.96594, 3509468.32857",474426.947122536
"3572","58","38","2822","0","0","0","5171468.96594, 3189468.32857","4881468.96594, 3509468.32857",480698.797444847
"3573","58","39","2823","0","0","0","5171468.96594, 3179468.32857","4881468.96594, 3509468.32857",515171.639342242
"3574","58","40","2824","0","0","0","5171468.96594, 3169468.32857","4881468.96594, 3509468.32857",533513.94322704
"3575","58","41","2825","1","0","0","5171468.96594, 3159468.32857","4881468.96594, 3509468.32857",557128.986814537
"3576","58","42","2826","0","1","0","5171468.96594, 3149468.32857","4881468.96594, 3509468.32857",561757.91835948
"3577","58","43","2827","0","1","0","5171468.96594, 3139468.32857","4881468.96594, 3509468.32857",573104.677598361
"3578","58","44","2828","1","1","0","5171468.96594, 3129468.32857","4881468.96594, 3509468.32857",581246.95586892
"3579","58","45","2829","1","1","0","5171468.96594, 3119468.32857","4881468.96594, 3509468.32857",597572.783829758
"3580","58","46","2830","0","1","0","5171468.96594, 3109468.32857","4881468.96594, 3509468.32857",617235.848077919
"3581","58","47","2831","0","1","0","5171468.96594, 3099468.32857","4881468.96594, 3509468.32857",611645.891457134
"3582","58","48","2832","0","0","0","5171468.96594, 3089468.32857","4881468.96594, 3509468.32857",623168.172865597
"3583","58","49","2833","1","1","0","5171468.96594, 3079468.32857","4881468.96594, 3509468.32857",629123.013808218
"3584","58","50","2834","1","1","0","5171468.96594, 3069468.32857","4881468.96594, 3509468.32857",635103.22470709
"3585","58","51","2835","1","1","0","5171468.96594, 3059468.32857","4881468.96594, 3509468.32857",651147.75819922
"3586","58","52","2836","1","1","0","5171468.96594, 3049468.32857","4881468.96594, 3509468.32857",659375.279260485
"3587","58","53","2837","1","1","0","5171468.96594, 3039468.32857","4881468.96594, 3509468.32857",671644.186838962
"3588","58","54","2838","1","0","0","5171468.96594, 3029468.32857","4881468.96594, 3509468.32857",727961.153969955
"3589","58","55","2839","1","1","0","5171468.96594, 3019468.32857","4881468.96594, 3509468.32857",732552.688287626
"3590","58","56","2840","1","1","0","5171468.96594, 3009468.32857","4881468.96594, 3509468.32857",738506.491206221
"3591","58","57","2841","0","0","0","5171468.96594, 2999468.32857","4881468.96594, 3509468.32857",740176.217192999
"3592","58","58","2842","1","0","0","5171744.55194, 2990096.64327","4881468.96594, 3509468.32857",822574.299674481
"3593","58","59","2843","0","0","0","5176347.84359, 2984433.48821","4881468.96594, 3509468.32857",824598.483151229
"3598","59","2","2844","0","1","0","5177728.94486, 3544900.73607","4881468.96594, 3509468.32857",421732.708601702
"3599","59","3","2845","0","1","0","5181260.8558, 3539163.38197","4881468.96594, 3509468.32857",415107.44156048
"3600","59","4","2846","0","0","0","5181468.96594, 3529468.32857","4881468.96594, 3509468.32857",411400.090185507
"3601","59","5","2847","0","0","0","5181468.96594, 3519468.32857","4881468.96594, 3509468.32857",396456.159380083
"3602","59","6","2848","1","0","0","5181468.96594, 3509468.32857","4881468.96594, 3509468.32857",404161.306588655
"3603","59","7","2849","1","0","0","5181468.96594, 3499468.32857","4881468.96594, 3509468.32857",417112.133016598
"3604","59","8","2850","1","1","0","5181468.96594, 3489468.32857","4881468.96594, 3509468.32857",421323.752047228
"3605","59","9","2851","1","1","0","5181468.96594, 3479468.32857","4881468.96594, 3509468.32857",428800.548676301
"3606","59","10","2852","1","0","0","5181468.96594, 3469468.32857","4881468.96594, 3509468.32857",435873.01253174
"3607","59","11","2853","1","0","0","5181468.96594, 3459468.32857","4881468.96594, 3509468.32857",439787.043693893
"3608","59","12","2854","1","0","0","5181468.96594, 3449468.32857","4881468.96594, 3509468.32857",386652.437566205
"3609","59","13","2855","0","0","0","5181468.96594, 3439468.32857","4881468.96594, 3509468.32857",393724.141793523
"3610","59","14","2856","1","1","0","5181468.96594, 3429468.32857","4881468.96594, 3509468.32857",405218.654286408
"3611","59","15","2857","1","1","0","5181468.96594, 3419468.32857","4881468.96594, 3509468.32857",413972.410506349
"3612","59","16","2858","0","0","0","5181468.96594, 3409468.32857","4881468.96594, 3509468.32857",437433.562348534
"3613","59","17","2859","0","1","0","5181468.96594, 3399468.32857","4881468.96594, 3509468.32857",444451.463316292
"3614","59","18","2860","0","1","0","5181468.96594, 3389468.32857","4881468.96594, 3509468.32857",453129.681628354
"3615","59","19","2861","0","0","0","5181468.96594, 3379468.32857","4881468.96594, 3509468.32857",449799.148421432
"3616","59","20","2862","1","0","0","5181468.96594, 3369468.32857","4881468.96594, 3509468.32857",442494.576968485
"3617","59","21","2863","0","0","0","5181468.96594, 3359468.32857","4881468.96594, 3509468.32857",483528.000465473
"3618","59","22","2864","0","0","0","5181468.96594, 3349468.32857","4881468.96594, 3509468.32857",480745.793734588
"3619","59","23","2865","0","0","0","5181468.96594, 3339468.32857","4881468.96594, 3509468.32857",474721.695144051
"3620","59","24","2866","1","0","0","5181468.96594, 3329468.32857","4881468.96594, 3509468.32857",457474.089899165
"3621","59","25","2867","0","1","0","5181468.96594, 3319468.32857","4881468.96594, 3509468.32857",449911.646247114
"3622","59","26","2868","1","1","0","5181468.96594, 3309468.32857","4881468.96594, 3509468.32857",444779.330165048
"3623","59","27","2869","0","0","0","5181468.96594, 3299468.32857","4881468.96594, 3509468.32857",440365.98633416
"3624","59","28","2870","1","0","0","5181468.96594, 3289468.32857","4881468.96594, 3509468.32857",456146.625768244
"3625","59","29","2871","0","1","0","5181468.96594, 3279468.32857","4881468.96594, 3509468.32857",453978.755272111
"3626","59","30","2872","0","1","0","5181468.96594, 3269468.32857","4881468.96594, 3509468.32857",454820.523028826
"3627","59","31","2873","1","0","0","5181468.96594, 3259468.32857","4881468.96594, 3509468.32857",458420.50988076
"3628","59","32","2874","1","0","0","5181468.96594, 3249468.32857","4881468.96594, 3509468.32857",462647.228075358
"3629","59","33","2875","1","0","0","5181468.96594, 3239468.32857","4881468.96594, 3509468.32857",517565.802503421
"3630","59","34","2876","1","0","0","5181468.96594, 3229468.32857","4881468.96594, 3509468.32857",519674.638386953
"3631","59","35","2877","0","0","0","5181468.96594, 3219468.32857","4881468.96594, 3509468.32857",521685.128298906
"3632","59","36","2878","1","0","0","5181468.96594, 3209468.32857","4881468.96594, 3509468.32857",478344.378159622
"3633","59","37","2879","1","1","0","5181468.96594, 3199468.32857","4881468.96594, 3509468.32857",484889.431668169
"3634","59","38","2880","1","1","0","5181468.96594, 3189468.32857","4881468.96594, 3509468.32857",510932.778384889
"3635","59","39","2881","1","1","0","5181468.96594, 3179468.32857","4881468.96594, 3509468.32857",517052.06114949
"3636","59","40","2882","1","1","0","5181468.96594, 3169468.32857","4881468.96594, 3509468.32857",528447.784985182
"3637","59","41","2883","1","1","0","5181468.96594, 3159468.32857","4881468.96594, 3509468.32857",542289.053432636
"3638","59","42","2884","1","1","0","5181468.96594, 3149468.32857","4881468.96594, 3509468.32857",549082.665734886
"3639","59","43","2885","1","0","0","5181468.96594, 3139468.32857","4881468.96594, 3509468.32857",564058.06498003
"3640","59","44","2886","1","0","0","5181468.96594, 3129468.32857","4881468.96594, 3509468.32857",604531.520092424
"3641","59","45","2887","1","1","0","5181468.96594, 3119468.32857","4881468.96594, 3509468.32857",607157.762122935
"3642","59","46","2888","1","1","0","5181468.96594, 3109468.32857","4881468.96594, 3509468.32857",608291.96885353
"3643","59","47","2889","1","0","0","5181468.96594, 3099468.32857","4881468.96594, 3509468.32857",622144.880304836
"3644","59","48","2890","1","0","0","5181468.96594, 3089468.32857","4881468.96594, 3509468.32857",624089.417096931
"3645","59","49","2891","1","0","0","5181468.96594, 3079468.32857","4881468.96594, 3509468.32857",631329.288206795
"3646","59","50","2892","1","1","0","5181468.96594, 3069468.32857","4881468.96594, 3509468.32857",650592.362325302
"3647","59","51","2893","1","1","0","5181468.96594, 3059468.32857","4881468.96594, 3509468.32857",643950.342789968
"3648","59","52","2894","0","0","0","5181468.96594, 3049468.32857","4881468.96594, 3509468.32857",657593.865782849
"3649","59","53","2895","1","0","0","5181468.96594, 3039468.32857","4881468.96594, 3509468.32857",659375.279260485
"3650","59","54","2896","1","0","0","5181468.96594, 3029468.32857","4881468.96594, 3509468.32857",736304.092379002
"3651","59","55","2897","0","0","0","5181468.96594, 3019468.32857","4881468.96594, 3509468.32857",744485.62701561
"3652","59","56","2898","1","1","0","5181468.96594, 3009468.32857","4881468.96594, 3509468.32857",744485.62701561
"3653","59","57","2899","0","0","0","5181468.96594, 2999468.32857","4881468.96594, 3509468.32857",747203.983133863
"3654","59","58","2900","0","0","0","5181468.96594, 2989468.32857","4881468.96594, 3509468.32857",822574.299674481
"3655","59","59","2901","0","0","0","5183022.71627, 2983473.488","4881468.96594, 3509468.32857",822574.299674481
"3661","60","3","2902","0","0","0","5187838.95137, 3537380.50583","4881468.96594, 3509468.32857",415107.44156048
"3662","60","4","2903","1","0","0","5189733.98032, 3528875.76458","4881468.96594, 3509468.32857",411400.090185507
"3663","60","5","2904","1","0","0","5191351.46684, 3519367.14968","4881468.96594, 3509468.32857",411400.090185507
"3664","60","6","2905","1","0","0","5191468.96594, 3509468.32857","4881468.96594, 3509468.32857",404161.306588655
"3665","60","7","2906","0","0","0","5191468.96594, 3499468.32857","4881468.96594, 3509468.32857",421323.752047228
"3666","60","8","2907","0","0","0","5191468.96594, 3489468.32857","4881468.96594, 3509468.32857",432884.084712174
"3667","60","9","2908","0","1","0","5191468.96594, 3479468.32857","4881468.96594, 3509468.32857",437652.665273101
"3668","60","10","2909","0","0","0","5191468.96594, 3469468.32857","4881468.96594, 3509468.32857",439787.043693893
"3669","60","11","2910","0","0","0","5191468.96594, 3459468.32857","4881468.96594, 3509468.32857",454830.67238805
"3670","60","12","2911","1","0","0","5191468.96594, 3449468.32857","4881468.96594, 3509468.32857",457184.881042488
"3671","60","13","2912","1","0","0","5191468.96594, 3439468.32857","4881468.96594, 3509468.32857",449991.356112855
"3672","60","14","2913","1","1","0","5191468.96594, 3429468.32857","4881468.96594, 3509468.32857",443179.098249292
"3673","60","15","2914","1","1","0","5191468.96594, 3419468.32857","4881468.96594, 3509468.32857",422234.933731905
"3674","60","16","2915","0","1","0","5191468.96594, 3409468.32857","4881468.96594, 3509468.32857",431153.220435753
"3675","60","17","2916","0","1","0","5191468.96594, 3399468.32857","4881468.96594, 3509468.32857",442533.898861538
"3676","60","18","2917","0","1","0","5191468.96594, 3389468.32857","4881468.96594, 3509468.32857",450041.890380896
"3677","60","19","2918","0","0","0","5191468.96594, 3379468.32857","4881468.96594, 3509468.32857",459023.631142989
"3678","60","20","2919","1","0","0","5191468.96594, 3369468.32857","4881468.96594, 3509468.32857",466008.599006869
"3679","60","21","2920","1","0","0","5191468.96594, 3359468.32857","4881468.96594, 3509468.32857",478091.422403907
"3680","60","22","2921","1","0","0","5191468.96594, 3349468.32857","4881468.96594, 3509468.32857",480745.793734588
"3681","60","23","2922","1","0","0","5191468.96594, 3339468.32857","4881468.96594, 3509468.32857",474721.695144051
"3682","60","24","2923","1","1","0","5191468.96594, 3329468.32857","4881468.96594, 3509468.32857",468531.356647403
"3683","60","25","2924","1","1","0","5191468.96594, 3319468.32857","4881468.96594, 3509468.32857",459894.969962466
"3684","60","26","2925","1","0","0","5191468.96594, 3309468.32857","4881468.96594, 3509468.32857",454038.318785044
"3685","60","27","2926","1","0","0","5191468.96594, 3299468.32857","4881468.96594, 3509468.32857",470441.497091132
"3686","60","28","2927","1","1","0","5191468.96594, 3289468.32857","4881468.96594, 3509468.32857",467750.051514429
"3687","60","29","2928","1","1","0","5191468.96594, 3279468.32857","4881468.96594, 3509468.32857",461552.193116951
"3688","60","30","2929","1","1","0","5191468.96594, 3269468.32857","4881468.96594, 3509468.32857",462647.228075358
"3689","60","31","2930","1","1","0","5191468.96594, 3259468.32857","4881468.96594, 3509468.32857",466614.258638647
"3690","60","32","2931","0","0","0","5191468.96594, 3249468.32857","4881468.96594, 3509468.32857",499921.154438306
"3691","60","33","2932","0","0","0","5191468.96594, 3239468.32857","4881468.96594, 3509468.32857",511436.713104004
"3692","60","34","2933","1","1","0","5191468.96594, 3229468.32857","4881468.96594, 3509468.32857",517565.802503421
"3693","60","35","2934","1","1","0","5191468.96594, 3219468.32857","4881468.96594, 3509468.32857",521685.128298906
"3694","60","36","2935","1","0","0","5191468.96594, 3209468.32857","4881468.96594, 3509468.32857",502191.089108535
"3695","60","37","2936","1","1","0","5191468.96594, 3199468.32857","4881468.96594, 3509468.32857",495465.728262995
"3696","60","38","2937","0","1","0","5191468.96594, 3189468.32857","4881468.96594, 3509468.32857",503823.466931236
"3697","60","39","2938","0","0","0","5191468.96594, 3179468.32857","4881468.96594, 3509468.32857",518950.596348277
"3698","60","40","2939","0","0","0","5191468.96594, 3169468.32857","4881468.96594, 3509468.32857",526579.481724564
"3699","60","41","2940","0","0","0","5191468.96594, 3159468.32857","4881468.96594, 3509468.32857",544881.097885534
"3700","60","42","2941","0","0","0","5191468.96594, 3149468.32857","4881468.96594, 3509468.32857",549082.665734886
"3701","60","43","2942","1","0","0","5191468.96594, 3139468.32857","4881468.96594, 3509468.32857",549082.665734886
"3702","60","44","2943","1","0","0","5191468.96594, 3129468.32857","4881468.96594, 3509468.32857",617921.344067745
"3703","60","45","2944","0","1","0","5191468.96594, 3119468.32857","4881468.96594, 3509468.32857",617921.344067745
"3704","60","46","2945","1","1","0","5191468.96594, 3109468.32857","4881468.96594, 3509468.32857",615922.078601362
"3705","60","47","2946","1","1","0","5191468.96594, 3099468.32857","4881468.96594, 3509468.32857",627207.373043158
"3706","60","48","2947","0","0","0","5191468.96594, 3089468.32857","4881468.96594, 3509468.32857",633733.075989481
"3707","60","49","2948","0","0","0","5191468.96594, 3079468.32857","4881468.96594, 3509468.32857",662453.891085354
"3708","60","50","2949","1","1","0","5191468.96594, 3069468.32857","4881468.96594, 3509468.32857",659964.963119096
"3709","60","51","2950","1","0","0","5191468.96594, 3059468.32857","4881468.96594, 3509468.32857",655085.342857909
"3710","60","52","2951","0","0","0","5191468.96594, 3049468.32857","4881468.96594, 3509468.32857",650592.362325302
"3711","60","53","2952","0","0","0","5191468.96594, 3039468.32857","4881468.96594, 3509468.32857",659375.279260485
"3712","60","54","2953","0","0","0","5191468.96594, 3029468.32857","4881468.96594, 3509468.32857",761099.206899954
"3713","60","55","2954","0","0","0","5191468.96594, 3019468.32857","4881468.96594, 3509468.32857",753034.005130182
"3714","60","56","2955","1","1","0","5191468.96594, 3009468.32857","4881468.96594, 3509468.32857",755402.830965139
"3715","60","57","2956","0","0","0","5191468.96594, 2999468.32857","4881468.96594, 3509468.32857",786974.761525115
"3716","60","58","2957","0","1","0","5191468.96594, 2989468.32857","4881468.96594, 3509468.32857",796904.768341592
"3717","60","59","2958","0","1","0","5192011.38176, 2982180.71117","4881468.96594, 3509468.32857",802296.877383234
"3725","61","5","2959","0","0","0","5197452.10649, 3516674.85102","4881468.96594, 3509468.32857",411400.090185507
"3726","61","6","2960","0","0","0","5199217.35348, 3508751.14753","4881468.96594, 3509468.32857",418891.892641539
"3727","61","7","2961","0","0","0","5201130.95767, 3499218.30512","4881468.96594, 3509468.32857",432884.084712174
"3728","61","8","2962","0","0","0","5201468.96594, 3489468.32857","4881468.96594, 3509468.32857",441563.152736779
"3729","61","9","2963","0","1","0","5201468.96594, 3479468.32857","4881468.96594, 3509468.32857",444766.33472262
"3730","61","10","2964","0","1","0","5201468.96594, 3469468.32857","4881468.96594, 3509468.32857",452198.303957107
"3731","61","11","2965","0","1","0","5201468.96594, 3459468.32857","4881468.96594, 3509468.32857",459365.780321942
"3732","61","12","2966","0","1","0","5201468.96594, 3449468.32857","4881468.96594, 3509468.32857",462121.72625855
"3733","61","13","2967","1","1","0","5201468.96594, 3439468.32857","4881468.96594, 3509468.32857",455201.577345743
"3734","61","14","2968","1","1","0","5201468.96594, 3429468.32857","4881468.96594, 3509468.32857",445220.748171631
"3735","61","15","2969","1","1","0","5201468.96594, 3419468.32857","4881468.96594, 3509468.32857",436210.919564903
"3736","61","16","2970","1","0","0","5201468.96594, 3409468.32857","4881468.96594, 3509468.32857",437758.376799426
"3737","61","17","2971","0","1","0","5201468.96594, 3399468.32857","4881468.96594, 3509468.32857",440576.545613458
"3738","61","18","2972","1","1","0","5201468.96594, 3389468.32857","4881468.96594, 3509468.32857",454514.261200082
"3739","61","19","2973","1","1","0","5201468.96594, 3379468.32857","4881468.96594, 3509468.32857",464036.906844591
"3740","61","20","2974","1","1","0","5201468.96594, 3369468.32857","4881468.96594, 3509468.32857",470406.333995499
"3741","61","21","2975","1","0","0","5201468.96594, 3359468.32857","4881468.96594, 3509468.32857",478091.422403907
"3742","61","22","2976","0","0","0","5201468.96594, 3349468.32857","4881468.96594, 3509468.32857",483528.000465473
"3743","61","23","2977","0","1","0","5201468.96594, 3339468.32857","4881468.96594, 3509468.32857",480745.793734588
"3744","61","24","2978","0","1","0","5201468.96594, 3329468.32857","4881468.96594, 3509468.32857",470347.156751657
"3745","61","25","2979","0","0","0","5201468.96594, 3319468.32857","4881468.96594, 3509468.32857",464047.618727484
"3746","61","26","2980","0","0","0","5201468.96594, 3309468.32857","4881468.96594, 3509468.32857",459894.969962466
"3747","61","27","2981","0","0","0","5201468.96594, 3299468.32857","4881468.96594, 3509468.32857",479939.943122443
"3748","61","28","2982","1","1","0","5201468.96594, 3289468.32857","4881468.96594, 3509468.32857",476286.800305207
"3749","61","29","2983","0","0","0","5201468.96594, 3279468.32857","4881468.96594, 3509468.32857",472564.366864963
"3750","61","30","2984","0","0","0","5201468.96594, 3269468.32857","4881468.96594, 3509468.32857",472323.329280057
"3751","61","31","2985","1","1","0","5201468.96594, 3259468.32857","4881468.96594, 3509468.32857",475474.787092186
"3752","61","32","2986","0","1","0","5201468.96594, 3249468.32857","4881468.96594, 3509468.32857",489510.794256789
"3753","61","33","2987","0","1","0","5201468.96594, 3239468.32857","4881468.96594, 3509468.32857",501499.228251264
"3754","61","34","2988","0","1","0","5201468.96594, 3229468.32857","4881468.96594, 3509468.32857",508848.191913506
"3755","61","35","2989","0","0","0","5201468.96594, 3219468.32857","4881468.96594, 3509468.32857",521685.128298906
"3756","61","36","2990","1","0","0","5201468.96594, 3209468.32857","4881468.96594, 3509468.32857",502191.089108535
"3757","61","37","2991","1","1","0","5201468.96594, 3199468.32857","4881468.96594, 3509468.32857",507987.540003722
"3758","61","38","2992","0","0","0","5201468.96594, 3189468.32857","4881468.96594, 3509468.32857",499609.129002792
"3759","61","39","2993","0","0","0","5201468.96594, 3179468.32857","4881468.96594, 3509468.32857",503823.466931236
"3760","61","40","2994","0","0","0","5201468.96594, 3169468.32857","4881468.96594, 3509468.32857",526579.481724564
"3761","61","41","2995","0","0","0","5201468.96594, 3159468.32857","4881468.96594, 3509468.32857",544881.097885534
"3762","61","42","2996","0","0","0","5201468.96594, 3149468.32857","4881468.96594, 3509468.32857",546654.132600709
"3763","61","43","2997","1","0","0","5201468.96594, 3139468.32857","4881468.96594, 3509468.32857",632754.204322746
"3764","61","44","2998","0","0","0","5201468.96594, 3129468.32857","4881468.96594, 3509468.32857",630283.815018185
"3765","61","45","2999","0","1","0","5201468.96594, 3119468.32857","4881468.96594, 3509468.32857",626264.537025896
"3766","61","46","3000","0","0","0","5201468.96594, 3109468.32857","4881468.96594, 3509468.32857",624593.880979186
"3767","61","47","3001","1","1","0","5201468.96594, 3099468.32857","4881468.96594, 3509468.32857",633733.075989481
"3768","61","48","3002","1","1","0","5201468.96594, 3089468.32857","4881468.96594, 3509468.32857",639033.514632632
"3769","61","49","3003","1","0","0","5201468.96594, 3079468.32857","4881468.96594, 3509468.32857",671455.422223622
"3770","61","50","3004","1","1","0","5201468.96594, 3069468.32857","4881468.96594, 3509468.32857",669613.110054099
"3771","61","51","3005","0","0","0","5201468.96594, 3059468.32857","4881468.96594, 3509468.32857",667198.954273441
"3772","61","52","3006","0","0","0","5201468.96594, 3049468.32857","4881468.96594, 3509468.32857",665147.526045684
"3773","61","53","3007","0","0","0","5201468.96594, 3039468.32857","4881468.96594, 3509468.32857",761099.206899954
"3774","61","54","3008","0","0","0","5201468.96594, 3029468.32857","4881468.96594, 3509468.32857",761099.206899954
"3775","61","55","3009","0","0","0","5201468.96594, 3019468.32857","4881468.96594, 3509468.32857",763774.509729224
"3776","61","56","3010","1","1","0","5201468.96594, 3009468.32857","4881468.96594, 3509468.32857",766409.147856296
"3777","61","57","3011","0","1","0","5201468.96594, 2999468.32857","4881468.96594, 3509468.32857",778274.735500013
"3778","61","58","3012","0","1","0","5201468.96594, 2989468.32857","4881468.96594, 3509468.32857",793203.047552356
"3779","61","59","3013","0","0","0","5201797.52379, 2980773.23888","4881468.96594, 3509468.32857",808043.885902732
"3789","62","7","3014","0","0","0","5207089.18043, 3495860.31386","4881468.96594, 3509468.32857",444766.33472262
"3790","62","8","3015","0","0","0","5208722.37333, 3488553.67652","4881468.96594, 3509468.32857",444766.33472262
"3791","62","9","3016","0","0","0","5210996.4485, 3479105.45604","4881468.96594, 3509468.32857",449035.581983848
"3792","62","10","3017","0","0","0","5211468.96594, 3469468.32857","4881468.96594, 3509468.32857",461219.015154077
"3793","62","11","3018","1","1","0","5211468.96594, 3459468.32857","4881468.96594, 3509468.32857",466787.343422444
"3794","62","12","3019","1","1","0","5211468.96594, 3449468.32857","4881468.96594, 3509468.32857",469342.090761564
"3795","62","13","3020","1","0","0","5211468.96594, 3439468.32857","4881468.96594, 3509468.32857",464868.321537248
"3796","62","14","3021","0","0","0","5211468.96594, 3429468.32857","4881468.96594, 3509468.32857",451994.869158541
"3797","62","15","3022","1","1","0","5211468.96594, 3419468.32857","4881468.96594, 3509468.32857",446856.454136404
"3798","62","16","3023","1","1","0","5211468.96594, 3409468.32857","4881468.96594, 3509468.32857",446856.454136404
"3799","62","17","3024","1","0","0","5211468.96594, 3399468.32857","4881468.96594, 3509468.32857",449034.75173896
"3800","62","18","3025","1","0","0","5211468.96594, 3389468.32857","4881468.96594, 3509468.32857",456787.557661891
"3801","62","19","3026","1","0","0","5211468.96594, 3379468.32857","4881468.96594, 3509468.32857",468291.459424377
"3802","62","20","3027","1","1","0","5211468.96594, 3369468.32857","4881468.96594, 3509468.32857",476052.079031165
"3803","62","21","3028","1","1","0","5211468.96594, 3359468.32857","4881468.96594, 3509468.32857",485745.462991476
"3804","62","22","3029","0","1","0","5211468.96594, 3349468.32857","4881468.96594, 3509468.32857",495412.781170299
"3805","62","23","3030","0","1","0","5211468.96594, 3339468.32857","4881468.96594, 3509468.32857",490580.941567423
"3806","62","24","3031","0","0","0","5211468.96594, 3329468.32857","4881468.96594, 3509468.32857",487549.523811459
"3807","62","25","3032","0","0","0","5211456.02164, 3319463.87949","4881468.96594, 3509468.32857",466336.055841427
"3808","62","26","3033","1","0","0","5211468.96594, 3309468.32857","4881468.96594, 3509468.32857",490479.542819076
"3809","62","27","3034","1","0","0","5211468.96594, 3299468.32857","4881468.96594, 3509468.32857",490479.542819076
"3810","62","28","3035","1","1","0","5211468.96594, 3289468.32857","4881468.96594, 3509468.32857",484634.885315831
"3811","62","29","3036","0","0","0","5211468.96594, 3279468.32857","4881468.96594, 3509468.32857",482710.037344487
"3812","62","30","3037","1","0","0","5211468.96594, 3269468.32857","4881468.96594, 3509468.32857",478540.611162293
"3813","62","31","3038","1","0","0","5211468.96594, 3259468.32857","4881468.96594, 3509468.32857",481258.438669908
"3814","62","32","3039","0","1","0","5211468.96594, 3249468.32857","4881468.96594, 3509468.32857",489510.794256789
"3815","62","33","3040","0","0","0","5211468.96594, 3239468.32857","4881468.96594, 3509468.32857",497340.695496485
"3816","62","34","3041","0","0","0","5211468.96594, 3229468.32857","4881468.96594, 3509468.32857",503678.849723683
"3817","62","35","3042","0","0","0","5211468.96594, 3219468.32857","4881468.96594, 3509468.32857",508848.191913506
"3818","62","36","3043","1","0","0","5211468.96594, 3209468.32857","4881468.96594, 3509468.32857",518295.620663598
"3819","62","37","3044","1","1","0","5211468.96594, 3199468.32857","4881468.96594, 3509468.32857",518295.620663598
"3820","62","38","3045","1","0","0","5211468.96594, 3189468.32857","4881468.96594, 3509468.32857",515777.629386979
"3821","62","39","3046","0","0","0","5211468.96594, 3179468.32857","4881468.96594, 3509468.32857",530620.460525656
"3822","62","40","3047","0","0","0","5211468.96594, 3169468.32857","4881468.96594, 3509468.32857",581108.730802626
"3823","62","41","3048","0","0","0","5211468.96594, 3159468.32857","4881468.96594, 3509468.32857",608946.020392579
"3824","62","42","3049","0","0","0","5211468.96594, 3149468.32857","4881468.96594, 3509468.32857",611906.243238975
"3825","62","43","3050","1","0","0","5211468.96594, 3139468.32857","4881468.96594, 3509468.32857",641796.460739046
"3826","62","44","3051","0","1","0","5211468.96594, 3129468.32857","4881468.96594, 3509468.32857",639350.549580278
"3827","62","45","3052","0","1","0","5211468.96594, 3119468.32857","4881468.96594, 3509468.32857",636230.882842361
"3828","62","46","3053","0","0","0","5211468.96594, 3109468.32857","4881468.96594, 3509468.32857",634705.373647477
"3829","62","47","3054","0","0","0","5211468.96594, 3099468.32857","4881468.96594, 3509468.32857",643778.447355292
"3830","62","48","3055","1","1","0","5211468.96594, 3089468.32857","4881468.96594, 3509468.32857",646399.39119463
"3831","62","49","3056","1","1","0","5211468.96594, 3079468.32857","4881468.96594, 3509468.32857",655366.21616978
"3832","62","50","3057","1","1","0","5211468.96594, 3069468.32857","4881468.96594, 3509468.32857",664845.865324239
"3833","62","51","3058","0","0","0","5211468.96594, 3059468.32857","4881468.96594, 3509468.32857",664845.865324239
"3834","62","52","3059","0","0","0","5211468.96594, 3049468.32857","4881468.96594, 3509468.32857",664845.865324239
"3835","62","53","3060","0","0","0","5211468.96594, 3039468.32857","4881468.96594, 3509468.32857",784432.421014058
"3836","62","54","3061","1","0","0","5211468.96594, 3029468.32857","4881468.96594, 3509468.32857",766409.147856296
"3837","62","55","3062","1","0","0","5211468.96594, 3019468.32857","4881468.96594, 3509468.32857",770400.324166637
"3838","62","56","3063","1","0","0","5211468.96594, 3009468.32857","4881468.96594, 3509468.32857",770400.324166637
"3839","62","57","3064","1","0","0","5211468.96594, 2999468.32857","4881468.96594, 3509468.32857",774882.797598693
"3840","62","58","3065","0","0","0","5211468.96594, 2989468.32857","4881468.96594, 3509468.32857",791136.385325835
"3841","62","59","3066","0","0","0","5211570.22634, 2979599.54636",,
"3842","62","60","3067","0","0","0","5214602.82839, 2973931.54157",,
"3853","63","9","3068","0","0","0","5217192.11815, 3475732.74792","4881468.96594, 3509468.32857",491229.338920196
"3854","63","10","3069","0","1","0","5219254.51025, 3468520.63281","4881468.96594, 3509468.32857",491229.338920196
"3855","63","11","3070","1","1","0","5221294.75226, 3459315.47507","4881468.96594, 3509468.32857",483757.347766351
"3856","63","12","3071","0","1","0","5221468.96594, 3449468.32857","4881468.96594, 3509468.32857",476906.879733926
"3857","63","13","3072","0","0","0","5221468.96594, 3439468.32857","4881468.96594, 3509468.32857",471002.201536238
"3858","63","14","3073","0","0","0","5221468.96594, 3429468.32857","4881468.96594, 3509468.32857",462597.994008928
"3859","63","15","3074","1","1","0","5221468.96594, 3419468.32857","4881468.96594, 3509468.32857",459655.729967014
"3860","63","16","3075","0","1","0","5221468.96594, 3409468.32857","4881468.96594, 3509468.32857",455406.367613786
"3861","63","17","3076","0","0","0","5221468.96594, 3399468.32857","4881468.96594, 3509468.32857",455406.367613786
"3862","63","18","3077","0","0","0","5221468.96594, 3389468.32857","4881468.96594, 3509468.32857",530874.875130255
"3863","63","19","3078","0","0","0","5221468.96594, 3379468.32857","4881468.96594, 3509468.32857",525040.120728923
"3864","63","20","3079","0","0","0","5221468.96594, 3369468.32857","4881468.96594, 3509468.32857",510684.105705859
"3865","63","21","3080","1","1","0","5221468.96594, 3359468.32857","4881468.96594, 3509468.32857",501199.878516632
"3866","63","22","3081","1","1","0","5221468.96594, 3349468.32857","4881468.96594, 3509468.32857",500683.613807157
"3867","63","23","3082","0","0","0","5221440.27842, 3339496.24581","4881468.96594, 3509468.32857",506150.216966066
"3868","63","24","3083","0","0","0","5219608.36786, 3330542.85779","4881468.96594, 3509468.32857",506150.216966066
"3869","63","25","3084","0","0","0","5217122.06036, 3323549.8838","4881468.96594, 3509468.32857",487549.523811459
"3869","63","25","3085","0","0","0","5220165.58182, 3316570.16936","4881468.96594, 3509468.32857",494734.63494074
"3870","63","26","3086","0","0","0","5221468.96594, 3309468.32857","4881468.96594, 3509468.32857",494734.63494074
"3871","63","27","3087","1","0","0","5221468.96594, 3299468.32857","4881468.96594, 3509468.32857",494734.63494074
"3872","63","28","3088","0","1","0","5221468.96594, 3289468.32857","4881468.96594, 3509468.32857",496425.821352322
"3873","63","29","3089","0","0","0","5221468.96594, 3279468.32857","4881468.96594, 3509468.32857",499105.848966524
"3874","63","30","3090","1","0","0","5221468.96594, 3269468.32857","4881468.96594, 3509468.32857",478540.611162293
"3875","63","31","3091","0","0","0","5221468.96594, 3259468.32857","4881468.96594, 3509468.32857",484283.466461216
"3876","63","32","3092","0","0","0","5221468.96594, 3249468.32857","4881468.96594, 3509468.32857",489510.794256789
"3877","63","33","3093","0","0","0","5221468.96594, 3239468.32857","4881468.96594, 3509468.32857",492257.796606484
"3878","63","34","3094","0","0","0","5221468.96594, 3229468.32857","4881468.96594, 3509468.32857",503678.849723683
"3879","63","35","3095","0","0","0","5221468.96594, 3219468.32857","4881468.96594, 3509468.32857",523143.065567838
"3880","63","36","3096","1","0","0","5221468.96594, 3209468.32857","4881468.96594, 3509468.32857",523143.065567838
"3881","63","37","3097","1","1","0","5221468.96594, 3199468.32857","4881468.96594, 3509468.32857",527948.171163495
"3882","63","38","3098","1","1","0","5221468.96594, 3189468.32857","4881468.96594, 3509468.32857",533105.222208729
"3883","63","39","3099","0","0","0","5221468.96594, 3179468.32857","4881468.96594, 3509468.32857",535123.527751048
"3884","63","40","3100","0","0","0","5221468.96594, 3169468.32857","4881468.96594, 3509468.32857",581108.730802626
"3885","63","41","3101","0","0","0","5221468.96594, 3159468.32857","4881468.96594, 3509468.32857",587957.221168669
"3886","63","42","3102","1","0","0","5221468.96594, 3149468.32857","4881468.96594, 3509468.32857",608946.020392579
"3887","63","43","3103","1","0","0","5221468.96594, 3139468.32857","4881468.96594, 3509468.32857",632875.590975468
"3888","63","44","3104","0","1","0","5221468.96594, 3129468.32857","4881468.96594, 3509468.32857",635156.061012886
"3889","63","45","3105","0","0","0","5221468.96594, 3119468.32857","4881468.96594, 3509468.32857",639996.922473429
"3890","63","46","3106","0","0","0","5221468.96594, 3109468.32857","4881468.96594, 3509468.32857",641796.460739046
"3891","63","47","3107","0","0","0","5221468.96594, 3099468.32857","4881468.96594, 3509468.32857",643778.447355292
"3892","63","48","3108","0","0","0","5221468.96594, 3089468.32857","4881468.96594, 3509468.32857",655366.21616978
"3893","63","49","3109","1","0","0","5221468.96594, 3079468.32857","4881468.96594, 3509468.32857",658135.696607275
"3894","63","50","3110","1","1","0","5221468.96594, 3069468.32857","4881468.96594, 3509468.32857",674087.099687985
"3895","63","51","3111","1","0","0","5221468.96594, 3059468.32857","4881468.96594, 3509468.32857",761067.512143251
"3896","63","52","3112","0","0","0","5221468.96594, 3049468.32857","4881468.96594, 3509468.32857",784432.421014058
"3897","63","53","3113","1","0","0","5221468.96594, 3039468.32857","4881468.96594, 3509468.32857",784432.421014058
"3898","63","54","3114","1","0","0","5221468.96594, 3029468.32857",,
"3899","63","55","3115","0","0","0","5221468.96594, 3019468.32857","4881468.96594, 3509468.32857",770400.324166637
"3900","63","56","3116","1","0","0","5221468.96594, 3009468.32857","4881468.96594, 3509468.32857",770400.324166637
"3901","63","57","3117","1","0","0","5221468.96594, 2999468.32857","4881468.96594, 3509468.32857",774882.797598693
"3902","63","58","3118","0","0","0","5221468.96594, 2989468.32857","4881468.96594, 3509468.32857",774882.797598693
"3903","63","59","3119","0","0","0","5221468.96594, 2979468.32857",,
"3904","63","60","3120","0","0","0","5222255.24721, 2972830.94774",,
"3917","64","11","3121","0","0","0","5227671.61376, 3456571.13786","4881468.96594, 3509468.32857",481880.663626569
"3918","64","12","3122","0","0","0","5229913.47791, 3448731.41505","4881468.96594, 3509468.32857",478960.307008667
"3919","64","13","3123","0","0","0","5231449.99093, 3439450.02051","4881468.96594, 3509468.32857",475057.895042861
"3920","64","14","3124","0","0","0","5231468.96594, 3429468.32857","4881468.96594, 3509468.32857",467481.164782896
"3921","64","15","3125","1","1","0","5231468.96594, 3419468.32857","4881468.96594, 3509468.32857",469520.60404295
"3922","64","16","3126","0","0","0","5231468.96594, 3409468.32857","4881468.96594, 3509468.32857",464699.48968521
"3923","64","17","3127","0","0","0","5231468.96594, 3399468.32857","4881468.96594, 3509468.32857",541291.596445787
"3924","64","18","3128","0","1","0","5231468.96594, 3389468.32857","4881468.96594, 3509468.32857",533348.775410806
"3925","64","19","3129","0","1","0","5231468.96594, 3379468.32857","4881468.96594, 3509468.32857",525040.120728923
"3926","64","20","3130","0","1","0","5231468.96594, 3369468.32857","4881468.96594, 3509468.32857",513944.276729444
"3927","64","21","3131","0","1","0","5231468.96594, 3359468.32857","4881468.96594, 3509468.32857",505834.741281165
"3928","64","22","3132","0","0","0","5231043.08279, 3349835.1102","4881468.96594, 3509468.32857",502559.04692084
"3929","64","23","3133","0","0","0","5228529.30904, 3341570.87408","4881468.96594, 3509468.32857",506150.216966066
"3931","64","25","3134","0","0","0","5226933.50352, 3314722.03376","4881468.96594, 3509468.32857",513700.319031637
"3932","64","26","3135","0","0","0","5230928.60173, 3308597.83996","4881468.96594, 3509468.32857",513700.319031637
"3933","64","27","3136","1","1","0","5231468.96594, 3299468.32857","4881468.96594, 3509468.32857",513700.319031637
"3934","64","28","3137","0","1","0","5231468.96594, 3289468.32857","4881468.96594, 3509468.32857",505183.5404205
"3935","64","29","3138","0","0","0","5231468.96594, 3279468.32857","4881468.96594, 3509468.32857",505183.5404205
"3936","64","30","3139","1","0","0","5231468.96594, 3269468.32857","4881468.96594, 3509468.32857",502732.343795954
"3937","64","31","3140","0","0","0","5231468.96594, 3259468.32857","4881468.96594, 3509468.32857",484283.466461216
"3938","64","32","3141","0","0","0","5231468.96594, 3249468.32857","4881468.96594, 3509468.32857",492257.796606484
"3939","64","33","3142","0","0","0","5231468.96594, 3239468.32857","4881468.96594, 3509468.32857",492257.796606484
"3940","64","34","3143","1","0","0","5231468.96594, 3229468.32857","4881468.96594, 3509468.32857",608058.177646333
"3941","64","35","3144","1","0","0","5231468.96594, 3219468.32857","4881468.96594, 3509468.32857",525715.698166416
"3942","64","36","3145","1","0","0","5231468.96594, 3209468.32857","4881468.96594, 3509468.32857",542562.814469362
"3943","64","37","3146","1","1","0","5231468.96594, 3199468.32857","4881468.96594, 3509468.32857",539523.986731993
"3944","64","38","3147","1","1","0","5231468.96594, 3189468.32857","4881468.96594, 3509468.32857",539523.986731993
"3945","64","39","3148","1","0","0","5231468.96594, 3179468.32857","4881468.96594, 3509468.32857",565990.348425636
"3946","64","40","3149","0","0","0","5231468.96594, 3169468.32857","4881468.96594, 3509468.32857",581108.730802626
"3947","64","41","3150","0","0","0","5231468.96594, 3159468.32857","4881468.96594, 3509468.32857",587957.221168669
"3948","64","42","3151","1","1","0","5231468.96594, 3149468.32857","4881468.96594, 3509468.32857",606879.462405565
"3949","64","43","3152","0","1","0","5231468.96594, 3139468.32857","4881468.96594, 3509468.32857",615036.709951274
"3950","64","44","3153","0","1","0","5231468.96594, 3129468.32857","4881468.96594, 3509468.32857",626536.952357344
"3951","64","45","3154","0","0","0","5231468.96594, 3119468.32857","4881468.96594, 3509468.32857",630232.215256709
"3952","64","46","3155","0","0","0","5231468.96594, 3109468.32857","4881468.96594, 3509468.32857",630232.215256709
"3953","64","47","3156","0","0","0","5231468.96594, 3099468.32857","4881468.96594, 3509468.32857",725027.486136401
"3954","64","48","3157","0","0","0","5231468.96594, 3089468.32857","4881468.96594, 3509468.32857",725027.486136401
"3955","64","49","3158","0","0","0","5231468.96594, 3079468.32857","4881468.96594, 3509468.32857",746722.223345535
"3956","64","50","3159","1","1","0","5231468.96594, 3069468.32857","4881468.96594, 3509468.32857",750606.315511615
"3957","64","51","3160","1","1","0","5231468.96594, 3059468.32857","4881468.96594, 3509468.32857",760371.251544906
"3958","64","52","3161","1","1","0","5231468.96594, 3049468.32857","4881468.96594, 3509468.32857",784432.421014058
"3959","64","53","3162","1","1","0","5231468.96594, 3039468.32857","4881468.96594, 3509468.32857",786121.500416164
"3960","64","54","3163","0","0","0","5231468.96594, 3029468.32857",,
"3961","64","55","3164","0","0","0","5231204.15981, 3019702.51277",,
"3962","64","56","3165","1","0","0","5231007.94297, 3009174.06978",,
"3963","64","57","3166","1","0","0","5231468.96594, 2999468.32857",,
"3964","64","58","3167","0","0","0","5231468.96594, 2989468.32857",,
"3965","64","59","3168","0","0","0","5231468.96594, 2979468.32857",,
"3966","64","60","3169","0","0","0","5231873.52786, 2971447.61778",,
"3981","65","13","3170","0","0","0","5238151.10937, 3437409.52779","4881468.96594, 3509468.32857",481917.38610996
"3982","65","14","3171","0","0","0","5240476.58976, 3428934.64354","4881468.96594, 3509468.32857",480155.888710639
"3983","65","15","3172","1","1","0","5241462.79913, 3419462.47608","4881468.96594, 3509468.32857",477840.698240469
"3984","65","16","3173","0","0","0","5241468.96594, 3409468.32857","4881468.96594, 3509468.32857",475095.500532348
"3985","65","17","3174","0","1","0","5241468.96594, 3399468.32857","4881468.96594, 3509468.32857",547086.888470312
"3986","65","18","3175","0","1","0","5241468.96594, 3389468.32857","4881468.96594, 3509468.32857",541291.596445787
"3987","65","19","3176","0","0","0","5241468.96594, 3379468.32857","4881468.96594, 3509468.32857",522294.286537915
"3988","65","20","3177","0","0","0","5241468.96594, 3369468.32857","4881468.96594, 3509468.32857",520509.541579622
"3989","65","21","3178","0","0","0","5240189.6405, 3360327.15019","4881468.96594, 3509468.32857",510684.105705859
"3990","65","22","3179","0","0","0","5237566.26672, 3352925.19769","4881468.96594, 3509468.32857",501199.878516632
"3994","65","26","3180","1","0","0","5239703.54783, 3306234.88149","4881468.96594, 3509468.32857",521114.599981289
"3995","65","27","3181","1","1","0","5241467.791, 3299467.14288","4881468.96594, 3509468.32857",521114.599981289
"3996","65","28","3182","0","1","0","5241468.96594, 3289468.32857","4881468.96594, 3509468.32857",514832.722977
"3997","65","29","3183","0","0","0","5241468.96594, 3279468.32857","4881468.96594, 3509468.32857",509987.979876865
"3998","65","30","3184","1","0","0","5241468.96594, 3269468.32857","4881468.96594, 3509468.32857",509987.979876865
"3999","65","31","3185","0","0","0","5241468.96594, 3259468.32857","4881468.96594, 3509468.32857",615005.546349033
"4000","65","32","3186","0","0","0","5241468.96594, 3249468.32857","4881468.96594, 3509468.32857",615005.546349033
"4001","65","33","3187","1","0","0","5241468.96594, 3239468.32857","4881468.96594, 3509468.32857",615005.546349033
"4002","65","34","3188","1","0","0","5241468.96594, 3229468.32857","4881468.96594, 3509468.32857",604160.890322594
"4003","65","35","3189","0","0","0","5241468.96594, 3219468.32857","4881468.96594, 3509468.32857",596485.811097567
"4004","65","36","3190","0","0","0","5241468.96594, 3209468.32857","4881468.96594, 3509468.32857",552133.089279118
"4005","65","37","3191","1","1","0","5241468.96594, 3199468.32857","4881468.96594, 3509468.32857",552133.089279118
"4006","65","38","3192","0","1","0","5241468.96594, 3189468.32857","4881468.96594, 3509468.32857",553745.185003996
"4007","65","39","3193","1","1","0","5241468.96594, 3179468.32857","4881468.96594, 3509468.32857",565990.348425636
"4008","65","40","3194","1","1","0","5241468.96594, 3169468.32857","4881468.96594, 3509468.32857",577278.833560193
"4009","65","41","3195","1","1","0","5241468.96594, 3159468.32857","4881468.96594, 3509468.32857",587957.221168669
"4010","65","42","3196","1","1","0","5241468.96594, 3149468.32857","4881468.96594, 3509468.32857",597927.285499975
"4011","65","43","3197","0","0","0","5241468.96594, 3139468.32857","4881468.96594, 3509468.32857",619146.331775573
"4012","65","44","3198","0","1","0","5241468.96594, 3129468.32857","4881468.96594, 3509468.32857",628531.230607224
"4013","65","45","3199","0","1","0","5241468.96594, 3119468.32857","4881468.96594, 3509468.32857",633157.479580565
"4014","65","46","3200","0","0","0","5241468.96594, 3109468.32857","4881468.96594, 3509468.32857",641724.308446558
"4015","65","47","3201","0","0","0","5241468.96594, 3099468.32857","4881468.96594, 3509468.32857",725027.486136401
"4016","65","48","3202","0","0","0","5241468.96594, 3089468.32857","4881468.96594, 3509468.32857",725027.486136401
"4017","65","49","3203","0","1","0","5241468.96594, 3079468.32857","4881468.96594, 3509468.32857",736400.688851188
"4018","65","50","3204","1","1","0","5241468.96594, 3069468.32857","4881468.96594, 3509468.32857",741280.253216075
"4019","65","51","3205","1","1","0","5241468.96594, 3059468.32857","4881468.96594, 3509468.32857",768919.858422543
"4020","65","52","3206","1","1","0","5241468.96594, 3049468.32857","4881468.96594, 3509468.32857",777249.942097919
"4021","65","53","3207","1","1","0","5241468.96594, 3039468.32857","4881468.96594, 3509468.32857",786044.598628551
"4022","65","54","3208","1","1","0","5240315.20545, 3030231.8999",,
"4023","65","55","3209","1","0","0","5237752.2938, 3022560.45626",,
"4024","65","56","3210","0","0","0","5236829.8857, 3005392.54936",,
"4025","65","57","3211","0","0","0","5238195.96758, 2998396.19486",,
"4026","65","58","3212","0","0","0","5240030.7419, 2988999.44365",,
"4027","65","59","3213","0","0","0","5241395.14722, 2979403.68988",,
"4028","65","60","3214","0","0","0","5241736.25442, 2970034.81288",,
"4029","65","61","3215","0","0","0","5246191.14652, 2964388.41492",,
"4045","66","15","3216","0","0","0","5247217.60277, 3417467.6997","4881468.96594, 3509468.32857",481917.38610996
"4046","66","16","3217","0","0","0","5248290.21113, 3408873.01025","4881468.96594, 3509468.32857",556528.096574711
"4047","66","17","3218","0","1","0","5249507.24205, 3399121.07905","4881468.96594, 3509468.32857",552112.870711797
"4048","66","18","3219","0","0","0","5250742.485, 3389223.21693","4881468.96594, 3509468.32857",546946.443761547
"4049","66","19","3220","0","0","0","5251271.83251, 3379635.93977","4881468.96594, 3509468.32857",544440.48025373
"4050","66","20","3221","0","0","0","5248980.34627, 3370965.4004","4881468.96594, 3509468.32857",520509.541579622
"4051","66","21","3222","0","0","0","5246603.2244, 3364279.5213","4881468.96594, 3509468.32857",520509.541579622
"4057","66","27","3223","1","1","0","5250223.89591, 3298325.57858","4881468.96594, 3509468.32857",524931.833241042
"4058","66","28","3224","0","0","0","5251282.11458, 3289355.04015","4881468.96594, 3509468.32857",520575.706011701
"4059","66","29","3225","0","0","0","5251468.96594, 3279468.32857","4881468.96594, 3509468.32857",514832.722977
"4060","66","30","3226","1","0","0","5251468.96594, 3269468.32857","4881468.96594, 3509468.32857",615005.546349033
"4061","66","31","3227","0","0","0","5251468.96594, 3259468.32857","4881468.96594, 3509468.32857",615005.546349033
"4062","66","32","3228","1","0","0","5251468.96594, 3249468.32857","4881468.96594, 3509468.32857",615005.546349033
"4063","66","33","3229","1","0","0","5251468.96594, 3239468.32857","4881468.96594, 3509468.32857",612333.108953893
"4064","66","34","3230","0","0","0","5251468.96594, 3229468.32857","4881468.96594, 3509468.32857",604160.890322594
"4065","66","35","3231","0","0","0","5251468.96594, 3219468.32857","4881468.96594, 3509468.32857",593279.134991899
"4066","66","36","3232","0","0","0","5251468.96594, 3209468.32857","4881468.96594, 3509468.32857",563840.165348827
"4067","66","37","3233","1","1","0","5251468.96594, 3199468.32857","4881468.96594, 3509468.32857",561769.470813307
"4068","66","38","3234","0","0","0","5251468.96594, 3189468.32857","4881468.96594, 3509468.32857",555861.225476949
"4069","66","39","3235","0","0","0","5251468.96594, 3179468.32857","4881468.96594, 3509468.32857",570543.018080127
"4070","66","40","3236","0","0","0","5251468.96594, 3169468.32857","4881468.96594, 3509468.32857",572109.259512957
"4071","66","41","3237","1","1","0","5251468.96594, 3159468.32857","4881468.96594, 3509468.32857",609720.471917068
"4072","66","42","3238","1","1","0","5251468.96594, 3149468.32857","4881468.96594, 3509468.32857",606295.721985713
"4073","66","43","3239","0","0","0","5251468.96594, 3139468.32857","4881468.96594, 3509468.32857",602914.748742183
"4074","66","44","3240","0","0","0","5251468.96594, 3129468.32857","4881468.96594, 3509468.32857",637554.13335304
"4075","66","45","3241","0","1","0","5251468.96594, 3119468.32857","4881468.96594, 3509468.32857",644371.65546146
"4076","66","46","3242","0","0","0","5251468.96594, 3109468.32857","4881468.96594, 3509468.32857",644371.65546146
"4077","66","47","3243","0","0","0","5251468.96594, 3099468.32857","4881468.96594, 3509468.32857",714598.826746462
"4078","66","48","3244","0","1","0","5251468.96594, 3089468.32857","4881468.96594, 3509468.32857",721563.345793298
"4079","66","49","3245","0","1","0","5251468.96594, 3079468.32857","4881468.96594, 3509468.32857",731684.275674463
"4080","66","50","3246","1","0","0","5251468.96594, 3069468.32857","4881468.96594, 3509468.32857",736400.688851188
"4081","66","51","3247","1","0","0","5251468.96594, 3059468.32857",,
"4082","66","52","3248","1","1","0","5251234.55037, 3049677.73548",,
"4083","66","53","3249","0","0","0","5248917.34374, 3040891.1236","4881468.96594, 3509468.32857",792654.133350036
"4084","66","54","3250","0","0","0","5246661.12286, 3034182.65655",,
"4089","66","59","3251","0","0","0","5247401.67718, 2976856.75732",,
"4090","66","60","3252","0","0","0","5248978.06634, 2968783.31934",,
"4091","66","61","3253","0","0","0","5251030.42766, 2963646.19063",,
"4111","67","19","3254","0","0","0","5256803.80124, 3380248.13205","4881468.96594, 3509468.32857",544440.48025373
"4120","67","28","3255","0","0","0","5256669.42672, 3285595.19047","4881468.96594, 3509468.32857",522994.710359568
"4121","67","29","3256","0","0","0","5257302.83439, 3278473.96688","4881468.96594, 3509468.32857",520575.706011701
"4122","67","30","3257","0","0","0","5258144.18038, 3269014.95165","4881468.96594, 3509468.32857",615005.546349033
"4123","67","31","3258","0","0","0","5259019.43594, 3259174.70061","4881468.96594, 3509468.32857",615005.546349033
"4124","67","32","3259","1","0","0","5259902.09582, 3249251.20491","4881468.96594, 3509468.32857",615005.546349033
"4125","67","33","3260","0","1","0","5260787.56873, 3239296.08317","4881468.96594, 3509468.32857",609958.10118992
"4126","67","34","3261","0","1","0","5261434.2234, 3229439.168","4881468.96594, 3509468.32857",600321.548772323
"4127","67","35","3262","0","1","0","5261468.96594, 3219468.32857","4881468.96594, 3509468.32857",590459.213095202
"4128","67","36","3263","0","1","0","5261468.96594, 3209468.32857","4881468.96594, 3509468.32857",580630.737568618
"4129","67","37","3264","1","1","0","5261468.96594, 3199468.32857","4881468.96594, 3509468.32857",574418.686730846
"4130","67","38","3265","0","0","0","5261468.96594, 3189468.32857","4881468.96594, 3509468.32857",569133.97213223
"4131","67","39","3266","0","0","0","5261468.96594, 3179468.32857","4881468.96594, 3509468.32857",570543.018080127
"4132","67","40","3267","0","0","0","5261468.96594, 3169468.32857","4881468.96594, 3509468.32857",623723.95528161
"4133","67","41","3268","1","1","0","5261468.96594, 3159468.32857","4881468.96594, 3509468.32857",621671.20625949
"4134","67","42","3269","1","1","0","5261468.96594, 3149468.32857","4881468.96594, 3509468.32857",617243.566275353
"4135","67","43","3270","1","0","0","5261468.96594, 3139468.32857","4881468.96594, 3509468.32857",617243.566275353
"4136","67","44","3271","1","0","0","5261468.96594, 3129468.32857","4881468.96594, 3509468.32857",654365.660841727
"4137","67","45","3272","0","1","0","5261468.96594, 3119468.32857","4881468.96594, 3509468.32857",654365.660841727
"4138","67","46","3273","0","0","0","5261468.96594, 3109468.32857","4881468.96594, 3509468.32857",652093.853601249
"4139","67","47","3274","0","0","0","5261468.96594, 3099468.32857","4881468.96594, 3509468.32857",710234.594409878
"4140","67","48","3275","0","1","0","5261468.96594, 3089468.32857","4881468.96594, 3509468.32857",708192.411169438
"4141","67","49","3276","0","0","0","5261468.96594, 3079468.32857","4881468.96594, 3509468.32857",718910.744299905
"4142","67","50","3277","1","0","0","5261468.96594, 3069468.32857",,
"4143","67","51","3278","0","0","0","5260383.91282, 3060204.21696",,
"4144","67","52","3279","1","1","0","5257812.11431, 3052471.5235",,
"4188","68","34","3280","0","0","0","5266893.95206, 3226857.32797","4881468.96594, 3509468.32857",596485.811097567
"4189","68","35","3281","0","0","0","5269599.98473, 3217888.31888","4881468.96594, 3509468.32857",588745.474486804
"4190","68","36","3282","1","1","0","5271465.17159, 3209464.53513","4881468.96594, 3509468.32857",585072.02541783
"4191","68","37","3283","1","1","0","5271468.96594, 3199468.32857","4881468.96594, 3509468.32857",581124.327376582
"4192","68","38","3284","0","0","0","5271468.96594, 3189468.32857","4881468.96594, 3509468.32857",577937.131670615
"4193","68","39","3285","0","0","0","5271468.96594, 3179468.32857","4881468.96594, 3509468.32857",631419.606534111
"4194","68","40","3286","0","0","0","5271468.96594, 3169468.32857","4881468.96594, 3509468.32857",631419.606534111
"4195","68","41","3287","1","1","0","5271468.96594, 3159468.32857","4881468.96594, 3509468.32857",629273.441018224
"4196","68","42","3288","0","0","0","5271468.96594, 3149468.32857","4881468.96594, 3509468.32857",625327.35480878
"4197","68","43","3289","0","0","0","5271468.96594, 3139468.32857","4881468.96594, 3509468.32857",619262.883716587
"4198","68","44","3290","1","0","0","5271468.96594, 3129468.32857","4881468.96594, 3509468.32857",664373.733693413
"4199","68","45","3291","1","1","0","5271468.96594, 3119468.32857","4881468.96594, 3509468.32857",664373.733693413
"4200","68","46","3292","1","0","0","5271468.96594, 3109468.32857","4881468.96594, 3509468.32857",668831.018433357
"4201","68","47","3293","0","1","0","5271468.96594, 3099468.32857","4881468.96594, 3509468.32857",696846.160193899
"4202","68","48","3294","1","1","0","5271468.96594, 3089468.32857","4881468.96594, 3509468.32857",701027.853756411
"4203","68","49","3295","1","0","0","5271263.24196, 3079653.85981",,
"4204","68","50","3296","1","0","0","5268986.22663, 3070829.13621",,
"4205","68","51","3297","0","0","0","5266720.94337, 3064093.72379",,
"4252","69","36","3298","1","1","0","5279641.54383, 3207669.52567","4881468.96594, 3509468.32857",592404.803565114
"4253","69","37","3299","0","0","0","5281463.28093, 3199462.64526","4881468.96594, 3509468.32857",590583.217731017
"4254","69","38","3300","0","0","0","5281468.96594, 3189468.32857","4881468.96594, 3509468.32857",590583.217731017
"4255","69","39","3301","0","0","0","5281468.96594, 3179468.32857","4881468.96594, 3509468.32857",657984.792345642
"4256","69","40","3302","0","0","0","5281468.96594, 3169468.32857","4881468.96594, 3509468.32857",641331.9945171
"4257","69","41","3303","1","1","0","5281468.96594, 3159468.32857","4881468.96594, 3509468.32857",641331.9945171
"4258","69","42","3304","0","0","0","5281468.96594, 3149468.32857","4881468.96594, 3509468.32857",636973.353844814
"4259","69","43","3305","0","0","0","5281468.96594, 3139468.32857","4881468.96594, 3509468.32857",636973.353844814
"4260","69","44","3306","0","0","0","5281468.96594, 3129468.32857",,
"4261","69","45","3307","0","1","0","5281468.96594, 3119468.32857","4881468.96594, 3509468.32857",670698.624622033
"4262","69","46","3308","1","1","0","5281468.96594, 3109468.32857","4881468.96594, 3509468.32857",679356.568090906
"4263","69","47","3309","1","1","0","5281468.96594, 3099468.32857","4881468.96594, 3509468.32857",685174.045139794
"4264","69","48","3310","1","0","0","5280449.63136, 3090175.70597","4881468.96594, 3509468.32857",692911.236105892
"4265","69","49","3311","1","0","0","5277871.93482, 3082382.59075",,
"4315","70","37","3312","0","0","0","5289611.74329, 3197639.45631","4881468.96594, 3509468.32857",592404.803565114
"4316","70","38","3313","0","0","0","5291461.02322, 3189460.38869",,
"4317","70","39","3314","0","0","0","5291468.96594, 3179468.32857","4881468.96594, 3509468.32857",657984.792345642
"4318","70","40","3315","1","1","0","5291468.96594, 3169468.32857","4881468.96594, 3509468.32857",657984.792345642
"4319","70","41","3316","1","1","0","5291468.96594, 3159468.32857","4881468.96594, 3509468.32857",649042.588956181
"4320","70","42","3317","0","0","0","5291468.96594, 3149468.32857","4881468.96594, 3509468.32857",643043.794583195
"4321","70","43","3318","0","0","0","5291468.96594, 3139468.32857",,
"4322","70","44","3319","0","0","0","5291468.96594, 3129468.32857",,
"4323","70","45","3320","1","1","0","5291468.96594, 3119468.32857",,
"4324","70","46","3321","1","1","0","5291290.19018, 3109631.03852",,
"4325","70","47","3322","1","1","0","5289056.85025, 3100772.32458",,
"4326","70","48","3323","0","0","0","5286780.76387, 3094004.79103",,
"4378","71","38","3324","0","0","0","5299581.94275, 3187609.38694",,
"4379","71","39","3325","1","1","0","5301458.40462, 3179457.77163",,
"4380","71","40","3326","1","1","0","5301468.96594, 3169468.32857",,
"4381","71","41","3327","0","0","0","5301468.96594, 3159468.32857","4881468.96594, 3509468.32857",655174.583599808
"4382","71","42","3328","0","0","0","5301468.96594, 3149468.32857","4881468.96594, 3509468.32857",649042.588956181
"4383","71","43","3329","0","0","0","5301468.96594, 3139468.32857",,
"4384","71","44","3330","0","1","0","5301468.96594, 3129468.32857",,
"4385","71","45","3331","1","1","0","5300512.55581, 3120146.53112",,
"4386","71","46","3332","0","0","0","5297931.75532, 3112293.65799",,
"4441","72","39","3333","1","1","0","5308199.36834, 3178239.7732",,
"4442","72","40","3334","0","0","0","5308531.63509, 3169380.75618",,
"4443","72","41","3335","0","0","0","5308748.0149, 3159389.08376","4881468.96594, 3509468.32857",660424.815825544
"4444","72","42","3336","0","0","0","5308964.42604, 3149395.96508","4881468.96594, 3509468.32857",652642.458567049
"4445","72","43","3337","0","0","0","5309180.86098, 3139401.74679",,
"4446","72","44","3338","0","1","0","5308821.14559, 3130496.97181",,
"4447","72","45","3339","1","0","0","5306840.58438, 3123915.85827",,
