id,xIndex,yIndex,AUTO,BOOL_ROAD,BOOL_RAILWAY,BOOL_WATERCOURSE,start,end,cost
"8","1","8","1","0","0","0","4605647.02275, 3448348.83744","4873968.96594, 3511968.32857",188885.147009396
"9","1","9","2","1","1","0","4605574.02748, 3437270.74683","4873968.96594, 3511968.32857",188885.147009396
"10","1","10","3","1","0","0","4606984.16221, 3422367.26283","4873968.96594, 3511968.32857",188885.147009396
"11","1","11","4","0","0","0","4608385.73563, 3407554.26195","4873968.96594, 3511968.32857",188885.147009396
"12","1","12","5","0","0","0","4609756.08574, 3393071.25515","4873968.96594, 3511968.32857",188885.147009396
"13","1","13","6","1","1","0","4610869.70575, 3381301.58693","4873968.96594, 3511968.32857",188885.147009396
"16","1","16","7","1","0","0","4609721.20773, 3329049.57084","4873968.96594, 3511968.32857",188885.147009396
"17","1","17","8","0","0","0","4607248.33204, 3316085.71507","4873968.96594, 3511968.32857",188885.147009396
"18","1","18","9","0","0","0","4605967.77722, 3305377.86515","4873968.96594, 3511968.32857",188885.147009396
"49","2","7","10","0","0","0","4624854.08987, 3460202.33129","4873968.96594, 3511968.32857",177139.172753823
"50","2","8","11","0","0","0","4619447.45079, 3451275.12977","4873968.96594, 3511968.32857",177139.172753823
"51","2","9","12","1","1","0","4618968.96594, 3436968.32857","4873968.96594, 3511968.32857",188885.147009396
"52","2","10","13","1","1","0","4618968.96594, 3421968.32857","4873968.96594, 3511968.32857",188885.147009396
"53","2","11","14","0","1","0","4618968.96594, 3406968.32857","4873968.96594, 3511968.32857",188885.147009396
"54","2","12","15","0","1","0","4618968.96594, 3391968.32857","4873968.96594, 3511968.32857",188885.147009396
"55","2","13","16","1","1","0","4619061.12392, 3377041.33702","4873968.96594, 3511968.32857",188885.147009396
"56","2","14","17","1","1","0","4620172.20399, 3362251.27696","4873968.96594, 3511968.32857",188885.147009396
"57","2","15","18","1","1","0","4620413.2094, 3346532.59219","4873968.96594, 3511968.32857",188885.147009396
"58","2","16","19","1","1","0","4618978.80029, 3331958.84122","4873968.96594, 3511968.32857",188885.147009396
"59","2","17","20","1","1","0","4618968.96594, 3316968.32857","4873968.96594, 3511968.32857",188885.147009396
"60","2","18","21","1","1","0","4619483.85987, 3303108.07531","4873968.96594, 3511968.32857",188885.147009396
"61","2","19","22","0","0","0","4626340.24837, 3294423.90534","4873968.96594, 3511968.32857",188885.147009396
"91","3","7","23","0","0","0","4635487.84522, 3462618.98901","4873968.96594, 3511968.32857",177139.172753823
"92","3","8","24","0","0","0","4633968.96594, 3451968.32857","4873968.96594, 3511968.32857",177139.172753823
"93","3","9","25","0","1","0","4633968.96594, 3436968.32857","4873968.96594, 3511968.32857",188885.147009396
"94","3","10","26","1","1","0","4633968.96594, 3421968.32857","4873968.96594, 3511968.32857",188885.147009396
"95","3","11","27","1","1","0","4633968.96594, 3406968.32857","4873968.96594, 3511968.32857",188885.147009396
"96","3","12","28","1","1","0","4633968.96594, 3391968.32857","4873968.96594, 3511968.32857",188885.147009396
"97","3","13","29","1","1","0","4633968.96594, 3376968.32857","4873968.96594, 3511968.32857",188885.147009396
"98","3","14","30","1","0","0","4633968.96594, 3361968.32857","4873968.96594, 3511968.32857",188885.147009396
"99","3","15","31","1","0","0","4633968.96594, 3346968.32857","4873968.96594, 3511968.32857",188885.147009396
"100","3","16","32","1","0","0","4633968.96594, 3331968.32857","4873968.96594, 3511968.32857",188885.147009396
"101","3","17","33","0","0","0","4633968.96594, 3316968.32857","4873968.96594, 3511968.32857",188885.147009396
"102","3","18","34","1","1","0","4633968.96594, 3301968.32857","4873968.96594, 3511968.32857",188885.147009396
"103","3","19","35","1","1","0","4635615.53162, 3287071.95869","4873968.96594, 3511968.32857",188885.147009396
"104","3","20","36","1","1","0","4635717.47159, 3271967.97391","4873968.96594, 3511968.32857",188885.147009396
"105","3","21","37","1","1","0","4635861.53692, 3257195.75216","4873968.96594, 3511968.32857",188885.147009396
"106","3","22","38","0","0","0","4639132.20027, 3248148.07645","4873968.96594, 3511968.32857",188885.147009396
"109","3","25","39","1","1","0","4641397.33692, 3191223.30843","4873968.96594, 3511968.32857",192327.314140029
"110","3","26","40","1","0","0","4641326.19891, 3187502.58646","4873968.96594, 3511968.32857",192327.314140029
"132","4","6","41","0","0","0","4655854.5672, 3474747.58861","4873968.96594, 3511968.32857",5558.42427111172
"133","4","7","42","0","0","0","4649628.87497, 3465801.53009","4873968.96594, 3511968.32857",5558.42427111172
"134","4","8","43","0","0","0","4648968.96594, 3451968.32857","4873968.96594, 3511968.32857",177139.172753823
"135","4","9","44","0","0","0","4648968.96594, 3436968.32857","4873968.96594, 3511968.32857",177139.172753823
"136","4","10","45","0","1","0","4648968.96594, 3421968.32857","4873968.96594, 3511968.32857",188885.147009396
"137","4","11","46","1","1","0","4648968.96594, 3406968.32857","4873968.96594, 3511968.32857",188885.147009396
"138","4","12","47","1","1","0","4648968.96594, 3391968.32857","4873968.96594, 3511968.32857",188885.147009396
"139","4","13","48","1","1","0","4648968.96594, 3376968.32857","4873968.96594, 3511968.32857",188885.147009396
"140","4","14","49","1","1","0","4648968.96594, 3361968.32857","4873968.96594, 3511968.32857",188885.147009396
"141","4","15","50","1","0","0","4648968.96594, 3346968.32857","4873968.96594, 3511968.32857",188885.147009396
"142","4","16","51","1","0","0","4648968.96594, 3331968.32857","4873968.96594, 3511968.32857",188885.147009396
"143","4","17","52","1","0","0","4648968.96594, 3316968.32857","4873968.96594, 3511968.32857",188885.147009396
"144","4","18","53","1","1","0","4648968.96594, 3301968.32857","4873968.96594, 3511968.32857",188885.147009396
"145","4","19","54","1","1","0","4648968.96594, 3286968.32857","4873968.96594, 3511968.32857",188885.147009396
"146","4","20","55","0","1","0","4648968.96594, 3271968.32857","4873968.96594, 3511968.32857",188885.147009396
"147","4","21","56","1","1","0","4648968.96594, 3256968.32857","4873968.96594, 3511968.32857",188885.147009396
"148","4","22","57","1","0","0","4649584.75897, 3242160.5052","4873968.96594, 3511968.32857",188885.147009396
"149","4","23","58","0","1","0","4649625.65726, 3226912.40505","4873968.96594, 3511968.32857",188885.147009396
"150","4","24","59","1","1","0","4649319.59569, 3211914.79986","4873968.96594, 3511968.32857",192327.314140029
"151","4","25","60","1","1","0","4649032.84438, 3196931.43689","4873968.96594, 3511968.32857",192327.314140029
"152","4","26","61","1","1","0","4650225.96894, 3182996.26046","4873968.96594, 3511968.32857",192327.314140029
"153","4","27","62","1","0","0","4654343.11169, 3171718.95396","4873968.96594, 3511968.32857",192327.314140029
"174","5","6","63","0","0","0","4665975.77384, 3477047.76303","4873968.96594, 3511968.32857",5558.42427111172
"175","5","7","64","0","0","0","4663968.96594, 3466968.32857","4873968.96594, 3511968.32857",5558.42427111172
"176","5","8","65","0","1","0","4663968.96594, 3451968.32857","4873968.96594, 3511968.32857",177139.172753823
"177","5","9","66","0","1","0","4663968.96594, 3436968.32857","4873968.96594, 3511968.32857",177139.172753823
"178","5","10","67","1","1","0","4663968.96594, 3421968.32857","4873968.96594, 3511968.32857",188885.147009396
"179","5","11","68","1","1","0","4663968.96594, 3406968.32857","4873968.96594, 3511968.32857",188885.147009396
"180","5","12","69","0","0","0","4663968.96594, 3391968.32857","4873968.96594, 3511968.32857",188885.147009396
"181","5","13","70","1","1","0","4663968.96594, 3376968.32857","4873968.96594, 3511968.32857",188885.147009396
"182","5","14","71","1","1","0","4663968.96594, 3361968.32857","4873968.96594, 3511968.32857",188885.147009396
"183","5","15","72","0","0","0","4663968.96594, 3346968.32857","4873968.96594, 3511968.32857",188885.147009396
"184","5","16","73","1","0","0","4663968.96594, 3331968.32857","4873968.96594, 3511968.32857",188885.147009396
"185","5","17","74","1","0","0","4663968.96594, 3316968.32857","4873968.96594, 3511968.32857",188885.147009396
"186","5","18","75","1","1","0","4663968.96594, 3301968.32857","4873968.96594, 3511968.32857",188885.147009396
"187","5","19","76","1","0","0","4663968.96594, 3286968.32857","4873968.96594, 3511968.32857",188885.147009396
"188","5","20","77","0","0","0","4663968.96594, 3271968.32857","4873968.96594, 3511968.32857",188885.147009396
"189","5","21","78","1","1","0","4663968.96594, 3256968.32857","4873968.96594, 3511968.32857",188885.147009396
"190","5","22","79","1","1","0","4663968.96594, 3241968.32857","4873968.96594, 3511968.32857",188885.147009396
"191","5","23","80","1","1","0","4663968.96594, 3226968.32857","4873968.96594, 3511968.32857",188885.147009396
"192","5","24","81","1","0","0","4663968.96594, 3211968.32857","4873968.96594, 3511968.32857",192327.314140029
"193","5","25","82","0","1","0","4663968.96594, 3196968.32857","4873968.96594, 3511968.32857",192327.314140029
"194","5","26","83","1","1","0","4663968.96594, 3181968.32857","4873968.96594, 3511968.32857",192327.314140029
"195","5","27","84","1","0","0","4664458.48265, 3167414.46612","4873968.96594, 3511968.32857",192327.314140029
"196","5","28","85","0","0","0","4668417.55791, 3153254.06633","4873968.96594, 3511968.32857",192327.314140029
"197","5","29","86","1","1","0","4669615.38776, 3137157.22806","4873968.96594, 3511968.32857",192327.314140029
"198","5","30","87","1","1","0","4669894.34089, 3122190.85637","4873968.96594, 3511968.32857",936791.769047101
"199","5","31","88","0","1","0","4670173.02252, 3107239.05098","4873968.96594, 3511968.32857",936791.769047101
"200","5","32","89","0","0","0","4670386.41039, 3096188.17591","4873968.96594, 3511968.32857",936791.769047101
"216","6","6","90","0","0","0","4679739.20169, 3480175.67909","4873968.96594, 3511968.32857",5558.42427111172
"217","6","7","91","1","1","0","4678968.96594, 3466968.32857","4873968.96594, 3511968.32857",5558.42427111172
"218","6","8","92","0","1","0","4678968.96594, 3451968.32857","4873968.96594, 3511968.32857",177139.172753823
"219","6","9","93","1","0","0","4678968.96594, 3436968.32857","4873968.96594, 3511968.32857",177139.172753823
"220","6","10","94","1","0","0","4678968.96594, 3421968.32857","4873968.96594, 3511968.32857",188885.147009396
"221","6","11","95","0","0","0","4678968.96594, 3406968.32857","4873968.96594, 3511968.32857",188885.147009396
"222","6","12","96","1","1","0","4678968.96594, 3391968.32857","4873968.96594, 3511968.32857",188885.147009396
"223","6","13","97","1","1","0","4678968.96594, 3376968.32857","4873968.96594, 3511968.32857",188885.147009396
"224","6","14","98","1","1","0","4678968.96594, 3361968.32857","4873968.96594, 3511968.32857",188885.147009396
"225","6","15","99","0","1","0","4678968.96594, 3346968.32857","4873968.96594, 3511968.32857",188885.147009396
"226","6","16","100","0","0","0","4678968.96594, 3331968.32857","4873968.96594, 3511968.32857",188885.147009396
"227","6","17","101","1","0","0","4678968.96594, 3316968.32857","4873968.96594, 3511968.32857",188885.147009396
"228","6","18","102","1","1","0","4678968.96594, 3301968.32857","4873968.96594, 3511968.32857",188885.147009396
"229","6","19","103","1","1","0","4678968.96594, 3286968.32857","4873968.96594, 3511968.32857",188885.147009396
"230","6","20","104","0","0","0","4678968.96594, 3271968.32857","4873968.96594, 3511968.32857",188885.147009396
"231","6","21","105","1","1","0","4678968.96594, 3256968.32857","4873968.96594, 3511968.32857",188885.147009396
"232","6","22","106","0","1","0","4678968.96594, 3241968.32857","4873968.96594, 3511968.32857",188885.147009396
"233","6","23","107","1","1","0","4678968.96594, 3226968.32857","4873968.96594, 3511968.32857",192327.314140029
"234","6","24","108","0","1","0","4678968.96594, 3211968.32857","4873968.96594, 3511968.32857",192327.314140029
"235","6","25","109","1","1","0","4678968.96594, 3196968.32857","4873968.96594, 3511968.32857",192327.314140029
"236","6","26","110","1","1","0","4678968.96594, 3181968.32857","4873968.96594, 3511968.32857",192327.314140029
"237","6","27","111","1","1","0","4678968.96594, 3166968.32857","4873968.96594, 3511968.32857",192327.314140029
"238","6","28","112","0","1","0","4678968.96594, 3151968.32857","4873968.96594, 3511968.32857",192327.314140029
"239","6","29","113","1","1","0","4678968.96594, 3136968.32857","4873968.96594, 3511968.32857",192327.314140029
"240","6","30","114","1","1","0","4678968.96594, 3121968.32857","4873968.96594, 3511968.32857",936791.769047101
"241","6","31","115","1","1","0","4678968.96594, 3106968.32857","4873968.96594, 3511968.32857",936791.769047101
"242","6","32","116","1","1","0","4679320.67321, 3095462.02356","4873968.96594, 3511968.32857",936791.769047101
"257","7","5","117","0","0","0","4696855.04452, 3491565.47458","4873968.96594, 3511968.32857",5558.42427111172
"258","7","6","118","0","0","0","4693978.6184, 3481958.39037","4873968.96594, 3511968.32857",5558.42427111172
"259","7","7","119","1","1","0","4693968.96594, 3466968.32857","4873968.96594, 3511968.32857",5558.42427111172
"260","7","8","120","1","0","0","4693968.96594, 3451968.32857","4873968.96594, 3511968.32857",177139.172753823
"261","7","9","121","1","0","0","4693968.96594, 3436968.32857","4873968.96594, 3511968.32857",177139.172753823
"262","7","10","122","0","1","0","4693968.96594, 3421968.32857","4873968.96594, 3511968.32857",188885.147009396
"263","7","11","123","0","1","0","4693968.96594, 3406968.32857","4873968.96594, 3511968.32857",188885.147009396
"264","7","12","124","1","1","0","4693968.96594, 3391968.32857","4873968.96594, 3511968.32857",188885.147009396
"265","7","13","125","0","0","0","4693968.96594, 3376968.32857","4873968.96594, 3511968.32857",188885.147009396
"266","7","14","126","1","1","0","4693968.96594, 3361968.32857","4873968.96594, 3511968.32857",188885.147009396
"267","7","15","127","0","1","0","4693968.96594, 3346968.32857","4873968.96594, 3511968.32857",188885.147009396
"268","7","16","128","1","1","0","4693968.96594, 3331968.32857","4873968.96594, 3511968.32857",188885.147009396
"269","7","17","129","1","1","0","4693968.96594, 3316968.32857","4873968.96594, 3511968.32857",188885.147009396
"270","7","18","130","0","1","0","4693968.96594, 3301968.32857","4873968.96594, 3511968.32857",188885.147009396
"271","7","19","131","1","1","0","4693968.96594, 3286968.32857","4873968.96594, 3511968.32857",188885.147009396
"272","7","20","132","1","1","0","4693968.96594, 3271968.32857","4873968.96594, 3511968.32857",188885.147009396
"273","7","21","133","1","1","0","4693968.96594, 3256968.32857","4873968.96594, 3511968.32857",188885.147009396
"274","7","22","134","1","0","0","4693968.96594, 3241968.32857","4873968.96594, 3511968.32857",192327.314140029
"275","7","23","135","1","1","0","4693968.96594, 3226968.32857","4873968.96594, 3511968.32857",192327.314140029
"276","7","24","136","1","1","0","4693968.96594, 3211968.32857","4873968.96594, 3511968.32857",192327.314140029
"277","7","25","137","1","0","0","4693968.96594, 3196968.32857","4873968.96594, 3511968.32857",192327.314140029
"278","7","26","138","1","1","0","4693968.96594, 3181968.32857","4873968.96594, 3511968.32857",192327.314140029
"279","7","27","139","1","1","0","4693968.96594, 3166968.32857","4873968.96594, 3511968.32857",192327.314140029
"280","7","28","140","0","0","0","4693968.96594, 3151968.32857","4873968.96594, 3511968.32857",192327.314140029
"281","7","29","141","1","1","0","4693968.96594, 3136968.32857","4873968.96594, 3511968.32857",936791.769047101
"282","7","30","142","1","1","0","4693968.96594, 3121968.32857","4873968.96594, 3511968.32857",936791.769047101
"283","7","31","143","0","1","0","4693968.96594, 3106968.32857","4873968.96594, 3511968.32857",936791.769047101
"284","7","32","144","0","1","0","4694243.44436, 3094347.93985","4873968.96594, 3511968.32857",936791.769047101
"299","8","5","145","0","0","0","4709847.52499, 3494518.18292","4873968.96594, 3511968.32857",5558.42427111172
"300","8","6","146","0","0","0","4708968.96594, 3481968.32857","4873968.96594, 3511968.32857",5558.42427111172
"301","8","7","147","1","1","0","4708968.96594, 3466968.32857","4873968.96594, 3511968.32857",5558.42427111172
"302","8","8","148","1","1","0","4708968.96594, 3451968.32857","4873968.96594, 3511968.32857",177139.172753823
"303","8","9","149","0","1","0","4708968.96594, 3436968.32857","4873968.96594, 3511968.32857",177139.172753823
"304","8","10","150","0","1","0","4708968.96594, 3421968.32857","4873968.96594, 3511968.32857",177139.172753823
"305","8","11","151","0","0","0","4708968.96594, 3406968.32857","4873968.96594, 3511968.32857",188885.147009396
"306","8","12","152","1","1","0","4708968.96594, 3391968.32857","4873968.96594, 3511968.32857",188885.147009396
"307","8","13","153","1","1","0","4708968.96594, 3376968.32857","4873968.96594, 3511968.32857",188885.147009396
"308","8","14","154","1","1","0","4708968.96594, 3361968.32857","4873968.96594, 3511968.32857",188885.147009396
"309","8","15","155","0","0","0","4708968.96594, 3346968.32857","4873968.96594, 3511968.32857",188885.147009396
"310","8","16","156","1","1","0","4708968.96594, 3331968.32857","4873968.96594, 3511968.32857",188885.147009396
"311","8","17","157","0","1","0","4708968.96594, 3316968.32857","4873968.96594, 3511968.32857",188885.147009396
"312","8","18","158","0","0","0","4708968.96594, 3301968.32857","4873968.96594, 3511968.32857",188885.147009396
"313","8","19","159","1","1","0","4708968.96594, 3286968.32857","4873968.96594, 3511968.32857",188885.147009396
"314","8","20","160","1","1","0","4708968.96594, 3271968.32857","4873968.96594, 3511968.32857",188885.147009396
"315","8","21","161","1","1","0","4708968.96594, 3256968.32857","4873968.96594, 3511968.32857",188885.147009396
"316","8","22","162","1","1","0","4708968.96594, 3241968.32857","4873968.96594, 3511968.32857",192327.314140029
"317","8","23","163","1","1","0","4708968.96594, 3226968.32857","4873968.96594, 3511968.32857",192327.314140029
"318","8","24","164","1","1","0","4708968.96594, 3211968.32857","4873968.96594, 3511968.32857",192327.314140029
"319","8","25","165","1","1","0","4708968.96594, 3196968.32857","4873968.96594, 3511968.32857",192327.314140029
"320","8","26","166","1","1","0","4708968.96594, 3181968.32857","4873968.96594, 3511968.32857",192327.314140029
"321","8","27","167","1","1","0","4708968.96594, 3166968.32857","4873968.96594, 3511968.32857",192327.314140029
"322","8","28","168","1","1","0","4708968.96594, 3151968.32857","4873968.96594, 3511968.32857",192327.314140029
"323","8","29","169","1","1","0","4708968.96594, 3136968.32857","4873968.96594, 3511968.32857",936791.769047101
"324","8","30","170","1","1","0","4708968.96594, 3121968.32857","4873968.96594, 3511968.32857",936791.769047101
"325","8","31","171","1","1","0","4708968.96594, 3106968.32857","4873968.96594, 3511968.32857",936791.769047101
"326","8","32","172","1","1","0","4709194.02523, 3093231.77996","4873968.96594, 3511968.32857",936791.769047101
"340","9","4","173","0","0","0","4727855.52184, 3506110.73189","4873968.96594, 3511968.32857",5558.42427111172
"341","9","5","174","0","0","0","4724077.71022, 3496846.13089","4873968.96594, 3511968.32857",5558.42427111172
"342","9","6","175","1","1","0","4723968.96594, 3481968.32857","4873968.96594, 3511968.32857",5558.42427111172
"343","9","7","176","1","1","0","4723968.96594, 3466968.32857","4873968.96594, 3511968.32857",5558.42427111172
"344","9","8","177","0","1","0","4723968.96594, 3451968.32857","4873968.96594, 3511968.32857",177139.172753823
"345","9","9","178","0","1","0","4723968.96594, 3436968.32857","4873968.96594, 3511968.32857",177139.172753823
"346","9","10","179","0","0","0","4723968.96594, 3421968.32857","4873968.96594, 3511968.32857",177139.172753823
"347","9","11","180","1","0","0","4723968.96594, 3406968.32857","4873968.96594, 3511968.32857",188885.147009396
"348","9","12","181","1","1","0","4723968.96594, 3391968.32857","4873968.96594, 3511968.32857",188885.147009396
"349","9","13","182","1","0","0","4723968.96594, 3376968.32857","4873968.96594, 3511968.32857",188885.147009396
"350","9","14","183","0","1","0","4723968.96594, 3361968.32857","4873968.96594, 3511968.32857",188885.147009396
"351","9","15","184","1","0","0","4723968.96594, 3346968.32857","4873968.96594, 3511968.32857",188885.147009396
"352","9","16","185","1","1","0","4723968.96594, 3331968.32857","4873968.96594, 3511968.32857",188885.147009396
"353","9","17","186","0","1","0","4723968.96594, 3316968.32857","4873968.96594, 3511968.32857",188885.147009396
"354","9","18","187","0","0","0","4723968.96594, 3301968.32857","4873968.96594, 3511968.32857",188885.147009396
"355","9","19","188","1","1","0","4723968.96594, 3286968.32857","4873968.96594, 3511968.32857",188885.147009396
"356","9","20","189","1","0","0","4723968.96594, 3271968.32857","4873968.96594, 3511968.32857",188885.147009396
"357","9","21","190","1","1","0","4723968.96594, 3256968.32857","4873968.96594, 3511968.32857",192327.314140029
"358","9","22","191","1","1","0","4723968.96594, 3241968.32857","4873968.96594, 3511968.32857",192327.314140029
"359","9","23","192","1","0","0","4723968.96594, 3226968.32857","4873968.96594, 3511968.32857",192327.314140029
"360","9","24","193","0","0","0","4723968.96594, 3211968.32857","4873968.96594, 3511968.32857",192327.314140029
"361","9","25","194","1","1","0","4723968.96594, 3196968.32857","4873968.96594, 3511968.32857",192327.314140029
"362","9","26","195","1","0","0","4723968.96594, 3181968.32857","4873968.96594, 3511968.32857",192327.314140029
"363","9","27","196","1","1","0","4723968.96594, 3166968.32857","4873968.96594, 3511968.32857",192327.314140029
"364","9","28","197","1","1","0","4723968.96594, 3151968.32857","4873968.96594, 3511968.32857",192327.314140029
"365","9","29","198","1","1","0","4723968.96594, 3136968.32857","4873968.96594, 3511968.32857",934795.126706187
"366","9","30","199","0","1","0","4723968.96594, 3121968.32857","4873968.96594, 3511968.32857",936791.769047101
"367","9","31","200","1","1","0","4723968.96594, 3106968.32857","4873968.96594, 3511968.32857",936791.769047101
"368","9","32","201","0","1","0","4724105.50851, 3092192.07754","4873968.96594, 3511968.32857",936791.769047101
"369","9","33","202","0","0","0","4729685.15248, 3084201.98159","4873968.96594, 3511968.32857",936791.769047101
"382","10","4","203","0","0","0","4739991.30293, 3508868.74428","4873968.96594, 3511968.32857",5558.42427111172
"383","10","5","204","1","1","0","4738968.96594, 3496968.32857","4873968.96594, 3511968.32857",5558.42427111172
"384","10","6","205","1","1","0","4738968.96594, 3481968.32857","4873968.96594, 3511968.32857",5558.42427111172
"385","10","7","206","1","0","0","4738968.96594, 3466968.32857","4873968.96594, 3511968.32857",5558.42427111172
"386","10","8","207","1","0","0","4738968.96594, 3451968.32857","4873968.96594, 3511968.32857",177139.172753823
"387","10","9","208","0","1","0","4738968.96594, 3436968.32857","4873968.96594, 3511968.32857",177139.172753823
"388","10","10","209","0","0","0","4738968.96594, 3421968.32857","4873968.96594, 3511968.32857",177139.172753823
"389","10","11","210","1","1","0","4738968.96594, 3406968.32857","4873968.96594, 3511968.32857",188885.147009396
"390","10","12","211","0","1","0","4738968.96594, 3391968.32857","4873968.96594, 3511968.32857",188885.147009396
"391","10","13","212","1","0","0","4738968.96594, 3376968.32857","4873968.96594, 3511968.32857",188885.147009396
"392","10","14","213","1","1","0","4738968.96594, 3361968.32857","4873968.96594, 3511968.32857",188885.147009396
"393","10","15","214","1","0","0","4738968.96594, 3346968.32857","4873968.96594, 3511968.32857",188885.147009396
"394","10","16","215","0","1","0","4738968.96594, 3331968.32857","4873968.96594, 3511968.32857",188885.147009396
"395","10","17","216","0","1","0","4738968.96594, 3316968.32857","4873968.96594, 3511968.32857",188885.147009396
"396","10","18","217","0","0","0","4738968.96594, 3301968.32857","4873968.96594, 3511968.32857",188885.147009396
"397","10","19","218","1","0","0","4738968.96594, 3286968.32857","4873968.96594, 3511968.32857",188885.147009396
"398","10","20","219","1","0","0","4738968.96594, 3271968.32857","4873968.96594, 3511968.32857",192327.314140029
"399","10","21","220","0","1","0","4738968.96594, 3256968.32857","4873968.96594, 3511968.32857",192327.314140029
"400","10","22","221","1","1","0","4738968.96594, 3241968.32857","4873968.96594, 3511968.32857",192327.314140029
"401","10","23","222","0","1","0","4738968.96594, 3226968.32857","4873968.96594, 3511968.32857",192327.314140029
"402","10","24","223","0","0","0","4738968.96594, 3211968.32857","4873968.96594, 3511968.32857",192327.314140029
"403","10","25","224","1","1","0","4738968.96594, 3196968.32857","4873968.96594, 3511968.32857",192327.314140029
"404","10","26","225","1","1","0","4738968.96594, 3181968.32857","4873968.96594, 3511968.32857",192327.314140029
"405","10","27","226","1","0","0","4738968.96594, 3166968.32857","4873968.96594, 3511968.32857",192327.314140029
"406","10","28","227","1","1","0","4738968.96594, 3151968.32857","4873968.96594, 3511968.32857",192327.314140029
"407","10","29","228","1","1","0","4738968.96594, 3136968.32857","4873968.96594, 3511968.32857",934795.126706187
"408","10","30","229","0","0","0","4738968.96594, 3121968.32857","4873968.96594, 3511968.32857",936791.769047101
"409","10","31","230","1","1","0","4738968.96594, 3106968.32857","4873968.96594, 3511968.32857",936791.769047101
"410","10","32","231","1","1","0","4738968.96594, 3091968.32857","4873968.96594, 3511968.32857",936791.769047101
"411","10","33","232","1","1","0","4740427.94637, 3083399.96086","4873968.96594, 3511968.32857",936791.769047101
"423","11","3","233","0","0","0","4758855.99917, 3520655.9892","4873968.96594, 3511968.32857",5558.42427111172
"424","11","4","234","0","0","0","4754248.2699, 3511617.89723","4873968.96594, 3511968.32857",5558.42427111172
"425","11","5","235","1","1","0","4753968.96594, 3496968.32857","4873968.96594, 3511968.32857",5558.42427111172
"426","11","6","236","1","0","0","4753968.96594, 3481968.32857","4873968.96594, 3511968.32857",5558.42427111172
"427","11","7","237","0","0","0","4753968.96594, 3466968.32857","4873968.96594, 3511968.32857",5558.42427111172
"428","11","8","238","1","0","0","4753968.96594, 3451968.32857","4873968.96594, 3511968.32857",161145.873234203
"429","11","9","239","1","1","0","4753968.96594, 3436968.32857","4873968.96594, 3511968.32857",177139.172753823
"430","11","10","240","1","1","0","4753968.96594, 3421968.32857","4873968.96594, 3511968.32857",177139.172753823
"431","11","11","241","1","1","0","4753968.96594, 3406968.32857","4873968.96594, 3511968.32857",177139.172753823
"432","11","12","242","0","0","0","4753968.96594, 3391968.32857","4873968.96594, 3511968.32857",188885.147009396
"433","11","13","243","1","1","0","4753968.96594, 3376968.32857","4873968.96594, 3511968.32857",188885.147009396
"434","11","14","244","1","1","0","4753968.96594, 3361968.32857","4873968.96594, 3511968.32857",188885.147009396
"435","11","15","245","0","1","0","4753968.96594, 3346968.32857","4873968.96594, 3511968.32857",188885.147009396
"436","11","16","246","0","1","0","4753968.96594, 3331968.32857","4873968.96594, 3511968.32857",188885.147009396
"437","11","17","247","0","1","0","4753968.96594, 3316968.32857","4873968.96594, 3511968.32857",188885.147009396
"438","11","18","248","0","1","0","4753968.96594, 3301968.32857","4873968.96594, 3511968.32857",188885.147009396
"439","11","19","249","1","0","0","4753968.96594, 3286968.32857","4873968.96594, 3511968.32857",188885.147009396
"440","11","20","250","1","1","0","4753968.96594, 3271968.32857","4873968.96594, 3511968.32857",192327.314140029
"441","11","21","251","1","1","0","4753968.96594, 3256968.32857","4873968.96594, 3511968.32857",192327.314140029
"442","11","22","252","1","1","0","4753968.96594, 3241968.32857","4873968.96594, 3511968.32857",192327.314140029
"443","11","23","253","0","1","0","4753968.96594, 3226968.32857","4873968.96594, 3511968.32857",192327.314140029
"444","11","24","254","1","1","0","4753968.96594, 3211968.32857","4873968.96594, 3511968.32857",192327.314140029
"445","11","25","255","1","1","0","4753968.96594, 3196968.32857","4873968.96594, 3511968.32857",192327.314140029
"446","11","26","256","0","1","0","4753968.96594, 3181968.32857","4873968.96594, 3511968.32857",192327.314140029
"447","11","27","257","1","1","0","4753968.96594, 3166968.32857","4873968.96594, 3511968.32857",192327.314140029
"448","11","28","258","1","1","0","4753968.96594, 3151968.32857","4873968.96594, 3511968.32857",934795.126706187
"449","11","29","259","1","1","0","4753968.96594, 3136968.32857","4873968.96594, 3511968.32857",934795.126706187
"450","11","30","260","1","1","0","4753968.96594, 3121968.32857","4873968.96594, 3511968.32857",934795.126706187
"451","11","31","261","1","1","0","4753968.96594, 3106968.32857","4873968.96594, 3511968.32857",936791.769047101
"452","11","32","262","1","1","0","4753968.96594, 3091968.32857","4873968.96594, 3511968.32857",936791.769047101
"453","11","33","263","1","1","0","4754642.18068, 3082338.77412","4873968.96594, 3511968.32857",936791.769047101
"465","12","3","264","0","0","0","4770191.34823, 3523232.09311","4873968.96594, 3511968.32857",5558.42427111172
"466","12","4","265","1","1","0","4768968.96594, 3511968.32857","4873968.96594, 3511968.32857",5558.42427111172
"467","12","5","266","1","1","0","4768968.96594, 3496968.32857","4873968.96594, 3511968.32857",5558.42427111172
"468","12","6","267","0","1","0","4768968.96594, 3481968.32857","4873968.96594, 3511968.32857",5558.42427111172
"469","12","7","268","0","1","0","4768968.96594, 3466968.32857","4873968.96594, 3511968.32857",5558.42427111172
"470","12","8","269","1","1","0","4768968.96594, 3451968.32857","4873968.96594, 3511968.32857",161145.873234203
"471","12","9","270","1","1","0","4768968.96594, 3436968.32857","4873968.96594, 3511968.32857",177139.172753823
"472","12","10","271","1","1","0","4768968.96594, 3421968.32857","4873968.96594, 3511968.32857",177139.172753823
"473","12","11","272","1","1","0","4768968.96594, 3406968.32857","4873968.96594, 3511968.32857",177139.172753823
"474","12","12","273","1","1","0","4768968.96594, 3391968.32857","4873968.96594, 3511968.32857",188885.147009396
"475","12","13","274","1","1","0","4768968.96594, 3376968.32857","4873968.96594, 3511968.32857",188885.147009396
"476","12","14","275","1","1","0","4768968.96594, 3361968.32857","4873968.96594, 3511968.32857",188885.147009396
"477","12","15","276","1","1","0","4768968.96594, 3346968.32857","4873968.96594, 3511968.32857",188885.147009396
"478","12","16","277","0","0","0","4768968.96594, 3331968.32857","4873968.96594, 3511968.32857",188885.147009396
"479","12","17","278","0","0","0","4768968.96594, 3316968.32857","4873968.96594, 3511968.32857",188885.147009396
"480","12","18","279","0","1","0","4768968.96594, 3301968.32857","4873968.96594, 3511968.32857",188885.147009396
"481","12","19","280","1","1","0","4768968.96594, 3286968.32857","4873968.96594, 3511968.32857",192327.314140029
"482","12","20","281","1","1","0","4768968.96594, 3271968.32857","4873968.96594, 3511968.32857",192327.314140029
"483","12","21","282","1","1","0","4768968.96594, 3256968.32857","4873968.96594, 3511968.32857",192327.314140029
"484","12","22","283","1","1","0","4768968.96594, 3241968.32857","4873968.96594, 3511968.32857",192327.314140029
"485","12","23","284","1","1","0","4768968.96594, 3226968.32857","4873968.96594, 3511968.32857",192327.314140029
"486","12","24","285","1","1","0","4768968.96594, 3211968.32857","4873968.96594, 3511968.32857",192327.314140029
"487","12","25","286","0","0","0","4768968.96594, 3196968.32857","4873968.96594, 3511968.32857",192327.314140029
"488","12","26","287","0","0","0","4768968.96594, 3181968.32857","4873968.96594, 3511968.32857",192327.314140029
"489","12","27","288","1","1","0","4768968.96594, 3166968.32857","4873968.96594, 3511968.32857",192327.314140029
"490","12","28","289","1","0","0","4768968.96594, 3151968.32857","4873968.96594, 3511968.32857",934795.126706187
"491","12","29","290","1","1","0","4768968.96594, 3136968.32857","4873968.96594, 3511968.32857",934795.126706187
"492","12","30","291","1","1","0","4768968.96594, 3121968.32857","4873968.96594, 3511968.32857",934795.126706187
"493","12","31","292","1","1","0","4768968.96594, 3106968.32857","4873968.96594, 3511968.32857",936791.769047101
"494","12","32","293","1","1","0","4768968.96594, 3091968.32857","4873968.96594, 3511968.32857",936791.769047101
"495","12","33","294","0","1","0","4770603.7521, 3078081.25328","4873968.96594, 3511968.32857",936791.769047101
"496","12","34","295","0","0","0","4771147.54163, 3061569.32094","4873968.96594, 3511968.32857",936791.769047101
"497","12","35","296","1","0","0","4772537.07668, 3050989.14763","4873968.96594, 3511968.32857",936791.769047101
"506","13","2","297","0","0","0","4789856.47649, 3535201.24652",,
"507","13","3","298","0","0","0","4784447.92637, 3526274.16443",,
"508","13","4","299","1","1","0","4783968.96594, 3511968.32857","4873968.96594, 3511968.32857",5558.42427111172
"509","13","5","300","1","0","0","4783968.96594, 3496968.32857","4873968.96594, 3511968.32857",5558.42427111172
"510","13","6","301","1","0","0","4783968.96594, 3481968.32857","4873968.96594, 3511968.32857",5558.42427111172
"511","13","7","302","1","0","0","4783968.96594, 3466968.32857","4873968.96594, 3511968.32857",5558.42427111172
"512","13","8","303","1","1","0","4783968.96594, 3451968.32857","4873968.96594, 3511968.32857",157567.263266021
"513","13","9","304","1","0","0","4783968.96594, 3436968.32857","4873968.96594, 3511968.32857",161145.873234203
"514","13","10","305","1","1","0","4783968.96594, 3421968.32857","4873968.96594, 3511968.32857",177139.172753823
"515","13","11","306","1","0","0","4783968.96594, 3406968.32857","4873968.96594, 3511968.32857",177139.172753823
"516","13","12","307","1","1","0","4783968.96594, 3391968.32857","4873968.96594, 3511968.32857",188885.147009396
"517","13","13","308","0","1","0","4783968.96594, 3376968.32857","4873968.96594, 3511968.32857",188885.147009396
"518","13","14","309","1","1","0","4783968.96594, 3361968.32857","4873968.96594, 3511968.32857",188885.147009396
"519","13","15","310","1","1","0","4783968.96594, 3346968.32857","4873968.96594, 3511968.32857",188885.147009396
"520","13","16","311","1","1","0","4783968.96594, 3331968.32857","4873968.96594, 3511968.32857",188885.147009396
"521","13","17","312","1","1","0","4783968.96594, 3316968.32857","4873968.96594, 3511968.32857",188885.147009396
"522","13","18","313","1","1","0","4783968.96594, 3301968.32857","4873968.96594, 3511968.32857",192327.314140029
"523","13","19","314","1","1","0","4783968.96594, 3286968.32857","4873968.96594, 3511968.32857",192327.314140029
"524","13","20","315","1","1","0","4783968.96594, 3271968.32857","4873968.96594, 3511968.32857",192327.314140029
"525","13","21","316","1","1","0","4783968.96594, 3256968.32857","4873968.96594, 3511968.32857",192327.314140029
"526","13","22","317","1","1","0","4783968.96594, 3241968.32857","4873968.96594, 3511968.32857",192327.314140029
"527","13","23","318","0","0","0","4783968.96594, 3226968.32857","4873968.96594, 3511968.32857",192327.314140029
"528","13","24","319","1","1","0","4783968.96594, 3211968.32857","4873968.96594, 3511968.32857",192327.314140029
"529","13","25","320","1","1","0","4783968.96594, 3196968.32857","4873968.96594, 3511968.32857",192327.314140029
"530","13","26","321","1","0","0","4783968.96594, 3181968.32857","4873968.96594, 3511968.32857",192327.314140029
"531","13","27","322","1","1","0","4783968.96594, 3166968.32857","4873968.96594, 3511968.32857",192327.314140029
"532","13","28","323","0","1","0","4783968.96594, 3151968.32857","4873968.96594, 3511968.32857",934795.126706187
"533","13","29","324","1","1","0","4783968.96594, 3136968.32857","4873968.96594, 3511968.32857",934795.126706187
"534","13","30","325","1","1","0","4783968.96594, 3121968.32857","4873968.96594, 3511968.32857",934795.126706187
"535","13","31","326","1","1","0","4783968.96594, 3106968.32857","4873968.96594, 3511968.32857",934795.126706187
"536","13","32","327","0","1","0","4783968.96594, 3091968.32857","4873968.96594, 3511968.32857",936791.769047101
"537","13","33","328","0","1","0","4783968.96594, 3076968.32857","4873968.96594, 3511968.32857",936791.769047101
"538","13","34","329","1","1","0","4783968.96594, 3061968.32857","4873968.96594, 3511968.32857",936791.769047101
"539","13","35","330","1","0","0","4784287.86472, 3047298.14292","4873968.96594, 3511968.32857",936791.769047101
"540","13","36","331","0","0","0","4788187.6728, 3036564.83566","4873968.96594, 3511968.32857",936791.769047101
"548","14","2","332","0","1","0","4800488.72668, 3537617.56216",,
"549","14","3","333","0","0","0","4798968.96594, 3526968.32857",,
"550","14","4","334","1","1","0","4798968.96594, 3511968.32857","4873968.96594, 3511968.32857",5558.42427111172
"551","14","5","335","0","0","0","4798968.96594, 3496968.32857","4873968.96594, 3511968.32857",5558.42427111172
"552","14","6","336","0","0","0","4798968.96594, 3481968.32857","4873968.96594, 3511968.32857",5558.42427111172
"553","14","7","337","1","0","0","4798968.96594, 3466968.32857","4873968.96594, 3511968.32857",5558.42427111172
"554","14","8","338","0","0","0","4798968.96594, 3451968.32857","4873968.96594, 3511968.32857",157567.263266021
"555","14","9","339","0","0","0","4798968.96594, 3436968.32857","4873968.96594, 3511968.32857",157567.263266021
"556","14","10","340","1","1","0","4798968.96594, 3421968.32857","4873968.96594, 3511968.32857",177139.172753823
"557","14","11","341","1","1","0","4798968.96594, 3406968.32857","4873968.96594, 3511968.32857",177139.172753823
"558","14","12","342","0","1","0","4798968.96594, 3391968.32857","4873968.96594, 3511968.32857",177139.172753823
"559","14","13","343","0","0","0","4798968.96594, 3376968.32857","4873968.96594, 3511968.32857",188885.147009396
"560","14","14","344","1","1","0","4798968.96594, 3361968.32857","4873968.96594, 3511968.32857",188885.147009396
"561","14","15","345","0","1","0","4798968.96594, 3346968.32857","4873968.96594, 3511968.32857",188885.147009396
"562","14","16","346","0","1","0","4798968.96594, 3331968.32857","4873968.96594, 3511968.32857",188885.147009396
"563","14","17","347","0","1","0","4798968.96594, 3316968.32857","4873968.96594, 3511968.32857",192327.314140029
"564","14","18","348","0","1","0","4798968.96594, 3301968.32857","4873968.96594, 3511968.32857",192327.314140029
"565","14","19","349","1","1","0","4798968.96594, 3286968.32857","4873968.96594, 3511968.32857",192327.314140029
"566","14","20","350","1","1","0","4798968.96594, 3271968.32857","4873968.96594, 3511968.32857",192327.314140029
"567","14","21","351","1","1","0","4798968.96594, 3256968.32857","4873968.96594, 3511968.32857",192327.314140029
"568","14","22","352","0","0","0","4798968.96594, 3241968.32857","4873968.96594, 3511968.32857",192327.314140029
"569","14","23","353","1","1","0","4798968.96594, 3226968.32857","4873968.96594, 3511968.32857",192327.314140029
"570","14","24","354","1","1","0","4798968.96594, 3211968.32857","4873968.96594, 3511968.32857",192327.314140029
"571","14","25","355","1","1","0","4798968.96594, 3196968.32857","4873968.96594, 3511968.32857",192327.314140029
"572","14","26","356","1","1","0","4798968.96594, 3181968.32857","4873968.96594, 3511968.32857",192327.314140029
"573","14","27","357","1","1","0","4798968.96594, 3166968.32857","4873968.96594, 3511968.32857",277064.063480002
"574","14","28","358","0","1","0","4798968.96594, 3151968.32857","4873968.96594, 3511968.32857",934795.126706187
"575","14","29","359","1","1","0","4798968.96594, 3136968.32857","4873968.96594, 3511968.32857",934795.126706187
"576","14","30","360","1","1","0","4798968.96594, 3121968.32857","4873968.96594, 3511968.32857",934795.126706187
"577","14","31","361","1","1","0","4798968.96594, 3106968.32857","4873968.96594, 3511968.32857",934795.126706187
"578","14","32","362","1","1","0","4798968.96594, 3091968.32857","4873968.96594, 3511968.32857",936791.769047101
"579","14","33","363","1","1","0","4798968.96594, 3076968.32857","4873968.96594, 3511968.32857",936791.769047101
"580","14","34","364","1","1","0","4798968.96594, 3061968.32857","4873968.96594, 3511968.32857",936791.769047101
"581","14","35","365","1","1","0","4798939.10247, 3046995.76273","4873968.96594, 3511968.32857",936791.769047101
"582","14","36","366","1","1","0","4798092.37119, 3033250.85432","4873968.96594, 3511968.32857",936791.769047101
"583","14","37","367","0","0","0","4800221.9291, 3023824.19166","4873968.96594, 3511968.32857",936791.769047101
"589","15","1","368","0","0","0","4820856.95381, 3549746.50383",,
"590","15","2","369","0","1","0","4814629.23946, 3540800.22046",,
"591","15","3","370","0","1","0","4813968.96594, 3526968.32857",,
"592","15","4","371","1","1","0","4813968.96594, 3511968.32857","4873968.96594, 3511968.32857",5558.42427111172
"593","15","5","372","0","0","0","4813968.96594, 3496968.32857","4873968.96594, 3511968.32857",5558.42427111172
"594","15","6","373","1","0","0","4813968.96594, 3481968.32857","4873968.96594, 3511968.32857",5558.42427111172
"595","15","7","374","1","0","0","4813968.96594, 3466968.32857","4873968.96594, 3511968.32857",5558.42427111172
"596","15","8","375","0","0","0","4813968.96594, 3451968.32857","4873968.96594, 3511968.32857",56954.6320325869
"597","15","9","376","0","1","0","4813968.96594, 3436968.32857","4873968.96594, 3511968.32857",157567.263266021
"598","15","10","377","1","1","0","4813968.96594, 3421968.32857","4873968.96594, 3511968.32857",161145.873234203
"599","15","11","378","1","1","0","4813968.96594, 3406968.32857","4873968.96594, 3511968.32857",177139.172753823
"600","15","12","379","1","1","0","4813968.96594, 3391968.32857","4873968.96594, 3511968.32857",177139.172753823
"601","15","13","380","0","1","0","4813968.96594, 3376968.32857","4873968.96594, 3511968.32857",188885.147009396
"602","15","14","381","1","1","0","4813968.96594, 3361968.32857","4873968.96594, 3511968.32857",188885.147009396
"603","15","15","382","0","1","0","4813968.96594, 3346968.32857","4873968.96594, 3511968.32857",188885.147009396
"604","15","16","383","0","1","0","4813968.96594, 3331968.32857","4873968.96594, 3511968.32857",188885.147009396
"605","15","17","384","0","1","0","4813968.96594, 3316968.32857","4873968.96594, 3511968.32857",192327.314140029
"606","15","18","385","0","1","0","4813968.96594, 3301968.32857","4873968.96594, 3511968.32857",192327.314140029
"607","15","19","386","1","1","0","4813968.96594, 3286968.32857","4873968.96594, 3511968.32857",192327.314140029
"608","15","20","387","1","1","0","4813968.96594, 3271968.32857","4873968.96594, 3511968.32857",192327.314140029
"609","15","21","388","1","1","0","4813968.96594, 3256968.32857","4873968.96594, 3511968.32857",192327.314140029
"610","15","22","389","0","1","0","4813968.96594, 3241968.32857","4873968.96594, 3511968.32857",192327.314140029
"611","15","23","390","1","1","0","4813968.96594, 3226968.32857","4873968.96594, 3511968.32857",192327.314140029
"612","15","24","391","0","1","0","4813968.96594, 3211968.32857","4873968.96594, 3511968.32857",192327.314140029
"613","15","25","392","1","1","0","4813968.96594, 3196968.32857","4873968.96594, 3511968.32857",277064.063480002
"614","15","26","393","0","0","0","4813968.96594, 3181968.32857","4873968.96594, 3511968.32857",277064.063480002
"615","15","27","394","1","0","0","4813968.96594, 3166968.32857","4873968.96594, 3511968.32857",277064.063480002
"616","15","28","395","1","1","0","4813968.96594, 3151968.32857","4873968.96594, 3511968.32857",934795.126706187
"617","15","29","396","1","1","0","4813968.96594, 3136968.32857","4873968.96594, 3511968.32857",934795.126706187
"618","15","30","397","1","1","0","4813968.96594, 3121968.32857","4873968.96594, 3511968.32857",934795.126706187
"619","15","31","398","1","1","0","4813968.96594, 3106968.32857","4873968.96594, 3511968.32857",934795.126706187
"620","15","32","399","1","1","0","4813968.96594, 3091968.32857","4873968.96594, 3511968.32857",934795.126706187
"621","15","33","400","0","1","0","4813968.96594, 3076968.32857","4873968.96594, 3511968.32857",936791.769047101
"622","15","34","401","1","1","0","4812127.89615, 3064111.80735","4873968.96594, 3511968.32857",936791.769047101
"623","15","35","402","0","0","0","4807691.87828, 3050303.81443","4873968.96594, 3511968.32857",936791.769047101
"631","16","1","403","0","0","0","4830977.31287, 3552046.48563",,
"632","16","2","404","0","0","0","4828968.96594, 3541968.32857",,
"633","16","3","405","1","1","0","4828968.96594, 3526968.32857",,
"634","16","4","406","1","1","0","4828968.96594, 3511968.32857","4873968.96594, 3511968.32857",5558.42427111172
"635","16","5","407","0","0","0","4828968.96594, 3496968.32857","4873968.96594, 3511968.32857",5558.42427111172
"636","16","6","408","1","0","0","4828968.96594, 3481968.32857","4873968.96594, 3511968.32857",5558.42427111172
"637","16","7","409","1","1","0","4828968.96594, 3466968.32857","4873968.96594, 3511968.32857",5558.42427111172
"638","16","8","410","0","1","0","4828968.96594, 3451968.32857","4873968.96594, 3511968.32857",56954.6320325869
"639","16","9","411","1","1","0","4828968.96594, 3436968.32857","4873968.96594, 3511968.32857",157567.263266021
"640","16","10","412","1","1","0","4828968.96594, 3421968.32857","4873968.96594, 3511968.32857",157567.263266021
"641","16","11","413","0","1","0","4828968.96594, 3406968.32857","4873968.96594, 3511968.32857",177139.172753823
"642","16","12","414","1","1","0","4828968.96594, 3391968.32857","4873968.96594, 3511968.32857",177139.172753823
"643","16","13","415","0","1","0","4828968.96594, 3376968.32857","4873968.96594, 3511968.32857",188885.147009396
"644","16","14","416","1","1","0","4828968.96594, 3361968.32857","4873968.96594, 3511968.32857",188885.147009396
"645","16","15","417","0","1","0","4828968.96594, 3346968.32857","4873968.96594, 3511968.32857",188885.147009396
"646","16","16","418","0","1","0","4828968.96594, 3331968.32857","4873968.96594, 3511968.32857",192327.314140029
"647","16","17","419","1","1","0","4828968.96594, 3316968.32857","4873968.96594, 3511968.32857",192327.314140029
"648","16","18","420","1","1","0","4828968.96594, 3301968.32857","4873968.96594, 3511968.32857",192327.314140029
"649","16","19","421","1","1","0","4828968.96594, 3286968.32857","4873968.96594, 3511968.32857",192327.314140029
"650","16","20","422","1","1","0","4828968.96594, 3271968.32857","4873968.96594, 3511968.32857",192327.314140029
"651","16","21","423","1","1","0","4828968.96594, 3256968.32857","4873968.96594, 3511968.32857",192327.314140029
"652","16","22","424","1","1","0","4828968.96594, 3241968.32857","4873968.96594, 3511968.32857",192327.314140029
"653","16","23","425","1","1","0","4828968.96594, 3226968.32857","4873968.96594, 3511968.32857",277064.063480002
"654","16","24","426","1","1","0","4828968.96594, 3211968.32857","4873968.96594, 3511968.32857",277064.063480002
"655","16","25","427","1","1","0","4828968.96594, 3196968.32857","4873968.96594, 3511968.32857",277064.063480002
"656","16","26","428","1","1","0","4828968.96594, 3181968.32857","4873968.96594, 3511968.32857",277064.063480002
"657","16","27","429","1","1","0","4828968.96594, 3166968.32857","4873968.96594, 3511968.32857",277064.063480002
"658","16","28","430","1","1","0","4828968.96594, 3151968.32857","4873968.96594, 3511968.32857",934795.126706187
"659","16","29","431","1","1","0","4828968.96594, 3136968.32857","4873968.96594, 3511968.32857",934795.126706187
"660","16","30","432","1","1","0","4828968.96594, 3121968.32857","4873968.96594, 3511968.32857",934795.126706187
"661","16","31","433","1","0","0","4828968.96594, 3106968.32857","4873968.96594, 3511968.32857",934795.126706187
"662","16","32","434","1","0","0","4828968.96594, 3091968.32857","4873968.96594, 3511968.32857",934795.126706187
"663","16","33","435","0","0","0","4828968.96594, 3076968.32857","4873968.96594, 3511968.32857",936791.769047101
"664","16","34","436","1","1","0","4829394.6351, 3065886.45251","4873968.96594, 3511968.32857",936791.769047101
"673","17","1","437","0","0","0","4844739.4283, 3555174.10342",,
"674","17","2","438","0","0","0","4843968.96594, 3541968.32857",,
"675","17","3","439","1","1","0","4843968.96594, 3526968.32857",,
"676","17","4","440","0","0","0","4843968.96594, 3511968.32857","4873968.96594, 3511968.32857",5558.42427111172
"677","17","5","441","0","0","0","4843968.96594, 3496968.32857","4873968.96594, 3511968.32857",5558.42427111172
"678","17","6","442","1","1","0","4843968.96594, 3481968.32857","4873968.96594, 3511968.32857",5558.42427111172
"679","17","7","443","1","1","0","4843968.96594, 3466968.32857","4873968.96594, 3511968.32857",53272.8362392151
"680","17","8","444","0","1","0","4843968.96594, 3451968.32857","4873968.96594, 3511968.32857",59784.5210560653
"681","17","9","445","1","1","0","4843968.96594, 3436968.32857","4873968.96594, 3511968.32857",108252.78533304
"682","17","10","446","0","1","0","4843968.96594, 3421968.32857","4873968.96594, 3511968.32857",157567.263266021
"683","17","11","447","0","1","0","4843968.96594, 3406968.32857","4873968.96594, 3511968.32857",161145.873234203
"684","17","12","448","1","1","0","4843968.96594, 3391968.32857","4873968.96594, 3511968.32857",177139.172753823
"685","17","13","449","1","0","0","4843968.96594, 3376968.32857","4873968.96594, 3511968.32857",188885.147009396
"686","17","14","450","1","1","0","4843968.96594, 3361968.32857","4873968.96594, 3511968.32857",188885.147009396
"687","17","15","451","1","1","0","4843968.96594, 3346968.32857","4873968.96594, 3511968.32857",192327.314140029
"688","17","16","452","1","1","0","4843968.96594, 3331968.32857","4873968.96594, 3511968.32857",192327.314140029
"689","17","17","453","1","0","0","4843968.96594, 3316968.32857","4873968.96594, 3511968.32857",192327.314140029
"690","17","18","454","1","1","0","4843968.96594, 3301968.32857","4873968.96594, 3511968.32857",192327.314140029
"691","17","19","455","0","0","0","4843968.96594, 3286968.32857","4873968.96594, 3511968.32857",192327.314140029
"692","17","20","456","1","1","0","4843968.96594, 3271968.32857","4873968.96594, 3511968.32857",192327.314140029
"693","17","21","457","0","0","0","4843968.96594, 3256968.32857","4873968.96594, 3511968.32857",192327.314140029
"694","17","22","458","1","0","0","4843968.96594, 3241968.32857","4873968.96594, 3511968.32857",277064.063480002
"695","17","23","459","1","1","0","4843968.96594, 3226968.32857","4873968.96594, 3511968.32857",277064.063480002
"696","17","24","460","0","1","0","4843968.96594, 3211968.32857","4873968.96594, 3511968.32857",277064.063480002
"697","17","25","461","1","1","0","4843968.96594, 3196968.32857","4873968.96594, 3511968.32857",277064.063480002
"698","17","26","462","0","1","0","4843968.96594, 3181968.32857","4873968.96594, 3511968.32857",277064.063480002
"699","17","27","463","1","1","0","4843968.96594, 3166968.32857","4873968.96594, 3511968.32857",277064.063480002
"700","17","28","464","1","1","0","4843968.96594, 3151968.32857","4873968.96594, 3511968.32857",934795.126706187
"701","17","29","465","0","1","0","4843968.96594, 3136968.32857","4873968.96594, 3511968.32857",934795.126706187
"702","17","30","466","1","1","0","4843968.96594, 3121968.32857","4873968.96594, 3511968.32857",934795.126706187
"703","17","31","467","1","1","0","4843968.96594, 3106968.32857","4873968.96594, 3511968.32857",934795.126706187
"704","17","32","468","1","1","0","4843968.96594, 3091968.32857","4873968.96594, 3511968.32857",934795.126706187
"705","17","33","469","1","1","0","4843968.96594, 3076968.32857","4873968.96594, 3511968.32857",934795.126706187
"706","17","34","470","1","1","0","4844286.50264, 3064687.08056","4873968.96594, 3511968.32857",936791.769047101
"715","18","1","471","0","1","0","4855207.83344, 3554912.95611",,
"716","18","2","472","0","1","0","4858629.93867, 3541666.17176",,
"717","18","3","473","1","1","0","4858968.96594, 3526968.32857",,
"718","18","4","474","1","1","0","4858968.96594, 3511968.32857","4873968.96594, 3511968.32857",5558.42427111172
"719","18","5","475","1","1","0","4858968.96594, 3496968.32857","4873968.96594, 3511968.32857",5558.42427111172
"720","18","6","476","1","1","0","4858968.96594, 3481968.32857","4873968.96594, 3511968.32857",5558.42427111172
"721","18","7","477","0","0","0","4858968.96594, 3466968.32857","4873968.96594, 3511968.32857",53272.8362392151
"722","18","8","478","1","1","0","4858968.96594, 3451968.32857","4873968.96594, 3511968.32857",84294.6801365692
"723","18","9","479","1","1","0","4858968.96594, 3436968.32857","4873968.96594, 3511968.32857",108252.78533304
"724","18","10","480","0","1","0","4858968.96594, 3421968.32857","4873968.96594, 3511968.32857",146498.346901128
"725","18","11","481","0","1","0","4858968.96594, 3406968.32857","4873968.96594, 3511968.32857",157567.263266021
"726","18","12","482","1","1","0","4858968.96594, 3391968.32857","4873968.96594, 3511968.32857",161145.873234203
"727","18","13","483","1","1","0","4858968.96594, 3376968.32857","4873968.96594, 3511968.32857",177139.172753823
"728","18","14","484","1","1","1","4858968.96594, 3361968.32857","4873968.96594, 3511968.32857",188885.147009396
"729","18","15","485","1","1","0","4858968.96594, 3346968.32857","4873968.96594, 3511968.32857",192327.314140029
"730","18","16","486","0","1","0","4858968.96594, 3331968.32857","4873968.96594, 3511968.32857",192327.314140029
"731","18","17","487","1","1","0","4858968.96594, 3316968.32857","4873968.96594, 3511968.32857",192327.314140029
"732","18","18","488","1","1","0","4858968.96594, 3301968.32857","4873968.96594, 3511968.32857",214496.152102085
"733","18","19","489","0","0","0","4858968.96594, 3286968.32857","4873968.96594, 3511968.32857",214496.152102085
"734","18","20","490","1","1","0","4858968.96594, 3271968.32857","4873968.96594, 3511968.32857",267187.011202123
"735","18","21","491","1","0","0","4858968.96594, 3256968.32857","4873968.96594, 3511968.32857",277064.063480002
"736","18","22","492","0","0","0","4858968.96594, 3241968.32857","4873968.96594, 3511968.32857",277064.063480002
"737","18","23","493","1","1","0","4858968.96594, 3226968.32857","4873968.96594, 3511968.32857",277064.063480002
"738","18","24","494","1","1","0","4858968.96594, 3211968.32857","4873968.96594, 3511968.32857",277064.063480002
"739","18","25","495","1","1","0","4858968.96594, 3196968.32857","4873968.96594, 3511968.32857",277064.063480002
"740","18","26","496","1","1","0","4858968.96594, 3181968.32857","4873968.96594, 3511968.32857",277064.063480002
"741","18","27","497","1","1","0","4858968.96594, 3166968.32857","4873968.96594, 3511968.32857",277064.063480002
"742","18","28","498","0","1","0","4858968.96594, 3151968.32857","4873968.96594, 3511968.32857",932458.547325997
"743","18","29","499","1","1","0","4858968.96594, 3136968.32857","4873968.96594, 3511968.32857",934795.126706187
"744","18","30","500","1","1","0","4858968.96594, 3121968.32857","4873968.96594, 3511968.32857",934795.126706187
"745","18","31","501","1","1","0","4858968.96594, 3106968.32857","4873968.96594, 3511968.32857",934795.126706187
"746","18","32","502","1","1","0","4858968.96594, 3091968.32857","4873968.96594, 3511968.32857",934795.126706187
"747","18","33","503","1","1","0","4858968.96594, 3076968.32857","4873968.96594, 3511968.32857",934795.126706187
"748","18","34","504","1","1","0","4859222.17907, 3063484.1803","4873968.96594, 3511968.32857",934795.126706187
"758","19","2","505","0","0","0","4868461.71071, 3537485.6823",,
"759","19","3","506","1","1","0","4872274.46138, 3525857.01091",,
"760","19","4","507","1","1","1","4873968.96594, 3511968.32857",,
"761","19","5","508","1","1","0","4873968.96594, 3496968.32857","4873968.96594, 3511968.32857",5558.42427111172
"762","19","6","509","0","0","0","4873968.96594, 3481968.32857","4873968.96594, 3511968.32857",53272.8362392151
"763","19","7","510","1","1","0","4873968.96594, 3466968.32857","4873968.96594, 3511968.32857",56954.6320325869
"764","19","8","511","1","1","0","4873968.96594, 3451968.32857","4873968.96594, 3511968.32857",84294.6801365692
"765","19","9","512","0","0","0","4873968.96594, 3436968.32857","4873968.96594, 3511968.32857",106013.215197201
"766","19","10","513","0","1","0","4873968.96594, 3421968.32857","4873968.96594, 3511968.32857",146498.346901128
"767","19","11","514","1","1","0","4873968.96594, 3406968.32857","4873968.96594, 3511968.32857",146498.346901128
"768","19","12","515","1","1","1","4873968.96594, 3391968.32857","4873968.96594, 3511968.32857",157567.263266021
"769","19","13","516","1","1","1","4873968.96594, 3376968.32857","4873968.96594, 3511968.32857",171487.103885694
"770","19","14","517","1","1","1","4873968.96594, 3361968.32857","4873968.96594, 3511968.32857",201008.544573587
"771","19","15","518","1","1","0","4873968.96594, 3346968.32857","4873968.96594, 3511968.32857",205257.712207247
"772","19","16","519","1","1","0","4873968.96594, 3331968.32857","4873968.96594, 3511968.32857",214496.152102085
"773","19","17","520","1","1","0","4873968.96594, 3316968.32857","4873968.96594, 3511968.32857",214496.152102085
"774","19","18","521","1","0","0","4873968.96594, 3301968.32857","4873968.96594, 3511968.32857",216595.990497818
"775","19","19","522","0","0","0","4873968.96594, 3286968.32857","4873968.96594, 3511968.32857",267187.011202123
"776","19","20","523","1","1","0","4873968.96594, 3271968.32857","4873968.96594, 3511968.32857",274595.109513747
"777","19","21","524","1","0","0","4873968.96594, 3256968.32857","4873968.96594, 3511968.32857",277064.063480002
"778","19","22","525","1","0","0","4873968.96594, 3241968.32857","4873968.96594, 3511968.32857",277064.063480002
"779","19","23","526","1","0","0","4873968.96594, 3226968.32857","4873968.96594, 3511968.32857",277064.063480002
"780","19","24","527","1","1","0","4873968.96594, 3211968.32857","4873968.96594, 3511968.32857",277064.063480002
"781","19","25","528","1","0","0","4873968.96594, 3196968.32857","4873968.96594, 3511968.32857",277064.063480002
"782","19","26","529","1","1","0","4873968.96594, 3181968.32857","4873968.96594, 3511968.32857",279105.37873399
"783","19","27","530","1","1","0","4873968.96594, 3166968.32857","4873968.96594, 3511968.32857",279105.37873399
"784","19","28","531","1","1","0","4873968.96594, 3151968.32857","4873968.96594, 3511968.32857",897287.982675931
"785","19","29","532","1","1","0","4873968.96594, 3136968.32857","4873968.96594, 3511968.32857",932458.547325997
"786","19","30","533","0","0","0","4873968.96594, 3121968.32857","4873968.96594, 3511968.32857",934795.126706187
"787","19","31","534","0","1","0","4873968.96594, 3106968.32857","4873968.96594, 3511968.32857",934795.126706187
"788","19","32","535","1","1","0","4873968.96594, 3091968.32857","4873968.96594, 3511968.32857",934795.126706187
"789","19","33","536","1","1","0","4873968.96594, 3076968.32857","4873968.96594, 3511968.32857",934795.126706187
"790","19","34","537","1","1","0","4874042.0929, 3062039.68323","4873968.96594, 3511968.32857",934795.126706187
"791","19","35","538","1","1","0","4875690.15949, 3047400.61587","4873968.96594, 3511968.32857",936791.769047101
"792","19","36","539","1","1","0","4877638.77466, 3032629.1464","4873968.96594, 3511968.32857",936791.769047101
"793","19","37","540","1","1","0","4879216.76867, 3020632.48832","4873968.96594, 3511968.32857",936791.769047101
"801","20","3","541","0","0","0","4881763.85049, 3519914.83382",,
"802","20","4","542","1","1","1","4888844.38521, 3510614.21063","4873968.96594, 3511968.32857",14232.9979548214
"803","20","5","543","1","1","1","4888968.96594, 3496968.32857","4873968.96594, 3511968.32857",14232.9979548214
"804","20","6","544","1","1","1","4888968.96594, 3481968.32857","4873968.96594, 3511968.32857",49569.2964749135
"805","20","7","545","1","1","0","4888968.96594, 3466968.32857","4873968.96594, 3511968.32857",59784.5210560653
"806","20","8","546","1","1","0","4888968.96594, 3451968.32857","4873968.96594, 3511968.32857",84294.6801365692
"807","20","9","547","1","1","0","4888968.96594, 3436968.32857","4873968.96594, 3511968.32857",102210.529605285
"808","20","10","548","1","1","0","4888968.96594, 3421968.32857","4873968.96594, 3511968.32857",111346.573454332
"809","20","11","549","1","1","1","4888968.96594, 3406968.32857","4873968.96594, 3511968.32857",139887.027679574
"810","20","12","550","1","1","1","4888968.96594, 3391968.32857","4873968.96594, 3511968.32857",149338.681400225
"811","20","13","551","1","1","0","4888968.96594, 3376968.32857","4873968.96594, 3511968.32857",166002.800059243
"812","20","14","552","1","1","1","4888968.96594, 3361968.32857","4873968.96594, 3511968.32857",214496.152102085
"813","20","15","553","1","1","0","4888968.96594, 3346968.32857","4873968.96594, 3511968.32857",216595.990497818
"814","20","16","554","1","1","0","4888968.96594, 3331968.32857","4873968.96594, 3511968.32857",216595.990497818
"815","20","17","555","1","1","0","4888968.96594, 3316968.32857","4873968.96594, 3511968.32857",241684.220788344
"816","20","18","556","1","1","0","4888968.96594, 3301968.32857","4873968.96594, 3511968.32857",267187.011202123
"817","20","19","557","1","0","0","4888968.96594, 3286968.32857","4873968.96594, 3511968.32857",274595.109513747
"818","20","20","558","1","1","0","4888968.96594, 3271968.32857","4873968.96594, 3511968.32857",277064.063480002
"819","20","21","559","1","0","0","4888968.96594, 3256968.32857","4873968.96594, 3511968.32857",277064.063480002
"820","20","22","560","1","0","0","4888968.96594, 3241968.32857","4873968.96594, 3511968.32857",277064.063480002
"821","20","23","561","0","0","0","4888968.96594, 3226968.32857","4873968.96594, 3511968.32857",277064.063480002
"822","20","24","562","1","1","0","4888968.96594, 3211968.32857","4873968.96594, 3511968.32857",279105.37873399
"823","20","25","563","0","0","0","4888968.96594, 3196968.32857","4873968.96594, 3511968.32857",279105.37873399
"824","20","26","564","0","0","0","4888968.96594, 3181968.32857","4873968.96594, 3511968.32857",279105.37873399
"825","20","27","565","1","1","0","4888968.96594, 3166968.32857","4873968.96594, 3511968.32857",897287.982675931
"826","20","28","566","1","1","0","4888968.96594, 3151968.32857","4873968.96594, 3511968.32857",897287.982675931
"827","20","29","567","1","1","0","4888968.96594, 3136968.32857","4873968.96594, 3511968.32857",897287.982675931
"828","20","30","568","1","1","0","4888968.96594, 3121968.32857","4873968.96594, 3511968.32857",932458.547325997
"829","20","31","569","1","0","0","4888968.96594, 3106968.32857","4873968.96594, 3511968.32857",934795.126706187
"830","20","32","570","1","1","0","4888968.96594, 3091968.32857","4873968.96594, 3511968.32857",934795.126706187
"831","20","33","571","1","1","0","4888968.96594, 3076968.32857","4873968.96594, 3511968.32857",934795.126706187
"832","20","34","572","1","1","0","4888968.96594, 3061968.32857","4873968.96594, 3511968.32857",934795.126706187
"833","20","35","573","1","0","0","4888968.96594, 3046968.32857","4873968.96594, 3511968.32857",936791.769047101
"834","20","36","574","0","1","0","4888968.96594, 3031968.32857","4873968.96594, 3511968.32857",936791.769047101
"835","20","37","575","1","0","0","4888833.33414, 3020538.48683","4873968.96594, 3511968.32857",936791.769047101
"844","21","4","576","0","0","1","4904147.40177, 3511233.23098","4873968.96594, 3511968.32857",31299.2329251147
"845","21","5","577","1","0","1","4903968.96594, 3496968.32857","4873968.96594, 3511968.32857",33105.1917250648
"846","21","6","578","1","1","1","4903968.96594, 3481968.32857","4873968.96594, 3511968.32857",49569.2964749135
"847","21","7","579","1","1","1","4903968.96594, 3466968.32857","4873968.96594, 3511968.32857",68363.6824273474
"848","21","8","580","1","1","1","4903968.96594, 3451968.32857","4873968.96594, 3511968.32857",82518.5181614689
"849","21","9","581","1","1","1","4903968.96594, 3436968.32857","4873968.96594, 3511968.32857",97392.884211387
"850","21","10","582","1","1","1","4903968.96594, 3421968.32857","4873968.96594, 3511968.32857",114990.472531162
"851","21","11","583","1","1","1","4903968.96594, 3406968.32857","4873968.96594, 3511968.32857",128557.365987217
"852","21","12","584","1","1","0","4903968.96594, 3391968.32857","4873968.96594, 3511968.32857",135307.076578248
"853","21","13","585","1","1","0","4903968.96594, 3376968.32857","4873968.96594, 3511968.32857",228956.28277141
"854","21","14","586","1","1","1","4903968.96594, 3361968.32857","4873968.96594, 3511968.32857",228956.28277141
"855","21","15","587","1","1","1","4903968.96594, 3346968.32857","4873968.96594, 3511968.32857",238942.150131581
"856","21","16","588","0","1","0","4903968.96594, 3331968.32857","4873968.96594, 3511968.32857",250577.526431416
"857","21","17","589","1","0","0","4903968.96594, 3316968.32857","4873968.96594, 3511968.32857",267187.011202123
"858","21","18","590","0","1","0","4903968.96594, 3301968.32857","4873968.96594, 3511968.32857",274595.109513747
"859","21","19","591","0","1","0","4903968.96594, 3286968.32857","4873968.96594, 3511968.32857",277064.063480002
"860","21","20","592","1","1","0","4903968.96594, 3271968.32857","4873968.96594, 3511968.32857",277064.063480002
"861","21","21","593","1","0","0","4903968.96594, 3256968.32857","4873968.96594, 3511968.32857",277064.063480002
"862","21","22","594","1","0","0","4903968.96594, 3241968.32857","4873968.96594, 3511968.32857",279105.37873399
"863","21","23","595","0","0","0","4903968.96594, 3226968.32857","4873968.96594, 3511968.32857",279105.37873399
"864","21","24","596","1","1","0","4903968.96594, 3211968.32857","4873968.96594, 3511968.32857",279105.37873399
"865","21","25","597","1","1","0","4903968.96594, 3196968.32857","4873968.96594, 3511968.32857",279105.37873399
"866","21","26","598","0","0","0","4903968.96594, 3181968.32857","4873968.96594, 3511968.32857",279105.37873399
"867","21","27","599","1","1","0","4903968.96594, 3166968.32857","4873968.96594, 3511968.32857",897287.982675931
"868","21","28","600","0","0","0","4903968.96594, 3151968.32857","4873968.96594, 3511968.32857",897287.982675931
"869","21","29","601","1","0","0","4903968.96594, 3136968.32857","4873968.96594, 3511968.32857",897287.982675931
"870","21","30","602","1","1","0","4903968.96594, 3121968.32857","4873968.96594, 3511968.32857",897287.982675931
"871","21","31","603","1","0","0","4903968.96594, 3106968.32857","4873968.96594, 3511968.32857",932458.547325997
"872","21","32","604","1","1","0","4903968.96594, 3091968.32857","4873968.96594, 3511968.32857",932458.547325997
"873","21","33","605","1","1","0","4903968.96594, 3076968.32857","4873968.96594, 3511968.32857",934795.126706187
"874","21","34","606","1","1","0","4903968.96594, 3061968.32857","4873968.96594, 3511968.32857",934795.126706187
"875","21","35","607","1","1","0","4903968.96594, 3046968.32857","4873968.96594, 3511968.32857",934795.126706187
"876","21","36","608","1","1","0","4903968.96594, 3031968.32857","4873968.96594, 3511968.32857",936791.769047101
"877","21","37","609","1","1","0","4903816.82614, 3020964.0093","4873968.96594, 3511968.32857",936791.769047101
"885","22","3","610","0","0","0","4922841.01841, 3519934.66192","4873968.96594, 3511968.32857",31299.2329251147
"886","22","4","611","0","0","0","4918998.76681, 3511932.71294","4873968.96594, 3511968.32857",31299.2329251147
"887","22","5","612","1","0","0","4918968.96594, 3496968.32857","4873968.96594, 3511968.32857",33105.1917250648
"888","22","6","613","1","1","0","4918968.96594, 3481968.32857","4873968.96594, 3511968.32857",37218.7508071099
"889","22","7","614","1","1","0","4918968.96594, 3466968.32857","4873968.96594, 3511968.32857",68363.6824273474
"890","22","8","615","1","1","0","4918968.96594, 3451968.32857","4873968.96594, 3511968.32857",77535.1860432377
"891","22","9","616","1","1","0","4918968.96594, 3436968.32857","4873968.96594, 3511968.32857",95087.4648620947
"892","22","10","617","1","1","0","4918968.96594, 3421968.32857","4873968.96594, 3511968.32857",116608.838970602
"893","22","11","618","1","1","0","4918968.96594, 3406968.32857","4873968.96594, 3511968.32857",126514.536049963
"894","22","12","619","0","1","0","4918968.96594, 3391968.32857","4873968.96594, 3511968.32857",132012.745527788
"895","22","13","620","1","1","0","4918968.96594, 3376968.32857","4873968.96594, 3511968.32857",228956.28277141
"896","22","14","621","1","1","0","4918968.96594, 3361968.32857","4873968.96594, 3511968.32857",245683.069354857
"897","22","15","622","1","1","1","4918968.96594, 3346968.32857","4873968.96594, 3511968.32857",252471.337827217
"898","22","16","623","1","1","1","4918968.96594, 3331968.32857","4873968.96594, 3511968.32857",263157.325264746
"899","22","17","624","1","1","0","4918968.96594, 3316968.32857","4873968.96594, 3511968.32857",274595.109513747
"900","22","18","625","0","0","0","4918968.96594, 3301968.32857","4873968.96594, 3511968.32857",277064.063480002
"901","22","19","626","0","1","0","4918968.96594, 3286968.32857","4873968.96594, 3511968.32857",279105.37873399
"902","22","20","627","1","1","0","4918968.96594, 3271968.32857","4873968.96594, 3511968.32857",279105.37873399
"903","22","21","628","1","1","0","4918968.96594, 3256968.32857","4873968.96594, 3511968.32857",279105.37873399
"904","22","22","629","1","0","0","4918968.96594, 3241968.32857","4873968.96594, 3511968.32857",279105.37873399
"905","22","23","630","1","0","0","4918968.96594, 3226968.32857","4873968.96594, 3511968.32857",279105.37873399
"906","22","24","631","1","0","0","4918968.96594, 3211968.32857","4873968.96594, 3511968.32857",279105.37873399
"907","22","25","632","1","1","0","4918968.96594, 3196968.32857","4873968.96594, 3511968.32857",279105.37873399
"908","22","26","633","1","0","0","4918968.96594, 3181968.32857","4873968.96594, 3511968.32857",333676.033228896
"909","22","27","634","1","1","0","4918968.96594, 3166968.32857","4873968.96594, 3511968.32857",895480.094921808
"910","22","28","635","1","1","0","4918968.96594, 3151968.32857","4873968.96594, 3511968.32857",897287.982675931
"911","22","29","636","1","1","0","4918968.96594, 3136968.32857","4873968.96594, 3511968.32857",897287.982675931
"912","22","30","637","1","1","0","4918968.96594, 3121968.32857","4873968.96594, 3511968.32857",897287.982675931
"913","22","31","638","1","1","0","4918968.96594, 3106968.32857","4873968.96594, 3511968.32857",897287.982675931
"914","22","32","639","0","1","0","4918968.96594, 3091968.32857","4873968.96594, 3511968.32857",897287.982675931
"915","22","33","640","1","1","0","4918968.96594, 3076968.32857","4873968.96594, 3511968.32857",932458.547325997
"916","22","34","641","1","1","0","4918968.96594, 3061968.32857","4873968.96594, 3511968.32857",934795.126706187
"917","22","35","642","0","1","0","4918968.96594, 3046968.32857","4873968.96594, 3511968.32857",934795.126706187
"918","22","36","643","0","1","0","4918968.96594, 3031968.32857","4873968.96594, 3511968.32857",934795.126706187
"919","22","37","644","1","1","0","4918795.74283, 3021389.40183","4873968.96594, 3511968.32857",936791.769047101
"927","23","3","645","0","0","0","4934988.88329, 3520715.40012","4873968.96594, 3511968.32857",31299.2329251147
"928","23","4","646","0","0","0","4933968.96594, 3511968.32857","4873968.96594, 3511968.32857",31299.2329251147
"929","23","5","647","1","0","0","4933968.96594, 3496968.32857","4873968.96594, 3511968.32857",33105.1917250648
"930","23","6","648","1","1","0","4933968.96594, 3481968.32857","4873968.96594, 3511968.32857",35380.3489765944
"931","23","7","649","0","0","0","4933968.96594, 3466968.32857","4873968.96594, 3511968.32857",77535.1860432377
"932","23","8","650","0","0","0","4933968.96594, 3451968.32857","4873968.96594, 3511968.32857",77535.1860432377
"933","23","9","651","0","1","0","4933968.96594, 3436968.32857","4873968.96594, 3511968.32857",95087.4648620947
"934","23","10","652","1","1","0","4933968.96594, 3421968.32857","4873968.96594, 3511968.32857",118435.165033472
"935","23","11","653","0","1","0","4933968.96594, 3406968.32857","4873968.96594, 3511968.32857",126514.536049963
"936","23","12","654","1","1","0","4933968.96594, 3391968.32857","4873968.96594, 3511968.32857",128557.365987217
"937","23","13","655","1","0","0","4933968.96594, 3376968.32857","4873968.96594, 3511968.32857",245683.069354857
"938","23","14","656","0","0","0","4933968.96594, 3361968.32857","4873968.96594, 3511968.32857",254794.623168541
"939","23","15","657","1","1","0","4933968.96594, 3346968.32857","4873968.96594, 3511968.32857",254794.623168541
"940","23","16","658","1","0","1","4933968.96594, 3331968.32857","4873968.96594, 3511968.32857",272286.327019138
"941","23","17","659","1","1","1","4933968.96594, 3316968.32857","4873968.96594, 3511968.32857",281825.402477333
"942","23","18","660","1","1","0","4933968.96594, 3301968.32857","4873968.96594, 3511968.32857",281825.402477333
"943","23","19","661","0","1","0","4933968.96594, 3286968.32857","4873968.96594, 3511968.32857",281825.402477333
"944","23","20","662","1","1","0","4933968.96594, 3271968.32857","4873968.96594, 3511968.32857",293435.5220461
"945","23","21","663","1","1","0","4933968.96594, 3256968.32857","4873968.96594, 3511968.32857",293435.5220461
"946","23","22","664","1","1","0","4933968.96594, 3241968.32857","4873968.96594, 3511968.32857",293435.5220461
"947","23","23","665","0","1","0","4933968.96594, 3226968.32857","4873968.96594, 3511968.32857",333676.033228896
"948","23","24","666","0","1","0","4933968.96594, 3211968.32857","4873968.96594, 3511968.32857",333676.033228896
"949","23","25","667","1","1","0","4933968.96594, 3196968.32857","4873968.96594, 3511968.32857",333676.033228896
"950","23","26","668","0","0","0","4933968.96594, 3181968.32857","4873968.96594, 3511968.32857",333676.033228896
"951","23","27","669","1","0","0","4933968.96594, 3166968.32857","4873968.96594, 3511968.32857",895480.094921808
"952","23","28","670","1","0","0","4933968.96594, 3151968.32857","4873968.96594, 3511968.32857",895480.094921808
"953","23","29","671","1","1","0","4933968.96594, 3136968.32857","4873968.96594, 3511968.32857",895480.094921808
"954","23","30","672","1","1","0","4933968.96594, 3121968.32857","4873968.96594, 3511968.32857",897287.982675931
"955","23","31","673","1","1","0","4933968.96594, 3106968.32857","4873968.96594, 3511968.32857",897287.982675931
"956","23","32","674","1","1","0","4933968.96594, 3091968.32857","4873968.96594, 3511968.32857",897287.982675931
"957","23","33","675","1","1","0","4933968.96594, 3076968.32857","4873968.96594, 3511968.32857",897287.982675931
"958","23","34","676","1","1","0","4933968.96594, 3061968.32857","4873968.96594, 3511968.32857",932458.547325997
"959","23","35","677","1","1","0","4933968.96594, 3046968.32857","4873968.96594, 3511968.32857",932458.547325997
"960","23","36","678","1","1","0","4933968.96594, 3031968.32857","4873968.96594, 3511968.32857",934795.126706187
"961","23","37","679","1","1","0","4935501.33513, 3018376.09656","4873968.96594, 3511968.32857",936791.769047101
"962","23","38","680","0","1","0","4939793.8143, 3006955.95351","4873968.96594, 3511968.32857",941417.076172041
"969","24","3","681","0","0","0","4949344.812, 3521552.99242","4873968.96594, 3511968.32857",31299.2329251147
"970","24","4","682","1","0","0","4948968.96594, 3511968.32857","4873968.96594, 3511968.32857",31299.2329251147
"971","24","5","683","1","1","0","4948968.96594, 3496968.32857","4873968.96594, 3511968.32857",33105.1917250648
"972","24","6","684","1","1","0","4948968.96594, 3481968.32857","4873968.96594, 3511968.32857",35380.3489765944
"973","24","7","685","1","1","0","4948968.96594, 3466968.32857","4873968.96594, 3511968.32857",77535.1860432377
"974","24","8","686","0","0","0","4948968.96594, 3451968.32857","4873968.96594, 3511968.32857",77535.1860432377
"975","24","9","687","1","1","0","4948968.96594, 3436968.32857","4873968.96594, 3511968.32857",95087.4648620947
"976","24","10","688","1","1","0","4948968.96594, 3421968.32857","4873968.96594, 3511968.32857",95087.4648620947
"977","24","11","689","1","0","0","4948968.96594, 3406968.32857","4873968.96594, 3511968.32857",124817.823542006
"978","24","12","690","1","1","0","4948968.96594, 3391968.32857","4873968.96594, 3511968.32857",126514.536049963
"979","24","13","691","0","1","0","4948968.96594, 3376968.32857","4873968.96594, 3511968.32857",254794.623168541
"980","24","14","692","0","1","0","4948968.96594, 3361968.32857","4873968.96594, 3511968.32857",254794.623168541
"981","24","15","693","1","1","0","4948968.96594, 3346968.32857","4873968.96594, 3511968.32857",288784.548051441
"982","24","16","694","0","0","0","4948968.96594, 3331968.32857","4873968.96594, 3511968.32857",291211.597408321
"983","24","17","695","1","0","1","4948968.96594, 3316968.32857","4873968.96594, 3511968.32857",295071.534739362
"984","24","18","696","1","0","0","4948968.96594, 3301968.32857","4873968.96594, 3511968.32857",295071.534739362
"985","24","19","697","1","1","0","4948968.96594, 3286968.32857","4873968.96594, 3511968.32857",310257.414251239
"986","24","20","698","1","1","0","4948968.96594, 3271968.32857","4873968.96594, 3511968.32857",314279.218560713
"987","24","21","699","1","1","0","4948968.96594, 3256968.32857","4873968.96594, 3511968.32857",333676.033228896
"988","24","22","700","1","1","0","4948968.96594, 3241968.32857","4873968.96594, 3511968.32857",333676.033228896
"989","24","23","701","1","0","0","4948968.96594, 3226968.32857","4873968.96594, 3511968.32857",333676.033228896
"990","24","24","702","0","1","0","4948968.96594, 3211968.32857","4873968.96594, 3511968.32857",333676.033228896
"991","24","25","703","1","1","0","4948968.96594, 3196968.32857","4873968.96594, 3511968.32857",355708.88736273
"992","24","26","704","1","1","0","4948968.96594, 3181968.32857","4873968.96594, 3511968.32857",355708.88736273
"993","24","27","705","1","1","0","4948968.96594, 3166968.32857","4873968.96594, 3511968.32857",892127.209767483
"994","24","28","706","1","1","0","4948968.96594, 3151968.32857","4873968.96594, 3511968.32857",892127.209767483
"995","24","29","707","0","1","0","4948968.96594, 3136968.32857","4873968.96594, 3511968.32857",895480.094921808
"996","24","30","708","1","1","0","4948968.96594, 3121968.32857","4873968.96594, 3511968.32857",895480.094921808
"997","24","31","709","1","1","0","4948968.96594, 3106968.32857","4873968.96594, 3511968.32857",895480.094921808
"998","24","32","710","0","1","0","4948968.96594, 3091968.32857","4873968.96594, 3511968.32857",897287.982675931
"999","24","33","711","1","1","0","4948968.96594, 3076968.32857","4873968.96594, 3511968.32857",897287.982675931
"1000","24","34","712","1","1","0","4948968.96594, 3061968.32857","4873968.96594, 3511968.32857",897287.982675931
"1001","24","35","713","1","1","0","4948968.96594, 3046968.32857","4873968.96594, 3511968.32857",899118.684046148
"1002","24","36","714","1","1","0","4948968.96594, 3031968.32857","4873968.96594, 3511968.32857",930756.68033099
"1003","24","37","715","1","1","1","4948968.96594, 3016968.32857","4873968.96594, 3511968.32857",934795.126706187
"1004","24","38","716","1","1","1","4949494.3623, 3002419.16326","4873968.96594, 3511968.32857",948814.83366664
"1005","24","39","717","0","1","1","4953127.59818, 2989457.05643","4873968.96594, 3511968.32857",961151.48487698
"1006","24","40","718","0","0","0","4956461.41609, 2979457.00537","4873968.96594, 3511968.32857",968078.060671289
"1011","25","3","719","1","1","0","4963983.0022, 3521724.75683","4873968.96594, 3511968.32857",31299.2329251147
"1012","25","4","720","1","1","0","4963968.96594, 3511968.32857","4873968.96594, 3511968.32857",31299.2329251147
"1013","25","5","721","0","1","0","4963968.96594, 3496968.32857","4873968.96594, 3511968.32857",33105.1917250648
"1014","25","6","722","0","0","0","4963968.96594, 3481968.32857","4873968.96594, 3511968.32857",33105.1917250648
"1015","25","7","723","1","1","0","4963968.96594, 3466968.32857","4873968.96594, 3511968.32857",77535.1860432377
"1016","25","8","724","1","0","0","4963968.96594, 3451968.32857","4873968.96594, 3511968.32857",77535.1860432377
"1017","25","9","725","1","1","0","4963968.96594, 3436968.32857","4873968.96594, 3511968.32857",95087.4648620947
"1018","25","10","726","1","1","0","4963968.96594, 3421968.32857","4873968.96594, 3511968.32857",95087.4648620947
"1019","25","11","727","1","1","0","4963968.96594, 3406968.32857","4873968.96594, 3511968.32857",122186.853211749
"1020","25","12","728","0","0","0","4963968.96594, 3391968.32857","4873968.96594, 3511968.32857",126514.536049963
"1021","25","13","729","0","0","0","4963968.96594, 3376968.32857","4873968.96594, 3511968.32857",254794.623168541
"1022","25","14","730","0","1","0","4963968.96594, 3361968.32857","4873968.96594, 3511968.32857",301497.942370186
"1023","25","15","731","1","1","0","4963968.96594, 3346968.32857","4873968.96594, 3511968.32857",301497.942370186
"1024","25","16","732","0","0","0","4963968.96594, 3331968.32857","4873968.96594, 3511968.32857",303887.629342076
"1025","25","17","733","1","0","1","4963968.96594, 3316968.32857","4873968.96594, 3511968.32857",310257.414251239
"1026","25","18","734","1","1","0","4963968.96594, 3301968.32857","4873968.96594, 3511968.32857",314279.218560713
"1027","25","19","735","1","1","0","4963968.96594, 3286968.32857","4873968.96594, 3511968.32857",333676.033228896
"1028","25","20","736","1","1","0","4963968.96594, 3271968.32857","4873968.96594, 3511968.32857",333676.033228896
"1029","25","21","737","1","0","0","4963968.96594, 3256968.32857","4873968.96594, 3511968.32857",333676.033228896
"1030","25","22","738","1","1","0","4963968.96594, 3241968.32857","4873968.96594, 3511968.32857",333676.033228896
"1031","25","23","739","1","1","0","4963968.96594, 3226968.32857","4873968.96594, 3511968.32857",355708.88736273
"1032","25","24","740","1","1","0","4963968.96594, 3211968.32857","4873968.96594, 3511968.32857",355708.88736273
"1033","25","25","741","1","0","0","4963968.96594, 3196968.32857","4873968.96594, 3511968.32857",355708.88736273
"1034","25","26","742","1","1","0","4963968.96594, 3181968.32857","4873968.96594, 3511968.32857",355708.88736273
"1035","25","27","743","0","1","0","4963968.96594, 3166968.32857","4873968.96594, 3511968.32857",892127.209767483
"1036","25","28","744","1","1","0","4963968.96594, 3151968.32857","4873968.96594, 3511968.32857",892127.209767483
"1037","25","29","745","1","1","0","4963968.96594, 3136968.32857","4873968.96594, 3511968.32857",892127.209767483
"1038","25","30","746","1","1","0","4963968.96594, 3121968.32857","4873968.96594, 3511968.32857",892127.209767483
"1039","25","31","747","1","1","0","4963968.96594, 3106968.32857","4873968.96594, 3511968.32857",892127.209767483
"1040","25","32","748","1","0","0","4963968.96594, 3091968.32857","4873968.96594, 3511968.32857",892127.209767483
"1041","25","33","749","1","1","0","4963968.96594, 3076968.32857","4873968.96594, 3511968.32857",895480.094921808
"1042","25","34","750","1","1","0","4963968.96594, 3061968.32857","4873968.96594, 3511968.32857",897287.982675931
"1043","25","35","751","1","1","0","4963968.96594, 3046968.32857","4873968.96594, 3511968.32857",897287.982675931
"1044","25","36","752","1","1","0","4963968.96594, 3031968.32857","4873968.96594, 3511968.32857",903849.709780427
"1045","25","37","753","1","1","1","4963968.96594, 3016968.32857","4873968.96594, 3511968.32857",920678.63695987
"1046","25","38","754","1","1","0","4963968.96594, 3001968.32857","4873968.96594, 3511968.32857",953185.874091147
"1047","25","39","755","0","1","1","4963968.96594, 2986968.32857","4873968.96594, 3511968.32857",971133.30083172
"1048","25","40","756","1","1","0","4965358.80165, 2976619.91917","4873968.96594, 3511968.32857",977790.059756729
"1053","26","3","757","0","0","0","4978982.84634, 3521750.09374","4873968.96594, 3511968.32857",31299.2329251147
"1054","26","4","758","0","1","0","4978968.96594, 3511968.32857","4873968.96594, 3511968.32857",31299.2329251147
"1055","26","5","759","0","1","0","4978968.96594, 3496968.32857","4873968.96594, 3511968.32857",33105.1917250648
"1056","26","6","760","0","1","0","4978968.96594, 3481968.32857","4873968.96594, 3511968.32857",33105.1917250648
"1057","26","7","761","0","1","0","4978968.96594, 3466968.32857","4873968.96594, 3511968.32857",77535.1860432377
"1058","26","8","762","1","1","0","4978968.96594, 3451968.32857","4873968.96594, 3511968.32857",77535.1860432377
"1059","26","9","763","1","1","0","4978968.96594, 3436968.32857","4873968.96594, 3511968.32857",95087.4648620947
"1060","26","10","764","0","0","0","4978968.96594, 3421968.32857","4873968.96594, 3511968.32857",95087.4648620947
"1061","26","11","765","0","1","0","4978968.96594, 3406968.32857","4873968.96594, 3511968.32857",122186.853211749
"1062","26","12","766","0","1","0","4978968.96594, 3391968.32857","4873968.96594, 3511968.32857",303887.629342076
"1063","26","13","767","0","0","0","4978968.96594, 3376968.32857","4873968.96594, 3511968.32857",303887.629342076
"1064","26","14","768","0","0","0","4978968.96594, 3361968.32857","4873968.96594, 3511968.32857",306003.832918033
"1065","26","15","769","1","1","0","4978968.96594, 3346968.32857","4873968.96594, 3511968.32857",320157.608530969
"1066","26","16","770","1","1","0","4978968.96594, 3331968.32857","4873968.96594, 3511968.32857",322147.918581502
"1067","26","17","771","1","1","1","4978968.96594, 3316968.32857","4873968.96594, 3511968.32857",325813.802687065
"1068","26","18","772","1","1","1","4978968.96594, 3301968.32857","4873968.96594, 3511968.32857",333676.033228896
"1069","26","19","773","0","0","0","4978968.96594, 3286968.32857","4873968.96594, 3511968.32857",333676.033228896
"1070","26","20","774","1","1","0","4978968.96594, 3271968.32857","4873968.96594, 3511968.32857",355708.88736273
"1071","26","21","775","1","1","0","4978968.96594, 3256968.32857","4873968.96594, 3511968.32857",355708.88736273
"1072","26","22","776","1","1","0","4978968.96594, 3241968.32857","4873968.96594, 3511968.32857",355708.88736273
"1073","26","23","777","1","1","0","4978968.96594, 3226968.32857","4873968.96594, 3511968.32857",355708.88736273
"1074","26","24","778","1","0","0","4978968.96594, 3211968.32857","4873968.96594, 3511968.32857",355708.88736273
"1075","26","25","779","1","0","0","4978968.96594, 3196968.32857","4873968.96594, 3511968.32857",355708.88736273
"1076","26","26","780","1","1","0","4978968.96594, 3181968.32857","4873968.96594, 3511968.32857",355708.88736273
"1077","26","27","781","1","1","0","4978968.96594, 3166968.32857","4873968.96594, 3511968.32857",892127.209767483
"1078","26","28","782","1","1","0","4978968.96594, 3151968.32857","4873968.96594, 3511968.32857",892127.209767483
"1079","26","29","783","1","1","0","4978968.96594, 3136968.32857","4873968.96594, 3511968.32857",892127.209767483
"1080","26","30","784","1","1","0","4978968.96594, 3121968.32857","4873968.96594, 3511968.32857",892127.209767483
"1081","26","31","785","1","1","0","4978968.96594, 3106968.32857","4873968.96594, 3511968.32857",892127.209767483
"1082","26","32","786","1","1","0","4978968.96594, 3091968.32857","4873968.96594, 3511968.32857",892127.209767483
"1083","26","33","787","1","1","0","4978968.96594, 3076968.32857","4873968.96594, 3511968.32857",892127.209767483
"1084","26","34","788","1","1","0","4978968.96594, 3061968.32857","4873968.96594, 3511968.32857",892127.209767483
"1085","26","35","789","1","1","0","4978968.96594, 3046968.32857","4873968.96594, 3511968.32857",892127.209767483
"1086","26","36","790","1","1","1","4978968.96594, 3031968.32857","4873968.96594, 3511968.32857",895480.094921808
"1087","26","37","791","1","1","1","4978968.96594, 3016968.32857","4873968.96594, 3511968.32857",909350.733203685
"1088","26","38","792","1","1","0","4978968.96594, 3001968.32857","4873968.96594, 3511968.32857",981372.005859802
"1089","26","39","793","1","1","0","4978968.96594, 2986968.32857","4873968.96594, 3511968.32857",981372.005859802
"1090","26","40","794","1","1","0","4979507.67204, 2974650.57128","4873968.96594, 3511968.32857",979490.272611173
"1095","27","3","795","0","0","0","4993982.6939, 3521775.43066","4873968.96594, 3511968.32857",31299.2329251147
"1096","27","4","796","0","0","0","4993968.96594, 3511968.32857","4873968.96594, 3511968.32857",30805.0580968294
"1097","27","5","797","0","0","0","4993968.96594, 3496968.32857","4873968.96594, 3511968.32857",33105.1917250648
"1098","27","6","798","1","1","0","4993968.96594, 3481968.32857","4873968.96594, 3511968.32857",33105.1917250648
"1099","27","7","799","0","1","0","4993968.96594, 3466968.32857","4873968.96594, 3511968.32857",77535.1860432377
"1100","27","8","800","1","1","0","4993968.96594, 3451968.32857","4873968.96594, 3511968.32857",77535.1860432377
"1101","27","9","801","1","1","0","4993968.96594, 3436968.32857","4873968.96594, 3511968.32857",95087.4648620947
"1102","27","10","802","1","0","0","4993968.96594, 3421968.32857","4873968.96594, 3511968.32857",95087.4648620947
"1103","27","11","803","0","1","0","4993968.96594, 3406968.32857","4873968.96594, 3511968.32857",122186.853211749
"1104","27","12","804","0","1","0","4993968.96594, 3391968.32857","4873968.96594, 3511968.32857",320157.608530969
"1105","27","13","805","0","0","0","4993968.96594, 3376968.32857","4873968.96594, 3511968.32857",323711.200307553
"1106","27","14","806","0","0","0","4993968.96594, 3361968.32857","4873968.96594, 3511968.32857",323711.200307553
"1107","27","15","807","1","1","0","4993968.96594, 3346968.32857","4873968.96594, 3511968.32857",325813.802687065
"1108","27","16","808","1","0","0","4993968.96594, 3331968.32857","4873968.96594, 3511968.32857",329871.841098407
"1109","27","17","809","1","0","0","4993968.96594, 3316968.32857","4873968.96594, 3511968.32857",343973.012234712
"1110","27","18","810","1","0","1","4993968.96594, 3301968.32857","4873968.96594, 3511968.32857",346542.044409771
"1111","27","19","811","0","0","0","4993968.96594, 3286968.32857","4873968.96594, 3511968.32857",355708.88736273
"1112","27","20","812","1","1","0","4993968.96594, 3271968.32857","4873968.96594, 3511968.32857",355708.88736273
"1113","27","21","813","1","1","0","4993968.96594, 3256968.32857","4873968.96594, 3511968.32857",355708.88736273
"1114","27","22","814","1","1","0","4993968.96594, 3241968.32857","4873968.96594, 3511968.32857",355708.88736273
"1115","27","23","815","1","1","0","4993968.96594, 3226968.32857","4873968.96594, 3511968.32857",355708.88736273
"1116","27","24","816","0","1","0","4993968.96594, 3211968.32857","4873968.96594, 3511968.32857",355708.88736273
"1117","27","25","817","1","1","0","4993968.96594, 3196968.32857","4873968.96594, 3511968.32857",355708.88736273
"1118","27","26","818","1","1","0","4993968.96594, 3181968.32857","4873968.96594, 3511968.32857",355708.88736273
"1119","27","27","819","1","1","0","4993968.96594, 3166968.32857","4873968.96594, 3511968.32857",758374.909973183
"1120","27","28","820","1","0","0","4993968.96594, 3151968.32857","4873968.96594, 3511968.32857",833695.800679847
"1121","27","29","821","0","0","0","4993968.96594, 3136968.32857","4873968.96594, 3511968.32857",886330.135063739
"1122","27","30","822","0","1","0","4993968.96594, 3121968.32857","4873968.96594, 3511968.32857",886330.135063739
"1123","27","31","823","1","0","0","4993968.96594, 3106968.32857","4873968.96594, 3511968.32857",886330.135063739
"1124","27","32","824","1","1","0","4993968.96594, 3091968.32857","4873968.96594, 3511968.32857",886330.135063739
"1125","27","33","825","1","1","0","4993968.96594, 3076968.32857","4873968.96594, 3511968.32857",886330.135063739
"1126","27","34","826","1","1","0","4993968.96594, 3061968.32857","4873968.96594, 3511968.32857",883039.782954572
"1127","27","35","827","1","1","0","4993968.96594, 3046968.32857","4873968.96594, 3511968.32857",877105.087365799
"1128","27","36","828","1","1","1","4993968.96594, 3031968.32857","4873968.96594, 3511968.32857",877105.087365799
"1129","27","37","829","1","1","0","4993968.96594, 3016968.32857","4873968.96594, 3511968.32857",877105.087365799
"1130","27","38","830","0","1","0","4993968.96594, 3001968.32857","4873968.96594, 3511968.32857",981372.005859802
"1131","27","39","831","1","1","0","4993968.96594, 2986968.32857","4873968.96594, 3511968.32857",981372.005859802
"1132","27","40","832","0","0","0","4994323.14528, 2972657.3548","4873968.96594, 3511968.32857",981372.005859802
"1133","27","41","833","0","0","0","5000707.74591, 2964260.80597","4873968.96594, 3511968.32857",981372.005859802
"1137","28","3","834","1","0","0","5008982.54477, 3521800.76758","4873968.96594, 3511968.32857",31299.2329251147
"1138","28","4","835","0","0","0","5008968.96594, 3511968.32857","4873968.96594, 3511968.32857",30805.0580968294
"1139","28","5","836","1","0","0","5008968.96594, 3496968.32857","4873968.96594, 3511968.32857",33105.1917250648
"1140","28","6","837","1","0","0","5008968.96594, 3481968.32857","4873968.96594, 3511968.32857",33105.1917250648
"1141","28","7","838","1","1","0","5008968.96594, 3466968.32857","4873968.96594, 3511968.32857",77535.1860432377
"1142","28","8","839","1","1","0","5008968.96594, 3451968.32857","4873968.96594, 3511968.32857",77535.1860432377
"1143","28","9","840","1","1","0","5008968.96594, 3436968.32857","4873968.96594, 3511968.32857",95087.4648620947
"1144","28","10","841","1","1","0","5008968.96594, 3421968.32857","4873968.96594, 3511968.32857",95087.4648620947
"1145","28","11","842","1","1","0","5008968.96594, 3406968.32857","4873968.96594, 3511968.32857",323711.200307553
"1146","28","12","843","1","1","0","5008968.96594, 3391968.32857","4873968.96594, 3511968.32857",323711.200307553
"1147","28","13","844","1","1","0","5008968.96594, 3376968.32857","4873968.96594, 3511968.32857",328122.27567529
"1148","28","14","845","1","0","0","5008968.96594, 3361968.32857","4873968.96594, 3511968.32857",328122.27567529
"1149","28","15","846","1","1","0","5008968.96594, 3346968.32857","4873968.96594, 3511968.32857",346542.044409771
"1150","28","16","847","1","1","0","5008968.96594, 3331968.32857","4873968.96594, 3511968.32857",370697.597985311
"1151","28","17","848","1","0","0","5008968.96594, 3316968.32857","4873968.96594, 3511968.32857",368683.427790623
"1152","28","18","849","1","0","1","5008968.96594, 3301968.32857","4873968.96594, 3511968.32857",362822.616462758
"1153","28","19","850","1","0","0","5008968.96594, 3286968.32857","4873968.96594, 3511968.32857",361036.950448504
"1154","28","20","851","1","1","0","5008968.96594, 3271968.32857","4873968.96594, 3511968.32857",361036.950448504
"1155","28","21","852","1","1","0","5008968.96594, 3256968.32857","4873968.96594, 3511968.32857",355708.88736273
"1156","28","22","853","1","1","0","5008968.96594, 3241968.32857","4873968.96594, 3511968.32857",355708.88736273
"1157","28","23","854","1","1","0","5008968.96594, 3226968.32857","4873968.96594, 3511968.32857",355708.88736273
"1158","28","24","855","1","1","0","5008968.96594, 3211968.32857","4873968.96594, 3511968.32857",355708.88736273
"1159","28","25","856","1","0","0","5008968.96594, 3196968.32857","4873968.96594, 3511968.32857",355708.88736273
"1160","28","26","857","1","0","0","5008968.96594, 3181968.32857","4873968.96594, 3511968.32857",483699.195292198
"1161","28","27","858","0","0","0","5008968.96594, 3166968.32857","4873968.96594, 3511968.32857",758374.909973183
"1162","28","28","859","1","0","0","5008968.96594, 3151968.32857","4873968.96594, 3511968.32857",758374.909973183
"1163","28","29","860","0","0","0","5008968.96594, 3136968.32857","4873968.96594, 3511968.32857",793596.392579167
"1164","28","30","861","0","1","0","5008968.96594, 3121968.32857","4873968.96594, 3511968.32857",833695.800679847
"1165","28","31","862","1","1","0","5008968.96594, 3106968.32857","4873968.96594, 3511968.32857",833695.800679847
"1166","28","32","863","1","1","0","5008968.96594, 3091968.32857","4873968.96594, 3511968.32857",833695.800679847
"1167","28","33","864","0","1","0","5008968.96594, 3076968.32857","4873968.96594, 3511968.32857",839733.974257177
"1168","28","34","865","1","1","0","5008968.96594, 3061968.32857","4873968.96594, 3511968.32857",839733.974257177
"1169","28","35","866","1","1","0","5008968.96594, 3046968.32857","4873968.96594, 3511968.32857",867431.00134
"1170","28","36","867","1","1","1","5008968.96594, 3031968.32857","4873968.96594, 3511968.32857",861505.716151319
"1171","28","37","868","1","1","0","5008968.96594, 3016968.32857","4873968.96594, 3511968.32857",861505.716151319
"1172","28","38","869","1","1","0","5008968.96594, 3001968.32857","4873968.96594, 3511968.32857",861505.716151319
"1173","28","39","870","1","0","0","5008968.96594, 2986968.32857","4873968.96594, 3511968.32857",981372.005859802
"1174","28","40","871","1","0","0","5008968.96594, 2971968.32857","4873968.96594, 3511968.32857",981372.005859802
"1175","28","41","872","1","1","0","5010885.42664, 2962873.49435","4873968.96594, 3511968.32857",981372.005859802
"1179","29","3","873","1","0","0","5023982.39885, 3521826.10451","4873968.96594, 3511968.32857",31299.2329251147
"1180","29","4","874","1","0","0","5023968.96594, 3511968.32857","4873968.96594, 3511968.32857",30805.0580968294
"1181","29","5","875","1","0","0","5023968.96594, 3496968.32857","4873968.96594, 3511968.32857",33105.1917250648
"1182","29","6","876","0","1","0","5023968.96594, 3481968.32857","4873968.96594, 3511968.32857",33105.1917250648
"1183","29","7","877","1","1","0","5023968.96594, 3466968.32857","4873968.96594, 3511968.32857",77535.1860432377
"1184","29","8","878","1","1","0","5023968.96594, 3451968.32857","4873968.96594, 3511968.32857",77535.1860432377
"1185","29","9","879","1","1","0","5023968.96594, 3436968.32857","4873968.96594, 3511968.32857",95087.4648620947
"1186","29","10","880","0","0","0","5023968.96594, 3421968.32857","4873968.96594, 3511968.32857",401997.211998301
"1187","29","11","881","0","0","0","5023968.96594, 3406968.32857","4873968.96594, 3511968.32857",401997.211998301
"1188","29","12","882","0","0","0","5023968.96594, 3391968.32857","4873968.96594, 3511968.32857",392721.623029072
"1189","29","13","883","0","1","0","5023968.96594, 3376968.32857","4873968.96594, 3511968.32857",392721.623029072
"1190","29","14","884","1","1","0","5023968.96594, 3361968.32857","4873968.96594, 3511968.32857",392721.623029072
"1191","29","15","885","1","0","0","5023968.96594, 3346968.32857","4873968.96594, 3511968.32857",392721.623029072
"1192","29","16","886","1","1","0","5023968.96594, 3331968.32857","4873968.96594, 3511968.32857",390423.162399903
"1193","29","17","887","1","0","0","5023968.96594, 3316968.32857","4873968.96594, 3511968.32857",388055.794974332
"1194","29","18","888","1","0","1","5023968.96594, 3301968.32857","4873968.96594, 3511968.32857",378431.135233407
"1195","29","19","889","1","1","0","5023968.96594, 3286968.32857","4873968.96594, 3511968.32857",380632.195879922
"1196","29","20","890","1","1","0","5023968.96594, 3271968.32857","4873968.96594, 3511968.32857",380632.195879922
"1197","29","21","891","1","1","0","5023968.96594, 3256968.32857","4873968.96594, 3511968.32857",365211.992561644
"1198","29","22","892","1","1","0","5023968.96594, 3241968.32857","4873968.96594, 3511968.32857",365211.992561644
"1199","29","23","893","1","1","0","5023968.96594, 3226968.32857","4873968.96594, 3511968.32857",483699.195292198
"1200","29","24","894","1","1","0","5023968.96594, 3211968.32857","4873968.96594, 3511968.32857",483699.195292198
"1201","29","25","895","1","1","0","5023968.96594, 3196968.32857","4873968.96594, 3511968.32857",483699.195292198
"1202","29","26","896","1","1","0","5023968.96594, 3181968.32857","4873968.96594, 3511968.32857",488278.755336968
"1203","29","27","897","1","1","0","5023968.96594, 3166968.32857","4873968.96594, 3511968.32857",758374.909973183
"1204","29","28","898","1","1","0","5023968.96594, 3151968.32857","4873968.96594, 3511968.32857",758374.909973183
"1205","29","29","899","0","1","0","5023968.96594, 3136968.32857","4873968.96594, 3511968.32857",758374.909973183
"1206","29","30","900","0","1","0","5023968.96594, 3121968.32857","4873968.96594, 3511968.32857",793596.392579167
"1207","29","31","901","1","1","0","5023968.96594, 3106968.32857","4873968.96594, 3511968.32857",793596.392579167
"1208","29","32","902","0","1","0","5023968.96594, 3091968.32857","4873968.96594, 3511968.32857",833695.800679847
"1209","29","33","903","0","1","0","5023968.96594, 3076968.32857","4873968.96594, 3511968.32857",833695.800679847
"1210","29","34","904","1","0","0","5023968.96594, 3061968.32857","4873968.96594, 3511968.32857",833695.800679847
"1211","29","35","905","1","1","1","5023968.96594, 3046968.32857","4873968.96594, 3511968.32857",839733.974257177
"1212","29","36","906","1","1","1","5023968.96594, 3031968.32857","4873968.96594, 3511968.32857",847154.836817568
"1213","29","37","907","1","1","0","5023968.96594, 3016968.32857","4873968.96594, 3511968.32857",851218.193085423
"1214","29","38","908","1","1","0","5023968.96594, 3001968.32857","4873968.96594, 3511968.32857",853130.24377545
"1215","29","39","909","1","1","0","5023968.96594, 2986968.32857","4873968.96594, 3511968.32857",853130.24377545
"1216","29","40","910","1","0","0","5023968.96594, 2971968.32857","4873968.96594, 3511968.32857",981372.005859802
"1217","29","41","911","1","1","0","5024725.5128, 2960986.96314","4873968.96594, 3511968.32857",981372.005859802
"1221","30","3","912","0","0","0","5038982.25603, 3521851.44144","4873968.96594, 3511968.32857",31299.2329251147
"1222","30","4","913","0","1","0","5038968.96594, 3511968.32857","4873968.96594, 3511968.32857",33105.1917250648
"1223","30","5","914","1","1","0","5038968.96594, 3496968.32857","4873968.96594, 3511968.32857",33105.1917250648
"1224","30","6","915","1","1","0","5038968.96594, 3481968.32857","4873968.96594, 3511968.32857",33105.1917250648
"1225","30","7","916","1","1","0","5038968.96594, 3466968.32857","4873968.96594, 3511968.32857",77535.1860432377
"1226","30","8","917","1","0","0","5038968.96594, 3451968.32857","4873968.96594, 3511968.32857",77535.1860432377
"1227","30","9","918","1","1","0","5038968.96594, 3436968.32857","4873968.96594, 3511968.32857",401997.211998301
"1228","30","10","919","1","1","0","5038968.96594, 3421968.32857","4873968.96594, 3511968.32857",401997.211998301
"1229","30","11","920","1","0","0","5038968.96594, 3406968.32857","4873968.96594, 3511968.32857",401997.211998301
"1230","30","12","921","1","0","0","5038968.96594, 3391968.32857","4873968.96594, 3511968.32857",401997.211998301
"1231","30","13","922","1","0","0","5038968.96594, 3376968.32857","4873968.96594, 3511968.32857",401997.211998301
"1232","30","14","923","1","1","0","5038968.96594, 3361968.32857","4873968.96594, 3511968.32857",401997.211998301
"1233","30","15","924","1","1","0","5038968.96594, 3346968.32857","4873968.96594, 3511968.32857",401997.211998301
"1234","30","16","925","0","1","0","5038968.96594, 3331968.32857","4873968.96594, 3511968.32857",401997.211998301
"1235","30","17","926","1","1","1","5038968.96594, 3316968.32857","4873968.96594, 3511968.32857",396155.747062833
"1236","30","18","927","1","0","1","5038968.96594, 3301968.32857","4873968.96594, 3511968.32857",397953.216699847
"1237","30","19","928","1","1","0","5038968.96594, 3286968.32857","4873968.96594, 3511968.32857",382609.761593206
"1238","30","20","929","1","1","0","5038968.96594, 3271968.32857","4873968.96594, 3511968.32857",382609.761593206
"1239","30","21","930","1","1","0","5038968.96594, 3256968.32857","4873968.96594, 3511968.32857",380632.195879922
"1240","30","22","931","1","1","0","5038968.96594, 3241968.32857","4873968.96594, 3511968.32857",481417.094940189
"1241","30","23","932","0","1","0","5038968.96594, 3226968.32857","4873968.96594, 3511968.32857",483699.195292198
"1242","30","24","933","1","1","0","5038968.96594, 3211968.32857","4873968.96594, 3511968.32857",483699.195292198
"1243","30","25","934","1","1","0","5038968.96594, 3196968.32857","4873968.96594, 3511968.32857",488278.755336968
"1244","30","26","935","0","1","0","5038968.96594, 3181968.32857","4873968.96594, 3511968.32857",516388.381950006
"1245","30","27","936","1","1","0","5038968.96594, 3166968.32857","4873968.96594, 3511968.32857",516388.381950006
"1246","30","28","937","1","0","0","5038968.96594, 3151968.32857","4873968.96594, 3511968.32857",758374.909973183
"1247","30","29","938","0","1","0","5038968.96594, 3136968.32857","4873968.96594, 3511968.32857",758374.909973183
"1248","30","30","939","0","0","0","5038968.96594, 3121968.32857","4873968.96594, 3511968.32857",758374.909973183
"1249","30","31","940","1","1","0","5038968.96594, 3106968.32857","4873968.96594, 3511968.32857",793596.392579167
"1250","30","32","941","1","0","0","5038968.96594, 3091968.32857","4873968.96594, 3511968.32857",793596.392579167
"1251","30","33","942","1","1","0","5038968.96594, 3076968.32857","4873968.96594, 3511968.32857",793596.392579167
"1252","30","34","943","1","1","0","5038968.96594, 3061968.32857","4873968.96594, 3511968.32857",821917.943920144
"1253","30","35","944","1","1","1","5038968.96594, 3046968.32857","4873968.96594, 3511968.32857",823449.874522989
"1254","30","36","945","1","1","0","5038968.96594, 3031968.32857","4873968.96594, 3511968.32857",825259.815542048
"1255","30","37","946","1","0","0","5038968.96594, 3016968.32857","4873968.96594, 3511968.32857",847154.836817568
"1256","30","38","947","1","1","0","5038968.96594, 3001968.32857","4873968.96594, 3511968.32857",849331.66868312
"1257","30","39","948","1","1","0","5038968.96594, 2986968.32857","4873968.96594, 3511968.32857",849331.66868312
"1258","30","40","949","1","1","0","5038968.96594, 2971968.32857","4873968.96594, 3511968.32857",851218.193085423
"1259","30","41","950","1","1","0","5039440.26496, 2958981.20691","4873968.96594, 3511968.32857",981372.005859802
"1263","31","3","951","0","1","0","5054670.60834, 3522492.51098","4873968.96594, 3511968.32857",31299.2329251147
"1264","31","4","952","0","1","0","5053968.96594, 3511968.32857","4873968.96594, 3511968.32857",33105.1917250648
"1265","31","5","953","0","1","0","5053968.96594, 3496968.32857","4873968.96594, 3511968.32857",33105.1917250648
"1266","31","6","954","1","1","0","5053968.96594, 3481968.32857","4873968.96594, 3511968.32857",33105.1917250648
"1267","31","7","955","1","1","0","5053968.96594, 3466968.32857","4873968.96594, 3511968.32857",77535.1860432377
"1268","31","8","956","1","0","0","5053968.96594, 3451968.32857","4873968.96594, 3511968.32857",401997.211998301
"1269","31","9","957","1","1","0","5053968.96594, 3436968.32857","4873968.96594, 3511968.32857",401997.211998301
"1270","31","10","958","1","1","0","5053968.96594, 3421968.32857","4873968.96594, 3511968.32857",401997.211998301
"1271","31","11","959","0","0","0","5053968.96594, 3406968.32857","4873968.96594, 3511968.32857",401997.211998301
"1272","31","12","960","0","0","0","5053968.96594, 3391968.32857","4873968.96594, 3511968.32857",401997.211998301
"1273","31","13","961","1","0","0","5053968.96594, 3376968.32857","4873968.96594, 3511968.32857",403573.411088001
"1274","31","14","962","1","0","0","5053968.96594, 3361968.32857","4873968.96594, 3511968.32857",403573.411088001
"1275","31","15","963","0","0","0","5053968.96594, 3346968.32857","4873968.96594, 3511968.32857",403573.411088001
"1276","31","16","964","0","1","0","5053968.96594, 3331968.32857","4873968.96594, 3511968.32857",403573.411088001
"1277","31","17","965","1","1","1","5053968.96594, 3316968.32857","4873968.96594, 3511968.32857",409422.58272413
"1278","31","18","966","1","1","1","5053968.96594, 3301968.32857","4873968.96594, 3511968.32857",413882.061146965
"1279","31","19","967","1","1","0","5053968.96594, 3286968.32857","4873968.96594, 3511968.32857",428700.719151391
"1280","31","20","968","1","1","0","5053968.96594, 3271968.32857","4873968.96594, 3511968.32857",440410.60780123
"1281","31","21","969","1","1","0","5053968.96594, 3256968.32857","4873968.96594, 3511968.32857",468447.694181155
"1282","31","22","970","0","0","0","5053968.96594, 3241968.32857","4873968.96594, 3511968.32857",483699.195292198
"1283","31","23","971","0","0","0","5053968.96594, 3226968.32857","4873968.96594, 3511968.32857",483699.195292198
"1284","31","24","972","1","0","0","5053968.96594, 3211968.32857","4873968.96594, 3511968.32857",488278.755336968
"1285","31","25","973","1","1","0","5053968.96594, 3196968.32857","4873968.96594, 3511968.32857",511178.751538478
"1286","31","26","974","0","0","0","5053968.96594, 3181968.32857","4873968.96594, 3511968.32857",516388.381950006
"1287","31","27","975","1","1","0","5053968.96594, 3166968.32857","4873968.96594, 3511968.32857",603642.031253944
"1288","31","28","976","1","0","0","5053968.96594, 3151968.32857","4873968.96594, 3511968.32857",756571.660086001
"1289","31","29","977","1","1","0","5053968.96594, 3136968.32857","4873968.96594, 3511968.32857",758374.909973183
"1290","31","30","978","1","1","0","5053968.96594, 3121968.32857","4873968.96594, 3511968.32857",758374.909973183
"1291","31","31","979","1","1","0","5053968.96594, 3106968.32857","4873968.96594, 3511968.32857",758374.909973183
"1292","31","32","980","0","0","0","5053968.96594, 3091968.32857","4873968.96594, 3511968.32857",762565.01726171
"1293","31","33","981","0","0","0","5053968.96594, 3076968.32857","4873968.96594, 3511968.32857",793596.392579167
"1294","31","34","982","1","0","0","5053968.96594, 3061968.32857","4873968.96594, 3511968.32857",793596.392579167
"1295","31","35","983","1","1","1","5053968.96594, 3046968.32857","4873968.96594, 3511968.32857",808916.459788661
"1296","31","36","984","1","1","0","5053968.96594, 3031968.32857","4873968.96594, 3511968.32857",812896.215898674
"1297","31","37","985","0","1","0","5053968.96594, 3016968.32857","4873968.96594, 3511968.32857",816268.039475282
"1298","31","38","986","1","1","0","5053968.96594, 3001968.32857","4873968.96594, 3511968.32857",816268.039475282
"1299","31","39","987","0","0","0","5053968.96594, 2986968.32857","4873968.96594, 3511968.32857",819925.654034242
"1300","31","40","988","1","0","0","5053968.96594, 2971968.32857","4873968.96594, 3511968.32857",849331.66868312
"1301","31","41","989","1","0","0","5054150.74842, 2957227.89056","4873968.96594, 3511968.32857",849331.66868312
"1302","31","42","990","0","0","0","5057805.61042, 2949086.89281","4873968.96594, 3511968.32857",849331.66868312
"1305","32","3","991","1","0","0","5069478.36646, 3524392.91142","4873968.96594, 3511968.32857",31299.2329251147
"1306","32","4","992","0","0","0","5068968.96594, 3511968.32857","4873968.96594, 3511968.32857",33105.1917250648
"1307","32","5","993","0","1","0","5068968.96594, 3496968.32857","4873968.96594, 3511968.32857",33105.1917250648
"1308","32","6","994","1","0","0","5068968.96594, 3481968.32857","4873968.96594, 3511968.32857",33105.1917250648
"1309","32","7","995","1","1","0","5068968.96594, 3466968.32857","4873968.96594, 3511968.32857",403573.411088001
"1310","32","8","996","1","1","0","5068968.96594, 3451968.32857","4873968.96594, 3511968.32857",403573.411088001
"1311","32","9","997","1","1","0","5068968.96594, 3436968.32857","4873968.96594, 3511968.32857",403573.411088001
"1312","32","10","998","1","0","0","5068968.96594, 3421968.32857","4873968.96594, 3511968.32857",403573.411088001
"1313","32","11","999","1","0","0","5068968.96594, 3406968.32857","4873968.96594, 3511968.32857",403573.411088001
"1314","32","12","1000","0","0","0","5068968.96594, 3391968.32857","4873968.96594, 3511968.32857",403573.411088001
"1315","32","13","1001","0","0","0","5068968.96594, 3376968.32857","4873968.96594, 3511968.32857",403573.411088001
"1316","32","14","1002","1","0","0","5068968.96594, 3361968.32857","4873968.96594, 3511968.32857",419308.634694511
"1317","32","15","1003","1","0","0","5068968.96594, 3346968.32857","4873968.96594, 3511968.32857",419308.634694511
"1318","32","16","1004","1","0","0","5068968.96594, 3331968.32857","4873968.96594, 3511968.32857",419308.634694511
"1319","32","17","1005","1","1","0","5068968.96594, 3316968.32857","4873968.96594, 3511968.32857",419308.634694511
"1320","32","18","1006","1","1","1","5068968.96594, 3301968.32857","4873968.96594, 3511968.32857",430340.397007862
"1321","32","19","1007","1","1","1","5068968.96594, 3286968.32857","4873968.96594, 3511968.32857",440410.60780123
"1322","32","20","1008","1","1","0","5068968.96594, 3271968.32857","4873968.96594, 3511968.32857",462812.315447097
"1323","32","21","1009","1","1","0","5068968.96594, 3256968.32857","4873968.96594, 3511968.32857",481417.094940189
"1324","32","22","1010","1","0","0","5068968.96594, 3241968.32857","4873968.96594, 3511968.32857",483699.195292198
"1325","32","23","1011","1","0","0","5068968.96594, 3226968.32857","4873968.96594, 3511968.32857",488278.755336968
"1326","32","24","1012","1","0","0","5068968.96594, 3211968.32857","4873968.96594, 3511968.32857",511178.751538478
"1327","32","25","1013","1","1","0","5068968.96594, 3196968.32857","4873968.96594, 3511968.32857",516388.381950006
"1328","32","26","1014","0","0","0","5068968.96594, 3181968.32857","4873968.96594, 3511968.32857",516388.381950006
"1329","32","27","1015","1","1","0","5068968.96594, 3166968.32857","4873968.96594, 3511968.32857",603642.031253944
"1330","32","28","1016","1","1","0","5068968.96594, 3151968.32857","4873968.96594, 3511968.32857",710678.032818088
"1331","32","29","1017","1","1","0","5068968.96594, 3136968.32857","4873968.96594, 3511968.32857",747070.778864801
"1332","32","30","1018","1","1","0","5068968.96594, 3121968.32857","4873968.96594, 3511968.32857",756571.660086001
"1333","32","31","1019","1","1","0","5068968.96594, 3106968.32857","4873968.96594, 3511968.32857",758374.909973183
"1334","32","32","1020","0","1","0","5068968.96594, 3091968.32857","4873968.96594, 3511968.32857",758374.909973183
"1335","32","33","1021","0","0","0","5068968.96594, 3076968.32857","4873968.96594, 3511968.32857",769475.999169123
"1336","32","34","1022","1","0","1","5068968.96594, 3061968.32857","4873968.96594, 3511968.32857",783658.265355064
"1337","32","35","1023","1","1","1","5068968.96594, 3046968.32857","4873968.96594, 3511968.32857",786827.351770127
"1338","32","36","1024","1","1","0","5068968.96594, 3031968.32857","4873968.96594, 3511968.32857",800754.69075562
"1339","32","37","1025","1","1","0","5068968.96594, 3016968.32857","4873968.96594, 3511968.32857",812896.215898674
"1340","32","38","1026","1","1","0","5068968.96594, 3001968.32857","4873968.96594, 3511968.32857",812896.215898674
"1341","32","39","1027","0","0","0","5068968.96594, 2986968.32857","4873968.96594, 3511968.32857",812896.215898674
"1342","32","40","1028","0","0","0","5068968.96594, 2971968.32857","4873968.96594, 3511968.32857",816268.039475282
"1343","32","41","1029","1","0","0","5068164.14731, 2958722.70193","4873968.96594, 3511968.32857",816268.039475282
"1346","33","2","1030","0","0","0","5090644.07524, 3534686.04178","4873968.96594, 3511968.32857",31299.2329251147
"1347","33","3","1031","1","0","0","5084305.90575, 3526319.95762","4873968.96594, 3511968.32857",31299.2329251147
"1348","33","4","1032","1","0","0","5083968.96594, 3511968.32857","4873968.96594, 3511968.32857",33105.1917250648
"1349","33","5","1033","1","1","0","5083968.96594, 3496968.32857","4873968.96594, 3511968.32857",33105.1917250648
"1350","33","6","1034","1","1","0","5083968.96594, 3481968.32857","4873968.96594, 3511968.32857",403573.411088001
"1351","33","7","1035","1","1","0","5083968.96594, 3466968.32857","4873968.96594, 3511968.32857",403573.411088001
"1352","33","8","1036","1","1","0","5083968.96594, 3451968.32857","4873968.96594, 3511968.32857",403573.411088001
"1353","33","9","1037","0","0","0","5083968.96594, 3436968.32857","4873968.96594, 3511968.32857",419308.634694511
"1354","33","10","1038","0","0","0","5083968.96594, 3421968.32857","4873968.96594, 3511968.32857",419308.634694511
"1355","33","11","1039","1","0","0","5083968.96594, 3406968.32857","4873968.96594, 3511968.32857",419308.634694511
"1356","33","12","1040","1","0","0","5083968.96594, 3391968.32857","4873968.96594, 3511968.32857",419308.634694511
"1357","33","13","1041","1","0","0","5083968.96594, 3376968.32857","4873968.96594, 3511968.32857",419308.634694511
"1358","33","14","1042","1","0","0","5083968.96594, 3361968.32857","4873968.96594, 3511968.32857",419308.634694511
"1359","33","15","1043","0","0","0","5083968.96594, 3346968.32857","4873968.96594, 3511968.32857",419308.634694511
"1360","33","16","1044","1","0","0","5083968.96594, 3331968.32857","4873968.96594, 3511968.32857",419308.634694511
"1361","33","17","1045","1","1","0","5083968.96594, 3316968.32857","4873968.96594, 3511968.32857",432562.502374555
"1362","33","18","1046","1","1","0","5083968.96594, 3301968.32857","4873968.96594, 3511968.32857",442033.551062607
"1363","33","19","1047","1","1","1","5083968.96594, 3286968.32857","4873968.96594, 3511968.32857",451229.059219232
"1364","33","20","1048","1","1","1","5083968.96594, 3271968.32857","4873968.96594, 3511968.32857",465067.185624021
"1365","33","21","1049","1","1","1","5083968.96594, 3256968.32857","4873968.96594, 3511968.32857",481417.094940189
"1366","33","22","1050","0","1","0","5083968.96594, 3241968.32857","4873968.96594, 3511968.32857",488278.755336968
"1367","33","23","1051","1","1","0","5083968.96594, 3226968.32857","4873968.96594, 3511968.32857",509240.881893855
"1368","33","24","1052","1","0","0","5083968.96594, 3211968.32857","4873968.96594, 3511968.32857",516388.381950006
"1369","33","25","1053","1","1","0","5083968.96594, 3196968.32857","4873968.96594, 3511968.32857",516388.381950006
"1370","33","26","1054","1","1","0","5083968.96594, 3181968.32857","4873968.96594, 3511968.32857",597857.555402631
"1371","33","27","1055","1","1","0","5083968.96594, 3166968.32857","4873968.96594, 3511968.32857",603642.031253944
"1372","33","28","1056","1","1","0","5083968.96594, 3151968.32857","4873968.96594, 3511968.32857",618668.47709537
"1373","33","29","1057","1","0","0","5083968.96594, 3136968.32857","4873968.96594, 3511968.32857",710678.032818088
"1374","33","30","1058","0","0","0","5083968.96594, 3121968.32857","4873968.96594, 3511968.32857",728671.868929537
"1375","33","31","1059","1","1","0","5083968.96594, 3106968.32857","4873968.96594, 3511968.32857",747070.778864801
"1376","33","32","1060","1","1","0","5083968.96594, 3091968.32857","4873968.96594, 3511968.32857",750817.577876211
"1377","33","33","1061","1","0","1","5083968.96594, 3076968.32857","4873968.96594, 3511968.32857",758374.909973183
"1378","33","34","1062","1","0","1","5083968.96594, 3061968.32857","4873968.96594, 3511968.32857",773114.625352983
"1379","33","35","1063","1","1","0","5083968.96594, 3046968.32857","4873968.96594, 3511968.32857",780287.381127524
"1380","33","36","1064","1","0","0","5083968.96594, 3031968.32857","4873968.96594, 3511968.32857",780287.381127524
"1381","33","37","1065","1","0","0","5083968.96594, 3016968.32857","4873968.96594, 3511968.32857",800754.69075562
"1382","33","38","1066","1","1","0","5083968.96594, 3001968.32857","4873968.96594, 3511968.32857",812896.215898674
"1383","33","39","1067","1","1","0","5083968.96594, 2986968.32857","4873968.96594, 3511968.32857",812896.215898674
"1384","33","40","1068","1","1","0","5083968.96594, 2971968.32857","4873968.96594, 3511968.32857",812896.215898674
"1385","33","41","1069","1","1","0","5081709.16048, 2961951.67094","4873968.96594, 3511968.32857",812896.215898674
"1388","34","2","1070","0","0","0","5100848.72698, 3536032.6975","4873968.96594, 3511968.32857",31299.2329251147
"1389","34","3","1071","0","0","0","5098968.96594, 3526968.32857","4873968.96594, 3511968.32857",31299.2329251147
"1390","34","4","1072","1","0","0","5098968.96594, 3511968.32857","4873968.96594, 3511968.32857",33105.1917250648
"1391","34","5","1073","1","1","0","5098968.96594, 3496968.32857","4873968.96594, 3511968.32857",419308.634694511
"1392","34","6","1074","1","1","0","5098968.96594, 3481968.32857","4873968.96594, 3511968.32857",419308.634694511
"1393","34","7","1075","1","1","0","5098968.96594, 3466968.32857","4873968.96594, 3511968.32857",419308.634694511
"1394","34","8","1076","1","1","0","5098968.96594, 3451968.32857","4873968.96594, 3511968.32857",419308.634694511
"1395","34","9","1077","1","0","0","5098968.96594, 3436968.32857","4873968.96594, 3511968.32857",419308.634694511
"1396","34","10","1078","0","0","0","5098968.96594, 3421968.32857","4873968.96594, 3511968.32857",419308.634694511
"1397","34","11","1079","1","0","0","5098968.96594, 3406968.32857","4873968.96594, 3511968.32857",419308.634694511
"1398","34","12","1080","1","1","0","5098968.96594, 3391968.32857","4873968.96594, 3511968.32857",419308.634694511
"1399","34","13","1081","0","1","0","5098968.96594, 3376968.32857","4873968.96594, 3511968.32857",419308.634694511
"1400","34","14","1082","1","1","0","5098968.96594, 3361968.32857","4873968.96594, 3511968.32857",419308.634694511
"1401","34","15","1083","1","1","0","5098968.96594, 3346968.32857","4873968.96594, 3511968.32857",419308.634694511
"1402","34","16","1084","1","1","0","5098968.96594, 3331968.32857","4873968.96594, 3511968.32857",432562.502374555
"1403","34","17","1085","1","1","0","5098968.96594, 3316968.32857","4873968.96594, 3511968.32857",443935.649654125
"1404","34","18","1086","1","1","0","5098968.96594, 3301968.32857","4873968.96594, 3511968.32857",451229.059219232
"1405","34","19","1087","1","1","0","5098968.96594, 3286968.32857","4873968.96594, 3511968.32857",458320.079842499
"1406","34","20","1088","1","1","1","5098968.96594, 3271968.32857","4873968.96594, 3511968.32857",475435.191525687
"1407","34","21","1089","1","0","1","5098968.96594, 3256968.32857","4873968.96594, 3511968.32857",488278.755336968
"1408","34","22","1090","1","0","1","5098968.96594, 3241968.32857","4873968.96594, 3511968.32857",507101.684695991
"1409","34","23","1091","1","1","0","5098968.96594, 3226968.32857","4873968.96594, 3511968.32857",516388.381950006
"1410","34","24","1092","1","1","0","5098968.96594, 3211968.32857","4873968.96594, 3511968.32857",516388.381950006
"1411","34","25","1093","1","1","0","5098968.96594, 3196968.32857","4873968.96594, 3511968.32857",516388.381950006
"1412","34","26","1094","1","0","0","5098968.96594, 3181968.32857","4873968.96594, 3511968.32857",601536.109541063
"1413","34","27","1095","1","1","0","5098968.96594, 3166968.32857","4873968.96594, 3511968.32857",603642.031253944
"1414","34","28","1096","1","1","0","5098968.96594, 3151968.32857","4873968.96594, 3511968.32857",628578.17986737
"1415","34","29","1097","1","0","0","5098968.96594, 3136968.32857","4873968.96594, 3511968.32857",696043.313035076
"1416","34","30","1098","0","0","0","5098968.96594, 3121968.32857","4873968.96594, 3511968.32857",710678.032818088
"1417","34","31","1099","0","1","0","5098968.96594, 3106968.32857","4873968.96594, 3511968.32857",728671.868929537
"1418","34","32","1100","1","0","0","5098968.96594, 3091968.32857","4873968.96594, 3511968.32857",736868.346061249
"1419","34","33","1101","1","0","1","5098968.96594, 3076968.32857","4873968.96594, 3511968.32857",744753.571551223
"1420","34","34","1102","1","0","0","5098968.96594, 3061968.32857","4873968.96594, 3511968.32857",752602.349808164
"1421","34","35","1103","1","1","0","5098968.96594, 3046968.32857","4873968.96594, 3511968.32857",773114.625352983
"1422","34","36","1104","0","1","0","5098968.96594, 3031968.32857","4873968.96594, 3511968.32857",778080.46125057
"1423","34","37","1105","0","1","0","5098968.96594, 3016968.32857","4873968.96594, 3511968.32857",780287.381127524
"1424","34","38","1106","1","1","0","5098968.96594, 3001968.32857","4873968.96594, 3511968.32857",780287.381127524
"1425","34","39","1107","1","1","0","5098968.96594, 2986968.32857","4873968.96594, 3511968.32857",780287.381127524
"1426","34","40","1108","1","1","0","5098217.19614, 2973393.4114","4873968.96594, 3511968.32857",812896.215898674
"1427","34","41","1109","0","0","0","5091734.69073, 2964341.63735","4873968.96594, 3511968.32857",812896.215898674
"1430","35","2","1110","1","0","0","5114719.72655, 3537863.18239","4873968.96594, 3511968.32857",31299.2329251147
"1431","35","3","1111","1","0","0","5113968.96594, 3526968.32857","4873968.96594, 3511968.32857",31299.2329251147
"1432","35","4","1112","0","0","0","5113968.96594, 3511968.32857","4873968.96594, 3511968.32857",419308.634694511
"1433","35","5","1113","0","1","0","5113968.96594, 3496968.32857","4873968.96594, 3511968.32857",419308.634694511
"1434","35","6","1114","1","1","0","5113968.96594, 3481968.32857","4873968.96594, 3511968.32857",419308.634694511
"1435","35","7","1115","1","1","0","5113968.96594, 3466968.32857","4873968.96594, 3511968.32857",419308.634694511
"1436","35","8","1116","1","1","0","5113968.96594, 3451968.32857","4873968.96594, 3511968.32857",419308.634694511
"1437","35","9","1117","1","0","0","5113968.96594, 3436968.32857","4873968.96594, 3511968.32857",419308.634694511
"1438","35","10","1118","1","0","0","5113968.96594, 3421968.32857","4873968.96594, 3511968.32857",419308.634694511
"1439","35","11","1119","1","0","0","5113968.96594, 3406968.32857","4873968.96594, 3511968.32857",419308.634694511
"1440","35","12","1120","0","1","0","5113968.96594, 3391968.32857","4873968.96594, 3511968.32857",419308.634694511
"1441","35","13","1121","0","0","0","5113968.96594, 3376968.32857","4873968.96594, 3511968.32857",419308.634694511
"1442","35","14","1122","1","1","0","5113968.96594, 3361968.32857","4873968.96594, 3511968.32857",419308.634694511
"1443","35","15","1123","1","1","0","5113968.96594, 3346968.32857","4873968.96594, 3511968.32857",432562.502374555
"1444","35","16","1124","1","1","0","5113968.96594, 3331968.32857","4873968.96594, 3511968.32857",443935.649654125
"1445","35","17","1125","1","0","0","5113968.96594, 3316968.32857","4873968.96594, 3511968.32857",448185.222146385
"1446","35","18","1126","1","0","0","5113968.96594, 3301968.32857","4873968.96594, 3511968.32857",458320.079842499
"1447","35","19","1127","1","1","0","5113968.96594, 3286968.32857","4873968.96594, 3511968.32857",458320.079842499
"1448","35","20","1128","1","1","0","5113968.96594, 3271968.32857","4873968.96594, 3511968.32857",475435.191525687
"1449","35","21","1129","1","1","0","5113968.96594, 3256968.32857","4873968.96594, 3511968.32857",500668.069687081
"1450","35","22","1130","1","1","1","5113968.96594, 3241968.32857","4873968.96594, 3511968.32857",514568.033986517
"1451","35","23","1131","1","1","1","5113968.96594, 3226968.32857","4873968.96594, 3511968.32857",526749.991274427
"1452","35","24","1132","1","1","0","5113968.96594, 3211968.32857","4873968.96594, 3511968.32857",534694.681933693
"1453","35","25","1133","1","0","0","5113968.96594, 3196968.32857","4873968.96594, 3511968.32857",592355.968651079
"1454","35","26","1134","0","0","0","5113968.96594, 3181968.32857","4873968.96594, 3511968.32857",601536.109541063
"1455","35","27","1135","0","1","0","5113968.96594, 3166968.32857","4873968.96594, 3511968.32857",608333.771419007
"1456","35","28","1136","1","1","0","5113968.96594, 3151968.32857","4873968.96594, 3511968.32857",628578.17986737
"1457","35","29","1137","1","0","0","5113968.96594, 3136968.32857","4873968.96594, 3511968.32857",672891.210705403
"1458","35","30","1138","0","0","0","5113968.96594, 3121968.32857","4873968.96594, 3511968.32857",696043.313035076
"1459","35","31","1139","1","1","0","5113968.96594, 3106968.32857","4873968.96594, 3511968.32857",710678.032818088
"1460","35","32","1140","1","0","1","5113968.96594, 3091968.32857","4873968.96594, 3511968.32857",718356.370685473
"1461","35","33","1141","1","0","1","5113968.96594, 3076968.32857","4873968.96594, 3511968.32857",724610.92009739
"1462","35","34","1142","1","1","0","5113968.96594, 3061968.32857","4873968.96594, 3511968.32857",734800.684197761
"1463","35","35","1143","1","1","0","5113968.96594, 3046968.32857","4873968.96594, 3511968.32857",734800.684197761
"1464","35","36","1144","0","1","0","5113968.96594, 3031968.32857","4873968.96594, 3511968.32857",778080.46125057
"1465","35","37","1145","0","1","0","5113968.96594, 3016968.32857","4873968.96594, 3511968.32857",778080.46125057
"1466","35","38","1146","1","1","0","5113968.96594, 3001968.32857","4873968.96594, 3511968.32857",780287.381127524
"1467","35","39","1147","1","1","0","5113968.96594, 2986968.32857","4873968.96594, 3511968.32857",780287.381127524
"1468","35","40","1148","1","1","0","5112047.56123, 2976683.98255","4873968.96594, 3511968.32857",780287.381127524
"1472","36","2","1149","0","0","0","5129438.01294, 3539805.47939","4873968.96594, 3511968.32857",31299.2329251147
"1473","36","3","1150","1","0","0","5128968.96594, 3526968.32857","4873968.96594, 3511968.32857",31299.2329251147
"1474","36","4","1151","1","1","0","5128968.96594, 3511968.32857","4873968.96594, 3511968.32857",419308.634694511
"1475","36","5","1152","1","1","0","5128968.96594, 3496968.32857","4873968.96594, 3511968.32857",419308.634694511
"1476","36","6","1153","1","1","0","5128968.96594, 3481968.32857","4873968.96594, 3511968.32857",419308.634694511
"1477","36","7","1154","1","1","0","5128968.96594, 3466968.32857","4873968.96594, 3511968.32857",419308.634694511
"1478","36","8","1155","1","0","0","5128968.96594, 3451968.32857","4873968.96594, 3511968.32857",419308.634694511
"1479","36","9","1156","1","0","0","5128968.96594, 3436968.32857","4873968.96594, 3511968.32857",419308.634694511
"1480","36","10","1157","1","0","0","5128968.96594, 3421968.32857","4873968.96594, 3511968.32857",419308.634694511
"1481","36","11","1158","1","1","0","5128968.96594, 3406968.32857","4873968.96594, 3511968.32857",419308.634694511
"1482","36","12","1159","1","1","0","5128968.96594, 3391968.32857","4873968.96594, 3511968.32857",419308.634694511
"1483","36","13","1160","1","0","0","5128968.96594, 3376968.32857","4873968.96594, 3511968.32857",419308.634694511
"1484","36","14","1161","1","1","0","5128968.96594, 3361968.32857","4873968.96594, 3511968.32857",432562.502374555
"1485","36","15","1162","0","1","0","5128968.96594, 3346968.32857","4873968.96594, 3511968.32857",443935.649654125
"1486","36","16","1163","1","0","0","5128968.96594, 3331968.32857","4873968.96594, 3511968.32857",443935.649654125
"1487","36","17","1164","1","0","0","5128968.96594, 3316968.32857","4873968.96594, 3511968.32857",458320.079842499
"1488","36","18","1165","1","1","0","5128968.96594, 3301968.32857","4873968.96594, 3511968.32857",458320.079842499
"1489","36","19","1166","0","1","0","5128968.96594, 3286968.32857","4873968.96594, 3511968.32857",475435.191525687
"1490","36","20","1167","1","1","0","5128968.96594, 3271968.32857","4873968.96594, 3511968.32857",500668.069687081
"1491","36","21","1168","1","0","0","5128968.96594, 3256968.32857","4873968.96594, 3511968.32857",502475.507923723
"1492","36","22","1169","1","1","0","5128968.96594, 3241968.32857","4873968.96594, 3511968.32857",530352.880288771
"1493","36","23","1170","1","1","1","5128968.96594, 3226968.32857","4873968.96594, 3511968.32857",537694.639715815
"1494","36","24","1171","1","1","0","5128968.96594, 3211968.32857","4873968.96594, 3511968.32857",555993.07462342
"1495","36","25","1172","1","0","0","5128968.96594, 3196968.32857","4873968.96594, 3511968.32857",590140.687891903
"1496","36","26","1173","1","0","0","5128968.96594, 3181968.32857","4873968.96594, 3511968.32857",601536.109541063
"1497","36","27","1174","1","0","0","5128968.96594, 3166968.32857","4873968.96594, 3511968.32857",618668.47709537
"1498","36","28","1175","1","1","0","5128968.96594, 3151968.32857","4873968.96594, 3511968.32857",628578.17986737
"1499","36","29","1176","1","0","0","5128968.96594, 3136968.32857","4873968.96594, 3511968.32857",664327.976655263
"1500","36","30","1177","1","0","0","5128968.96594, 3121968.32857","4873968.96594, 3511968.32857",672891.210705403
"1501","36","31","1178","1","1","1","5128968.96594, 3106968.32857","4873968.96594, 3511968.32857",696043.313035076
"1502","36","32","1179","0","1","1","5128968.96594, 3091968.32857","4873968.96594, 3511968.32857",704011.559719121
"1503","36","33","1180","0","1","0","5128968.96594, 3076968.32857","4873968.96594, 3511968.32857",720472.292469382
"1504","36","34","1181","1","1","0","5128968.96594, 3061968.32857","4873968.96594, 3511968.32857",724610.92009739
"1505","36","35","1182","1","0","0","5128968.96594, 3046968.32857","4873968.96594, 3511968.32857",724610.92009739
"1506","36","36","1183","1","0","0","5128968.96594, 3031968.32857","4873968.96594, 3511968.32857",734800.684197761
"1507","36","37","1184","1","1","0","5128968.96594, 3016968.32857","4873968.96594, 3511968.32857",778080.46125057
"1508","36","38","1185","1","0","0","5128968.96594, 3001968.32857","4873968.96594, 3511968.32857",778080.46125057
"1509","36","39","1186","0","0","0","5128293.22832, 2988105.70716","4873968.96594, 3511968.32857",778080.46125057
"1510","36","40","1187","1","0","0","5122221.79444, 2979109.39796","4873968.96594, 3511968.32857",780287.381127524
"1513","37","1","1188","0","0","0","5149588.50854, 3549964.63727","4873968.96594, 3511968.32857",31299.2329251147
"1514","37","2","1189","0","0","0","5144206.17012, 3541606.78378","4873968.96594, 3511968.32857",31299.2329251147
"1515","37","3","1190","0","0","0","5143968.96594, 3526968.32857","4873968.96594, 3511968.32857",419308.634694511
"1516","37","4","1191","0","1","0","5143968.96594, 3511968.32857","4873968.96594, 3511968.32857",419308.634694511
"1517","37","5","1192","1","1","0","5143968.96594, 3496968.32857","4873968.96594, 3511968.32857",419308.634694511
"1518","37","6","1193","1","0","0","5143968.96594, 3481968.32857","4873968.96594, 3511968.32857",419308.634694511
"1519","37","7","1194","1","1","0","5143968.96594, 3466968.32857","4873968.96594, 3511968.32857",419308.634694511
"1520","37","8","1195","1","1","0","5143968.96594, 3451968.32857","4873968.96594, 3511968.32857",419308.634694511
"1521","37","9","1196","0","0","0","5143968.96594, 3436968.32857","4873968.96594, 3511968.32857",419308.634694511
"1522","37","10","1197","1","0","0","5143968.96594, 3421968.32857","4873968.96594, 3511968.32857",419308.634694511
"1523","37","11","1198","1","0","0","5143968.96594, 3406968.32857","4873968.96594, 3511968.32857",419308.634694511
"1524","37","12","1199","1","1","0","5143968.96594, 3391968.32857","4873968.96594, 3511968.32857",419308.634694511
"1525","37","13","1200","1","1","0","5143968.96594, 3376968.32857","4873968.96594, 3511968.32857",419308.634694511
"1526","37","14","1201","1","1","0","5143968.96594, 3361968.32857","4873968.96594, 3511968.32857",443935.649654125
"1527","37","15","1202","1","0","0","5143968.96594, 3346968.32857","4873968.96594, 3511968.32857",443935.649654125
"1528","37","16","1203","1","1","0","5143968.96594, 3331968.32857","4873968.96594, 3511968.32857",458320.079842499
"1529","37","17","1204","1","1","0","5143968.96594, 3316968.32857","4873968.96594, 3511968.32857",458320.079842499
"1530","37","18","1205","1","1","0","5143968.96594, 3301968.32857","4873968.96594, 3511968.32857",458320.079842499
"1531","37","19","1206","0","0","0","5143968.96594, 3286968.32857","4873968.96594, 3511968.32857",500668.069687081
"1532","37","20","1207","1","1","0","5143968.96594, 3271968.32857","4873968.96594, 3511968.32857",545518.378343022
"1533","37","21","1208","0","0","0","5143968.96594, 3256968.32857","4873968.96594, 3511968.32857",545518.378343022
"1534","37","22","1209","1","1","0","5143968.96594, 3241968.32857","4873968.96594, 3511968.32857",545518.378343022
"1535","37","23","1210","1","1","1","5143968.96594, 3226968.32857","4873968.96594, 3511968.32857",552213.55818997
"1536","37","24","1211","1","1","1","5143968.96594, 3211968.32857","4873968.96594, 3511968.32857",567586.510139967
"1537","37","25","1212","0","0","1","5143968.96594, 3196968.32857","4873968.96594, 3511968.32857",587870.938576366
"1538","37","26","1213","0","0","1","5143968.96594, 3181968.32857","4873968.96594, 3511968.32857",603642.031253944
"1539","37","27","1214","1","0","1","5143968.96594, 3166968.32857","4873968.96594, 3511968.32857",618668.47709537
"1540","37","28","1215","1","1","1","5143968.96594, 3151968.32857","4873968.96594, 3511968.32857",634078.230293607
"1541","37","29","1216","1","1","1","5143968.96594, 3136968.32857","4873968.96594, 3511968.32857",650673.75698525
"1542","37","30","1217","1","1","1","5143968.96594, 3121968.32857","4873968.96594, 3511968.32857",672891.210705403
"1543","37","31","1218","1","1","1","5143968.96594, 3106968.32857","4873968.96594, 3511968.32857",683240.713040443
"1544","37","32","1219","1","1","0","5143968.96594, 3091968.32857","4873968.96594, 3511968.32857",699731.189176911
"1545","37","33","1220","0","1","0","5143968.96594, 3076968.32857","4873968.96594, 3511968.32857",702385.703606479
"1546","37","34","1221","1","1","0","5143968.96594, 3061968.32857","4873968.96594, 3511968.32857",720472.292469382
"1547","37","35","1222","0","0","0","5143968.96594, 3046968.32857","4873968.96594, 3511968.32857",720472.292469382
"1548","37","36","1223","1","1","0","5143968.96594, 3031968.32857","4873968.96594, 3511968.32857",724610.92009739
"1549","37","37","1224","1","1","0","5143968.96594, 3016968.32857","4873968.96594, 3511968.32857",724610.92009739
"1550","37","38","1225","0","0","0","5143968.96594, 3001968.32857","4873968.96594, 3511968.32857",778080.46125057
"1551","37","39","1226","0","0","0","5142388.72005, 2991402.43432","4873968.96594, 3511968.32857",778080.46125057
"1555","38","1","1227","0","0","0","5157285.01416, 3550537.40703","4873968.96594, 3511968.32857",31299.2329251147
"1556","38","2","1228","0","0","0","5158965.52499, 3541964.80544","4873968.96594, 3511968.32857",419308.634694511
"1557","38","3","1229","1","1","0","5158968.96594, 3526968.32857","4873968.96594, 3511968.32857",419308.634694511
"1558","38","4","1230","1","1","0","5158968.96594, 3511968.32857","4873968.96594, 3511968.32857",419308.634694511
"1559","38","5","1231","1","0","0","5158968.96594, 3496968.32857","4873968.96594, 3511968.32857",419308.634694511
"1560","38","6","1232","1","0","0","5158968.96594, 3481968.32857","4873968.96594, 3511968.32857",419308.634694511
"1561","38","7","1233","1","0","0","5158968.96594, 3466968.32857","4873968.96594, 3511968.32857",419308.634694511
"1562","38","8","1234","1","1","0","5158968.96594, 3451968.32857","4873968.96594, 3511968.32857",419308.634694511
"1563","38","9","1235","1","1","0","5158968.96594, 3436968.32857","4873968.96594, 3511968.32857",419308.634694511
"1564","38","10","1236","1","0","0","5158968.96594, 3421968.32857","4873968.96594, 3511968.32857",419308.634694511
"1565","38","11","1237","1","0","0","5158968.96594, 3406968.32857","4873968.96594, 3511968.32857",419308.634694511
"1566","38","12","1238","1","1","0","5158968.96594, 3391968.32857","4873968.96594, 3511968.32857",419308.634694511
"1567","38","13","1239","1","1","0","5158968.96594, 3376968.32857","4873968.96594, 3511968.32857",443935.649654125
"1568","38","14","1240","0","0","0","5158968.96594, 3361968.32857","4873968.96594, 3511968.32857",443935.649654125
"1569","38","15","1241","1","0","0","5158968.96594, 3346968.32857","4873968.96594, 3511968.32857",451229.059219232
"1570","38","16","1242","1","0","0","5158968.96594, 3331968.32857","4873968.96594, 3511968.32857",458320.079842499
"1571","38","17","1243","1","1","0","5158968.96594, 3316968.32857","4873968.96594, 3511968.32857",458320.079842499
"1572","38","18","1244","1","1","0","5158968.96594, 3301968.32857","4873968.96594, 3511968.32857",500668.069687081
"1573","38","19","1245","1","1","0","5158968.96594, 3286968.32857","4873968.96594, 3511968.32857",545518.378343022
"1574","38","20","1246","1","1","0","5158968.96594, 3271968.32857","4873968.96594, 3511968.32857",545518.378343022
"1575","38","21","1247","0","1","0","5158968.96594, 3256968.32857","4873968.96594, 3511968.32857",547376.065340416
"1576","38","22","1248","1","1","0","5158968.96594, 3241968.32857","4873968.96594, 3511968.32857",547376.065340416
"1577","38","23","1249","1","0","0","5158968.96594, 3226968.32857","4873968.96594, 3511968.32857",561354.687671425
"1578","38","24","1250","1","1","0","5158968.96594, 3211968.32857","4873968.96594, 3511968.32857",573460.260653726
"1579","38","25","1251","0","0","0","5158968.96594, 3196968.32857","4873968.96594, 3511968.32857",577520.828806471
"1580","38","26","1252","0","0","0","5158968.96594, 3181968.32857","4873968.96594, 3511968.32857",614569.78987142
"1581","38","27","1253","0","0","0","5158968.96594, 3166968.32857","4873968.96594, 3511968.32857",622908.957562851
"1582","38","28","1254","1","0","1","5158968.96594, 3151968.32857","4873968.96594, 3511968.32857",642239.097988614
"1583","38","29","1255","1","1","1","5158968.96594, 3136968.32857","4873968.96594, 3511968.32857",652307.507234667
"1584","38","30","1256","1","1","0","5158968.96594, 3121968.32857","4873968.96594, 3511968.32857",657758.610282351
"1585","38","31","1257","1","1","0","5158968.96594, 3106968.32857","4873968.96594, 3511968.32857",678734.083773524
"1586","38","32","1258","1","1","0","5158968.96594, 3091968.32857","4873968.96594, 3511968.32857",683240.713040443
"1587","38","33","1259","1","1","0","5158968.96594, 3076968.32857","4873968.96594, 3511968.32857",699731.189176911
"1588","38","34","1260","1","1","0","5158968.96594, 3061968.32857","4873968.96594, 3511968.32857",702385.703606479
"1589","38","35","1261","0","1","0","5158968.96594, 3046968.32857","4873968.96594, 3511968.32857",720472.292469382
"1590","38","36","1262","1","1","0","5158968.96594, 3031968.32857","4873968.96594, 3511968.32857",720472.292469382
"1591","38","37","1263","1","1","0","5158968.96594, 3016968.32857","4873968.96594, 3511968.32857",724610.92009739
"1592","38","38","1264","1","0","0","5158968.96594, 3001968.32857","4873968.96594, 3511968.32857",724610.92009739
"1593","38","39","1265","1","0","0","5160032.59529, 2991779.99615","4873968.96594, 3511968.32857",724610.92009739
"1598","39","2","1266","1","1","0","5173439.58352, 3540636.76108","4873968.96594, 3511968.32857",419308.634694511
"1599","39","3","1267","1","1","0","5173968.96594, 3526968.32857","4873968.96594, 3511968.32857",419308.634694511
"1600","39","4","1268","1","1","0","5173968.96594, 3511968.32857","4873968.96594, 3511968.32857",419308.634694511
"1601","39","5","1269","1","1","0","5173968.96594, 3496968.32857","4873968.96594, 3511968.32857",419308.634694511
"1602","39","6","1270","1","1","0","5173968.96594, 3481968.32857","4873968.96594, 3511968.32857",419308.634694511
"1603","39","7","1271","0","0","0","5173968.96594, 3466968.32857","4873968.96594, 3511968.32857",419308.634694511
"1604","39","8","1272","0","0","0","5173968.96594, 3451968.32857","4873968.96594, 3511968.32857",419308.634694511
"1605","39","9","1273","1","1","0","5173968.96594, 3436968.32857","4873968.96594, 3511968.32857",419308.634694511
"1606","39","10","1274","1","1","0","5173968.96594, 3421968.32857","4873968.96594, 3511968.32857",419308.634694511
"1607","39","11","1275","1","0","0","5173968.96594, 3406968.32857","4873968.96594, 3511968.32857",419308.634694511
"1608","39","12","1276","0","1","0","5173968.96594, 3391968.32857","4873968.96594, 3511968.32857",443935.649654125
"1609","39","13","1277","1","1","0","5173968.96594, 3376968.32857","4873968.96594, 3511968.32857",443935.649654125
"1610","39","14","1278","1","0","0","5173968.96594, 3361968.32857","4873968.96594, 3511968.32857",451229.059219232
"1611","39","15","1279","0","0","0","5173968.96594, 3346968.32857","4873968.96594, 3511968.32857",458320.079842499
"1612","39","16","1280","1","0","0","5173968.96594, 3331968.32857","4873968.96594, 3511968.32857",458320.079842499
"1613","39","17","1281","0","1","0","5173968.96594, 3316968.32857","4873968.96594, 3511968.32857",458320.079842499
"1614","39","18","1282","0","1","0","5173968.96594, 3301968.32857","4873968.96594, 3511968.32857",545518.378343022
"1615","39","19","1283","1","0","0","5173968.96594, 3286968.32857","4873968.96594, 3511968.32857",545518.378343022
"1616","39","20","1284","1","1","0","5173968.96594, 3271968.32857","4873968.96594, 3511968.32857",547376.065340416
"1617","39","21","1285","1","0","0","5173968.96594, 3256968.32857","4873968.96594, 3511968.32857",547376.065340416
"1618","39","22","1286","1","0","0","5173968.96594, 3241968.32857","4873968.96594, 3511968.32857",561354.687671425
"1619","39","23","1287","0","0","0","5173968.96594, 3226968.32857","4873968.96594, 3511968.32857",564123.778146223
"1620","39","24","1288","1","1","0","5173968.96594, 3211968.32857","4873968.96594, 3511968.32857",573460.260653726
"1621","39","25","1289","0","1","0","5173968.96594, 3196968.32857","4873968.96594, 3511968.32857",575249.245932234
"1622","39","26","1290","0","0","0","5173968.96594, 3181968.32857","4873968.96594, 3511968.32857",614569.78987142
"1623","39","27","1291","1","1","0","5173968.96594, 3166968.32857","4873968.96594, 3511968.32857",622908.957562851
"1624","39","28","1292","1","1","0","5173968.96594, 3151968.32857","4873968.96594, 3511968.32857",642239.097988614
"1625","39","29","1293","0","1","0","5173968.96594, 3136968.32857","4873968.96594, 3511968.32857",652307.507234667
"1626","39","30","1294","1","1","0","5173968.96594, 3121968.32857","4873968.96594, 3511968.32857",657758.610282351
"1627","39","31","1295","1","1","0","5173968.96594, 3106968.32857","4873968.96594, 3511968.32857",676489.718716126
"1628","39","32","1296","1","0","0","5173968.96594, 3091968.32857","4873968.96594, 3511968.32857",683240.713040443
"1629","39","33","1297","1","1","0","5173968.96594, 3076968.32857","4873968.96594, 3511968.32857",683240.713040443
"1630","39","34","1298","1","1","0","5173968.96594, 3061968.32857","4873968.96594, 3511968.32857",699731.189176911
"1631","39","35","1299","1","1","0","5173968.96594, 3046968.32857","4873968.96594, 3511968.32857",702385.703606479
"1632","39","36","1300","1","0","0","5173968.96594, 3031968.32857","4873968.96594, 3511968.32857",720472.292469382
"1633","39","37","1301","1","1","0","5173968.96594, 3016968.32857","4873968.96594, 3511968.32857",720472.292469382
"1634","39","38","1302","1","0","0","5173968.96594, 3001968.32857","4873968.96594, 3511968.32857",724610.92009739
"1635","39","39","1303","1","0","0","5174543.62008, 2989692.97704","4873968.96594, 3511968.32857",724610.92009739
"1640","40","2","1304","0","0","0","5185037.9429, 3538417.82103","4873968.96594, 3511968.32857",419308.634694511
"1641","40","3","1305","1","0","0","5187781.16227, 3526313.34461","4873968.96594, 3511968.32857",419308.634694511
"1642","40","4","1306","1","0","0","5188968.96594, 3511968.32857","4873968.96594, 3511968.32857",419308.634694511
"1643","40","5","1307","0","0","0","5188968.96594, 3496968.32857","4873968.96594, 3511968.32857",419308.634694511
"1644","40","6","1308","1","1","0","5188968.96594, 3481968.32857","4873968.96594, 3511968.32857",419308.634694511
"1645","40","7","1309","1","0","0","5188968.96594, 3466968.32857","4873968.96594, 3511968.32857",419308.634694511
"1646","40","8","1310","1","0","0","5188968.96594, 3451968.32857","4873968.96594, 3511968.32857",419308.634694511
"1647","40","9","1311","1","0","0","5188968.96594, 3436968.32857","4873968.96594, 3511968.32857",419308.634694511
"1648","40","10","1312","1","1","0","5188968.96594, 3421968.32857","4873968.96594, 3511968.32857",419308.634694511
"1649","40","11","1313","0","1","0","5188968.96594, 3406968.32857","4873968.96594, 3511968.32857",443935.649654125
"1650","40","12","1314","0","1","0","5188968.96594, 3391968.32857","4873968.96594, 3511968.32857",443935.649654125
"1651","40","13","1315","1","0","0","5188968.96594, 3376968.32857","4873968.96594, 3511968.32857",451229.059219232
"1652","40","14","1316","1","0","0","5188968.96594, 3361968.32857","4873968.96594, 3511968.32857",458320.079842499
"1653","40","15","1317","1","0","0","5188968.96594, 3346968.32857","4873968.96594, 3511968.32857",458320.079842499
"1654","40","16","1318","1","1","0","5188968.96594, 3331968.32857","4873968.96594, 3511968.32857",458320.079842499
"1655","40","17","1319","1","1","0","5188968.96594, 3316968.32857","4873968.96594, 3511968.32857",545518.378343022
"1656","40","18","1320","1","0","0","5188968.96594, 3301968.32857","4873968.96594, 3511968.32857",547376.065340416
"1657","40","19","1321","1","1","0","5188968.96594, 3286968.32857","4873968.96594, 3511968.32857",547376.065340416
"1658","40","20","1322","1","1","0","5188968.96594, 3271968.32857","4873968.96594, 3511968.32857",547376.065340416
"1659","40","21","1323","1","1","0","5188968.96594, 3256968.32857","4873968.96594, 3511968.32857",561354.687671425
"1660","40","22","1324","1","0","0","5188968.96594, 3241968.32857","4873968.96594, 3511968.32857",564123.778146223
"1661","40","23","1325","1","1","0","5188968.96594, 3226968.32857","4873968.96594, 3511968.32857",573460.260653726
"1662","40","24","1326","1","0","0","5188968.96594, 3211968.32857","4873968.96594, 3511968.32857",573460.260653726
"1663","40","25","1327","1","1","0","5188968.96594, 3196968.32857","4873968.96594, 3511968.32857",575249.245932234
"1664","40","26","1328","1","1","0","5188968.96594, 3181968.32857","4873968.96594, 3511968.32857",614569.78987142
"1665","40","27","1329","1","1","0","5188968.96594, 3166968.32857","4873968.96594, 3511968.32857",637940.016781659
"1666","40","28","1330","1","1","0","5188968.96594, 3151968.32857","4873968.96594, 3511968.32857",644360.09412873
"1667","40","29","1331","1","0","0","5188968.96594, 3136968.32857","4873968.96594, 3511968.32857",652307.507234667
"1668","40","30","1332","1","1","0","5188968.96594, 3121968.32857","4873968.96594, 3511968.32857",657758.610282351
"1669","40","31","1333","1","1","0","5188968.96594, 3106968.32857","4873968.96594, 3511968.32857",657758.610282351
"1670","40","32","1334","1","1","0","5188968.96594, 3091968.32857","4873968.96594, 3511968.32857",683240.713040443
"1671","40","33","1335","1","1","0","5188968.96594, 3076968.32857","4873968.96594, 3511968.32857",683240.713040443
"1672","40","34","1336","1","1","0","5188968.96594, 3061968.32857","4873968.96594, 3511968.32857",683240.713040443
"1673","40","35","1337","0","0","0","5188968.96594, 3046968.32857","4873968.96594, 3511968.32857",683240.713040443
"1674","40","36","1338","0","0","0","5188968.96594, 3031968.32857","4873968.96594, 3511968.32857",702385.703606479
"1675","40","37","1339","1","1","0","5188968.96594, 3016968.32857","4873968.96594, 3511968.32857",720472.292469382
"1676","40","38","1340","0","0","0","5188968.96594, 3001968.32857","4873968.96594, 3511968.32857",720472.292469382
"1677","40","39","1341","0","1","0","5189324.38787, 2987614.09542","4873968.96594, 3511968.32857",720472.292469382
"1678","40","40","1342","0","1","0","5195475.33599, 2979182.51489","4873968.96594, 3511968.32857",720472.292469382
"1683","41","3","1343","0","0","0","5196709.50468, 3520008.18435","4873968.96594, 3511968.32857",419308.634694511
"1684","41","4","1344","0","0","0","5198958.66907, 3509912.30998","4873968.96594, 3511968.32857",419308.634694511
"1685","41","5","1345","0","0","0","5202015.52081, 3496190.95144","4873968.96594, 3511968.32857",419308.634694511
"1686","41","6","1346","0","1","0","5203939.01945, 3481939.95552","4873968.96594, 3511968.32857",419308.634694511
"1687","41","7","1347","0","1","0","5203968.96594, 3466968.32857","4873968.96594, 3511968.32857",419308.634694511
"1688","41","8","1348","1","1","0","5203968.96594, 3451968.32857","4873968.96594, 3511968.32857",419308.634694511
"1689","41","9","1349","1","1","0","5203968.96594, 3436968.32857","4873968.96594, 3511968.32857",419308.634694511
"1690","41","10","1350","1","1","0","5203968.96594, 3421968.32857","4873968.96594, 3511968.32857",443935.649654125
"1691","41","11","1351","1","1","0","5203968.96594, 3406968.32857","4873968.96594, 3511968.32857",443935.649654125
"1692","41","12","1352","1","1","0","5203968.96594, 3391968.32857","4873968.96594, 3511968.32857",443935.649654125
"1693","41","13","1353","1","1","0","5203968.96594, 3376968.32857","4873968.96594, 3511968.32857",458320.079842499
"1694","41","14","1354","1","1","0","5203968.96594, 3361968.32857","4873968.96594, 3511968.32857",458320.079842499
"1695","41","15","1355","0","1","0","5203968.96594, 3346968.32857","4873968.96594, 3511968.32857",458320.079842499
"1696","41","16","1356","0","1","0","5203968.96594, 3331968.32857","4873968.96594, 3511968.32857",547376.065340416
"1697","41","17","1357","1","0","0","5203968.96594, 3316968.32857","4873968.96594, 3511968.32857",547376.065340416
"1698","41","18","1358","0","0","0","5203968.96594, 3301968.32857","4873968.96594, 3511968.32857",547376.065340416
"1699","41","19","1359","1","1","0","5203968.96594, 3286968.32857","4873968.96594, 3511968.32857",547376.065340416
"1700","41","20","1360","1","0","0","5203968.96594, 3271968.32857","4873968.96594, 3511968.32857",561354.687671425
"1701","41","21","1361","1","1","0","5203968.96594, 3256968.32857","4873968.96594, 3511968.32857",564123.778146223
"1702","41","22","1362","0","1","0","5203968.96594, 3241968.32857","4873968.96594, 3511968.32857",564123.778146223
"1703","41","23","1363","0","1","0","5203968.96594, 3226968.32857","4873968.96594, 3511968.32857",573460.260653726
"1704","41","24","1364","1","0","0","5203968.96594, 3211968.32857","4873968.96594, 3511968.32857",573460.260653726
"1705","41","25","1365","1","1","0","5203968.96594, 3196968.32857","4873968.96594, 3511968.32857",575249.245932234
"1706","41","26","1366","0","0","0","5203968.96594, 3181968.32857","4873968.96594, 3511968.32857",575249.245932234
"1707","41","27","1367","0","0","0","5203968.96594, 3166968.32857","4873968.96594, 3511968.32857",642239.097988614
"1708","41","28","1368","0","0","0","5203968.96594, 3151968.32857","4873968.96594, 3511968.32857",644360.09412873
"1709","41","29","1369","1","0","0","5203968.96594, 3136968.32857","4873968.96594, 3511968.32857",652307.507234667
"1710","41","30","1370","0","1","0","5203968.96594, 3121968.32857","4873968.96594, 3511968.32857",657758.610282351
"1711","41","31","1371","0","0","0","5203968.96594, 3106968.32857","4873968.96594, 3511968.32857",657758.610282351
"1712","41","32","1372","1","1","0","5203968.96594, 3091968.32857","4873968.96594, 3511968.32857",657758.610282351
"1713","41","33","1373","1","1","0","5203968.96594, 3076968.32857","4873968.96594, 3511968.32857",683240.713040443
"1714","41","34","1374","0","0","0","5203968.96594, 3061968.32857","4873968.96594, 3511968.32857",683240.713040443
"1715","41","35","1375","0","0","0","5203968.96594, 3046968.32857","4873968.96594, 3511968.32857",683240.713040443
"1716","41","36","1376","0","0","0","5203968.96594, 3031968.32857","4873968.96594, 3511968.32857",683240.713040443
"1717","41","37","1377","1","1","0","5203968.96594, 3016968.32857","4873968.96594, 3511968.32857",699731.189176911
"1718","41","38","1378","1","1","0","5203968.96594, 3001968.32857","4873968.96594, 3511968.32857",720472.292469382
"1719","41","39","1379","0","1","0","5203968.96594, 2986968.32857","4873968.96594, 3511968.32857",720472.292469382
"1720","41","40","1380","0","0","0","5205757.93618, 2977703.64049","4873968.96594, 3511968.32857",720472.292469382
"1728","42","6","1381","0","0","0","5213850.5319, 3478678.21763","4873968.96594, 3511968.32857",419308.634694511
"1729","42","7","1382","1","1","0","5217439.59459, 3466050.00163","4873968.96594, 3511968.32857",419308.634694511
"1730","42","8","1383","1","1","0","5218968.96594, 3451968.32857","4873968.96594, 3511968.32857",419308.634694511
"1731","42","9","1384","0","0","0","5218968.96594, 3436968.32857","4873968.96594, 3511968.32857",443935.649654125
"1732","42","10","1385","1","1","0","5218968.96594, 3421968.32857","4873968.96594, 3511968.32857",443935.649654125
"1733","42","11","1386","0","1","0","5218968.96594, 3406968.32857","4873968.96594, 3511968.32857",443935.649654125
"1734","42","12","1387","0","0","0","5218968.96594, 3391968.32857","4873968.96594, 3511968.32857",458320.079842499
"1735","42","13","1388","0","0","0","5218968.96594, 3376968.32857","4873968.96594, 3511968.32857",458320.079842499
"1736","42","14","1389","1","1","0","5218968.96594, 3361968.32857","4873968.96594, 3511968.32857",458320.079842499
"1737","42","15","1390","1","1","0","5218968.96594, 3346968.32857","4873968.96594, 3511968.32857",547376.065340416
"1738","42","16","1391","0","0","0","5217748.56449, 3332912.99342","4873968.96594, 3511968.32857",547376.065340416
"1739","42","17","1392","0","0","0","5217660.15426, 3315445.38299","4873968.96594, 3511968.32857",547376.065340416
"1740","42","18","1393","1","0","0","5218968.96594, 3301968.32857","4873968.96594, 3511968.32857",547376.065340416
"1741","42","19","1394","1","1","0","5218968.96594, 3286968.32857","4873968.96594, 3511968.32857",561354.687671425
"1742","42","20","1395","1","0","0","5218968.96594, 3271968.32857","4873968.96594, 3511968.32857",564123.778146223
"1743","42","21","1396","0","0","0","5218968.96594, 3256968.32857","4873968.96594, 3511968.32857",564123.778146223
"1744","42","22","1397","0","0","0","5218968.96594, 3241968.32857","4873968.96594, 3511968.32857",573460.260653726
"1745","42","23","1398","0","0","0","5218968.96594, 3226968.32857","4873968.96594, 3511968.32857",573460.260653726
"1746","42","24","1399","1","0","0","5218968.96594, 3211968.32857","4873968.96594, 3511968.32857",573460.260653726
"1747","42","25","1400","1","1","0","5218968.96594, 3196968.32857","4873968.96594, 3511968.32857",575249.245932234
"1748","42","26","1401","1","0","0","5218968.96594, 3181968.32857","4873968.96594, 3511968.32857",575249.245932234
"1749","42","27","1402","0","0","0","5218968.96594, 3166968.32857","4873968.96594, 3511968.32857",642239.097988614
"1750","42","28","1403","1","0","0","5218968.96594, 3151968.32857","4873968.96594, 3511968.32857",644360.09412873
"1751","42","29","1404","1","1","0","5218968.96594, 3136968.32857","4873968.96594, 3511968.32857",646455.954758109
"1752","42","30","1405","0","1","0","5218968.96594, 3121968.32857","4873968.96594, 3511968.32857",657758.610282351
"1753","42","31","1406","0","0","0","5218968.96594, 3106968.32857","4873968.96594, 3511968.32857",657758.610282351
"1754","42","32","1407","0","0","0","5218968.96594, 3091968.32857","4873968.96594, 3511968.32857",657758.610282351
"1755","42","33","1408","1","1","0","5218968.96594, 3076968.32857","4873968.96594, 3511968.32857",683240.713040443
"1756","42","34","1409","1","1","0","5218968.96594, 3061968.32857","4873968.96594, 3511968.32857",683240.713040443
"1757","42","35","1410","0","0","0","5218968.96594, 3046968.32857","4873968.96594, 3511968.32857",683240.713040443
"1758","42","36","1411","1","0","0","5218968.96594, 3031968.32857","4873968.96594, 3511968.32857",683240.713040443
"1759","42","37","1412","1","0","0","5218968.96594, 3016968.32857","4873968.96594, 3511968.32857",683240.713040443
"1760","42","38","1413","1","0","0","5218968.96594, 3001968.32857","4873968.96594, 3511968.32857",699731.189176911
"1761","42","39","1414","0","0","0","5218968.96594, 2986968.32857","4873968.96594, 3511968.32857",720472.292469382
"1762","42","40","1415","0","0","0","5219704.81152, 2975697.75905","4873968.96594, 3511968.32857",720472.292469382
"1771","43","7","1416","0","0","0","5226718.40653, 3459904.47119","4873968.96594, 3511968.32857",419308.634694511
"1772","43","8","1417","0","0","0","5229596.55453, 3449839.68538","4873968.96594, 3511968.32857",443935.649654125
"1773","43","9","1418","0","0","0","5233167.38482, 3436369.01042","4873968.96594, 3511968.32857",443935.649654125
"1774","43","10","1419","1","1","0","5233968.96594, 3421968.32857","4873968.96594, 3511968.32857",443935.649654125
"1775","43","11","1420","0","0","0","5233968.96594, 3406968.32857","4873968.96594, 3511968.32857",458320.079842499
"1776","43","12","1421","0","1","0","5233968.96594, 3391968.32857","4873968.96594, 3511968.32857",458320.079842499
"1777","43","13","1422","0","1","0","5233968.96594, 3376968.32857","4873968.96594, 3511968.32857",458320.079842499
"1778","43","14","1423","0","1","0","5233905.19235, 3362029.97352","4873968.96594, 3511968.32857",547376.065340416
"1779","43","15","1424","0","0","0","5231043.96401, 3348643.57795","4873968.96594, 3511968.32857",547376.065340416
"1780","43","16","1425","0","0","0","5227344.16354, 3338237.54074","4873968.96594, 3511968.32857",547376.065340416
"1781","43","17","1426","0","0","0","5229985.19234, 3311388.70043","4873968.96594, 3511968.32857",547376.065340416
"1782","43","18","1427","1","1","0","5233820.72459, 3301803.49405","4873968.96594, 3511968.32857",561354.687671425
"1783","43","19","1428","0","1","0","5233968.96594, 3286968.32857","4873968.96594, 3511968.32857",564123.778146223
"1784","43","20","1429","1","0","0","5233968.96594, 3271968.32857","4873968.96594, 3511968.32857",564123.778146223
"1785","43","21","1430","0","0","0","5233968.96594, 3256968.32857","4873968.96594, 3511968.32857",564123.778146223
"1786","43","22","1431","1","0","0","5233968.96594, 3241968.32857","4873968.96594, 3511968.32857",573460.260653726
"1787","43","23","1432","1","0","0","5233968.96594, 3226968.32857","4873968.96594, 3511968.32857",573460.260653726
"1788","43","24","1433","1","0","0","5233968.96594, 3211968.32857","4873968.96594, 3511968.32857",573460.260653726
"1789","43","25","1434","1","1","0","5233968.96594, 3196968.32857","4873968.96594, 3511968.32857",575249.245932234
"1790","43","26","1435","1","1","0","5233968.96594, 3181968.32857","4873968.96594, 3511968.32857",575249.245932234
"1791","43","27","1436","1","1","0","5233968.96594, 3166968.32857","4873968.96594, 3511968.32857",642239.097988614
"1792","43","28","1437","1","1","0","5233968.96594, 3151968.32857","4873968.96594, 3511968.32857",644360.09412873
"1793","43","29","1438","0","1","0","5233968.96594, 3136968.32857","4873968.96594, 3511968.32857",646455.954758109
"1794","43","30","1439","0","1","0","5233968.96594, 3121968.32857","4873968.96594, 3511968.32857",652307.507234667
"1795","43","31","1440","0","0","0","5233968.96594, 3106968.32857","4873968.96594, 3511968.32857",657758.610282351
"1796","43","32","1441","0","0","0","5233968.96594, 3091968.32857","4873968.96594, 3511968.32857",657758.610282351
"1797","43","33","1442","0","1","0","5233968.96594, 3076968.32857","4873968.96594, 3511968.32857",657758.610282351
"1798","43","34","1443","1","1","0","5233968.96594, 3061968.32857","4873968.96594, 3511968.32857",683240.713040443
"1799","43","35","1444","1","1","0","5233968.96594, 3046968.32857","4873968.96594, 3511968.32857",683240.713040443
"1800","43","36","1445","1","1","0","5233937.73499, 3031998.74084","4873968.96594, 3511968.32857",683240.713040443
"1801","43","37","1446","1","0","0","5231520.732, 3017725.70739","4873968.96594, 3511968.32857",683240.713040443
"1802","43","38","1447","1","0","0","5232617.0435, 3001361.14021","4873968.96594, 3511968.32857",683240.713040443
"1803","43","39","1448","0","0","0","5233968.95968, 2986968.32231","4873968.96594, 3511968.32857",699731.189176911
"1804","43","40","1449","0","0","0","5234432.14746, 2973579.62943","4873968.96594, 3511968.32857",720472.292469382
"1815","44","9","1450","0","0","0","5242437.64994, 3431162.05609","4873968.96594, 3511968.32857",443935.649654125
"1816","44","10","1451","1","1","0","5244260.06084, 3421044.11079","4873968.96594, 3511968.32857",451229.059219232
"1817","44","11","1452","0","1","0","5246091.96926, 3406455.05646","4873968.96594, 3511968.32857",458320.079842499
"1818","44","12","1453","0","1","0","5247945.30768, 3391604.46519","4873968.96594, 3511968.32857",458320.079842499
"1819","44","13","1454","0","0","0","5248256.76681, 3377564.72045","4873968.96594, 3511968.32857",547376.065340416
"1820","44","14","1455","0","0","0","5244455.03657, 3365269.02616","4873968.96594, 3511968.32857",547376.065340416
"1824","44","18","1456","1","1","0","5247233.60389, 3299159.3082","4873968.96594, 3511968.32857",564123.778146223
"1825","44","19","1457","0","0","0","5248843.68363, 3286875.02052","4873968.96594, 3511968.32857",564123.778146223
"1826","44","20","1458","1","0","0","5248968.96594, 3271968.32857","4873968.96594, 3511968.32857",564123.778146223
"1827","44","21","1459","0","0","0","5248968.96594, 3256968.32857","4873968.96594, 3511968.32857",573460.260653726
"1828","44","22","1460","1","0","0","5248968.96594, 3241968.32857","4873968.96594, 3511968.32857",573460.260653726
"1829","44","23","1461","0","0","0","5248968.96594, 3226968.32857","4873968.96594, 3511968.32857",573460.260653726
"1830","44","24","1462","0","0","0","5248968.96594, 3211968.32857","4873968.96594, 3511968.32857",573460.260653726
"1831","44","25","1463","1","1","0","5248968.96594, 3196968.32857","4873968.96594, 3511968.32857",575249.245932234
"1832","44","26","1464","1","1","0","5248968.96594, 3181968.32857","4873968.96594, 3511968.32857",575249.245932234
"1833","44","27","1465","1","1","0","5248968.96594, 3166968.32857","4873968.96594, 3511968.32857",642239.097988614
"1834","44","28","1466","1","1","0","5248968.96594, 3151968.32857","4873968.96594, 3511968.32857",644360.09412873
"1835","44","29","1467","0","0","0","5248968.96594, 3136968.32857","4873968.96594, 3511968.32857",646455.954758109
"1836","44","30","1468","0","1","0","5248968.96594, 3121968.32857","4873968.96594, 3511968.32857",652307.507234667
"1837","44","31","1469","0","0","0","5248968.96594, 3106968.32857","4873968.96594, 3511968.32857",657758.610282351
"1838","44","32","1470","0","1","0","5248968.96594, 3091968.32857","4873968.96594, 3511968.32857",657758.610282351
"1839","44","33","1471","0","1","0","5248968.96594, 3076968.32857","4873968.96594, 3511968.32857",657758.610282351
"1840","44","34","1472","1","0","0","5248968.96594, 3061968.32857","4873968.96594, 3511968.32857",683240.713040443
"1841","44","35","1473","1","1","0","5248212.24641, 3047589.29195","4873968.96594, 3511968.32857",683240.713040443
"1842","44","36","1474","0","1","0","5244448.87072, 3035038.22307","4873968.96594, 3511968.32857",683240.713040443
"1845","44","39","1475","0","0","0","5243417.48971, 2984457.98667","4873968.96594, 3511968.32857",699731.189176911
"1846","44","40","1476","0","0","0","5246080.24151, 2971255.01031","4873968.96594, 3511968.32857",699731.189176911
"1847","44","41","1477","0","0","0","5250977.89419, 2963654.24794","4873968.96594, 3511968.32857",702385.703606479
"1861","45","13","1478","0","0","0","5256803.80124, 3380248.13205","4873968.96594, 3511968.32857",547376.065340416
"1867","45","19","1479","0","0","0","5256965.91494, 3282261.85714","4873968.96594, 3511968.32857",564123.778146223
"1868","45","20","1480","0","0","0","5257986.50587, 3270787.64164","4873968.96594, 3511968.32857",564123.778146223
"1869","45","21","1481","1","0","0","5259269.69124, 3256361.15097","4873968.96594, 3511968.32857",573460.260653726
"1870","45","22","1482","1","1","0","5260586.23166, 3241559.65898","4873968.96594, 3511968.32857",573460.260653726
"1871","45","23","1483","0","1","0","5262080.10934, 3226519.10892","4873968.96594, 3511968.32857",573460.260653726
"1872","45","24","1484","1","1","0","5263966.95842, 3211966.32132","4873968.96594, 3511968.32857",573460.260653726
"1873","45","25","1485","1","1","0","5263968.96594, 3196968.32857","4873968.96594, 3511968.32857",575249.245932234
"1874","45","26","1486","0","0","0","5263968.96594, 3181968.32857","4873968.96594, 3511968.32857",575249.245932234
"1875","45","27","1487","0","0","0","5263968.96594, 3166968.32857","4873968.96594, 3511968.32857",644360.09412873
"1876","45","28","1488","1","1","0","5263968.96594, 3151968.32857","4873968.96594, 3511968.32857",644360.09412873
"1877","45","29","1489","1","0","0","5263968.96594, 3136968.32857","4873968.96594, 3511968.32857",646455.954758109
"1878","45","30","1490","1","1","0","5263968.96594, 3121968.32857","4873968.96594, 3511968.32857",652307.507234667
"1879","45","31","1491","0","0","0","5263968.96594, 3106968.32857","4873968.96594, 3511968.32857",657758.610282351
"1880","45","32","1492","0","1","0","5263968.96594, 3091968.32857","4873968.96594, 3511968.32857",657758.610282351
"1881","45","33","1493","0","0","0","5263950.44726, 3076986.48006","4873968.96594, 3511968.32857",657758.610282351
"1882","45","34","1494","1","0","0","5261473.57023, 3063358.20425","4873968.96594, 3511968.32857",657758.610282351
"1883","45","35","1495","1","1","0","5257812.11431, 3052471.5235","4873968.96594, 3511968.32857",683240.713040443
"1914","46","24","1496","1","1","0","5276308.2105, 3209351.22702","4873968.96594, 3511968.32857",573460.260653726
"1915","46","25","1497","0","0","0","5278965.13647, 3196964.49985","4873968.96594, 3511968.32857",575249.245932234
"1916","46","26","1498","0","0","0","5278968.96594, 3181968.32857","4873968.96594, 3511968.32857",575249.245932234
"1917","46","27","1499","1","1","0","5278968.96594, 3166968.32857","4873968.96594, 3511968.32857",644360.09412873
"1918","46","28","1500","1","1","0","5278968.96594, 3151968.32857","4873968.96594, 3511968.32857",644360.09412873
"1919","46","29","1501","0","0","0","5278968.96594, 3136968.32857","4873968.96594, 3511968.32857",646455.954758109
"1920","46","30","1502","1","1","0","5278968.96594, 3121968.32857","4873968.96594, 3511968.32857",652307.507234667
"1921","46","31","1503","1","1","0","5278968.96594, 3106968.32857","4873968.96594, 3511968.32857",657758.610282351
"1922","46","32","1504","1","1","0","5278274.98874, 3092545.25252","4873968.96594, 3511968.32857",657758.610282351
"1923","46","33","1505","1","0","0","5274538.60148, 3079904.82393","4873968.96594, 3511968.32857",657758.610282351
"1957","47","25","1506","0","0","0","5291263.50969, 3194306.12297","4873968.96594, 3511968.32857",575249.245932234
"1958","47","26","1507","1","0","0","5293962.74671, 3181962.11091","4873968.96594, 3511968.32857",575249.245932234
"1959","47","27","1508","1","1","0","5293968.96594, 3166968.32857","4873968.96594, 3511968.32857",644360.09412873
"1960","47","28","1509","0","0","0","5293968.96594, 3151968.32857","4873968.96594, 3511968.32857",644360.09412873
"1961","47","29","1510","0","0","0","5293968.96594, 3136968.32857","4873968.96594, 3511968.32857",646455.954758109
"1962","47","30","1511","1","1","0","5293959.93759, 3121977.23415","4873968.96594, 3511968.32857",652307.507234667
"1963","47","31","1512","1","1","0","5291594.69886, 3108318.16104","4873968.96594, 3511968.32857",657758.610282351
"1964","47","32","1513","0","0","0","5287901.84507, 3097338.12437","4873968.96594, 3511968.32857",657758.610282351
"2000","48","26","1514","1","1","0","5305208.91307, 3179763.43741","4873968.96594, 3511968.32857",642239.097988614
"2001","48","27","1515","0","1","0","5306085.7841, 3166880.34201","4873968.96594, 3511968.32857",644360.09412873
"2002","48","28","1516","0","0","0","5306410.49903, 3151886.12804","4873968.96594, 3511968.32857",646455.954758109
"2003","48","29","1517","0","0","0","5306692.16446, 3136948.45488","4873968.96594, 3511968.32857",646455.954758109
"2004","48","30","1518","1","1","0","5304628.33224, 3124771.4248","4873968.96594, 3511968.32857",652307.507234667
