id,xIndex,yIndex,AUTO,BOOL_ROAD,BOOL_RAILWAY,BOOL_WATERCOURSE
23,1,23,1,False,False,False
24,1,24,2,False,False,False
25,1,25,3,False,False,False
26,1,26,4,False,False,False
27,1,27,5,True,True,False
28,1,28,6,False,False,False
51,1,51,7,False,False,False
52,1,52,8,False,False,False
53,1,53,9,False,False,False
147,2,23,10,False,False,False
148,2,24,11,False,False,False
149,2,25,12,False,False,False
150,2,26,13,False,False,False
151,2,27,14,True,True,False
152,2,28,15,True,False,False
153,2,29,16,False,False,False
154,2,30,17,False,False,False
155,2,31,18,False,False,False
156,2,32,19,False,False,False
157,2,33,20,False,False,False
172,2,48,21,False,False,False
173,2,49,22,False,False,False
174,2,50,23,False,False,False
175,2,51,24,False,False,False
176,2,52,25,False,False,False
177,2,53,26,False,False,False
270,3,22,27,False,False,False
271,3,23,28,False,False,False
272,3,24,29,False,False,False
273,3,25,30,False,False,False
274,3,26,31,False,False,False
275,3,27,32,True,True,False
276,3,28,33,True,False,False
277,3,29,34,False,False,False
278,3,30,35,False,False,False
279,3,31,36,False,False,False
280,3,32,37,False,False,False
281,3,33,38,False,False,False
282,3,34,39,False,False,False
283,3,35,40,False,False,False
284,3,36,41,False,False,False
285,3,37,42,True,False,False
286,3,38,43,True,True,False
294,3,46,44,False,False,False
295,3,47,45,True,False,False
296,3,48,46,False,False,False
297,3,49,47,False,False,False
298,3,50,48,False,False,False
299,3,51,49,False,False,False
300,3,52,50,False,False,False
301,3,53,51,False,False,False
394,4,22,52,False,False,False
395,4,23,53,False,False,False
396,4,24,54,False,False,False
397,4,25,55,False,False,False
398,4,26,56,False,False,False
399,4,27,57,True,True,False
400,4,28,58,True,False,False
401,4,29,59,False,False,False
402,4,30,60,False,False,False
403,4,31,61,False,False,False
404,4,32,62,False,False,False
405,4,33,63,False,False,False
406,4,34,64,False,False,False
407,4,35,65,False,False,False
408,4,36,66,False,False,False
409,4,37,67,True,False,False
410,4,38,68,True,True,False
411,4,39,69,False,False,False
412,4,40,70,True,True,False
413,4,41,71,True,False,False
414,4,42,72,True,False,False
415,4,43,73,False,False,False
416,4,44,74,True,False,False
417,4,45,75,True,False,False
418,4,46,76,False,False,False
419,4,47,77,True,False,False
420,4,48,78,True,False,False
421,4,49,79,False,False,False
422,4,50,80,False,False,False
423,4,51,81,False,False,False
424,4,52,82,False,False,False
425,4,53,83,False,False,False
426,4,54,84,False,False,False
518,5,22,85,False,False,False
519,5,23,86,False,False,False
520,5,24,87,False,False,False
521,5,25,88,False,False,False
522,5,26,89,False,False,False
523,5,27,90,False,True,False
524,5,28,91,True,True,False
525,5,29,92,False,False,False
526,5,30,93,False,False,False
527,5,31,94,False,False,False
528,5,32,95,False,False,False
529,5,33,96,False,True,False
530,5,34,97,False,True,False
531,5,35,98,False,True,False
532,5,36,99,False,False,False
533,5,37,100,False,True,False
534,5,38,101,True,True,False
535,5,39,102,True,True,False
536,5,40,103,True,True,False
537,5,41,104,True,True,False
538,5,42,105,True,True,False
539,5,43,106,True,True,False
540,5,44,107,True,True,False
541,5,45,108,True,True,False
542,5,46,109,True,True,False
543,5,47,110,True,True,False
544,5,48,111,True,True,False
545,5,49,112,True,True,False
546,5,50,113,True,True,False
547,5,51,114,False,True,False
548,5,52,115,False,False,False
549,5,53,116,False,False,False
550,5,54,117,False,False,False
641,6,21,118,False,False,False
642,6,22,119,False,False,False
643,6,23,120,False,False,False
644,6,24,121,False,False,False
645,6,25,122,False,False,False
646,6,26,123,False,False,False
647,6,27,124,False,False,False
648,6,28,125,True,True,False
649,6,29,126,False,False,False
650,6,30,127,False,False,False
651,6,31,128,False,False,False
652,6,32,129,False,False,False
653,6,33,130,False,False,False
654,6,34,131,False,True,False
655,6,35,132,False,True,False
656,6,36,133,False,True,False
657,6,37,134,False,True,False
658,6,38,135,True,True,False
659,6,39,136,True,True,False
660,6,40,137,True,True,False
661,6,41,138,True,True,False
662,6,42,139,False,False,False
663,6,43,140,False,False,False
664,6,44,141,False,False,False
665,6,45,142,False,False,False
666,6,46,143,False,False,False
667,6,47,144,False,False,False
668,6,48,145,True,False,False
669,6,49,146,False,False,False
670,6,50,147,True,False,False
671,6,51,148,True,True,False
672,6,52,149,True,True,False
673,6,53,150,True,True,False
674,6,54,151,False,False,False
675,6,55,152,False,False,False
765,7,21,153,False,False,False
766,7,22,154,False,False,False
767,7,23,155,False,False,False
768,7,24,156,False,False,False
769,7,25,157,False,False,False
770,7,26,158,False,False,False
771,7,27,159,False,False,False
772,7,28,160,True,True,False
773,7,29,161,False,False,False
774,7,30,162,False,False,False
775,7,31,163,False,False,False
776,7,32,164,False,False,False
777,7,33,165,False,False,False
778,7,34,166,False,False,False
779,7,35,167,False,False,False
780,7,36,168,False,True,False
781,7,37,169,False,True,False
782,7,38,170,True,True,False
783,7,39,171,True,True,False
784,7,40,172,True,False,False
785,7,41,173,True,False,False
786,7,42,174,True,False,False
787,7,43,175,False,False,False
788,7,44,176,False,False,False
789,7,45,177,False,False,False
790,7,46,178,False,False,False
791,7,47,179,False,False,False
792,7,48,180,True,False,False
793,7,49,181,False,False,False
794,7,50,182,False,False,False
795,7,51,183,False,False,False
796,7,52,184,False,False,False
797,7,53,185,True,True,False
798,7,54,186,True,True,False
799,7,55,187,False,True,False
800,7,56,188,False,False,False
801,7,57,189,True,True,False
802,7,58,190,False,False,False
803,7,59,191,False,False,False
804,7,60,192,False,False,False
805,7,61,193,False,False,False
806,7,62,194,True,True,False
807,7,63,195,True,True,False
888,8,20,196,False,False,False
889,8,21,197,False,False,False
890,8,22,198,False,False,False
891,8,23,199,False,False,False
892,8,24,200,False,False,False
893,8,25,201,False,False,False
894,8,26,202,False,True,False
895,8,27,203,False,False,False
896,8,28,204,True,True,False
897,8,29,205,True,False,False
898,8,30,206,True,False,False
899,8,31,207,True,False,False
900,8,32,208,False,False,False
901,8,33,209,False,False,False
902,8,34,210,False,False,False
903,8,35,211,False,False,False
904,8,36,212,False,False,False
905,8,37,213,False,True,False
906,8,38,214,True,True,False
907,8,39,215,True,False,False
908,8,40,216,False,False,False
909,8,41,217,False,False,False
910,8,42,218,True,False,False
911,8,43,219,True,False,False
912,8,44,220,True,False,False
913,8,45,221,False,False,False
914,8,46,222,False,False,False
915,8,47,223,False,False,False
916,8,48,224,True,False,False
917,8,49,225,False,False,False
918,8,50,226,False,False,False
919,8,51,227,False,False,False
920,8,52,228,False,False,False
921,8,53,229,False,False,False
922,8,54,230,True,False,False
923,8,55,231,True,True,False
924,8,56,232,True,True,False
925,8,57,233,True,True,False
926,8,58,234,True,True,False
927,8,59,235,True,False,False
928,8,60,236,False,False,False
929,8,61,237,True,False,False
930,8,62,238,True,True,False
931,8,63,239,False,True,False
932,8,64,240,False,False,False
1012,9,20,241,False,False,False
1013,9,21,242,False,False,False
1014,9,22,243,False,False,False
1015,9,23,244,False,False,False
1016,9,24,245,False,False,False
1017,9,25,246,False,False,False
1018,9,26,247,False,True,False
1019,9,27,248,False,True,False
1020,9,28,249,False,True,False
1021,9,29,250,False,True,False
1022,9,30,251,False,True,False
1023,9,31,252,True,False,False
1024,9,32,253,True,False,False
1025,9,33,254,True,True,False
1026,9,34,255,True,True,False
1027,9,35,256,True,True,False
1028,9,36,257,True,True,False
1029,9,37,258,True,True,False
1030,9,38,259,True,True,False
1031,9,39,260,True,True,False
1032,9,40,261,False,False,False
1033,9,41,262,False,False,False
1034,9,42,263,False,False,False
1035,9,43,264,False,False,False
1036,9,44,265,True,False,False
1037,9,45,266,True,False,False
1038,9,46,267,False,False,False
1039,9,47,268,False,False,False
1040,9,48,269,True,False,False
1041,9,49,270,False,False,False
1042,9,50,271,False,False,False
1043,9,51,272,False,False,False
1044,9,52,273,True,False,False
1045,9,53,274,True,False,False
1046,9,54,275,True,False,False
1047,9,55,276,True,True,False
1048,9,56,277,True,True,False
1049,9,57,278,True,False,False
1050,9,58,279,True,True,False
1051,9,59,280,True,True,False
1052,9,60,281,True,False,False
1053,9,61,282,True,False,False
1054,9,62,283,True,True,False
1055,9,63,284,True,False,False
1056,9,64,285,False,False,False
1066,9,74,286,False,False,False
1067,9,75,287,True,True,False
1068,9,76,288,True,False,False
1135,10,19,289,False,False,False
1136,10,20,290,False,False,False
1137,10,21,291,False,False,False
1138,10,22,292,False,False,False
1139,10,23,293,False,False,False
1140,10,24,294,False,False,False
1141,10,25,295,False,False,False
1142,10,26,296,False,False,False
1143,10,27,297,False,False,False
1144,10,28,298,False,False,False
1145,10,29,299,False,False,False
1146,10,30,300,False,True,False
1147,10,31,301,False,True,False
1148,10,32,302,False,True,False
1149,10,33,303,True,True,False
1150,10,34,304,True,True,False
1151,10,35,305,False,True,False
1152,10,36,306,False,False,False
1153,10,37,307,False,False,False
1154,10,38,308,False,False,False
1155,10,39,309,True,True,False
1156,10,40,310,False,False,False
1157,10,41,311,False,False,False
1158,10,42,312,False,False,False
1159,10,43,313,False,False,False
1160,10,44,314,False,False,False
1161,10,45,315,True,False,False
1162,10,46,316,False,False,False
1163,10,47,317,False,False,False
1164,10,48,318,True,False,False
1165,10,49,319,True,False,False
1166,10,50,320,True,False,False
1167,10,51,321,True,False,False
1168,10,52,322,True,False,False
1169,10,53,323,False,False,False
1170,10,54,324,False,False,False
1171,10,55,325,False,True,False
1172,10,56,326,False,False,False
1173,10,57,327,True,False,False
1174,10,58,328,False,False,False
1175,10,59,329,False,True,False
1176,10,60,330,False,True,False
1177,10,61,331,False,True,False
1178,10,62,332,True,True,False
1179,10,63,333,True,False,False
1180,10,64,334,True,False,False
1181,10,65,335,False,False,False
1182,10,66,336,False,False,False
1183,10,67,337,False,False,False
1184,10,68,338,False,True,False
1185,10,69,339,False,True,False
1186,10,70,340,False,True,False
1187,10,71,341,True,True,False
1188,10,72,342,True,False,False
1189,10,73,343,False,False,False
1190,10,74,344,False,False,False
1191,10,75,345,True,True,False
1192,10,76,346,True,True,False
1193,10,77,347,True,False,False
1194,10,78,348,False,False,False
1259,11,19,349,False,False,False
1260,11,20,350,False,False,False
1261,11,21,351,False,False,False
1262,11,22,352,False,False,False
1263,11,23,353,False,False,False
1264,11,24,354,False,False,False
1265,11,25,355,False,False,False
1266,11,26,356,False,False,False
1267,11,27,357,False,False,False
1268,11,28,358,False,False,False
1269,11,29,359,False,False,False
1270,11,30,360,False,False,False
1271,11,31,361,False,False,False
1272,11,32,362,False,False,False
1273,11,33,363,True,True,False
1274,11,34,364,False,True,False
1275,11,35,365,False,False,False
1276,11,36,366,False,False,False
1277,11,37,367,False,False,False
1278,11,38,368,False,False,False
1279,11,39,369,True,True,False
1280,11,40,370,True,False,False
1281,11,41,371,False,False,False
1282,11,42,372,False,False,False
1283,11,43,373,False,False,False
1284,11,44,374,False,False,False
1285,11,45,375,True,False,False
1286,11,46,376,True,False,False
1287,11,47,377,True,False,False
1288,11,48,378,True,False,False
1289,11,49,379,True,False,False
1290,11,50,380,True,False,False
1291,11,51,381,False,False,False
1292,11,52,382,False,False,False
1293,11,53,383,False,False,False
1294,11,54,384,False,True,False
1295,11,55,385,False,True,False
1296,11,56,386,False,False,False
1297,11,57,387,True,False,False
1298,11,58,388,False,False,False
1299,11,59,389,False,False,False
1300,11,60,390,False,False,False
1301,11,61,391,False,True,False
1302,11,62,392,True,True,False
1303,11,63,393,False,False,False
1304,11,64,394,True,False,False
1305,11,65,395,True,False,False
1306,11,66,396,False,False,False
1307,11,67,397,False,False,False
1308,11,68,398,False,False,False
1309,11,69,399,False,False,False
1310,11,70,400,True,True,False
1311,11,71,401,True,True,False
1312,11,72,402,False,True,False
1313,11,73,403,False,False,False
1314,11,74,404,False,False,False
1315,11,75,405,False,False,False
1316,11,76,406,False,True,False
1317,11,77,407,True,False,False
1318,11,78,408,True,False,False
1319,11,79,409,True,False,False
1382,12,18,410,False,False,False
1383,12,19,411,False,False,False
1384,12,20,412,False,False,False
1385,12,21,413,False,False,False
1386,12,22,414,False,False,False
1387,12,23,415,False,False,False
1388,12,24,416,False,False,False
1389,12,25,417,False,False,False
1390,12,26,418,False,False,False
1391,12,27,419,False,False,False
1392,12,28,420,False,False,False
1393,12,29,421,False,False,False
1394,12,30,422,False,False,False
1395,12,31,423,False,False,False
1396,12,32,424,True,False,False
1397,12,33,425,True,True,False
1398,12,34,426,False,False,False
1399,12,35,427,False,False,False
1400,12,36,428,False,False,False
1401,12,37,429,False,False,False
1402,12,38,430,False,False,False
1403,12,39,431,False,True,False
1404,12,40,432,True,True,False
1405,12,41,433,False,False,False
1406,12,42,434,False,False,False
1407,12,43,435,False,False,False
1408,12,44,436,False,False,False
1409,12,45,437,False,False,False
1410,12,46,438,False,False,False
1411,12,47,439,False,False,False
1412,12,48,440,True,False,False
1413,12,49,441,False,False,False
1414,12,50,442,False,False,False
1415,12,51,443,False,False,False
1416,12,52,444,False,False,False
1417,12,53,445,False,False,False
1418,12,54,446,False,True,False
1419,12,55,447,False,False,False
1420,12,56,448,False,False,False
1421,12,57,449,True,False,False
1422,12,58,450,False,False,False
1423,12,59,451,False,False,False
1424,12,60,452,False,False,False
1425,12,61,453,False,False,False
1426,12,62,454,True,True,False
1427,12,63,455,False,True,False
1428,12,64,456,False,False,False
1429,12,65,457,True,False,False
1430,12,66,458,True,False,False
1431,12,67,459,False,False,False
1432,12,68,460,False,False,False
1433,12,69,461,False,True,False
1434,12,70,462,True,True,False
1435,12,71,463,False,False,False
1436,12,72,464,False,True,False
1437,12,73,465,False,True,False
1438,12,74,466,False,False,False
1439,12,75,467,False,False,False
1440,12,76,468,False,True,False
1441,12,77,469,True,False,False
1442,12,78,470,True,False,False
1443,12,79,471,False,False,False
1444,12,80,472,False,False,False
1506,13,18,473,False,False,False
1507,13,19,474,False,False,False
1508,13,20,475,False,False,False
1509,13,21,476,False,False,False
1510,13,22,477,False,False,False
1511,13,23,478,False,False,False
1512,13,24,479,False,False,False
1513,13,25,480,False,False,False
1514,13,26,481,False,True,False
1515,13,27,482,False,True,False
1516,13,28,483,False,False,False
1517,13,29,484,False,False,False
1518,13,30,485,False,False,False
1519,13,31,486,True,True,False
1520,13,32,487,True,True,False
1521,13,33,488,False,True,False
1522,13,34,489,False,False,False
1523,13,35,490,False,False,False
1524,13,36,491,False,False,False
1525,13,37,492,False,False,False
1526,13,38,493,False,False,False
1527,13,39,494,True,True,False
1528,13,40,495,True,True,False
1529,13,41,496,False,True,False
1530,13,42,497,False,False,False
1531,13,43,498,False,False,False
1532,13,44,499,False,False,False
1533,13,45,500,False,False,False
1534,13,46,501,False,False,False
1535,13,47,502,False,False,False
1536,13,48,503,True,False,False
1537,13,49,504,True,False,False
1538,13,50,505,True,False,False
1539,13,51,506,False,False,False
1540,13,52,507,False,False,False
1541,13,53,508,False,False,False
1542,13,54,509,False,True,False
1543,13,55,510,False,False,False
1544,13,56,511,True,False,False
1545,13,57,512,True,False,False
1546,13,58,513,False,False,False
1547,13,59,514,False,False,False
1548,13,60,515,False,False,False
1549,13,61,516,False,False,False
1550,13,62,517,True,True,False
1551,13,63,518,False,True,False
1552,13,64,519,False,True,False
1553,13,65,520,False,False,False
1554,13,66,521,True,False,False
1555,13,67,522,True,False,False
1556,13,68,523,False,False,False
1557,13,69,524,True,True,False
1558,13,70,525,True,False,False
1559,13,71,526,False,False,False
1560,13,72,527,False,False,False
1561,13,73,528,False,False,False
1562,13,74,529,False,False,False
1563,13,75,530,False,False,False
1564,13,76,531,False,False,False
1565,13,77,532,True,False,False
1566,13,78,533,True,False,False
1567,13,79,534,False,False,False
1568,13,80,535,False,False,False
1569,13,81,536,False,False,False
1629,14,17,537,False,False,False
1630,14,18,538,False,False,False
1631,14,19,539,False,False,False
1632,14,20,540,False,False,False
1633,14,21,541,False,False,False
1634,14,22,542,False,False,False
1635,14,23,543,False,True,False
1636,14,24,544,False,False,False
1637,14,25,545,False,True,False
1638,14,26,546,False,True,False
1639,14,27,547,False,True,False
1640,14,28,548,False,True,False
1641,14,29,549,True,True,False
1642,14,30,550,True,True,False
1643,14,31,551,True,True,False
1644,14,32,552,False,False,False
1645,14,33,553,False,False,False
1646,14,34,554,False,False,False
1647,14,35,555,False,False,False
1648,14,36,556,False,False,False
1649,14,37,557,False,False,False
1650,14,38,558,True,True,False
1651,14,39,559,True,True,False
1652,14,40,560,True,False,False
1653,14,41,561,False,True,False
1654,14,42,562,False,True,False
1655,14,43,563,False,False,False
1656,14,44,564,False,False,False
1657,14,45,565,False,False,False
1658,14,46,566,False,False,False
1659,14,47,567,False,False,False
1660,14,48,568,False,False,False
1661,14,49,569,False,False,False
1662,14,50,570,True,False,False
1663,14,51,571,True,False,False
1664,14,52,572,True,False,False
1665,14,53,573,False,True,False
1666,14,54,574,False,True,False
1667,14,55,575,False,False,False
1668,14,56,576,True,False,False
1669,14,57,577,False,False,False
1670,14,58,578,False,False,False
1671,14,59,579,False,False,False
1672,14,60,580,False,False,False
1673,14,61,581,False,False,False
1674,14,62,582,True,True,False
1675,14,63,583,False,False,False
1676,14,64,584,False,True,False
1677,14,65,585,False,True,False
1678,14,66,586,False,False,False
1679,14,67,587,True,False,False
1680,14,68,588,False,True,False
1681,14,69,589,True,True,False
1682,14,70,590,False,False,False
1683,14,71,591,False,False,False
1684,14,72,592,False,False,False
1685,14,73,593,False,False,False
1686,14,74,594,False,False,False
1687,14,75,595,False,False,False
1688,14,76,596,False,False,False
1689,14,77,597,True,False,False
1690,14,78,598,True,False,False
1691,14,79,599,False,False,False
1692,14,80,600,True,False,False
1693,14,81,601,True,False,False
1694,14,82,602,False,False,False
1695,14,83,603,False,False,False
1753,15,17,604,False,False,False
1754,15,18,605,False,False,False
1755,15,19,606,False,False,False
1756,15,20,607,False,False,False
1757,15,21,608,False,False,False
1758,15,22,609,False,True,False
1759,15,23,610,False,True,False
1760,15,24,611,False,True,False
1761,15,25,612,False,True,False
1762,15,26,613,False,False,False
1763,15,27,614,False,False,False
1764,15,28,615,True,True,False
1765,15,29,616,True,True,False
1766,15,30,617,False,False,False
1767,15,31,618,False,False,False
1768,15,32,619,False,False,False
1769,15,33,620,False,False,False
1770,15,34,621,False,False,False
1771,15,35,622,False,False,False
1772,15,36,623,False,False,False
1773,15,37,624,True,True,False
1774,15,38,625,True,True,False
1775,15,39,626,False,True,False
1776,15,40,627,True,False,False
1777,15,41,628,False,False,False
1778,15,42,629,False,True,False
1779,15,43,630,False,False,False
1780,15,44,631,False,False,False
1781,15,45,632,False,False,False
1782,15,46,633,False,False,False
1783,15,47,634,False,False,False
1784,15,48,635,False,False,False
1785,15,49,636,False,False,False
1786,15,50,637,False,False,False
1787,15,51,638,False,False,False
1788,15,52,639,True,False,False
1789,15,53,640,True,True,False
1790,15,54,641,False,False,False
1791,15,55,642,False,False,False
1792,15,56,643,True,False,False
1793,15,57,644,False,False,False
1794,15,58,645,False,False,False
1795,15,59,646,False,False,False
1796,15,60,647,False,False,False
1797,15,61,648,False,False,False
1798,15,62,649,True,True,False
1799,15,63,650,False,True,False
1800,15,64,651,False,False,False
1801,15,65,652,False,True,False
1802,15,66,653,False,True,False
1803,15,67,654,True,False,False
1804,15,68,655,True,True,False
1805,15,69,656,True,False,False
1806,15,70,657,False,False,False
1807,15,71,658,False,False,False
1808,15,72,659,False,False,False
1809,15,73,660,False,False,False
1810,15,74,661,False,True,False
1811,15,75,662,False,True,False
1812,15,76,663,False,True,False
1813,15,77,664,True,True,False
1814,15,78,665,True,False,False
1815,15,79,666,True,False,False
1816,15,80,667,True,False,False
1817,15,81,668,False,False,False
1818,15,82,669,False,False,False
1819,15,83,670,False,False,False
1820,15,84,671,False,False,False
1821,15,85,672,False,True,False
1822,15,86,673,False,False,False
1823,15,87,674,True,True,False
1824,15,88,675,True,True,False
1825,15,89,676,True,True,False
1826,15,90,677,True,True,False
1827,15,91,678,False,False,False
1828,15,92,679,False,False,False
1829,15,93,680,False,True,False
1830,15,94,681,False,False,False
1831,15,95,682,False,False,False
1877,16,17,683,False,False,False
1878,16,18,684,False,False,False
1879,16,19,685,False,False,False
1880,16,20,686,False,False,False
1881,16,21,687,False,True,False
1882,16,22,688,False,True,False
1883,16,23,689,False,False,False
1884,16,24,690,False,False,False
1885,16,25,691,False,False,False
1886,16,26,692,False,False,False
1887,16,27,693,True,False,False
1888,16,28,694,True,False,False
1889,16,29,695,False,False,False
1890,16,30,696,False,False,False
1891,16,31,697,False,False,False
1892,16,32,698,False,False,False
1893,16,33,699,False,False,False
1894,16,34,700,False,False,False
1895,16,35,701,False,False,False
1896,16,36,702,True,True,False
1897,16,37,703,True,True,False
1898,16,38,704,False,False,False
1899,16,39,705,False,True,False
1900,16,40,706,True,True,False
1901,16,41,707,False,False,False
1902,16,42,708,False,True,False
1903,16,43,709,False,True,False
1904,16,44,710,False,False,False
1905,16,45,711,False,False,False
1906,16,46,712,False,False,False
1907,16,47,713,False,False,False
1908,16,48,714,False,False,False
1909,16,49,715,False,False,False
1910,16,50,716,False,False,False
1911,16,51,717,False,False,False
1912,16,52,718,True,True,False
1913,16,53,719,True,True,False
1914,16,54,720,True,False,False
1915,16,55,721,True,False,False
1916,16,56,722,True,False,False
1917,16,57,723,False,False,False
1918,16,58,724,False,False,False
1919,16,59,725,False,False,False
1920,16,60,726,False,False,False
1921,16,61,727,False,False,False
1922,16,62,728,True,False,False
1923,16,63,729,False,True,False
1924,16,64,730,False,False,False
1925,16,65,731,False,False,False
1926,16,66,732,False,True,False
1927,16,67,733,False,False,False
1928,16,68,734,True,True,False
1929,16,69,735,True,False,False
1930,16,70,736,False,False,False
1931,16,71,737,False,False,False
1932,16,72,738,False,False,False
1933,16,73,739,False,False,False
1934,16,74,740,False,False,False
1935,16,75,741,False,True,False
1936,16,76,742,False,True,False
1937,16,77,743,True,True,False
1938,16,78,744,True,False,False
1939,16,79,745,True,False,False
1940,16,80,746,False,False,False
1941,16,81,747,False,False,False
1942,16,82,748,False,False,False
1943,16,83,749,False,False,False
1944,16,84,750,False,False,False
1945,16,85,751,False,True,False
1946,16,86,752,False,True,False
1947,16,87,753,True,True,False
1948,16,88,754,True,True,False
1949,16,89,755,False,True,False
1950,16,90,756,False,True,False
1951,16,91,757,True,True,False
1952,16,92,758,False,True,False
1953,16,93,759,True,True,False
1954,16,94,760,True,False,False
1955,16,95,761,True,False,False
2000,17,16,762,False,False,False
2001,17,17,763,False,False,False
2002,17,18,764,False,False,False
2003,17,19,765,False,False,False
2004,17,20,766,False,False,False
2005,17,21,767,False,True,False
2006,17,22,768,False,False,False
2007,17,23,769,False,False,False
2008,17,24,770,False,False,False
2009,17,25,771,False,False,False
2010,17,26,772,True,False,False
2011,17,27,773,True,False,False
2012,17,28,774,False,False,False
2013,17,29,775,False,False,False
2014,17,30,776,False,False,False
2015,17,31,777,False,False,False
2016,17,32,778,False,False,False
2017,17,33,779,False,False,False
2018,17,34,780,False,False,False
2019,17,35,781,True,True,False
2020,17,36,782,True,True,False
2021,17,37,783,False,False,False
2022,17,38,784,False,False,False
2023,17,39,785,False,False,False
2024,17,40,786,True,True,False
2025,17,41,787,False,False,False
2026,17,42,788,False,False,False
2027,17,43,789,False,True,False
2028,17,44,790,False,False,False
2029,17,45,791,False,False,False
2030,17,46,792,False,False,False
2031,17,47,793,False,False,False
2032,17,48,794,False,False,False
2033,17,49,795,False,False,False
2034,17,50,796,False,False,False
2035,17,51,797,True,False,False
2036,17,52,798,True,True,False
2037,17,53,799,True,True,False
2038,17,54,800,True,True,False
2039,17,55,801,False,False,False
2040,17,56,802,True,False,False
2041,17,57,803,False,False,False
2042,17,58,804,False,False,False
2043,17,59,805,False,False,False
2044,17,60,806,False,False,False
2045,17,61,807,False,False,False
2046,17,62,808,True,True,False
2047,17,63,809,False,True,False
2048,17,64,810,False,False,False
2049,17,65,811,False,False,False
2050,17,66,812,False,True,False
2051,17,67,813,False,True,False
2052,17,68,814,False,True,False
2053,17,69,815,True,False,False
2054,17,70,816,False,False,False
2055,17,71,817,False,False,False
2056,17,72,818,False,False,False
2057,17,73,819,True,True,False
2058,17,74,820,True,True,False
2059,17,75,821,True,True,False
2060,17,76,822,True,False,False
2061,17,77,823,True,True,False
2062,17,78,824,False,True,False
2063,17,79,825,True,True,False
2064,17,80,826,False,True,False
2065,17,81,827,False,True,False
2066,17,82,828,False,True,False
2067,17,83,829,False,True,False
2068,17,84,830,False,True,False
2069,17,85,831,False,True,False
2070,17,86,832,True,True,False
2071,17,87,833,True,False,False
2072,17,88,834,True,False,False
2073,17,89,835,False,True,False
2074,17,90,836,False,False,False
2075,17,91,837,True,False,False
2076,17,92,838,True,True,False
2077,17,93,839,True,True,False
2078,17,94,840,False,True,False
2079,17,95,841,True,True,False
2124,18,16,842,False,False,False
2125,18,17,843,False,False,False
2126,18,18,844,False,False,False
2127,18,19,845,False,False,False
2128,18,20,846,True,True,False
2129,18,21,847,False,True,False
2130,18,22,848,False,False,False
2131,18,23,849,False,False,False
2132,18,24,850,False,False,False
2133,18,25,851,True,False,False
2134,18,26,852,True,False,False
2135,18,27,853,False,False,False
2136,18,28,854,False,False,False
2137,18,29,855,False,False,False
2138,18,30,856,False,False,False
2139,18,31,857,False,False,False
2140,18,32,858,False,False,False
2141,18,33,859,False,False,False
2142,18,34,860,False,True,False
2143,18,35,861,True,True,False
2144,18,36,862,False,False,False
2145,18,37,863,False,False,False
2146,18,38,864,False,False,False
2147,18,39,865,False,True,False
2148,18,40,866,True,True,False
2149,18,41,867,False,False,False
2150,18,42,868,False,False,False
2151,18,43,869,False,True,False
2152,18,44,870,False,True,False
2153,18,45,871,False,False,False
2154,18,46,872,False,False,False
2155,18,47,873,False,False,False
2156,18,48,874,False,False,False
2157,18,49,875,False,False,False
2158,18,50,876,True,False,False
2159,18,51,877,True,False,False
2160,18,52,878,False,True,False
2161,18,53,879,False,True,False
2162,18,54,880,True,True,False
2163,18,55,881,True,True,False
2164,18,56,882,True,False,False
2165,18,57,883,False,False,False
2166,18,58,884,False,False,False
2167,18,59,885,False,False,False
2168,18,60,886,False,False,False
2169,18,61,887,False,True,False
2170,18,62,888,True,True,False
2171,18,63,889,True,True,False
2172,18,64,890,False,False,False
2173,18,65,891,False,False,False
2174,18,66,892,False,False,False
2175,18,67,893,False,True,False
2176,18,68,894,False,True,False
2177,18,69,895,True,False,False
2178,18,70,896,False,False,False
2179,18,71,897,False,False,False
2180,18,72,898,False,True,False
2181,18,73,899,True,True,False
2182,18,74,900,False,False,False
2183,18,75,901,False,True,False
2184,18,76,902,False,True,False
2185,18,77,903,True,True,False
2186,18,78,904,False,True,False
2187,18,79,905,True,False,False
2188,18,80,906,True,False,False
2189,18,81,907,False,False,False
2190,18,82,908,False,False,False
2191,18,83,909,False,False,False
2192,18,84,910,False,True,False
2193,18,85,911,False,True,False
2194,18,86,912,True,False,False
2195,18,87,913,True,False,False
2196,18,88,914,True,False,False
2197,18,89,915,False,True,False
2198,18,90,916,False,False,False
2199,18,91,917,False,False,False
2200,18,92,918,False,True,False
2201,18,93,919,False,True,False
2202,18,94,920,False,True,False
2203,18,95,921,False,False,False
2247,19,15,922,False,False,False
2248,19,16,923,False,False,False
2249,19,17,924,False,False,False
2250,19,18,925,False,False,False
2251,19,19,926,False,False,False
2252,19,20,927,True,True,False
2253,19,21,928,False,True,False
2254,19,22,929,False,False,False
2255,19,23,930,False,False,False
2256,19,24,931,False,False,False
2257,19,25,932,True,False,False
2258,19,26,933,False,False,False
2259,19,27,934,False,False,False
2260,19,28,935,False,False,False
2261,19,29,936,False,False,False
2262,19,30,937,False,False,False
2263,19,31,938,False,False,False
2264,19,32,939,False,True,False
2265,19,33,940,False,True,False
2266,19,34,941,True,True,False
2267,19,35,942,True,False,False
2268,19,36,943,False,False,False
2269,19,37,944,False,False,False
2270,19,38,945,False,False,False
2271,19,39,946,False,False,False
2272,19,40,947,True,True,False
2273,19,41,948,True,False,False
2274,19,42,949,False,False,False
2275,19,43,950,False,False,False
2276,19,44,951,False,True,False
2277,19,45,952,False,False,False
2278,19,46,953,False,False,False
2279,19,47,954,False,False,False
2280,19,48,955,False,False,False
2281,19,49,956,True,False,False
2282,19,50,957,True,False,False
2283,19,51,958,False,True,False
2284,19,52,959,False,True,False
2285,19,53,960,False,False,False
2286,19,54,961,False,False,False
2287,19,55,962,True,True,False
2288,19,56,963,True,False,False
2289,19,57,964,False,False,False
2290,19,58,965,False,False,False
2291,19,59,966,False,False,False
2292,19,60,967,False,False,False
2293,19,61,968,False,True,False
2294,19,62,969,True,False,False
2295,19,63,970,True,True,False
2296,19,64,971,False,False,False
2297,19,65,972,False,False,False
2298,19,66,973,False,False,False
2299,19,67,974,False,True,False
2300,19,68,975,False,True,False
2301,19,69,976,True,False,False
2302,19,70,977,True,True,False
2303,19,71,978,True,True,False
2304,19,72,979,True,True,False
2305,19,73,980,True,False,False
2306,19,74,981,False,False,False
2307,19,75,982,False,False,False
2308,19,76,983,False,False,False
2309,19,77,984,True,True,False
2310,19,78,985,True,True,False
2311,19,79,986,False,False,False
2312,19,80,987,True,False,False
2313,19,81,988,True,False,False
2314,19,82,989,False,False,False
2315,19,83,990,False,False,False
2316,19,84,991,False,False,False
2317,19,85,992,False,True,False
2318,19,86,993,True,True,False
2319,19,87,994,False,True,False
2320,19,88,995,True,True,False
2321,19,89,996,False,True,False
2322,19,90,997,False,True,False
2323,19,91,998,False,False,False
2324,19,92,999,False,True,False
2325,19,93,1000,False,True,False
2326,19,94,1001,False,True,False
2327,19,95,1002,False,False,False
2371,20,15,1003,False,False,False
2372,20,16,1004,False,False,False
2373,20,17,1005,False,False,False
2374,20,18,1006,False,False,False
2375,20,19,1007,True,True,False
2376,20,20,1008,True,True,False
2377,20,21,1009,False,True,False
2378,20,22,1010,False,False,False
2379,20,23,1011,False,False,False
2380,20,24,1012,True,False,False
2381,20,25,1013,True,False,False
2382,20,26,1014,False,False,False
2383,20,27,1015,False,False,False
2384,20,28,1016,False,False,False
2385,20,29,1017,False,False,False
2386,20,30,1018,False,True,False
2387,20,31,1019,False,True,False
2388,20,32,1020,False,True,False
2389,20,33,1021,False,False,False
2390,20,34,1022,False,True,False
2391,20,35,1023,True,True,False
2392,20,36,1024,False,False,False
2393,20,37,1025,False,False,False
2394,20,38,1026,False,False,False
2395,20,39,1027,False,False,False
2396,20,40,1028,True,True,False
2397,20,41,1029,False,False,False
2398,20,42,1030,False,False,False
2399,20,43,1031,False,False,False
2400,20,44,1032,False,True,False
2401,20,45,1033,False,True,False
2402,20,46,1034,False,False,False
2403,20,47,1035,False,False,False
2404,20,48,1036,False,False,False
2405,20,49,1037,True,False,False
2406,20,50,1038,False,True,False
2407,20,51,1039,False,True,False
2408,20,52,1040,False,False,False
2409,20,53,1041,False,False,False
2410,20,54,1042,False,False,False
2411,20,55,1043,False,True,False
2412,20,56,1044,True,True,False
2413,20,57,1045,False,True,False
2414,20,58,1046,False,True,False
2415,20,59,1047,False,False,False
2416,20,60,1048,False,False,False
2417,20,61,1049,True,True,False
2418,20,62,1050,True,False,False
2419,20,63,1051,True,True,False
2420,20,64,1052,False,False,False
2421,20,65,1053,False,False,False
2422,20,66,1054,False,False,False
2423,20,67,1055,False,False,False
2424,20,68,1056,False,True,False
2425,20,69,1057,True,True,False
2426,20,70,1058,True,True,False
2427,20,71,1059,True,False,False
2428,20,72,1060,False,False,False
2429,20,73,1061,False,False,False
2430,20,74,1062,False,False,False
2431,20,75,1063,False,False,False
2432,20,76,1064,False,False,False
2433,20,77,1065,False,False,False
2434,20,78,1066,True,True,False
2435,20,79,1067,False,False,False
2436,20,80,1068,False,False,False
2437,20,81,1069,True,False,False
2438,20,82,1070,False,False,False
2439,20,83,1071,False,False,False
2440,20,84,1072,False,False,False
2441,20,85,1073,True,True,False
2442,20,86,1074,True,False,False
2443,20,87,1075,False,True,False
2444,20,88,1076,True,True,False
2445,20,89,1077,True,True,False
2446,20,90,1078,False,False,False
2447,20,91,1079,False,False,False
2448,20,92,1080,False,False,False
2449,20,93,1081,False,False,False
2450,20,94,1082,False,False,False
2451,20,95,1083,False,False,False
2452,20,96,1084,False,False,False
2494,21,14,1085,False,False,False
2495,21,15,1086,False,False,False
2496,21,16,1087,False,False,False
2497,21,17,1088,False,False,False
2498,21,18,1089,False,False,False
2499,21,19,1090,True,True,False
2500,21,20,1091,False,False,False
2501,21,21,1092,False,True,False
2502,21,22,1093,False,False,False
2503,21,23,1094,False,False,False
2504,21,24,1095,True,False,False
2505,21,25,1096,False,False,False
2506,21,26,1097,False,False,False
2507,21,27,1098,False,False,False
2508,21,28,1099,False,False,False
2509,21,29,1100,False,True,False
2510,21,30,1101,False,True,False
2511,21,31,1102,False,False,False
2512,21,32,1103,False,False,False
2513,21,33,1104,False,False,False
2514,21,34,1105,False,False,False
2515,21,35,1106,True,True,False
2516,21,36,1107,False,False,False
2517,21,37,1108,False,False,False
2518,21,38,1109,False,False,False
2519,21,39,1110,False,False,False
2520,21,40,1111,True,True,False
2521,21,41,1112,False,False,False
2522,21,42,1113,False,False,False
2523,21,43,1114,False,False,False
2524,21,44,1115,False,False,False
2525,21,45,1116,False,True,False
2526,21,46,1117,False,True,False
2527,21,47,1118,False,False,False
2528,21,48,1119,True,False,False
2529,21,49,1120,True,True,False
2530,21,50,1121,False,True,False
2531,21,51,1122,False,False,False
2532,21,52,1123,False,False,False
2533,21,53,1124,False,False,False
2534,21,54,1125,False,False,False
2535,21,55,1126,False,False,False
2536,21,56,1127,True,True,False
2537,21,57,1128,True,False,False
2538,21,58,1129,True,True,False
2539,21,59,1130,True,True,False
2540,21,60,1131,True,True,False
2541,21,61,1132,True,True,False
2542,21,62,1133,True,False,False
2543,21,63,1134,True,True,False
2544,21,64,1135,True,False,False
2545,21,65,1136,False,False,False
2546,21,66,1137,False,False,False
2547,21,67,1138,False,True,False
2548,21,68,1139,False,True,False
2549,21,69,1140,True,False,False
2550,21,70,1141,False,True,False
2551,21,71,1142,False,False,False
2552,21,72,1143,False,False,False
2553,21,73,1144,False,False,False
2554,21,74,1145,False,False,False
2555,21,75,1146,False,False,False
2556,21,76,1147,False,False,False
2557,21,77,1148,False,False,False
2558,21,78,1149,True,True,False
2559,21,79,1150,False,True,False
2560,21,80,1151,False,False,False
2561,21,81,1152,True,False,False
2562,21,82,1153,False,False,False
2563,21,83,1154,False,False,False
2564,21,84,1155,False,False,False
2565,21,85,1156,True,True,False
2566,21,86,1157,True,True,False
2567,21,87,1158,False,True,False
2568,21,88,1159,False,False,False
2569,21,89,1160,True,True,False
2570,21,90,1161,True,True,False
2571,21,91,1162,False,False,False
2572,21,92,1163,False,False,False
2573,21,93,1164,False,False,False
2574,21,94,1165,False,False,False
2575,21,95,1166,False,True,False
2576,21,96,1167,False,True,False
2618,22,14,1168,False,False,False
2619,22,15,1169,False,False,False
2620,22,16,1170,False,False,False
2621,22,17,1171,False,False,False
2622,22,18,1172,False,False,False
2623,22,19,1173,True,True,False
2624,22,20,1174,False,False,False
2625,22,21,1175,False,True,False
2626,22,22,1176,False,True,False
2627,22,23,1177,True,True,False
2628,22,24,1178,True,False,False
2629,22,25,1179,False,False,False
2630,22,26,1180,False,False,False
2631,22,27,1181,False,False,False
2632,22,28,1182,False,True,False
2633,22,29,1183,False,True,False
2634,22,30,1184,False,False,False
2635,22,31,1185,False,False,False
2636,22,32,1186,False,False,False
2637,22,33,1187,False,False,False
2638,22,34,1188,True,True,False
2639,22,35,1189,True,True,False
2640,22,36,1190,False,False,False
2641,22,37,1191,False,False,False
2642,22,38,1192,False,False,False
2643,22,39,1193,True,True,False
2644,22,40,1194,True,True,False
2645,22,41,1195,False,False,False
2646,22,42,1196,False,False,False
2647,22,43,1197,False,False,False
2648,22,44,1198,False,False,False
2649,22,45,1199,False,False,False
2650,22,46,1200,False,True,False
2651,22,47,1201,True,True,False
2652,22,48,1202,True,False,False
2653,22,49,1203,False,True,False
2654,22,50,1204,False,False,False
2655,22,51,1205,False,False,False
2656,22,52,1206,False,False,False
2657,22,53,1207,False,False,False
2658,22,54,1208,False,False,False
2659,22,55,1209,False,True,False
2660,22,56,1210,True,True,False
2661,22,57,1211,False,False,False
2662,22,58,1212,False,False,False
2663,22,59,1213,False,True,False
2664,22,60,1214,False,False,False
2665,22,61,1215,True,False,False
2666,22,62,1216,True,False,False
2667,22,63,1217,True,True,False
2668,22,64,1218,True,False,False
2669,22,65,1219,True,False,False
2670,22,66,1220,True,True,False
2671,22,67,1221,True,True,False
2672,22,68,1222,True,False,False
2673,22,69,1223,True,False,False
2674,22,70,1224,True,True,False
2675,22,71,1225,True,False,False
2676,22,72,1226,False,False,False
2677,22,73,1227,False,False,False
2678,22,74,1228,False,False,False
2679,22,75,1229,False,False,False
2680,22,76,1230,False,False,False
2681,22,77,1231,False,False,False
2682,22,78,1232,True,True,False
2683,22,79,1233,False,True,False
2684,22,80,1234,False,True,False
2685,22,81,1235,True,False,False
2686,22,82,1236,True,False,False
2687,22,83,1237,False,False,False
2688,22,84,1238,True,False,False
2689,22,85,1239,True,True,False
2690,22,86,1240,False,False,False
2691,22,87,1241,False,True,False
2692,22,88,1242,False,True,False
2693,22,89,1243,False,False,False
2694,22,90,1244,True,True,False
2695,22,91,1245,True,True,False
2696,22,92,1246,False,True,False
2697,22,93,1247,False,False,False
2698,22,94,1248,False,False,False
2699,22,95,1249,True,True,False
2700,22,96,1250,True,False,False
2741,23,13,1251,False,False,False
2742,23,14,1252,False,False,False
2743,23,15,1253,False,False,False
2744,23,16,1254,False,False,False
2745,23,17,1255,False,False,False
2746,23,18,1256,False,False,False
2747,23,19,1257,True,True,False
2748,23,20,1258,False,False,False
2749,23,21,1259,False,False,False
2750,23,22,1260,True,False,False
2751,23,23,1261,True,True,False
2752,23,24,1262,False,False,False
2753,23,25,1263,False,False,False
2754,23,26,1264,False,False,False
2755,23,27,1265,False,True,False
2756,23,28,1266,False,True,False
2757,23,29,1267,False,False,False
2758,23,30,1268,False,False,False
2759,23,31,1269,False,False,False
2760,23,32,1270,False,False,False
2761,23,33,1271,False,False,False
2762,23,34,1272,True,True,False
2763,23,35,1273,False,False,False
2764,23,36,1274,False,False,False
2765,23,37,1275,False,False,False
2766,23,38,1276,False,False,False
2767,23,39,1277,True,True,False
2768,23,40,1278,False,True,False
2769,23,41,1279,False,False,False
2770,23,42,1280,False,False,False
2771,23,43,1281,False,False,False
2772,23,44,1282,False,False,False
2773,23,45,1283,False,False,False
2774,23,46,1284,True,False,False
2775,23,47,1285,True,True,False
2776,23,48,1286,False,False,False
2777,23,49,1287,False,True,False
2778,23,50,1288,False,False,False
2779,23,51,1289,False,False,False
2780,23,52,1290,False,False,False
2781,23,53,1291,False,False,False
2782,23,54,1292,False,False,False
2783,23,55,1293,False,True,False
2784,23,56,1294,True,True,False
2785,23,57,1295,False,False,False
2786,23,58,1296,False,False,False
2787,23,59,1297,False,True,False
2788,23,60,1298,False,True,False
2789,23,61,1299,True,False,False
2790,23,62,1300,True,True,False
2791,23,63,1301,False,True,False
2792,23,64,1302,False,False,False
2793,23,65,1303,False,True,False
2794,23,66,1304,True,True,False
2795,23,67,1305,True,False,False
2796,23,68,1306,True,False,False
2797,23,69,1307,False,False,False
2798,23,70,1308,False,True,False
2799,23,71,1309,True,True,False
2800,23,72,1310,True,True,False
2801,23,73,1311,False,False,False
2802,23,74,1312,False,False,False
2803,23,75,1313,False,False,False
2804,23,76,1314,False,False,False
2805,23,77,1315,False,False,False
2806,23,78,1316,True,False,False
2807,23,79,1317,True,False,False
2808,23,80,1318,False,True,False
2809,23,81,1319,False,False,False
2810,23,82,1320,True,False,False
2811,23,83,1321,True,False,False
2812,23,84,1322,True,True,False
2813,23,85,1323,True,True,False
2814,23,86,1324,False,False,False
2815,23,87,1325,False,False,False
2816,23,88,1326,False,True,False
2817,23,89,1327,False,False,False
2818,23,90,1328,False,False,False
2819,23,91,1329,True,False,False
2820,23,92,1330,True,True,False
2821,23,93,1331,False,True,False
2822,23,94,1332,True,True,False
2823,23,95,1333,True,True,False
2824,23,96,1334,False,False,False
2865,24,13,1335,False,False,False
2866,24,14,1336,False,False,False
2867,24,15,1337,False,False,False
2868,24,16,1338,False,False,False
2869,24,17,1339,False,False,False
2870,24,18,1340,False,False,False
2871,24,19,1341,True,True,False
2872,24,20,1342,True,False,False
2873,24,21,1343,True,False,False
2874,24,22,1344,True,True,False
2875,24,23,1345,False,True,False
2876,24,24,1346,False,True,False
2877,24,25,1347,False,True,False
2878,24,26,1348,False,True,False
2879,24,27,1349,False,True,False
2880,24,28,1350,False,False,False
2881,24,29,1351,False,False,False
2882,24,30,1352,False,False,False
2883,24,31,1353,False,False,False
2884,24,32,1354,False,False,False
2885,24,33,1355,False,False,False
2886,24,34,1356,True,True,False
2887,24,35,1357,False,False,False
2888,24,36,1358,False,False,False
2889,24,37,1359,False,False,False
2890,24,38,1360,False,False,False
2891,24,39,1361,True,False,False
2892,24,40,1362,False,True,False
2893,24,41,1363,False,False,False
2894,24,42,1364,False,False,False
2895,24,43,1365,False,False,False
2896,24,44,1366,False,False,False
2897,24,45,1367,False,False,False
2898,24,46,1368,True,False,False
2899,24,47,1369,False,True,False
2900,24,48,1370,False,False,False
2901,24,49,1371,False,True,False
2902,24,50,1372,False,False,False
2903,24,51,1373,False,False,False
2904,24,52,1374,False,False,False
2905,24,53,1375,False,False,False
2906,24,54,1376,False,False,False
2907,24,55,1377,False,True,False
2908,24,56,1378,True,True,False
2909,24,57,1379,False,False,False
2910,24,58,1380,False,False,False
2911,24,59,1381,False,False,False
2912,24,60,1382,True,True,False
2913,24,61,1383,True,True,False
2914,24,62,1384,True,True,False
2915,24,63,1385,False,True,False
2916,24,64,1386,False,False,False
2917,24,65,1387,False,False,False
2918,24,66,1388,True,False,False
2919,24,67,1389,True,False,False
2920,24,68,1390,False,False,False
2921,24,69,1391,False,False,False
2922,24,70,1392,False,False,False
2923,24,71,1393,False,False,False
2924,24,72,1394,True,True,False
2925,24,73,1395,True,True,False
2926,24,74,1396,True,True,False
2927,24,75,1397,True,False,False
2928,24,76,1398,False,False,False
2929,24,77,1399,False,False,False
2930,24,78,1400,False,False,False
2931,24,79,1401,True,False,False
2932,24,80,1402,False,True,False
2933,24,81,1403,False,True,False
2934,24,82,1404,False,False,False
2935,24,83,1405,True,False,False
2936,24,84,1406,True,True,False
2937,24,85,1407,True,False,False
2938,24,86,1408,False,False,False
2939,24,87,1409,False,False,False
2940,24,88,1410,False,True,False
2941,24,89,1411,False,True,False
2942,24,90,1412,False,False,False
2943,24,91,1413,False,False,False
2944,24,92,1414,True,False,False
2945,24,93,1415,True,True,False
2946,24,94,1416,True,True,False
2947,24,95,1417,False,False,False
2948,24,96,1418,False,False,False
2988,25,12,1419,False,False,False
2989,25,13,1420,False,False,False
2990,25,14,1421,False,False,False
2991,25,15,1422,False,False,False
2992,25,16,1423,False,False,False
2993,25,17,1424,False,False,False
2994,25,18,1425,False,False,False
2995,25,19,1426,True,True,False
2996,25,20,1427,True,True,False
2997,25,21,1428,False,True,False
2998,25,22,1429,False,True,False
2999,25,23,1430,False,False,False
3000,25,24,1431,False,True,False
3001,25,25,1432,False,True,False
3002,25,26,1433,False,False,False
3003,25,27,1434,False,False,False
3004,25,28,1435,False,False,False
3005,25,29,1436,False,False,False
3006,25,30,1437,False,False,False
3007,25,31,1438,False,False,False
3008,25,32,1439,False,False,False
3009,25,33,1440,False,False,False
3010,25,34,1441,True,True,False
3011,25,35,1442,False,False,False
3012,25,36,1443,False,False,False
3013,25,37,1444,False,False,False
3014,25,38,1445,False,False,False
3015,25,39,1446,True,False,False
3016,25,40,1447,False,True,False
3017,25,41,1448,False,False,False
3018,25,42,1449,False,False,False
3019,25,43,1450,False,False,False
3020,25,44,1451,False,False,False
3021,25,45,1452,False,False,False
3022,25,46,1453,True,False,False
3023,25,47,1454,False,True,False
3024,25,48,1455,False,True,False
3025,25,49,1456,False,True,False
3026,25,50,1457,False,False,False
3027,25,51,1458,False,False,False
3028,25,52,1459,False,False,False
3029,25,53,1460,False,False,False
3030,25,54,1461,False,False,False
3031,25,55,1462,False,True,False
3032,25,56,1463,True,True,False
3033,25,57,1464,False,False,False
3034,25,58,1465,False,False,False
3035,25,59,1466,False,False,False
3036,25,60,1467,True,False,False
3037,25,61,1468,True,False,False
3038,25,62,1469,False,True,False
3039,25,63,1470,False,True,False
3040,25,64,1471,False,False,False
3041,25,65,1472,False,False,False
3042,25,66,1473,False,False,False
3043,25,67,1474,True,False,False
3044,25,68,1475,False,False,False
3045,25,69,1476,False,False,False
3046,25,70,1477,False,False,False
3047,25,71,1478,False,False,False
3048,25,72,1479,False,False,False
3049,25,73,1480,False,False,False
3050,25,74,1481,False,True,False
3051,25,75,1482,True,False,False
3052,25,76,1483,True,False,False
3053,25,77,1484,False,False,False
3054,25,78,1485,False,False,False
3055,25,79,1486,True,False,False
3056,25,80,1487,False,False,False
3057,25,81,1488,False,True,False
3058,25,82,1489,False,True,False
3059,25,83,1490,False,False,False
3060,25,84,1491,True,True,False
3061,25,85,1492,True,False,False
3062,25,86,1493,False,False,False
3063,25,87,1494,False,False,False
3064,25,88,1495,False,False,False
3065,25,89,1496,False,True,False
3066,25,90,1497,False,True,False
3067,25,91,1498,False,True,False
3068,25,92,1499,True,True,False
3069,25,93,1500,True,True,False
3070,25,94,1501,False,True,False
3071,25,95,1502,False,False,False
3072,25,96,1503,False,False,False
3112,26,12,1504,False,False,False
3113,26,13,1505,False,False,False
3114,26,14,1506,False,False,False
3115,26,15,1507,False,False,False
3116,26,16,1508,False,False,False
3117,26,17,1509,False,False,False
3118,26,18,1510,False,True,False
3119,26,19,1511,True,True,False
3120,26,20,1512,True,True,False
3121,26,21,1513,False,False,False
3122,26,22,1514,False,False,False
3123,26,23,1515,False,False,False
3124,26,24,1516,False,False,False
3125,26,25,1517,False,True,False
3126,26,26,1518,False,False,False
3127,26,27,1519,False,False,False
3128,26,28,1520,False,False,False
3129,26,29,1521,False,False,False
3130,26,30,1522,False,False,False
3131,26,31,1523,False,False,False
3132,26,32,1524,False,False,False
3133,26,33,1525,True,False,False
3134,26,34,1526,True,True,False
3135,26,35,1527,False,False,False
3136,26,36,1528,False,False,False
3137,26,37,1529,False,False,False
3138,26,38,1530,True,False,False
3139,26,39,1531,True,False,False
3140,26,40,1532,False,True,False
3141,26,41,1533,False,True,False
3142,26,42,1534,False,False,False
3143,26,43,1535,False,False,False
3144,26,44,1536,False,False,False
3145,26,45,1537,True,False,False
3146,26,46,1538,True,False,False
3147,26,47,1539,False,False,False
3148,26,48,1540,False,True,False
3149,26,49,1541,False,True,False
3150,26,50,1542,False,False,False
3151,26,51,1543,False,False,False
3152,26,52,1544,False,False,False
3153,26,53,1545,False,False,False
3154,26,54,1546,False,False,False
3155,26,55,1547,True,False,False
3156,26,56,1548,True,False,False
3157,26,57,1549,False,False,False
3158,26,58,1550,False,False,False
3159,26,59,1551,False,False,False
3160,26,60,1552,True,False,False
3161,26,61,1553,True,False,False
3162,26,62,1554,False,True,False
3163,26,63,1555,False,True,False
3164,26,64,1556,False,False,False
3165,26,65,1557,False,False,False
3166,26,66,1558,True,False,False
3167,26,67,1559,True,False,False
3168,26,68,1560,False,False,False
3169,26,69,1561,False,False,False
3170,26,70,1562,False,False,False
3171,26,71,1563,False,False,False
3172,26,72,1564,False,False,False
3173,26,73,1565,False,False,False
3174,26,74,1566,False,True,False
3175,26,75,1567,False,True,False
3176,26,76,1568,True,False,False
3177,26,77,1569,False,False,False
3178,26,78,1570,False,False,False
3179,26,79,1571,True,False,False
3180,26,80,1572,False,False,False
3181,26,81,1573,False,False,False
3182,26,82,1574,False,True,False
3183,26,83,1575,False,False,False
3184,26,84,1576,True,True,False
3185,26,85,1577,True,True,False
3186,26,86,1578,False,False,False
3187,26,87,1579,False,False,False
3188,26,88,1580,False,False,False
3189,26,89,1581,False,False,False
3190,26,90,1582,False,False,False
3191,26,91,1583,False,False,False
3192,26,92,1584,True,True,False
3193,26,93,1585,True,True,False
3194,26,94,1586,False,False,False
3195,26,95,1587,False,False,False
3196,26,96,1588,False,False,False
3197,26,97,1589,False,False,False
3236,27,12,1590,False,False,False
3237,27,13,1591,False,False,False
3238,27,14,1592,False,False,False
3239,27,15,1593,False,False,False
3240,27,16,1594,False,False,False
3241,27,17,1595,False,False,False
3242,27,18,1596,True,True,False
3243,27,19,1597,True,False,False
3244,27,20,1598,True,False,False
3245,27,21,1599,False,False,False
3246,27,22,1600,False,False,False
3247,27,23,1601,False,False,False
3248,27,24,1602,False,False,False
3249,27,25,1603,False,True,False
3250,27,26,1604,False,False,False
3251,27,27,1605,False,False,False
3252,27,28,1606,False,False,False
3253,27,29,1607,False,False,False
3254,27,30,1608,False,False,False
3255,27,31,1609,False,False,False
3256,27,32,1610,False,False,False
3257,27,33,1611,True,False,False
3258,27,34,1612,False,True,False
3259,27,35,1613,False,False,False
3260,27,36,1614,False,False,False
3261,27,37,1615,False,False,False
3262,27,38,1616,True,False,False
3263,27,39,1617,False,False,False
3264,27,40,1618,False,False,False
3265,27,41,1619,False,True,False
3266,27,42,1620,False,False,False
3267,27,43,1621,False,False,False
3268,27,44,1622,True,False,False
3269,27,45,1623,True,False,False
3270,27,46,1624,False,False,False
3271,27,47,1625,False,False,False
3272,27,48,1626,False,True,False
3273,27,49,1627,False,True,False
3274,27,50,1628,False,False,False
3275,27,51,1629,False,False,False
3276,27,52,1630,False,False,False
3277,27,53,1631,False,False,False
3278,27,54,1632,False,False,False
3279,27,55,1633,True,False,False
3280,27,56,1634,True,False,False
3281,27,57,1635,False,False,False
3282,27,58,1636,False,False,False
3283,27,59,1637,False,False,False
3284,27,60,1638,True,False,False
3285,27,61,1639,True,False,False
3286,27,62,1640,False,True,False
3287,27,63,1641,False,True,False
3288,27,64,1642,False,True,False
3289,27,65,1643,True,False,False
3290,27,66,1644,True,False,False
3291,27,67,1645,False,False,False
3292,27,68,1646,False,False,False
3293,27,69,1647,False,False,False
3294,27,70,1648,False,False,False
3295,27,71,1649,False,False,False
3296,27,72,1650,False,False,False
3297,27,73,1651,False,False,False
3298,27,74,1652,False,False,False
3299,27,75,1653,False,True,False
3300,27,76,1654,True,False,False
3301,27,77,1655,True,False,False
3302,27,78,1656,True,False,False
3303,27,79,1657,True,False,False
3304,27,80,1658,False,False,False
3305,27,81,1659,False,False,False
3306,27,82,1660,False,True,False
3307,27,83,1661,False,True,False
3308,27,84,1662,True,True,False
3309,27,85,1663,True,True,False
3310,27,86,1664,False,False,False
3311,27,87,1665,False,False,False
3312,27,88,1666,False,False,False
3313,27,89,1667,False,False,False
3314,27,90,1668,False,False,False
3315,27,91,1669,False,False,False
3316,27,92,1670,True,False,False
3317,27,93,1671,False,True,False
3318,27,94,1672,False,False,False
3319,27,95,1673,False,False,False
3320,27,96,1674,False,False,False
3321,27,97,1675,False,False,False
3359,28,11,1676,False,False,False
3360,28,12,1677,False,False,False
3361,28,13,1678,False,False,False
3362,28,14,1679,True,True,False
3363,28,15,1680,False,False,False
3364,28,16,1681,False,True,False
3365,28,17,1682,True,True,False
3366,28,18,1683,True,True,False
3367,28,19,1684,False,False,False
3368,28,20,1685,True,False,False
3369,28,21,1686,True,False,False
3370,28,22,1687,False,False,False
3371,28,23,1688,False,False,False
3372,28,24,1689,False,False,False
3373,28,25,1690,False,True,False
3374,28,26,1691,False,True,False
3375,28,27,1692,False,False,False
3376,28,28,1693,False,False,False
3377,28,29,1694,False,False,False
3378,28,30,1695,False,False,False
3379,28,31,1696,False,False,False
3380,28,32,1697,False,False,False
3381,28,33,1698,True,True,False
3382,28,34,1699,False,True,False
3383,28,35,1700,False,False,False
3384,28,36,1701,False,False,False
3385,28,37,1702,False,False,False
3386,28,38,1703,True,False,False
3387,28,39,1704,False,False,False
3388,28,40,1705,False,False,False
3389,28,41,1706,False,True,False
3390,28,42,1707,True,False,False
3391,28,43,1708,True,False,False
3392,28,44,1709,True,False,False
3393,28,45,1710,False,False,False
3394,28,46,1711,False,False,False
3395,28,47,1712,False,False,False
3396,28,48,1713,False,True,False
3397,28,49,1714,False,True,False
3398,28,50,1715,False,True,False
3399,28,51,1716,False,False,False
3400,28,52,1717,False,False,False
3401,28,53,1718,False,False,False
3402,28,54,1719,False,False,False
3403,28,55,1720,False,False,False
3404,28,56,1721,True,False,False
3405,28,57,1722,False,False,False
3406,28,58,1723,False,False,False
3407,28,59,1724,True,False,False
3408,28,60,1725,True,False,False
3409,28,61,1726,False,True,False
3410,28,62,1727,False,True,False
3411,28,63,1728,False,False,False
3412,28,64,1729,False,True,False
3413,28,65,1730,True,True,False
3414,28,66,1731,False,False,False
3415,28,67,1732,False,False,False
3416,28,68,1733,False,False,False
3417,28,69,1734,False,False,False
3418,28,70,1735,False,False,False
3419,28,71,1736,False,False,False
3420,28,72,1737,False,False,False
3421,28,73,1738,False,False,False
3422,28,74,1739,False,False,False
3423,28,75,1740,False,True,False
3424,28,76,1741,True,False,False
3425,28,77,1742,True,False,False
3426,28,78,1743,True,False,False
3427,28,79,1744,False,False,False
3428,28,80,1745,False,False,False
3429,28,81,1746,False,False,False
3430,28,82,1747,False,False,False
3431,28,83,1748,False,True,False
3432,28,84,1749,True,True,False
3433,28,85,1750,True,False,False
3434,28,86,1751,False,False,False
3435,28,87,1752,False,False,False
3436,28,88,1753,False,False,False
3437,28,89,1754,False,False,False
3438,28,90,1755,False,False,False
3439,28,91,1756,False,False,False
3440,28,92,1757,True,False,False
3441,28,93,1758,True,True,False
3442,28,94,1759,False,False,False
3443,28,95,1760,False,False,False
3444,28,96,1761,False,False,False
3445,28,97,1762,False,False,False
3483,29,11,1763,False,False,False
3484,29,12,1764,False,False,False
3485,29,13,1765,False,False,False
3486,29,14,1766,True,True,False
3487,29,15,1767,True,False,False
3488,29,16,1768,False,True,False
3489,29,17,1769,True,False,False
3490,29,18,1770,False,False,False
3491,29,19,1771,False,False,False
3492,29,20,1772,False,False,False
3493,29,21,1773,True,False,False
3494,29,22,1774,True,False,False
3495,29,23,1775,False,False,False
3496,29,24,1776,False,False,False
3497,29,25,1777,False,False,False
3498,29,26,1778,False,True,False
3499,29,27,1779,False,True,False
3500,29,28,1780,False,False,False
3501,29,29,1781,False,False,False
3502,29,30,1782,False,False,False
3503,29,31,1783,False,False,False
3504,29,32,1784,True,False,False
3505,29,33,1785,True,True,False
3506,29,34,1786,False,False,False
3507,29,35,1787,False,False,False
3508,29,36,1788,False,False,False
3509,29,37,1789,False,False,False
3510,29,38,1790,True,False,False
3511,29,39,1791,False,False,False
3512,29,40,1792,False,True,False
3513,29,41,1793,True,True,False
3514,29,42,1794,True,False,False
3515,29,43,1795,False,False,False
3516,29,44,1796,False,False,False
3517,29,45,1797,False,False,False
3518,29,46,1798,False,False,False
3519,29,47,1799,False,True,False
3520,29,48,1800,False,True,False
3521,29,49,1801,False,False,False
3522,29,50,1802,False,True,False
3523,29,51,1803,False,True,False
3524,29,52,1804,False,False,False
3525,29,53,1805,False,False,False
3526,29,54,1806,False,False,False
3527,29,55,1807,False,False,False
3528,29,56,1808,True,False,False
3529,29,57,1809,False,False,False
3530,29,58,1810,True,False,False
3531,29,59,1811,True,False,False
3532,29,60,1812,True,False,False
3533,29,61,1813,False,True,False
3534,29,62,1814,False,False,False
3535,29,63,1815,False,False,False
3536,29,64,1816,False,False,False
3537,29,65,1817,True,True,False
3538,29,66,1818,False,True,False
3539,29,67,1819,False,False,False
3540,29,68,1820,False,False,False
3541,29,69,1821,False,False,False
3542,29,70,1822,False,False,False
3543,29,71,1823,False,False,False
3544,29,72,1824,False,False,False
3545,29,73,1825,False,False,False
3546,29,74,1826,False,True,False
3547,29,75,1827,True,True,False
3548,29,76,1828,True,False,False
3549,29,77,1829,True,False,False
3550,29,78,1830,True,False,False
3551,29,79,1831,True,False,False
3552,29,80,1832,False,False,False
3553,29,81,1833,False,False,False
3554,29,82,1834,False,False,False
3555,29,83,1835,False,False,False
3556,29,84,1836,False,True,False
3557,29,85,1837,True,False,False
3558,29,86,1838,True,False,False
3559,29,87,1839,False,False,False
3560,29,88,1840,False,False,False
3561,29,89,1841,False,False,False
3562,29,90,1842,False,False,False
3563,29,91,1843,False,False,False
3564,29,92,1844,True,False,False
3565,29,93,1845,False,True,False
3566,29,94,1846,False,False,False
3567,29,95,1847,False,False,False
3568,29,96,1848,False,False,False
3569,29,97,1849,False,False,False
3606,30,10,1850,False,False,False
3607,30,11,1851,False,False,False
3608,30,12,1852,False,False,False
3609,30,13,1853,False,False,False
3610,30,14,1854,False,True,False
3611,30,15,1855,True,True,False
3612,30,16,1856,True,True,False
3613,30,17,1857,True,False,False
3614,30,18,1858,False,False,False
3615,30,19,1859,False,False,False
3616,30,20,1860,False,False,False
3617,30,21,1861,False,False,False
3618,30,22,1862,True,False,False
3619,30,23,1863,True,False,False
3620,30,24,1864,False,False,False
3621,30,25,1865,False,False,False
3622,30,26,1866,False,False,False
3623,30,27,1867,False,True,False
3624,30,28,1868,False,False,False
3625,30,29,1869,False,False,False
3626,30,30,1870,False,False,False
3627,30,31,1871,False,False,False
3628,30,32,1872,True,True,False
3629,30,33,1873,False,True,False
3630,30,34,1874,False,False,False
3631,30,35,1875,False,False,False
3632,30,36,1876,False,False,False
3633,30,37,1877,False,False,False
3634,30,38,1878,True,False,False
3635,30,39,1879,True,False,False
3636,30,40,1880,True,True,False
3637,30,41,1881,True,False,False
3638,30,42,1882,False,False,False
3639,30,43,1883,False,False,False
3640,30,44,1884,False,False,False
3641,30,45,1885,False,False,False
3642,30,46,1886,False,True,False
3643,30,47,1887,False,True,False
3644,30,48,1888,False,False,False
3645,30,49,1889,False,False,False
3646,30,50,1890,False,False,False
3647,30,51,1891,False,True,False
3648,30,52,1892,False,False,False
3649,30,53,1893,False,False,False
3650,30,54,1894,False,False,False
3651,30,55,1895,False,False,False
3652,30,56,1896,True,False,False
3653,30,57,1897,True,False,False
3654,30,58,1898,True,False,False
3655,30,59,1899,True,False,False
3656,30,60,1900,True,False,False
3657,30,61,1901,False,True,False
3658,30,62,1902,False,False,False
3659,30,63,1903,False,False,False
3660,30,64,1904,False,False,False
3661,30,65,1905,True,True,False
3662,30,66,1906,False,True,False
3663,30,67,1907,False,True,False
3664,30,68,1908,False,False,False
3665,30,69,1909,False,False,False
3666,30,70,1910,False,False,False
3667,30,71,1911,False,False,False
3668,30,72,1912,False,False,False
3669,30,73,1913,False,True,False
3670,30,74,1914,False,True,False
3671,30,75,1915,True,True,False
3672,30,76,1916,False,True,False
3673,30,77,1917,False,False,False
3674,30,78,1918,False,False,False
3675,30,79,1919,True,False,False
3676,30,80,1920,True,False,False
3677,30,81,1921,False,False,False
3678,30,82,1922,False,False,False
3679,30,83,1923,False,False,False
3680,30,84,1924,False,True,False
3681,30,85,1925,True,True,False
3682,30,86,1926,True,False,False
3683,30,87,1927,False,False,False
3684,30,88,1928,False,False,False
3685,30,89,1929,False,False,False
3686,30,90,1930,False,False,False
3687,30,91,1931,True,False,False
3688,30,92,1932,True,False,False
3689,30,93,1933,True,True,False
3690,30,94,1934,True,True,False
3691,30,95,1935,True,True,False
3692,30,96,1936,True,True,False
3693,30,97,1937,True,True,False
3730,31,10,1938,False,False,False
3731,31,11,1939,False,False,False
3732,31,12,1940,False,False,False
3733,31,13,1941,False,False,False
3734,31,14,1942,False,False,False
3735,31,15,1943,True,True,False
3736,31,16,1944,True,False,False
3737,31,17,1945,False,False,False
3738,31,18,1946,False,False,False
3739,31,19,1947,False,False,False
3740,31,20,1948,False,False,False
3741,31,21,1949,False,False,False
3742,31,22,1950,False,False,False
3743,31,23,1951,True,False,False
3744,31,24,1952,True,False,False
3745,31,25,1953,False,False,False
3746,31,26,1954,False,False,False
3747,31,27,1955,False,True,False
3748,31,28,1956,False,True,False
3749,31,29,1957,False,False,False
3750,31,30,1958,False,False,False
3751,31,31,1959,True,True,False
3752,31,32,1960,True,True,False
3753,31,33,1961,False,False,False
3754,31,34,1962,False,False,False
3755,31,35,1963,False,False,False
3756,31,36,1964,False,False,False
3757,31,37,1965,False,False,False
3758,31,38,1966,False,False,False
3759,31,39,1967,True,True,False
3760,31,40,1968,True,True,False
3761,31,41,1969,False,False,False
3762,31,42,1970,False,False,False
3763,31,43,1971,False,False,False
3764,31,44,1972,False,False,False
3765,31,45,1973,False,True,False
3766,31,46,1974,False,True,False
3767,31,47,1975,False,False,False
3768,31,48,1976,False,False,False
3769,31,49,1977,False,False,False
3770,31,50,1978,False,False,False
3771,31,51,1979,False,True,False
3772,31,52,1980,False,True,False
3773,31,53,1981,False,False,False
3774,31,54,1982,False,False,False
3775,31,55,1983,False,False,False
3776,31,56,1984,False,False,False
3777,31,57,1985,True,False,False
3778,31,58,1986,False,False,False
3779,31,59,1987,True,False,False
3780,31,60,1988,False,False,False
3781,31,61,1989,False,True,False
3782,31,62,1990,False,False,False
3783,31,63,1991,False,False,False
3784,31,64,1992,True,True,False
3785,31,65,1993,True,True,False
3786,31,66,1994,False,False,False
3787,31,67,1995,False,True,False
3788,31,68,1996,False,True,False
3789,31,69,1997,False,False,False
3790,31,70,1998,False,False,False
3791,31,71,1999,False,False,False
3792,31,72,2000,False,True,False
3793,31,73,2001,False,True,False
3794,31,74,2002,True,False,False
3795,31,75,2003,True,False,False
3796,31,76,2004,False,True,False
3797,31,77,2005,False,True,False
3798,31,78,2006,False,False,False
3799,31,79,2007,False,False,False
3800,31,80,2008,True,False,False
3801,31,81,2009,True,True,False
3802,31,82,2010,True,True,False
3803,31,83,2011,True,True,False
3804,31,84,2012,True,True,False
3805,31,85,2013,True,True,False
3806,31,86,2014,True,False,False
3807,31,87,2015,False,True,False
3808,31,88,2016,False,True,False
3809,31,89,2017,False,False,False
3810,31,90,2018,False,False,False
3811,31,91,2019,True,False,False
3812,31,92,2020,True,False,False
3813,31,93,2021,True,False,False
3814,31,94,2022,True,True,False
3815,31,95,2023,False,False,False
3816,31,96,2024,False,False,False
3817,31,97,2025,False,False,False
3853,32,9,2026,False,False,False
3854,32,10,2027,False,False,False
3855,32,11,2028,False,False,False
3856,32,12,2029,False,False,False
3857,32,13,2030,False,False,False
3858,32,14,2031,False,True,False
3859,32,15,2032,True,True,False
3860,32,16,2033,False,False,False
3861,32,17,2034,False,False,False
3862,32,18,2035,False,False,False
3863,32,19,2036,False,False,False
3864,32,20,2037,False,False,False
3865,32,21,2038,False,False,False
3866,32,22,2039,False,False,False
3867,32,23,2040,False,False,False
3868,32,24,2041,True,False,False
3869,32,25,2042,True,False,False
3870,32,26,2043,True,False,False
3871,32,27,2044,False,False,False
3872,32,28,2045,False,True,False
3873,32,29,2046,False,True,False
3874,32,30,2047,False,False,False
3875,32,31,2048,True,True,False
3876,32,32,2049,True,False,False
3877,32,33,2050,False,False,False
3878,32,34,2051,False,False,False
3879,32,35,2052,False,False,False
3880,32,36,2053,False,False,False
3881,32,37,2054,False,False,False
3882,32,38,2055,True,False,False
3883,32,39,2056,True,True,False
3884,32,40,2057,True,True,False
3885,32,41,2058,False,False,False
3886,32,42,2059,False,False,False
3887,32,43,2060,False,False,False
3888,32,44,2061,False,True,False
3889,32,45,2062,False,True,False
3890,32,46,2063,False,False,False
3891,32,47,2064,False,False,False
3892,32,48,2065,False,False,False
3893,32,49,2066,False,False,False
3894,32,50,2067,False,False,False
3895,32,51,2068,False,False,False
3896,32,52,2069,False,True,False
3897,32,53,2070,False,False,False
3898,32,54,2071,False,False,False
3899,32,55,2072,False,False,False
3900,32,56,2073,False,False,False
3901,32,57,2074,True,False,False
3902,32,58,2075,False,False,False
3903,32,59,2076,True,False,False
3904,32,60,2077,False,False,False
3905,32,61,2078,False,True,False
3906,32,62,2079,False,True,False
3907,32,63,2080,True,True,False
3908,32,64,2081,True,True,False
3909,32,65,2082,False,False,False
3910,32,66,2083,False,False,False
3911,32,67,2084,False,False,False
3912,32,68,2085,False,True,False
3913,32,69,2086,False,True,False
3914,32,70,2087,False,False,False
3915,32,71,2088,False,False,False
3916,32,72,2089,True,True,False
3917,32,73,2090,True,False,False
3918,32,74,2091,True,False,False
3919,32,75,2092,False,False,False
3920,32,76,2093,False,False,False
3921,32,77,2094,False,True,False
3922,32,78,2095,False,True,False
3923,32,79,2096,False,True,False
3924,32,80,2097,False,True,False
3925,32,81,2098,True,True,False
3926,32,82,2099,True,True,False
3927,32,83,2100,False,True,False
3928,32,84,2101,False,True,False
3929,32,85,2102,True,True,False
3930,32,86,2103,True,True,False
3931,32,87,2104,True,True,False
3932,32,88,2105,True,True,False
3933,32,89,2106,True,True,False
3934,32,90,2107,True,False,False
3935,32,91,2108,True,False,False
3936,32,92,2109,True,False,False
3937,32,93,2110,False,False,False
3938,32,94,2111,False,True,False
3939,32,95,2112,False,True,False
3940,32,96,2113,False,False,False
3941,32,97,2114,False,False,False
3977,33,9,2115,False,False,False
3978,33,10,2116,False,False,False
3979,33,11,2117,False,False,False
3980,33,12,2118,False,False,False
3981,33,13,2119,False,False,False
3982,33,14,2120,True,True,False
3983,33,15,2121,True,False,False
3984,33,16,2122,False,False,False
3985,33,17,2123,False,False,False
3986,33,18,2124,False,False,False
3987,33,19,2125,False,False,False
3988,33,20,2126,False,False,False
3989,33,21,2127,False,False,False
3990,33,22,2128,False,False,False
3991,33,23,2129,False,False,False
3992,33,24,2130,True,False,False
3993,33,25,2131,True,False,False
3994,33,26,2132,True,False,False
3995,33,27,2133,True,False,False
3996,33,28,2134,True,False,False
3997,33,29,2135,True,True,False
3998,33,30,2136,True,True,False
3999,33,31,2137,True,True,False
4000,33,32,2138,False,False,False
4001,33,33,2139,False,False,False
4002,33,34,2140,False,False,False
4003,33,35,2141,False,False,False
4004,33,36,2142,False,False,False
4005,33,37,2143,True,False,False
4006,33,38,2144,True,False,False
4007,33,39,2145,False,False,False
4008,33,40,2146,True,True,False
4009,33,41,2147,False,True,False
4010,33,42,2148,False,False,False
4011,33,43,2149,False,True,False
4012,33,44,2150,False,True,False
4013,33,45,2151,False,False,False
4014,33,46,2152,False,False,False
4015,33,47,2153,False,False,False
4016,33,48,2154,False,False,False
4017,33,49,2155,False,False,False
4018,33,50,2156,False,False,False
4019,33,51,2157,False,False,False
4020,33,52,2158,False,False,False
4021,33,53,2159,False,False,False
4022,33,54,2160,False,False,False
4023,33,55,2161,False,False,False
4024,33,56,2162,False,False,False
4025,33,57,2163,True,False,False
4026,33,58,2164,False,False,False
4027,33,59,2165,True,False,False
4028,33,60,2166,False,True,False
4029,33,61,2167,False,True,False
4030,33,62,2168,True,True,False
4031,33,63,2169,True,False,False
4032,33,64,2170,False,False,False
4033,33,65,2171,False,False,False
4034,33,66,2172,False,False,False
4035,33,67,2173,False,False,False
4036,33,68,2174,False,False,False
4037,33,69,2175,False,True,False
4038,33,70,2176,False,False,False
4039,33,71,2177,False,False,False
4040,33,72,2178,True,True,False
4041,33,73,2179,False,False,False
4042,33,74,2180,False,False,False
4043,33,75,2181,False,False,False
4044,33,76,2182,False,False,False
4045,33,77,2183,False,False,False
4046,33,78,2184,False,True,False
4047,33,79,2185,False,True,False
4048,33,80,2186,False,False,False
4049,33,81,2187,True,False,False
4050,33,82,2188,True,False,False
4051,33,83,2189,True,False,False
4052,33,84,2190,True,False,False
4053,33,85,2191,True,True,False
4054,33,86,2192,False,False,False
4055,33,87,2193,True,False,False
4056,33,88,2194,False,False,False
4057,33,89,2195,False,True,False
4058,33,90,2196,False,True,False
4059,33,91,2197,False,True,False
4060,33,92,2198,True,False,False
4061,33,93,2199,False,False,False
4062,33,94,2200,False,False,False
4063,33,95,2201,False,True,False
4064,33,96,2202,True,True,False
4065,33,97,2203,True,True,False
4066,33,98,2204,False,False,False
4100,34,8,2205,False,False,False
4101,34,9,2206,False,False,False
4102,34,10,2207,True,True,False
4103,34,11,2208,False,False,False
4104,34,12,2209,False,False,False
4105,34,13,2210,True,True,False
4106,34,14,2211,True,True,False
4107,34,15,2212,False,False,False
4108,34,16,2213,False,False,False
4109,34,17,2214,False,False,False
4110,34,18,2215,False,False,False
4111,34,19,2216,False,False,False
4112,34,20,2217,False,False,False
4113,34,21,2218,False,False,False
4114,34,22,2219,False,False,False
4115,34,23,2220,False,False,False
4116,34,24,2221,False,False,False
4117,34,25,2222,True,False,False
4118,34,26,2223,False,False,False
4119,34,27,2224,False,False,False
4120,34,28,2225,False,False,False
4121,34,29,2226,True,True,False
4122,34,30,2227,True,True,False
4123,34,31,2228,True,True,False
4124,34,32,2229,False,False,False
4125,34,33,2230,False,False,False
4126,34,34,2231,False,False,False
4127,34,35,2232,False,False,False
4128,34,36,2233,False,False,False
4129,34,37,2234,True,False,False
4130,34,38,2235,False,False,False
4131,34,39,2236,False,False,False
4132,34,40,2237,True,False,False
4133,34,41,2238,False,True,False
4134,34,42,2239,False,True,False
4135,34,43,2240,False,True,False
4136,34,44,2241,False,False,False
4137,34,45,2242,False,False,False
4138,34,46,2243,False,False,False
4139,34,47,2244,False,False,False
4140,34,48,2245,False,False,False
4141,34,49,2246,False,False,False
4142,34,50,2247,False,False,False
4143,34,51,2248,False,False,False
4144,34,52,2249,False,False,False
4145,34,53,2250,False,False,False
4146,34,54,2251,False,False,False
4147,34,55,2252,False,False,False
4148,34,56,2253,False,False,False
4149,34,57,2254,True,False,False
4150,34,58,2255,False,False,False
4151,34,59,2256,True,False,False
4152,34,60,2257,False,True,False
4153,34,61,2258,False,False,False
4154,34,62,2259,True,True,False
4155,34,63,2260,False,False,False
4156,34,64,2261,False,False,False
4157,34,65,2262,False,False,False
4158,34,66,2263,False,False,False
4159,34,67,2264,False,False,False
4160,34,68,2265,False,False,False
4161,34,69,2266,False,True,False
4162,34,70,2267,False,True,False
4163,34,71,2268,True,False,False
4164,34,72,2269,True,True,False
4165,34,73,2270,False,False,False
4166,34,74,2271,False,False,False
4167,34,75,2272,False,False,False
4168,34,76,2273,False,False,False
4169,34,77,2274,False,False,False
4170,34,78,2275,False,False,False
4171,34,79,2276,False,True,False
4172,34,80,2277,False,True,False
4173,34,81,2278,True,False,False
4174,34,82,2279,False,False,False
4175,34,83,2280,True,False,False
4176,34,84,2281,True,False,False
4177,34,85,2282,False,True,False
4178,34,86,2283,False,False,False
4179,34,87,2284,True,False,False
4180,34,88,2285,False,False,False
4181,34,89,2286,False,True,False
4182,34,90,2287,False,True,False
4183,34,91,2288,True,True,False
4184,34,92,2289,True,False,False
4185,34,93,2290,True,True,False
4186,34,94,2291,True,True,False
4187,34,95,2292,True,True,False
4188,34,96,2293,True,True,False
4189,34,97,2294,False,False,False
4190,34,98,2295,False,False,False
4193,34,101,2296,False,False,False
4194,34,102,2297,False,False,False
4195,34,103,2298,False,False,False
4224,35,8,2299,False,False,False
4225,35,9,2300,False,False,False
4226,35,10,2301,True,True,False
4227,35,11,2302,True,True,False
4228,35,12,2303,False,False,False
4229,35,13,2304,True,True,False
4230,35,14,2305,False,True,False
4231,35,15,2306,False,True,False
4232,35,16,2307,False,True,False
4233,35,17,2308,False,True,False
4234,35,18,2309,False,True,False
4235,35,19,2310,False,True,False
4236,35,20,2311,False,True,False
4237,35,21,2312,False,True,False
4238,35,22,2313,False,False,False
4239,35,23,2314,False,False,False
4240,35,24,2315,False,False,False
4241,35,25,2316,True,True,False
4242,35,26,2317,True,False,False
4243,35,27,2318,True,False,False
4244,35,28,2319,True,False,False
4245,35,29,2320,True,True,False
4246,35,30,2321,False,False,False
4247,35,31,2322,True,True,False
4248,35,32,2323,True,True,False
4249,35,33,2324,False,False,False
4250,35,34,2325,False,False,False
4251,35,35,2326,False,False,False
4252,35,36,2327,True,False,False
4253,35,37,2328,True,True,False
4254,35,38,2329,False,True,False
4255,35,39,2330,False,True,False
4256,35,40,2331,True,True,False
4257,35,41,2332,True,True,False
4258,35,42,2333,False,True,False
4259,35,43,2334,True,False,False
4260,35,44,2335,True,False,False
4261,35,45,2336,False,False,False
4262,35,46,2337,False,False,False
4263,35,47,2338,False,False,False
4264,35,48,2339,False,False,False
4265,35,49,2340,False,False,False
4266,35,50,2341,False,False,False
4267,35,51,2342,False,False,False
4268,35,52,2343,False,False,False
4269,35,53,2344,False,False,False
4270,35,54,2345,False,True,False
4271,35,55,2346,False,True,False
4272,35,56,2347,False,False,False
4273,35,57,2348,True,False,False
4274,35,58,2349,False,False,False
4275,35,59,2350,True,False,False
4276,35,60,2351,False,True,False
4277,35,61,2352,False,False,False
4278,35,62,2353,True,True,False
4279,35,63,2354,False,False,False
4280,35,64,2355,False,False,False
4281,35,65,2356,False,False,False
4282,35,66,2357,True,False,False
4283,35,67,2358,True,False,False
4284,35,68,2359,True,False,False
4285,35,69,2360,True,False,False
4286,35,70,2361,False,True,False
4287,35,71,2362,True,True,False
4288,35,72,2363,False,True,False
4289,35,73,2364,False,False,False
4290,35,74,2365,False,False,False
4291,35,75,2366,False,False,False
4292,35,76,2367,False,False,False
4293,35,77,2368,False,False,False
4294,35,78,2369,False,False,False
4295,35,79,2370,False,False,False
4296,35,80,2371,True,True,False
4297,35,81,2372,True,True,False
4298,35,82,2373,False,False,False
4299,35,83,2374,False,False,False
4300,35,84,2375,True,False,False
4301,35,85,2376,True,True,False
4302,35,86,2377,False,False,False
4303,35,87,2378,True,False,False
4304,35,88,2379,True,False,False
4305,35,89,2380,False,False,False
4306,35,90,2381,True,True,False
4307,35,91,2382,True,True,False
4308,35,92,2383,False,True,False
4309,35,93,2384,True,True,False
4310,35,94,2385,False,True,False
4311,35,95,2386,False,False,False
4312,35,96,2387,False,True,False
4313,35,97,2388,False,True,False
4314,35,98,2389,False,False,False
4315,35,99,2390,False,True,False
4316,35,100,2391,False,False,False
4317,35,101,2392,False,False,False
4318,35,102,2393,False,False,False
4319,35,103,2394,True,False,False
4320,35,104,2395,False,False,False
4347,36,7,2396,False,False,False
4348,36,8,2397,False,False,False
4349,36,9,2398,False,False,False
4350,36,10,2399,False,False,False
4351,36,11,2400,True,True,False
4352,36,12,2401,True,True,False
4353,36,13,2402,True,True,False
4354,36,14,2403,True,False,False
4355,36,15,2404,False,False,False
4356,36,16,2405,False,False,False
4357,36,17,2406,False,False,False
4358,36,18,2407,False,False,False
4359,36,19,2408,False,False,False
4360,36,20,2409,False,False,False
4361,36,21,2410,False,True,False
4362,36,22,2411,False,True,False
4363,36,23,2412,True,False,False
4364,36,24,2413,True,True,False
4365,36,25,2414,True,True,False
4366,36,26,2415,True,True,False
4367,36,27,2416,False,True,False
4368,36,28,2417,True,True,False
4369,36,29,2418,False,True,False
4370,36,30,2419,False,True,False
4371,36,31,2420,False,False,False
4372,36,32,2421,True,True,False
4373,36,33,2422,True,True,False
4374,36,34,2423,True,True,False
4375,36,35,2424,True,True,False
4376,36,36,2425,True,True,False
4377,36,37,2426,True,True,False
4378,36,38,2427,True,False,False
4379,36,39,2428,True,False,False
4380,36,40,2429,True,False,False
4381,36,41,2430,True,True,False
4382,36,42,2431,True,True,False
4383,36,43,2432,True,True,False
4384,36,44,2433,True,False,False
4385,36,45,2434,False,False,False
4386,36,46,2435,False,False,False
4387,36,47,2436,False,False,False
4388,36,48,2437,False,False,False
4389,36,49,2438,False,False,False
4390,36,50,2439,False,False,False
4391,36,51,2440,False,False,False
4392,36,52,2441,False,False,False
4393,36,53,2442,False,False,False
4394,36,54,2443,False,False,False
4395,36,55,2444,False,True,False
4396,36,56,2445,False,False,False
4397,36,57,2446,True,False,False
4398,36,58,2447,False,False,False
4399,36,59,2448,True,True,False
4400,36,60,2449,False,True,False
4401,36,61,2450,True,True,False
4402,36,62,2451,True,True,False
4403,36,63,2452,False,False,False
4404,36,64,2453,False,False,False
4405,36,65,2454,True,True,False
4406,36,66,2455,True,True,False
4407,36,67,2456,False,True,False
4408,36,68,2457,False,True,False
4409,36,69,2458,True,True,False
4410,36,70,2459,True,True,False
4411,36,71,2460,True,True,False
4412,36,72,2461,False,True,False
4413,36,73,2462,False,False,False
4414,36,74,2463,False,False,False
4415,36,75,2464,False,False,False
4416,36,76,2465,False,False,False
4417,36,77,2466,False,False,False
4418,36,78,2467,False,False,False
4419,36,79,2468,True,False,False
4420,36,80,2469,True,False,False
4421,36,81,2470,False,True,False
4422,36,82,2471,False,False,False
4423,36,83,2472,False,False,False
4424,36,84,2473,False,False,False
4425,36,85,2474,True,True,False
4426,36,86,2475,True,False,False
4427,36,87,2476,False,False,False
4428,36,88,2477,True,False,False
4429,36,89,2478,False,False,False
4430,36,90,2479,True,True,False
4431,36,91,2480,False,True,False
4432,36,92,2481,False,True,False
4433,36,93,2482,True,True,False
4434,36,94,2483,False,False,False
4435,36,95,2484,False,False,False
4436,36,96,2485,False,False,False
4437,36,97,2486,False,True,False
4438,36,98,2487,False,True,False
4439,36,99,2488,False,False,False
4440,36,100,2489,False,False,False
4441,36,101,2490,False,False,False
4442,36,102,2491,False,False,False
4443,36,103,2492,True,False,False
4444,36,104,2493,False,False,False
4445,36,105,2494,False,False,False
4471,37,7,2495,False,False,False
4472,37,8,2496,False,False,False
4473,37,9,2497,False,False,False
4474,37,10,2498,False,False,False
4475,37,11,2499,False,True,False
4476,37,12,2500,True,True,False
4477,37,13,2501,True,False,False
4478,37,14,2502,True,False,False
4479,37,15,2503,True,False,False
4480,37,16,2504,True,False,False
4481,37,17,2505,False,False,False
4482,37,18,2506,False,False,False
4483,37,19,2507,True,False,False
4484,37,20,2508,True,False,False
4485,37,21,2509,True,False,False
4486,37,22,2510,True,True,False
4487,37,23,2511,True,True,False
4488,37,24,2512,False,True,False
4489,37,25,2513,False,False,False
4490,37,26,2514,True,False,False
4491,37,27,2515,True,False,False
4492,37,28,2516,False,False,False
4493,37,29,2517,False,False,False
4494,37,30,2518,False,True,False
4495,37,31,2519,False,False,False
4496,37,32,2520,False,False,False
4497,37,33,2521,True,False,False
4498,37,34,2522,True,False,False
4499,37,35,2523,False,False,False
4500,37,36,2524,False,False,False
4501,37,37,2525,False,False,False
4502,37,38,2526,False,False,False
4503,37,39,2527,False,True,False
4504,37,40,2528,False,True,False
4505,37,41,2529,False,True,False
4506,37,42,2530,True,True,False
4507,37,43,2531,False,True,False
4508,37,44,2532,True,True,False
4509,37,45,2533,True,False,False
4510,37,46,2534,False,False,False
4511,37,47,2535,False,False,False
4512,37,48,2536,False,False,False
4513,37,49,2537,False,True,False
4514,37,50,2538,False,False,False
4515,37,51,2539,False,False,False
4516,37,52,2540,False,False,False
4517,37,53,2541,True,False,False
4518,37,54,2542,False,False,False
4519,37,55,2543,False,True,False
4520,37,56,2544,True,True,False
4521,37,57,2545,True,False,False
4522,37,58,2546,True,False,False
4523,37,59,2547,True,True,False
4524,37,60,2548,False,False,False
4525,37,61,2549,True,True,False
4526,37,62,2550,True,False,False
4527,37,63,2551,True,False,False
4528,37,64,2552,True,True,False
4529,37,65,2553,True,True,False
4530,37,66,2554,False,False,False
4531,37,67,2555,False,False,False
4532,37,68,2556,False,False,False
4533,37,69,2557,False,False,False
4534,37,70,2558,True,True,False
4535,37,71,2559,True,False,False
4536,37,72,2560,True,True,False
4537,37,73,2561,True,True,False
4538,37,74,2562,False,False,False
4539,37,75,2563,False,False,False
4540,37,76,2564,False,False,False
4541,37,77,2565,False,False,False
4542,37,78,2566,True,False,False
4543,37,79,2567,True,False,False
4544,37,80,2568,False,False,False
4545,37,81,2569,False,True,False
4546,37,82,2570,False,True,False
4547,37,83,2571,False,False,False
4548,37,84,2572,False,False,False
4549,37,85,2573,False,True,False
4550,37,86,2574,True,False,False
4551,37,87,2575,False,False,False
4552,37,88,2576,True,False,False
4553,37,89,2577,True,False,False
4554,37,90,2578,True,True,False
4555,37,91,2579,False,True,False
4556,37,92,2580,False,False,False
4557,37,93,2581,True,True,False
4558,37,94,2582,False,True,False
4559,37,95,2583,False,False,False
4560,37,96,2584,False,False,False
4561,37,97,2585,False,False,False
4562,37,98,2586,False,True,False
4563,37,99,2587,False,True,False
4564,37,100,2588,False,True,False
4565,37,101,2589,False,False,False
4566,37,102,2590,True,False,False
4567,37,103,2591,True,False,False
4568,37,104,2592,False,False,False
4569,37,105,2593,False,False,False
4595,38,7,2594,False,False,False
4596,38,8,2595,False,False,False
4597,38,9,2596,False,False,False
4598,38,10,2597,False,False,False
4599,38,11,2598,False,True,False
4600,38,12,2599,True,False,False
4601,38,13,2600,False,False,False
4602,38,14,2601,False,False,False
4603,38,15,2602,False,False,False
4604,38,16,2603,True,False,False
4605,38,17,2604,True,False,False
4606,38,18,2605,True,False,False
4607,38,19,2606,True,False,False
4608,38,20,2607,False,False,False
4609,38,21,2608,False,False,False
4610,38,22,2609,True,False,False
4611,38,23,2610,False,False,False
4612,38,24,2611,False,False,False
4613,38,25,2612,False,False,False
4614,38,26,2613,False,False,False
4615,38,27,2614,True,False,False
4616,38,28,2615,False,False,False
4617,38,29,2616,False,False,False
4618,38,30,2617,False,True,False
4619,38,31,2618,False,False,False
4620,38,32,2619,True,False,False
4621,38,33,2620,True,False,False
4622,38,34,2621,False,False,False
4623,38,35,2622,False,False,False
4624,38,36,2623,False,False,False
4625,38,37,2624,False,False,False
4626,38,38,2625,False,True,False
4627,38,39,2626,False,True,False
4628,38,40,2627,False,False,False
4629,38,41,2628,False,False,False
4630,38,42,2629,True,True,False
4631,38,43,2630,False,True,False
4632,38,44,2631,False,True,False
4633,38,45,2632,True,True,False
4634,38,46,2633,True,True,False
4635,38,47,2634,False,False,False
4636,38,48,2635,False,False,False
4637,38,49,2636,False,True,False
4638,38,50,2637,False,True,False
4639,38,51,2638,True,False,False
4640,38,52,2639,True,True,False
4641,38,53,2640,True,True,False
4642,38,54,2641,True,True,False
4643,38,55,2642,True,True,False
4644,38,56,2643,True,True,False
4645,38,57,2644,True,True,False
4646,38,58,2645,False,False,False
4647,38,59,2646,True,True,False
4648,38,60,2647,True,True,False
4649,38,61,2648,True,True,False
4650,38,62,2649,False,True,False
4651,38,63,2650,False,True,False
4652,38,64,2651,False,True,False
4653,38,65,2652,False,False,False
4654,38,66,2653,False,False,False
4655,38,67,2654,False,False,False
4656,38,68,2655,False,False,False
4657,38,69,2656,False,False,False
4658,38,70,2657,True,True,False
4659,38,71,2658,False,True,False
4660,38,72,2659,False,False,False
4661,38,73,2660,True,True,False
4662,38,74,2661,True,True,False
4663,38,75,2662,False,False,False
4664,38,76,2663,True,False,False
4665,38,77,2664,True,False,False
4666,38,78,2665,True,False,False
4667,38,79,2666,False,False,False
4668,38,80,2667,False,False,False
4669,38,81,2668,False,False,False
4670,38,82,2669,False,True,False
4671,38,83,2670,False,True,False
4672,38,84,2671,False,False,False
4673,38,85,2672,False,True,False
4674,38,86,2673,True,False,False
4675,38,87,2674,False,False,False
4676,38,88,2675,True,False,False
4677,38,89,2676,True,False,False
4678,38,90,2677,False,True,False
4679,38,91,2678,False,False,False
4680,38,92,2679,True,True,False
4681,38,93,2680,True,True,False
4682,38,94,2681,False,True,False
4683,38,95,2682,False,True,False
4684,38,96,2683,False,False,False
4685,38,97,2684,False,False,False
4686,38,98,2685,False,True,False
4687,38,99,2686,False,True,False
4688,38,100,2687,False,True,False
4689,38,101,2688,False,True,False
4690,38,102,2689,True,False,False
4691,38,103,2690,False,False,False
4692,38,104,2691,False,False,False
4693,38,105,2692,False,False,False
4694,38,106,2693,False,False,False
4718,39,6,2694,False,False,False
4719,39,7,2695,False,False,False
4720,39,8,2696,False,False,False
4721,39,9,2697,False,False,False
4722,39,10,2698,False,False,False
4723,39,11,2699,False,True,False
4724,39,12,2700,True,False,False
4725,39,13,2701,False,False,False
4726,39,14,2702,False,False,False
4727,39,15,2703,False,False,False
4728,39,16,2704,False,False,False
4729,39,17,2705,False,False,False
4730,39,18,2706,False,False,False
4731,39,19,2707,False,False,False
4732,39,20,2708,False,False,False
4733,39,21,2709,True,False,False
4734,39,22,2710,True,False,False
4735,39,23,2711,False,False,False
4736,39,24,2712,False,False,False
4737,39,25,2713,False,False,False
4738,39,26,2714,False,False,False
4739,39,27,2715,True,False,False
4740,39,28,2716,True,False,False
4741,39,29,2717,False,False,False
4742,39,30,2718,False,True,False
4743,39,31,2719,True,False,False
4744,39,32,2720,True,False,False
4745,39,33,2721,False,False,False
4746,39,34,2722,False,False,False
4747,39,35,2723,False,False,False
4748,39,36,2724,False,True,False
4749,39,37,2725,False,True,False
4750,39,38,2726,False,True,False
4751,39,39,2727,False,False,False
4752,39,40,2728,False,False,False
4753,39,41,2729,False,False,False
4754,39,42,2730,True,False,False
4755,39,43,2731,False,True,False
4756,39,44,2732,False,False,False
4757,39,45,2733,False,False,False
4758,39,46,2734,True,True,False
4759,39,47,2735,True,True,False
4760,39,48,2736,True,True,False
4761,39,49,2737,True,True,False
4762,39,50,2738,True,True,False
4763,39,51,2739,True,True,False
4764,39,52,2740,False,True,False
4765,39,53,2741,False,False,False
4766,39,54,2742,False,False,False
4767,39,55,2743,False,False,False
4768,39,56,2744,False,False,False
4769,39,57,2745,True,True,False
4770,39,58,2746,False,True,False
4771,39,59,2747,True,True,False
4772,39,60,2748,False,True,False
4773,39,61,2749,False,True,False
4774,39,62,2750,False,True,False
4775,39,63,2751,False,False,False
4776,39,64,2752,False,False,False
4777,39,65,2753,False,False,False
4778,39,66,2754,False,False,False
4779,39,67,2755,False,False,False
4780,39,68,2756,False,False,False
4781,39,69,2757,False,False,False
4782,39,70,2758,True,True,False
4783,39,71,2759,False,True,False
4784,39,72,2760,False,True,False
4785,39,73,2761,False,False,False
4786,39,74,2762,True,True,False
4787,39,75,2763,True,True,False
4788,39,76,2764,True,False,False
4789,39,77,2765,False,False,False
4790,39,78,2766,False,False,False
4791,39,79,2767,False,False,False
4792,39,80,2768,False,False,False
4793,39,81,2769,False,False,False
4794,39,82,2770,False,False,False
4795,39,83,2771,False,True,False
4796,39,84,2772,False,True,False
4797,39,85,2773,False,True,False
4798,39,86,2774,True,False,False
4799,39,87,2775,False,False,False
4800,39,88,2776,False,False,False
4801,39,89,2777,True,True,False
4802,39,90,2778,False,True,False
4803,39,91,2779,True,True,False
4804,39,92,2780,True,True,False
4805,39,93,2781,False,False,False
4806,39,94,2782,False,False,False
4807,39,95,2783,False,True,False
4808,39,96,2784,False,True,False
4809,39,97,2785,False,False,False
4810,39,98,2786,False,False,False
4811,39,99,2787,False,False,False
4812,39,100,2788,False,False,False
4813,39,101,2789,False,True,False
4814,39,102,2790,True,False,False
4815,39,103,2791,False,False,False
4816,39,104,2792,False,False,False
4817,39,105,2793,False,False,False
4818,39,106,2794,False,False,False
4819,39,107,2795,False,False,False
4842,40,6,2796,False,False,False
4843,40,7,2797,False,False,False
4844,40,8,2798,False,False,False
4845,40,9,2799,False,False,False
4846,40,10,2800,False,False,False
4847,40,11,2801,False,True,False
4848,40,12,2802,True,False,False
4849,40,13,2803,False,False,False
4850,40,14,2804,False,False,False
4851,40,15,2805,False,False,False
4852,40,16,2806,False,False,False
4853,40,17,2807,False,False,False
4854,40,18,2808,False,False,False
4855,40,19,2809,False,False,False
4856,40,20,2810,False,False,False
4857,40,21,2811,True,False,False
4858,40,22,2812,False,False,False
4859,40,23,2813,False,False,False
4860,40,24,2814,False,False,False
4861,40,25,2815,False,False,False
4862,40,26,2816,False,False,False
4863,40,27,2817,False,False,False
4864,40,28,2818,True,False,False
4865,40,29,2819,False,False,False
4866,40,30,2820,False,True,False
4867,40,31,2821,True,False,False
4868,40,32,2822,False,False,False
4869,40,33,2823,False,False,False
4870,40,34,2824,False,False,False
4871,40,35,2825,False,True,False
4872,40,36,2826,False,True,False
4873,40,37,2827,False,False,False
4874,40,38,2828,False,False,False
4875,40,39,2829,False,False,False
4876,40,40,2830,False,False,False
4877,40,41,2831,True,False,False
4878,40,42,2832,True,True,False
4879,40,43,2833,False,True,False
4880,40,44,2834,False,False,False
4881,40,45,2835,False,False,False
4882,40,46,2836,False,False,False
4883,40,47,2837,False,False,False
4884,40,48,2838,False,False,False
4885,40,49,2839,False,False,False
4886,40,50,2840,False,False,False
4887,40,51,2841,False,False,False
4888,40,52,2842,False,False,False
4889,40,53,2843,False,False,False
4890,40,54,2844,False,True,False
4891,40,55,2845,False,True,False
4892,40,56,2846,False,True,False
4893,40,57,2847,True,True,False
4894,40,58,2848,False,True,False
4895,40,59,2849,True,True,False
4896,40,60,2850,False,False,False
4897,40,61,2851,False,False,False
4898,40,62,2852,False,False,False
4899,40,63,2853,False,False,False
4900,40,64,2854,False,False,False
4901,40,65,2855,False,False,False
4902,40,66,2856,False,False,False
4903,40,67,2857,False,False,False
4904,40,68,2858,False,False,False
4905,40,69,2859,True,False,False
4906,40,70,2860,True,True,False
4907,40,71,2861,False,False,False
4908,40,72,2862,False,True,False
4909,40,73,2863,False,False,False
4910,40,74,2864,False,False,False
4911,40,75,2865,True,True,False
4912,40,76,2866,True,True,False
4913,40,77,2867,True,True,False
4914,40,78,2868,False,False,False
4915,40,79,2869,False,True,False
4916,40,80,2870,False,False,False
4917,40,81,2871,False,False,False
4918,40,82,2872,False,False,False
4919,40,83,2873,False,False,False
4920,40,84,2874,False,True,False
4921,40,85,2875,False,True,False
4922,40,86,2876,True,False,False
4923,40,87,2877,False,False,False
4924,40,88,2878,False,True,False
4925,40,89,2879,True,True,False
4926,40,90,2880,True,False,False
4927,40,91,2881,True,True,False
4928,40,92,2882,False,False,False
4929,40,93,2883,False,False,False
4930,40,94,2884,False,False,False
4931,40,95,2885,False,False,False
4932,40,96,2886,False,True,False
4933,40,97,2887,False,False,False
4934,40,98,2888,False,False,False
4935,40,99,2889,False,False,False
4936,40,100,2890,False,False,False
4937,40,101,2891,True,True,False
4938,40,102,2892,True,True,False
4939,40,103,2893,True,True,False
4940,40,104,2894,True,True,False
4941,40,105,2895,True,True,False
4942,40,106,2896,True,True,False
4943,40,107,2897,False,True,False
4944,40,108,2898,False,True,False
4965,41,5,2899,False,False,False
4966,41,6,2900,False,False,False
4967,41,7,2901,False,False,False
4968,41,8,2902,False,False,False
4969,41,9,2903,False,False,False
4970,41,10,2904,False,False,False
4971,41,11,2905,False,True,False
4972,41,12,2906,True,False,False
4973,41,13,2907,False,False,False
4974,41,14,2908,False,False,False
4975,41,15,2909,False,False,False
4976,41,16,2910,False,False,False
4977,41,17,2911,False,False,False
4978,41,18,2912,False,False,False
4979,41,19,2913,True,False,False
4980,41,20,2914,True,False,False
4981,41,21,2915,True,False,False
4982,41,22,2916,False,False,False
4983,41,23,2917,False,False,False
4984,41,24,2918,False,False,False
4985,41,25,2919,False,False,False
4986,41,26,2920,False,False,False
4987,41,27,2921,False,False,False
4988,41,28,2922,True,False,False
4989,41,29,2923,True,False,False
4990,41,30,2924,True,True,False
4991,41,31,2925,True,False,False
4992,41,32,2926,False,False,False
4993,41,33,2927,False,True,False
4994,41,34,2928,False,True,False
4995,41,35,2929,False,True,False
4996,41,36,2930,False,False,False
4997,41,37,2931,False,False,False
4998,41,38,2932,False,False,False
4999,41,39,2933,False,False,False
5000,41,40,2934,False,False,False
5001,41,41,2935,True,False,False
5002,41,42,2936,False,True,False
5003,41,43,2937,False,False,False
5004,41,44,2938,False,False,False
5005,41,45,2939,False,False,False
5006,41,46,2940,False,False,False
5007,41,47,2941,False,False,False
5008,41,48,2942,False,False,False
5009,41,49,2943,False,False,False
5010,41,50,2944,False,False,False
5011,41,51,2945,False,False,False
5012,41,52,2946,False,False,False
5013,41,53,2947,False,True,False
5014,41,54,2948,False,True,False
5015,41,55,2949,False,False,False
5016,41,56,2950,False,False,False
5017,41,57,2951,True,True,False
5018,41,58,2952,True,True,False
5019,41,59,2953,True,True,False
5020,41,60,2954,True,True,False
5021,41,61,2955,False,False,False
5022,41,62,2956,False,False,False
5023,41,63,2957,False,False,False
5024,41,64,2958,False,False,False
5025,41,65,2959,False,False,False
5026,41,66,2960,False,False,False
5027,41,67,2961,False,False,False
5028,41,68,2962,False,False,False
5029,41,69,2963,True,True,False
5030,41,70,2964,False,True,False
5031,41,71,2965,False,False,False
5032,41,72,2966,False,True,False
5033,41,73,2967,False,False,False
5034,41,74,2968,True,False,False
5035,41,75,2969,True,True,False
5036,41,76,2970,False,True,False
5037,41,77,2971,True,True,False
5038,41,78,2972,True,True,False
5039,41,79,2973,True,True,False
5040,41,80,2974,True,True,False
5041,41,81,2975,False,True,False
5042,41,82,2976,False,True,False
5043,41,83,2977,False,False,False
5044,41,84,2978,False,True,False
5045,41,85,2979,False,True,False
5046,41,86,2980,True,True,False
5047,41,87,2981,False,False,False
5048,41,88,2982,True,True,False
5049,41,89,2983,True,False,False
5050,41,90,2984,True,True,False
5051,41,91,2985,False,True,False
5052,41,92,2986,False,False,False
5053,41,93,2987,False,False,False
5054,41,94,2988,False,False,False
5055,41,95,2989,False,False,False
5056,41,96,2990,False,True,False
5057,41,97,2991,False,True,False
5058,41,98,2992,False,True,False
5059,41,99,2993,True,False,False
5060,41,100,2994,True,True,False
5061,41,101,2995,True,True,False
5062,41,102,2996,True,False,False
5063,41,103,2997,False,False,False
5064,41,104,2998,False,False,False
5065,41,105,2999,False,False,False
5066,41,106,3000,True,False,False
5067,41,107,3001,True,False,False
5068,41,108,3002,True,False,False
5069,41,109,3003,False,False,False
5089,42,5,3004,False,True,False
5090,42,6,3005,False,False,False
5091,42,7,3006,False,False,False
5092,42,8,3007,False,False,False
5093,42,9,3008,False,False,False
5094,42,10,3009,False,False,False
5095,42,11,3010,True,True,False
5096,42,12,3011,True,False,False
5097,42,13,3012,False,False,False
5098,42,14,3013,False,False,False
5099,42,15,3014,False,False,False
5100,42,16,3015,False,False,False
5101,42,17,3016,False,False,False
5102,42,18,3017,False,False,False
5103,42,19,3018,True,False,False
5104,42,20,3019,False,False,False
5105,42,21,3020,False,False,False
5106,42,22,3021,False,False,False
5107,42,23,3022,False,False,False
5108,42,24,3023,False,False,False
5109,42,25,3024,False,False,False
5110,42,26,3025,False,False,False
5111,42,27,3026,False,False,False
5112,42,28,3027,False,False,False
5113,42,29,3028,True,False,False
5114,42,30,3029,True,True,False
5115,42,31,3030,False,False,False
5116,42,32,3031,False,True,False
5117,42,33,3032,False,True,False
5118,42,34,3033,False,False,False
5119,42,35,3034,False,False,False
5120,42,36,3035,False,False,False
5121,42,37,3036,False,False,False
5122,42,38,3037,False,False,False
5123,42,39,3038,False,False,False
5124,42,40,3039,False,False,False
5125,42,41,3040,True,False,False
5126,42,42,3041,False,True,False
5127,42,43,3042,False,False,False
5128,42,44,3043,False,False,False
5129,42,45,3044,False,False,False
5130,42,46,3045,False,False,False
5131,42,47,3046,False,True,False
5132,42,48,3047,False,True,False
5133,42,49,3048,False,True,False
5134,42,50,3049,False,True,False
5135,42,51,3050,False,True,False
5136,42,52,3051,False,True,False
5137,42,53,3052,False,True,False
5138,42,54,3053,False,False,False
5139,42,55,3054,False,False,False
5140,42,56,3055,False,True,False
5141,42,57,3056,False,True,False
5142,42,58,3057,True,True,False
5143,42,59,3058,True,False,False
5144,42,60,3059,True,True,False
5145,42,61,3060,True,True,False
5146,42,62,3061,False,False,False
5147,42,63,3062,False,False,False
5148,42,64,3063,False,False,False
5149,42,65,3064,False,False,False
5150,42,66,3065,False,False,False
5151,42,67,3066,False,False,False
5152,42,68,3067,False,False,False
5153,42,69,3068,True,True,False
5154,42,70,3069,False,False,False
5155,42,71,3070,False,False,False
5156,42,72,3071,False,True,False
5157,42,73,3072,False,False,False
5158,42,74,3073,True,False,False
5159,42,75,3074,False,False,False
5160,42,76,3075,False,False,False
5161,42,77,3076,False,False,False
5162,42,78,3077,False,False,False
5163,42,79,3078,False,False,False
5164,42,80,3079,True,False,False
5165,42,81,3080,True,False,False
5166,42,82,3081,False,True,False
5167,42,83,3082,False,True,False
5168,42,84,3083,False,True,False
5169,42,85,3084,False,True,False
5170,42,86,3085,True,True,False
5171,42,87,3086,True,True,False
5172,42,88,3087,True,True,False
5173,42,89,3088,True,False,False
5174,42,90,3089,True,True,False
5175,42,91,3090,True,False,False
5176,42,92,3091,True,False,False
5177,42,93,3092,True,False,False
5178,42,94,3093,True,False,False
5179,42,95,3094,True,False,False
5180,42,96,3095,True,False,False
5181,42,97,3096,True,False,False
5182,42,98,3097,True,True,False
5183,42,99,3098,True,True,False
5184,42,100,3099,False,True,False
5185,42,101,3100,True,False,False
5186,42,102,3101,True,False,False
5187,42,103,3102,False,False,False
5188,42,104,3103,False,False,False
5189,42,105,3104,False,False,False
5190,42,106,3105,False,False,False
5191,42,107,3106,False,False,False
5192,42,108,3107,False,False,False
5212,43,4,3108,False,False,False
5213,43,5,3109,False,True,False
5214,43,6,3110,False,True,False
5215,43,7,3111,False,False,False
5216,43,8,3112,False,False,False
5217,43,9,3113,False,False,False
5218,43,10,3114,False,False,False
5219,43,11,3115,True,True,False
5220,43,12,3116,False,False,False
5221,43,13,3117,False,False,False
5222,43,14,3118,False,False,False
5223,43,15,3119,False,False,False
5224,43,16,3120,False,False,False
5225,43,17,3121,False,False,False
5226,43,18,3122,True,False,False
5227,43,19,3123,True,False,False
5228,43,20,3124,False,False,False
5229,43,21,3125,False,False,False
5230,43,22,3126,False,False,False
5231,43,23,3127,False,False,False
5232,43,24,3128,False,False,False
5233,43,25,3129,False,False,False
5234,43,26,3130,False,False,False
5235,43,27,3131,False,False,False
5236,43,28,3132,False,False,False
5237,43,29,3133,True,True,False
5238,43,30,3134,True,True,False
5239,43,31,3135,False,True,False
5240,43,32,3136,False,True,False
5241,43,33,3137,False,False,False
5242,43,34,3138,False,False,False
5243,43,35,3139,False,False,False
5244,43,36,3140,False,False,False
5245,43,37,3141,False,False,False
5246,43,38,3142,False,False,False
5247,43,39,3143,False,False,False
5248,43,40,3144,False,False,False
5249,43,41,3145,True,True,False
5250,43,42,3146,False,True,False
5251,43,43,3147,False,False,False
5252,43,44,3148,False,False,False
5253,43,45,3149,False,True,False
5254,43,46,3150,False,True,False
5255,43,47,3151,False,True,False
5256,43,48,3152,False,False,False
5257,43,49,3153,False,True,False
5258,43,50,3154,False,False,False
5259,43,51,3155,False,False,False
5260,43,52,3156,False,False,False
5261,43,53,3157,False,True,False
5262,43,54,3158,False,False,False
5263,43,55,3159,False,False,False
5264,43,56,3160,False,True,False
5265,43,57,3161,False,False,False
5266,43,58,3162,True,True,False
5267,43,59,3163,True,False,False
5268,43,60,3164,True,False,False
5269,43,61,3165,True,True,False
5270,43,62,3166,False,False,False
5271,43,63,3167,False,False,False
5272,43,64,3168,False,False,False
5273,43,65,3169,False,False,False
5274,43,66,3170,False,False,False
5275,43,67,3171,False,False,False
5276,43,68,3172,False,False,False
5277,43,69,3173,True,True,False
5278,43,70,3174,False,False,False
5279,43,71,3175,False,False,False
5280,43,72,3176,False,True,False
5281,43,73,3177,True,False,False
5282,43,74,3178,True,False,False
5283,43,75,3179,False,False,False
5284,43,76,3180,False,False,False
5285,43,77,3181,False,False,False
5286,43,78,3182,False,False,False
5287,43,79,3183,False,False,False
5288,43,80,3184,False,False,False
5289,43,81,3185,True,False,False
5290,43,82,3186,True,False,False
5291,43,83,3187,False,False,False
5292,43,84,3188,False,True,False
5293,43,85,3189,True,True,False
5294,43,86,3190,True,True,False
5295,43,87,3191,True,True,False
5296,43,88,3192,True,True,False
5297,43,89,3193,True,True,False
5298,43,90,3194,True,True,False
5299,43,91,3195,False,False,False
5300,43,92,3196,False,False,False
5301,43,93,3197,True,False,False
5302,43,94,3198,True,False,False
5303,43,95,3199,False,False,False
5304,43,96,3200,False,False,False
5305,43,97,3201,False,False,False
5306,43,98,3202,False,False,False
5307,43,99,3203,False,True,False
5308,43,100,3204,False,True,False
5309,43,101,3205,True,False,False
5310,43,102,3206,False,False,False
5311,43,103,3207,False,False,False
5312,43,104,3208,False,False,False
5313,43,105,3209,False,False,False
5336,44,4,3210,False,False,False
5337,44,5,3211,False,False,False
5338,44,6,3212,False,True,False
5339,44,7,3213,False,True,False
5340,44,8,3214,False,False,False
5341,44,9,3215,False,False,False
5342,44,10,3216,True,True,False
5343,44,11,3217,True,True,False
5344,44,12,3218,False,False,False
5345,44,13,3219,False,False,False
5346,44,14,3220,False,False,False
5347,44,15,3221,False,False,False
5348,44,16,3222,False,False,False
5349,44,17,3223,False,False,False
5350,44,18,3224,True,False,False
5351,44,19,3225,False,False,False
5352,44,20,3226,False,False,False
5353,44,21,3227,False,False,False
5354,44,22,3228,False,False,False
5355,44,23,3229,False,False,False
5356,44,24,3230,False,False,False
5357,44,25,3231,False,False,False
5358,44,26,3232,False,False,False
5359,44,27,3233,False,False,False
5360,44,28,3234,False,False,False
5361,44,29,3235,True,True,False
5362,44,30,3236,True,True,False
5363,44,31,3237,True,True,False
5364,44,32,3238,False,False,False
5365,44,33,3239,False,False,False
5366,44,34,3240,False,False,False
5367,44,35,3241,False,False,False
5368,44,36,3242,False,True,False
5369,44,37,3243,False,True,False
5370,44,38,3244,False,True,False
5371,44,39,3245,False,False,False
5372,44,40,3246,False,False,False
5373,44,41,3247,True,True,False
5374,44,42,3248,False,False,False
5375,44,43,3249,False,False,False
5376,44,44,3250,False,False,False
5377,44,45,3251,False,True,False
5378,44,46,3252,False,False,False
5379,44,47,3253,False,False,False
5380,44,48,3254,False,False,False
5381,44,49,3255,False,False,False
5382,44,50,3256,False,False,False
5383,44,51,3257,False,False,False
5384,44,52,3258,False,False,False
5385,44,53,3259,False,True,False
5386,44,54,3260,False,False,False
5387,44,55,3261,False,False,False
5388,44,56,3262,False,True,False
5389,44,57,3263,True,False,False
5390,44,58,3264,True,True,False
5391,44,59,3265,False,False,False
5392,44,60,3266,True,False,False
5393,44,61,3267,True,True,False
5394,44,62,3268,True,False,False
5395,44,63,3269,False,False,False
5396,44,64,3270,False,False,False
5397,44,65,3271,False,False,False
5398,44,66,3272,False,False,False
5399,44,67,3273,False,False,False
5400,44,68,3274,True,True,False
5401,44,69,3275,True,True,False
5402,44,70,3276,False,False,False
5403,44,71,3277,False,False,False
5404,44,72,3278,False,True,False
5405,44,73,3279,True,True,False
5406,44,74,3280,False,False,False
5407,44,75,3281,False,False,False
5408,44,76,3282,False,False,False
5409,44,77,3283,False,False,False
5410,44,78,3284,False,False,False
5411,44,79,3285,False,False,False
5412,44,80,3286,False,False,False
5413,44,81,3287,True,False,False
5414,44,82,3288,True,False,False
5415,44,83,3289,True,False,False
5416,44,84,3290,True,False,False
5417,44,85,3291,True,False,False
5418,44,86,3292,True,True,False
5419,44,87,3293,True,True,False
5420,44,88,3294,True,True,False
5421,44,89,3295,True,True,False
5422,44,90,3296,True,True,False
5423,44,91,3297,False,True,False
5424,44,92,3298,False,True,False
5425,44,93,3299,True,True,False
5426,44,94,3300,True,False,False
5427,44,95,3301,False,True,False
5428,44,96,3302,False,False,False
5429,44,97,3303,False,False,False
5430,44,98,3304,False,True,False
5431,44,99,3305,False,True,False
5432,44,100,3306,False,True,False
5433,44,101,3307,True,False,False
5433,44,101,3308,True,False,False
5434,44,102,3309,False,False,False
5459,45,3,3310,False,False,False
5460,45,4,3311,False,False,False
5461,45,5,3312,False,False,False
5462,45,6,3313,False,False,False
5463,45,7,3314,False,True,False
5464,45,8,3315,False,True,False
5465,45,9,3316,False,True,False
5466,45,10,3317,True,True,False
5467,45,11,3318,False,False,False
5468,45,12,3319,False,False,False
5469,45,13,3320,False,False,False
5470,45,14,3321,False,False,False
5471,45,15,3322,False,False,False
5472,45,16,3323,False,False,False
5473,45,17,3324,False,False,False
5474,45,18,3325,True,False,False
5475,45,19,3326,False,False,False
5476,45,20,3327,False,False,False
5477,45,21,3328,False,False,False
5478,45,22,3329,False,False,False
5479,45,23,3330,False,False,False
5480,45,24,3331,False,False,False
5481,45,25,3332,False,False,False
5482,45,26,3333,False,True,False
5483,45,27,3334,False,True,False
5484,45,28,3335,False,True,False
5485,45,29,3336,True,True,False
5486,45,30,3337,False,True,False
5487,45,31,3338,True,True,False
5488,45,32,3339,True,True,False
5489,45,33,3340,True,True,False
5490,45,34,3341,True,True,False
5491,45,35,3342,False,False,False
5492,45,36,3343,False,True,False
5493,45,37,3344,False,False,False
5494,45,38,3345,False,True,False
5495,45,39,3346,False,True,False
5496,45,40,3347,True,False,False
5497,45,41,3348,True,True,False
5498,45,42,3349,False,False,False
5499,45,43,3350,False,False,False
5500,45,44,3351,False,True,False
5501,45,45,3352,False,True,False
5502,45,46,3353,False,False,False
5503,45,47,3354,False,False,False
5504,45,48,3355,False,False,False
5505,45,49,3356,False,False,False
5506,45,50,3357,False,False,False
5507,45,51,3358,False,False,False
5508,45,52,3359,False,True,False
5509,45,53,3360,False,True,False
5510,45,54,3361,False,False,False
5511,45,55,3362,False,True,False
5512,45,56,3363,True,True,False
5513,45,57,3364,True,False,False
5514,45,58,3365,True,True,False
5515,45,59,3366,True,False,False
5516,45,60,3367,True,False,False
5517,45,61,3368,False,True,False
5518,45,62,3369,True,True,False
5519,45,63,3370,False,True,False
5520,45,64,3371,False,True,False
5521,45,65,3372,False,False,False
5522,45,66,3373,False,False,False
5523,45,67,3374,True,False,False
5524,45,68,3375,True,True,False
5525,45,69,3376,False,False,False
5526,45,70,3377,False,False,False
5527,45,71,3378,False,False,False
5528,45,72,3379,False,False,False
5529,45,73,3380,True,True,False
5530,45,74,3381,False,False,False
5531,45,75,3382,False,False,False
5532,45,76,3383,False,False,False
5533,45,77,3384,False,False,False
5534,45,78,3385,False,False,False
5535,45,79,3386,False,False,False
5536,45,80,3387,True,False,False
5537,45,81,3388,True,False,False
5538,45,82,3389,False,False,False
5539,45,83,3390,False,False,False
5540,45,84,3391,True,False,False
5541,45,85,3392,True,True,False
5542,45,86,3393,True,True,False
5543,45,87,3394,True,True,False
5544,45,88,3395,True,True,False
5545,45,89,3396,False,False,False
5546,45,90,3397,True,False,False
5547,45,91,3398,False,False,False
5548,45,92,3399,False,False,False
5549,45,93,3400,False,True,False
5550,45,94,3401,True,True,False
5551,45,95,3402,False,True,False
5552,45,96,3403,False,True,False
5553,45,97,3404,False,True,False
5554,45,98,3405,False,True,False
5555,45,99,3406,False,False,False
5556,45,100,3407,False,True,False
5557,45,101,3408,False,False,False
5583,46,3,3409,False,False,False
5584,46,4,3410,False,False,False
5585,46,5,3411,False,False,False
5586,46,6,3412,False,False,False
5587,46,7,3413,False,False,False
5588,46,8,3414,False,False,False
5589,46,9,3415,True,True,False
5590,46,10,3416,True,True,False
5591,46,11,3417,False,False,False
5592,46,12,3418,False,False,False
5593,46,13,3419,False,False,False
5594,46,14,3420,False,False,False
5595,46,15,3421,False,False,False
5596,46,16,3422,False,False,False
5597,46,17,3423,False,False,False
5598,46,18,3424,True,False,False
5599,46,19,3425,False,False,False
5600,46,20,3426,False,False,False
5601,46,21,3427,False,False,False
5602,46,22,3428,False,False,False
5603,46,23,3429,False,False,False
5604,46,24,3430,False,False,False
5605,46,25,3431,False,True,False
5606,46,26,3432,False,True,False
5607,46,27,3433,False,True,False
5608,46,28,3434,True,True,False
5609,46,29,3435,True,True,False
5610,46,30,3436,False,False,False
5611,46,31,3437,False,False,False
5612,46,32,3438,False,False,False
5613,46,33,3439,False,False,False
5614,46,34,3440,True,True,False
5615,46,35,3441,False,True,False
5616,46,36,3442,False,True,False
5617,46,37,3443,False,False,False
5618,46,38,3444,False,False,False
5619,46,39,3445,False,True,False
5620,46,40,3446,False,False,False
5621,46,41,3447,True,True,False
5622,46,42,3448,False,False,False
5623,46,43,3449,False,True,False
5624,46,44,3450,False,True,False
5625,46,45,3451,False,True,False
5626,46,46,3452,False,True,False
5627,46,47,3453,False,True,False
5628,46,48,3454,False,True,False
5629,46,49,3455,False,True,False
5630,46,50,3456,False,True,False
5631,46,51,3457,False,False,False
5632,46,52,3458,False,True,False
5633,46,53,3459,False,True,False
5634,46,54,3460,False,False,False
5635,46,55,3461,True,True,False
5636,46,56,3462,True,False,False
5637,46,57,3463,False,False,False
5638,46,58,3464,True,True,False
5639,46,59,3465,True,False,False
5640,46,60,3466,False,False,False
5641,46,61,3467,False,False,False
5642,46,62,3468,True,False,False
5643,46,63,3469,True,False,False
5644,46,64,3470,True,True,False
5645,46,65,3471,False,True,False
5646,46,66,3472,False,False,False
5647,46,67,3473,True,True,False
5648,46,68,3474,False,True,False
5649,46,69,3475,False,False,False
5650,46,70,3476,False,False,False
5651,46,71,3477,False,False,False
5652,46,72,3478,True,False,False
5653,46,73,3479,True,True,False
5654,46,74,3480,False,False,False
5655,46,75,3481,True,False,False
5656,46,76,3482,True,True,False
5657,46,77,3483,True,True,False
5658,46,78,3484,True,False,False
5659,46,79,3485,True,False,False
5660,46,80,3486,True,False,False
5661,46,81,3487,False,False,False
5662,46,82,3488,False,False,False
5663,46,83,3489,False,False,False
5664,46,84,3490,True,False,False
5665,46,85,3491,True,True,False
5666,46,86,3492,False,True,False
5667,46,87,3493,False,True,False
5668,46,88,3494,True,True,False
5669,46,89,3495,True,True,False
5670,46,90,3496,True,False,False
5671,46,91,3497,True,False,False
5672,46,92,3498,False,False,False
5673,46,93,3499,True,False,False
5674,46,94,3500,True,False,False
5675,46,95,3501,False,False,False
5676,46,96,3502,False,False,False
5677,46,97,3503,False,False,False
5678,46,98,3504,False,False,False
5679,46,99,3505,False,False,False
5680,46,100,3506,False,True,False
5681,46,101,3507,False,False,False
5706,47,2,3508,False,False,False
5707,47,3,3509,False,False,False
5708,47,4,3510,False,False,False
5709,47,5,3511,False,False,False
5710,47,6,3512,False,False,False
5711,47,7,3513,False,False,False
5712,47,8,3514,True,True,False
5713,47,9,3515,True,True,False
5714,47,10,3516,False,False,False
5715,47,11,3517,False,False,False
5716,47,12,3518,False,False,False
5717,47,13,3519,False,False,False
5718,47,14,3520,False,False,False
5719,47,15,3521,False,False,False
5720,47,16,3522,False,False,False
5721,47,17,3523,False,False,False
5722,47,18,3524,True,False,False
5723,47,19,3525,False,True,False
5724,47,20,3526,False,True,False
5725,47,21,3527,False,True,False
5726,47,22,3528,False,True,False
5727,47,23,3529,False,True,False
5728,47,24,3530,False,True,False
5729,47,25,3531,False,True,False
5730,47,26,3532,False,False,False
5731,47,27,3533,True,True,False
5732,47,28,3534,True,False,False
5733,47,29,3535,False,True,False
5734,47,30,3536,False,True,False
5735,47,31,3537,False,False,False
5736,47,32,3538,False,False,False
5737,47,33,3539,False,False,False
5738,47,34,3540,True,False,False
5739,47,35,3541,False,False,False
5740,47,36,3542,False,False,False
5741,47,37,3543,False,False,False
5742,47,38,3544,False,False,False
5743,47,39,3545,False,True,False
5744,47,40,3546,True,True,False
5745,47,41,3547,True,True,False
5746,47,42,3548,False,True,False
5747,47,43,3549,False,True,False
5748,47,44,3550,False,True,False
5749,47,45,3551,False,False,False
5750,47,46,3552,False,False,False
5751,47,47,3553,False,False,False
5752,47,48,3554,False,False,False
5753,47,49,3555,False,False,False
5754,47,50,3556,False,True,False
5755,47,51,3557,False,True,False
5756,47,52,3558,False,True,False
5757,47,53,3559,False,True,False
5758,47,54,3560,True,True,False
5759,47,55,3561,True,True,False
5760,47,56,3562,False,False,False
5761,47,57,3563,False,False,False
5762,47,58,3564,True,True,False
5763,47,59,3565,True,True,False
5764,47,60,3566,False,False,False
5765,47,61,3567,False,True,False
5766,47,62,3568,True,True,False
5767,47,63,3569,False,False,False
5768,47,64,3570,True,False,False
5769,47,65,3571,True,True,False
5770,47,66,3572,False,True,False
5771,47,67,3573,True,True,False
5772,47,68,3574,False,False,False
5773,47,69,3575,False,False,False
5774,47,70,3576,False,False,False
5775,47,71,3577,False,False,False
5776,47,72,3578,True,False,False
5777,47,73,3579,True,True,False
5778,47,74,3580,True,True,False
5779,47,75,3581,True,True,False
5780,47,76,3582,False,True,False
5781,47,77,3583,False,True,False
5782,47,78,3584,False,False,False
5783,47,79,3585,False,False,False
5784,47,80,3586,False,False,False
5785,47,81,3587,False,False,False
5786,47,82,3588,False,False,False
5787,47,83,3589,False,False,False
5788,47,84,3590,True,True,False
5789,47,85,3591,False,True,False
5790,47,86,3592,False,False,False
5791,47,87,3593,False,True,False
5792,47,88,3594,False,True,False
5793,47,89,3595,True,True,False
5794,47,90,3596,True,True,False
5795,47,91,3597,True,False,False
5796,47,92,3598,True,False,False
5797,47,93,3599,True,False,False
5798,47,94,3600,False,False,False
5799,47,95,3601,False,False,False
5800,47,96,3602,False,False,False
5801,47,97,3603,False,False,False
5802,47,98,3604,False,False,False
5803,47,99,3605,False,False,False
5804,47,100,3606,True,True,False
5805,47,101,3607,True,False,False
5830,48,2,3608,False,False,False
5831,48,3,3609,False,False,False
5832,48,4,3610,False,False,False
5833,48,5,3611,False,False,False
5834,48,6,3612,False,False,False
5835,48,7,3613,False,False,False
5836,48,8,3614,True,True,False
5837,48,9,3615,True,True,False
5838,48,10,3616,False,False,False
5839,48,11,3617,False,False,False
5840,48,12,3618,False,False,False
5841,48,13,3619,False,False,False
5842,48,14,3620,False,False,False
5843,48,15,3621,False,False,False
5844,48,16,3622,False,False,False
5845,48,17,3623,False,False,False
5846,48,18,3624,True,False,False
5847,48,19,3625,True,True,False
5848,48,20,3626,False,False,False
5849,48,21,3627,False,False,False
5850,48,22,3628,False,False,False
5851,48,23,3629,False,False,False
5852,48,24,3630,False,False,False
5853,48,25,3631,False,False,False
5854,48,26,3632,False,True,False
5855,48,27,3633,True,True,False
5856,48,28,3634,False,False,False
5857,48,29,3635,False,False,False
5858,48,30,3636,False,True,False
5859,48,31,3637,False,True,False
5860,48,32,3638,False,True,False
5861,48,33,3639,False,True,False
5862,48,34,3640,True,False,False
5863,48,35,3641,False,False,False
5864,48,36,3642,False,False,False
5865,48,37,3643,False,False,False
5866,48,38,3644,False,False,False
5867,48,39,3645,False,False,False
5868,48,40,3646,True,True,False
5869,48,41,3647,False,False,False
5870,48,42,3648,False,False,False
5871,48,43,3649,False,False,False
5872,48,44,3650,False,True,False
5873,48,45,3651,False,False,False
5874,48,46,3652,False,False,False
5875,48,47,3653,False,False,False
5876,48,48,3654,False,False,False
5877,48,49,3655,False,False,False
5878,48,50,3656,False,False,False
5879,48,51,3657,True,False,False
5880,48,52,3658,True,False,False
5881,48,53,3659,True,True,False
5882,48,54,3660,True,True,False
5883,48,55,3661,True,True,False
5884,48,56,3662,True,True,False
5885,48,57,3663,True,True,False
5886,48,58,3664,True,True,False
5887,48,59,3665,True,True,False
5888,48,60,3666,True,True,False
5889,48,61,3667,True,True,False
5890,48,62,3668,True,True,False
5891,48,63,3669,False,True,False
5892,48,64,3670,False,True,False
5893,48,65,3671,True,True,False
5894,48,66,3672,True,True,False
5895,48,67,3673,True,True,False
5896,48,68,3674,True,True,False
5897,48,69,3675,True,True,False
5898,48,70,3676,True,True,False
5899,48,71,3677,True,True,False
5900,48,72,3678,True,True,False
5901,48,73,3679,True,True,False
5902,48,74,3680,True,True,False
5903,48,75,3681,False,False,False
5904,48,76,3682,False,False,False
5905,48,77,3683,False,True,False
5906,48,78,3684,False,True,False
5907,48,79,3685,False,True,False
5908,48,80,3686,False,True,False
5909,48,81,3687,False,True,False
5910,48,82,3688,False,True,False
5911,48,83,3689,True,True,False
5912,48,84,3690,True,True,False
5913,48,85,3691,False,False,False
5914,48,86,3692,False,False,False
5915,48,87,3693,False,True,False
5916,48,88,3694,False,True,False
5917,48,89,3695,False,False,False
5918,48,90,3696,True,True,False
5919,48,91,3697,True,False,False
5920,48,92,3698,True,False,False
5921,48,93,3699,True,False,False
5922,48,94,3700,False,False,False
5923,48,95,3701,False,False,False
5924,48,96,3702,False,False,False
5925,48,97,3703,False,False,False
5926,48,98,3704,False,False,False
5927,48,99,3705,False,False,False
5928,48,100,3706,True,True,False
5929,48,101,3707,False,False,False
5954,49,2,3708,False,False,False
5955,49,3,3709,False,False,False
5956,49,4,3710,False,False,False
5957,49,5,3711,False,False,False
5958,49,6,3712,False,False,False
5959,49,7,3713,False,False,False
5960,49,8,3714,True,False,False
5961,49,9,3715,False,True,False
5962,49,10,3716,False,False,False
5963,49,11,3717,False,False,False
5964,49,12,3718,False,False,False
5965,49,13,3719,False,False,False
5966,49,14,3720,False,False,False
5967,49,15,3721,False,False,False
5968,49,16,3722,False,False,False
5969,49,17,3723,False,True,False
5970,49,18,3724,False,True,False
5971,49,19,3725,True,True,False
5972,49,20,3726,False,False,False
5973,49,21,3727,False,False,False
5974,49,22,3728,False,False,False
5975,49,23,3729,False,True,False
5976,49,24,3730,False,True,False
5977,49,25,3731,False,False,False
5978,49,26,3732,True,True,False
5979,49,27,3733,True,False,False
5980,49,28,3734,False,False,False
5981,49,29,3735,False,False,False
5982,49,30,3736,False,True,False
5983,49,31,3737,False,True,False
5984,49,32,3738,False,False,False
5985,49,33,3739,False,True,False
5986,49,34,3740,True,True,False
5987,49,35,3741,True,True,False
5988,49,36,3742,False,False,False
5989,49,37,3743,False,False,False
5990,49,38,3744,False,False,False
5991,49,39,3745,False,False,False
5992,49,40,3746,True,True,False
5993,49,41,3747,False,False,False
5994,49,42,3748,False,False,False
5995,49,43,3749,True,True,False
5996,49,44,3750,True,True,False
5997,49,45,3751,True,False,False
5998,49,46,3752,True,False,False
5999,49,47,3753,True,True,False
6000,49,48,3754,True,False,False
6001,49,49,3755,True,False,False
6002,49,50,3756,True,False,False
6003,49,51,3757,True,False,False
6004,49,52,3758,True,False,False
6005,49,53,3759,True,False,False
6006,49,54,3760,True,True,False
6007,49,55,3761,False,False,False
6008,49,56,3762,False,False,False
6009,49,57,3763,False,False,False
6010,49,58,3764,False,True,False
6011,49,59,3765,True,True,False
6012,49,60,3766,False,False,False
6013,49,61,3767,False,False,False
6014,49,62,3768,False,False,False
6015,49,63,3769,False,False,False
6016,49,64,3770,False,False,False
6017,49,65,3771,False,False,False
6018,49,66,3772,True,False,False
6019,49,67,3773,True,True,False
6020,49,68,3774,False,False,False
6021,49,69,3775,False,False,False
6022,49,70,3776,False,True,False
6023,49,71,3777,False,True,False
6024,49,72,3778,False,True,False
6025,49,73,3779,True,True,False
6026,49,74,3780,False,False,False
6027,49,75,3781,False,False,False
6028,49,76,3782,False,False,False
6029,49,77,3783,False,False,False
6030,49,78,3784,False,False,False
6031,49,79,3785,False,False,False
6032,49,80,3786,False,True,False
6033,49,81,3787,False,False,False
6034,49,82,3788,False,False,False
6035,49,83,3789,True,False,False
6036,49,84,3790,False,True,False
6037,49,85,3791,False,True,False
6038,49,86,3792,False,False,False
6039,49,87,3793,False,False,False
6040,49,88,3794,False,True,False
6041,49,89,3795,False,False,False
6042,49,90,3796,False,True,False
6043,49,91,3797,True,True,False
6044,49,92,3798,True,False,False
6045,49,93,3799,True,False,False
6046,49,94,3800,True,False,False
6047,49,95,3801,False,True,False
6048,49,96,3802,False,True,False
6049,49,97,3803,False,False,False
6050,49,98,3804,False,True,False
6051,49,99,3805,True,True,False
6052,49,100,3806,True,True,False
6053,49,101,3807,False,False,False
6077,50,1,3808,False,False,False
6078,50,2,3809,False,False,False
6079,50,3,3810,False,False,False
6080,50,4,3811,False,False,False
6081,50,5,3812,False,False,False
6082,50,6,3813,False,False,False
6083,50,7,3814,True,False,False
6084,50,8,3815,True,True,False
6085,50,9,3816,False,True,False
6086,50,10,3817,False,False,False
6087,50,11,3818,False,False,False
6088,50,12,3819,False,False,False
6089,50,13,3820,False,False,False
6090,50,14,3821,False,False,False
6091,50,15,3822,False,False,False
6092,50,16,3823,False,True,False
6093,50,17,3824,True,True,False
6094,50,18,3825,True,True,False
6095,50,19,3826,True,True,False
6096,50,20,3827,False,True,False
6097,50,21,3828,False,True,False
6098,50,22,3829,False,True,False
6099,50,23,3830,False,True,False
6100,50,24,3831,False,True,False
6101,50,25,3832,False,True,False
6102,50,26,3833,True,True,False
6103,50,27,3834,False,False,False
6104,50,28,3835,False,False,False
6105,50,29,3836,False,False,False
6106,50,30,3837,False,False,False
6107,50,31,3838,False,True,False
6108,50,32,3839,False,False,False
6109,50,33,3840,False,False,False
6110,50,34,3841,False,False,False
6111,50,35,3842,True,True,False
6112,50,36,3843,True,True,False
6113,50,37,3844,False,False,False
6114,50,38,3845,False,False,False
6115,50,39,3846,False,False,False
6116,50,40,3847,True,True,False
6117,50,41,3848,False,True,False
6118,50,42,3849,True,True,False
6119,50,43,3850,True,True,False
6120,50,44,3851,False,False,False
6121,50,45,3852,False,False,False
6122,50,46,3853,False,False,False
6123,50,47,3854,False,True,False
6124,50,48,3855,False,False,False
6125,50,49,3856,False,False,False
6126,50,50,3857,False,False,False
6127,50,51,3858,False,False,False
6128,50,52,3859,False,False,False
6129,50,53,3860,True,True,False
6130,50,54,3861,True,True,False
6131,50,55,3862,False,False,False
6132,50,56,3863,False,False,False
6133,50,57,3864,False,False,False
6134,50,58,3865,False,False,False
6135,50,59,3866,True,True,False
6136,50,60,3867,True,False,False
6137,50,61,3868,False,False,False
6138,50,62,3869,False,False,False
6139,50,63,3870,False,False,False
6140,50,64,3871,False,False,False
6141,50,65,3872,False,False,False
6142,50,66,3873,False,False,False
6143,50,67,3874,True,True,False
6144,50,68,3875,True,True,False
6145,50,69,3876,False,True,False
6146,50,70,3877,False,True,False
6147,50,71,3878,False,False,False
6148,50,72,3879,False,False,False
6149,50,73,3880,True,True,False
6150,50,74,3881,False,False,False
6151,50,75,3882,False,False,False
6152,50,76,3883,False,False,False
6153,50,77,3884,False,False,False
6154,50,78,3885,False,False,False
6155,50,79,3886,False,False,False
6156,50,80,3887,False,True,False
6157,50,81,3888,True,False,False
6158,50,82,3889,True,False,False
6159,50,83,3890,True,True,False
6160,50,84,3891,False,True,False
6161,50,85,3892,False,True,False
6162,50,86,3893,False,False,False
6163,50,87,3894,False,False,False
6164,50,88,3895,False,True,False
6165,50,89,3896,False,False,False
6166,50,90,3897,False,False,False
6167,50,91,3898,True,True,False
6168,50,92,3899,True,True,False
6169,50,93,3900,False,False,False
6170,50,94,3901,True,True,False
6171,50,95,3902,False,True,False
6172,50,96,3903,False,True,False
6173,50,97,3904,False,True,False
6174,50,98,3905,True,True,False
6175,50,99,3906,True,False,False
6176,50,100,3907,True,True,False
6177,50,101,3908,True,True,False
6201,51,1,3909,False,False,False
6202,51,2,3910,False,False,False
6203,51,3,3911,False,False,False
6204,51,4,3912,False,False,False
6205,51,5,3913,False,False,False
6206,51,6,3914,False,False,False
6207,51,7,3915,True,True,False
6208,51,8,3916,False,True,False
6209,51,9,3917,False,False,False
6210,51,10,3918,False,False,False
6211,51,11,3919,False,False,False
6212,51,12,3920,False,False,False
6213,51,13,3921,False,False,False
6214,51,14,3922,False,False,False
6215,51,15,3923,False,False,False
6216,51,16,3924,True,True,False
6217,51,17,3925,True,False,False
6218,51,18,3926,False,False,False
6219,51,19,3927,False,False,False
6220,51,20,3928,False,False,False
6221,51,21,3929,False,False,False
6222,51,22,3930,False,True,False
6223,51,23,3931,False,True,False
6224,51,24,3932,False,True,False
6225,51,25,3933,True,True,False
6226,51,26,3934,True,True,False
6227,51,27,3935,False,False,False
6228,51,28,3936,False,False,False
6229,51,29,3937,False,False,False
6230,51,30,3938,False,True,False
6231,51,31,3939,False,True,False
6232,51,32,3940,False,False,False
6233,51,33,3941,False,False,False
6234,51,34,3942,False,False,False
6235,51,35,3943,False,False,False
6236,51,36,3944,True,True,False
6237,51,37,3945,True,False,False
6238,51,38,3946,True,False,False
6239,51,39,3947,True,False,False
6240,51,40,3948,True,True,False
6241,51,41,3949,True,True,False
6242,51,42,3950,True,False,False
6243,51,43,3951,False,False,False
6244,51,44,3952,False,False,False
6245,51,45,3953,False,False,False
6246,51,46,3954,False,True,False
6247,51,47,3955,False,True,False
6248,51,48,3956,False,False,False
6249,51,49,3957,False,False,False
6250,51,50,3958,False,False,False
6251,51,51,3959,False,False,False
6252,51,52,3960,False,False,False
6253,51,53,3961,True,True,False
6254,51,54,3962,False,False,False
6255,51,55,3963,False,False,False
6256,51,56,3964,False,False,False
6257,51,57,3965,False,False,False
6258,51,58,3966,False,False,False
6259,51,59,3967,True,True,False
6260,51,60,3968,True,False,False
6261,51,61,3969,False,False,False
6262,51,62,3970,False,False,False
6263,51,63,3971,False,False,False
6264,51,64,3972,False,False,False
6265,51,65,3973,False,False,False
6266,51,66,3974,False,False,False
6267,51,67,3975,False,False,False
6268,51,68,3976,True,True,False
6269,51,69,3977,False,True,False
6270,51,70,3978,False,False,False
6271,51,71,3979,False,False,False
6272,51,72,3980,False,False,False
6273,51,73,3981,True,True,False
6274,51,74,3982,True,False,False
6275,51,75,3983,False,True,False
6276,51,76,3984,False,True,False
6277,51,77,3985,False,True,False
6278,51,78,3986,False,True,False
6279,51,79,3987,False,True,False
6280,51,80,3988,True,True,False
6281,51,81,3989,True,False,False
6282,51,82,3990,True,True,False
6283,51,83,3991,False,True,False
6284,51,84,3992,False,False,False
6285,51,85,3993,False,True,False
6286,51,86,3994,False,True,False
6287,51,87,3995,False,False,False
6288,51,88,3996,False,True,False
6289,51,89,3997,False,True,False
6290,51,90,3998,True,False,False
6291,51,91,3999,True,False,False
6292,51,92,4000,True,True,False
6293,51,93,4001,True,True,False
6294,51,94,4002,True,True,False
6295,51,95,4003,False,False,False
6296,51,96,4004,False,False,False
6297,51,97,4005,True,False,False
6298,51,98,4006,True,False,False
6299,51,99,4007,False,False,False
6300,51,100,4008,False,True,False
6301,51,101,4009,True,False,False
6302,51,102,4010,False,False,False
6325,52,1,4011,False,False,False
6326,52,2,4012,False,False,False
6327,52,3,4013,False,False,False
6328,52,4,4014,False,False,False
6329,52,5,4015,False,False,False
6330,52,6,4016,False,False,False
6331,52,7,4017,True,True,False
6332,52,8,4018,False,False,False
6333,52,9,4019,False,False,False
6334,52,10,4020,False,False,False
6335,52,11,4021,False,False,False
6336,52,12,4022,False,False,False
6337,52,13,4023,False,True,False
6338,52,14,4024,False,True,False
6339,52,15,4025,True,True,False
6340,52,16,4026,True,True,False
6341,52,17,4027,False,False,False
6342,52,18,4028,False,False,False
6343,52,19,4029,False,False,False
6344,52,20,4030,False,False,False
6345,52,21,4031,False,False,False
6346,52,22,4032,False,False,False
6347,52,23,4033,False,False,False
6348,52,24,4034,True,True,False
6349,52,25,4035,True,True,False
6350,52,26,4036,False,True,False
6351,52,27,4037,False,True,False
6352,52,28,4038,False,True,False
6353,52,29,4039,False,True,False
6354,52,30,4040,False,True,False
6355,52,31,4041,False,True,False
6356,52,32,4042,False,False,False
6357,52,33,4043,False,False,False
6358,52,34,4044,False,False,False
6359,52,35,4045,False,False,False
6360,52,36,4046,True,False,False
6361,52,37,4047,False,False,False
6362,52,38,4048,False,True,False
6363,52,39,4049,False,True,False
6364,52,40,4050,True,True,False
6365,52,41,4051,True,True,False
6366,52,42,4052,True,True,False
6367,52,43,4053,False,False,False
6368,52,44,4054,False,False,False
6369,52,45,4055,False,False,False
6370,52,46,4056,False,False,False
6371,52,47,4057,False,True,False
6372,52,48,4058,False,False,False
6373,52,49,4059,False,False,False
6374,52,50,4060,False,False,False
6375,52,51,4061,False,True,False
6376,52,52,4062,True,True,False
6377,52,53,4063,True,True,False
6378,52,54,4064,False,False,False
6379,52,55,4065,False,False,False
6380,52,56,4066,False,False,False
6381,52,57,4067,False,False,False
6382,52,58,4068,False,False,False
6383,52,59,4069,True,True,False
6384,52,60,4070,True,False,False
6385,52,61,4071,False,False,False
6386,52,62,4072,False,False,False
6387,52,63,4073,False,False,False
6388,52,64,4074,False,False,False
6389,52,65,4075,False,False,False
6390,52,66,4076,False,False,False
6391,52,67,4077,False,False,False
6392,52,68,4078,True,True,False
6393,52,69,4079,False,True,False
6394,52,70,4080,False,True,False
6395,52,71,4081,False,False,False
6396,52,72,4082,False,False,False
6397,52,73,4083,True,True,False
6398,52,74,4084,False,True,False
6399,52,75,4085,False,True,False
6400,52,76,4086,False,False,False
6401,52,77,4087,False,False,False
6402,52,78,4088,True,True,False
6403,52,79,4089,True,True,False
6404,52,80,4090,True,False,False
6405,52,81,4091,True,False,False
6406,52,82,4092,False,True,False
6407,52,83,4093,False,False,False
6408,52,84,4094,False,False,False
6409,52,85,4095,False,False,False
6410,52,86,4096,False,True,False
6411,52,87,4097,False,False,False
6412,52,88,4098,True,False,False
6413,52,89,4099,True,True,False
6414,52,90,4100,True,False,False
6415,52,91,4101,False,False,False
6416,52,92,4102,False,False,False
6417,52,93,4103,True,True,False
6418,52,94,4104,True,False,False
6419,52,95,4105,True,False,False
6420,52,96,4106,True,False,False
6421,52,97,4107,True,False,False
6422,52,98,4108,False,True,False
6423,52,99,4109,False,True,False
6424,52,100,4110,False,True,False
6425,52,101,4111,True,False,False
6426,52,102,4112,True,False,False
6450,53,2,4113,False,False,False
6451,53,3,4114,False,True,False
6452,53,4,4115,False,True,False
6453,53,5,4116,False,True,False
6454,53,6,4117,False,False,False
6455,53,7,4118,True,True,False
6456,53,8,4119,True,True,False
6457,53,9,4120,False,False,False
6458,53,10,4121,False,False,False
6459,53,11,4122,False,False,False
6460,53,12,4123,False,False,False
6461,53,13,4124,False,True,False
6462,53,14,4125,True,True,False
6463,53,15,4126,True,False,False
6464,53,16,4127,False,False,False
6465,53,17,4128,False,False,False
6466,53,18,4129,False,False,False
6467,53,19,4130,False,False,False
6468,53,20,4131,False,False,False
6469,53,21,4132,False,False,False
6470,53,22,4133,False,True,False
6471,53,23,4134,True,True,False
6472,53,24,4135,True,True,False
6473,53,25,4136,False,False,False
6474,53,26,4137,False,True,False
6475,53,27,4138,False,True,False
6476,53,28,4139,False,True,False
6477,53,29,4140,False,True,False
6478,53,30,4141,False,True,False
6479,53,31,4142,False,True,False
6480,53,32,4143,False,True,False
6481,53,33,4144,False,True,False
6482,53,34,4145,False,True,False
6483,53,35,4146,False,True,False
6484,53,36,4147,True,True,False
6485,53,37,4148,True,True,False
6486,53,38,4149,True,True,False
6487,53,39,4150,True,False,False
6488,53,40,4151,True,True,False
6489,53,41,4152,True,True,False
6490,53,42,4153,True,True,False
6491,53,43,4154,True,True,False
6492,53,44,4155,False,False,False
6493,53,45,4156,False,False,False
6494,53,46,4157,False,False,False
6495,53,47,4158,False,True,False
6496,53,48,4159,False,False,False
6497,53,49,4160,False,False,False
6498,53,50,4161,False,True,False
6499,53,51,4162,False,True,False
6500,53,52,4163,True,False,False
6501,53,53,4164,False,False,False
6502,53,54,4165,False,False,False
6503,53,55,4166,False,False,False
6504,53,56,4167,False,False,False
6505,53,57,4168,False,False,False
6506,53,58,4169,False,False,False
6507,53,59,4170,True,True,False
6508,53,60,4171,True,False,False
6509,53,61,4172,False,False,False
6510,53,62,4173,False,False,False
6511,53,63,4174,False,False,False
6512,53,64,4175,False,False,False
6513,53,65,4176,False,False,False
6514,53,66,4177,False,False,False
6515,53,67,4178,False,False,False
6516,53,68,4179,True,False,False
6517,53,69,4180,True,False,False
6518,53,70,4181,True,True,False
6519,53,71,4182,True,True,False
6520,53,72,4183,True,True,False
6521,53,73,4184,True,True,False
6522,53,74,4185,False,True,False
6523,53,75,4186,False,True,False
6524,53,76,4187,False,False,False
6525,53,77,4188,True,False,False
6526,53,78,4189,True,False,False
6527,53,79,4190,False,False,False
6528,53,80,4191,False,False,False
6529,53,81,4192,True,False,False
6530,53,82,4193,False,True,False
6531,53,83,4194,False,False,False
6532,53,84,4195,False,False,False
6533,53,85,4196,False,False,False
6534,53,86,4197,True,True,False
6535,53,87,4198,True,False,False
6536,53,88,4199,True,False,False
6537,53,89,4200,False,True,False
6538,53,90,4201,False,True,False
6539,53,91,4202,False,True,False
6540,53,92,4203,False,False,False
6541,53,93,4204,True,True,False
6542,53,94,4205,False,True,False
6543,53,95,4206,True,False,False
6544,53,96,4207,True,False,False
6545,53,97,4208,False,True,False
6546,53,98,4209,False,True,False
6547,53,99,4210,False,False,False
6548,53,100,4211,False,False,False
6549,53,101,4212,False,False,False
6550,53,102,4213,False,False,False
6575,54,3,4214,False,False,False
6576,54,4,4215,False,False,False
6577,54,5,4216,False,True,False
6578,54,6,4217,False,True,False
6579,54,7,4218,False,False,False
6580,54,8,4219,True,True,False
6581,54,9,4220,False,False,False
6582,54,10,4221,False,False,False
6583,54,11,4222,True,False,False
6584,54,12,4223,True,True,False
6585,54,13,4224,True,True,False
6586,54,14,4225,True,False,False
6587,54,15,4226,False,False,False
6588,54,16,4227,False,False,False
6589,54,17,4228,False,False,False
6590,54,18,4229,False,False,False
6591,54,19,4230,False,False,False
6592,54,20,4231,False,False,False
6593,54,21,4232,False,False,False
6594,54,22,4233,True,True,False
6595,54,23,4234,True,False,False
6596,54,24,4235,False,False,False
6597,54,25,4236,False,False,False
6598,54,26,4237,False,False,False
6599,54,27,4238,False,False,False
6600,54,28,4239,False,True,False
6601,54,29,4240,False,True,False
6602,54,30,4241,False,False,False
6603,54,31,4242,False,True,False
6604,54,32,4243,False,False,False
6605,54,33,4244,False,False,False
6606,54,34,4245,False,False,False
6607,54,35,4246,False,True,False
6608,54,36,4247,False,True,False
6609,54,37,4248,True,True,False
6610,54,38,4249,True,False,False
6611,54,39,4250,False,False,False
6612,54,40,4251,True,True,True
6613,54,41,4252,False,True,True
6614,54,42,4253,True,True,False
6615,54,43,4254,True,True,False
6616,54,44,4255,True,True,False
6617,54,45,4256,True,True,False
6618,54,46,4257,False,False,False
6619,54,47,4258,False,True,False
6620,54,48,4259,False,True,False
6621,54,49,4260,False,True,False
6622,54,50,4261,False,True,False
6623,54,51,4262,True,False,False
6624,54,52,4263,True,False,False
6625,54,53,4264,False,False,False
6626,54,54,4265,False,False,False
6627,54,55,4266,False,False,False
6628,54,56,4267,False,False,False
6629,54,57,4268,False,False,False
6630,54,58,4269,False,False,False
6631,54,59,4270,False,True,False
6632,54,60,4271,True,False,False
6633,54,61,4272,True,False,False
6634,54,62,4273,False,False,False
6635,54,63,4274,False,False,False
6636,54,64,4275,False,False,False
6637,54,65,4276,False,False,False
6638,54,66,4277,False,False,False
6639,54,67,4278,False,False,False
6640,54,68,4279,True,False,False
6641,54,69,4280,True,False,False
6642,54,70,4281,True,False,False
6643,54,71,4282,True,False,False
6644,54,72,4283,False,True,False
6645,54,73,4284,True,True,False
6646,54,74,4285,True,False,False
6647,54,75,4286,True,True,False
6648,54,76,4287,True,True,False
6649,54,77,4288,True,True,False
6650,54,78,4289,False,False,False
6651,54,79,4290,False,False,False
6652,54,80,4291,False,False,False
6653,54,81,4292,True,False,False
6654,54,82,4293,False,False,False
6655,54,83,4294,False,False,False
6656,54,84,4295,False,False,False
6657,54,85,4296,False,False,False
6658,54,86,4297,True,True,False
6659,54,87,4298,False,False,False
6660,54,88,4299,False,False,False
6661,54,89,4300,False,False,False
6662,54,90,4301,False,False,False
6663,54,91,4302,False,True,False
6664,54,92,4303,False,True,False
6665,54,93,4304,True,False,False
6666,54,94,4305,True,True,False
6667,54,95,4306,True,True,False
6668,54,96,4307,True,False,False
6669,54,97,4308,False,True,False
6670,54,98,4309,False,False,False
6671,54,99,4310,False,False,False
6672,54,100,4311,False,False,False
6673,54,101,4312,False,False,False
6674,54,102,4313,False,False,False
6701,55,5,4314,False,False,False
6702,55,6,4315,False,False,False
6703,55,7,4316,False,False,False
6704,55,8,4317,True,True,False
6705,55,9,4318,True,True,False
6706,55,10,4319,True,True,False
6707,55,11,4320,True,True,False
6708,55,12,4321,True,True,False
6709,55,13,4322,True,False,False
6710,55,14,4323,False,False,False
6711,55,15,4324,False,False,False
6712,55,16,4325,False,False,False
6713,55,17,4326,False,False,False
6714,55,18,4327,False,False,False
6715,55,19,4328,False,False,False
6716,55,20,4329,False,False,False
6717,55,21,4330,False,True,False
6718,55,22,4331,True,True,False
6719,55,23,4332,False,False,False
6720,55,24,4333,False,False,False
6721,55,25,4334,False,False,False
6722,55,26,4335,False,False,False
6723,55,27,4336,False,False,False
6724,55,28,4337,False,False,False
6725,55,29,4338,False,True,False
6726,55,30,4339,False,True,False
6727,55,31,4340,False,True,False
6728,55,32,4341,False,True,False
6729,55,33,4342,False,False,False
6730,55,34,4343,False,True,False
6731,55,35,4344,False,True,False
6732,55,36,4345,True,False,False
6733,55,37,4346,True,False,True
6734,55,38,4347,False,False,True
6735,55,39,4348,False,True,True
6736,55,40,4349,True,True,True
6737,55,41,4350,True,True,True
6738,55,42,4351,True,False,False
6739,55,43,4352,False,False,False
6740,55,44,4353,False,False,False
6741,55,45,4354,True,True,False
6742,55,46,4355,True,True,False
6743,55,47,4356,False,True,False
6744,55,48,4357,False,True,False
6745,55,49,4358,False,True,False
6746,55,50,4359,False,False,False
6747,55,51,4360,True,False,False
6748,55,52,4361,False,False,False
6749,55,53,4362,False,False,False
6750,55,54,4363,False,False,False
6751,55,55,4364,False,False,False
6752,55,56,4365,False,False,False
6753,55,57,4366,False,False,False
6754,55,58,4367,False,False,False
6755,55,59,4368,False,True,False
6756,55,60,4369,True,True,False
6757,55,61,4370,True,False,False
6758,55,62,4371,False,False,False
6759,55,63,4372,False,False,False
6760,55,64,4373,False,False,False
6761,55,65,4374,False,False,False
6762,55,66,4375,False,False,False
6763,55,67,4376,False,False,False
6764,55,68,4377,False,False,False
6765,55,69,4378,True,False,False
6766,55,70,4379,True,False,False
6767,55,71,4380,False,False,False
6768,55,72,4381,True,True,False
6769,55,73,4382,True,False,False
6770,55,74,4383,False,False,False
6771,55,75,4384,False,False,False
6772,55,76,4385,False,False,False
6773,55,77,4386,True,True,False
6774,55,78,4387,True,True,False
6775,55,79,4388,False,False,False
6776,55,80,4389,False,False,False
6777,55,81,4390,True,False,False
6778,55,82,4391,False,False,False
6779,55,83,4392,False,False,False
6780,55,84,4393,True,False,False
6781,55,85,4394,True,False,False
6782,55,86,4395,True,True,False
6783,55,87,4396,True,True,False
6784,55,88,4397,False,False,False
6785,55,89,4398,False,False,False
6786,55,90,4399,False,False,False
6787,55,91,4400,False,False,False
6788,55,92,4401,False,True,False
6789,55,93,4402,False,False,False
6790,55,94,4403,True,False,False
6791,55,95,4404,True,True,False
6792,55,96,4405,True,True,False
6793,55,97,4406,True,True,False
6794,55,98,4407,False,False,False
6795,55,99,4408,False,False,False
6796,55,100,4409,False,False,False
6797,55,101,4410,False,False,False
6798,55,102,4411,True,False,False
6799,55,103,4412,True,True,False
6800,55,104,4413,False,True,False
6801,55,105,4414,False,False,False
6826,56,6,4415,False,False,False
6827,56,7,4416,False,False,False
6828,56,8,4417,False,False,False
6829,56,9,4418,False,True,False
6830,56,10,4419,False,True,False
6831,56,11,4420,False,True,False
6832,56,12,4421,True,True,False
6833,56,13,4422,True,False,False
6834,56,14,4423,False,False,False
6835,56,15,4424,False,False,False
6836,56,16,4425,False,False,False
6837,56,17,4426,False,False,False
6838,56,18,4427,False,False,False
6839,56,19,4428,False,False,False
6840,56,20,4429,False,False,False
6841,56,21,4430,True,True,False
6842,56,22,4431,True,False,False
6843,56,23,4432,False,False,False
6844,56,24,4433,False,False,False
6845,56,25,4434,False,False,False
6846,56,26,4435,False,False,False
6847,56,27,4436,False,False,False
6848,56,28,4437,False,False,False
6849,56,29,4438,False,False,False
6850,56,30,4439,False,True,False
6851,56,31,4440,False,False,False
6852,56,32,4441,False,True,False
6853,56,33,4442,False,True,False
6854,56,34,4443,True,True,False
6855,56,35,4444,True,False,True
6856,56,36,4445,True,False,True
6857,56,37,4446,False,False,True
6858,56,38,4447,False,True,False
6859,56,39,4448,False,True,False
6860,56,40,4449,False,False,False
6861,56,41,4450,True,True,True
6862,56,42,4451,True,False,False
6863,56,43,4452,False,False,False
6864,56,44,4453,False,False,False
6865,56,45,4454,False,False,False
6866,56,46,4455,True,True,False
6867,56,47,4456,True,True,False
6868,56,48,4457,False,True,False
6869,56,49,4458,True,False,False
6870,56,50,4459,True,False,False
6871,56,51,4460,True,False,False
6872,56,52,4461,True,False,False
6873,56,53,4462,False,False,False
6874,56,54,4463,False,False,False
6875,56,55,4464,False,False,False
6876,56,56,4465,False,False,False
6877,56,57,4466,False,False,False
6878,56,58,4467,False,False,False
6879,56,59,4468,False,False,False
6880,56,60,4469,True,True,False
6881,56,61,4470,True,False,False
6882,56,62,4471,False,False,False
6883,56,63,4472,False,False,False
6884,56,64,4473,False,False,False
6885,56,65,4474,False,False,False
6886,56,66,4475,False,False,False
6887,56,67,4476,False,False,False
6888,56,68,4477,False,False,False
6889,56,69,4478,False,False,False
6890,56,70,4479,True,False,False
6891,56,71,4480,True,True,False
6892,56,72,4481,True,True,False
6893,56,73,4482,False,False,False
6894,56,74,4483,False,False,False
6895,56,75,4484,False,False,False
6896,56,76,4485,False,False,False
6897,56,77,4486,False,False,False
6898,56,78,4487,True,True,False
6899,56,79,4488,True,True,False
6900,56,80,4489,True,True,False
6901,56,81,4490,True,False,False
6902,56,82,4491,False,False,False
6903,56,83,4492,True,False,False
6904,56,84,4493,True,False,False
6905,56,85,4494,False,False,False
6906,56,86,4495,False,False,False
6907,56,87,4496,True,True,False
6908,56,88,4497,False,False,False
6909,56,89,4498,False,False,False
6910,56,90,4499,False,False,False
6911,56,91,4500,False,False,False
6912,56,92,4501,False,True,False
6913,56,93,4502,False,True,False
6914,56,94,4503,True,True,False
6915,56,95,4504,True,True,False
6916,56,96,4505,False,True,False
6917,56,97,4506,True,False,False
6918,56,98,4507,False,False,False
6919,56,99,4508,False,False,False
6920,56,100,4509,False,False,False
6921,56,101,4510,False,False,False
6922,56,102,4511,True,False,False
6923,56,103,4512,False,True,False
6924,56,104,4513,False,False,False
6925,56,105,4514,False,False,False
6926,56,106,4515,True,False,False
6927,56,107,4516,False,False,False
6928,56,108,4517,False,False,False
6929,56,109,4518,False,False,False
6952,57,8,4519,False,False,False
6953,57,9,4520,False,False,False
6954,57,10,4521,False,False,False
6955,57,11,4522,False,True,False
6956,57,12,4523,True,True,True
6957,57,13,4524,True,True,False
6958,57,14,4525,True,False,False
6959,57,15,4526,True,False,False
6960,57,16,4527,False,False,False
6961,57,17,4528,False,False,False
6962,57,18,4529,False,False,False
6963,57,19,4530,False,False,False
6964,57,20,4531,False,True,False
6965,57,21,4532,True,True,False
6966,57,22,4533,False,False,False
6967,57,23,4534,False,False,False
6968,57,24,4535,False,False,False
6969,57,25,4536,False,False,False
6970,57,26,4537,False,False,False
6971,57,27,4538,False,False,False
6972,57,28,4539,False,False,False
6973,57,29,4540,False,False,False
6974,57,30,4541,False,True,False
6975,57,31,4542,False,True,False
6976,57,32,4543,False,True,False
6977,57,33,4544,True,True,False
6978,57,34,4545,True,False,True
6979,57,35,4546,True,False,True
6980,57,36,4547,False,False,False
6981,57,37,4548,False,False,False
6982,57,38,4549,False,True,False
6983,57,39,4550,False,False,False
6984,57,40,4551,False,False,False
6985,57,41,4552,True,True,True
6986,57,42,4553,True,True,True
6987,57,43,4554,False,False,False
6988,57,44,4555,False,False,False
6989,57,45,4556,False,False,False
6990,57,46,4557,True,True,False
6991,57,47,4558,True,True,False
6992,57,48,4559,True,True,False
6993,57,49,4560,True,False,False
6994,57,50,4561,True,False,False
6995,57,51,4562,False,False,False
6996,57,52,4563,True,False,False
6997,57,53,4564,True,False,False
6998,57,54,4565,True,False,False
6999,57,55,4566,False,False,False
7000,57,56,4567,False,False,False
7001,57,57,4568,False,False,False
7002,57,58,4569,False,False,False
7003,57,59,4570,False,False,False
7004,57,60,4571,True,True,False
7005,57,61,4572,True,False,False
7006,57,62,4573,True,False,False
7007,57,63,4574,True,False,False
7008,57,64,4575,True,False,False
7009,57,65,4576,True,False,False
7010,57,66,4577,True,False,False
7011,57,67,4578,True,False,False
7012,57,68,4579,True,False,False
7013,57,69,4580,True,False,False
7014,57,70,4581,True,False,False
7015,57,71,4582,True,True,False
7016,57,72,4583,False,False,False
7017,57,73,4584,False,False,False
7018,57,74,4585,False,False,False
7019,57,75,4586,False,False,False
7020,57,76,4587,False,False,False
7021,57,77,4588,False,False,False
7022,57,78,4589,False,False,False
7023,57,79,4590,False,False,False
7024,57,80,4591,True,True,False
7025,57,81,4592,True,True,False
7026,57,82,4593,True,True,False
7027,57,83,4594,True,False,False
7028,57,84,4595,False,False,False
7029,57,85,4596,False,False,False
7030,57,86,4597,False,False,False
7031,57,87,4598,True,True,False
7032,57,88,4599,False,False,False
7033,57,89,4600,False,False,False
7034,57,90,4601,False,False,False
7035,57,91,4602,False,False,False
7036,57,92,4603,False,False,False
7037,57,93,4604,False,False,False
7038,57,94,4605,True,True,False
7039,57,95,4606,True,True,False
7040,57,96,4607,True,False,False
7041,57,97,4608,True,False,False
7042,57,98,4609,True,False,False
7043,57,99,4610,True,False,False
7044,57,100,4611,False,False,False
7045,57,101,4612,False,False,False
7046,57,102,4613,True,True,False
7047,57,103,4614,False,True,False
7048,57,104,4615,False,False,False
7049,57,105,4616,True,False,False
7050,57,106,4617,True,True,False
7051,57,107,4618,False,False,False
7052,57,108,4619,False,False,False
7053,57,109,4620,False,False,False
7054,57,110,4621,True,True,False
7077,58,9,4622,False,False,False
7078,58,10,4623,False,False,False
7079,58,11,4624,True,True,True
7080,58,12,4625,True,True,True
7081,58,13,4626,True,True,False
7082,58,14,4627,True,True,False
7083,58,15,4628,True,True,False
7084,58,16,4629,True,True,False
7085,58,17,4630,True,False,False
7086,58,18,4631,False,False,False
7087,58,19,4632,True,True,False
7088,58,20,4633,True,True,False
7089,58,21,4634,True,False,False
7090,58,22,4635,False,False,False
7091,58,23,4636,False,False,False
7092,58,24,4637,False,False,False
7093,58,25,4638,False,False,False
7094,58,26,4639,False,False,False
7095,58,27,4640,False,False,False
7096,58,28,4641,False,False,False
7097,58,29,4642,False,False,False
7098,58,30,4643,False,True,False
7099,58,31,4644,False,True,False
7100,58,32,4645,False,False,False
7101,58,33,4646,True,False,True
7102,58,34,4647,False,False,True
7103,58,35,4648,True,False,False
7104,58,36,4649,False,False,False
7105,58,37,4650,False,False,False
7106,58,38,4651,False,True,False
7107,58,39,4652,False,False,False
7108,58,40,4653,False,False,False
7109,58,41,4654,True,False,False
7110,58,42,4655,True,True,True
7111,58,43,4656,False,True,False
7112,58,44,4657,False,False,False
7113,58,45,4658,True,True,False
7114,58,46,4659,True,True,False
7115,58,47,4660,False,False,False
7116,58,48,4661,False,True,False
7117,58,49,4662,False,True,False
7118,58,50,4663,True,False,False
7119,58,51,4664,False,False,False
7120,58,52,4665,False,False,False
7121,58,53,4666,False,False,False
7122,58,54,4667,True,False,False
7123,58,55,4668,True,False,False
7124,58,56,4669,True,False,False
7125,58,57,4670,True,False,False
7126,58,58,4671,True,False,False
7127,58,59,4672,True,False,False
7128,58,60,4673,True,True,False
7129,58,61,4674,True,False,False
7130,58,62,4675,True,False,False
7131,58,63,4676,False,False,False
7132,58,64,4677,False,False,False
7133,58,65,4678,False,False,False
7134,58,66,4679,False,False,False
7135,58,67,4680,False,False,False
7136,58,68,4681,False,False,False
7137,58,69,4682,False,False,False
7138,58,70,4683,False,False,False
7139,58,71,4684,True,True,False
7140,58,72,4685,False,False,False
7141,58,73,4686,False,False,False
7142,58,74,4687,False,False,False
7143,58,75,4688,False,False,False
7144,58,76,4689,False,False,False
7145,58,77,4690,False,False,False
7146,58,78,4691,False,False,False
7147,58,79,4692,False,False,False
7148,58,80,4693,True,False,False
7149,58,81,4694,True,True,False
7150,58,82,4695,True,True,False
7151,58,83,4696,False,True,False
7152,58,84,4697,False,False,False
7153,58,85,4698,False,False,False
7154,58,86,4699,False,False,False
7155,58,87,4700,True,True,False
7156,58,88,4701,False,False,False
7157,58,89,4702,False,False,False
7158,58,90,4703,False,False,False
7159,58,91,4704,False,False,False
7160,58,92,4705,False,False,False
7161,58,93,4706,True,False,False
7162,58,94,4707,True,False,False
7163,58,95,4708,True,True,False
7164,58,96,4709,True,True,False
7165,58,97,4710,True,True,False
7166,58,98,4711,True,False,False
7167,58,99,4712,True,False,False
7168,58,100,4713,True,False,False
7169,58,101,4714,False,False,False
7170,58,102,4715,True,True,False
7171,58,103,4716,False,False,False
7172,58,104,4717,False,False,False
7173,58,105,4718,True,False,False
7174,58,106,4719,False,True,False
7175,58,107,4720,False,False,False
7176,58,108,4721,False,False,False
7177,58,109,4722,False,False,False
7178,58,110,4723,False,False,False
7202,59,10,4724,False,False,False
7203,59,11,4725,False,False,False
7204,59,12,4726,False,False,True
7205,59,13,4727,True,False,False
7206,59,14,4728,False,False,False
7207,59,15,4729,False,False,False
7208,59,16,4730,True,True,False
7209,59,17,4731,True,True,False
7210,59,18,4732,True,True,False
7211,59,19,4733,True,True,False
7212,59,20,4734,True,False,False
7213,59,21,4735,True,False,False
7214,59,22,4736,True,True,False
7215,59,23,4737,True,True,False
7216,59,24,4738,True,True,False
7217,59,25,4739,True,False,False
7218,59,26,4740,True,False,False
7219,59,27,4741,True,False,False
7220,59,28,4742,True,True,False
7221,59,29,4743,True,True,False
7222,59,30,4744,True,True,False
7223,59,31,4745,True,False,False
7224,59,32,4746,True,False,False
7225,59,33,4747,True,False,True
7226,59,34,4748,True,False,False
7227,59,35,4749,True,False,False
7228,59,36,4750,True,False,False
7229,59,37,4751,True,False,False
7230,59,38,4752,True,True,False
7231,59,39,4753,False,False,False
7232,59,40,4754,False,False,False
7233,59,41,4755,True,False,False
7234,59,42,4756,True,False,True
7235,59,43,4757,True,True,False
7236,59,44,4758,True,True,False
7237,59,45,4759,True,True,False
7238,59,46,4760,False,False,False
7239,59,47,4761,False,False,False
7240,59,48,4762,False,False,False
7241,59,49,4763,False,True,False
7242,59,50,4764,True,True,False
7243,59,51,4765,True,False,False
7244,59,52,4766,False,False,False
7245,59,53,4767,False,False,False
7246,59,54,4768,False,False,False
7247,59,55,4769,False,False,False
7248,59,56,4770,False,False,False
7249,59,57,4771,False,False,False
7250,59,58,4772,False,False,False
7251,59,59,4773,False,True,False
7252,59,60,4774,False,True,False
7253,59,61,4775,True,False,False
7254,59,62,4776,True,False,False
7255,59,63,4777,True,False,False
7256,59,64,4778,True,False,False
7257,59,65,4779,False,False,False
7258,59,66,4780,False,False,False
7259,59,67,4781,False,False,False
7260,59,68,4782,False,False,False
7261,59,69,4783,False,False,False
7262,59,70,4784,False,False,False
7263,59,71,4785,True,True,False
7264,59,72,4786,False,False,False
7265,59,73,4787,False,False,False
7266,59,74,4788,False,False,False
7267,59,75,4789,False,False,False
7268,59,76,4790,False,False,False
7269,59,77,4791,False,False,False
7270,59,78,4792,False,False,False
7271,59,79,4793,False,False,False
7272,59,80,4794,True,False,False
7273,59,81,4795,True,True,False
7274,59,82,4796,True,False,False
7275,59,83,4797,True,True,False
7276,59,84,4798,True,True,False
7277,59,85,4799,False,False,False
7278,59,86,4800,False,False,False
7279,59,87,4801,True,True,False
7280,59,88,4802,True,False,False
7281,59,89,4803,False,False,False
7282,59,90,4804,False,False,False
7283,59,91,4805,True,False,False
7284,59,92,4806,True,False,False
7285,59,93,4807,True,False,False
7286,59,94,4808,False,False,False
7287,59,95,4809,True,True,False
7288,59,96,4810,True,True,False
7289,59,97,4811,False,True,False
7290,59,98,4812,False,True,False
7291,59,99,4813,True,True,False
7292,59,100,4814,True,False,False
7293,59,101,4815,False,False,False
7294,59,102,4816,True,True,False
7295,59,103,4817,False,False,False
7296,59,104,4818,True,False,False
7297,59,105,4819,True,False,False
7298,59,106,4820,False,True,False
7299,59,107,4821,False,True,False
7300,59,108,4822,False,False,False
7301,59,109,4823,False,False,False
7302,59,110,4824,False,False,False
7326,60,10,4825,False,False,False
7327,60,11,4826,False,False,False
7328,60,12,4827,False,False,True
7329,60,13,4828,True,False,True
7330,60,14,4829,True,False,False
7331,60,15,4830,False,False,False
7332,60,16,4831,False,False,False
7333,60,17,4832,True,True,True
7334,60,18,4833,True,True,True
7335,60,19,4834,True,True,False
7336,60,20,4835,True,True,False
7337,60,21,4836,True,True,False
7338,60,22,4837,True,True,False
7339,60,23,4838,False,True,False
7340,60,24,4839,False,True,False
7341,60,25,4840,False,True,False
7342,60,26,4841,True,True,False
7343,60,27,4842,True,True,False
7344,60,28,4843,True,True,False
7345,60,29,4844,True,False,False
7346,60,30,4845,True,False,False
7347,60,31,4846,True,False,False
7348,60,32,4847,True,False,True
7349,60,33,4848,False,False,True
7350,60,34,4849,True,False,False
7351,60,35,4850,False,True,False
7352,60,36,4851,False,True,False
7353,60,37,4852,False,True,False
7354,60,38,4853,True,True,False
7355,60,39,4854,True,True,False
7356,60,40,4855,False,False,False
7357,60,41,4856,False,False,False
7358,60,42,4857,True,True,True
7359,60,43,4858,True,True,False
7360,60,44,4859,True,True,False
7361,60,45,4860,False,False,False
7362,60,46,4861,False,False,False
7363,60,47,4862,False,False,False
7364,60,48,4863,False,False,False
7365,60,49,4864,False,False,False
7366,60,50,4865,False,True,False
7367,60,51,4866,True,True,False
7368,60,52,4867,False,True,False
7369,60,53,4868,False,False,False
7370,60,54,4869,False,False,False
7371,60,55,4870,False,False,False
7372,60,56,4871,False,False,False
7373,60,57,4872,False,False,False
7374,60,58,4873,False,False,False
7375,60,59,4874,False,True,False
7376,60,60,4875,False,True,False
7377,60,61,4876,True,False,False
7378,60,62,4877,True,False,False
7379,60,63,4878,False,False,False
7380,60,64,4879,True,False,False
7381,60,65,4880,False,False,False
7382,60,66,4881,False,False,False
7383,60,67,4882,False,False,False
7384,60,68,4883,False,False,False
7385,60,69,4884,False,False,False
7386,60,70,4885,False,False,False
7387,60,71,4886,True,True,False
7388,60,72,4887,True,False,False
7389,60,73,4888,False,False,False
7390,60,74,4889,False,False,False
7391,60,75,4890,False,False,False
7392,60,76,4891,False,False,False
7393,60,77,4892,False,False,False
7394,60,78,4893,False,False,False
7395,60,79,4894,False,False,False
7396,60,80,4895,True,False,False
7397,60,81,4896,True,True,False
7398,60,82,4897,False,False,False
7399,60,83,4898,False,False,False
7400,60,84,4899,True,True,False
7401,60,85,4900,True,True,False
7402,60,86,4901,True,True,False
7403,60,87,4902,True,True,False
7404,60,88,4903,True,True,False
7405,60,89,4904,False,False,False
7406,60,90,4905,True,False,False
7407,60,91,4906,True,False,False
7408,60,92,4907,False,False,False
7409,60,93,4908,False,False,False
7410,60,94,4909,False,False,False
7411,60,95,4910,True,True,False
7412,60,96,4911,True,False,False
7413,60,97,4912,True,True,False
7414,60,98,4913,False,False,False
7415,60,99,4914,True,True,False
7416,60,100,4915,True,True,False
7417,60,101,4916,True,False,False
7418,60,102,4917,True,True,False
7419,60,103,4918,True,False,False
7420,60,104,4919,True,False,False
7421,60,105,4920,False,False,False
7422,60,106,4921,False,False,False
7423,60,107,4922,False,True,False
7424,60,108,4923,False,True,False
7425,60,109,4924,False,False,False
7426,60,110,4925,True,False,False
7450,61,10,4926,False,False,False
7451,61,11,4927,False,False,False
7452,61,12,4928,False,False,True
7453,61,13,4929,False,False,True
7454,61,14,4930,True,False,False
7455,61,15,4931,False,False,True
7456,61,16,4932,False,False,True
7457,61,17,4933,False,False,True
7458,61,18,4934,False,True,True
7459,61,19,4935,True,False,True
7460,61,20,4936,False,False,True
7461,61,21,4937,False,False,True
7462,61,22,4938,True,False,False
7463,61,23,4939,True,False,True
7464,61,24,4940,True,False,True
7465,61,25,4941,True,True,False
7466,61,26,4942,True,True,True
7467,61,27,4943,False,False,True
7468,61,28,4944,True,False,True
7469,61,29,4945,False,False,True
7470,61,30,4946,False,False,True
7471,61,31,4947,True,True,True
7472,61,32,4948,True,True,True
7473,61,33,4949,True,True,False
7474,61,34,4950,True,True,False
7475,61,35,4951,True,True,False
7476,61,36,4952,True,False,False
7477,61,37,4953,False,False,False
7478,61,38,4954,False,False,False
7479,61,39,4955,True,True,False
7480,61,40,4956,True,True,False
7481,61,41,4957,True,True,False
7482,61,42,4958,True,True,True
7483,61,43,4959,True,True,False
7484,61,44,4960,False,False,False
7485,61,45,4961,False,False,False
7486,61,46,4962,False,False,False
7487,61,47,4963,False,False,False
7488,61,48,4964,False,False,False
7489,61,49,4965,False,False,False
7490,61,50,4966,False,False,False
7491,61,51,4967,True,False,False
7492,61,52,4968,False,True,False
7493,61,53,4969,False,True,False
7494,61,54,4970,False,True,False
7495,61,55,4971,False,False,False
7496,61,56,4972,False,False,False
7497,61,57,4973,False,False,False
7498,61,58,4974,False,False,False
7499,61,59,4975,False,True,False
7500,61,60,4976,False,False,False
7501,61,61,4977,True,False,False
7502,61,62,4978,False,False,False
7503,61,63,4979,False,False,False
7504,61,64,4980,True,False,False
7505,61,65,4981,False,False,False
7506,61,66,4982,False,False,False
7507,61,67,4983,False,False,False
7508,61,68,4984,False,False,False
7509,61,69,4985,False,False,False
7510,61,70,4986,False,False,False
7511,61,71,4987,False,True,False
7512,61,72,4988,True,False,False
7513,61,73,4989,False,False,False
7514,61,74,4990,False,False,False
7515,61,75,4991,False,False,False
7516,61,76,4992,False,False,False
7517,61,77,4993,False,False,False
7518,61,78,4994,False,False,False
7519,61,79,4995,False,False,False
7520,61,80,4996,True,False,False
7521,61,81,4997,False,True,False
7522,61,82,4998,False,False,False
7523,61,83,4999,False,False,False
7524,61,84,5000,False,False,False
7525,61,85,5001,False,False,False
7526,61,86,5002,False,False,False
7527,61,87,5003,True,False,False
7528,61,88,5004,True,True,False
7529,61,89,5005,True,False,False
7530,61,90,5006,True,False,False
7531,61,91,5007,False,False,False
7532,61,92,5008,False,False,False
7533,61,93,5009,False,False,False
7534,61,94,5010,True,True,False
7535,61,95,5011,True,True,False
7536,61,96,5012,False,False,False
7537,61,97,5013,True,True,False
7538,61,98,5014,False,True,False
7539,61,99,5015,True,False,False
7540,61,100,5016,False,True,False
7541,61,101,5017,False,True,False
7542,61,102,5018,True,True,False
7543,61,103,5019,True,False,False
7544,61,104,5020,True,False,False
7545,61,105,5021,True,False,False
7546,61,106,5022,False,False,False
7547,61,107,5023,False,True,False
7548,61,108,5024,False,True,False
7549,61,109,5025,True,False,False
7550,61,110,5026,True,True,False
7574,62,10,5027,False,False,False
7575,62,11,5028,False,False,False
7576,62,12,5029,False,False,False
7577,62,13,5030,False,False,True
7578,62,14,5031,True,False,True
7579,62,15,5032,False,False,True
7580,62,16,5033,False,False,False
7581,62,17,5034,False,False,False
7582,62,18,5035,True,True,False
7583,62,19,5036,True,False,False
7584,62,20,5037,False,False,True
7585,62,21,5038,False,False,True
7586,62,22,5039,False,False,True
7587,62,23,5040,False,False,True
7588,62,24,5041,False,False,True
7589,62,25,5042,True,False,True
7590,62,26,5043,False,True,True
7591,62,27,5044,False,True,False
7592,62,28,5045,False,False,False
7593,62,29,5046,True,False,False
7594,62,30,5047,True,False,False
7595,62,31,5048,True,True,False
7596,62,32,5049,True,True,False
7597,62,33,5050,False,False,False
7598,62,34,5051,False,False,False
7599,62,35,5052,False,False,False
7600,62,36,5053,True,False,False
7601,62,37,5054,True,False,False
7602,62,38,5055,True,False,False
7603,62,39,5056,True,True,False
7604,62,40,5057,True,True,False
7605,62,41,5058,True,True,False
7606,62,42,5059,True,False,True
7607,62,43,5060,True,True,True
7608,62,44,5061,True,True,True
7609,62,45,5062,False,True,False
7610,62,46,5063,False,False,False
7611,62,47,5064,False,False,False
7612,62,48,5065,False,False,False
7613,62,49,5066,False,False,False
7614,62,50,5067,False,False,False
7615,62,51,5068,True,False,False
7616,62,52,5069,False,False,False
7617,62,53,5070,False,False,False
7618,62,54,5071,False,True,False
7619,62,55,5072,False,True,False
7620,62,56,5073,False,True,False
7621,62,57,5074,False,False,False
7622,62,58,5075,False,False,False
7623,62,59,5076,False,True,False
7624,62,60,5077,False,False,False
7625,62,61,5078,True,False,False
7626,62,62,5079,False,False,False
7627,62,63,5080,False,False,False
7628,62,64,5081,True,False,False
7629,62,65,5082,True,False,False
7630,62,66,5083,True,False,False
7631,62,67,5084,False,False,False
7632,62,68,5085,False,False,False
7633,62,69,5086,False,False,False
7634,62,70,5087,False,False,False
7635,62,71,5088,False,True,False
7636,62,72,5089,True,True,False
7637,62,73,5090,False,False,False
7638,62,74,5091,False,False,False
7639,62,75,5092,False,False,False
7640,62,76,5093,False,False,False
7641,62,77,5094,False,False,False
7642,62,78,5095,False,False,False
7643,62,79,5096,False,False,False
7644,62,80,5097,True,False,False
7645,62,81,5098,True,True,False
7646,62,82,5099,False,False,False
7647,62,83,5100,False,False,False
7648,62,84,5101,False,False,False
7649,62,85,5102,False,False,False
7650,62,86,5103,False,False,False
7651,62,87,5104,True,False,False
7652,62,88,5105,True,True,False
7653,62,89,5106,True,False,False
7654,62,90,5107,False,False,False
7655,62,91,5108,False,False,False
7656,62,92,5109,False,False,False
7657,62,93,5110,True,False,False
7658,62,94,5111,True,True,False
7659,62,95,5112,False,True,False
7660,62,96,5113,False,True,False
7661,62,97,5114,True,True,False
7662,62,98,5115,True,True,False
7663,62,99,5116,True,False,False
7664,62,100,5117,False,False,False
7665,62,101,5118,True,True,False
7666,62,102,5119,True,True,False
7667,62,103,5120,False,False,False
7668,62,104,5121,False,False,False
7669,62,105,5122,True,False,False
7670,62,106,5123,True,False,False
7671,62,107,5124,True,False,False
7672,62,108,5125,True,True,False
7673,62,109,5126,False,False,False
7674,62,110,5127,False,False,False
7698,63,10,5128,False,False,False
7699,63,11,5129,False,False,False
7700,63,12,5130,False,False,False
7701,63,13,5131,False,False,False
7702,63,14,5132,True,False,False
7703,63,15,5133,True,False,False
7704,63,16,5134,True,False,False
7705,63,17,5135,True,False,False
7706,63,18,5136,True,True,False
7707,63,19,5137,True,True,False
7708,63,20,5138,True,True,False
7709,63,21,5139,False,True,False
7710,63,22,5140,True,True,False
7711,63,23,5141,True,True,False
7712,63,24,5142,True,True,False
7713,63,25,5143,True,True,False
7714,63,26,5144,True,True,False
7715,63,27,5145,False,True,False
7716,63,28,5146,True,True,False
7717,63,29,5147,True,True,False
7718,63,30,5148,False,True,False
7719,63,31,5149,True,True,False
7720,63,32,5150,False,True,False
7721,63,33,5151,False,False,False
7722,63,34,5152,False,False,False
7723,63,35,5153,False,False,False
7724,63,36,5154,False,False,False
7725,63,37,5155,False,False,False
7726,63,38,5156,False,True,False
7727,63,39,5157,True,True,False
7728,63,40,5158,True,False,False
7729,63,41,5159,True,True,False
7730,63,42,5160,True,True,False
7731,63,43,5161,False,False,False
7732,63,44,5162,True,False,True
7733,63,45,5163,True,True,False
7734,63,46,5164,False,True,False
7735,63,47,5165,False,False,False
7736,63,48,5166,False,False,False
7737,63,49,5167,False,False,False
7738,63,50,5168,False,False,False
7739,63,51,5169,True,False,False
7740,63,52,5170,False,False,False
7741,63,53,5171,False,False,False
7742,63,54,5172,False,False,False
7743,63,55,5173,False,False,False
7744,63,56,5174,False,True,False
7745,63,57,5175,False,True,False
7746,63,58,5176,False,False,False
7747,63,59,5177,False,True,False
7748,63,60,5178,True,True,False
7749,63,61,5179,True,False,False
7750,63,62,5180,False,False,False
7751,63,63,5181,False,False,False
7752,63,64,5182,False,False,False
7753,63,65,5183,True,False,False
7754,63,66,5184,True,False,False
7755,63,67,5185,False,False,False
7756,63,68,5186,False,False,False
7757,63,69,5187,False,False,False
7758,63,70,5188,False,False,False
7759,63,71,5189,False,False,False
7760,63,72,5190,True,True,False
7761,63,73,5191,True,True,False
7762,63,74,5192,False,False,False
7763,63,75,5193,False,False,False
7764,63,76,5194,False,False,False
7765,63,77,5195,False,False,False
7766,63,78,5196,False,False,False
7767,63,79,5197,True,False,False
7768,63,80,5198,True,False,False
7769,63,81,5199,True,True,False
7770,63,82,5200,False,False,False
7771,63,83,5201,False,False,False
7772,63,84,5202,False,False,False
7773,63,85,5203,False,False,False
7774,63,86,5204,True,False,False
7775,63,87,5205,True,False,False
7776,63,88,5206,False,True,False
7777,63,89,5207,True,True,False
7778,63,90,5208,True,False,False
7779,63,91,5209,False,False,False
7780,63,92,5210,False,False,False
7781,63,93,5211,True,False,False
7782,63,94,5212,False,True,False
7783,63,95,5213,False,True,False
7784,63,96,5214,False,False,False
7785,63,97,5215,False,True,False
7786,63,98,5216,True,True,False
7787,63,99,5217,True,False,False
7788,63,100,5218,False,False,False
7789,63,101,5219,True,True,False
7790,63,102,5220,False,True,False
7791,63,103,5221,False,True,False
7792,63,104,5222,False,True,False
7793,63,105,5223,False,False,False
7794,63,106,5224,False,False,False
7795,63,107,5225,True,True,False
7796,63,108,5226,True,True,False
7797,63,109,5227,True,True,False
7798,63,110,5228,False,False,False
7821,64,9,5229,False,False,False
7822,64,10,5230,False,False,False
7823,64,11,5231,False,False,False
7824,64,12,5232,False,False,False
7825,64,13,5233,False,False,False
7826,64,14,5234,False,False,False
7827,64,15,5235,True,False,False
7828,64,16,5236,True,False,False
7829,64,17,5237,True,False,False
7830,64,18,5238,True,False,False
7831,64,19,5239,True,True,False
7832,64,20,5240,True,True,False
7833,64,21,5241,True,True,False
7834,64,22,5242,True,True,False
7835,64,23,5243,True,False,False
7836,64,24,5244,False,False,False
7837,64,25,5245,False,True,False
7838,64,26,5246,True,True,False
7839,64,27,5247,True,False,False
7840,64,28,5248,True,False,False
7841,64,29,5249,False,True,False
7842,64,30,5250,True,False,False
7843,64,31,5251,True,False,False
7844,64,32,5252,False,True,False
7845,64,33,5253,False,False,False
7846,64,34,5254,False,False,False
7847,64,35,5255,False,False,False
7848,64,36,5256,False,False,False
7849,64,37,5257,False,True,False
7850,64,38,5258,True,True,False
7851,64,39,5259,True,False,False
7852,64,40,5260,False,False,False
7853,64,41,5261,False,False,False
7854,64,42,5262,True,True,False
7855,64,43,5263,True,True,False
7856,64,44,5264,False,False,True
7857,64,45,5265,True,False,True
7858,64,46,5266,True,True,False
7859,64,47,5267,True,False,False
7860,64,48,5268,False,False,False
7861,64,49,5269,False,False,False
7862,64,50,5270,False,False,False
7863,64,51,5271,True,False,False
7864,64,52,5272,False,False,False
7865,64,53,5273,False,False,False
7866,64,54,5274,False,False,False
7867,64,55,5275,False,False,False
7868,64,56,5276,False,False,False
7869,64,57,5277,False,True,False
7870,64,58,5278,False,True,False
7871,64,59,5279,True,False,False
7872,64,60,5280,True,True,False
7873,64,61,5281,True,False,False
7874,64,62,5282,True,False,False
7875,64,63,5283,False,False,False
7876,64,64,5284,False,False,False
7877,64,65,5285,True,False,False
7878,64,66,5286,True,False,False
7879,64,67,5287,True,False,False
7880,64,68,5288,True,False,False
7881,64,69,5289,True,False,False
7882,64,70,5290,True,False,False
7883,64,71,5291,True,False,False
7884,64,72,5292,False,False,False
7885,64,73,5293,True,True,False
7886,64,74,5294,False,False,False
7887,64,75,5295,False,False,False
7888,64,76,5296,False,False,False
7889,64,77,5297,False,False,False
7890,64,78,5298,True,False,False
7891,64,79,5299,True,False,False
7892,64,80,5300,False,False,False
7893,64,81,5301,True,True,False
7894,64,82,5302,False,False,False
7895,64,83,5303,False,False,False
7896,64,84,5304,True,False,False
7897,64,85,5305,True,False,False
7898,64,86,5306,True,False,False
7899,64,87,5307,False,False,False
7900,64,88,5308,False,False,False
7901,64,89,5309,False,True,False
7902,64,90,5310,True,True,False
7903,64,91,5311,False,False,False
7904,64,92,5312,False,False,False
7905,64,93,5313,True,False,False
7906,64,94,5314,False,True,False
7907,64,95,5315,False,True,False
7908,64,96,5316,False,False,False
7909,64,97,5317,False,False,False
7910,64,98,5318,True,True,False
7911,64,99,5319,True,False,False
7912,64,100,5320,True,False,False
7913,64,101,5321,True,True,False
7914,64,102,5322,False,False,False
7915,64,103,5323,False,False,False
7916,64,104,5324,False,True,False
7917,64,105,5325,False,True,False
7918,64,106,5326,False,True,False
7919,64,107,5327,False,True,False
7920,64,108,5328,False,True,False
7921,64,109,5329,True,True,False
7922,64,110,5330,True,True,False
7945,65,9,5331,False,False,False
7946,65,10,5332,False,False,False
7947,65,11,5333,False,False,False
7948,65,12,5334,False,False,False
7949,65,13,5335,False,False,False
7950,65,14,5336,False,False,False
7951,65,15,5337,True,False,False
7952,65,16,5338,False,False,False
7953,65,17,5339,False,False,False
7954,65,18,5340,True,True,False
7955,65,19,5341,True,True,False
7956,65,20,5342,False,True,False
7957,65,21,5343,False,True,False
7958,65,22,5344,False,True,False
7959,65,23,5345,False,True,False
7960,65,24,5346,False,False,False
7961,65,25,5347,False,True,False
7962,65,26,5348,False,False,False
7963,65,27,5349,False,False,False
7964,65,28,5350,False,False,False
7965,65,29,5351,False,False,False
7966,65,30,5352,True,False,False
7967,65,31,5353,False,False,False
7968,65,32,5354,False,True,False
7969,65,33,5355,False,True,False
7970,65,34,5356,False,False,False
7971,65,35,5357,False,True,False
7972,65,36,5358,False,True,False
7973,65,37,5359,False,True,False
7974,65,38,5360,True,False,False
7975,65,39,5361,False,False,False
7976,65,40,5362,False,False,False
7977,65,41,5363,False,False,False
7978,65,42,5364,False,False,False
7979,65,43,5365,True,True,False
7980,65,44,5366,False,False,False
7981,65,45,5367,False,False,True
7982,65,46,5368,False,True,True
7983,65,47,5369,True,True,False
7984,65,48,5370,True,False,False
7985,65,49,5371,True,False,False
7986,65,50,5372,False,False,False
7987,65,51,5373,True,False,False
7988,65,52,5374,False,False,False
7989,65,53,5375,False,False,False
7990,65,54,5376,False,False,False
7991,65,55,5377,False,False,False
7992,65,56,5378,False,False,False
7993,65,57,5379,False,False,False
7994,65,58,5380,False,True,False
7995,65,59,5381,True,True,False
7996,65,60,5382,False,True,False
7997,65,61,5383,False,False,False
7998,65,62,5384,True,False,False
7999,65,63,5385,False,False,False
8000,65,64,5386,False,False,False
8001,65,65,5387,True,False,False
8002,65,66,5388,False,False,False
8003,65,67,5389,False,False,False
8004,65,68,5390,False,False,False
8005,65,69,5391,False,False,False
8006,65,70,5392,False,False,False
8007,65,71,5393,True,False,False
8008,65,72,5394,True,False,False
8009,65,73,5395,True,True,False
8010,65,74,5396,True,False,False
8011,65,75,5397,False,False,False
8012,65,76,5398,True,False,False
8013,65,77,5399,True,False,False
8014,65,78,5400,True,False,False
8015,65,79,5401,True,False,False
8016,65,80,5402,True,False,False
8017,65,81,5403,True,True,False
8018,65,82,5404,True,True,False
8019,65,83,5405,True,False,False
8020,65,84,5406,True,False,False
8021,65,85,5407,False,False,False
8022,65,86,5408,True,False,False
8023,65,87,5409,False,False,False
8024,65,88,5410,False,False,False
8025,65,89,5411,False,False,False
8026,65,90,5412,True,True,False
8027,65,91,5413,True,False,False
8028,65,92,5414,False,False,False
8029,65,93,5415,True,False,False
8030,65,94,5416,False,True,False
8031,65,95,5417,False,True,False
8032,65,96,5418,False,True,False
8033,65,97,5419,False,False,False
8034,65,98,5420,True,True,False
8035,65,99,5421,True,True,False
8036,65,100,5422,True,False,False
8037,65,101,5423,False,True,False
8038,65,102,5424,False,True,False
8039,65,103,5425,False,True,False
8040,65,104,5426,False,True,False
8041,65,105,5427,False,False,False
8042,65,106,5428,False,True,False
8043,65,107,5429,False,True,False
8044,65,108,5430,False,False,False
8045,65,109,5431,False,True,False
8046,65,110,5432,False,True,False
8069,66,9,5433,False,False,False
8070,66,10,5434,False,False,False
8071,66,11,5435,False,False,False
8072,66,12,5436,False,False,False
8073,66,13,5437,False,False,False
8074,66,14,5438,False,False,False
8075,66,15,5439,True,False,False
8076,66,16,5440,True,False,False
8077,66,17,5441,True,True,False
8078,66,18,5442,True,True,False
8079,66,19,5443,False,False,False
8080,66,20,5444,False,False,False
8081,66,21,5445,False,False,False
8082,66,22,5446,False,False,False
8083,66,23,5447,False,True,False
8084,66,24,5448,False,True,False
8085,66,25,5449,False,True,False
8086,66,26,5450,False,False,False
8087,66,27,5451,False,False,False
8088,66,28,5452,False,False,False
8089,66,29,5453,True,False,False
8090,66,30,5454,True,False,False
8091,66,31,5455,False,False,False
8092,66,32,5456,False,False,False
8093,66,33,5457,False,True,False
8094,66,34,5458,False,True,False
8095,66,35,5459,False,True,False
8096,66,36,5460,False,False,False
8097,66,37,5461,True,False,False
8098,66,38,5462,True,False,False
8099,66,39,5463,False,False,False
8100,66,40,5464,False,False,False
8101,66,41,5465,False,False,False
8102,66,42,5466,False,False,False
8103,66,43,5467,True,True,False
8104,66,44,5468,False,True,False
8105,66,45,5469,False,False,False
8106,66,46,5470,False,False,True
8107,66,47,5471,False,True,True
8108,66,48,5472,True,True,True
8109,66,49,5473,True,True,False
8110,66,50,5474,True,False,False
8111,66,51,5475,True,False,False
8112,66,52,5476,False,False,False
8113,66,53,5477,False,False,False
8114,66,54,5478,False,False,False
8115,66,55,5479,False,False,False
8116,66,56,5480,False,False,False
8117,66,57,5481,False,False,False
8118,66,58,5482,True,False,False
8119,66,59,5483,True,True,False
8120,66,60,5484,False,True,False
8121,66,61,5485,False,True,False
8122,66,62,5486,True,True,False
8123,66,63,5487,True,False,False
8124,66,64,5488,False,False,False
8125,66,65,5489,True,False,False
8126,66,66,5490,True,False,False
8127,66,67,5491,False,False,False
8128,66,68,5492,False,False,False
8129,66,69,5493,False,False,False
8130,66,70,5494,False,False,False
8131,66,71,5495,False,False,False
8132,66,72,5496,False,False,False
8133,66,73,5497,True,True,False
8134,66,74,5498,True,False,False
8135,66,75,5499,True,False,False
8136,66,76,5500,True,False,False
8137,66,77,5501,False,False,False
8138,66,78,5502,False,False,False
8139,66,79,5503,False,False,False
8140,66,80,5504,False,False,False
8141,66,81,5505,True,False,False
8142,66,82,5506,False,True,False
8143,66,83,5507,True,True,False
8144,66,84,5508,True,True,False
8145,66,85,5509,True,True,False
8146,66,86,5510,True,True,False
8147,66,87,5511,False,False,False
8148,66,88,5512,False,False,False
8149,66,89,5513,False,False,False
8150,66,90,5514,False,True,False
8151,66,91,5515,True,True,False
8152,66,92,5516,True,False,False
8153,66,93,5517,True,False,False
8154,66,94,5518,False,True,False
8155,66,95,5519,False,False,False
8156,66,96,5520,False,True,False
8157,66,97,5521,False,False,False
8158,66,98,5522,False,True,False
8159,66,99,5523,True,True,False
8160,66,100,5524,True,True,False
8161,66,101,5525,True,True,False
8162,66,102,5526,False,True,False
8163,66,103,5527,False,True,False
8164,66,104,5528,False,True,False
8165,66,105,5529,False,True,False
8166,66,106,5530,False,True,False
8167,66,107,5531,False,True,False
8168,66,108,5532,False,True,False
8169,66,109,5533,True,True,False
8170,66,110,5534,True,True,False
8193,67,9,5535,False,False,False
8194,67,10,5536,False,False,False
8195,67,11,5537,False,False,False
8196,67,12,5538,False,False,False
8197,67,13,5539,False,False,False
8198,67,14,5540,False,False,False
8199,67,15,5541,True,False,False
8200,67,16,5542,True,True,False
8201,67,17,5543,False,True,False
8202,67,18,5544,False,False,False
8203,67,19,5545,False,False,False
8204,67,20,5546,False,False,False
8205,67,21,5547,False,False,False
8206,67,22,5548,False,False,False
8207,67,23,5549,False,False,False
8208,67,24,5550,False,False,False
8209,67,25,5551,False,True,False
8210,67,26,5552,False,False,False
8211,67,27,5553,False,False,False
8212,67,28,5554,True,False,False
8213,67,29,5555,True,False,False
8214,67,30,5556,False,False,False
8215,67,31,5557,False,False,False
8216,67,32,5558,False,True,False
8217,67,33,5559,False,True,False
8218,67,34,5560,False,False,False
8219,67,35,5561,False,False,False
8220,67,36,5562,False,False,False
8221,67,37,5563,True,False,False
8222,67,38,5564,False,False,False
8223,67,39,5565,False,False,False
8224,67,40,5566,False,False,False
8225,67,41,5567,False,False,False
8226,67,42,5568,False,False,False
8227,67,43,5569,True,False,False
8228,67,44,5570,False,True,False
8229,67,45,5571,False,False,False
8230,67,46,5572,False,False,False
8231,67,47,5573,False,False,False
8232,67,48,5574,True,False,True
8233,67,49,5575,True,True,True
8234,67,50,5576,True,False,False
8235,67,51,5577,True,False,False
8236,67,52,5578,False,False,False
8237,67,53,5579,False,False,False
8238,67,54,5580,False,False,False
8239,67,55,5581,False,False,False
8240,67,56,5582,False,False,False
8241,67,57,5583,False,False,False
8242,67,58,5584,True,False,False
8243,67,59,5585,False,True,False
8244,67,60,5586,False,False,False
8245,67,61,5587,False,False,False
8246,67,62,5588,False,True,False
8247,67,63,5589,True,True,False
8248,67,64,5590,False,False,False
8249,67,65,5591,False,False,False
8250,67,66,5592,True,False,False
8251,67,67,5593,False,False,False
8252,67,68,5594,False,False,False
8253,67,69,5595,False,False,False
8254,67,70,5596,False,False,False
8255,67,71,5597,False,False,False
8256,67,72,5598,False,False,False
8257,67,73,5599,True,True,False
8258,67,74,5600,True,False,False
8259,67,75,5601,False,False,False
8260,67,76,5602,False,False,False
8261,67,77,5603,False,False,False
8262,67,78,5604,False,False,False
8263,67,79,5605,False,False,False
8264,67,80,5606,True,False,False
8265,67,81,5607,True,False,False
8266,67,82,5608,False,False,False
8267,67,83,5609,False,False,False
8268,67,84,5610,False,False,False
8269,67,85,5611,True,False,False
8270,67,86,5612,True,True,False
8271,67,87,5613,True,True,False
8272,67,88,5614,False,False,False
8273,67,89,5615,False,False,False
8274,67,90,5616,False,False,False
8275,67,91,5617,False,True,False
8276,67,92,5618,True,True,False
8277,67,93,5619,True,True,False
8278,67,94,5620,True,True,False
8279,67,95,5621,False,False,False
8280,67,96,5622,False,True,False
8281,67,97,5623,False,True,False
8282,67,98,5624,False,True,False
8283,67,99,5625,True,True,False
8284,67,100,5626,True,True,False
8285,67,101,5627,True,True,False
8286,67,102,5628,True,False,False
8287,67,103,5629,True,True,False
8288,67,104,5630,True,True,False
8289,67,105,5631,True,True,False
8290,67,106,5632,True,True,False
8291,67,107,5633,True,True,False
8292,67,108,5634,True,True,False
8293,67,109,5635,True,True,False
8317,68,9,5637,False,False,False
8318,68,10,5638,False,False,False
8319,68,11,5639,False,False,False
8320,68,12,5640,False,False,False
8321,68,13,5641,False,False,False
8322,68,14,5642,False,False,False
8323,68,15,5643,False,False,False
8324,68,16,5644,True,True,False
8325,68,17,5645,False,False,False
8326,68,18,5646,False,False,False
8327,68,19,5647,False,False,False
8328,68,20,5648,False,False,False
8329,68,21,5649,False,False,False
8330,68,22,5650,False,False,False
8331,68,23,5651,False,False,False
8332,68,24,5652,False,False,False
8333,68,25,5653,False,True,False
8334,68,26,5654,False,True,False
8335,68,27,5655,False,False,False
8336,68,28,5656,True,False,False
8337,68,29,5657,False,False,False
8338,68,30,5658,False,False,False
8339,68,31,5659,False,True,False
8340,68,32,5660,False,True,False
8341,68,33,5661,False,True,False
8342,68,34,5662,False,True,False
8343,68,35,5663,False,False,False
8344,68,36,5664,True,False,False
8345,68,37,5665,True,False,False
8346,68,38,5666,False,False,False
8347,68,39,5667,False,False,False
8348,68,40,5668,False,False,False
8349,68,41,5669,False,False,False
8350,68,42,5670,False,False,False
8351,68,43,5671,True,False,False
8352,68,44,5672,True,True,False
8353,68,45,5673,True,True,False
8354,68,46,5674,True,False,False
8355,68,47,5675,True,False,False
8356,68,48,5676,True,False,False
8357,68,49,5677,True,True,True
8358,68,50,5678,True,True,False
8359,68,51,5679,True,True,False
8360,68,52,5680,True,True,False
8361,68,53,5681,False,True,False
8362,68,54,5682,False,False,False
8363,68,55,5683,False,False,False
8364,68,56,5684,False,False,False
8365,68,57,5685,False,False,False
8366,68,58,5686,True,False,False
8367,68,59,5687,False,True,False
8368,68,60,5688,False,False,False
8369,68,61,5689,False,False,False
8370,68,62,5690,False,False,False
8371,68,63,5691,True,True,False
8372,68,64,5692,True,True,False
8373,68,65,5693,False,True,False
8374,68,66,5694,True,True,False
8375,68,67,5695,False,True,False
8376,68,68,5696,False,False,False
8377,68,69,5697,False,False,False
8378,68,70,5698,False,False,False
8379,68,71,5699,False,False,False
8380,68,72,5700,False,False,False
8381,68,73,5701,True,True,False
8382,68,74,5702,False,False,False
8383,68,75,5703,False,False,False
8384,68,76,5704,False,False,False
8385,68,77,5705,False,False,False
8386,68,78,5706,False,False,False
8387,68,79,5707,True,False,False
8388,68,80,5708,True,False,False
8389,68,81,5709,False,False,False
8390,68,82,5710,False,False,False
8391,68,83,5711,False,False,False
8392,68,84,5712,True,False,False
8393,68,85,5713,True,False,False
8394,68,86,5714,False,False,False
8395,68,87,5715,True,True,False
8396,68,88,5716,False,True,False
8397,68,89,5717,False,True,False
8398,68,90,5718,False,False,False
8399,68,91,5719,False,False,False
8400,68,92,5720,False,False,False
8401,68,93,5721,True,True,False
8402,68,94,5722,True,True,False
8403,68,95,5723,True,True,False
8404,68,96,5724,True,True,False
8405,68,97,5725,False,True,False
8406,68,98,5726,False,False,False
8407,68,99,5727,False,False,False
8408,68,100,5728,True,True,False
8409,68,101,5729,True,True,False
8410,68,102,5730,True,True,False
8411,68,103,5731,True,False,False
8412,68,104,5732,True,True,False
8413,68,105,5733,False,True,False
8414,68,106,5734,False,True,False
8415,68,107,5735,False,True,False
8416,68,108,5736,True,True,False
8417,68,109,5737,True,False,False
8418,68,110,5738,True,False,False
8419,68,111,5739,False,True,False
8420,68,112,5740,False,False,False
8441,69,9,5741,False,False,False
8442,69,10,5742,False,False,False
8443,69,11,5743,False,False,False
8444,69,12,5744,False,False,False
8445,69,13,5745,False,False,False
8446,69,14,5746,False,False,False
8447,69,15,5747,True,False,False
8448,69,16,5748,True,True,False
8449,69,17,5749,False,False,False
8450,69,18,5750,False,False,False
8451,69,19,5751,False,False,False
8452,69,20,5752,False,False,False
8453,69,21,5753,False,False,False
8454,69,22,5754,False,False,False
8455,69,23,5755,False,False,False
8456,69,24,5756,False,False,False
8457,69,25,5757,False,False,False
8458,69,26,5758,False,True,False
8459,69,27,5759,False,False,False
8460,69,28,5760,True,False,False
8461,69,29,5761,False,False,False
8462,69,30,5762,False,True,False
8463,69,31,5763,False,True,False
8464,69,32,5764,False,False,False
8465,69,33,5765,False,False,False
8466,69,34,5766,False,True,False
8467,69,35,5767,True,True,False
8468,69,36,5768,True,False,False
8469,69,37,5769,False,False,False
8470,69,38,5770,False,False,False
8471,69,39,5771,False,False,False
8472,69,40,5772,False,False,False
8473,69,41,5773,False,False,False
8474,69,42,5774,False,False,False
8475,69,43,5775,False,False,False
8476,69,44,5776,True,True,False
8477,69,45,5777,True,True,False
8478,69,46,5778,False,False,False
8479,69,47,5779,False,False,False
8480,69,48,5780,False,False,False
8481,69,49,5781,True,False,True
8482,69,50,5782,True,False,False
8483,69,51,5783,True,False,False
8484,69,52,5784,True,False,False
8485,69,53,5785,True,True,False
8486,69,54,5786,False,True,False
8487,69,55,5787,False,True,False
8488,69,56,5788,False,False,False
8489,69,57,5789,False,False,False
8490,69,58,5790,True,True,False
8491,69,59,5791,False,True,False
8492,69,60,5792,False,False,False
8493,69,61,5793,False,False,False
8494,69,62,5794,False,False,False
8495,69,63,5795,False,False,False
8496,69,64,5796,True,False,False
8497,69,65,5797,False,False,False
8498,69,66,5798,True,False,False
8499,69,67,5799,False,False,False
8500,69,68,5800,False,False,False
8501,69,69,5801,False,False,False
8502,69,70,5802,False,False,False
8503,69,71,5803,False,True,False
8504,69,72,5804,False,True,False
8505,69,73,5805,True,True,False
8506,69,74,5806,False,False,False
8507,69,75,5807,False,False,False
8508,69,76,5808,False,False,False
8509,69,77,5809,False,False,False
8510,69,78,5810,False,False,False
8511,69,79,5811,True,False,False
8512,69,80,5812,False,False,False
8513,69,81,5813,False,False,False
8514,69,82,5814,False,False,False
8515,69,83,5815,True,False,False
8516,69,84,5816,True,False,False
8517,69,85,5817,False,False,False
8518,69,86,5818,False,False,False
8519,69,87,5819,True,False,False
8520,69,88,5820,True,False,False
8521,69,89,5821,False,True,False
8522,69,90,5822,False,True,False
8523,69,91,5823,False,True,False
8524,69,92,5824,True,True,False
8525,69,93,5825,True,True,False
8526,69,94,5826,False,True,False
8527,69,95,5827,False,False,False
8528,69,96,5828,True,False,False
8529,69,97,5829,True,True,False
8530,69,98,5830,False,False,False
8531,69,99,5831,False,False,False
8532,69,100,5832,True,False,False
8533,69,101,5833,True,True,False
8534,69,102,5834,True,True,False
8535,69,103,5835,True,False,False
8536,69,104,5836,True,True,False
8537,69,105,5837,True,True,False
8538,69,106,5838,True,False,False
8539,69,107,5839,True,True,False
8540,69,108,5840,True,True,False
8541,69,109,5841,False,True,False
8542,69,110,5842,False,True,False
8543,69,111,5843,False,True,False
8544,69,112,5844,False,True,False
8545,69,113,5845,False,False,False
8565,70,9,5846,False,False,False
8566,70,10,5847,False,False,False
8567,70,11,5848,False,False,False
8568,70,12,5849,False,False,False
8569,70,13,5850,False,False,False
8570,70,14,5851,True,False,False
8571,70,15,5852,True,False,False
8572,70,16,5853,True,True,False
8573,70,17,5854,True,False,False
8574,70,18,5855,False,False,False
8575,70,19,5856,False,False,False
8576,70,20,5857,False,False,False
8577,70,21,5858,False,False,False
8578,70,22,5859,False,False,False
8579,70,23,5860,False,False,False
8580,70,24,5861,False,False,False
8581,70,25,5862,False,False,False
8582,70,26,5863,False,True,False
8583,70,27,5864,False,True,False
8584,70,28,5865,True,False,False
8585,70,29,5866,False,False,False
8586,70,30,5867,False,True,False
8587,70,31,5868,False,False,False
8588,70,32,5869,False,False,False
8589,70,33,5870,False,False,False
8590,70,34,5871,False,False,False
8591,70,35,5872,True,True,False
8592,70,36,5873,False,True,False
8593,70,37,5874,False,False,False
8594,70,38,5875,False,False,False
8595,70,39,5876,False,False,False
8596,70,40,5877,False,False,False
8597,70,41,5878,False,False,False
8598,70,42,5879,False,False,False
8599,70,43,5880,False,False,False
8600,70,44,5881,True,True,False
8601,70,45,5882,False,False,False
8602,70,46,5883,False,False,False
8603,70,47,5884,False,False,False
8604,70,48,5885,False,False,False
8605,70,49,5886,True,False,True
8606,70,50,5887,True,False,False
8607,70,51,5888,False,False,False
8608,70,52,5889,False,False,False
8609,70,53,5890,True,False,False
8610,70,54,5891,True,False,False
8611,70,55,5892,True,True,False
8612,70,56,5893,True,True,False
8613,70,57,5894,True,True,False
8614,70,58,5895,True,True,False
8615,70,59,5896,True,True,False
8616,70,60,5897,False,False,False
8617,70,61,5898,False,False,False
8618,70,62,5899,False,False,False
8619,70,63,5900,False,False,False
8620,70,64,5901,True,False,False
8621,70,65,5902,False,False,False
8622,70,66,5903,True,False,False
8623,70,67,5904,True,False,False
8624,70,68,5905,False,False,False
8625,70,69,5906,False,False,False
8626,70,70,5907,False,False,False
8627,70,71,5908,False,False,False
8628,70,72,5909,False,True,False
8629,70,73,5910,True,True,False
8630,70,74,5911,False,True,False
8631,70,75,5912,False,True,False
8632,70,76,5913,False,True,False
8633,70,77,5914,False,True,False
8634,70,78,5915,False,True,False
8635,70,79,5916,True,True,False
8636,70,80,5917,False,True,False
8637,70,81,5918,False,True,False
8638,70,82,5919,False,True,False
8639,70,83,5920,True,True,False
8640,70,84,5921,False,True,False
8641,70,85,5922,False,True,False
8642,70,86,5923,False,False,False
8643,70,87,5924,False,False,False
8644,70,88,5925,True,False,False
8645,70,89,5926,False,True,False
8646,70,90,5927,False,True,False
8647,70,91,5928,False,True,False
8648,70,92,5929,True,True,False
8649,70,93,5930,False,True,False
8650,70,94,5931,False,True,False
8651,70,95,5932,False,True,False
8652,70,96,5933,False,False,False
8653,70,97,5934,True,True,False
8654,70,98,5935,True,True,False
8655,70,99,5936,True,False,False
8656,70,100,5937,True,False,False
8657,70,101,5938,True,True,False
8658,70,102,5939,True,True,False
8659,70,103,5940,True,True,False
8660,70,104,5941,True,True,False
8661,70,105,5942,True,True,False
8662,70,106,5943,True,False,False
8663,70,107,5944,True,True,False
8664,70,108,5945,True,True,False
8665,70,109,5946,True,True,False
8666,70,110,5947,True,True,False
8667,70,111,5948,False,True,False
8668,70,112,5949,False,False,False
8669,70,113,5950,False,False,False
8670,70,114,5951,True,True,False
8671,70,115,5952,False,False,False
8689,71,9,5953,False,False,False
8690,71,10,5954,False,False,False
8691,71,11,5955,False,False,False
8692,71,12,5956,False,False,False
8693,71,13,5957,True,False,False
8694,71,14,5958,True,False,False
8695,71,15,5959,False,False,False
8696,71,16,5960,False,True,False
8697,71,17,5961,True,True,False
8698,71,18,5962,False,False,False
8699,71,19,5963,False,False,False
8700,71,20,5964,False,False,False
8701,71,21,5965,False,False,False
8702,71,22,5966,False,False,False
8703,71,23,5967,False,False,False
8704,71,24,5968,False,False,False
8705,71,25,5969,False,False,False
8706,71,26,5970,False,False,False
8707,71,27,5971,True,True,False
8708,71,28,5972,True,True,False
8709,71,29,5973,False,True,False
8710,71,30,5974,False,True,False
8711,71,31,5975,False,False,False
8712,71,32,5976,False,False,False
8713,71,33,5977,False,False,False
8714,71,34,5978,False,False,False
8715,71,35,5979,True,True,False
8716,71,36,5980,False,True,False
8717,71,37,5981,False,True,False
8718,71,38,5982,False,True,False
8719,71,39,5983,False,True,False
8720,71,40,5984,False,True,False
8721,71,41,5985,False,False,False
8722,71,42,5986,False,False,False
8723,71,43,5987,False,False,False
8724,71,44,5988,True,True,False
8725,71,45,5989,False,False,False
8726,71,46,5990,False,False,False
8727,71,47,5991,False,False,False
8728,71,48,5992,False,False,False
8729,71,49,5993,False,False,True
8730,71,50,5994,True,False,False
8731,71,51,5995,False,False,False
8732,71,52,5996,False,False,False
8733,71,53,5997,False,False,False
8734,71,54,5998,True,False,False
8735,71,55,5999,True,False,False
8736,71,56,6000,False,False,False
8737,71,57,6001,False,True,False
8738,71,58,6002,True,True,False
8739,71,59,6003,True,True,False
8740,71,60,6004,True,True,False
8741,71,61,6005,True,True,False
8742,71,62,6006,True,True,False
8743,71,63,6007,True,True,False
8744,71,64,6008,True,False,False
8745,71,65,6009,True,False,False
8746,71,66,6010,False,False,False
8747,71,67,6011,True,False,False
8748,71,68,6012,False,False,False
8749,71,69,6013,False,False,False
8750,71,70,6014,False,False,False
8751,71,71,6015,False,False,False
8752,71,72,6016,False,True,False
8753,71,73,6017,True,False,False
8754,71,74,6018,True,False,False
8755,71,75,6019,False,False,False
8756,71,76,6020,False,False,False
8757,71,77,6021,False,False,False
8758,71,78,6022,True,False,False
8759,71,79,6023,True,False,False
8760,71,80,6024,False,False,False
8761,71,81,6025,False,False,False
8762,71,82,6026,False,True,False
8763,71,83,6027,True,False,False
8764,71,84,6028,False,False,False
8765,71,85,6029,False,True,False
8766,71,86,6030,False,True,False
8767,71,87,6031,False,True,False
8768,71,88,6032,True,True,False
8769,71,89,6033,False,True,False
8770,71,90,6034,False,False,False
8771,71,91,6035,True,True,False
8772,71,92,6036,True,True,False
8773,71,93,6037,False,True,False
8774,71,94,6038,False,True,False
8775,71,95,6039,False,True,False
8776,71,96,6040,False,True,False
8777,71,97,6041,False,True,False
8778,71,98,6042,True,True,False
8779,71,99,6043,True,True,False
8780,71,100,6044,True,True,False
8781,71,101,6045,True,True,False
8782,71,102,6046,False,True,False
8783,71,103,6047,True,True,False
8784,71,104,6048,True,True,False
8785,71,105,6049,True,True,False
8786,71,106,6050,True,False,False
8787,71,107,6051,False,True,False
8788,71,108,6052,False,True,False
8789,71,109,6053,False,False,False
8790,71,110,6054,True,True,True
8791,71,111,6055,True,True,True
8792,71,112,6056,True,False,True
8793,71,113,6057,True,False,False
8794,71,114,6058,True,True,False
8795,71,115,6059,False,False,False
8796,71,116,6060,False,False,False
8813,72,9,6061,False,False,False
8814,72,10,6062,True,False,False
8815,72,11,6063,True,False,False
8816,72,12,6064,True,False,False
8817,72,13,6065,True,True,False
8818,72,14,6066,False,True,False
8819,72,15,6067,False,False,False
8820,72,16,6068,False,False,False
8821,72,17,6069,True,True,False
8822,72,18,6070,True,True,False
8823,72,19,6071,True,True,False
8824,72,20,6072,True,False,False
8825,72,21,6073,False,False,False
8826,72,22,6074,False,False,False
8827,72,23,6075,False,False,False
8828,72,24,6076,False,False,False
8829,72,25,6077,False,False,False
8830,72,26,6078,False,False,False
8831,72,27,6079,True,True,False
8832,72,28,6080,True,True,False
8833,72,29,6081,False,True,False
8834,72,30,6082,False,False,False
8835,72,31,6083,True,False,False
8836,72,32,6084,True,False,False
8837,72,33,6085,True,False,False
8838,72,34,6086,True,False,False
8839,72,35,6087,True,False,False
8840,72,36,6088,False,False,False
8841,72,37,6089,False,False,False
8842,72,38,6090,False,False,False
8843,72,39,6091,False,False,False
8844,72,40,6092,False,True,False
8845,72,41,6093,False,True,False
8846,72,42,6094,False,False,False
8847,72,43,6095,True,False,False
8848,72,44,6096,True,True,False
8849,72,45,6097,False,False,False
8850,72,46,6098,False,False,False
8851,72,47,6099,False,False,False
8852,72,48,6100,False,False,False
8853,72,49,6101,False,False,True
8854,72,50,6102,True,False,False
8855,72,51,6103,False,False,False
8856,72,52,6104,False,False,False
8857,72,53,6105,False,False,False
8858,72,54,6106,False,False,False
8859,72,55,6107,True,False,False
8860,72,56,6108,True,False,False
8861,72,57,6109,False,True,False
8862,72,58,6110,True,True,False
8863,72,59,6111,True,True,False
8864,72,60,6112,True,True,False
8865,72,61,6113,True,True,False
8866,72,62,6114,False,False,False
8867,72,63,6115,True,True,False
8868,72,64,6116,True,True,False
8869,72,65,6117,True,True,False
8870,72,66,6118,False,False,False
8871,72,67,6119,True,False,False
8872,72,68,6120,False,False,False
8873,72,69,6121,False,False,False
8874,72,70,6122,False,False,False
8875,72,71,6123,False,False,False
8876,72,72,6124,False,True,False
8877,72,73,6125,True,False,False
8878,72,74,6126,False,False,False
8879,72,75,6127,False,False,False
8880,72,76,6128,False,False,False
8881,72,77,6129,False,False,False
8882,72,78,6130,True,False,False
8883,72,79,6131,False,False,False
8884,72,80,6132,False,False,False
8885,72,81,6133,False,False,False
8886,72,82,6134,False,True,False
8887,72,83,6135,True,True,False
8888,72,84,6136,True,False,False
8889,72,85,6137,False,False,False
8890,72,86,6138,False,False,False
8891,72,87,6139,False,False,False
8892,72,88,6140,True,False,False
8893,72,89,6141,True,False,False
8894,72,90,6142,True,True,False
8895,72,91,6143,True,True,False
8896,72,92,6144,False,False,False
8897,72,93,6145,False,False,False
8898,72,94,6146,False,False,False
8899,72,95,6147,False,False,False
8900,72,96,6148,False,False,False
8901,72,97,6149,False,True,False
8902,72,98,6150,True,True,False
8903,72,99,6151,False,True,False
8904,72,100,6152,True,True,False
8905,72,101,6153,True,True,False
8906,72,102,6154,True,True,False
8907,72,103,6155,True,True,False
8908,72,104,6156,True,True,False
8909,72,105,6157,True,True,False
8910,72,106,6158,False,False,False
8911,72,107,6159,False,False,False
8912,72,108,6160,False,True,False
8913,72,109,6161,False,False,False
8914,72,110,6162,False,True,True
8915,72,111,6163,False,True,False
8916,72,112,6164,True,True,True
8917,72,113,6165,True,True,True
8918,72,114,6166,False,True,True
8919,72,115,6167,False,True,True
8920,72,116,6168,False,False,False
8921,72,117,6169,False,False,False
8922,72,118,6170,False,False,False
8937,73,9,6171,True,True,False
8938,73,10,6172,True,True,False
8939,73,11,6173,True,True,False
8940,73,12,6174,True,True,False
8941,73,13,6175,False,True,False
8942,73,14,6176,False,False,False
8943,73,15,6177,False,False,False
8944,73,16,6178,False,False,False
8945,73,17,6179,False,False,False
8946,73,18,6180,False,False,False
8947,73,19,6181,False,True,False
8948,73,20,6182,True,True,False
8949,73,21,6183,True,False,False
8950,73,22,6184,True,False,False
8951,73,23,6185,False,False,False
8952,73,24,6186,False,False,False
8953,73,25,6187,False,False,False
8954,73,26,6188,True,True,False
8955,73,27,6189,True,True,False
8956,73,28,6190,False,False,False
8957,73,29,6191,True,True,False
8958,73,30,6192,True,True,False
8959,73,31,6193,True,False,False
8960,73,32,6194,True,False,False
8961,73,33,6195,False,False,False
8962,73,34,6196,False,False,False
8963,73,35,6197,False,False,False
8964,73,36,6198,False,False,False
8965,73,37,6199,False,False,False
8966,73,38,6200,False,False,False
8967,73,39,6201,False,False,False
8968,73,40,6202,False,False,False
8969,73,41,6203,False,True,False
8970,73,42,6204,False,True,False
8971,73,43,6205,True,False,False
8972,73,44,6206,False,True,False
8973,73,45,6207,False,False,False
8974,73,46,6208,False,False,False
8975,73,47,6209,False,False,False
8976,73,48,6210,False,False,False
8977,73,49,6211,False,False,True
8978,73,50,6212,True,False,True
8979,73,51,6213,False,False,False
8980,73,52,6214,False,False,False
8981,73,53,6215,False,False,False
8982,73,54,6216,False,True,False
8983,73,55,6217,True,True,False
8984,73,56,6218,True,True,False
8985,73,57,6219,True,True,False
8986,73,58,6220,True,True,False
8987,73,59,6221,True,True,False
8988,73,60,6222,False,False,False
8989,73,61,6223,False,False,False
8990,73,62,6224,False,False,False
8991,73,63,6225,False,False,False
8992,73,64,6226,True,False,False
8993,73,65,6227,True,True,False
8994,73,66,6228,False,True,False
8995,73,67,6229,True,False,False
8996,73,68,6230,False,False,False
8997,73,69,6231,True,False,False
8998,73,70,6232,True,False,False
8999,73,71,6233,True,True,False
9000,73,72,6234,True,True,False
9001,73,73,6235,True,False,False
9002,73,74,6236,False,False,False
9003,73,75,6237,False,False,False
9004,73,76,6238,False,False,False
9005,73,77,6239,False,False,False
9006,73,78,6240,True,False,False
9007,73,79,6241,False,False,False
9008,73,80,6242,False,False,False
9009,73,81,6243,False,False,False
9010,73,82,6244,False,False,False
9011,73,83,6245,False,True,False
9012,73,84,6246,True,True,False
9013,73,85,6247,False,True,False
9014,73,86,6248,False,False,False
9015,73,87,6249,False,False,False
9016,73,88,6250,True,False,False
9017,73,89,6251,True,False,False
9018,73,90,6252,True,True,False
9019,73,91,6253,True,False,False
9020,73,92,6254,True,False,False
9021,73,93,6255,True,False,False
9022,73,94,6256,True,False,False
9023,73,95,6257,True,False,False
9024,73,96,6258,True,False,False
9025,73,97,6259,True,True,False
9026,73,98,6260,True,False,False
9027,73,99,6261,True,False,False
9028,73,100,6262,True,True,False
9029,73,101,6263,True,True,False
9030,73,102,6264,True,True,False
9031,73,103,6265,True,True,False
9032,73,104,6266,True,True,False
9033,73,105,6267,True,True,False
9034,73,106,6268,False,True,False
9035,73,107,6269,True,True,False
9036,73,108,6270,True,True,False
9037,73,109,6271,False,True,False
9038,73,110,6272,False,True,True
9039,73,111,6273,False,False,False
9040,73,112,6274,True,True,False
9041,73,113,6275,True,False,False
9042,73,114,6276,False,False,False
9043,73,115,6277,False,True,True
9044,73,116,6278,False,True,True
9045,73,117,6279,False,False,False
9046,73,118,6280,False,False,False
9061,74,9,6281,False,False,False
9062,74,10,6282,True,True,False
9063,74,11,6283,True,False,False
9064,74,12,6284,False,False,False
9065,74,13,6285,False,False,False
9066,74,14,6286,False,False,False
9067,74,15,6287,False,False,False
9068,74,16,6288,False,False,False
9069,74,17,6289,False,False,False
9070,74,18,6290,False,False,False
9071,74,19,6291,False,False,False
9072,74,20,6292,False,True,False
9073,74,21,6293,False,False,False
9074,74,22,6294,True,False,False
9075,74,23,6295,True,False,False
9076,74,24,6296,False,False,False
9077,74,25,6297,True,True,False
9078,74,26,6298,True,True,False
9079,74,27,6299,False,False,False
9080,74,28,6300,True,False,False
9081,74,29,6301,True,False,False
9082,74,30,6302,False,True,False
9083,74,31,6303,False,True,False
9084,74,32,6304,False,False,False
9085,74,33,6305,False,False,False
9086,74,34,6306,False,False,False
9087,74,35,6307,False,False,False
9088,74,36,6308,False,False,False
9089,74,37,6309,False,False,False
9090,74,38,6310,False,False,False
9091,74,39,6311,False,False,False
9092,74,40,6312,False,False,False
9093,74,41,6313,False,False,False
9094,74,42,6314,False,True,False
9095,74,43,6315,True,True,False
9096,74,44,6316,False,True,False
9097,74,45,6317,False,False,False
9098,74,46,6318,False,False,False
9099,74,47,6319,False,False,False
9100,74,48,6320,False,False,False
9101,74,49,6321,False,False,False
9102,74,50,6322,True,False,True
9103,74,51,6323,False,False,False
9104,74,52,6324,False,False,False
9105,74,53,6325,True,True,False
9106,74,54,6326,True,True,False
9107,74,55,6327,True,False,False
9108,74,56,6328,False,False,False
9109,74,57,6329,True,False,False
9110,74,58,6330,True,True,False
9111,74,59,6331,False,False,False
9112,74,60,6332,False,False,False
9113,74,61,6333,False,False,False
9114,74,62,6334,False,False,False
9115,74,63,6335,False,False,False
9116,74,64,6336,False,False,False
9117,74,65,6337,True,False,False
9118,74,66,6338,True,True,False
9119,74,67,6339,True,False,False
9120,74,68,6340,True,False,False
9121,74,69,6341,True,True,False
9122,74,70,6342,True,True,False
9123,74,71,6343,True,True,False
9124,74,72,6344,True,False,False
9125,74,73,6345,False,False,False
9126,74,74,6346,False,False,False
9127,74,75,6347,False,False,False
9128,74,76,6348,False,False,False
9129,74,77,6349,False,False,False
9130,74,78,6350,True,False,False
9131,74,79,6351,False,True,False
9132,74,80,6352,False,False,False
9133,74,81,6353,False,False,False
9134,74,82,6354,False,False,False
9135,74,83,6355,False,False,False
9136,74,84,6356,True,False,False
9137,74,85,6357,False,True,False
9138,74,86,6358,False,True,False
9139,74,87,6359,False,True,False
9140,74,88,6360,True,True,False
9141,74,89,6361,True,True,False
9142,74,90,6362,True,True,False
9143,74,91,6363,True,True,False
9144,74,92,6364,True,False,False
9145,74,93,6365,True,False,False
9146,74,94,6366,True,False,False
9147,74,95,6367,False,False,False
9148,74,96,6368,True,False,False
9149,74,97,6369,True,True,False
9150,74,98,6370,True,True,False
9151,74,99,6371,True,False,False
9152,74,100,6372,False,True,False
9153,74,101,6373,True,True,False
9154,74,102,6374,True,True,False
9155,74,103,6375,True,True,False
9156,74,104,6376,True,True,False
9157,74,105,6377,True,True,False
9158,74,106,6378,True,True,False
9159,74,107,6379,True,False,False
9160,74,108,6380,True,False,False
9161,74,109,6381,True,True,True
9162,74,110,6382,True,True,True
9163,74,111,6383,True,False,False
9164,74,112,6384,True,True,False
9165,74,113,6385,False,False,False
9166,74,114,6386,False,False,False
9167,74,115,6387,False,False,False
9168,74,116,6388,False,False,True
9169,74,117,6389,False,False,True
9170,74,118,6390,False,False,False
9171,74,119,6391,False,False,False
9185,75,9,6392,True,False,False
9186,75,10,6393,True,True,False
9187,75,11,6394,False,True,False
9188,75,12,6395,False,True,False
9189,75,13,6396,False,False,False
9190,75,14,6397,False,False,False
9191,75,15,6398,False,False,False
9192,75,16,6399,False,False,False
9193,75,17,6400,False,False,False
9194,75,18,6401,False,False,False
9195,75,19,6402,False,False,False
9196,75,20,6403,False,True,False
9197,75,21,6404,False,False,False
9198,75,22,6405,False,False,False
9199,75,23,6406,True,False,False
9200,75,24,6407,True,False,False
9201,75,25,6408,True,True,False
9202,75,26,6409,True,False,False
9203,75,27,6410,True,False,False
9204,75,28,6411,True,False,False
9205,75,29,6412,False,False,False
9206,75,30,6413,False,False,False
9207,75,31,6414,False,True,False
9208,75,32,6415,False,False,False
9209,75,33,6416,False,False,False
9210,75,34,6417,False,False,False
9211,75,35,6418,False,False,False
9212,75,36,6419,False,False,False
9213,75,37,6420,False,False,False
9214,75,38,6421,False,False,False
9215,75,39,6422,False,False,False
9216,75,40,6423,False,False,False
9217,75,41,6424,False,False,False
9218,75,42,6425,False,False,False
9219,75,43,6426,True,True,False
9220,75,44,6427,True,True,False
9221,75,45,6428,False,True,False
9222,75,46,6429,False,False,False
9223,75,47,6430,False,False,False
9224,75,48,6431,False,False,False
9225,75,49,6432,False,False,False
9226,75,50,6433,True,False,True
9227,75,51,6434,True,False,False
9228,75,52,6435,True,True,False
9229,75,53,6436,True,True,False
9230,75,54,6437,False,False,False
9231,75,55,6438,False,False,False
9232,75,56,6439,False,False,False
9233,75,57,6440,False,False,False
9234,75,58,6441,True,True,False
9235,75,59,6442,True,False,False
9236,75,60,6443,True,False,False
9237,75,61,6444,True,False,False
9238,75,62,6445,False,False,False
9239,75,63,6446,False,False,False
9240,75,64,6447,False,False,False
9241,75,65,6448,True,False,False
9242,75,66,6449,True,True,False
9243,75,67,6450,True,True,False
9244,75,68,6451,True,True,False
9245,75,69,6452,True,True,False
9246,75,70,6453,True,False,False
9247,75,71,6454,True,False,False
9248,75,72,6455,True,False,False
9249,75,73,6456,False,False,False
9250,75,74,6457,False,False,False
9251,75,75,6458,False,False,False
9252,75,76,6459,False,False,False
9253,75,77,6460,True,False,False
9254,75,78,6461,True,True,False
9255,75,79,6462,False,True,False
9256,75,80,6463,False,False,False
9257,75,81,6464,False,False,False
9258,75,82,6465,False,False,False
9259,75,83,6466,False,False,False
9260,75,84,6467,True,False,False
9261,75,85,6468,True,False,False
9262,75,86,6469,True,False,False
9263,75,87,6470,True,False,False
9264,75,88,6471,True,True,False
9265,75,89,6472,True,False,False
9266,75,90,6473,False,True,False
9267,75,91,6474,True,True,False
9268,75,92,6475,False,True,False
9269,75,93,6476,False,True,False
9270,75,94,6477,True,False,False
9271,75,95,6478,True,False,False
9272,75,96,6479,True,False,False
9273,75,97,6480,False,True,False
9274,75,98,6481,True,True,False
9275,75,99,6482,True,False,False
9276,75,100,6483,True,True,False
9277,75,101,6484,True,True,False
9278,75,102,6485,True,True,False
9279,75,103,6486,True,True,False
9280,75,104,6487,True,True,False
9281,75,105,6488,True,True,False
9282,75,106,6489,True,True,False
9283,75,107,6490,False,False,False
9284,75,108,6491,False,False,False
9285,75,109,6492,False,True,True
9286,75,110,6493,False,True,False
9287,75,111,6494,True,True,False
9288,75,112,6495,True,True,False
9289,75,113,6496,False,False,False
9290,75,114,6497,False,False,False
9291,75,115,6498,False,False,False
9292,75,116,6499,False,False,False
9293,75,117,6500,False,False,True
9294,75,118,6501,True,False,False
9295,75,119,6502,True,True,False
9309,76,9,6503,False,False,False
9310,76,10,6504,False,False,False
9311,76,11,6505,False,False,False
9312,76,12,6506,False,True,False
9313,76,13,6507,False,False,False
9314,76,14,6508,False,False,False
9315,76,15,6509,False,False,False
9316,76,16,6510,False,False,False
9317,76,17,6511,False,False,False
9318,76,18,6512,False,False,False
9319,76,19,6513,False,False,False
9320,76,20,6514,False,True,False
9321,76,21,6515,False,False,False
9322,76,22,6516,False,False,False
9323,76,23,6517,False,False,False
9324,76,24,6518,True,False,False
9325,76,25,6519,True,True,False
9326,76,26,6520,True,False,False
9327,76,27,6521,True,False,False
9328,76,28,6522,False,False,False
9329,76,29,6523,False,False,False
9330,76,30,6524,False,False,False
9331,76,31,6525,False,True,False
9332,76,32,6526,False,True,False
9333,76,33,6527,False,False,False
9334,76,34,6528,False,True,False
9335,76,35,6529,False,True,False
9336,76,36,6530,False,False,False
9337,76,37,6531,False,False,False
9338,76,38,6532,False,False,False
9339,76,39,6533,False,False,False
9340,76,40,6534,False,False,False
9341,76,41,6535,False,False,False
9342,76,42,6536,False,False,False
9343,76,43,6537,False,False,False
9344,76,44,6538,True,True,False
9345,76,45,6539,False,True,False
9346,76,46,6540,False,True,False
9347,76,47,6541,False,True,False
9348,76,48,6542,False,True,False
9349,76,49,6543,False,False,False
9350,76,50,6544,True,False,True
9351,76,51,6545,True,True,True
9352,76,52,6546,True,True,False
9353,76,53,6547,False,False,False
9354,76,54,6548,False,False,False
9355,76,55,6549,False,False,False
9356,76,56,6550,False,False,False
9357,76,57,6551,False,False,False
9358,76,58,6552,True,True,False
9359,76,59,6553,False,False,False
9360,76,60,6554,False,False,False
9361,76,61,6555,True,False,False
9362,76,62,6556,True,False,False
9363,76,63,6557,True,False,False
9364,76,64,6558,False,False,False
9365,76,65,6559,True,True,False
9366,76,66,6560,True,True,False
9367,76,67,6561,True,True,False
9368,76,68,6562,True,True,False
9369,76,69,6563,True,True,False
9370,76,70,6564,True,False,False
9371,76,71,6565,True,False,False
9372,76,72,6566,False,False,False
9373,76,73,6567,False,False,False
9374,76,74,6568,False,False,False
9375,76,75,6569,False,False,False
9376,76,76,6570,True,False,False
9377,76,77,6571,True,True,False
9378,76,78,6572,False,True,False
9379,76,79,6573,False,False,False
9380,76,80,6574,False,False,False
9381,76,81,6575,False,False,False
9382,76,82,6576,False,False,False
9383,76,83,6577,True,False,False
9384,76,84,6578,True,False,False
9385,76,85,6579,True,False,False
9386,76,86,6580,False,True,False
9387,76,87,6581,True,True,False
9388,76,88,6582,True,True,False
9389,76,89,6583,False,False,False
9390,76,90,6584,False,True,False
9391,76,91,6585,True,False,False
9392,76,92,6586,False,False,False
9393,76,93,6587,False,True,False
9394,76,94,6588,False,True,False
9395,76,95,6589,False,False,False
9396,76,96,6590,True,False,False
9397,76,97,6591,True,True,False
9398,76,98,6592,True,False,False
9399,76,99,6593,True,False,False
9400,76,100,6594,False,True,False
9401,76,101,6595,True,True,False
9402,76,102,6596,True,True,False
9403,76,103,6597,True,True,False
9404,76,104,6598,True,True,False
9405,76,105,6599,False,True,False
9406,76,106,6600,True,True,True
9407,76,107,6601,False,False,True
9408,76,108,6602,False,True,True
9409,76,109,6603,False,True,True
9410,76,110,6604,False,False,False
9411,76,111,6605,True,True,False
9412,76,112,6606,True,True,False
9413,76,113,6607,True,True,False
9414,76,114,6608,True,True,False
9415,76,115,6609,False,False,False
9416,76,116,6610,False,False,False
9417,76,117,6611,True,False,False
9418,76,118,6612,True,True,False
9419,76,119,6613,False,True,False
9433,77,9,6614,False,False,False
9434,77,10,6615,False,False,False
9435,77,11,6616,False,False,False
9436,77,12,6617,False,True,False
9437,77,13,6618,False,True,False
9438,77,14,6619,False,True,False
9439,77,15,6620,False,False,False
9440,77,16,6621,False,False,False
9441,77,17,6622,False,False,False
9442,77,18,6623,False,False,False
9443,77,19,6624,False,False,False
9444,77,20,6625,False,True,False
9445,77,21,6626,False,True,False
9446,77,22,6627,False,False,False
9447,77,23,6628,False,False,False
9448,77,24,6629,True,True,False
9449,77,25,6630,True,True,False
9450,77,26,6631,True,False,False
9451,77,27,6632,False,False,False
9452,77,28,6633,False,False,False
9453,77,29,6634,False,False,False
9454,77,30,6635,False,False,False
9455,77,31,6636,False,False,False
9456,77,32,6637,False,True,False
9457,77,33,6638,False,False,False
9458,77,34,6639,False,True,False
9459,77,35,6640,False,False,False
9460,77,36,6641,False,False,False
9461,77,37,6642,False,False,False
9462,77,38,6643,False,False,False
9463,77,39,6644,False,False,False
9464,77,40,6645,False,False,False
9465,77,41,6646,False,False,False
9466,77,42,6647,False,False,False
9467,77,43,6648,False,False,False
9468,77,44,6649,True,True,False
9469,77,45,6650,False,False,False
9470,77,46,6651,False,False,False
9471,77,47,6652,False,False,False
9472,77,48,6653,True,True,False
9473,77,49,6654,True,True,False
9474,77,50,6655,True,True,False
9475,77,51,6656,True,True,True
9476,77,52,6657,True,False,True
9477,77,53,6658,False,False,False
9478,77,54,6659,False,False,False
9479,77,55,6660,False,False,False
9480,77,56,6661,False,False,False
9481,77,57,6662,False,False,False
9482,77,58,6663,True,True,False
9483,77,59,6664,True,False,False
9484,77,60,6665,False,False,False
9485,77,61,6666,False,False,False
9486,77,62,6667,False,False,False
9487,77,63,6668,True,False,False
9488,77,64,6669,True,True,False
9489,77,65,6670,True,True,False
9490,77,66,6671,True,False,False
9491,77,67,6672,True,False,False
9492,77,68,6673,True,True,False
9493,77,69,6674,False,True,False
9494,77,70,6675,False,False,False
9495,77,71,6676,True,False,False
9496,77,72,6677,True,False,False
9497,77,73,6678,False,False,False
9498,77,74,6679,False,False,False
9499,77,75,6680,False,False,False
9500,77,76,6681,True,False,False
9501,77,77,6682,False,True,False
9502,77,78,6683,False,False,False
9503,77,79,6684,False,False,False
9504,77,80,6685,True,False,False
9505,77,81,6686,True,False,False
9506,77,82,6687,True,True,False
9507,77,83,6688,True,True,False
9508,77,84,6689,True,True,False
9509,77,85,6690,True,True,False
9510,77,86,6691,True,True,False
9511,77,87,6692,True,False,False
9512,77,88,6693,False,False,False
9513,77,89,6694,False,False,False
9514,77,90,6695,False,True,False
9515,77,91,6696,True,True,False
9516,77,92,6697,False,False,False
9517,77,93,6698,False,False,False
9518,77,94,6699,False,True,False
9519,77,95,6700,False,True,False
9520,77,96,6701,False,False,False
9521,77,97,6702,True,True,False
9522,77,98,6703,False,False,False
9523,77,99,6704,True,True,False
9524,77,100,6705,True,True,False
9525,77,101,6706,True,True,False
9526,77,102,6707,False,True,False
9527,77,103,6708,True,True,False
9528,77,104,6709,True,True,False
9529,77,105,6710,False,True,False
9530,77,106,6711,True,True,True
9531,77,107,6712,True,True,False
9532,77,108,6713,False,True,False
9533,77,109,6714,False,False,False
9534,77,110,6715,False,True,False
9535,77,111,6716,True,True,False
9536,77,112,6717,False,False,False
9537,77,113,6718,False,False,False
9538,77,114,6719,True,True,False
9539,77,115,6720,True,True,False
9540,77,116,6721,True,True,False
9541,77,117,6722,True,True,False
9542,77,118,6723,True,True,False
9543,77,119,6724,False,True,False
9544,77,120,6725,False,False,False
9557,78,9,6726,False,False,False
9558,78,10,6727,False,False,False
9559,78,11,6728,False,False,False
9560,78,12,6729,False,False,False
9561,78,13,6730,False,False,False
9562,78,14,6731,False,True,False
9563,78,15,6732,False,True,False
9564,78,16,6733,False,True,False
9565,78,17,6734,False,False,False
9566,78,18,6735,False,False,False
9567,78,19,6736,False,False,False
9568,78,20,6737,False,False,False
9569,78,21,6738,False,True,False
9570,78,22,6739,False,False,False
9571,78,23,6740,False,False,False
9572,78,24,6741,True,True,False
9573,78,25,6742,True,True,False
9574,78,26,6743,True,False,False
9575,78,27,6744,True,False,False
9576,78,28,6745,False,False,False
9577,78,29,6746,False,False,False
9578,78,30,6747,False,False,False
9579,78,31,6748,False,False,False
9580,78,32,6749,False,True,False
9581,78,33,6750,False,True,False
9582,78,34,6751,False,True,False
9583,78,35,6752,False,False,False
9584,78,36,6753,False,False,False
9585,78,37,6754,False,False,False
9586,78,38,6755,False,False,False
9587,78,39,6756,False,False,False
9588,78,40,6757,False,False,False
9589,78,41,6758,False,False,False
9590,78,42,6759,False,False,False
9591,78,43,6760,False,False,False
9592,78,44,6761,True,True,False
9593,78,45,6762,True,False,False
9594,78,46,6763,False,False,False
9595,78,47,6764,True,False,False
9596,78,48,6765,True,False,False
9597,78,49,6766,True,False,False
9598,78,50,6767,False,False,False
9599,78,51,6768,True,False,False
9600,78,52,6769,False,False,True
9601,78,53,6770,False,False,False
9602,78,54,6771,False,False,False
9603,78,55,6772,False,False,False
9604,78,56,6773,False,False,False
9605,78,57,6774,False,False,False
9606,78,58,6775,False,True,False
9607,78,59,6776,True,True,False
9608,78,60,6777,False,False,False
9609,78,61,6778,False,False,False
9610,78,62,6779,False,False,False
9611,78,63,6780,True,True,False
9612,78,64,6781,True,True,False
9613,78,65,6782,True,False,False
9614,78,66,6783,True,False,False
9615,78,67,6784,True,False,False
9616,78,68,6785,True,True,False
9617,78,69,6786,True,True,False
9618,78,70,6787,True,False,False
9619,78,71,6788,True,False,False
9620,78,72,6789,True,False,False
9621,78,73,6790,True,False,False
9622,78,74,6791,True,False,False
9623,78,75,6792,False,False,False
9624,78,76,6793,True,False,False
9625,78,77,6794,False,True,False
9626,78,78,6795,True,False,False
9627,78,79,6796,True,False,False
9628,78,80,6797,True,False,False
9629,78,81,6798,True,True,False
9630,78,82,6799,True,True,False
9631,78,83,6800,True,False,False
9632,78,84,6801,True,False,False
9633,78,85,6802,False,False,False
9634,78,86,6803,False,False,False
9635,78,87,6804,False,False,False
9636,78,88,6805,False,False,False
9637,78,89,6806,False,False,False
9638,78,90,6807,False,True,False
9639,78,91,6808,True,False,False
9640,78,92,6809,False,False,False
9641,78,93,6810,False,False,False
9642,78,94,6811,False,True,False
9643,78,95,6812,False,True,False
9644,78,96,6813,True,True,False
9645,78,97,6814,True,True,False
9646,78,98,6815,False,True,False
9647,78,99,6816,False,True,False
9648,78,100,6817,True,True,False
9649,78,101,6818,True,True,False
9650,78,102,6819,False,True,False
9651,78,103,6820,True,True,False
9652,78,104,6821,True,True,False
9653,78,105,6822,False,True,False
9654,78,106,6823,False,True,True
9655,78,107,6824,True,True,False
9656,78,108,6825,False,False,False
9657,78,109,6826,False,False,False
9658,78,110,6827,True,True,False
9659,78,111,6828,True,False,False
9660,78,112,6829,False,False,False
9661,78,113,6830,False,False,False
9662,78,114,6831,False,True,False
9663,78,115,6832,False,True,False
9664,78,116,6833,False,False,False
9665,78,117,6834,False,False,False
9666,78,118,6835,False,False,False
9667,78,119,6836,False,False,False
9668,78,120,6837,False,False,False
9681,79,9,6838,False,False,False
9682,79,10,6839,False,False,False
9683,79,11,6840,False,False,False
9684,79,12,6841,False,False,False
9685,79,13,6842,False,False,False
9686,79,14,6843,False,False,False
9687,79,15,6844,False,False,False
9688,79,16,6845,False,True,False
9689,79,17,6846,False,False,False
9690,79,18,6847,False,False,False
9691,79,19,6848,False,False,False
9692,79,20,6849,False,False,False
9693,79,21,6850,False,True,False
9694,79,22,6851,False,True,False
9695,79,23,6852,True,False,False
9696,79,24,6853,True,True,False
9697,79,25,6854,False,False,False
9698,79,26,6855,False,False,False
9699,79,27,6856,True,False,False
9700,79,28,6857,False,False,False
9701,79,29,6858,False,False,False
9702,79,30,6859,False,False,False
9703,79,31,6860,False,False,False
9704,79,32,6861,False,False,False
9705,79,33,6862,False,True,False
9706,79,34,6863,False,True,False
9707,79,35,6864,False,False,False
9708,79,36,6865,False,False,False
9709,79,37,6866,False,False,False
9710,79,38,6867,False,False,False
9711,79,39,6868,False,False,False
9712,79,40,6869,False,False,False
9713,79,41,6870,False,False,False
9714,79,42,6871,False,False,False
9715,79,43,6872,False,False,False
9716,79,44,6873,False,True,False
9717,79,45,6874,True,False,False
9718,79,46,6875,True,False,False
9719,79,47,6876,True,False,False
9720,79,48,6877,False,False,False
9721,79,49,6878,False,False,False
9722,79,50,6879,False,False,False
9723,79,51,6880,True,False,False
9724,79,52,6881,True,False,True
9725,79,53,6882,False,False,False
9726,79,54,6883,False,False,False
9727,79,55,6884,False,False,False
9728,79,56,6885,False,False,False
9729,79,57,6886,False,False,False
9730,79,58,6887,False,False,False
9731,79,59,6888,True,True,False
9732,79,60,6889,False,False,False
9733,79,61,6890,False,False,False
9734,79,62,6891,True,True,False
9735,79,63,6892,True,True,False
9736,79,64,6893,True,False,False
9737,79,65,6894,True,False,False
9738,79,66,6895,False,False,False
9739,79,67,6896,True,False,False
9740,79,68,6897,False,True,False
9741,79,69,6898,False,True,False
9742,79,70,6899,False,False,False
9743,79,71,6900,False,False,False
9744,79,72,6901,False,False,False
9745,79,73,6902,True,False,False
9746,79,74,6903,True,False,False
9747,79,75,6904,True,False,False
9748,79,76,6905,True,False,False
9749,79,77,6906,True,True,False
9750,79,78,6907,True,False,False
9751,79,79,6908,True,True,False
9752,79,80,6909,False,True,False
9753,79,81,6910,False,True,False
9754,79,82,6911,False,False,False
9755,79,83,6912,True,False,False
9756,79,84,6913,False,False,False
9757,79,85,6914,False,False,False
9758,79,86,6915,False,False,False
9759,79,87,6916,False,False,False
9760,79,88,6917,False,False,False
9761,79,89,6918,False,False,False
9762,79,90,6919,False,True,False
9763,79,91,6920,True,False,False
9764,79,92,6921,False,False,False
9765,79,93,6922,False,False,False
9766,79,94,6923,False,True,False
9767,79,95,6924,False,False,False
9768,79,96,6925,True,True,False
9769,79,97,6926,True,True,False
9770,79,98,6927,False,True,False
9771,79,99,6928,False,False,False
9772,79,100,6929,False,True,False
9773,79,101,6930,True,True,False
9774,79,102,6931,False,True,False
9775,79,103,6932,False,True,False
9776,79,104,6933,True,True,False
9777,79,105,6934,False,True,False
9778,79,106,6935,False,False,True
9779,79,107,6936,True,True,True
9780,79,108,6937,False,False,False
9781,79,109,6938,False,False,False
9782,79,110,6939,True,True,False
9783,79,111,6940,True,True,False
9784,79,112,6941,False,False,False
9785,79,113,6942,False,False,False
9786,79,114,6943,False,False,False
9787,79,115,6944,False,True,False
9788,79,116,6945,False,False,False
9789,79,117,6946,False,False,False
9790,79,118,6947,False,False,False
9791,79,119,6948,False,False,False
9792,79,120,6949,False,False,False
9805,80,9,6950,False,False,False
9806,80,10,6951,False,False,False
9807,80,11,6952,False,False,False
9808,80,12,6953,False,False,False
9809,80,13,6954,False,False,False
9810,80,14,6955,False,False,False
9811,80,15,6956,False,False,False
9812,80,16,6957,False,True,False
9813,80,17,6958,False,True,False
9814,80,18,6959,False,False,False
9815,80,19,6960,False,False,False
9816,80,20,6961,False,False,False
9817,80,21,6962,False,True,False
9818,80,22,6963,False,True,False
9819,80,23,6964,True,True,False
9820,80,24,6965,False,True,False
9821,80,25,6966,False,False,False
9822,80,26,6967,True,False,False
9823,80,27,6968,True,False,False
9824,80,28,6969,False,False,False
9825,80,29,6970,False,False,False
9826,80,30,6971,False,False,False
9827,80,31,6972,False,False,False
9828,80,32,6973,False,False,False
9829,80,33,6974,False,True,False
9830,80,34,6975,False,True,False
9831,80,35,6976,False,False,False
9832,80,36,6977,False,False,False
9833,80,37,6978,False,False,False
9834,80,38,6979,False,False,False
9835,80,39,6980,False,False,False
9836,80,40,6981,False,False,False
9837,80,41,6982,False,False,False
9838,80,42,6983,False,False,False
9839,80,43,6984,False,False,False
9840,80,44,6985,False,True,False
9841,80,45,6986,True,False,False
9842,80,46,6987,True,False,False
9843,80,47,6988,False,False,False
9844,80,48,6989,False,False,False
9845,80,49,6990,False,False,False
9846,80,50,6991,False,False,False
9847,80,51,6992,False,False,False
9848,80,52,6993,True,False,True
9849,80,53,6994,False,False,True
9850,80,54,6995,False,False,False
9851,80,55,6996,False,False,False
9852,80,56,6997,False,False,False
9853,80,57,6998,False,False,False
9854,80,58,6999,False,False,False
9855,80,59,7000,True,True,False
9856,80,60,7001,False,False,False
9857,80,61,7002,True,True,False
9858,80,62,7003,True,True,False
9859,80,63,7004,True,False,False
9860,80,64,7005,True,False,False
9861,80,65,7006,False,False,False
9862,80,66,7007,False,False,False
9863,80,67,7008,True,False,False
9864,80,68,7009,False,True,False
9865,80,69,7010,False,True,False
9866,80,70,7011,False,True,False
9867,80,71,7012,False,True,False
9868,80,72,7013,False,True,False
9869,80,73,7014,False,True,False
9870,80,74,7015,False,True,False
9871,80,75,7016,True,True,False
9872,80,76,7017,True,True,False
9873,80,77,7018,True,True,False
9874,80,78,7019,True,True,False
9875,80,79,7020,False,True,False
9876,80,80,7021,False,False,False
9877,80,81,7022,False,False,False
9878,80,82,7023,True,False,False
9879,80,83,7024,True,False,False
9880,80,84,7025,False,False,False
9881,80,85,7026,False,False,False
9882,80,86,7027,False,False,False
9883,80,87,7028,False,False,False
9884,80,88,7029,False,False,False
9885,80,89,7030,False,False,False
9886,80,90,7031,False,True,False
9887,80,91,7032,True,False,False
9888,80,92,7033,True,False,False
9889,80,93,7034,False,False,False
9890,80,94,7035,False,True,False
9891,80,95,7036,False,False,False
9892,80,96,7037,True,False,False
9893,80,97,7038,True,False,False
9894,80,98,7039,False,False,False
9895,80,99,7040,False,False,False
9896,80,100,7041,True,False,False
9897,80,101,7042,True,True,False
9898,80,102,7043,False,False,False
9899,80,103,7044,False,False,False
9900,80,104,7045,True,True,False
9901,80,105,7046,False,False,False
9902,80,106,7047,False,False,True
9903,80,107,7048,True,True,True
9904,80,108,7049,True,False,False
9905,80,109,7050,False,False,False
9906,80,110,7051,True,True,False
9907,80,111,7052,True,True,False
9908,80,112,7053,False,False,False
9909,80,113,7054,False,False,False
9910,80,114,7055,False,False,False
9911,80,115,7056,False,True,False
9912,80,116,7057,False,False,False
9913,80,117,7058,False,False,False
9914,80,118,7059,False,False,False
9915,80,119,7060,False,False,False
9916,80,120,7061,False,False,False
9929,81,9,7062,False,False,False
9930,81,10,7063,False,False,False
9931,81,11,7064,False,False,False
9932,81,12,7065,False,False,False
9933,81,13,7066,False,False,False
9934,81,14,7067,False,False,False
9935,81,15,7068,False,False,False
9936,81,16,7069,True,False,False
9937,81,17,7070,True,True,False
9938,81,18,7071,True,True,False
9939,81,19,7072,False,True,False
9940,81,20,7073,False,True,False
9941,81,21,7074,False,True,False
9942,81,22,7075,True,False,False
9943,81,23,7076,True,True,False
9944,81,24,7077,False,False,False
9945,81,25,7078,False,False,False
9946,81,26,7079,True,True,False
9947,81,27,7080,True,True,False
9948,81,28,7081,True,False,False
9949,81,29,7082,False,False,False
9950,81,30,7083,False,False,False
9951,81,31,7084,False,False,False
9952,81,32,7085,False,False,False
9953,81,33,7086,False,True,False
9954,81,34,7087,False,True,False
9955,81,35,7088,False,True,False
9956,81,36,7089,False,False,False
9957,81,37,7090,False,False,False
9958,81,38,7091,False,False,False
9959,81,39,7092,False,False,False
9960,81,40,7093,False,False,False
9961,81,41,7094,False,False,False
9962,81,42,7095,False,False,False
9963,81,43,7096,False,False,False
9964,81,44,7097,False,True,False
9965,81,45,7098,True,True,False
9966,81,46,7099,True,False,False
9967,81,47,7100,True,False,False
9968,81,48,7101,True,False,False
9969,81,49,7102,False,False,False
9970,81,50,7103,False,False,False
9971,81,51,7104,False,False,False
9972,81,52,7105,True,False,False
9973,81,53,7106,False,False,True
9974,81,54,7107,False,False,True
9975,81,55,7108,False,False,False
9976,81,56,7109,False,False,False
9977,81,57,7110,False,False,False
9978,81,58,7111,False,False,False
9979,81,59,7112,True,True,False
9980,81,60,7113,True,True,False
9981,81,61,7114,True,True,False
9982,81,62,7115,True,False,False
9983,81,63,7116,True,False,False
9984,81,64,7117,False,False,False
9985,81,65,7118,False,False,False
9986,81,66,7119,True,True,False
9987,81,67,7120,True,True,False
9988,81,68,7121,False,True,False
9989,81,69,7122,False,True,False
9990,81,70,7123,False,False,False
9991,81,71,7124,False,False,False
9992,81,72,7125,False,False,False
9993,81,73,7126,True,False,False
9994,81,74,7127,True,False,False
9995,81,75,7128,True,False,False
9996,81,76,7129,True,False,False
9997,81,77,7130,False,False,False
9998,81,78,7131,False,False,False
9999,81,79,7132,False,False,False
10000,81,80,7133,False,False,False
10001,81,81,7134,False,False,False
10002,81,82,7135,True,False,False
10003,81,83,7136,True,False,False
10004,81,84,7137,False,False,False
10005,81,85,7138,False,False,False
10006,81,86,7139,False,False,False
10007,81,87,7140,False,False,False
10008,81,88,7141,False,False,False
10009,81,89,7142,False,False,False
10010,81,90,7143,False,True,False
10011,81,91,7144,False,False,False
10012,81,92,7145,True,False,False
10013,81,93,7146,False,False,False
10014,81,94,7147,True,True,False
10015,81,95,7148,True,False,False
10016,81,96,7149,True,False,False
10017,81,97,7150,False,False,False
10018,81,98,7151,False,False,False
10019,81,99,7152,False,False,False
10020,81,100,7153,False,False,False
10021,81,101,7154,True,True,False
10022,81,102,7155,False,False,False
10023,81,103,7156,False,False,False
10024,81,104,7157,True,True,False
10025,81,105,7158,True,False,False
10026,81,106,7159,False,False,True
10027,81,107,7160,True,True,True
10028,81,108,7161,True,True,False
10029,81,109,7162,True,True,False
10030,81,110,7163,True,True,False
10031,81,111,7164,False,False,False
10032,81,112,7165,False,False,False
10033,81,113,7166,False,False,False
10034,81,114,7167,False,True,False
10035,81,115,7168,False,True,False
10036,81,116,7169,False,False,False
10037,81,117,7170,True,False,False
10038,81,118,7171,False,False,False
10039,81,119,7172,False,False,False
10040,81,120,7173,False,False,False
10041,81,121,7174,False,False,False
10053,82,9,7175,False,False,False
10054,82,10,7176,False,False,False
10055,82,11,7177,False,False,False
10056,82,12,7178,False,False,False
10057,82,13,7179,False,False,False
10058,82,14,7180,False,False,False
10059,82,15,7181,True,False,False
10060,82,16,7182,True,False,False
10061,82,17,7183,False,False,False
10062,82,18,7184,True,False,False
10063,82,19,7185,True,True,False
10064,82,20,7186,True,True,False
10065,82,21,7187,False,True,False
10066,82,22,7188,True,True,False
10067,82,23,7189,False,True,False
10068,82,24,7190,True,False,False
10069,82,25,7191,True,True,False
10070,82,26,7192,True,True,False
10071,82,27,7193,True,True,False
10072,82,28,7194,True,True,False
10073,82,29,7195,True,False,False
10074,82,30,7196,True,False,False
10075,82,31,7197,False,False,False
10076,82,32,7198,False,True,False
10077,82,33,7199,False,True,False
10078,82,34,7200,False,False,False
10079,82,35,7201,False,True,False
10080,82,36,7202,False,True,False
10081,82,37,7203,False,False,False
10082,82,38,7204,False,False,False
10083,82,39,7205,False,False,False
10084,82,40,7206,False,False,False
10085,82,41,7207,False,False,False
10086,82,42,7208,False,False,False
10087,82,43,7209,False,False,False
10088,82,44,7210,True,False,False
10089,82,45,7211,True,True,False
10090,82,46,7212,False,True,False
10091,82,47,7213,False,False,False
10092,82,48,7214,True,False,False
10093,82,49,7215,False,False,False
10094,82,50,7216,False,False,False
10095,82,51,7217,False,False,False
10096,82,52,7218,True,False,False
10097,82,53,7219,True,False,True
10098,82,54,7220,False,False,True
10099,82,55,7221,False,False,False
10100,82,56,7222,False,False,False
10101,82,57,7223,False,False,False
10102,82,58,7224,False,False,False
10103,82,59,7225,True,False,False
10104,82,60,7226,True,True,False
10105,82,61,7227,True,True,False
10106,82,62,7228,True,False,False
10107,82,63,7229,False,False,False
10108,82,64,7230,False,True,False
10109,82,65,7231,False,True,False
10110,82,66,7232,True,True,False
10111,82,67,7233,False,False,False
10112,82,68,7234,False,True,False
10113,82,69,7235,False,True,False
10114,82,70,7236,False,True,False
10115,82,71,7237,False,False,False
10116,82,72,7238,False,False,False
10117,82,73,7239,True,False,False
10118,82,74,7240,False,False,False
10119,82,75,7241,False,False,False
10120,82,76,7242,True,False,False
10121,82,77,7243,False,False,False
10122,82,78,7244,False,False,False
10123,82,79,7245,False,False,False
10124,82,80,7246,False,False,False
10125,82,81,7247,False,False,False
10126,82,82,7248,True,False,False
10127,82,83,7249,False,False,False
10128,82,84,7250,False,False,False
10129,82,85,7251,False,False,False
10130,82,86,7252,False,False,False
10131,82,87,7253,False,False,False
10132,82,88,7254,False,False,False
10133,82,89,7255,False,True,False
10134,82,90,7256,False,True,False
10135,82,91,7257,False,True,False
10136,82,92,7258,True,True,False
10137,82,93,7259,True,True,False
10138,82,94,7260,True,True,False
10139,82,95,7261,False,False,False
10140,82,96,7262,False,False,False
10141,82,97,7263,False,False,False
10142,82,98,7264,False,False,False
10143,82,99,7265,False,True,False
10144,82,100,7266,False,True,False
10145,82,101,7267,True,True,False
10146,82,102,7268,False,False,False
10147,82,103,7269,False,False,False
10148,82,104,7270,True,True,False
10149,82,105,7271,True,False,False
10150,82,106,7272,False,False,False
10151,82,107,7273,True,True,True
10152,82,108,7274,True,True,False
10153,82,109,7275,False,False,False
10154,82,110,7276,True,True,False
10155,82,111,7277,True,False,False
10156,82,112,7278,False,False,False
10157,82,113,7279,False,True,False
10158,82,114,7280,False,True,False
10159,82,115,7281,False,False,False
10160,82,116,7282,False,False,False
10161,82,117,7283,True,False,False
10162,82,118,7284,True,False,False
10163,82,119,7285,True,False,False
10164,82,120,7286,True,False,False
10165,82,121,7287,True,False,False
10177,83,9,7288,False,False,False
10178,83,10,7289,False,False,False
10179,83,11,7290,False,False,False
10180,83,12,7291,False,False,False
10181,83,13,7292,False,False,False
10182,83,14,7293,True,False,False
10183,83,15,7294,True,False,False
10184,83,16,7295,False,False,False
10185,83,17,7296,False,False,False
10186,83,18,7297,False,False,False
10187,83,19,7298,False,False,False
10188,83,20,7299,True,False,False
10189,83,21,7300,True,False,False
10190,83,22,7301,True,True,False
10191,83,23,7302,True,True,False
10192,83,24,7303,True,True,False
10193,83,25,7304,False,True,False
10194,83,26,7305,False,False,False
10195,83,27,7306,True,False,False
10196,83,28,7307,False,True,False
10197,83,29,7308,False,True,False
10198,83,30,7309,True,True,False
10199,83,31,7310,True,True,False
10200,83,32,7311,True,True,False
10201,83,33,7312,False,False,False
10202,83,34,7313,False,False,False
10203,83,35,7314,False,False,False
10204,83,36,7315,False,True,False
10205,83,37,7316,False,True,False
10206,83,38,7317,False,False,False
10207,83,39,7318,False,False,False
10208,83,40,7319,True,False,False
10209,83,41,7320,True,False,False
10210,83,42,7321,True,False,False
10211,83,43,7322,True,False,False
10212,83,44,7323,True,False,False
10213,83,45,7324,False,False,False
10214,83,46,7325,False,True,False
10215,83,47,7326,False,False,False
10216,83,48,7327,True,False,False
10217,83,49,7328,False,False,False
10218,83,50,7329,False,False,False
10219,83,51,7330,False,False,False
10220,83,52,7331,False,False,False
10221,83,53,7332,True,False,True
10222,83,54,7333,False,False,False
10223,83,55,7334,False,False,False
10224,83,56,7335,False,False,False
10225,83,57,7336,False,False,False
10226,83,58,7337,True,False,False
10227,83,59,7338,True,True,False
10228,83,60,7339,True,True,False
10229,83,61,7340,True,True,False
10230,83,62,7341,True,True,False
10231,83,63,7342,False,True,False
10232,83,64,7343,False,True,False
10233,83,65,7344,False,False,False
10234,83,66,7345,True,True,False
10235,83,67,7346,True,True,False
10236,83,68,7347,False,False,False
10237,83,69,7348,False,False,False
10238,83,70,7349,False,True,False
10239,83,71,7350,False,True,False
10240,83,72,7351,True,False,False
10241,83,73,7352,True,False,False
10242,83,74,7353,False,False,False
10243,83,75,7354,False,False,False
10244,83,76,7355,True,False,False
10245,83,77,7356,True,False,False
10246,83,78,7357,False,False,False
10247,83,79,7358,False,False,False
10248,83,80,7359,False,False,False
10249,83,81,7360,False,False,False
10250,83,82,7361,True,False,False
10251,83,83,7362,False,False,False
10252,83,84,7363,False,False,False
10253,83,85,7364,False,False,False
10254,83,86,7365,False,False,False
10255,83,87,7366,False,False,False
10256,83,88,7367,False,False,False
10257,83,89,7368,False,True,False
10258,83,90,7369,False,True,False
10259,83,91,7370,False,True,False
10260,83,92,7371,True,True,False
10261,83,93,7372,True,True,False
10262,83,94,7373,False,False,False
10263,83,95,7374,False,False,False
10264,83,96,7375,False,False,False
10265,83,97,7376,False,False,False
10266,83,98,7377,False,True,False
10267,83,99,7378,False,True,False
10268,83,100,7379,False,False,False
10269,83,101,7380,True,False,False
10270,83,102,7381,True,False,False
10271,83,103,7382,False,False,False
10272,83,104,7383,True,True,False
10273,83,105,7384,True,False,False
10274,83,106,7385,False,False,False
10275,83,107,7386,False,False,True
10276,83,108,7387,True,True,False
10277,83,109,7388,False,False,False
10278,83,110,7389,True,True,False
10279,83,111,7390,True,True,False
10280,83,112,7391,True,True,False
10281,83,113,7392,True,True,False
10282,83,114,7393,False,False,False
10283,83,115,7394,False,False,False
10284,83,116,7395,False,False,False
10285,83,117,7396,False,False,False
10286,83,118,7397,False,False,False
10287,83,119,7398,True,False,False
10288,83,120,7399,True,False,False
10289,83,121,7400,False,False,False
10301,84,9,7401,True,False,False
10302,84,10,7402,False,False,False
10303,84,11,7403,False,False,False
10304,84,12,7404,False,False,False
10305,84,13,7405,True,False,False
10306,84,14,7406,True,False,False
10307,84,15,7407,False,False,False
10308,84,16,7408,False,False,False
10309,84,17,7409,False,False,False
10310,84,18,7410,False,False,False
10311,84,19,7411,False,False,False
10312,84,20,7412,False,False,False
10313,84,21,7413,True,True,False
10314,84,22,7414,True,True,False
10315,84,23,7415,True,True,False
10316,84,24,7416,False,False,False
10317,84,25,7417,False,False,False
10318,84,26,7418,False,False,False
10319,84,27,7419,True,False,False
10320,84,28,7420,False,False,False
10321,84,29,7421,False,False,False
10322,84,30,7422,False,False,False
10323,84,31,7423,False,True,False
10324,84,32,7424,True,False,False
10325,84,33,7425,True,False,False
10326,84,34,7426,True,False,False
10327,84,35,7427,True,False,False
10328,84,36,7428,True,False,False
10329,84,37,7429,True,True,False
10330,84,38,7430,True,True,False
10331,84,39,7431,True,False,False
10332,84,40,7432,True,False,False
10333,84,41,7433,False,False,False
10334,84,42,7434,True,False,False
10335,84,43,7435,True,False,False
10336,84,44,7436,True,False,False
10337,84,45,7437,True,False,False
10338,84,46,7438,True,True,False
10339,84,47,7439,False,True,False
10340,84,48,7440,True,False,False
10341,84,49,7441,False,False,False
10342,84,50,7442,True,False,False
10343,84,51,7443,True,False,False
10344,84,52,7444,True,False,False
10345,84,53,7445,True,False,True
10346,84,54,7446,True,False,False
10347,84,55,7447,True,False,False
10348,84,56,7448,True,False,False
10349,84,57,7449,True,False,False
10350,84,58,7450,True,True,False
10351,84,59,7451,False,True,False
10352,84,60,7452,True,False,False
10353,84,61,7453,True,False,False
10354,84,62,7454,True,True,False
10355,84,63,7455,True,True,False
10356,84,64,7456,False,False,False
10357,84,65,7457,False,False,False
10358,84,66,7458,False,False,False
10359,84,67,7459,True,True,False
10360,84,68,7460,False,False,False
10361,84,69,7461,False,False,False
10362,84,70,7462,True,False,False
10363,84,71,7463,True,True,False
10364,84,72,7464,True,True,False
10365,84,73,7465,False,False,False
10366,84,74,7466,False,False,False
10367,84,75,7467,False,False,False
10368,84,76,7468,True,False,False
10369,84,77,7469,True,False,False
10370,84,78,7470,False,False,False
10371,84,79,7471,False,False,False
10372,84,80,7472,False,False,False
10373,84,81,7473,False,False,False
10374,84,82,7474,True,False,False
10375,84,83,7475,False,False,False
10376,84,84,7476,False,False,False
10377,84,85,7477,False,False,False
10378,84,86,7478,False,False,False
10379,84,87,7479,False,False,False
10380,84,88,7480,False,True,False
10381,84,89,7481,False,True,False
10382,84,90,7482,False,True,False
10383,84,91,7483,False,True,False
10384,84,92,7484,True,True,False
10385,84,93,7485,True,True,False
10386,84,94,7486,False,False,False
10387,84,95,7487,False,False,False
10388,84,96,7488,False,False,False
10389,84,97,7489,False,False,False
10390,84,98,7490,False,True,False
10391,84,99,7491,False,False,False
10392,84,100,7492,False,False,False
10393,84,101,7493,False,False,False
10394,84,102,7494,True,False,False
10395,84,103,7495,False,False,False
10396,84,104,7496,True,True,False
10397,84,105,7497,True,False,False
10398,84,106,7498,False,False,False
10399,84,107,7499,False,False,True
10400,84,108,7500,True,True,False
10401,84,109,7501,False,True,False
10402,84,110,7502,True,True,False
10403,84,111,7503,False,True,False
10404,84,112,7504,False,False,False
10405,84,113,7505,True,True,False
10406,84,114,7506,False,False,False
10407,84,115,7507,False,False,False
10408,84,116,7508,False,False,False
10409,84,117,7509,False,False,False
10410,84,118,7510,False,False,False
10411,84,119,7511,False,False,False
10412,84,120,7512,False,False,False
10413,84,121,7513,True,True,False
10425,85,9,7514,True,False,False
10426,85,10,7515,True,False,False
10427,85,11,7516,False,False,False
10428,85,12,7517,True,False,False
10429,85,13,7518,True,False,False
10430,85,14,7519,False,False,False
10431,85,15,7520,False,False,False
10432,85,16,7521,False,False,False
10433,85,17,7522,False,False,False
10434,85,18,7523,False,False,False
10435,85,19,7524,False,False,False
10436,85,20,7525,True,True,False
10437,85,21,7526,True,True,False
10438,85,22,7527,False,False,False
10439,85,23,7528,True,True,False
10440,85,24,7529,True,False,False
10441,85,25,7530,False,False,False
10442,85,26,7531,False,False,False
10443,85,27,7532,True,False,False
10444,85,28,7533,False,False,False
10445,85,29,7534,False,False,False
10446,85,30,7535,False,False,False
10447,85,31,7536,False,False,False
10448,85,32,7537,False,False,False
10449,85,33,7538,False,False,False
10450,85,34,7539,False,False,False
10451,85,35,7540,False,False,False
10452,85,36,7541,False,False,False
10453,85,37,7542,False,False,False
10454,85,38,7543,False,True,False
10455,85,39,7544,False,True,False
10456,85,40,7545,False,False,False
10457,85,41,7546,False,False,False
10458,85,42,7547,False,False,False
10459,85,43,7548,True,False,False
10460,85,44,7549,False,False,False
10461,85,45,7550,False,False,False
10462,85,46,7551,True,False,False
10463,85,47,7552,True,True,False
10464,85,48,7553,True,True,False
10465,85,49,7554,True,False,False
10466,85,50,7555,True,False,False
10467,85,51,7556,False,False,False
10468,85,52,7557,True,False,False
10469,85,53,7558,True,False,True
10470,85,54,7559,False,False,False
10471,85,55,7560,False,False,False
10472,85,56,7561,True,False,False
10473,85,57,7562,True,True,False
10474,85,58,7563,False,True,False
10475,85,59,7564,False,False,False
10476,85,60,7565,True,False,False
10477,85,61,7566,False,False,False
10478,85,62,7567,False,True,False
10479,85,63,7568,True,False,False
10480,85,64,7569,False,False,False
10481,85,65,7570,False,False,False
10482,85,66,7571,False,False,False
10483,85,67,7572,True,True,False
10484,85,68,7573,False,False,False
10485,85,69,7574,True,False,False
10486,85,70,7575,True,False,False
10487,85,71,7576,False,False,False
10488,85,72,7577,True,True,False
10489,85,73,7578,False,True,False
10490,85,74,7579,False,True,False
10491,85,75,7580,False,False,False
10492,85,76,7581,True,False,False
10493,85,77,7582,True,False,False
10494,85,78,7583,False,False,False
10495,85,79,7584,False,False,False
10496,85,80,7585,False,False,False
10497,85,81,7586,False,False,False
10498,85,82,7587,True,False,False
10499,85,83,7588,False,False,False
10500,85,84,7589,False,False,False
10501,85,85,7590,False,False,False
10502,85,86,7591,False,True,False
10503,85,87,7592,False,True,False
10504,85,88,7593,False,True,False
10505,85,89,7594,False,True,False
10506,85,90,7595,False,False,False
10507,85,91,7596,False,False,False
10508,85,92,7597,True,False,False
10509,85,93,7598,False,True,False
10510,85,94,7599,False,True,False
10511,85,95,7600,False,False,False
10512,85,96,7601,False,False,False
10513,85,97,7602,False,False,False
10514,85,98,7603,False,True,False
10515,85,99,7604,False,False,False
10516,85,100,7605,False,False,False
10517,85,101,7606,False,False,False
10518,85,102,7607,True,False,False
10519,85,103,7608,True,False,False
10520,85,104,7609,True,True,False
10521,85,105,7610,True,False,False
10522,85,106,7611,True,False,True
10523,85,107,7612,True,True,True
10524,85,108,7613,True,True,False
10525,85,109,7614,True,True,False
10526,85,110,7615,True,False,False
10527,85,111,7616,False,False,False
10528,85,112,7617,False,False,False
10529,85,113,7618,True,True,False
10530,85,114,7619,True,True,False
10531,85,115,7620,False,False,False
10532,85,116,7621,False,False,False
10533,85,117,7622,False,False,False
10534,85,118,7623,True,False,False
10535,85,119,7624,True,False,False
10536,85,120,7625,True,False,False
10537,85,121,7626,True,True,False
10538,85,122,7627,False,False,False
10549,86,9,7628,False,False,False
10550,86,10,7629,True,False,False
10551,86,11,7630,True,False,False
10552,86,12,7631,True,False,False
10553,86,13,7632,True,False,False
10554,86,14,7633,False,False,False
10555,86,15,7634,False,False,False
10556,86,16,7635,False,False,False
10557,86,17,7636,False,False,False
10558,86,18,7637,False,False,False
10559,86,19,7638,False,True,False
10560,86,20,7639,True,True,False
10561,86,21,7640,False,False,False
10562,86,22,7641,False,False,False
10563,86,23,7642,False,True,False
10564,86,24,7643,True,True,False
10565,86,25,7644,False,False,False
10566,86,26,7645,False,False,False
10567,86,27,7646,True,False,False
10568,86,28,7647,False,False,False
10569,86,29,7648,False,False,False
10570,86,30,7649,False,False,False
10571,86,31,7650,False,False,False
10572,86,32,7651,False,False,False
10573,86,33,7652,False,False,False
10574,86,34,7653,False,False,False
10575,86,35,7654,False,False,False
10576,86,36,7655,False,False,False
10577,86,37,7656,False,False,False
10578,86,38,7657,False,False,False
10579,86,39,7658,False,True,False
10580,86,40,7659,False,True,False
10581,86,41,7660,False,True,False
10582,86,42,7661,True,False,False
10583,86,43,7662,True,False,False
10584,86,44,7663,False,False,False
10585,86,45,7664,False,False,False
10586,86,46,7665,True,False,False
10587,86,47,7666,True,False,False
10588,86,48,7667,True,True,False
10589,86,49,7668,False,False,False
10590,86,50,7669,False,False,False
10591,86,51,7670,False,False,False
10592,86,52,7671,True,False,False
10593,86,53,7672,False,False,True
10594,86,54,7673,False,False,False
10595,86,55,7674,False,False,False
10596,86,56,7675,True,False,False
10597,86,57,7676,True,True,False
10598,86,58,7677,True,False,False
10599,86,59,7678,True,False,False
10600,86,60,7679,True,False,False
10601,86,61,7680,False,True,False
10602,86,62,7681,False,True,False
10603,86,63,7682,True,False,False
10604,86,64,7683,False,False,False
10605,86,65,7684,False,False,False
10606,86,66,7685,False,True,False
10607,86,67,7686,True,True,False
10608,86,68,7687,True,False,False
10609,86,69,7688,True,False,False
10610,86,70,7689,False,False,False
10611,86,71,7690,False,False,False
10612,86,72,7691,True,True,False
10613,86,73,7692,False,True,False
10614,86,74,7693,False,True,False
10615,86,75,7694,False,True,False
10616,86,76,7695,True,False,False
10617,86,77,7696,True,False,False
10618,86,78,7697,True,True,False
10619,86,79,7698,False,True,False
10620,86,80,7699,False,True,False
10621,86,81,7700,True,True,False
10622,86,82,7701,True,True,False
10623,86,83,7702,False,True,False
10624,86,84,7703,False,True,False
10625,86,85,7704,False,True,False
10626,86,86,7705,False,True,False
10627,86,87,7706,False,True,False
10628,86,88,7707,False,True,False
10629,86,89,7708,False,False,False
10630,86,90,7709,False,False,False
10631,86,91,7710,False,False,False
10632,86,92,7711,True,False,False
10633,86,93,7712,False,False,False
10634,86,94,7713,False,True,False
10635,86,95,7714,False,True,False
10636,86,96,7715,False,True,False
10637,86,97,7716,False,True,False
10638,86,98,7717,False,True,False
10639,86,99,7718,False,False,False
10640,86,100,7719,False,False,False
10641,86,101,7720,False,False,False
10642,86,102,7721,False,False,False
10643,86,103,7722,True,False,False
10644,86,104,7723,True,True,False
10645,86,105,7724,False,True,True
10646,86,106,7725,True,False,True
10647,86,107,7726,True,True,False
10648,86,108,7727,False,True,False
10649,86,109,7728,True,True,False
10650,86,110,7729,False,False,False
10651,86,111,7730,False,False,False
10652,86,112,7731,False,False,False
10653,86,113,7732,False,False,False
10654,86,114,7733,True,True,False
10655,86,115,7734,False,False,False
10656,86,116,7735,True,False,False
10657,86,117,7736,True,False,False
10658,86,118,7737,True,False,False
10659,86,119,7738,False,False,False
10660,86,120,7739,False,False,False
10661,86,121,7740,False,False,False
10662,86,122,7741,False,False,False
10673,87,9,7742,False,False,False
10674,87,10,7743,False,False,False
10675,87,11,7744,False,False,False
10676,87,12,7745,False,False,False
10677,87,13,7746,True,False,False
10678,87,14,7747,True,False,False
10679,87,15,7748,True,False,False
10680,87,16,7749,False,False,False
10681,87,17,7750,False,False,False
10682,87,18,7751,False,True,False
10683,87,19,7752,False,True,False
10684,87,20,7753,True,False,False
10685,87,21,7754,False,False,False
10686,87,22,7755,False,False,False
10687,87,23,7756,False,False,False
10688,87,24,7757,True,True,False
10689,87,25,7758,True,True,False
10690,87,26,7759,False,False,False
10691,87,27,7760,True,False,False
10692,87,28,7761,False,False,False
10693,87,29,7762,False,False,False
10694,87,30,7763,False,False,False
10695,87,31,7764,False,False,False
10696,87,32,7765,False,False,False
10697,87,33,7766,False,False,False
10698,87,34,7767,False,False,False
10699,87,35,7768,False,False,False
10700,87,36,7769,False,False,False
10701,87,37,7770,False,False,False
10702,87,38,7771,False,False,False
10703,87,39,7772,False,False,False
10704,87,40,7773,False,False,False
10705,87,41,7774,False,True,False
10706,87,42,7775,True,False,False
10707,87,43,7776,True,False,False
10708,87,44,7777,True,False,False
10709,87,45,7778,True,False,False
10710,87,46,7779,True,False,False
10711,87,47,7780,False,False,False
10712,87,48,7781,True,True,False
10713,87,49,7782,True,False,False
10714,87,50,7783,False,False,False
10715,87,51,7784,True,False,False
10716,87,52,7785,True,False,True
10717,87,53,7786,False,False,True
10718,87,54,7787,False,False,False
10719,87,55,7788,False,False,False
10720,87,56,7789,True,False,False
10721,87,57,7790,False,True,False
10722,87,58,7791,False,False,False
10723,87,59,7792,True,False,False
10724,87,60,7793,True,True,False
10725,87,61,7794,False,True,False
10726,87,62,7795,False,True,False
10727,87,63,7796,True,False,False
10728,87,64,7797,False,False,False
10729,87,65,7798,True,False,False
10730,87,66,7799,True,True,False
10731,87,67,7800,True,False,False
10732,87,68,7801,False,False,False
10733,87,69,7802,False,False,False
10734,87,70,7803,False,False,False
10735,87,71,7804,False,False,False
10736,87,72,7805,True,False,False
10737,87,73,7806,False,True,False
10738,87,74,7807,False,False,False
10739,87,75,7808,True,True,False
10740,87,76,7809,True,True,False
10741,87,77,7810,False,True,False
10742,87,78,7811,True,True,False
10743,87,79,7812,True,False,False
10744,87,80,7813,True,False,False
10745,87,81,7814,True,False,False
10746,87,82,7815,False,False,False
10747,87,83,7816,False,False,False
10748,87,84,7817,False,False,False
10749,87,85,7818,False,False,False
10750,87,86,7819,False,False,False
10751,87,87,7820,False,True,False
10752,87,88,7821,False,False,False
10753,87,89,7822,False,False,False
10754,87,90,7823,False,False,False
10755,87,91,7824,True,False,False
10756,87,92,7825,True,False,False
10757,87,93,7826,False,True,False
10758,87,94,7827,False,True,False
10759,87,95,7828,False,True,False
10760,87,96,7829,False,True,False
10761,87,97,7830,False,True,False
10762,87,98,7831,False,True,False
10763,87,99,7832,False,True,False
10764,87,100,7833,False,False,False
10765,87,101,7834,False,False,False
10766,87,102,7835,True,False,False
10767,87,103,7836,True,False,False
10768,87,104,7837,True,True,False
10769,87,105,7838,False,True,True
10770,87,106,7839,True,True,True
10771,87,107,7840,True,True,False
10772,87,108,7841,True,False,False
10773,87,109,7842,True,False,False
10774,87,110,7843,False,False,False
10775,87,111,7844,False,False,False
10776,87,112,7845,False,False,False
10777,87,113,7846,False,False,False
10778,87,114,7847,True,True,False
10779,87,115,7848,False,True,False
10780,87,116,7849,True,False,False
10781,87,117,7850,False,False,False
10782,87,118,7851,False,False,False
10783,87,119,7852,False,False,False
10784,87,120,7853,False,False,False
10785,87,121,7854,False,False,False
10786,87,122,7855,False,False,False
10797,88,9,7856,False,False,False
10798,88,10,7857,False,False,False
10799,88,11,7858,False,False,False
10800,88,12,7859,False,False,False
10801,88,13,7860,False,False,False
10802,88,14,7861,False,False,False
10803,88,15,7862,True,False,False
10804,88,16,7863,True,False,False
10805,88,17,7864,True,False,False
10806,88,18,7865,True,True,False
10807,88,19,7866,True,True,False
10808,88,20,7867,True,False,False
10809,88,21,7868,False,False,False
10810,88,22,7869,False,False,False
10811,88,23,7870,False,False,False
10812,88,24,7871,True,False,False
10813,88,25,7872,True,True,False
10814,88,26,7873,True,False,False
10815,88,27,7874,True,False,False
10816,88,28,7875,False,False,False
10817,88,29,7876,False,False,False
10818,88,30,7877,False,False,False
10819,88,31,7878,False,False,False
10820,88,32,7879,False,False,False
10821,88,33,7880,False,False,False
10822,88,34,7881,False,False,False
10823,88,35,7882,False,False,False
10824,88,36,7883,False,False,False
10825,88,37,7884,False,False,False
10826,88,38,7885,False,False,False
10827,88,39,7886,False,False,False
10828,88,40,7887,False,False,False
10829,88,41,7888,True,True,False
10830,88,42,7889,True,True,False
10831,88,43,7890,True,True,False
10832,88,44,7891,False,False,False
10833,88,45,7892,False,False,False
10834,88,46,7893,False,False,False
10835,88,47,7894,False,False,False
10836,88,48,7895,False,True,False
10837,88,49,7896,True,False,False
10838,88,50,7897,True,False,False
10839,88,51,7898,True,False,True
10840,88,52,7899,False,False,True
10841,88,53,7900,False,False,False
10842,88,54,7901,False,False,False
10843,88,55,7902,False,False,False
10844,88,56,7903,True,False,False
10845,88,57,7904,False,True,False
10846,88,58,7905,False,False,False
10847,88,59,7906,True,False,False
10848,88,60,7907,True,True,False
10849,88,61,7908,True,False,False
10850,88,62,7909,False,True,False
10851,88,63,7910,True,False,False
10852,88,64,7911,True,False,False
10853,88,65,7912,True,False,False
10854,88,66,7913,False,True,False
10855,88,67,7914,False,False,False
10856,88,68,7915,False,False,False
10857,88,69,7916,False,False,False
10858,88,70,7917,False,False,False
10859,88,71,7918,False,False,False
10860,88,72,7919,True,False,False
10861,88,73,7920,False,True,False
10862,88,74,7921,False,True,False
10863,88,75,7922,True,True,False
10864,88,76,7923,False,True,False
10865,88,77,7924,False,False,False
10866,88,78,7925,False,False,False
10867,88,79,7926,True,False,False
10868,88,80,7927,True,False,False
10869,88,81,7928,True,False,False
10870,88,82,7929,False,False,False
10871,88,83,7930,False,False,False
10872,88,84,7931,False,False,False
10873,88,85,7932,False,False,False
10874,88,86,7933,False,False,False
10875,88,87,7934,False,True,False
10876,88,88,7935,False,False,False
10877,88,89,7936,False,False,False
10878,88,90,7937,False,False,False
10879,88,91,7938,True,False,False
10880,88,92,7939,False,False,False
10881,88,93,7940,False,True,False
10882,88,94,7941,False,False,False
10883,88,95,7942,False,False,False
10884,88,96,7943,False,False,False
10885,88,97,7944,True,False,False
10886,88,98,7945,True,False,False
10887,88,99,7946,True,True,False
10888,88,100,7947,True,True,False
10889,88,101,7948,True,True,False
10890,88,102,7949,True,False,False
10891,88,103,7950,True,False,False
10892,88,104,7951,True,True,False
10893,88,105,7952,False,True,True
10894,88,106,7953,True,True,False
10895,88,107,7954,False,False,False
10896,88,108,7955,False,False,False
10897,88,109,7956,True,False,False
10898,88,110,7957,True,False,False
10899,88,111,7958,True,False,False
10900,88,112,7959,False,False,False
10901,88,113,7960,True,False,False
10902,88,114,7961,True,True,False
10903,88,115,7962,True,True,False
10904,88,116,7963,True,True,False
10905,88,117,7964,False,False,False
10906,88,118,7965,False,False,False
10907,88,119,7966,False,False,False
10908,88,120,7967,False,False,False
10909,88,121,7968,False,False,False
10910,88,122,7969,False,False,False
10911,88,123,7970,False,False,False
10921,89,9,7971,False,False,False
10922,89,10,7972,False,False,False
10923,89,11,7973,False,True,False
10924,89,12,7974,False,True,False
10925,89,13,7975,False,True,False
10926,89,14,7976,False,True,False
10927,89,15,7977,False,True,False
10928,89,16,7978,False,True,False
10929,89,17,7979,False,True,False
10930,89,18,7980,False,True,False
10931,89,19,7981,True,True,False
10932,89,20,7982,True,False,False
10933,89,21,7983,True,False,False
10934,89,22,7984,False,False,False
10935,89,23,7985,False,False,False
10936,89,24,7986,False,False,False
10937,89,25,7987,True,True,False
10938,89,26,7988,True,False,False
10939,89,27,7989,False,False,False
10940,89,28,7990,False,False,False
10941,89,29,7991,False,False,False
10942,89,30,7992,False,False,False
10943,89,31,7993,False,False,False
10944,89,32,7994,False,False,False
10945,89,33,7995,False,False,False
10946,89,34,7996,False,False,False
10947,89,35,7997,False,False,False
10948,89,36,7998,False,False,False
10949,89,37,7999,False,False,False
10950,89,38,8000,False,False,False
10951,89,39,8001,False,False,False
10952,89,40,8002,False,False,False
10953,89,41,8003,True,False,False
10954,89,42,8004,True,False,False
10955,89,43,8005,False,True,False
10956,89,44,8006,False,True,False
10957,89,45,8007,False,False,False
10958,89,46,8008,False,False,False
10959,89,47,8009,False,False,False
10960,89,48,8010,False,True,False
10961,89,49,8011,False,False,False
10962,89,50,8012,False,False,False
10963,89,51,8013,True,False,True
10964,89,52,8014,False,False,True
10965,89,53,8015,False,False,False
10966,89,54,8016,False,False,False
10967,89,55,8017,False,False,False
10968,89,56,8018,True,False,False
10969,89,57,8019,False,True,False
10970,89,58,8020,True,False,False
10971,89,59,8021,True,True,False
10972,89,60,8022,False,True,False
10973,89,61,8023,True,True,False
10974,89,62,8024,True,True,False
10975,89,63,8025,True,True,False
10976,89,64,8026,False,True,False
10977,89,65,8027,False,True,False
10978,89,66,8028,False,True,False
10979,89,67,8029,False,True,False
10980,89,68,8030,False,True,False
10981,89,69,8031,False,True,False
10982,89,70,8032,False,True,False
10983,89,71,8033,True,True,False
10984,89,72,8034,True,True,False
10985,89,73,8035,False,True,False
10986,89,74,8036,False,False,False
10987,89,75,8037,True,False,False
10988,89,76,8038,False,True,False
10989,89,77,8039,False,True,False
10990,89,78,8040,False,False,False
10991,89,79,8041,True,False,False
10992,89,80,8042,True,False,False
10993,89,81,8043,True,False,False
10994,89,82,8044,False,False,False
10995,89,83,8045,False,False,False
10996,89,84,8046,False,False,False
10997,89,85,8047,False,False,False
10998,89,86,8048,False,False,False
10999,89,87,8049,False,True,False
11000,89,88,8050,False,False,False
11001,89,89,8051,False,False,False
11002,89,90,8052,False,False,False
11003,89,91,8053,True,False,False
11004,89,92,8054,False,True,False
11005,89,93,8055,True,True,False
11006,89,94,8056,True,False,False
11007,89,95,8057,True,False,False
11008,89,96,8058,True,False,False
11009,89,97,8059,True,False,False
11010,89,98,8060,False,False,False
11011,89,99,8061,False,False,False
11012,89,100,8062,True,False,False
11013,89,101,8063,True,True,False
11014,89,102,8064,False,True,False
11015,89,103,8065,False,True,False
11016,89,104,8066,True,True,False
11017,89,105,8067,True,False,True
11018,89,106,8068,True,True,False
11019,89,107,8069,False,False,False
11020,89,108,8070,False,False,False
11021,89,109,8071,False,False,False
11022,89,110,8072,False,False,False
11023,89,111,8073,True,False,False
11024,89,112,8074,True,False,False
11025,89,113,8075,True,False,False
11026,89,114,8076,True,True,False
11027,89,115,8077,True,True,False
11028,89,116,8078,True,True,False
11029,89,117,8079,True,True,False
11030,89,118,8080,False,False,False
11031,89,119,8081,False,False,False
11032,89,120,8082,False,False,False
11033,89,121,8083,False,False,False
11034,89,122,8084,False,False,False
11035,89,123,8085,False,False,False
11045,90,9,8086,False,False,False
11046,90,10,8087,False,False,False
11047,90,11,8088,False,False,False
11048,90,12,8089,False,True,False
11049,90,13,8090,False,True,False
11050,90,14,8091,False,False,False
11051,90,15,8092,False,False,False
11052,90,16,8093,False,False,False
11053,90,17,8094,False,False,False
11054,90,18,8095,False,False,False
11055,90,19,8096,True,True,False
11056,90,20,8097,True,False,False
11057,90,21,8098,True,False,False
11058,90,22,8099,True,False,False
11059,90,23,8100,True,False,False
11060,90,24,8101,True,False,False
11061,90,25,8102,True,True,False
11062,90,26,8103,True,True,False
11063,90,27,8104,True,True,False
11064,90,28,8105,True,False,False
11065,90,29,8106,True,True,False
11066,90,30,8107,True,False,False
11067,90,31,8108,True,False,False
11068,90,32,8109,True,False,False
11069,90,33,8110,True,False,False
11070,90,34,8111,True,False,False
11071,90,35,8112,True,False,False
11072,90,36,8113,True,False,False
11073,90,37,8114,True,False,False
11074,90,38,8115,False,False,False
11075,90,39,8116,False,False,False
11076,90,40,8117,False,False,False
11077,90,41,8118,False,False,False
11078,90,42,8119,True,False,False
11079,90,43,8120,False,False,False
11080,90,44,8121,False,True,False
11081,90,45,8122,False,True,False
11082,90,46,8123,False,True,False
11083,90,47,8124,False,False,False
11084,90,48,8125,False,True,False
11085,90,49,8126,False,False,False
11086,90,50,8127,True,False,False
11087,90,51,8128,True,True,True
11088,90,52,8129,True,False,False
11089,90,53,8130,False,False,False
11090,90,54,8131,False,False,False
11091,90,55,8132,False,False,False
11092,90,56,8133,True,True,False
11093,90,57,8134,True,True,False
11094,90,58,8135,True,True,False
11095,90,59,8136,False,True,False
11096,90,60,8137,False,False,False
11097,90,61,8138,True,False,False
11098,90,62,8139,True,True,False
11099,90,63,8140,False,False,False
11100,90,64,8141,False,False,False
11101,90,65,8142,False,False,False
11102,90,66,8143,False,False,False
11103,90,67,8144,False,False,False
11104,90,68,8145,False,False,False
11105,90,69,8146,False,False,False
11106,90,70,8147,False,False,False
11107,90,71,8148,False,False,False
11108,90,72,8149,True,False,False
11109,90,73,8150,False,True,False
11110,90,74,8151,True,True,False
11111,90,75,8152,True,False,False
11112,90,76,8153,False,False,False
11113,90,77,8154,False,True,False
11114,90,78,8155,False,True,False
11115,90,79,8156,True,True,False
11116,90,80,8157,False,False,False
11117,90,81,8158,True,False,False
11118,90,82,8159,True,False,False
11119,90,83,8160,False,False,False
11120,90,84,8161,False,False,False
11121,90,85,8162,False,False,False
11122,90,86,8163,False,True,False
11123,90,87,8164,False,True,False
11124,90,88,8165,False,False,False
11125,90,89,8166,False,False,False
11126,90,90,8167,False,False,False
11127,90,91,8168,True,True,False
11128,90,92,8169,True,True,False
11129,90,93,8170,True,False,False
11130,90,94,8171,True,False,False
11131,90,95,8172,False,False,False
11132,90,96,8173,False,False,False
11133,90,97,8174,False,False,False
11134,90,98,8175,False,False,False
11135,90,99,8176,False,False,False
11136,90,100,8177,False,False,False
11137,90,101,8178,False,False,False
11138,90,102,8179,False,False,False
11139,90,103,8180,False,False,False
11140,90,104,8181,True,True,False
11141,90,105,8182,True,True,True
11142,90,106,8183,True,True,False
11143,90,107,8184,False,False,False
11144,90,108,8185,False,False,False
11145,90,109,8186,False,False,False
11146,90,110,8187,False,False,False
11147,90,111,8188,False,False,False
11148,90,112,8189,False,False,False
11149,90,113,8190,True,True,False
11150,90,114,8191,True,True,False
11151,90,115,8192,False,False,False
11152,90,116,8193,False,False,False
11153,90,117,8194,True,True,False
11154,90,118,8195,True,True,False
11155,90,119,8196,True,True,False
11156,90,120,8197,True,True,False
11157,90,121,8198,True,True,False
11158,90,122,8199,True,True,False
11159,90,123,8200,False,False,False
11168,91,8,8201,False,False,False
11169,91,9,8202,False,False,False
11170,91,10,8203,False,True,False
11171,91,11,8204,False,True,False
11172,91,12,8205,False,True,False
11173,91,13,8206,False,True,False
11174,91,14,8207,False,False,False
11175,91,15,8208,False,False,False
11176,91,16,8209,False,False,False
11177,91,17,8210,False,False,False
11178,91,18,8211,False,False,False
11179,91,19,8212,True,True,False
11180,91,20,8213,True,False,False
11181,91,21,8214,False,False,False
11182,91,22,8215,False,False,False
11183,91,23,8216,False,False,False
11184,91,24,8217,True,False,False
11185,91,25,8218,True,False,False
11186,91,26,8219,True,True,False
11187,91,27,8220,False,True,False
11188,91,28,8221,False,True,False
11189,91,29,8222,True,True,False
11190,91,30,8223,False,False,False
11191,91,31,8224,False,False,False
11192,91,32,8225,False,False,False
11193,91,33,8226,False,False,False
11194,91,34,8227,False,False,False
11195,91,35,8228,False,False,False
11196,91,36,8229,False,False,False
11197,91,37,8230,True,False,False
11198,91,38,8231,True,False,False
11199,91,39,8232,False,False,False
11200,91,40,8233,False,False,False
11201,91,41,8234,False,False,False
11202,91,42,8235,True,False,False
11203,91,43,8236,False,False,False
11204,91,44,8237,False,False,False
11205,91,45,8238,False,False,False
11206,91,46,8239,False,True,False
11207,91,47,8240,False,True,False
11208,91,48,8241,False,True,False
11209,91,49,8242,False,True,False
11210,91,50,8243,True,True,False
11211,91,51,8244,False,True,True
11212,91,52,8245,True,False,True
11213,91,53,8246,False,False,False
11214,91,54,8247,False,False,False
11215,91,55,8248,False,False,False
11216,91,56,8249,True,True,False
11217,91,57,8250,True,True,False
11218,91,58,8251,False,True,False
11219,91,59,8252,False,False,False
11220,91,60,8253,True,False,False
11221,91,61,8254,True,True,False
11222,91,62,8255,True,True,False
11223,91,63,8256,False,False,False
11224,91,64,8257,False,False,False
11225,91,65,8258,False,False,False
11226,91,66,8259,False,False,False
11227,91,67,8260,False,False,False
11228,91,68,8261,False,False,False
11229,91,69,8262,False,False,False
11230,91,70,8263,False,False,False
11231,91,71,8264,True,False,False
11232,91,72,8265,True,False,False
11233,91,73,8266,False,False,False
11234,91,74,8267,True,True,False
11235,91,75,8268,False,False,False
11236,91,76,8269,False,False,False
11237,91,77,8270,False,False,False
11238,91,78,8271,False,False,False
11239,91,79,8272,True,True,False
11240,91,80,8273,False,True,False
11241,91,81,8274,False,False,False
11242,91,82,8275,True,False,False
11243,91,83,8276,True,False,False
11244,91,84,8277,False,False,False
11245,91,85,8278,False,False,False
11246,91,86,8279,False,True,False
11247,91,87,8280,False,False,False
11248,91,88,8281,False,False,False
11249,91,89,8282,False,False,False
11250,91,90,8283,True,True,False
11251,91,91,8284,True,True,False
11252,91,92,8285,True,True,False
11253,91,93,8286,False,False,False
11254,91,94,8287,False,False,False
11255,91,95,8288,False,False,False
11256,91,96,8289,False,False,False
11257,91,97,8290,False,False,False
11258,91,98,8291,False,False,False
11259,91,99,8292,False,False,False
11260,91,100,8293,False,False,False
11261,91,101,8294,False,False,False
11262,91,102,8295,False,False,False
11263,91,103,8296,False,False,False
11264,91,104,8297,True,True,True
11265,91,105,8298,True,True,True
11266,91,106,8299,True,False,False
11267,91,107,8300,False,False,False
11268,91,108,8301,False,False,False
11269,91,109,8302,False,False,False
11270,91,110,8303,False,False,False
11271,91,111,8304,False,False,False
11272,91,112,8305,True,True,False
11273,91,113,8306,True,True,False
11274,91,114,8307,False,False,False
11275,91,115,8308,False,False,False
11276,91,116,8309,False,False,False
11277,91,117,8310,False,False,False
11278,91,118,8311,True,False,False
11279,91,119,8312,True,False,False
11280,91,120,8313,False,False,False
11281,91,121,8314,False,False,False
11282,91,122,8315,False,False,False
11283,91,123,8316,False,False,False
11292,92,8,8317,False,True,False
11293,92,9,8318,False,True,False
11294,92,10,8319,False,True,False
11295,92,11,8320,False,False,False
11296,92,12,8321,False,False,False
11297,92,13,8322,False,True,False
11298,92,14,8323,False,True,False
11299,92,15,8324,False,False,False
11300,92,16,8325,False,False,False
11301,92,17,8326,False,False,False
11302,92,18,8327,False,False,False
11303,92,19,8328,True,True,False
11304,92,20,8329,False,False,False
11305,92,21,8330,False,False,False
11306,92,22,8331,False,False,False
11307,92,23,8332,True,False,False
11308,92,24,8333,True,False,False
11309,92,25,8334,True,False,False
11310,92,26,8335,False,True,False
11311,92,27,8336,False,False,False
11312,92,28,8337,False,False,False
11313,92,29,8338,False,False,False
11314,92,30,8339,False,False,False
11315,92,31,8340,False,False,False
11316,92,32,8341,False,False,False
11317,92,33,8342,False,False,False
11318,92,34,8343,False,False,False
11319,92,35,8344,False,False,False
11320,92,36,8345,False,False,False
11321,92,37,8346,False,False,False
11322,92,38,8347,True,False,False
11323,92,39,8348,True,False,False
11324,92,40,8349,False,False,False
11325,92,41,8350,False,False,False
11326,92,42,8351,True,False,False
11327,92,43,8352,False,False,False
11328,92,44,8353,False,False,False
11329,92,45,8354,False,False,False
11330,92,46,8355,False,False,False
11331,92,47,8356,False,False,False
11332,92,48,8357,False,False,False
11333,92,49,8358,True,False,False
11334,92,50,8359,True,False,False
11335,92,51,8360,False,True,False
11336,92,52,8361,True,False,True
11337,92,53,8362,False,False,False
11338,92,54,8363,False,False,False
11339,92,55,8364,False,False,False
11340,92,56,8365,True,True,False
11341,92,57,8366,True,True,False
11342,92,58,8367,False,False,False
11343,92,59,8368,True,False,False
11344,92,60,8369,True,False,False
11345,92,61,8370,False,True,False
11346,92,62,8371,True,False,False
11347,92,63,8372,True,False,False
11348,92,64,8373,False,False,False
11349,92,65,8374,False,False,False
11350,92,66,8375,False,False,False
11351,92,67,8376,False,False,False
11352,92,68,8377,False,False,False
11353,92,69,8378,False,False,False
11354,92,70,8379,False,False,False
11355,92,71,8380,True,False,False
11356,92,72,8381,False,False,False
11357,92,73,8382,False,False,False
11358,92,74,8383,True,True,False
11359,92,75,8384,False,False,False
11360,92,76,8385,False,False,False
11361,92,77,8386,False,False,False
11362,92,78,8387,False,False,False
11363,92,79,8388,True,False,False
11364,92,80,8389,True,True,False
11365,92,81,8390,False,False,False
11366,92,82,8391,False,False,False
11367,92,83,8392,True,False,False
11368,92,84,8393,False,False,False
11369,92,85,8394,False,False,False
11370,92,86,8395,False,True,False
11371,92,87,8396,True,False,False
11372,92,88,8397,True,False,False
11373,92,89,8398,True,True,False
11374,92,90,8399,True,True,False
11375,92,91,8400,False,False,False
11376,92,92,8401,True,True,False
11377,92,93,8402,False,False,False
11378,92,94,8403,False,False,False
11379,92,95,8404,False,False,False
11380,92,96,8405,False,False,False
11381,92,97,8406,False,False,False
11382,92,98,8407,False,False,False
11383,92,99,8408,False,False,False
11384,92,100,8409,False,False,False
11385,92,101,8410,False,False,False
11386,92,102,8411,False,False,False
11387,92,103,8412,True,False,True
11388,92,104,8413,True,False,True
11389,92,105,8414,True,True,False
11390,92,106,8415,True,False,False
11391,92,107,8416,False,False,False
11392,92,108,8417,False,False,False
11393,92,109,8418,False,False,False
11394,92,110,8419,False,False,False
11395,92,111,8420,False,False,False
11396,92,112,8421,True,True,False
11397,92,113,8422,True,False,False
11398,92,114,8423,False,False,False
11399,92,115,8424,False,False,False
11400,92,116,8425,False,False,False
11401,92,117,8426,False,False,False
11402,92,118,8427,False,False,False
11403,92,119,8428,True,False,False
11404,92,120,8429,True,False,False
11405,92,121,8430,True,False,False
11406,92,122,8431,True,False,False
11407,92,123,8432,False,False,False
11408,92,124,8433,False,False,False
11416,93,8,8434,False,False,False
11417,93,9,8435,False,False,False
11418,93,10,8436,False,False,False
11419,93,11,8437,False,False,False
11420,93,12,8438,False,False,False
11421,93,13,8439,False,False,False
11422,93,14,8440,False,True,False
11423,93,15,8441,False,False,False
11424,93,16,8442,False,False,False
11425,93,17,8443,False,False,False
11426,93,18,8444,True,True,False
11427,93,19,8445,True,True,False
11428,93,20,8446,False,False,False
11429,93,21,8447,False,False,False
11430,93,22,8448,False,False,False
11431,93,23,8449,True,False,False
11432,93,24,8450,False,False,False
11433,93,25,8451,True,True,False
11434,93,26,8452,True,True,False
11435,93,27,8453,False,False,False
11436,93,28,8454,False,False,False
11437,93,29,8455,False,False,False
11438,93,30,8456,False,False,False
11439,93,31,8457,False,False,False
11440,93,32,8458,False,False,False
11441,93,33,8459,False,False,False
11442,93,34,8460,False,False,False
11443,93,35,8461,False,False,False
11444,93,36,8462,False,False,False
11445,93,37,8463,False,False,False
11446,93,38,8464,False,False,False
11447,93,39,8465,True,False,False
11448,93,40,8466,True,False,False
11449,93,41,8467,True,False,False
11450,93,42,8468,True,False,False
11451,93,43,8469,False,False,False
11452,93,44,8470,False,False,False
11453,93,45,8471,False,False,False
11454,93,46,8472,False,False,False
11455,93,47,8473,False,False,False
11456,93,48,8474,False,False,False
11457,93,49,8475,True,False,False
11458,93,50,8476,False,False,False
11459,93,51,8477,False,True,False
11460,93,52,8478,True,False,True
11461,93,53,8479,True,False,False
11462,93,54,8480,False,True,False
11463,93,55,8481,True,True,False
11464,93,56,8482,True,True,False
11465,93,57,8483,False,True,False
11466,93,58,8484,True,False,False
11467,93,59,8485,True,False,False
11468,93,60,8486,False,False,False
11469,93,61,8487,False,True,False
11470,93,62,8488,False,False,False
11471,93,63,8489,True,False,False
11472,93,64,8490,False,False,False
11473,93,65,8491,False,False,False
11474,93,66,8492,False,False,False
11475,93,67,8493,False,False,False
11476,93,68,8494,False,False,False
11477,93,69,8495,False,False,False
11478,93,70,8496,False,False,False
11479,93,71,8497,True,False,False
11480,93,72,8498,False,False,False
11481,93,73,8499,False,False,False
11482,93,74,8500,True,True,False
11483,93,75,8501,True,False,False
11484,93,76,8502,False,False,False
11485,93,77,8503,False,False,False
11486,93,78,8504,False,False,False
11487,93,79,8505,False,True,False
11488,93,80,8506,True,True,False
11489,93,81,8507,False,False,False
11490,93,82,8508,False,False,False
11491,93,83,8509,True,False,False
11492,93,84,8510,True,False,False
11493,93,85,8511,True,True,False
11494,93,86,8512,True,True,False
11495,93,87,8513,True,True,False
11496,93,88,8514,True,True,False
11497,93,89,8515,False,True,False
11498,93,90,8516,False,False,False
11499,93,91,8517,True,False,False
11500,93,92,8518,True,True,False
11501,93,93,8519,False,False,False
11502,93,94,8520,False,False,False
11503,93,95,8521,False,False,False
11504,93,96,8522,False,False,False
11505,93,97,8523,False,False,False
11506,93,98,8524,False,False,False
11507,93,99,8525,False,False,False
11508,93,100,8526,False,False,False
11509,93,101,8527,False,False,False
11510,93,102,8528,True,False,False
11511,93,103,8529,True,False,True
11512,93,104,8530,False,False,False
11513,93,105,8531,False,True,False
11514,93,106,8532,True,True,False
11515,93,107,8533,False,False,False
11516,93,108,8534,False,False,False
11517,93,109,8535,False,False,False
11518,93,110,8536,False,False,False
11519,93,111,8537,False,True,False
11520,93,112,8538,True,True,False
11521,93,113,8539,False,False,False
11522,93,114,8540,False,False,False
11523,93,115,8541,False,False,False
11524,93,116,8542,False,False,False
11525,93,117,8543,False,False,False
11526,93,118,8544,False,False,False
11527,93,119,8545,False,False,False
11528,93,120,8546,False,False,False
11529,93,121,8547,True,False,False
11530,93,122,8548,True,False,False
11531,93,123,8549,False,False,False
11532,93,124,8550,False,False,False
11540,94,8,8551,False,False,False
11541,94,9,8552,False,False,False
11542,94,10,8553,False,False,False
11543,94,11,8554,False,False,False
11544,94,12,8555,False,False,False
11545,94,13,8556,False,False,False
11546,94,14,8557,False,True,False
11547,94,15,8558,False,False,False
11548,94,16,8559,False,False,False
11549,94,17,8560,False,False,False
11550,94,18,8561,True,False,False
11551,94,19,8562,True,True,False
11552,94,20,8563,True,False,False
11553,94,21,8564,True,False,False
11554,94,22,8565,True,False,False
11555,94,23,8566,True,False,False
11556,94,24,8567,False,False,False
11557,94,25,8568,False,True,False
11558,94,26,8569,True,False,False
11559,94,27,8570,False,False,False
11560,94,28,8571,False,False,False
11561,94,29,8572,False,False,False
11562,94,30,8573,False,False,False
11563,94,31,8574,False,False,False
11564,94,32,8575,False,False,False
11565,94,33,8576,False,False,False
11566,94,34,8577,False,False,False
11567,94,35,8578,False,False,False
11568,94,36,8579,False,False,False
11569,94,37,8580,False,False,False
11570,94,38,8581,False,False,False
11571,94,39,8582,False,False,False
11572,94,40,8583,True,False,False
11573,94,41,8584,True,False,False
11574,94,42,8585,True,False,False
11575,94,43,8586,True,False,False
11576,94,44,8587,True,False,False
11577,94,45,8588,False,False,False
11578,94,46,8589,False,False,False
11579,94,47,8590,False,False,False
11580,94,48,8591,False,False,False
11581,94,49,8592,True,False,False
11582,94,50,8593,True,True,False
11583,94,51,8594,True,True,False
11584,94,52,8595,True,True,True
11585,94,53,8596,True,True,True
11586,94,54,8597,True,True,True
11587,94,55,8598,True,True,False
11588,94,56,8599,True,True,False
11589,94,57,8600,True,False,False
11590,94,58,8601,True,False,False
11591,94,59,8602,True,False,False
11592,94,60,8603,True,False,False
11593,94,61,8604,True,True,False
11594,94,62,8605,True,False,False
11595,94,63,8606,True,False,False
11596,94,64,8607,False,False,False
11597,94,65,8608,False,False,False
11598,94,66,8609,False,False,False
11599,94,67,8610,False,False,False
11600,94,68,8611,False,False,False
11601,94,69,8612,True,False,False
11602,94,70,8613,True,False,False
11603,94,71,8614,True,False,False
11604,94,72,8615,False,False,False
11605,94,73,8616,False,False,False
11606,94,74,8617,False,True,False
11607,94,75,8618,True,True,False
11608,94,76,8619,False,False,False
11609,94,77,8620,False,False,False
11610,94,78,8621,False,False,False
11611,94,79,8622,False,True,False
11612,94,80,8623,True,True,False
11613,94,81,8624,False,False,False
11614,94,82,8625,False,False,False
11615,94,83,8626,False,True,False
11616,94,84,8627,True,True,False
11617,94,85,8628,True,True,False
11618,94,86,8629,True,True,False
11619,94,87,8630,True,True,False
11620,94,88,8631,False,True,False
11621,94,89,8632,False,True,False
11622,94,90,8633,False,True,False
11623,94,91,8634,False,True,False
11624,94,92,8635,True,True,False
11625,94,93,8636,False,False,False
11626,94,94,8637,False,False,False
11627,94,95,8638,False,False,False
11628,94,96,8639,False,False,False
11629,94,97,8640,False,False,False
11630,94,98,8641,False,False,False
11631,94,99,8642,False,False,False
11632,94,100,8643,False,False,False
11633,94,101,8644,False,False,False
11634,94,102,8645,True,False,True
11635,94,103,8646,False,False,True
11636,94,104,8647,False,False,False
11637,94,105,8648,True,False,False
11638,94,106,8649,True,True,False
11639,94,107,8650,False,False,False
11640,94,108,8651,False,False,False
11641,94,109,8652,False,False,False
11642,94,110,8653,False,False,False
11643,94,111,8654,False,True,False
11644,94,112,8655,True,False,False
11645,94,113,8656,False,False,False
11646,94,114,8657,False,False,False
11647,94,115,8658,False,False,False
11648,94,116,8659,False,False,False
11649,94,117,8660,False,False,False
11650,94,118,8661,False,False,False
11651,94,119,8662,False,False,False
11652,94,120,8663,False,False,False
11653,94,121,8664,False,False,False
11654,94,122,8665,True,False,False
11655,94,123,8666,False,False,False
11663,95,7,8667,False,False,False
11664,95,8,8668,False,False,False
11665,95,9,8669,False,False,False
11666,95,10,8670,False,False,False
11667,95,11,8671,False,False,False
11668,95,12,8672,False,False,False
11669,95,13,8673,False,False,False
11670,95,14,8674,False,True,False
11671,95,15,8675,False,False,False
11672,95,16,8676,False,False,False
11673,95,17,8677,True,False,False
11674,95,18,8678,True,False,False
11675,95,19,8679,True,True,False
11676,95,20,8680,False,False,False
11677,95,21,8681,False,False,False
11678,95,22,8682,True,False,False
11679,95,23,8683,True,False,False
11680,95,24,8684,True,True,False
11681,95,25,8685,True,True,False
11682,95,26,8686,True,False,False
11683,95,27,8687,True,False,False
11684,95,28,8688,False,False,False
11685,95,29,8689,False,False,False
11686,95,30,8690,False,False,False
11687,95,31,8691,False,False,False
11688,95,32,8692,False,False,False
11689,95,33,8693,False,False,False
11690,95,34,8694,False,False,False
11691,95,35,8695,False,False,False
11692,95,36,8696,False,False,False
11693,95,37,8697,False,False,False
11694,95,38,8698,False,False,False
11695,95,39,8699,False,False,False
11696,95,40,8700,True,False,False
11697,95,41,8701,True,False,False
11698,95,42,8702,True,False,False
11699,95,43,8703,True,False,False
11700,95,44,8704,True,False,False
11701,95,45,8705,True,False,False
11702,95,46,8706,True,False,False
11703,95,47,8707,True,False,False
11704,95,48,8708,True,False,False
11705,95,49,8709,True,False,False
11706,95,50,8710,True,True,False
11707,95,51,8711,False,True,False
11708,95,52,8712,False,False,False
11709,95,53,8713,True,True,False
11710,95,54,8714,True,True,True
11711,95,55,8715,True,True,True
11712,95,56,8716,True,True,False
11713,95,57,8717,True,True,False
11714,95,58,8718,False,True,False
11715,95,59,8719,False,False,False
11716,95,60,8720,False,False,False
11717,95,61,8721,False,True,False
11718,95,62,8722,False,False,False
11719,95,63,8723,True,False,False
11720,95,64,8724,True,False,False
11721,95,65,8725,True,False,False
11722,95,66,8726,True,False,False
11723,95,67,8727,False,False,False
11724,95,68,8728,True,False,False
11725,95,69,8729,True,False,False
11726,95,70,8730,False,False,False
11727,95,71,8731,False,False,False
11728,95,72,8732,False,False,False
11729,95,73,8733,False,False,False
11730,95,74,8734,True,True,False
11731,95,75,8735,True,True,False
11732,95,76,8736,False,False,False
11733,95,77,8737,False,False,False
11734,95,78,8738,False,False,False
11735,95,79,8739,False,False,False
11736,95,80,8740,True,True,False
11737,95,81,8741,False,False,False
11738,95,82,8742,False,False,False
11739,95,83,8743,True,True,False
11740,95,84,8744,True,False,False
11741,95,85,8745,True,False,False
11742,95,86,8746,True,False,False
11743,95,87,8747,True,False,False
11744,95,88,8748,True,False,False
11745,95,89,8749,True,True,False
11746,95,90,8750,True,True,False
11747,95,91,8751,True,True,False
11748,95,92,8752,True,True,False
11749,95,93,8753,False,True,False
11750,95,94,8754,False,False,False
11751,95,95,8755,False,False,False
11752,95,96,8756,False,False,False
11753,95,97,8757,False,False,False
11754,95,98,8758,False,False,False
11755,95,99,8759,False,False,False
11756,95,100,8760,False,False,False
11757,95,101,8761,False,False,False
11758,95,102,8762,True,False,True
11759,95,103,8763,False,False,False
11760,95,104,8764,False,False,False
11761,95,105,8765,True,True,False
11762,95,106,8766,True,True,False
11763,95,107,8767,False,False,False
11764,95,108,8768,False,False,False
11765,95,109,8769,False,False,False
11766,95,110,8770,False,False,False
11767,95,111,8771,True,True,False
11768,95,112,8772,True,True,False
11769,95,113,8773,False,False,False
11770,95,114,8774,False,False,False
11771,95,115,8775,False,False,False
11772,95,116,8776,False,False,False
11773,95,117,8777,False,False,False
11774,95,118,8778,False,False,False
11775,95,119,8779,False,False,False
11776,95,120,8780,False,False,False
11777,95,121,8781,False,False,False
11778,95,122,8782,True,False,False
11779,95,123,8783,True,False,False
11787,96,7,8784,True,False,False
11788,96,8,8785,True,False,False
11789,96,9,8786,False,False,False
11790,96,10,8787,False,False,False
11791,96,11,8788,False,False,False
11792,96,12,8789,False,False,False
11793,96,13,8790,False,False,False
11794,96,14,8791,False,True,False
11795,96,15,8792,False,False,False
11796,96,16,8793,True,False,False
11797,96,17,8794,True,False,False
11798,96,18,8795,False,False,False
11799,96,19,8796,True,True,False
11800,96,20,8797,False,False,False
11801,96,21,8798,False,False,False
11802,96,22,8799,False,False,False
11803,96,23,8800,True,True,False
11804,96,24,8801,False,True,False
11805,96,25,8802,False,False,False
11806,96,26,8803,True,False,False
11807,96,27,8804,True,False,False
11808,96,28,8805,True,False,False
11809,96,29,8806,True,False,False
11810,96,30,8807,True,False,False
11811,96,31,8808,True,False,False
11812,96,32,8809,False,False,False
11813,96,33,8810,False,False,False
11814,96,34,8811,False,False,False
11815,96,35,8812,False,False,False
11816,96,36,8813,False,False,False
11817,96,37,8814,False,False,False
11818,96,38,8815,False,False,False
11819,96,39,8816,False,False,False
11820,96,40,8817,True,False,False
11821,96,41,8818,True,False,False
11822,96,42,8819,True,False,False
11823,96,43,8820,False,False,False
11824,96,44,8821,False,False,False
11825,96,45,8822,False,False,False
11826,96,46,8823,False,False,False
11827,96,47,8824,False,False,False
11828,96,48,8825,True,False,False
11829,96,49,8826,False,False,False
11830,96,50,8827,False,True,False
11831,96,51,8828,False,False,False
11832,96,52,8829,False,False,False
11833,96,53,8830,True,True,False
11834,96,54,8831,False,True,False
11835,96,55,8832,True,True,True
11836,96,56,8833,True,False,False
11837,96,57,8834,True,False,False
11838,96,58,8835,True,True,False
11839,96,59,8836,True,True,False
11840,96,60,8837,False,True,False
11841,96,61,8838,False,True,False
11842,96,62,8839,True,False,False
11843,96,63,8840,True,False,False
11844,96,64,8841,False,False,False
11845,96,65,8842,False,False,False
11846,96,66,8843,True,False,False
11847,96,67,8844,True,False,False
11848,96,68,8845,True,False,False
11849,96,69,8846,False,False,False
11850,96,70,8847,False,False,False
11851,96,71,8848,False,False,False
11852,96,72,8849,False,False,False
11853,96,73,8850,False,False,False
11854,96,74,8851,True,True,False
11855,96,75,8852,True,False,False
11856,96,76,8853,False,False,False
11857,96,77,8854,False,False,False
11858,96,78,8855,False,False,False
11859,96,79,8856,True,False,False
11860,96,80,8857,True,True,False
11861,96,81,8858,False,False,False
11862,96,82,8859,True,False,False
11863,96,83,8860,True,True,False
11864,96,84,8861,False,False,False
11865,96,85,8862,True,False,False
11866,96,86,8863,True,False,False
11867,96,87,8864,False,False,False
11868,96,88,8865,False,False,False
11869,96,89,8866,False,False,False
11870,96,90,8867,True,False,False
11871,96,91,8868,True,True,False
11872,96,92,8869,True,True,False
11873,96,93,8870,False,True,False
11874,96,94,8871,False,True,False
11875,96,95,8872,False,True,False
11876,96,96,8873,False,False,False
11877,96,97,8874,False,False,False
11878,96,98,8875,False,False,False
11879,96,99,8876,False,False,False
11880,96,100,8877,False,False,False
11881,96,101,8878,True,False,True
11882,96,102,8879,True,False,True
11883,96,103,8880,False,False,False
11884,96,104,8881,False,False,False
11885,96,105,8882,True,True,False
11886,96,106,8883,True,False,False
11887,96,107,8884,False,False,False
11888,96,108,8885,False,False,False
11889,96,109,8886,False,False,False
11890,96,110,8887,False,False,False
11891,96,111,8888,False,False,False
11892,96,112,8889,True,True,False
11893,96,113,8890,False,False,False
11894,96,114,8891,False,False,False
11895,96,115,8892,False,False,False
11896,96,116,8893,False,False,False
11897,96,117,8894,False,False,False
11898,96,118,8895,False,False,False
11899,96,119,8896,False,False,False
11900,96,120,8897,False,False,False
11901,96,121,8898,False,False,False
11902,96,122,8899,False,False,False
11911,97,7,8900,False,False,False
11912,97,8,8901,True,False,False
11913,97,9,8902,True,False,False
11914,97,10,8903,False,False,False
11915,97,11,8904,False,False,False
11916,97,12,8905,False,False,False
11917,97,13,8906,False,False,False
11918,97,14,8907,False,True,False
11919,97,15,8908,False,False,False
11920,97,16,8909,True,False,False
11921,97,17,8910,False,False,False
11922,97,18,8911,True,False,False
11923,97,19,8912,True,True,False
11924,97,20,8913,False,False,False
11925,97,21,8914,False,False,False
11926,97,22,8915,True,True,False
11927,97,23,8916,True,True,False
11928,97,24,8917,False,False,False
11929,97,25,8918,False,False,False
11930,97,26,8919,False,False,False
11931,97,27,8920,False,False,False
11932,97,28,8921,False,False,False
11933,97,29,8922,False,False,False
11934,97,30,8923,False,False,False
11935,97,31,8924,True,False,False
11936,97,32,8925,True,False,False
11937,97,33,8926,False,False,False
11938,97,34,8927,False,False,False
11939,97,35,8928,False,False,False
11940,97,36,8929,False,False,False
11941,97,37,8930,False,False,False
11942,97,38,8931,False,False,False
11943,97,39,8932,False,False,False
11944,97,40,8933,True,False,False
11945,97,41,8934,True,False,False
11946,97,42,8935,False,False,False
11947,97,43,8936,False,False,False
11948,97,44,8937,False,False,False
11949,97,45,8938,False,False,False
11950,97,46,8939,False,False,False
11951,97,47,8940,True,False,False
11952,97,48,8941,True,False,False
11953,97,49,8942,False,False,False
11954,97,50,8943,True,True,False
11955,97,51,8944,True,False,False
11956,97,52,8945,True,True,False
11957,97,53,8946,True,True,False
11958,97,54,8947,False,True,False
11959,97,55,8948,True,True,True
11960,97,56,8949,True,False,True
11961,97,57,8950,False,False,False
11962,97,58,8951,False,False,False
11963,97,59,8952,True,False,False
11964,97,60,8953,False,True,False
11965,97,61,8954,False,True,False
11966,97,62,8955,True,True,False
11967,97,63,8956,False,False,False
11968,97,64,8957,False,False,False
11969,97,65,8958,False,False,False
11970,97,66,8959,False,False,False
11971,97,67,8960,False,False,False
11972,97,68,8961,True,False,False
11973,97,69,8962,True,False,False
11974,97,70,8963,False,False,False
11975,97,71,8964,False,False,False
11976,97,72,8965,False,False,False
11977,97,73,8966,False,False,False
11978,97,74,8967,True,True,False
11979,97,75,8968,False,False,False
11980,97,76,8969,True,False,False
11981,97,77,8970,True,True,False
11982,97,78,8971,True,True,False
11983,97,79,8972,True,True,False
11984,97,80,8973,True,True,False
11985,97,81,8974,True,True,False
11986,97,82,8975,True,True,False
11987,97,83,8976,False,True,False
11988,97,84,8977,False,False,False
11989,97,85,8978,False,False,False
11990,97,86,8979,True,False,False
11991,97,87,8980,False,False,False
11992,97,88,8981,False,False,False
11993,97,89,8982,False,False,False
11994,97,90,8983,False,False,False
11995,97,91,8984,True,True,False
11996,97,92,8985,True,False,False
11997,97,93,8986,True,False,False
11998,97,94,8987,True,False,False
11999,97,95,8988,False,True,False
12000,97,96,8989,False,False,False
12001,97,97,8990,False,False,False
12002,97,98,8991,False,False,False
12003,97,99,8992,False,False,False
12004,97,100,8993,True,False,True
12005,97,101,8994,True,False,True
12006,97,102,8995,False,False,False
12007,97,103,8996,False,False,False
12008,97,104,8997,False,False,False
12009,97,105,8998,True,True,False
12010,97,106,8999,True,False,False
12011,97,107,9000,True,False,False
12012,97,108,9001,True,False,False
12013,97,109,9002,False,False,False
12014,97,110,9003,False,False,False
12015,97,111,9004,False,False,False
12016,97,112,9005,True,True,False
12017,97,113,9006,True,False,False
12018,97,114,9007,False,False,False
12019,97,115,9008,False,False,False
12020,97,116,9009,False,False,False
12021,97,117,9010,False,False,False
12022,97,118,9011,False,False,False
12023,97,119,9012,False,False,False
12024,97,120,9013,False,False,False
12025,97,121,9014,False,False,False
12026,97,122,9015,False,False,False
12035,98,7,9016,False,False,False
12036,98,8,9017,False,False,False
12037,98,9,9018,True,False,False
12038,98,10,9019,True,False,False
12039,98,11,9020,False,False,False
12040,98,12,9021,False,False,False
12041,98,13,9022,False,False,False
12042,98,14,9023,True,True,False
12043,98,15,9024,True,False,False
12044,98,16,9025,True,False,False
12045,98,17,9026,False,False,False
12046,98,18,9027,True,True,False
12047,98,19,9028,False,True,False
12048,98,20,9029,False,False,False
12049,98,21,9030,False,False,False
12050,98,22,9031,True,True,False
12051,98,23,9032,True,True,False
12052,98,24,9033,False,False,False
12053,98,25,9034,False,False,False
12054,98,26,9035,False,False,False
12055,98,27,9036,False,False,False
12056,98,28,9037,False,False,False
12057,98,29,9038,False,False,False
12058,98,30,9039,False,False,False
12059,98,31,9040,False,False,False
12060,98,32,9041,True,False,False
12061,98,33,9042,True,False,False
12062,98,34,9043,True,False,False
12063,98,35,9044,False,False,False
12064,98,36,9045,False,False,False
12065,98,37,9046,False,False,False
12066,98,38,9047,True,False,False
12067,98,39,9048,True,False,False
12068,98,40,9049,True,False,False
12069,98,41,9050,False,False,False
12070,98,42,9051,False,False,False
12071,98,43,9052,False,False,False
12072,98,44,9053,False,False,False
12073,98,45,9054,False,False,False
12074,98,46,9055,False,False,False
12075,98,47,9056,True,False,False
12076,98,48,9057,False,False,False
12077,98,49,9058,True,False,False
12078,98,50,9059,True,True,False
12079,98,51,9060,False,True,False
12080,98,52,9061,False,True,False
12081,98,53,9062,False,False,False
12082,98,54,9063,False,True,False
12083,98,55,9064,True,True,False
12084,98,56,9065,True,True,True
12085,98,57,9066,False,False,True
12086,98,58,9067,False,False,True
12087,98,59,9068,True,False,False
12088,98,60,9069,True,True,False
12089,98,61,9070,True,False,False
12090,98,62,9071,True,True,False
12091,98,63,9072,False,True,False
12092,98,64,9073,False,True,False
12093,98,65,9074,False,False,False
12094,98,66,9075,False,False,False
12095,98,67,9076,False,False,False
12096,98,68,9077,True,False,False
12097,98,69,9078,True,False,False
12098,98,70,9079,True,False,False
12099,98,71,9080,True,False,False
12100,98,72,9081,True,False,False
12101,98,73,9082,True,False,False
12102,98,74,9083,True,True,False
12103,98,75,9084,True,False,False
12104,98,76,9085,True,True,False
12105,98,77,9086,False,True,False
12106,98,78,9087,False,False,False
12107,98,79,9088,False,True,False
12108,98,80,9089,True,True,False
12109,98,81,9090,True,False,False
12110,98,82,9091,False,False,False
12111,98,83,9092,False,False,False
12112,98,84,9093,False,False,False
12113,98,85,9094,False,False,False
12114,98,86,9095,True,False,False
12115,98,87,9096,False,False,False
12116,98,88,9097,False,False,False
12117,98,89,9098,False,False,False
12118,98,90,9099,False,False,False
12119,98,91,9100,False,True,False
12120,98,92,9101,False,False,False
12121,98,93,9102,False,False,False
12122,98,94,9103,True,False,False
12123,98,95,9104,True,False,False
12124,98,96,9105,False,False,False
12125,98,97,9106,False,False,False
12126,98,98,9107,True,False,True
12127,98,99,9108,True,False,True
12128,98,100,9109,True,False,True
12129,98,101,9110,False,False,False
12130,98,102,9111,False,False,False
12131,98,103,9112,False,False,False
12132,98,104,9113,False,False,False
12133,98,105,9114,True,True,False
12134,98,106,9115,True,False,False
12135,98,107,9116,False,False,False
12136,98,108,9117,True,False,False
12137,98,109,9118,True,False,False
12138,98,110,9119,True,False,False
12139,98,111,9120,True,False,False
12140,98,112,9121,False,True,False
12141,98,113,9122,True,False,False
12142,98,114,9123,False,False,False
12143,98,115,9124,False,False,False
12144,98,116,9125,False,False,False
12145,98,117,9126,False,False,False
12146,98,118,9127,False,False,False
12147,98,119,9128,False,False,False
12148,98,120,9129,False,False,False
12149,98,121,9130,False,True,False
12150,98,122,9131,False,False,False
12158,99,6,9132,False,False,False
12159,99,7,9133,False,False,False
12160,99,8,9134,False,False,False
12161,99,9,9135,False,False,False
12162,99,10,9136,True,False,False
12163,99,11,9137,True,False,False
12164,99,12,9138,True,False,False
12165,99,13,9139,True,False,False
12166,99,14,9140,True,True,False
12167,99,15,9141,False,False,False
12168,99,16,9142,False,False,False
12169,99,17,9143,True,False,False
12170,99,18,9144,True,True,False
12171,99,19,9145,False,False,False
12172,99,20,9146,False,False,False
12173,99,21,9147,False,False,False
12174,99,22,9148,True,True,False
12175,99,23,9149,True,True,False
12176,99,24,9150,False,False,False
12177,99,25,9151,False,False,False
12178,99,26,9152,False,False,False
12179,99,27,9153,False,False,False
12180,99,28,9154,False,False,False
12181,99,29,9155,False,False,False
12182,99,30,9156,False,False,False
12183,99,31,9157,False,False,False
12184,99,32,9158,False,False,False
12185,99,33,9159,False,False,False
12186,99,34,9160,True,False,False
12187,99,35,9161,True,False,False
12188,99,36,9162,True,False,False
12189,99,37,9163,True,False,False
12190,99,38,9164,True,False,False
12191,99,39,9165,False,False,False
12192,99,40,9166,True,False,False
12193,99,41,9167,False,False,False
12194,99,42,9168,False,False,False
12195,99,43,9169,False,False,False
12196,99,44,9170,False,False,False
12197,99,45,9171,False,False,False
12198,99,46,9172,True,False,False
12199,99,47,9173,True,False,False
12200,99,48,9174,True,False,False
12201,99,49,9175,True,False,False
12202,99,50,9176,False,True,False
12203,99,51,9177,False,True,False
12204,99,52,9178,False,False,False
12205,99,53,9179,False,False,False
12206,99,54,9180,False,True,False
12207,99,55,9181,True,False,False
12208,99,56,9182,True,True,False
12209,99,57,9183,False,True,False
12210,99,58,9184,False,False,True
12211,99,59,9185,True,True,True
12212,99,60,9186,True,True,True
12213,99,61,9187,True,False,True
12214,99,62,9188,True,False,True
12215,99,63,9189,False,False,False
12216,99,64,9190,False,True,False
12217,99,65,9191,False,True,False
12218,99,66,9192,False,True,False
12219,99,67,9193,True,True,False
12220,99,68,9194,True,True,False
12221,99,69,9195,False,False,False
12222,99,70,9196,True,False,False
12223,99,71,9197,True,False,False
12224,99,72,9198,False,False,False
12225,99,73,9199,True,False,False
12226,99,74,9200,True,True,False
12227,99,75,9201,False,True,False
12228,99,76,9202,False,True,False
12229,99,77,9203,False,False,False
12230,99,78,9204,False,False,False
12231,99,79,9205,False,False,False
12232,99,80,9206,True,True,False
12233,99,81,9207,True,False,False
12234,99,82,9208,False,False,False
12235,99,83,9209,False,False,False
12236,99,84,9210,False,False,False
12237,99,85,9211,False,False,False
12238,99,86,9212,True,False,False
12239,99,87,9213,False,False,False
12240,99,88,9214,False,False,False
12241,99,89,9215,False,False,False
12242,99,90,9216,False,False,False
12243,99,91,9217,False,True,False
12244,99,92,9218,False,True,False
12245,99,93,9219,False,False,False
12246,99,94,9220,False,False,False
12247,99,95,9221,True,False,False
12248,99,96,9222,False,False,False
12249,99,97,9223,True,False,False
12250,99,98,9224,True,False,True
12251,99,99,9225,False,False,False
12252,99,100,9226,False,False,False
12253,99,101,9227,False,False,False
12254,99,102,9228,False,False,False
12255,99,103,9229,False,False,False
12256,99,104,9230,True,True,False
12257,99,105,9231,True,True,False
12258,99,106,9232,False,False,False
12259,99,107,9233,False,False,False
12260,99,108,9234,True,False,False
12261,99,109,9235,True,False,False
12262,99,110,9236,False,False,False
12263,99,111,9237,True,False,False
12264,99,112,9238,True,True,False
12265,99,113,9239,True,True,False
12266,99,114,9240,True,True,False
12267,99,115,9241,True,True,False
12268,99,116,9242,True,True,False
12269,99,117,9243,False,False,False
12270,99,118,9244,False,False,False
12271,99,119,9245,False,False,False
12272,99,120,9246,True,True,False
12273,99,121,9247,True,True,False
12282,100,6,9248,False,False,False
12283,100,7,9249,False,False,False
12284,100,8,9250,False,False,False
12285,100,9,9251,False,False,False
12286,100,10,9252,False,False,False
12287,100,11,9253,True,False,False
12288,100,12,9254,True,False,False
12289,100,13,9255,False,False,False
12290,100,14,9256,True,True,False
12291,100,15,9257,True,False,False
12292,100,16,9258,False,False,False
12293,100,17,9259,True,False,False
12294,100,18,9260,True,True,False
12295,100,19,9261,False,False,False
12296,100,20,9262,False,False,False
12297,100,21,9263,False,False,False
12298,100,22,9264,True,True,False
12299,100,23,9265,False,False,False
12300,100,24,9266,False,False,False
12301,100,25,9267,False,False,False
12302,100,26,9268,False,False,False
12303,100,27,9269,False,False,False
12304,100,28,9270,False,False,False
12305,100,29,9271,False,False,False
12306,100,30,9272,False,False,False
12307,100,31,9273,False,False,False
12308,100,32,9274,False,False,False
12309,100,33,9275,False,False,False
12310,100,34,9276,True,False,False
12311,100,35,9277,True,True,False
12312,100,36,9278,False,True,False
12313,100,37,9279,False,True,False
12314,100,38,9280,False,True,False
12315,100,39,9281,False,True,False
12316,100,40,9282,True,True,False
12317,100,41,9283,False,False,False
12318,100,42,9284,False,True,False
12319,100,43,9285,False,True,False
12320,100,44,9286,False,True,False
12321,100,45,9287,True,True,False
12322,100,46,9288,True,True,False
12323,100,47,9289,True,True,False
12324,100,48,9290,True,True,False
12325,100,49,9291,False,True,False
12326,100,50,9292,False,True,False
12327,100,51,9293,False,True,False
12328,100,52,9294,False,False,False
12329,100,53,9295,False,False,False
12330,100,54,9296,True,True,False
12331,100,55,9297,True,True,False
12332,100,56,9298,True,False,False
12333,100,57,9299,True,True,False
12334,100,58,9300,True,False,False
12335,100,59,9301,True,True,False
12336,100,60,9302,False,True,True
12337,100,61,9303,False,False,True
12338,100,62,9304,True,False,True
12339,100,63,9305,True,False,True
12340,100,64,9306,False,False,False
12341,100,65,9307,False,False,False
12342,100,66,9308,False,False,False
12343,100,67,9309,False,False,False
12344,100,68,9310,True,True,False
12345,100,69,9311,False,True,False
12346,100,70,9312,False,True,False
12347,100,71,9313,True,True,False
12348,100,72,9314,True,True,False
12349,100,73,9315,True,True,False
12350,100,74,9316,False,True,False
12351,100,75,9317,False,False,False
12352,100,76,9318,False,False,False
12353,100,77,9319,False,False,False
12354,100,78,9320,False,False,False
12355,100,79,9321,False,False,False
12356,100,80,9322,False,True,False
12357,100,81,9323,True,True,False
12358,100,82,9324,True,False,False
12359,100,83,9325,False,False,False
12360,100,84,9326,False,False,False
12361,100,85,9327,False,False,False
12362,100,86,9328,True,False,False
12363,100,87,9329,True,False,False
12364,100,88,9330,False,False,False
12365,100,89,9331,False,False,False
12366,100,90,9332,False,False,False
12367,100,91,9333,False,False,False
12368,100,92,9334,False,True,False
12369,100,93,9335,False,False,False
12370,100,94,9336,False,False,False
12371,100,95,9337,True,False,False
12372,100,96,9338,True,False,False
12373,100,97,9339,True,False,False
12374,100,98,9340,False,False,True
12375,100,99,9341,False,False,False
12376,100,100,9342,False,False,False
12377,100,101,9343,False,False,False
12378,100,102,9344,False,False,False
12379,100,103,9345,False,False,False
12380,100,104,9346,True,True,False
12381,100,105,9347,True,False,False
12382,100,106,9348,False,False,False
12383,100,107,9349,False,False,False
12384,100,108,9350,False,False,False
12385,100,109,9351,False,False,False
12386,100,110,9352,False,False,False
12387,100,111,9353,False,False,False
12388,100,112,9354,False,False,False
12389,100,113,9355,True,True,False
12390,100,114,9356,True,True,False
12391,100,115,9357,False,False,False
12392,100,116,9358,True,True,False
12393,100,117,9359,True,True,False
12394,100,118,9360,True,True,False
12395,100,119,9361,True,False,False
12396,100,120,9362,True,True,False
12397,100,121,9363,False,False,False
12406,101,6,9364,False,False,False
12407,101,7,9365,False,False,False
12408,101,8,9366,False,False,False
12409,101,9,9367,False,False,False
12410,101,10,9368,False,False,False
12411,101,11,9369,False,False,False
12412,101,12,9370,False,False,False
12413,101,13,9371,False,False,False
12414,101,14,9372,False,True,False
12415,101,15,9373,True,False,False
12416,101,16,9374,True,False,False
12417,101,17,9375,True,False,False
12418,101,18,9376,True,True,False
12419,101,19,9377,True,True,False
12420,101,20,9378,True,False,False
12421,101,21,9379,True,False,False
12422,101,22,9380,True,True,False
12423,101,23,9381,True,False,False
12424,101,24,9382,True,False,False
12425,101,25,9383,False,False,False
12426,101,26,9384,False,False,False
12427,101,27,9385,False,False,False
12428,101,28,9386,False,False,False
12429,101,29,9387,False,False,False
12430,101,30,9388,False,False,False
12431,101,31,9389,False,False,False
12432,101,32,9390,False,False,False
12433,101,33,9391,False,False,False
12434,101,34,9392,True,False,False
12435,101,35,9393,False,True,False
12436,101,36,9394,False,False,False
12437,101,37,9395,False,True,False
12438,101,38,9396,False,True,False
12439,101,39,9397,False,True,False
12440,101,40,9398,True,True,False
12441,101,41,9399,False,True,False
12442,101,42,9400,False,True,False
12443,101,43,9401,False,False,False
12444,101,44,9402,True,False,False
12445,101,45,9403,True,False,False
12446,101,46,9404,True,False,False
12447,101,47,9405,False,False,False
12448,101,48,9406,False,True,False
12449,101,49,9407,False,True,False
12450,101,50,9408,False,False,False
12451,101,51,9409,False,True,False
12452,101,52,9410,False,True,False
12453,101,53,9411,False,True,False
12454,101,54,9412,True,False,False
12455,101,55,9413,True,True,False
12456,101,56,9414,False,False,False
12457,101,57,9415,True,True,False
12458,101,58,9416,True,True,False
12459,101,59,9417,False,False,False
12460,101,60,9418,False,True,False
12461,101,61,9419,False,False,False
12462,101,62,9420,False,False,False
12463,101,63,9421,True,False,True
12464,101,64,9422,True,False,False
12465,101,65,9423,False,False,False
12466,101,66,9424,False,False,False
12467,101,67,9425,False,False,False
12468,101,68,9426,True,False,False
12469,101,69,9427,False,False,False
12470,101,70,9428,False,False,False
12471,101,71,9429,False,False,False
12472,101,72,9430,True,True,False
12473,101,73,9431,True,True,False
12474,101,74,9432,True,False,False
12475,101,75,9433,True,False,False
12476,101,76,9434,False,False,False
12477,101,77,9435,False,False,False
12478,101,78,9436,False,False,False
12479,101,79,9437,False,False,False
12480,101,80,9438,False,False,False
12481,101,81,9439,False,True,False
12482,101,82,9440,True,True,False
12483,101,83,9441,False,False,False
12484,101,84,9442,False,False,False
12485,101,85,9443,False,False,False
12486,101,86,9444,False,False,False
12487,101,87,9445,True,False,False
12488,101,88,9446,False,False,False
12489,101,89,9447,False,False,False
12490,101,90,9448,False,False,False
12491,101,91,9449,False,False,False
12492,101,92,9450,False,True,False
12493,101,93,9451,False,False,False
12494,101,94,9452,False,False,False
12495,101,95,9453,True,False,False
12496,101,96,9454,True,False,False
12497,101,97,9455,False,False,True
12498,101,98,9456,False,False,True
12499,101,99,9457,False,False,False
12500,101,100,9458,False,False,False
12501,101,101,9459,False,False,False
12502,101,102,9460,False,False,False
12503,101,103,9461,True,False,False
12504,101,104,9462,True,True,False
12505,101,105,9463,True,False,False
12506,101,106,9464,False,False,False
12507,101,107,9465,False,False,False
12508,101,108,9466,False,False,False
12509,101,109,9467,False,False,False
12510,101,110,9468,False,False,False
12511,101,111,9469,False,False,False
12512,101,112,9470,False,False,False
12513,101,113,9471,True,True,False
12514,101,114,9472,True,True,False
12515,101,115,9473,True,False,False
12516,101,116,9474,False,False,False
12517,101,117,9475,False,True,False
12518,101,118,9476,False,True,False
12519,101,119,9477,False,True,False
12520,101,120,9478,True,True,False
12530,102,6,9479,False,False,False
12531,102,7,9480,False,False,False
12532,102,8,9481,False,False,False
12533,102,9,9482,False,False,False
12534,102,10,9483,False,False,False
12535,102,11,9484,False,False,False
12536,102,12,9485,False,False,False
12537,102,13,9486,False,False,False
12538,102,14,9487,False,True,False
12539,102,15,9488,False,False,False
12540,102,16,9489,False,False,False
12541,102,17,9490,True,True,False
12542,102,18,9491,True,True,False
12543,102,19,9492,True,True,False
12544,102,20,9493,False,False,False
12545,102,21,9494,False,False,False
12546,102,22,9495,True,True,False
12547,102,23,9496,False,True,False
12548,102,24,9497,True,False,False
12549,102,25,9498,True,False,False
12550,102,26,9499,True,False,False
12551,102,27,9500,False,False,False
12552,102,28,9501,False,False,False
12553,102,29,9502,False,False,False
12554,102,30,9503,False,False,False
12555,102,31,9504,False,False,False
12556,102,32,9505,False,False,False
12557,102,33,9506,True,False,False
12558,102,34,9507,True,False,False
12559,102,35,9508,False,True,False
12560,102,36,9509,False,False,False
12561,102,37,9510,False,False,False
12562,102,38,9511,False,False,False
12563,102,39,9512,False,False,False
12564,102,40,9513,True,False,False
12565,102,41,9514,False,False,False
12566,102,42,9515,False,False,False
12567,102,43,9516,True,False,False
12568,102,44,9517,True,False,False
12569,102,45,9518,False,False,False
12570,102,46,9519,True,False,False
12571,102,47,9520,True,True,False
12572,102,48,9521,False,True,False
12573,102,49,9522,False,False,False
12574,102,50,9523,False,False,False
12575,102,51,9524,True,False,False
12576,102,52,9525,True,False,False
12577,102,53,9526,True,True,False
12578,102,54,9527,True,True,False
12579,102,55,9528,True,True,False
12580,102,56,9529,True,False,False
12581,102,57,9530,True,False,False
12582,102,58,9531,True,True,False
12583,102,59,9532,False,True,False
12584,102,60,9533,False,True,False
12585,102,61,9534,False,False,False
12586,102,62,9535,True,False,False
12587,102,63,9536,False,False,True
12588,102,64,9537,True,False,True
12589,102,65,9538,True,False,True
12590,102,66,9539,True,False,False
12591,102,67,9540,False,False,False
12592,102,68,9541,True,False,False
12593,102,69,9542,False,False,False
12594,102,70,9543,False,False,False
12595,102,71,9544,False,False,False
12596,102,72,9545,False,True,False
12597,102,73,9546,True,False,False
12598,102,74,9547,False,False,False
12599,102,75,9548,True,False,False
12600,102,76,9549,True,False,False
12601,102,77,9550,True,False,False
12602,102,78,9551,True,False,False
12603,102,79,9552,True,False,False
12604,102,80,9553,True,False,False
12605,102,81,9554,True,True,False
12606,102,82,9555,True,False,False
12607,102,83,9556,False,False,False
12608,102,84,9557,False,False,False
12609,102,85,9558,False,False,False
12610,102,86,9559,True,False,False
12611,102,87,9560,True,False,False
12612,102,88,9561,False,False,False
12613,102,89,9562,False,False,False
12614,102,90,9563,False,False,False
12615,102,91,9564,False,False,False
12616,102,92,9565,False,True,False
12617,102,93,9566,False,False,False
12618,102,94,9567,False,False,False
12619,102,95,9568,True,False,False
12620,102,96,9569,True,False,False
12621,102,97,9570,True,False,True
12622,102,98,9571,True,False,False
12623,102,99,9572,True,False,False
12624,102,100,9573,True,False,False
12625,102,101,9574,True,False,False
12626,102,102,9575,True,False,False
12627,102,103,9576,True,False,False
12628,102,104,9577,True,True,False
12629,102,105,9578,False,True,False
12630,102,106,9579,False,True,False
12631,102,107,9580,False,False,False
12632,102,108,9581,False,True,False
12633,102,109,9582,False,False,False
12634,102,110,9583,False,True,False
12635,102,111,9584,False,True,False
12636,102,112,9585,False,False,False
12637,102,113,9586,True,True,False
12638,102,114,9587,False,False,False
12639,102,115,9588,True,False,False
12640,102,116,9589,False,False,False
12641,102,117,9590,False,False,False
12642,102,118,9591,False,True,False
12643,102,119,9592,False,True,False
12644,102,120,9593,False,False,False
12653,103,5,9594,False,False,False
12654,103,6,9595,False,False,False
12655,103,7,9596,False,False,False
12656,103,8,9597,False,False,False
12657,103,9,9598,False,False,False
12658,103,10,9599,False,False,False
12659,103,11,9600,False,False,False
12660,103,12,9601,False,False,False
12661,103,13,9602,False,False,False
12662,103,14,9603,False,True,False
12663,103,15,9604,False,True,False
12664,103,16,9605,False,False,False
12665,103,17,9606,False,True,False
12666,103,18,9607,True,False,False
12667,103,19,9608,True,False,False
12668,103,20,9609,False,False,False
12669,103,21,9610,False,False,False
12670,103,22,9611,True,True,False
12671,103,23,9612,False,True,False
12672,103,24,9613,False,False,False
12673,103,25,9614,False,False,False
12674,103,26,9615,True,False,False
12675,103,27,9616,True,False,False
12676,103,28,9617,False,False,False
12677,103,29,9618,False,False,False
12678,103,30,9619,False,False,False
12679,103,31,9620,False,False,False
12680,103,32,9621,False,False,False
12681,103,33,9622,True,False,False
12682,103,34,9623,False,False,False
12683,103,35,9624,False,True,False
12684,103,36,9625,False,False,False
12685,103,37,9626,False,False,False
12686,103,38,9627,False,False,False
12687,103,39,9628,False,False,False
12688,103,40,9629,True,False,False
12689,103,41,9630,False,False,False
12690,103,42,9631,True,False,False
12691,103,43,9632,True,False,False
12692,103,44,9633,False,False,False
12693,103,45,9634,False,False,False
12694,103,46,9635,False,False,False
12695,103,47,9636,True,True,False
12696,103,48,9637,True,False,False
12697,103,49,9638,True,False,False
12698,103,50,9639,True,False,False
12699,103,51,9640,True,False,False
12700,103,52,9641,False,False,False
12701,103,53,9642,False,False,False
12702,103,54,9643,True,False,False
12703,103,55,9644,True,True,False
12704,103,56,9645,False,True,False
12705,103,57,9646,False,True,False
12706,103,58,9647,True,True,False
12707,103,59,9648,True,True,False
12708,103,60,9649,False,True,False
12709,103,61,9650,False,False,False
12710,103,62,9651,True,False,False
12711,103,63,9652,False,False,False
12712,103,64,9653,False,False,False
12713,103,65,9654,False,False,True
12714,103,66,9655,True,True,True
12715,103,67,9656,True,True,False
12716,103,68,9657,True,False,False
12717,103,69,9658,False,False,False
12718,103,70,9659,False,False,False
12719,103,71,9660,False,True,False
12720,103,72,9661,False,True,False
12721,103,73,9662,True,False,False
12722,103,74,9663,False,False,False
12723,103,75,9664,False,False,False
12724,103,76,9665,False,False,False
12725,103,77,9666,False,False,False
12726,103,78,9667,False,False,False
12727,103,79,9668,False,False,False
12728,103,80,9669,False,False,False
12729,103,81,9670,False,True,False
12730,103,82,9671,True,True,False
12731,103,83,9672,True,False,False
12732,103,84,9673,False,False,False
12733,103,85,9674,False,False,False
12734,103,86,9675,True,False,False
12735,103,87,9676,False,False,False
12736,103,88,9677,False,False,False
12737,103,89,9678,False,False,False
12738,103,90,9679,False,False,False
12739,103,91,9680,False,True,False
12740,103,92,9681,False,True,False
12741,103,93,9682,False,False,False
12742,103,94,9683,False,False,False
12743,103,95,9684,True,False,False
12744,103,96,9685,False,False,True
12745,103,97,9686,True,False,True
12746,103,98,9687,False,False,False
12747,103,99,9688,False,False,False
12748,103,100,9689,False,False,False
12749,103,101,9690,False,False,False
12750,103,102,9691,True,False,False
12751,103,103,9692,True,True,False
12752,103,104,9693,True,True,False
12753,103,105,9694,False,False,False
12754,103,106,9695,False,True,False
12755,103,107,9696,False,True,False
12756,103,108,9697,False,True,False
12757,103,109,9698,False,True,False
12758,103,110,9699,False,True,False
12759,103,111,9700,False,True,False
12760,103,112,9701,True,True,False
12761,103,113,9702,True,True,False
12762,103,114,9703,False,False,False
12763,103,115,9704,True,False,False
12764,103,116,9705,True,False,False
12765,103,117,9706,False,False,False
12766,103,118,9707,False,True,False
12767,103,119,9708,False,True,False
12777,104,5,9709,False,False,False
12778,104,6,9710,True,False,False
12779,104,7,9711,True,False,False
12780,104,8,9712,False,False,False
12781,104,9,9713,False,False,False
12782,104,10,9714,False,False,False
12783,104,11,9715,False,False,False
12784,104,12,9716,False,False,False
12785,104,13,9717,False,False,False
12786,104,14,9718,False,False,False
12787,104,15,9719,False,True,False
12788,104,16,9720,False,False,False
12789,104,17,9721,False,True,False
12790,104,18,9722,True,False,False
12791,104,19,9723,False,False,False
12792,104,20,9724,False,False,False
12793,104,21,9725,False,True,False
12794,104,22,9726,True,True,False
12795,104,23,9727,False,False,False
12796,104,24,9728,False,False,False
12797,104,25,9729,False,False,False
12798,104,26,9730,False,False,False
12799,104,27,9731,True,False,False
12800,104,28,9732,True,False,False
12801,104,29,9733,False,False,False
12802,104,30,9734,False,False,False
12803,104,31,9735,False,False,False
12804,104,32,9736,True,False,False
12805,104,33,9737,True,False,False
12806,104,34,9738,False,False,False
12807,104,35,9739,False,True,False
12808,104,36,9740,False,False,False
12809,104,37,9741,False,False,False
12810,104,38,9742,False,False,False
12811,104,39,9743,False,False,False
12812,104,40,9744,True,False,False
12813,104,41,9745,True,False,False
12814,104,42,9746,True,False,False
12815,104,43,9747,False,False,False
12816,104,44,9748,False,False,False
12817,104,45,9749,False,False,False
12818,104,46,9750,True,True,False
12819,104,47,9751,True,True,False
12820,104,48,9752,False,False,False
12821,104,49,9753,False,False,False
12822,104,50,9754,False,False,False
12823,104,51,9755,False,False,False
12824,104,52,9756,False,False,False
12825,104,53,9757,False,False,False
12826,104,54,9758,True,False,False
12827,104,55,9759,True,True,False
12828,104,56,9760,False,False,False
12829,104,57,9761,False,False,False
12830,104,58,9762,False,False,False
12831,104,59,9763,True,False,False
12832,104,60,9764,True,True,False
12833,104,61,9765,True,True,False
12834,104,62,9766,True,True,False
12835,104,63,9767,False,False,False
12836,104,64,9768,False,False,False
12837,104,65,9769,False,False,False
12838,104,66,9770,False,False,True
12839,104,67,9771,True,True,False
12840,104,68,9772,True,True,False
12841,104,69,9773,False,False,False
12842,104,70,9774,False,True,False
12843,104,71,9775,False,True,False
12844,104,72,9776,False,False,False
12845,104,73,9777,True,False,False
12846,104,74,9778,False,False,False
12847,104,75,9779,False,False,False
12848,104,76,9780,False,False,False
12849,104,77,9781,False,False,False
12850,104,78,9782,False,False,False
12851,104,79,9783,False,False,False
12852,104,80,9784,False,False,False
12853,104,81,9785,False,False,False
12854,104,82,9786,True,True,False
12855,104,83,9787,True,True,False
12856,104,84,9788,False,False,False
12857,104,85,9789,False,False,False
12858,104,86,9790,True,False,False
12859,104,87,9791,False,False,False
12860,104,88,9792,False,False,False
12861,104,89,9793,False,False,False
12862,104,90,9794,False,False,False
12863,104,91,9795,False,False,False
12864,104,92,9796,False,True,False
12865,104,93,9797,False,False,False
12866,104,94,9798,True,False,False
12867,104,95,9799,True,False,True
12868,104,96,9800,False,False,True
12869,104,97,9801,False,False,False
12870,104,98,9802,False,False,False
12871,104,99,9803,False,False,False
12872,104,100,9804,False,False,False
12873,104,101,9805,False,False,False
12874,104,102,9806,True,False,False
12875,104,103,9807,False,True,False
12876,104,104,9808,True,False,False
12877,104,105,9809,False,False,False
12878,104,106,9810,False,True,False
12879,104,107,9811,False,True,False
12880,104,108,9812,False,False,False
12881,104,109,9813,False,False,False
12882,104,110,9814,False,False,False
12883,104,111,9815,False,True,False
12884,104,112,9816,True,False,False
12885,104,113,9817,True,False,False
12886,104,114,9818,False,False,False
12887,104,115,9819,False,False,False
12888,104,116,9820,True,False,False
12889,104,117,9821,True,True,False
12890,104,118,9822,False,True,False
12891,104,119,9823,False,False,False
12901,105,5,9824,False,False,False
12902,105,6,9825,True,False,False
12903,105,7,9826,True,False,False
12904,105,8,9827,False,False,False
12905,105,9,9828,False,False,False
12906,105,10,9829,False,False,False
12907,105,11,9830,False,False,False
12908,105,12,9831,False,False,False
12909,105,13,9832,False,False,False
12910,105,14,9833,False,False,False
12911,105,15,9834,False,True,False
12912,105,16,9835,False,True,False
12913,105,17,9836,False,True,False
12914,105,18,9837,True,True,False
12915,105,19,9838,False,False,False
12916,105,20,9839,False,False,False
12917,105,21,9840,False,True,False
12918,105,22,9841,True,True,False
12919,105,23,9842,True,False,False
12920,105,24,9843,False,False,False
12921,105,25,9844,False,False,False
12922,105,26,9845,False,False,False
12923,105,27,9846,False,False,False
12924,105,28,9847,True,False,False
12925,105,29,9848,True,False,False
12926,105,30,9849,True,False,False
12927,105,31,9850,False,False,False
12928,105,32,9851,True,False,False
12929,105,33,9852,False,False,False
12930,105,34,9853,False,False,False
12931,105,35,9854,False,True,False
12932,105,36,9855,False,False,False
12933,105,37,9856,False,False,False
12934,105,38,9857,False,False,False
12935,105,39,9858,False,False,False
12936,105,40,9859,True,True,False
12937,105,41,9860,True,True,False
12938,105,42,9861,True,False,False
12939,105,43,9862,True,False,False
12940,105,44,9863,True,False,False
12941,105,45,9864,True,True,False
12942,105,46,9865,True,True,False
12943,105,47,9866,True,False,False
12944,105,48,9867,True,False,False
12945,105,49,9868,False,False,False
12946,105,50,9869,False,False,False
12947,105,51,9870,False,False,False
12948,105,52,9871,False,False,False
12949,105,53,9872,False,False,False
12950,105,54,9873,True,False,False
12951,105,55,9874,False,True,False
12952,105,56,9875,False,False,False
12953,105,57,9876,False,False,False
12954,105,58,9877,False,False,False
12955,105,59,9878,False,True,False
12956,105,60,9879,True,True,False
12957,105,61,9880,True,False,False
12958,105,62,9881,True,True,False
12959,105,63,9882,False,True,False
12960,105,64,9883,False,True,False
12961,105,65,9884,False,False,False
12962,105,66,9885,False,False,True
12963,105,67,9886,False,False,True
12964,105,68,9887,True,True,False
12965,105,69,9888,True,False,False
12966,105,70,9889,True,True,False
12967,105,71,9890,False,False,False
12968,105,72,9891,False,False,False
12969,105,73,9892,True,False,False
12970,105,74,9893,False,False,False
12971,105,75,9894,False,False,False
12972,105,76,9895,False,False,False
12973,105,77,9896,False,False,False
12974,105,78,9897,False,False,False
12975,105,79,9898,False,False,False
12976,105,80,9899,False,False,False
12977,105,81,9900,False,False,False
12978,105,82,9901,False,False,False
12979,105,83,9902,True,True,False
12980,105,84,9903,True,False,False
12981,105,85,9904,True,False,False
12982,105,86,9905,True,False,False
12983,105,87,9906,False,False,False
12984,105,88,9907,False,False,False
12985,105,89,9908,False,False,False
12986,105,90,9909,False,False,False
12987,105,91,9910,False,False,False
12988,105,92,9911,False,True,False
12989,105,93,9912,True,False,False
12990,105,94,9913,True,False,True
12991,105,95,9914,False,False,True
12992,105,96,9915,False,False,False
12993,105,97,9916,False,False,False
12994,105,98,9917,False,False,False
12995,105,99,9918,False,False,False
12996,105,100,9919,False,False,False
12997,105,101,9920,True,False,False
12998,105,102,9921,True,True,False
12999,105,103,9922,True,True,False
13000,105,104,9923,True,False,False
13001,105,105,9924,False,False,False
13002,105,106,9925,False,False,False
13003,105,107,9926,False,False,False
13004,105,108,9927,False,False,False
13005,105,109,9928,False,False,False
13006,105,110,9929,False,True,False
13007,105,111,9930,False,True,False
13008,105,112,9931,True,False,False
13009,105,113,9932,True,False,False
13010,105,114,9933,False,False,False
13011,105,115,9934,False,False,False
13012,105,116,9935,True,False,False
13013,105,117,9936,True,False,False
13014,105,118,9937,True,False,False
13025,106,5,9938,False,False,False
13026,106,6,9939,False,False,False
13027,106,7,9940,True,False,False
13028,106,8,9941,True,False,False
13029,106,9,9942,True,False,False
13030,106,10,9943,False,False,False
13031,106,11,9944,False,False,False
13032,106,12,9945,False,False,False
13033,106,13,9946,False,False,False
13034,106,14,9947,False,False,False
13035,106,15,9948,False,False,False
13036,106,16,9949,False,True,False
13037,106,17,9950,True,True,False
13038,106,18,9951,True,False,False
13039,106,19,9952,False,False,False
13040,106,20,9953,False,False,False
13041,106,21,9954,False,False,False
13042,106,22,9955,False,False,False
13043,106,23,9956,True,False,False
13044,106,24,9957,False,False,False
13045,106,25,9958,True,False,False
13046,106,26,9959,True,False,False
13047,106,27,9960,True,False,False
13048,106,28,9961,True,False,False
13049,106,29,9962,True,False,False
13050,106,30,9963,True,False,False
13051,106,31,9964,True,False,False
13052,106,32,9965,True,True,False
13053,106,33,9966,False,True,False
13054,106,34,9967,False,True,False
13055,106,35,9968,False,True,False
13056,106,36,9969,False,False,False
13057,106,37,9970,False,False,False
13058,106,38,9971,False,False,False
13059,106,39,9972,True,False,False
13060,106,40,9973,True,False,False
13061,106,41,9974,False,True,False
13062,106,42,9975,False,False,False
13063,106,43,9976,False,True,False
13064,106,44,9977,False,True,False
13065,106,45,9978,False,True,False
13066,106,46,9979,False,False,False
13067,106,47,9980,False,False,False
13068,106,48,9981,True,False,False
13069,106,49,9982,False,False,False
13070,106,50,9983,False,False,False
13071,106,51,9984,False,False,False
13072,106,52,9985,False,False,False
13073,106,53,9986,False,False,False
13074,106,54,9987,True,False,False
13075,106,55,9988,False,True,False
13076,106,56,9989,False,False,False
13077,106,57,9990,False,False,False
13078,106,58,9991,False,False,False
13079,106,59,9992,True,True,False
13080,106,60,9993,True,False,False
13081,106,61,9994,False,False,False
13082,106,62,9995,True,False,False
13083,106,63,9996,True,False,False
13084,106,64,9997,False,True,False
13085,106,65,9998,False,True,False
13086,106,66,9999,False,False,False
13087,106,67,10000,False,False,True
13088,106,68,10001,True,True,True
13089,106,69,10002,True,True,False
13090,106,70,10003,True,True,False
13091,106,71,10004,True,False,False
13092,106,72,10005,True,False,False
13093,106,73,10006,True,False,False
13094,106,74,10007,True,False,False
13095,106,75,10008,True,False,False
13096,106,76,10009,True,False,False
13097,106,77,10010,False,False,False
13098,106,78,10011,False,False,False
13099,106,79,10012,False,False,False
13100,106,80,10013,False,False,False
13101,106,81,10014,False,False,False
13102,106,82,10015,False,False,False
13103,106,83,10016,False,True,False
13104,106,84,10017,False,False,False
13105,106,85,10018,True,False,False
13106,106,86,10019,True,False,False
13107,106,87,10020,True,False,False
13108,106,88,10021,True,False,False
13109,106,89,10022,False,False,False
13110,106,90,10023,False,False,False
13111,106,91,10024,False,False,False
13112,106,92,10025,True,True,False
13113,106,93,10026,True,False,False
13114,106,94,10027,False,False,True
13115,106,95,10028,False,False,False
13116,106,96,10029,False,False,False
13117,106,97,10030,False,False,False
13118,106,98,10031,False,False,False
13119,106,99,10032,False,False,False
13120,106,100,10033,False,False,False
13121,106,101,10034,True,False,False
13122,106,102,10035,False,True,False
13123,106,103,10036,True,False,False
13124,106,104,10037,True,False,False
13125,106,105,10038,False,False,False
13126,106,106,10039,False,False,False
13127,106,107,10040,False,False,False
13128,106,108,10041,False,False,False
13129,106,109,10042,False,False,False
13130,106,110,10043,True,True,False
13131,106,111,10044,True,False,False
13132,106,112,10045,True,False,False
13133,106,113,10046,False,False,False
13134,106,114,10047,False,False,False
13135,106,115,10048,False,False,False
13136,106,116,10049,False,False,False
13137,106,117,10050,False,False,False
13138,106,118,10051,True,False,False
13148,107,4,10052,False,False,False
13149,107,5,10053,False,False,False
13150,107,6,10054,False,False,False
13151,107,7,10055,False,False,False
13152,107,8,10056,True,False,False
13153,107,9,10057,True,False,False
13154,107,10,10058,True,False,False
13155,107,11,10059,True,False,False
13156,107,12,10060,False,False,False
13157,107,13,10061,False,False,False
13158,107,14,10062,True,False,False
13159,107,15,10063,True,False,False
13160,107,16,10064,True,False,False
13161,107,17,10065,True,True,False
13162,107,18,10066,True,True,False
13163,107,19,10067,True,False,False
13164,107,20,10068,False,False,False
13165,107,21,10069,False,False,False
13166,107,22,10070,False,False,False
13167,107,23,10071,True,False,False
13168,107,24,10072,True,False,False
13169,107,25,10073,True,False,False
13170,107,26,10074,False,False,False
13171,107,27,10075,False,False,False
13172,107,28,10076,True,False,False
13173,107,29,10077,True,False,False
13174,107,30,10078,False,False,False
13175,107,31,10079,True,False,False
13176,107,32,10080,True,False,False
13177,107,33,10081,True,False,False
13178,107,34,10082,True,True,False
13179,107,35,10083,False,True,False
13180,107,36,10084,False,False,False
13181,107,37,10085,True,False,False
13182,107,38,10086,True,False,False
13183,107,39,10087,True,False,False
13184,107,40,10088,False,False,False
13185,107,41,10089,False,True,False
13186,107,42,10090,False,True,False
13187,107,43,10091,False,True,False
13188,107,44,10092,False,False,False
13189,107,45,10093,False,False,False
13190,107,46,10094,False,False,False
13191,107,47,10095,False,False,False
13192,107,48,10096,True,False,False
13193,107,49,10097,False,False,False
13194,107,50,10098,False,False,False
13195,107,51,10099,False,False,False
13196,107,52,10100,False,False,False
13197,107,53,10101,True,False,False
13198,107,54,10102,True,True,False
13199,107,55,10103,False,True,False
13200,107,56,10104,False,False,False
13201,107,57,10105,False,False,False
13202,107,58,10106,False,False,False
13203,107,59,10107,True,True,False
13204,107,60,10108,False,False,False
13205,107,61,10109,False,False,False
13206,107,62,10110,False,False,False
13207,107,63,10111,True,False,False
13208,107,64,10112,True,False,False
13209,107,65,10113,False,True,False
13210,107,66,10114,False,True,False
13211,107,67,10115,False,False,False
13212,107,68,10116,True,False,True
13213,107,69,10117,True,True,False
13214,107,70,10118,False,True,False
13215,107,71,10119,False,False,False
13216,107,72,10120,True,False,False
13217,107,73,10121,True,False,False
13218,107,74,10122,False,False,False
13219,107,75,10123,False,False,False
13220,107,76,10124,True,False,False
13221,107,77,10125,True,False,False
13222,107,78,10126,False,False,False
13223,107,79,10127,False,False,False
13224,107,80,10128,False,False,False
13225,107,81,10129,False,False,False
13226,107,82,10130,False,False,False
13227,107,83,10131,False,True,False
13228,107,84,10132,False,True,False
13229,107,85,10133,True,False,False
13230,107,86,10134,False,False,False
13231,107,87,10135,True,False,False
13232,107,88,10136,True,False,False
13233,107,89,10137,True,False,False
13234,107,90,10138,True,False,False
13235,107,91,10139,True,True,False
13236,107,92,10140,True,True,True
13237,107,93,10141,False,True,True
13238,107,94,10142,False,False,True
13239,107,95,10143,False,False,False
13240,107,96,10144,False,False,False
13241,107,97,10145,False,False,False
13242,107,98,10146,False,False,False
13243,107,99,10147,False,False,False
13244,107,100,10148,False,False,False
13245,107,101,10149,True,False,False
13246,107,102,10150,True,True,False
13247,107,103,10151,True,False,False
13248,107,104,10152,True,False,False
13249,107,105,10153,True,False,False
13250,107,106,10154,False,False,False
13251,107,107,10155,False,False,False
13252,107,108,10156,False,False,False
13253,107,109,10157,True,True,False
13254,107,110,10158,True,True,False
13255,107,111,10159,False,False,False
13256,107,112,10160,False,False,False
13257,107,113,10161,False,False,False
13258,107,114,10162,False,False,False
13259,107,115,10163,False,False,False
13260,107,116,10164,False,False,False
13261,107,117,10165,False,False,False
13272,108,4,10166,False,False,False
13273,108,5,10167,False,False,False
13274,108,6,10168,False,False,False
13275,108,7,10169,False,False,False
13276,108,8,10170,False,False,False
13277,108,9,10171,False,False,False
13278,108,10,10172,False,False,False
13279,108,11,10173,True,False,False
13280,108,12,10174,True,True,False
13281,108,13,10175,True,True,False
13282,108,14,10176,True,False,False
13283,108,15,10177,False,True,False
13284,108,16,10178,True,True,False
13285,108,17,10179,True,True,False
13286,108,18,10180,False,True,False
13287,108,19,10181,True,True,False
13288,108,20,10182,False,False,False
13289,108,21,10183,True,False,False
13290,108,22,10184,True,False,False
13291,108,23,10185,True,False,False
13292,108,24,10186,False,False,False
13293,108,25,10187,False,False,False
13294,108,26,10188,False,False,False
13295,108,27,10189,False,False,False
13296,108,28,10190,False,False,False
13297,108,29,10191,False,False,False
13298,108,30,10192,False,False,False
13299,108,31,10193,True,False,False
13300,108,32,10194,False,False,False
13301,108,33,10195,False,False,False
13302,108,34,10196,True,True,False
13303,108,35,10197,True,False,False
13304,108,36,10198,True,False,False
13305,108,37,10199,True,False,False
13306,108,38,10200,False,False,False
13307,108,39,10201,False,False,False
13308,108,40,10202,False,False,False
13309,108,41,10203,False,False,False
13310,108,42,10204,False,True,False
13311,108,43,10205,False,False,False
13312,108,44,10206,False,False,False
13313,108,45,10207,False,False,False
13314,108,46,10208,False,False,False
13315,108,47,10209,False,False,False
13316,108,48,10210,True,False,False
13317,108,49,10211,True,False,False
13318,108,50,10212,False,False,False
13319,108,51,10213,False,False,False
13320,108,52,10214,False,False,False
13321,108,53,10215,True,False,False
13322,108,54,10216,False,True,False
13323,108,55,10217,False,False,False
13324,108,56,10218,False,False,False
13325,108,57,10219,False,False,False
13326,108,58,10220,False,False,False
13327,108,59,10221,True,True,False
13328,108,60,10222,False,False,False
13329,108,61,10223,False,False,False
13330,108,62,10224,False,False,False
13331,108,63,10225,False,False,False
13332,108,64,10226,True,False,False
13333,108,65,10227,True,False,False
13334,108,66,10228,False,True,False
13335,108,67,10229,False,True,False
13336,108,68,10230,True,False,True
13337,108,69,10231,True,True,False
13338,108,70,10232,False,False,False
13339,108,71,10233,False,False,False
13340,108,72,10234,True,False,False
13341,108,73,10235,False,False,False
13342,108,74,10236,False,False,False
13343,108,75,10237,False,False,False
13344,108,76,10238,False,False,False
13345,108,77,10239,True,False,False
13346,108,78,10240,True,False,False
13347,108,79,10241,True,False,False
13348,108,80,10242,True,False,False
13349,108,81,10243,False,False,False
13350,108,82,10244,False,False,False
13351,108,83,10245,False,False,False
13352,108,84,10246,True,True,False
13353,108,85,10247,True,False,False
13354,108,86,10248,False,False,False
13355,108,87,10249,True,False,False
13356,108,88,10250,False,False,False
13357,108,89,10251,False,False,False
13358,108,90,10252,True,False,False
13359,108,91,10253,True,True,True
13360,108,92,10254,False,False,True
13361,108,93,10255,False,True,False
13362,108,94,10256,False,True,False
13363,108,95,10257,False,True,False
13364,108,96,10258,False,True,False
13365,108,97,10259,False,True,False
13366,108,98,10260,False,False,False
13367,108,99,10261,False,False,False
13368,108,100,10262,False,False,False
13369,108,101,10263,True,False,False
13370,108,102,10264,True,True,False
13371,108,103,10265,True,False,False
13372,108,104,10266,False,False,False
13373,108,105,10267,True,False,False
13374,108,106,10268,True,False,False
13375,108,107,10269,False,False,False
13376,108,108,10270,False,False,False
13377,108,109,10271,True,True,False
13378,108,110,10272,False,False,False
13379,108,111,10273,False,False,False
13380,108,112,10274,False,False,False
13381,108,113,10275,False,False,False
13382,108,114,10276,False,False,False
13383,108,115,10277,False,False,False
13384,108,116,10278,False,False,False
13385,108,117,10279,False,False,False
13396,109,4,10280,False,False,False
13397,109,5,10281,False,False,False
13398,109,6,10282,False,False,False
13399,109,7,10283,False,False,False
13400,109,8,10284,False,False,False
13401,109,9,10285,False,False,False
13402,109,10,10286,False,False,False
13403,109,11,10287,False,False,False
13404,109,12,10288,False,True,False
13405,109,13,10289,False,True,False
13406,109,14,10290,False,True,False
13407,109,15,10291,False,True,False
13408,109,16,10292,True,False,False
13409,109,17,10293,False,False,False
13410,109,18,10294,False,False,False
13411,109,19,10295,True,True,False
13412,109,20,10296,True,True,False
13413,109,21,10297,True,True,False
13414,109,22,10298,False,False,False
13415,109,23,10299,False,False,False
13416,109,24,10300,False,False,False
13417,109,25,10301,False,False,False
13418,109,26,10302,False,False,False
13419,109,27,10303,False,False,False
13420,109,28,10304,False,False,False
13421,109,29,10305,False,False,False
13422,109,30,10306,False,False,False
13423,109,31,10307,True,False,False
13424,109,32,10308,False,False,False
13425,109,33,10309,False,False,False
13426,109,34,10310,False,True,False
13427,109,35,10311,True,False,False
13428,109,36,10312,True,False,False
13429,109,37,10313,True,False,False
13430,109,38,10314,True,False,False
13431,109,39,10315,False,False,False
13432,109,40,10316,False,False,False
13433,109,41,10317,False,True,False
13434,109,42,10318,False,True,False
13435,109,43,10319,False,False,False
13436,109,44,10320,False,False,False
13437,109,45,10321,False,False,False
13438,109,46,10322,False,False,False
13439,109,47,10323,False,False,False
13440,109,48,10324,False,False,False
13441,109,49,10325,True,False,False
13442,109,50,10326,False,False,False
13443,109,51,10327,False,False,False
13444,109,52,10328,False,False,False
13445,109,53,10329,True,False,False
13446,109,54,10330,False,True,False
13447,109,55,10331,False,False,False
13448,109,56,10332,False,False,False
13449,109,57,10333,False,False,False
13450,109,58,10334,False,False,False
13451,109,59,10335,True,True,False
13452,109,60,10336,False,False,False
13453,109,61,10337,False,False,False
13454,109,62,10338,False,False,False
13455,109,63,10339,False,False,False
13456,109,64,10340,False,False,False
13457,109,65,10341,True,False,False
13458,109,66,10342,True,False,False
13459,109,67,10343,True,True,False
13460,109,68,10344,True,True,True
13461,109,69,10345,False,True,True
13462,109,70,10346,False,False,True
13463,109,71,10347,True,False,False
13464,109,72,10348,True,False,False
13465,109,73,10349,False,False,False
13466,109,74,10350,False,False,False
13467,109,75,10351,False,False,True
13468,109,76,10352,False,False,True
13469,109,77,10353,False,False,True
13470,109,78,10354,False,False,False
13471,109,79,10355,False,False,False
13472,109,80,10356,True,False,False
13473,109,81,10357,True,False,False
13474,109,82,10358,True,False,False
13475,109,83,10359,True,False,False
13476,109,84,10360,True,True,False
13477,109,85,10361,True,True,False
13478,109,86,10362,False,False,False
13479,109,87,10363,True,False,False
13480,109,88,10364,True,False,False
13481,109,89,10365,True,False,False
13482,109,90,10366,True,False,False
13483,109,91,10367,True,True,True
13484,109,92,10368,False,True,False
13485,109,93,10369,False,True,False
13486,109,94,10370,False,False,False
13487,109,95,10371,False,False,False
13488,109,96,10372,False,False,False
13489,109,97,10373,False,True,False
13490,109,98,10374,False,True,False
13491,109,99,10375,False,True,False
13492,109,100,10376,False,True,False
13493,109,101,10377,True,True,False
13494,109,102,10378,True,True,False
13495,109,103,10379,False,False,False
13496,109,104,10380,False,False,False
13497,109,105,10381,False,False,False
13498,109,106,10382,True,False,False
13499,109,107,10383,True,False,False
13500,109,108,10384,True,False,False
13501,109,109,10385,True,True,False
13502,109,110,10386,False,False,False
13503,109,111,10387,False,False,False
13504,109,112,10388,False,False,False
13505,109,113,10389,False,False,False
13506,109,114,10390,False,False,False
13507,109,115,10391,False,False,False
13508,109,116,10392,False,False,False
13519,110,3,10393,False,False,False
13520,110,4,10394,False,False,False
13521,110,5,10395,False,False,False
13522,110,6,10396,False,False,False
13523,110,7,10397,False,False,False
13524,110,8,10398,False,False,False
13525,110,9,10399,False,False,False
13526,110,10,10400,False,False,False
13527,110,11,10401,False,False,False
13528,110,12,10402,False,False,False
13529,110,13,10403,False,True,False
13530,110,14,10404,False,False,False
13531,110,15,10405,False,False,False
13532,110,16,10406,True,False,False
13533,110,17,10407,False,False,False
13534,110,18,10408,False,False,False
13535,110,19,10409,False,False,False
13536,110,20,10410,True,False,False
13537,110,21,10411,True,True,False
13538,110,22,10412,True,True,False
13539,110,23,10413,False,False,False
13540,110,24,10414,False,False,False
13541,110,25,10415,False,False,False
13542,110,26,10416,False,False,False
13543,110,27,10417,False,False,False
13544,110,28,10418,False,False,False
13545,110,29,10419,False,False,False
13546,110,30,10420,False,False,False
13547,110,31,10421,True,False,False
13548,110,32,10422,False,False,False
13549,110,33,10423,False,False,False
13550,110,34,10424,True,True,False
13551,110,35,10425,True,False,False
13552,110,36,10426,True,False,False
13553,110,37,10427,False,False,False
13554,110,38,10428,True,False,False
13555,110,39,10429,True,False,False
13556,110,40,10430,False,True,False
13557,110,41,10431,False,True,False
13558,110,42,10432,False,False,False
13559,110,43,10433,True,False,False
13560,110,44,10434,True,False,False
13561,110,45,10435,False,False,False
13562,110,46,10436,False,False,False
13563,110,47,10437,False,False,False
13564,110,48,10438,True,False,False
13565,110,49,10439,True,False,False
13566,110,50,10440,False,False,False
13567,110,51,10441,False,False,False
13568,110,52,10442,False,False,False
13569,110,53,10443,True,False,False
13570,110,54,10444,False,True,False
13571,110,55,10445,False,False,False
13572,110,56,10446,False,False,False
13573,110,57,10447,False,False,False
13574,110,58,10448,False,False,False
13575,110,59,10449,True,True,False
13576,110,60,10450,False,False,False
13577,110,61,10451,False,False,False
13578,110,62,10452,False,False,False
13579,110,63,10453,False,False,False
13580,110,64,10454,False,False,False
13581,110,65,10455,False,True,False
13582,110,66,10456,True,True,False
13583,110,67,10457,True,True,False
13584,110,68,10458,False,False,False
13585,110,69,10459,False,True,False
13586,110,70,10460,True,False,True
13587,110,71,10461,True,False,False
13588,110,72,10462,False,False,False
13589,110,73,10463,False,False,True
13590,110,74,10464,False,False,True
13591,110,75,10465,False,False,True
13592,110,76,10466,False,False,True
13593,110,77,10467,False,False,True
13594,110,78,10468,False,False,True
13595,110,79,10469,False,False,True
13596,110,80,10470,False,False,True
13597,110,81,10471,False,False,False
13598,110,82,10472,False,False,False
13599,110,83,10473,True,False,False
13600,110,84,10474,False,False,False
13601,110,85,10475,True,True,False
13602,110,86,10476,True,True,False
13603,110,87,10477,True,False,False
13604,110,88,10478,True,False,True
13605,110,89,10479,False,False,True
13606,110,90,10480,False,True,True
13607,110,91,10481,True,True,True
13608,110,92,10482,True,True,False
13609,110,93,10483,False,True,False
13610,110,94,10484,False,True,False
13611,110,95,10485,False,False,False
13612,110,96,10486,False,False,False
13613,110,97,10487,False,False,False
13614,110,98,10488,False,False,False
13615,110,99,10489,False,False,False
13616,110,100,10490,True,False,False
13617,110,101,10491,True,True,False
13618,110,102,10492,True,False,False
13619,110,103,10493,False,False,False
13620,110,104,10494,False,False,False
13621,110,105,10495,False,False,False
13622,110,106,10496,False,False,False
13623,110,107,10497,False,False,False
13624,110,108,10498,True,False,False
13625,110,109,10499,True,True,False
13626,110,110,10500,False,False,False
13627,110,111,10501,False,False,False
13628,110,112,10502,False,False,False
13629,110,113,10503,False,False,False
13630,110,114,10504,False,False,False
13631,110,115,10505,False,False,False
13632,110,116,10506,False,False,False
13643,111,3,10507,False,False,False
13644,111,4,10508,False,False,False
13645,111,5,10509,False,False,False
13646,111,6,10510,False,False,False
13647,111,7,10511,False,False,False
13648,111,8,10512,False,False,False
13649,111,9,10513,False,False,False
13650,111,10,10514,False,False,False
13651,111,11,10515,False,False,False
13652,111,12,10516,False,True,False
13653,111,13,10517,False,True,False
13654,111,14,10518,False,False,False
13655,111,15,10519,True,False,False
13656,111,16,10520,True,False,False
13657,111,17,10521,False,False,False
13658,111,18,10522,False,False,False
13659,111,19,10523,True,False,False
13660,111,20,10524,True,False,False
13661,111,21,10525,False,False,False
13662,111,22,10526,True,True,False
13663,111,23,10527,True,True,False
13664,111,24,10528,True,True,False
13665,111,25,10529,False,False,False
13666,111,26,10530,False,False,False
13667,111,27,10531,False,False,False
13668,111,28,10532,False,False,False
13669,111,29,10533,False,False,False
13670,111,30,10534,True,False,False
13671,111,31,10535,True,False,False
13672,111,32,10536,False,False,False
13673,111,33,10537,True,False,False
13674,111,34,10538,True,True,False
13675,111,35,10539,False,False,False
13676,111,36,10540,True,False,False
13677,111,37,10541,False,False,False
13678,111,38,10542,False,False,False
13679,111,39,10543,True,True,False
13680,111,40,10544,True,True,False
13681,111,41,10545,True,False,False
13682,111,42,10546,True,False,False
13683,111,43,10547,True,False,False
13684,111,44,10548,True,False,False
13685,111,45,10549,True,False,False
13686,111,46,10550,True,False,False
13687,111,47,10551,True,False,False
13688,111,48,10552,True,True,False
13689,111,49,10553,True,True,False
13690,111,50,10554,True,True,False
13691,111,51,10555,True,False,False
13692,111,52,10556,False,False,False
13693,111,53,10557,True,True,False
13694,111,54,10558,True,True,False
13695,111,55,10559,False,False,False
13696,111,56,10560,False,False,False
13697,111,57,10561,False,False,False
13698,111,58,10562,False,False,False
13699,111,59,10563,True,True,False
13700,111,60,10564,False,False,False
13701,111,61,10565,False,False,False
13702,111,62,10566,False,False,False
13703,111,63,10567,False,False,False
13704,111,64,10568,False,True,False
13705,111,65,10569,False,True,False
13706,111,66,10570,True,False,False
13707,111,67,10571,True,False,False
13708,111,68,10572,True,False,False
13709,111,69,10573,False,True,False
13710,111,70,10574,True,True,True
13711,111,71,10575,True,True,True
13712,111,72,10576,False,False,True
13713,111,73,10577,False,False,True
13714,111,74,10578,False,False,False
13715,111,75,10579,False,False,False
13716,111,76,10580,False,False,False
13717,111,77,10581,False,False,False
13718,111,78,10582,False,False,False
13719,111,79,10583,False,False,False
13720,111,80,10584,False,False,True
13721,111,81,10585,False,False,True
13722,111,82,10586,False,False,True
13723,111,83,10587,True,False,True
13724,111,84,10588,False,False,True
13725,111,85,10589,False,False,False
13726,111,86,10590,False,True,False
13727,111,87,10591,True,True,True
13728,111,88,10592,True,True,True
13729,111,89,10593,False,True,False
13730,111,90,10594,False,True,False
13731,111,91,10595,False,True,False
13732,111,92,10596,True,True,False
13733,111,93,10597,True,True,False
13734,111,94,10598,False,True,False
13735,111,95,10599,True,False,False
13736,111,96,10600,False,False,False
13737,111,97,10601,False,False,False
13738,111,98,10602,False,False,False
13739,111,99,10603,False,False,False
13740,111,100,10604,True,False,False
13741,111,101,10605,True,True,False
13742,111,102,10606,True,False,False
13743,111,103,10607,False,False,False
13744,111,104,10608,False,False,False
13745,111,105,10609,False,False,False
13746,111,106,10610,False,False,False
13747,111,107,10611,False,False,False
13748,111,108,10612,True,True,False
13749,111,109,10613,False,True,False
13750,111,110,10614,False,False,False
13751,111,111,10615,False,False,False
13752,111,112,10616,False,False,False
13753,111,113,10617,False,False,False
13754,111,114,10618,False,False,False
13755,111,115,10619,False,False,False
13767,112,3,10620,False,False,False
13768,112,4,10621,False,False,False
13769,112,5,10622,False,False,False
13770,112,6,10623,False,False,False
13771,112,7,10624,False,False,False
13772,112,8,10625,False,False,False
13773,112,9,10626,False,False,False
13774,112,10,10627,False,False,False
13775,112,11,10628,False,True,False
13776,112,12,10629,True,True,False
13777,112,13,10630,True,False,False
13778,112,14,10631,False,False,False
13779,112,15,10632,True,False,False
13780,112,16,10633,False,False,False
13781,112,17,10634,False,False,False
13782,112,18,10635,True,False,False
13783,112,19,10636,True,False,False
13784,112,20,10637,False,False,False
13785,112,21,10638,False,False,False
13786,112,22,10639,False,False,False
13787,112,23,10640,False,False,False
13788,112,24,10641,True,True,False
13789,112,25,10642,False,False,False
13790,112,26,10643,False,False,False
13791,112,27,10644,False,False,False
13792,112,28,10645,False,False,False
13793,112,29,10646,False,False,False
13794,112,30,10647,True,False,False
13795,112,31,10648,False,False,False
13796,112,32,10649,True,False,False
13797,112,33,10650,True,False,False
13798,112,34,10651,False,True,False
13799,112,35,10652,False,False,False
13800,112,36,10653,True,False,False
13801,112,37,10654,False,False,False
13802,112,38,10655,False,True,False
13803,112,39,10656,False,True,False
13804,112,40,10657,False,False,False
13805,112,41,10658,False,False,False
13806,112,42,10659,False,False,False
13807,112,43,10660,False,False,False
13808,112,44,10661,False,False,False
13809,112,45,10662,True,False,False
13810,112,46,10663,True,False,False
13811,112,47,10664,False,False,False
13812,112,48,10665,True,False,False
13813,112,49,10666,True,False,False
13814,112,50,10667,False,True,False
13815,112,51,10668,True,True,False
13816,112,52,10669,True,True,False
13817,112,53,10670,True,True,False
13818,112,54,10671,True,True,False
13819,112,55,10672,False,False,False
13820,112,56,10673,False,False,False
13821,112,57,10674,False,False,False
13822,112,58,10675,False,False,False
13823,112,59,10676,True,True,False
13824,112,60,10677,False,False,False
13825,112,61,10678,False,False,False
13826,112,62,10679,False,False,False
13827,112,63,10680,False,True,False
13828,112,64,10681,False,True,False
13829,112,65,10682,False,False,False
13830,112,66,10683,True,False,False
13831,112,67,10684,False,False,False
13832,112,68,10685,True,False,False
13833,112,69,10686,True,False,False
13834,112,70,10687,False,False,False
13835,112,71,10688,True,True,False
13836,112,72,10689,False,False,False
13837,112,73,10690,False,False,False
13838,112,74,10691,False,False,False
13839,112,75,10692,False,False,False
13840,112,76,10693,False,False,False
13841,112,77,10694,False,False,False
13842,112,78,10695,False,False,False
13843,112,79,10696,False,False,False
13844,112,80,10697,False,False,False
13845,112,81,10698,False,False,False
13846,112,82,10699,False,False,False
13847,112,83,10700,True,False,False
13848,112,84,10701,False,False,True
13849,112,85,10702,False,False,True
13850,112,86,10703,False,False,True
13851,112,87,10704,True,True,True
13852,112,88,10705,True,False,False
13853,112,89,10706,False,True,False
13854,112,90,10707,False,False,False
13855,112,91,10708,False,False,False
13856,112,92,10709,False,False,False
13857,112,93,10710,True,True,False
13858,112,94,10711,True,True,False
13859,112,95,10712,True,True,False
13860,112,96,10713,True,True,False
13861,112,97,10714,True,True,False
13862,112,98,10715,False,False,False
13863,112,99,10716,False,False,False
13864,112,100,10717,True,False,False
13865,112,101,10718,True,True,False
13866,112,102,10719,False,False,False
13867,112,103,10720,False,False,False
13868,112,104,10721,False,False,False
13869,112,105,10722,False,True,False
13870,112,106,10723,False,True,False
13871,112,107,10724,False,True,False
13872,112,108,10725,True,True,False
13873,112,109,10726,False,True,False
13874,112,110,10727,False,False,False
13875,112,111,10728,False,False,False
13876,112,112,10729,False,False,False
13877,112,113,10730,False,False,False
13878,112,114,10731,False,False,False
13879,112,115,10732,False,False,False
13891,113,3,10733,False,False,False
13892,113,4,10734,False,False,False
13893,113,5,10735,False,False,False
13894,113,6,10736,False,False,False
13895,113,7,10737,False,False,False
13896,113,8,10738,False,False,False
13897,113,9,10739,False,False,False
13898,113,10,10740,False,True,False
13899,113,11,10741,True,True,False
13900,113,12,10742,True,False,False
13901,113,13,10743,True,False,False
13902,113,14,10744,True,False,False
13903,113,15,10745,True,False,False
13904,113,16,10746,True,False,False
13905,113,17,10747,True,False,False
13906,113,18,10748,True,False,False
13907,113,19,10749,False,False,False
13908,113,20,10750,False,False,False
13909,113,21,10751,False,False,False
13910,113,22,10752,False,False,False
13911,113,23,10753,False,False,False
13912,113,24,10754,True,True,False
13913,113,25,10755,False,False,False
13914,113,26,10756,False,False,False
13915,113,27,10757,False,False,False
13916,113,28,10758,False,False,False
13917,113,29,10759,False,False,False
13918,113,30,10760,True,False,False
13919,113,31,10761,True,False,False
13920,113,32,10762,True,False,False
13921,113,33,10763,False,False,False
13922,113,34,10764,False,True,False
13923,113,35,10765,False,False,False
13924,113,36,10766,True,False,False
13925,113,37,10767,True,True,False
13926,113,38,10768,True,True,False
13927,113,39,10769,False,False,False
13928,113,40,10770,False,False,False
13929,113,41,10771,False,False,False
13930,113,42,10772,False,False,False
13931,113,43,10773,False,False,False
13932,113,44,10774,False,False,False
13933,113,45,10775,False,False,False
13934,113,46,10776,False,False,False
13935,113,47,10777,False,False,False
13936,113,48,10778,True,False,False
13937,113,49,10779,False,False,False
13938,113,50,10780,False,False,False
13939,113,51,10781,False,False,False
13940,113,52,10782,False,False,False
13941,113,53,10783,True,False,False
13942,113,54,10784,True,True,False
13943,113,55,10785,True,True,False
13944,113,56,10786,True,False,False
13945,113,57,10787,True,False,False
13946,113,58,10788,False,True,False
13947,113,59,10789,True,True,False
13948,113,60,10790,False,False,False
13949,113,61,10791,False,True,False
13950,113,62,10792,False,True,False
13951,113,63,10793,False,True,False
13952,113,64,10794,False,False,False
13953,113,65,10795,False,False,False
13954,113,66,10796,True,False,False
13955,113,67,10797,False,False,False
13956,113,68,10798,False,False,False
13957,113,69,10799,True,False,False
13958,113,70,10800,True,False,False
13959,113,71,10801,True,True,False
13960,113,72,10802,False,True,False
13961,113,73,10803,False,False,False
13962,113,74,10804,False,False,False
13963,113,75,10805,False,False,False
13964,113,76,10806,False,False,False
13965,113,77,10807,False,False,False
13966,113,78,10808,False,False,False
13967,113,79,10809,False,False,False
13968,113,80,10810,False,False,False
13969,113,81,10811,False,False,False
13970,113,82,10812,False,False,False
13971,113,83,10813,True,False,False
13972,113,84,10814,False,False,False
13973,113,85,10815,False,False,False
13974,113,86,10816,False,False,False
13975,113,87,10817,False,False,False
13976,113,88,10818,True,True,False
13977,113,89,10819,False,True,False
13978,113,90,10820,False,False,False
13979,113,91,10821,False,False,False
13980,113,92,10822,False,False,False
13981,113,93,10823,False,True,False
13982,113,94,10824,False,False,False
13983,113,95,10825,False,False,False
13984,113,96,10826,False,False,False
13985,113,97,10827,True,True,False
13986,113,98,10828,True,False,False
13987,113,99,10829,False,False,False
13988,113,100,10830,True,False,False
13989,113,101,10831,True,True,False
13990,113,102,10832,False,False,False
13991,113,103,10833,False,False,False
13992,113,104,10834,False,False,False
13993,113,105,10835,False,True,False
13994,113,106,10836,False,False,False
13995,113,107,10837,False,True,False
13996,113,108,10838,True,True,False
13997,113,109,10839,True,True,False
13998,113,110,10840,False,False,False
13999,113,111,10841,False,False,False
14000,113,112,10842,False,False,False
14001,113,113,10843,False,False,False
14002,113,114,10844,False,False,False
14003,113,115,10845,False,False,False
14004,113,116,10846,False,False,False
14015,114,3,10847,False,False,False
14016,114,4,10848,False,False,False
14017,114,5,10849,False,False,False
14018,114,6,10850,False,False,False
14019,114,7,10851,True,False,False
14020,114,8,10852,True,False,False
14021,114,9,10853,True,True,False
14022,114,10,10854,True,True,False
14023,114,11,10855,True,True,False
14024,114,12,10856,False,True,False
14025,114,13,10857,False,False,False
14026,114,14,10858,True,False,False
14027,114,15,10859,True,False,False
14028,114,16,10860,True,False,False
14029,114,17,10861,True,False,False
14030,114,18,10862,False,False,False
14031,114,19,10863,False,False,False
14032,114,20,10864,False,False,False
14033,114,21,10865,False,False,False
14034,114,22,10866,False,False,False
14035,114,23,10867,False,False,False
14036,114,24,10868,True,True,False
14037,114,25,10869,True,True,False
14038,114,26,10870,False,False,False
14039,114,27,10871,False,False,False
14040,114,28,10872,False,False,False
14041,114,29,10873,False,False,False
14042,114,30,10874,False,False,False
14043,114,31,10875,True,False,False
14044,114,32,10876,True,False,False
14045,114,33,10877,False,False,False
14046,114,34,10878,False,True,False
14047,114,35,10879,False,False,False
14048,114,36,10880,False,False,False
14049,114,37,10881,False,True,False
14050,114,38,10882,True,False,False
14051,114,39,10883,False,False,False
14052,114,40,10884,False,False,False
14053,114,41,10885,False,False,False
14054,114,42,10886,False,False,False
14055,114,43,10887,False,False,False
14056,114,44,10888,False,False,False
14057,114,45,10889,False,False,False
14058,114,46,10890,False,False,False
14059,114,47,10891,False,False,False
14060,114,48,10892,True,False,False
14061,114,49,10893,False,False,False
14062,114,50,10894,False,False,False
14063,114,51,10895,False,False,False
14064,114,52,10896,False,False,False
14065,114,53,10897,False,True,False
14066,114,54,10898,True,True,False
14067,114,55,10899,True,True,False
14068,114,56,10900,False,True,False
14069,114,57,10901,True,True,False
14070,114,58,10902,True,True,False
14071,114,59,10903,True,True,False
14072,114,60,10904,False,True,False
14073,114,61,10905,False,True,False
14074,114,62,10906,False,False,False
14075,114,63,10907,False,False,False
14076,114,64,10908,False,False,False
14077,114,65,10909,False,False,False
14078,114,66,10910,True,False,False
14079,114,67,10911,False,False,False
14080,114,68,10912,False,False,False
14081,114,69,10913,False,False,False
14082,114,70,10914,True,False,False
14083,114,71,10915,True,False,False
14084,114,72,10916,False,True,False
14085,114,73,10917,False,False,False
14086,114,74,10918,False,False,False
14087,114,75,10919,False,False,False
14088,114,76,10920,False,False,False
14089,114,77,10921,False,False,False
14090,114,78,10922,False,False,False
14091,114,79,10923,False,False,False
14092,114,80,10924,False,False,False
14093,114,81,10925,False,False,False
14094,114,82,10926,True,False,False
14095,114,83,10927,True,False,False
14096,114,84,10928,False,False,False
14097,114,85,10929,False,False,False
14098,114,86,10930,False,False,False
14099,114,87,10931,False,False,False
14100,114,88,10932,True,True,False
14101,114,89,10933,False,False,False
14102,114,90,10934,False,False,False
14103,114,91,10935,False,False,False
14104,114,92,10936,False,False,False
14105,114,93,10937,False,True,False
14106,114,94,10938,False,False,False
14107,114,95,10939,False,False,False
14108,114,96,10940,False,False,False
14109,114,97,10941,False,True,False
14110,114,98,10942,True,True,False
14111,114,99,10943,False,False,False
14112,114,100,10944,True,True,False
14113,114,101,10945,True,True,False
14114,114,102,10946,False,False,False
14115,114,103,10947,False,False,False
14116,114,104,10948,False,True,False
14117,114,105,10949,False,True,False
14118,114,106,10950,False,False,False
14119,114,107,10951,False,False,False
14120,114,108,10952,False,False,False
14121,114,109,10953,True,True,False
14122,114,110,10954,False,False,False
14123,114,111,10955,True,False,False
14124,114,112,10956,True,False,False
14125,114,113,10957,True,False,False
14126,114,114,10958,True,False,False
14127,114,115,10959,True,False,False
14128,114,116,10960,True,False,False
14140,115,4,10961,True,False,False
14141,115,5,10962,True,False,False
14142,115,6,10963,True,False,False
14143,115,7,10964,True,True,False
14144,115,8,10965,False,True,False
14145,115,9,10966,False,True,False
14146,115,10,10967,False,False,False
14147,115,11,10968,False,False,False
14148,115,12,10969,False,True,False
14149,115,13,10970,False,True,False
14150,115,14,10971,False,True,False
14151,115,15,10972,True,True,False
14152,115,16,10973,True,False,False
14153,115,17,10974,False,False,False
14154,115,18,10975,False,False,False
14155,115,19,10976,False,False,False
14156,115,20,10977,False,False,False
14157,115,21,10978,False,False,False
14158,115,22,10979,False,False,False
14159,115,23,10980,False,False,False
14160,115,24,10981,False,False,False
14161,115,25,10982,True,True,False
14162,115,26,10983,True,True,False
14163,115,27,10984,False,False,False
14164,115,28,10985,False,False,False
14165,115,29,10986,False,False,False
14166,115,30,10987,False,False,False
14167,115,31,10988,True,False,False
14168,115,32,10989,False,False,False
14169,115,33,10990,False,False,False
14170,115,34,10991,False,True,False
14171,115,35,10992,False,False,False
14172,115,36,10993,False,True,False
14173,115,37,10994,False,True,False
14174,115,38,10995,True,False,False
14175,115,39,10996,True,False,False
14176,115,40,10997,False,False,False
14177,115,41,10998,False,False,False
14178,115,42,10999,False,False,False
14179,115,43,11000,False,False,False
14180,115,44,11001,False,False,False
14181,115,45,11002,False,False,False
14182,115,46,11003,False,False,False
14183,115,47,11004,True,False,False
14184,115,48,11005,True,False,False
14185,115,49,11006,False,False,False
14186,115,50,11007,False,False,False
14187,115,51,11008,False,False,False
14188,115,52,11009,False,True,False
14189,115,53,11010,False,True,False
14190,115,54,11011,False,False,False
14191,115,55,11012,True,False,False
14192,115,56,11013,False,False,False
14193,115,57,11014,False,False,False
14194,115,58,11015,True,True,False
14195,115,59,11016,True,True,False
14196,115,60,11017,True,False,False
14197,115,61,11018,False,False,False
14198,115,62,11019,False,False,False
14199,115,63,11020,False,False,False
14200,115,64,11021,False,False,False
14201,115,65,11022,True,False,False
14202,115,66,11023,True,False,False
14203,115,67,11024,False,False,False
14204,115,68,11025,False,False,False
14205,115,69,11026,False,False,False
14206,115,70,11027,False,False,False
14207,115,71,11028,True,False,False
14208,115,72,11029,False,True,False
14209,115,73,11030,False,False,False
14210,115,74,11031,False,False,False
14211,115,75,11032,False,False,False
14212,115,76,11033,False,False,False
14213,115,77,11034,False,False,False
14214,115,78,11035,False,False,False
14215,115,79,11036,False,False,False
14216,115,80,11037,False,False,False
14217,115,81,11038,False,False,False
14218,115,82,11039,True,False,False
14219,115,83,11040,False,False,False
14220,115,84,11041,False,False,False
14221,115,85,11042,False,True,False
14222,115,86,11043,False,True,False
14223,115,87,11044,False,True,False
14224,115,88,11045,True,True,False
14225,115,89,11046,True,True,False
14226,115,90,11047,False,False,False
14227,115,91,11048,False,False,False
14228,115,92,11049,False,True,False
14229,115,93,11050,False,True,False
14230,115,94,11051,False,False,False
14231,115,95,11052,False,False,False
14232,115,96,11053,False,False,False
14233,115,97,11054,False,False,False
14234,115,98,11055,True,True,False
14235,115,99,11056,True,True,False
14236,115,100,11057,True,True,False
14237,115,101,11058,True,False,False
14238,115,102,11059,True,False,False
14239,115,103,11060,True,True,False
14240,115,104,11061,True,True,False
14241,115,105,11062,False,True,False
14242,115,106,11063,True,False,False
14243,115,107,11064,False,False,False
14244,115,108,11065,False,False,False
14245,115,109,11066,True,True,False
14246,115,110,11067,True,True,False
14247,115,111,11068,True,False,False
14248,115,112,11069,False,False,False
14249,115,113,11070,False,False,False
14250,115,114,11071,False,False,False
14251,115,115,11072,False,False,False
14252,115,116,11073,True,False,False
14264,116,4,11074,True,False,False
14265,116,5,11075,False,False,False
14266,116,6,11076,False,True,False
14267,116,7,11077,False,True,False
14268,116,8,11078,False,False,False
14269,116,9,11079,False,False,False
14270,116,10,11080,False,False,False
14271,116,11,11081,False,False,False
14272,116,12,11082,False,False,False
14273,116,13,11083,False,False,False
14274,116,14,11084,False,False,False
14275,116,15,11085,True,True,False
14276,116,16,11086,True,False,False
14277,116,17,11087,False,False,False
14278,116,18,11088,False,False,False
14279,116,19,11089,False,False,False
14280,116,20,11090,False,False,False
14281,116,21,11091,False,False,False
14282,116,22,11092,False,False,False
14283,116,23,11093,False,False,False
14284,116,24,11094,False,False,False
14285,116,25,11095,False,False,False
14286,116,26,11096,True,True,False
14287,116,27,11097,True,True,False
14288,116,28,11098,False,True,False
14289,116,29,11099,False,False,False
14290,116,30,11100,True,False,False
14291,116,31,11101,True,False,False
14292,116,32,11102,False,False,False
14293,116,33,11103,False,False,False
14294,116,34,11104,False,True,False
14295,116,35,11105,False,True,False
14296,116,36,11106,False,True,False
14297,116,37,11107,False,False,False
14298,116,38,11108,False,False,False
14299,116,39,11109,True,False,False
14300,116,40,11110,False,False,False
14301,116,41,11111,False,False,False
14302,116,42,11112,False,False,False
14303,116,43,11113,False,False,False
14304,116,44,11114,False,False,False
14305,116,45,11115,False,False,False
14306,116,46,11116,False,False,False
14307,116,47,11117,True,False,False
14308,116,48,11118,False,False,False
14309,116,49,11119,False,False,False
14310,116,50,11120,False,False,False
14311,116,51,11121,False,False,False
14312,116,52,11122,False,True,False
14313,116,53,11123,False,False,False
14314,116,54,11124,False,False,False
14315,116,55,11125,True,False,False
14316,116,56,11126,False,False,False
14317,116,57,11127,False,False,False
14318,116,58,11128,False,True,False
14319,116,59,11129,False,True,False
14320,116,60,11130,True,False,False
14321,116,61,11131,True,False,False
14322,116,62,11132,False,False,False
14323,116,63,11133,False,False,False
14324,116,64,11134,False,False,False
14325,116,65,11135,True,False,False
14326,116,66,11136,False,False,False
14327,116,67,11137,False,False,False
14328,116,68,11138,False,False,False
14329,116,69,11139,False,False,False
14330,116,70,11140,False,False,False
14331,116,71,11141,True,False,False
14332,116,72,11142,False,True,False
14333,116,73,11143,False,True,False
14334,116,74,11144,False,False,False
14335,116,75,11145,False,False,False
14336,116,76,11146,False,False,False
14337,116,77,11147,False,False,False
14338,116,78,11148,False,False,False
14339,116,79,11149,False,False,False
14340,116,80,11150,False,False,False
14341,116,81,11151,True,False,False
14342,116,82,11152,True,False,False
14343,116,83,11153,False,True,False
14344,116,84,11154,False,True,False
14345,116,85,11155,False,True,False
14346,116,86,11156,False,True,False
14347,116,87,11157,False,False,False
14348,116,88,11158,False,False,False
14349,116,89,11159,True,True,False
14350,116,90,11160,True,True,False
14351,116,91,11161,False,False,False
14352,116,92,11162,False,True,False
14353,116,93,11163,False,False,False
14354,116,94,11164,False,False,False
14355,116,95,11165,False,False,False
14356,116,96,11166,False,False,False
14357,116,97,11167,False,False,False
14358,116,98,11168,False,False,False
14359,116,99,11169,True,True,False
14360,116,100,11170,True,True,False
14361,116,101,11171,True,True,False
14362,116,102,11172,True,True,False
14363,116,103,11173,True,True,False
14364,116,104,11174,True,False,False
14365,116,105,11175,True,False,False
14366,116,106,11176,True,False,False
14367,116,107,11177,True,False,False
14368,116,108,11178,True,False,False
14369,116,109,11179,True,False,False
14370,116,110,11180,True,True,False
14371,116,111,11181,True,True,False
14372,116,112,11182,True,False,False
14373,116,113,11183,False,False,False
14374,116,114,11184,False,False,False
14375,116,115,11185,False,False,False
14376,116,116,11186,False,False,False
14377,116,117,11187,False,False,False
14388,117,4,11188,False,True,False
14389,117,5,11189,False,True,False
14390,117,6,11190,False,True,False
14391,117,7,11191,False,False,False
14392,117,8,11192,False,False,False
14393,117,9,11193,False,False,False
14394,117,10,11194,False,False,False
14395,117,11,11195,False,False,False
14396,117,12,11196,True,False,False
14397,117,13,11197,True,False,False
14398,117,14,11198,True,False,False
14399,117,15,11199,True,True,False
14400,117,16,11200,True,True,False
14401,117,17,11201,True,False,False
14402,117,18,11202,True,False,False
14403,117,19,11203,False,False,False
14404,117,20,11204,False,False,False
14405,117,21,11205,False,False,False
14406,117,22,11206,False,False,False
14407,117,23,11207,False,False,False
14408,117,24,11208,False,False,False
14409,117,25,11209,False,False,False
14410,117,26,11210,False,False,False
14411,117,27,11211,True,False,False
14412,117,28,11212,True,True,False
14413,117,29,11213,False,True,False
14414,117,30,11214,True,False,False
14415,117,31,11215,False,False,False
14416,117,32,11216,False,False,False
14417,117,33,11217,False,False,False
14418,117,34,11218,False,True,False
14419,117,35,11219,False,True,False
14420,117,36,11220,False,False,False
14421,117,37,11221,False,False,False
14422,117,38,11222,False,False,False
14423,117,39,11223,True,False,False
14424,117,40,11224,True,False,False
14425,117,41,11225,False,False,False
14426,117,42,11226,False,False,False
14427,117,43,11227,False,False,False
14428,117,44,11228,False,False,False
14429,117,45,11229,False,False,False
14430,117,46,11230,False,False,False
14431,117,47,11231,True,False,False
14432,117,48,11232,True,False,False
14433,117,49,11233,False,False,False
14434,117,50,11234,False,False,False
14435,117,51,11235,False,True,False
14436,117,52,11236,False,True,False
14437,117,53,11237,False,False,False
14438,117,54,11238,False,False,False
14439,117,55,11239,True,False,False
14440,117,56,11240,False,False,False
14441,117,57,11241,False,False,False
14442,117,58,11242,False,True,False
14443,117,59,11243,False,True,False
14444,117,60,11244,False,False,False
14445,117,61,11245,True,False,False
14446,117,62,11246,False,False,False
14447,117,63,11247,True,False,False
14448,117,64,11248,True,False,False
14449,117,65,11249,True,False,False
14450,117,66,11250,True,False,False
14451,117,67,11251,False,False,False
14452,117,68,11252,False,False,False
14453,117,69,11253,False,False,False
14454,117,70,11254,False,False,False
14455,117,71,11255,True,False,False
14456,117,72,11256,True,False,False
14457,117,73,11257,False,True,False
14458,117,74,11258,False,True,False
14459,117,75,11259,False,False,False
14460,117,76,11260,False,False,False
14461,117,77,11261,False,False,False
14462,117,78,11262,False,False,False
14463,117,79,11263,True,False,False
14464,117,80,11264,True,True,False
14465,117,81,11265,True,True,False
14466,117,82,11266,True,False,False
14467,117,83,11267,False,True,False
14468,117,84,11268,False,False,False
14469,117,85,11269,False,False,False
14470,117,86,11270,False,False,False
14471,117,87,11271,False,False,False
14472,117,88,11272,False,False,False
14473,117,89,11273,False,False,False
14474,117,90,11274,True,True,False
14475,117,91,11275,True,True,False
14476,117,92,11276,True,True,False
14477,117,93,11277,True,False,False
14478,117,94,11278,True,False,False
14479,117,95,11279,True,False,False
14480,117,96,11280,False,False,False
14481,117,97,11281,True,False,False
14482,117,98,11282,True,False,False
14483,117,99,11283,True,False,False
14484,117,100,11284,True,True,False
14485,117,101,11285,True,True,False
14486,117,102,11286,False,False,False
14487,117,103,11287,False,False,False
14488,117,104,11288,False,False,False
14489,117,105,11289,False,False,False
14490,117,106,11290,True,False,False
14491,117,107,11291,True,False,False
14492,117,108,11292,False,False,False
14493,117,109,11293,False,False,False
14494,117,110,11294,False,False,False
14495,117,111,11295,True,True,False
14496,117,112,11296,True,False,False
14497,117,113,11297,False,False,False
14498,117,114,11298,False,False,False
14499,117,115,11299,False,False,False
14500,117,116,11300,False,False,False
14501,117,117,11301,False,False,False
14513,118,5,11302,False,False,False
14514,118,6,11303,False,False,False
14515,118,7,11304,False,False,False
14516,118,8,11305,False,False,False
14517,118,9,11306,False,False,False
14518,118,10,11307,False,False,False
14519,118,11,11308,True,False,False
14520,118,12,11309,True,False,False
14521,118,13,11310,False,False,False
14522,118,14,11311,False,False,False
14523,118,15,11312,False,False,False
14524,118,16,11313,False,True,False
14525,118,17,11314,False,True,False
14526,118,18,11315,True,False,False
14527,118,19,11316,True,False,False
14528,118,20,11317,True,False,False
14529,118,21,11318,True,False,False
14530,118,22,11319,True,False,False
14531,118,23,11320,True,False,False
14532,118,24,11321,True,False,False
14533,118,25,11322,False,False,False
14534,118,26,11323,False,False,False
14535,118,27,11324,False,False,False
14536,118,28,11325,True,False,False
14537,118,29,11326,True,True,False
14538,118,30,11327,True,True,False
14539,118,31,11328,False,False,False
14540,118,32,11329,False,False,False
14541,118,33,11330,False,True,False
14542,118,34,11331,False,True,False
14543,118,35,11332,False,False,False
14544,118,36,11333,False,False,False
14545,118,37,11334,False,False,False
14546,118,38,11335,False,False,False
14547,118,39,11336,True,False,False
14548,118,40,11337,True,False,False
14549,118,41,11338,False,False,False
14550,118,42,11339,False,False,False
14551,118,43,11340,False,False,False
14552,118,44,11341,False,False,False
14553,118,45,11342,False,False,False
14554,118,46,11343,False,False,False
14555,118,47,11344,True,False,False
14556,118,48,11345,True,False,False
14557,118,49,11346,False,False,False
14558,118,50,11347,False,True,False
14559,118,51,11348,True,True,False
14560,118,52,11349,True,False,False
14561,118,53,11350,False,False,False
14562,118,54,11351,False,False,False
14563,118,55,11352,True,False,False
14564,118,56,11353,False,False,False
14565,118,57,11354,False,True,False
14566,118,58,11355,False,True,False
14567,118,59,11356,False,True,False
14568,118,60,11357,False,True,False
14569,118,61,11358,True,False,False
14570,118,62,11359,True,False,False
14571,118,63,11360,True,False,False
14572,118,64,11361,False,False,False
14573,118,65,11362,False,False,False
14574,118,66,11363,True,False,False
14575,118,67,11364,True,False,False
14576,118,68,11365,False,False,False
14577,118,69,11366,False,False,False
14578,118,70,11367,False,False,False
14579,118,71,11368,False,False,False
14580,118,72,11369,True,False,False
14581,118,73,11370,True,False,False
14582,118,74,11371,True,True,False
14583,118,75,11372,True,True,False
14584,118,76,11373,True,True,False
14585,118,77,11374,True,True,False
14586,118,78,11375,True,True,False
14587,118,79,11376,True,True,False
14588,118,80,11377,False,True,False
14589,118,81,11378,False,True,False
14590,118,82,11379,True,True,False
14591,118,83,11380,True,True,False
14592,118,84,11381,True,False,False
14593,118,85,11382,True,False,False
14594,118,86,11383,False,False,False
14595,118,87,11384,True,False,False
14596,118,88,11385,True,False,False
14597,118,89,11386,True,True,False
14598,118,90,11387,True,True,False
14599,118,91,11388,True,True,False
14600,118,92,11389,False,True,False
14601,118,93,11390,False,False,False
14602,118,94,11391,False,False,False
14603,118,95,11392,True,False,False
14604,118,96,11393,True,False,False
14605,118,97,11394,True,False,False
14606,118,98,11395,False,False,False
14607,118,99,11396,True,False,False
14608,118,100,11397,True,True,False
14609,118,101,11398,True,False,False
14610,118,102,11399,False,False,False
14611,118,103,11400,False,False,False
14612,118,104,11401,False,False,False
14613,118,105,11402,False,False,False
14614,118,106,11403,False,False,False
14615,118,107,11404,False,False,False
14616,118,108,11405,False,False,False
14617,118,109,11406,False,False,False
14618,118,110,11407,False,False,False
14619,118,111,11408,True,True,False
14620,118,112,11409,False,False,False
14621,118,113,11410,False,False,False
14622,118,114,11411,False,False,False
14623,118,115,11412,False,False,False
14624,118,116,11413,False,False,False
14625,118,117,11414,False,False,False
14637,119,5,11415,False,False,False
14638,119,6,11416,False,False,False
14639,119,7,11417,False,False,False
14640,119,8,11418,False,False,False
14641,119,9,11419,True,False,False
14642,119,10,11420,True,False,False
14643,119,11,11421,True,False,False
14644,119,12,11422,False,False,False
14645,119,13,11423,False,False,False
14646,119,14,11424,False,False,False
14647,119,15,11425,False,False,False
14648,119,16,11426,False,False,False
14649,119,17,11427,False,True,False
14650,119,18,11428,False,True,False
14651,119,19,11429,False,False,False
14652,119,20,11430,False,False,False
14653,119,21,11431,False,False,False
14654,119,22,11432,False,False,False
14655,119,23,11433,False,False,False
14656,119,24,11434,True,False,False
14657,119,25,11435,True,False,False
14658,119,26,11436,True,False,False
14659,119,27,11437,True,False,False
14660,119,28,11438,False,False,False
14661,119,29,11439,False,False,False
14662,119,30,11440,True,True,False
14663,119,31,11441,False,True,False
14664,119,32,11442,False,True,False
14665,119,33,11443,False,True,False
14666,119,34,11444,False,False,False
14667,119,35,11445,False,False,False
14668,119,36,11446,False,False,False
14669,119,37,11447,False,False,False
14670,119,38,11448,False,False,False
14671,119,39,11449,True,False,False
14672,119,40,11450,True,False,False
14673,119,41,11451,False,False,False
14674,119,42,11452,False,False,False
14675,119,43,11453,True,False,False
14676,119,44,11454,True,False,False
14677,119,45,11455,True,False,False
14678,119,46,11456,True,False,False
14679,119,47,11457,True,False,False
14680,119,48,11458,False,False,False
14681,119,49,11459,True,True,False
14682,119,50,11460,True,True,False
14683,119,51,11461,True,False,False
14684,119,52,11462,True,False,False
14685,119,53,11463,True,False,False
14686,119,54,11464,True,False,False
14687,119,55,11465,True,False,False
14688,119,56,11466,True,False,False
14689,119,57,11467,True,True,False
14690,119,58,11468,True,False,False
14691,119,59,11469,True,False,False
14692,119,60,11470,True,True,False
14693,119,61,11471,True,False,False
14694,119,62,11472,False,False,False
14695,119,63,11473,False,False,False
14696,119,64,11474,False,False,False
14697,119,65,11475,False,False,False
14698,119,66,11476,False,False,False
14699,119,67,11477,True,False,False
14700,119,68,11478,True,True,False
14701,119,69,11479,True,False,False
14702,119,70,11480,False,False,False
14703,119,71,11481,False,False,False
14704,119,72,11482,True,False,False
14705,119,73,11483,True,False,False
14706,119,74,11484,False,True,False
14707,119,75,11485,False,True,False
14708,119,76,11486,False,False,False
14709,119,77,11487,False,False,False
14710,119,78,11488,False,False,False
14711,119,79,11489,False,False,False
14712,119,80,11490,False,False,False
14713,119,81,11491,False,False,False
14714,119,82,11492,False,False,False
14715,119,83,11493,False,False,False
14716,119,84,11494,False,False,False
14717,119,85,11495,True,False,False
14718,119,86,11496,True,False,False
14719,119,87,11497,True,False,False
14720,119,88,11498,False,False,False
14721,119,89,11499,False,True,False
14722,119,90,11500,False,False,False
14723,119,91,11501,True,False,False
14724,119,92,11502,True,True,False
14725,119,93,11503,True,True,False
14726,119,94,11504,False,False,False
14727,119,95,11505,False,False,False
14728,119,96,11506,False,False,False
14729,119,97,11507,False,False,False
14730,119,98,11508,False,False,False
14731,119,99,11509,True,False,False
14732,119,100,11510,True,True,False
14733,119,101,11511,True,False,False
14734,119,102,11512,False,False,False
14735,119,103,11513,False,False,False
14736,119,104,11514,False,False,False
14737,119,105,11515,False,False,False
14738,119,106,11516,False,False,False
14739,119,107,11517,False,False,False
14740,119,108,11518,False,False,False
14741,119,109,11519,False,False,False
14742,119,110,11520,False,False,False
14743,119,111,11521,True,True,False
14744,119,112,11522,False,False,False
14745,119,113,11523,False,False,False
14746,119,114,11524,False,False,False
14747,119,115,11525,False,False,False
14748,119,116,11526,False,False,False
14749,119,117,11527,False,False,False
14763,120,7,11528,False,False,False
14764,120,8,11529,True,False,False
14765,120,9,11530,True,False,False
14766,120,10,11531,False,False,False
14767,120,11,11532,False,False,False
14768,120,12,11533,False,False,False
14769,120,13,11534,False,False,False
14770,120,14,11535,False,False,False
14771,120,15,11536,False,False,False
14772,120,16,11537,False,False,False
14773,120,17,11538,False,False,False
14774,120,18,11539,False,True,False
14775,120,19,11540,False,False,False
14776,120,20,11541,False,False,False
14777,120,21,11542,False,False,False
14778,120,22,11543,False,False,False
14779,120,23,11544,False,False,False
14780,120,24,11545,False,False,False
14781,120,25,11546,False,False,False
14782,120,26,11547,False,False,False
14783,120,27,11548,True,False,False
14784,120,28,11549,True,True,False
14785,120,29,11550,True,True,False
14786,120,30,11551,True,True,False
14787,120,31,11552,False,True,False
14788,120,32,11553,False,True,False
14789,120,33,11554,False,True,False
14790,120,34,11555,False,True,False
14791,120,35,11556,False,True,False
14792,120,36,11557,False,False,False
14793,120,37,11558,False,False,False
14794,120,38,11559,False,False,False
14795,120,39,11560,True,False,False
14796,120,40,11561,False,False,False
14797,120,41,11562,False,False,False
14798,120,42,11563,True,False,False
14799,120,43,11564,True,False,False
14800,120,44,11565,True,False,False
14801,120,45,11566,True,False,False
14802,120,46,11567,False,False,False
14803,120,47,11568,True,False,False
14804,120,48,11569,True,True,False
14805,120,49,11570,True,True,False
14806,120,50,11571,True,False,False
14807,120,51,11572,False,False,False
14808,120,52,11573,False,False,False
14809,120,53,11574,False,False,False
14810,120,54,11575,False,False,False
14811,120,55,11576,False,False,False
14812,120,56,11577,True,True,False
14813,120,57,11578,True,True,False
14814,120,58,11579,False,False,False
14815,120,59,11580,False,False,False
14816,120,60,11581,False,True,False
14817,120,61,11582,True,True,False
14818,120,62,11583,False,False,False
14819,120,63,11584,False,False,False
14820,120,64,11585,False,False,False
14821,120,65,11586,False,False,False
14822,120,66,11587,False,False,False
14823,120,67,11588,False,True,False
14824,120,68,11589,False,True,False
14825,120,69,11590,True,True,False
14826,120,70,11591,True,False,False
14827,120,71,11592,True,False,False
14828,120,72,11593,True,False,False
14829,120,73,11594,True,True,False
14830,120,74,11595,False,True,False
14831,120,75,11596,False,True,False
14832,120,76,11597,False,False,False
14833,120,77,11598,False,False,False
14834,120,78,11599,False,False,False
14835,120,79,11600,False,False,False
14836,120,80,11601,False,False,False
14837,120,81,11602,False,False,False
14838,120,82,11603,False,False,False
14839,120,83,11604,False,False,False
14840,120,84,11605,False,False,False
14841,120,85,11606,True,False,False
14842,120,86,11607,True,False,False
14843,120,87,11608,False,False,False
14844,120,88,11609,False,False,False
14845,120,89,11610,False,True,False
14846,120,90,11611,False,False,False
14847,120,91,11612,False,False,False
14848,120,92,11613,False,False,False
14849,120,93,11614,True,True,False
14850,120,94,11615,True,True,False
14851,120,95,11616,False,False,False
14852,120,96,11617,False,False,False
14853,120,97,11618,False,False,False
14854,120,98,11619,False,False,False
14855,120,99,11620,True,True,False
14856,120,100,11621,True,True,False
14857,120,101,11622,False,False,False
14858,120,102,11623,False,False,False
14859,120,103,11624,False,False,False
14860,120,104,11625,False,False,False
14861,120,105,11626,False,False,False
14862,120,106,11627,False,False,False
14863,120,107,11628,False,False,False
14864,120,108,11629,False,False,False
14865,120,109,11630,False,False,False
14866,120,110,11631,False,False,False
14867,120,111,11632,True,True,False
14868,120,112,11633,False,False,False
14869,120,113,11634,False,False,False
14870,120,114,11635,False,False,False
14871,120,115,11636,False,True,False
14872,120,116,11637,False,True,False
14873,120,117,11638,False,True,False
14874,120,118,11639,False,True,False
14889,121,9,11640,False,False,False
14890,121,10,11641,False,False,False
14891,121,11,11642,False,False,False
14892,121,12,11643,False,False,False
14893,121,13,11644,False,False,False
14894,121,14,11645,False,False,False
14895,121,15,11646,False,False,False
14896,121,16,11647,False,False,False
14897,121,17,11648,False,False,False
14898,121,18,11649,False,True,False
14899,121,19,11650,False,True,False
14900,121,20,11651,False,False,False
14901,121,21,11652,False,False,False
14902,121,22,11653,False,False,False
14903,121,23,11654,False,False,False
14904,121,24,11655,False,False,False
14905,121,25,11656,False,False,False
14906,121,26,11657,False,True,False
14907,121,27,11658,True,True,False
14908,121,28,11659,True,True,False
14909,121,29,11660,False,False,False
14910,121,30,11661,True,True,False
14911,121,31,11662,True,False,False
14912,121,32,11663,False,False,False
14913,121,33,11664,False,True,False
14914,121,34,11665,False,False,False
14915,121,35,11666,False,True,False
14916,121,36,11667,False,True,False
14917,121,37,11668,False,True,False
14918,121,38,11669,False,False,False
14919,121,39,11670,True,False,False
14920,121,40,11671,False,False,False
14921,121,41,11672,True,False,False
14922,121,42,11673,True,False,False
14923,121,43,11674,False,False,False
14924,121,44,11675,False,False,False
14925,121,45,11676,False,False,False
14926,121,46,11677,False,True,False
14927,121,47,11678,False,True,False
14928,121,48,11679,False,True,False
14929,121,49,11680,False,False,False
14930,121,50,11681,False,False,False
14931,121,51,11682,False,False,False
14932,121,52,11683,False,False,False
14933,121,53,11684,False,False,False
14934,121,54,11685,False,False,False
14935,121,55,11686,True,False,False
14936,121,56,11687,True,True,False
14937,121,57,11688,False,False,False
14938,121,58,11689,False,False,False
14939,121,59,11690,False,False,False
14940,121,60,11691,False,False,False
14941,121,61,11692,True,True,False
14942,121,62,11693,False,False,False
14943,121,63,11694,False,False,False
14944,121,64,11695,False,False,False
14945,121,65,11696,False,False,False
14946,121,66,11697,False,True,False
14947,121,67,11698,False,True,False
14948,121,68,11699,False,False,False
14949,121,69,11700,False,False,False
14950,121,70,11701,False,False,False
14951,121,71,11702,False,False,False
14952,121,72,11703,True,False,False
14953,121,73,11704,True,True,False
14954,121,74,11705,True,False,False
14955,121,75,11706,False,False,False
14956,121,76,11707,False,False,False
14957,121,77,11708,False,False,False
14958,121,78,11709,False,False,False
14959,121,79,11710,False,False,False
14960,121,80,11711,False,False,False
14961,121,81,11712,False,False,False
14962,121,82,11713,False,False,False
14963,121,83,11714,False,False,False
14964,121,84,11715,False,False,False
14965,121,85,11716,True,False,False
14966,121,86,11717,False,False,False
14967,121,87,11718,False,False,False
14968,121,88,11719,False,False,False
14969,121,89,11720,False,True,False
14970,121,90,11721,False,False,False
14971,121,91,11722,False,False,False
14972,121,92,11723,False,False,False
14973,121,93,11724,False,False,False
14974,121,94,11725,True,True,False
14975,121,95,11726,True,True,False
14976,121,96,11727,True,False,False
14977,121,97,11728,False,False,False
14978,121,98,11729,False,False,False
14979,121,99,11730,True,True,False
14980,121,100,11731,False,False,False
14981,121,101,11732,False,False,False
14982,121,102,11733,False,False,False
14983,121,103,11734,False,False,False
14984,121,104,11735,False,False,False
14985,121,105,11736,False,False,False
14986,121,106,11737,False,False,False
14987,121,107,11738,False,False,False
14988,121,108,11739,False,False,False
14989,121,109,11740,False,False,False
14990,121,110,11741,False,False,False
14991,121,111,11742,True,True,False
14992,121,112,11743,True,False,False
14993,121,113,11744,False,True,False
14994,121,114,11745,False,True,False
14995,121,115,11746,False,True,False
14996,121,116,11747,False,False,False
14997,121,117,11748,False,False,False
14998,121,118,11749,False,False,False
15015,122,11,11750,False,False,False
15016,122,12,11751,False,False,False
15017,122,13,11752,False,False,False
15018,122,14,11753,False,False,False
15019,122,15,11754,False,False,False
15020,122,16,11755,False,False,False
15021,122,17,11756,False,False,False
15022,122,18,11757,False,False,False
15023,122,19,11758,False,True,False
15024,122,20,11759,False,True,False
15025,122,21,11760,False,True,False
15026,122,22,11761,False,False,False
15027,122,23,11762,False,False,False
15028,122,24,11763,False,True,False
15029,122,25,11764,True,True,False
15030,122,26,11765,True,True,False
15031,122,27,11766,True,False,False
15032,122,28,11767,False,False,False
15033,122,29,11768,False,False,False
15034,122,30,11769,True,True,False
15035,122,31,11770,True,False,False
15036,122,32,11771,True,False,False
15037,122,33,11772,False,False,False
15038,122,34,11773,False,False,False
15039,122,35,11774,True,False,False
15040,122,36,11775,True,False,False
15041,122,37,11776,True,True,False
15042,122,38,11777,True,True,False
15043,122,39,11778,True,True,False
15044,122,40,11779,True,False,False
15045,122,41,11780,True,False,False
15046,122,42,11781,False,False,False
15047,122,43,11782,False,False,False
15048,122,44,11783,False,False,False
15049,122,45,11784,False,True,False
15050,122,46,11785,False,True,False
15051,122,47,11786,False,False,False
15052,122,48,11787,False,False,False
15053,122,49,11788,False,False,False
15054,122,50,11789,False,False,False
15055,122,51,11790,False,False,False
15056,122,52,11791,False,False,False
15057,122,53,11792,False,False,False
15058,122,54,11793,False,False,False
15059,122,55,11794,True,False,False
15060,122,56,11795,False,True,False
15061,122,57,11796,False,False,False
15062,122,58,11797,False,False,False
15063,122,59,11798,False,False,False
15064,122,60,11799,False,False,False
15065,122,61,11800,True,True,False
15066,122,62,11801,False,True,False
15067,122,63,11802,False,True,False
15068,122,64,11803,False,True,False
15069,122,65,11804,False,True,False
15070,122,66,11805,False,True,False
15071,122,67,11806,False,False,False
15072,122,68,11807,False,False,False
15073,122,69,11808,False,False,False
15074,122,70,11809,False,False,False
15075,122,71,11810,True,False,False
15076,122,72,11811,True,False,False
15077,122,73,11812,False,True,False
15078,122,74,11813,True,False,False
15079,122,75,11814,False,False,False
15080,122,76,11815,False,False,False
15081,122,77,11816,False,False,False
15082,122,78,11817,False,False,False
15083,122,79,11818,False,False,False
15084,122,80,11819,False,False,False
15085,122,81,11820,False,False,False
15086,122,82,11821,False,False,False
15087,122,83,11822,False,False,False
15088,122,84,11823,False,False,False
15089,122,85,11824,True,False,False
15090,122,86,11825,False,False,False
15091,122,87,11826,False,False,False
15092,122,88,11827,False,False,False
15093,122,89,11828,False,True,False
15094,122,90,11829,False,False,False
15095,122,91,11830,False,False,False
15096,122,92,11831,False,False,False
15097,122,93,11832,False,False,False
15098,122,94,11833,False,False,False
15099,122,95,11834,True,True,False
15100,122,96,11835,True,True,False
15101,122,97,11836,False,False,False
15102,122,98,11837,True,False,False
15103,122,99,11838,True,True,False
15104,122,100,11839,False,False,False
15105,122,101,11840,False,False,False
15106,122,102,11841,False,False,False
15107,122,103,11842,False,False,False
15108,122,104,11843,False,False,False
15109,122,105,11844,False,False,False
15110,122,106,11845,False,False,False
15111,122,107,11846,False,False,False
15112,122,108,11847,False,False,False
15113,122,109,11848,False,False,False
15114,122,110,11849,False,False,False
15115,122,111,11850,True,True,False
15116,122,112,11851,True,True,False
15117,122,113,11852,False,True,False
15118,122,114,11853,False,False,False
15119,122,115,11854,False,False,False
15120,122,116,11855,False,False,False
15121,122,117,11856,False,False,False
15122,122,118,11857,False,False,False
15142,123,14,11858,False,False,False
15143,123,15,11859,False,False,False
15144,123,16,11860,False,False,False
15145,123,17,11861,False,False,False
15146,123,18,11862,False,False,False
15147,123,19,11863,False,False,False
15148,123,20,11864,False,False,False
15149,123,21,11865,False,True,False
15150,123,22,11866,False,True,False
15151,123,23,11867,False,False,False
15152,123,24,11868,True,True,False
15153,123,25,11869,True,False,False
15154,123,26,11870,False,False,False
15155,123,27,11871,False,False,False
15156,123,28,11872,False,False,False
15157,123,29,11873,False,False,False
15158,123,30,11874,True,True,False
15159,123,31,11875,False,False,False
15160,123,32,11876,True,False,False
15161,123,33,11877,True,False,False
15162,123,34,11878,True,False,False
15163,123,35,11879,True,False,False
15164,123,36,11880,False,False,False
15165,123,37,11881,False,False,False
15166,123,38,11882,True,False,False
15167,123,39,11883,True,True,False
15168,123,40,11884,True,True,False
15169,123,41,11885,False,False,False
15170,123,42,11886,False,False,False
15171,123,43,11887,False,False,False
15172,123,44,11888,False,False,False
15173,123,45,11889,False,True,False
15174,123,46,11890,False,False,False
15175,123,47,11891,False,False,False
15176,123,48,11892,False,False,False
15177,123,49,11893,False,False,False
15178,123,50,11894,False,False,False
15179,123,51,11895,True,False,False
15180,123,52,11896,False,False,False
15181,123,53,11897,False,False,False
15182,123,54,11898,False,False,False
15183,123,55,11899,True,True,False
15184,123,56,11900,False,True,False
15185,123,57,11901,False,False,False
15186,123,58,11902,False,False,False
15187,123,59,11903,False,False,False
15188,123,60,11904,True,False,False
15189,123,61,11905,True,False,False
15190,123,62,11906,False,False,False
15191,123,63,11907,False,True,False
15192,123,64,11908,False,True,False
15193,123,65,11909,False,False,False
15194,123,66,11910,False,False,False
15195,123,67,11911,False,False,False
15196,123,68,11912,False,False,False
15197,123,69,11913,False,False,False
15198,123,70,11914,False,False,False
15199,123,71,11915,True,False,False
15200,123,72,11916,False,False,False
15201,123,73,11917,False,True,False
15202,123,74,11918,True,False,False
15203,123,75,11919,True,False,False
15204,123,76,11920,False,False,False
15205,123,77,11921,False,False,False
15206,123,78,11922,False,False,False
15207,123,79,11923,False,False,False
15208,123,80,11924,False,False,False
15209,123,81,11925,False,False,False
15210,123,82,11926,False,False,False
15211,123,83,11927,False,False,False
15212,123,84,11928,False,False,False
15213,123,85,11929,True,False,False
15214,123,86,11930,False,False,False
15215,123,87,11931,False,False,False
15216,123,88,11932,False,True,False
15217,123,89,11933,False,True,False
15218,123,90,11934,False,False,False
15219,123,91,11935,False,False,False
15220,123,92,11936,False,False,False
15221,123,93,11937,False,False,False
15222,123,94,11938,False,False,False
15223,123,95,11939,False,False,False
15224,123,96,11940,True,True,False
15225,123,97,11941,True,True,False
15226,123,98,11942,True,False,False
15227,123,99,11943,True,True,False
15228,123,100,11944,False,False,False
15229,123,101,11945,False,False,False
15230,123,102,11946,False,False,False
15231,123,103,11947,False,False,False
15232,123,104,11948,False,False,False
15233,123,105,11949,False,False,False
15234,123,106,11950,False,False,False
15235,123,107,11951,False,False,False
15236,123,108,11952,False,False,False
15237,123,109,11953,False,False,False
15238,123,110,11954,True,False,False
15239,123,111,11955,True,False,False
15240,123,112,11956,True,False,False
15241,123,113,11957,True,False,False
15242,123,114,11958,False,False,False
15243,123,115,11959,False,False,False
15244,123,116,11960,False,False,False
15245,123,117,11961,False,False,False
15246,123,118,11962,False,False,False
15247,123,119,11963,False,False,False
15268,124,16,11964,False,False,False
15269,124,17,11965,False,False,False
15270,124,18,11966,False,False,False
15271,124,19,11967,False,False,False
15272,124,20,11968,False,False,False
15273,124,21,11969,False,False,False
15274,124,22,11970,True,True,False
15275,124,23,11971,True,True,False
15276,124,24,11972,True,True,False
15277,124,25,11973,False,False,False
15278,124,26,11974,False,False,False
15279,124,27,11975,False,False,False
15280,124,28,11976,False,False,False
15281,124,29,11977,True,False,False
15282,124,30,11978,True,True,False
15283,124,31,11979,False,True,False
15284,124,32,11980,False,False,False
15285,124,33,11981,False,False,False
15286,124,34,11982,False,False,False
15287,124,35,11983,False,False,False
15288,124,36,11984,False,False,False
15289,124,37,11985,False,False,False
15290,124,38,11986,False,False,False
15291,124,39,11987,False,False,False
15292,124,40,11988,True,True,False
15293,124,41,11989,True,True,False
15294,124,42,11990,False,True,False
15295,124,43,11991,False,False,False
15296,124,44,11992,False,True,False
15297,124,45,11993,False,True,False
15298,124,46,11994,False,False,False
15299,124,47,11995,False,False,False
15300,124,48,11996,False,False,False
15301,124,49,11997,False,False,False
15302,124,50,11998,False,False,False
15303,124,51,11999,False,False,False
15304,124,52,12000,False,False,False
15305,124,53,12001,False,False,False
15306,124,54,12002,True,False,False
15307,124,55,12003,True,True,False
15308,124,56,12004,False,False,False
15309,124,57,12005,False,False,False
15310,124,58,12006,False,False,False
15311,124,59,12007,False,False,False
15312,124,60,12008,True,False,False
15313,124,61,12009,False,False,False
15314,124,62,12010,False,False,False
15315,124,63,12011,False,False,False
15316,124,64,12012,False,False,False
15317,124,65,12013,False,False,False
15318,124,66,12014,False,False,False
15319,124,67,12015,False,False,False
15320,124,68,12016,False,False,False
15321,124,69,12017,False,False,False
15322,124,70,12018,False,False,False
15323,124,71,12019,True,False,False
15324,124,72,12020,False,False,False
15325,124,73,12021,False,True,False
15326,124,74,12022,True,False,False
15327,124,75,12023,True,False,False
15328,124,76,12024,False,False,False
15329,124,77,12025,False,False,False
15330,124,78,12026,False,False,False
15331,124,79,12027,False,False,False
15332,124,80,12028,False,False,False
15333,124,81,12029,False,False,False
15334,124,82,12030,False,False,False
15335,124,83,12031,False,False,False
15336,124,84,12032,False,False,False
15337,124,85,12033,True,False,False
15338,124,86,12034,False,False,False
15339,124,87,12035,False,False,False
15340,124,88,12036,False,True,False
15341,124,89,12037,False,False,False
15342,124,90,12038,False,False,False
15343,124,91,12039,False,False,False
15344,124,92,12040,False,False,False
15345,124,93,12041,False,False,False
15346,124,94,12042,False,False,False
15347,124,95,12043,False,False,False
15348,124,96,12044,False,False,False
15349,124,97,12045,True,True,False
15350,124,98,12046,True,True,False
15351,124,99,12047,True,True,False
15352,124,100,12048,True,False,False
15353,124,101,12049,False,False,False
15354,124,102,12050,False,False,False
15355,124,103,12051,False,False,False
15356,124,104,12052,False,False,False
15357,124,105,12053,False,False,False
15358,124,106,12054,False,False,False
15359,124,107,12055,True,False,False
15360,124,108,12056,True,False,False
15361,124,109,12057,True,False,False
15362,124,110,12058,True,False,False
15363,124,111,12059,False,False,False
15364,124,112,12060,True,False,False
15365,124,113,12061,True,False,False
15366,124,114,12062,False,False,False
15367,124,115,12063,False,False,False
15368,124,116,12064,False,False,False
15369,124,117,12065,False,False,False
15370,124,118,12066,False,False,False
15371,124,119,12067,False,False,False
15394,125,18,12068,False,False,False
15395,125,19,12069,False,False,False
15396,125,20,12070,False,True,False
15397,125,21,12071,True,True,False
15398,125,22,12072,True,True,False
15399,125,23,12073,False,True,False
15400,125,24,12074,False,False,False
15401,125,25,12075,False,False,False
15402,125,26,12076,False,False,False
15403,125,27,12077,False,False,False
15404,125,28,12078,False,False,False
15405,125,29,12079,True,False,False
15406,125,30,12080,False,True,False
15407,125,31,12081,False,True,False
15408,125,32,12082,False,False,False
15409,125,33,12083,False,False,False
15410,125,34,12084,False,False,False
15411,125,35,12085,False,False,False
15412,125,36,12086,False,False,False
15413,125,37,12087,False,False,False
15414,125,38,12088,False,False,False
15415,125,39,12089,False,False,False
15416,125,40,12090,False,False,False
15417,125,41,12091,True,False,False
15418,125,42,12092,True,True,False
15419,125,43,12093,True,True,False
15420,125,44,12094,True,True,False
15421,125,45,12095,False,False,False
15422,125,46,12096,False,False,False
15423,125,47,12097,False,False,False
15424,125,48,12098,False,False,False
15425,125,49,12099,False,False,False
15425,125,49,12100,False,False,False
15426,125,50,12101,False,False,False
15427,125,51,12102,False,False,False
15428,125,52,12103,False,False,False
15429,125,53,12104,False,False,False
15430,125,54,12105,True,False,False
15431,125,55,12106,False,True,False
15432,125,56,12107,False,False,False
15433,125,57,12108,False,False,False
15434,125,58,12109,False,False,False
15435,125,59,12110,False,False,False
15436,125,60,12111,True,False,False
15437,125,61,12112,False,False,False
15438,125,62,12113,False,False,False
15439,125,63,12114,False,False,False
15440,125,64,12115,False,False,False
15441,125,65,12116,False,False,False
15442,125,66,12117,False,False,False
15443,125,67,12118,False,False,False
15444,125,68,12119,False,False,False
15445,125,69,12120,False,False,False
15446,125,70,12121,False,False,False
15447,125,71,12122,True,False,False
15448,125,72,12123,False,False,False
15449,125,73,12124,False,True,False
15450,125,74,12125,True,True,False
15451,125,75,12126,True,False,False
15452,125,76,12127,False,False,False
15453,125,77,12128,False,False,False
15454,125,78,12129,False,False,False
15455,125,79,12130,False,False,False
15456,125,80,12131,False,False,False
15457,125,81,12132,False,False,False
15458,125,82,12133,False,False,False
15459,125,83,12134,False,False,False
15460,125,84,12135,False,False,False
15461,125,85,12136,True,False,False
15462,125,86,12137,False,False,False
15463,125,87,12138,False,True,False
15464,125,88,12139,False,True,False
15465,125,89,12140,False,False,False
15466,125,90,12141,False,False,False
15467,125,91,12142,False,False,False
15468,125,92,12143,False,False,False
15469,125,93,12144,False,False,False
15470,125,94,12145,False,False,False
15471,125,95,12146,False,False,False
15472,125,96,12147,False,False,False
15473,125,97,12148,False,False,False
15474,125,98,12149,True,False,False
15475,125,99,12150,True,True,False
15476,125,100,12151,True,False,False
15477,125,101,12152,True,False,False
15478,125,102,12153,False,False,False
15479,125,103,12154,False,False,False
15480,125,104,12155,False,False,False
15481,125,105,12156,False,False,False
15482,125,106,12157,False,False,False
15483,125,107,12158,True,False,False
15484,125,108,12159,False,False,False
15485,125,109,12160,False,False,False
15486,125,110,12161,False,False,False
15487,125,111,12162,False,False,False
15488,125,112,12163,True,False,False
15489,125,113,12164,True,False,False
15490,125,114,12165,False,False,False
15491,125,115,12166,False,False,False
15492,125,116,12167,False,False,False
15493,125,117,12168,False,False,False
15494,125,118,12169,False,False,False
15495,125,119,12170,False,False,False
15519,126,19,12171,False,False,False
15520,126,20,12172,False,False,False
15521,126,21,12173,False,False,False
15522,126,22,12174,False,False,False
15523,126,23,12175,False,False,False
15524,126,24,12176,False,False,False
15525,126,25,12177,False,False,False
15526,126,26,12178,False,False,False
15527,126,27,12179,False,False,False
15528,126,28,12180,False,False,False
15529,126,29,12181,True,False,False
15530,126,30,12182,True,True,False
15531,126,31,12183,False,False,False
15532,126,32,12184,False,False,False
15533,126,33,12185,False,False,False
15534,126,34,12186,False,False,False
15535,126,35,12187,False,False,False
15536,126,36,12188,False,False,False
15537,126,37,12189,False,False,False
15538,126,38,12190,False,False,False
15539,126,39,12191,False,False,False
15540,126,40,12192,False,False,False
15541,126,41,12193,False,True,False
15542,126,42,12194,False,True,False
15543,126,43,12195,False,True,False
15544,126,44,12196,True,True,False
15545,126,45,12197,False,False,False
15546,126,46,12198,False,False,False
15547,126,47,12199,False,False,False
15548,126,48,12200,False,False,False
15550,126,50,12201,False,False,False
15551,126,51,12202,False,False,False
15552,126,52,12203,False,False,False
15553,126,53,12204,False,False,False
15554,126,54,12205,True,False,False
15555,126,55,12206,False,True,False
15556,126,56,12207,False,False,False
15557,126,57,12208,False,False,False
15558,126,58,12209,False,False,False
15559,126,59,12210,False,False,False
15560,126,60,12211,True,False,False
15561,126,61,12212,False,False,False
15562,126,62,12213,False,False,False
15563,126,63,12214,False,False,False
15564,126,64,12215,False,False,False
15565,126,65,12216,False,False,False
15566,126,66,12217,False,False,False
15567,126,67,12218,False,False,False
15568,126,68,12219,False,False,False
15569,126,69,12220,False,False,False
15570,126,70,12221,False,False,False
15571,126,71,12222,True,False,False
15572,126,72,12223,False,False,False
15573,126,73,12224,False,False,False
15574,126,74,12225,True,True,False
15575,126,75,12226,True,True,False
15576,126,76,12227,True,False,False
15577,126,77,12228,False,False,False
15578,126,78,12229,False,False,False
15579,126,79,12230,False,False,False
15580,126,80,12231,False,False,False
15581,126,81,12232,False,False,False
15582,126,82,12233,False,False,False
15583,126,83,12234,False,False,False
15584,126,84,12235,True,False,False
15585,126,85,12236,True,False,False
15586,126,86,12237,False,False,False
15587,126,87,12238,False,True,False
15588,126,88,12239,False,False,False
15589,126,89,12240,False,False,False
15590,126,90,12241,False,False,False
15591,126,91,12242,False,False,False
15592,126,92,12243,False,False,False
15593,126,93,12244,False,False,False
15594,126,94,12245,False,False,False
15595,126,95,12246,False,False,False
15596,126,96,12247,False,False,False
15597,126,97,12248,False,False,False
15598,126,98,12249,False,False,False
15599,126,99,12250,True,False,False
15600,126,100,12251,True,True,False
15601,126,101,12252,True,False,False
15602,126,102,12253,True,False,False
15603,126,103,12254,False,False,False
15604,126,104,12255,False,False,False
15605,126,105,12256,False,False,False
15606,126,106,12257,True,False,False
15607,126,107,12258,True,False,False
15608,126,108,12259,False,False,False
15609,126,109,12260,False,False,False
15610,126,110,12261,False,False,False
15611,126,111,12262,False,False,False
15612,126,112,12263,False,False,False
15613,126,113,12264,True,False,False
15614,126,114,12265,False,False,False
15615,126,115,12266,False,False,False
15616,126,116,12267,False,False,False
15617,126,117,12268,False,False,False
15618,126,118,12269,False,False,False
15619,126,119,12270,False,False,False
15645,127,21,12271,False,False,False
15646,127,22,12272,False,False,False
15647,127,23,12273,False,False,False
15648,127,24,12274,False,False,False
15649,127,25,12275,False,False,False
15650,127,26,12276,False,False,False
15651,127,27,12277,False,False,False
15652,127,28,12278,False,False,False
15653,127,29,12279,True,True,False
15654,127,30,12280,True,True,False
15655,127,31,12281,False,False,False
15656,127,32,12282,False,False,False
15657,127,33,12283,False,False,False
15658,127,34,12284,False,False,False
15659,127,35,12285,False,False,False
15660,127,36,12286,False,False,False
15661,127,37,12287,False,False,False
15662,127,38,12288,False,False,False
15663,127,39,12289,False,True,False
15664,127,40,12290,False,True,False
15665,127,41,12291,False,True,False
15666,127,42,12292,False,False,False
15667,127,43,12293,False,False,False
15668,127,44,12294,False,False,False
15669,127,45,12295,False,False,False
15670,127,46,12296,False,False,False
15674,127,50,12297,False,False,False
15675,127,51,12298,False,False,False
15676,127,52,12299,False,False,False
15677,127,53,12300,False,False,False
15678,127,54,12301,True,False,False
15679,127,55,12302,False,True,False
15680,127,56,12303,False,False,False
15681,127,57,12304,False,False,False
15682,127,58,12305,False,False,False
15683,127,59,12306,True,False,False
15684,127,60,12307,True,False,False
15685,127,61,12308,False,False,False
15686,127,62,12309,False,False,False
15687,127,63,12310,False,False,False
15688,127,64,12311,False,False,False
15689,127,65,12312,False,False,False
15690,127,66,12313,False,False,False
15691,127,67,12314,False,False,False
15692,127,68,12315,False,False,False
15693,127,69,12316,False,False,False
15694,127,70,12317,True,False,False
15695,127,71,12318,True,False,False
15696,127,72,12319,False,False,False
15697,127,73,12320,True,False,False
15698,127,74,12321,True,True,False
15699,127,75,12322,False,True,False
15700,127,76,12323,True,False,False
15701,127,77,12324,True,False,False
15702,127,78,12325,False,False,False
15703,127,79,12326,False,False,False
15704,127,80,12327,False,False,False
15705,127,81,12328,False,False,False
15706,127,82,12329,False,False,False
15707,127,83,12330,False,False,False
15708,127,84,12331,True,False,False
15709,127,85,12332,False,False,False
15710,127,86,12333,False,False,False
15711,127,87,12334,False,True,False
15712,127,88,12335,False,False,False
15713,127,89,12336,False,False,False
15714,127,90,12337,False,False,False
15715,127,91,12338,False,False,False
15716,127,92,12339,False,False,False
15717,127,93,12340,False,False,False
15718,127,94,12341,False,False,False
15719,127,95,12342,False,False,False
15720,127,96,12343,False,False,False
15721,127,97,12344,False,False,False
15722,127,98,12345,False,False,False
15723,127,99,12346,False,False,False
15724,127,100,12347,True,True,False
15725,127,101,12348,False,True,False
15726,127,102,12349,True,False,False
15727,127,103,12350,False,False,False
15728,127,104,12351,False,False,False
15729,127,105,12352,True,False,False
15730,127,106,12353,True,False,False
15731,127,107,12354,False,False,False
15732,127,108,12355,False,False,False
15733,127,109,12356,False,False,False
15734,127,110,12357,False,False,False
15735,127,111,12358,False,False,False
15736,127,112,12359,False,False,False
15737,127,113,12360,True,False,False
15738,127,114,12361,False,False,False
15739,127,115,12362,False,False,False
15740,127,116,12363,False,False,False
15741,127,117,12364,False,False,False
15742,127,118,12365,False,False,False
15743,127,119,12366,False,False,False
15744,127,120,12367,False,False,False
15771,128,23,12368,False,False,False
15772,128,24,12369,False,False,False
15773,128,25,12370,False,False,False
15774,128,26,12371,False,False,False
15775,128,27,12372,False,False,False
15776,128,28,12373,False,False,False
15777,128,29,12374,True,False,False
15778,128,30,12375,False,True,False
15779,128,31,12376,False,False,False
15780,128,32,12377,False,False,False
15781,128,33,12378,False,False,False
15782,128,34,12379,False,False,False
15783,128,35,12380,False,True,False
15784,128,36,12381,False,True,False
15785,128,37,12382,False,True,False
15786,128,38,12383,False,True,False
15787,128,39,12384,False,True,False
15788,128,40,12385,False,False,False
15789,128,41,12386,False,False,False
15790,128,42,12387,False,False,False
15791,128,43,12388,False,False,False
15792,128,44,12389,False,False,False
15793,128,45,12390,False,False,False
15799,128,51,12391,False,False,False
15800,128,52,12392,False,False,False
15801,128,53,12393,False,False,False
15802,128,54,12394,True,True,False
15803,128,55,12395,False,True,False
15804,128,56,12396,False,False,False
15805,128,57,12397,False,False,False
15806,128,58,12398,False,False,False
15807,128,59,12399,True,False,False
15808,128,60,12400,False,False,False
15809,128,61,12401,False,False,False
15810,128,62,12402,False,False,False
15811,128,63,12403,False,False,False
15812,128,64,12404,False,False,False
15813,128,65,12405,False,False,False
15814,128,66,12406,False,False,False
15815,128,67,12407,True,False,False
15816,128,68,12408,True,False,False
15817,128,69,12409,True,False,False
15818,128,70,12410,True,False,False
15819,128,71,12411,False,False,False
15820,128,72,12412,False,False,False
15821,128,73,12413,True,False,False
15822,128,74,12414,False,True,False
15823,128,75,12415,False,False,False
15824,128,76,12416,False,False,False
15825,128,77,12417,True,False,False
15826,128,78,12418,False,False,False
15827,128,79,12419,False,False,False
15828,128,80,12420,False,False,False
15829,128,81,12421,False,False,False
15830,128,82,12422,False,False,False
15831,128,83,12423,False,False,False
15832,128,84,12424,True,True,False
15833,128,85,12425,False,True,False
15834,128,86,12426,False,True,False
15835,128,87,12427,False,True,False
15836,128,88,12428,False,False,False
15837,128,89,12429,False,False,False
15838,128,90,12430,False,False,False
15839,128,91,12431,False,False,False
15840,128,92,12432,False,False,False
15841,128,93,12433,False,False,False
15842,128,94,12434,False,False,False
15843,128,95,12435,False,False,False
15844,128,96,12436,False,False,False
15845,128,97,12437,False,False,False
15846,128,98,12438,False,False,False
15847,128,99,12439,False,True,False
15848,128,100,12440,True,True,False
15849,128,101,12441,True,True,False
15850,128,102,12442,True,False,False
15851,128,103,12443,True,False,False
15852,128,104,12444,True,True,False
15853,128,105,12445,True,True,False
15854,128,106,12446,False,False,False
15855,128,107,12447,False,False,False
15856,128,108,12448,False,False,False
15857,128,109,12449,False,False,False
15858,128,110,12450,False,False,False
15859,128,111,12451,False,False,False
15860,128,112,12452,True,False,False
15861,128,113,12453,True,False,False
15862,128,114,12454,False,False,False
15863,128,115,12455,False,False,False
15864,128,116,12456,False,False,False
15865,128,117,12457,False,False,False
15866,128,118,12458,False,False,False
15867,128,119,12459,False,False,False
15868,128,120,12460,False,False,False
15897,129,25,12461,False,False,False
15898,129,26,12462,False,False,False
15899,129,27,12463,False,False,False
15900,129,28,12464,False,False,False
15901,129,29,12465,True,True,False
15902,129,30,12466,False,True,False
15903,129,31,12467,False,False,False
15904,129,32,12468,False,False,False
15905,129,33,12469,False,False,False
15906,129,34,12470,False,True,False
15907,129,35,12471,False,True,False
15908,129,36,12472,False,False,False
15909,129,37,12473,False,False,False
15910,129,38,12474,False,False,False
15911,129,39,12475,False,False,False
15912,129,40,12476,False,False,False
15913,129,41,12477,False,False,False
15914,129,42,12478,False,False,False
15915,129,43,12479,False,False,False
15923,129,51,12480,False,False,False
15924,129,52,12481,False,False,False
15925,129,53,12482,True,True,False
15926,129,54,12483,True,True,False
15927,129,55,12484,False,True,False
15928,129,56,12485,False,False,False
15929,129,57,12486,False,False,False
15930,129,58,12487,False,False,False
15931,129,59,12488,True,False,False
15932,129,60,12489,False,False,False
15933,129,61,12490,False,False,False
15934,129,62,12491,False,False,False
15935,129,63,12492,False,False,False
15936,129,64,12493,False,False,False
15937,129,65,12494,False,False,False
15938,129,66,12495,True,False,False
15939,129,67,12496,True,False,False
15940,129,68,12497,False,False,False
15941,129,69,12498,False,False,False
15942,129,70,12499,False,False,False
15943,129,71,12500,False,False,False
15944,129,72,12501,False,False,False
15945,129,73,12502,True,False,False
15946,129,74,12503,False,True,False
15947,129,75,12504,False,True,False
15948,129,76,12505,False,True,False
15949,129,77,12506,True,True,False
15950,129,78,12507,True,True,False
15951,129,79,12508,True,True,False
15952,129,80,12509,True,True,False
15953,129,81,12510,False,True,False
15954,129,82,12511,False,True,False
15955,129,83,12512,True,True,False
15956,129,84,12513,True,True,False
15957,129,85,12514,False,False,False
15958,129,86,12515,False,False,False
15959,129,87,12516,False,True,False
15960,129,88,12517,False,True,False
15961,129,89,12518,False,False,False
15962,129,90,12519,False,False,False
15963,129,91,12520,False,False,False
15964,129,92,12521,False,False,False
15965,129,93,12522,False,False,False
15966,129,94,12523,False,False,False
15967,129,95,12524,False,False,False
15968,129,96,12525,False,False,False
15969,129,97,12526,False,False,False
15970,129,98,12527,False,True,False
15971,129,99,12528,False,True,False
15972,129,100,12529,True,False,False
15973,129,101,12530,True,True,False
15974,129,102,12531,True,True,False
15975,129,103,12532,True,True,False
15976,129,104,12533,True,True,False
15977,129,105,12534,True,True,False
15978,129,106,12535,False,False,False
15979,129,107,12536,True,True,False
15980,129,108,12537,True,False,False
15981,129,109,12538,True,False,False
15982,129,110,12539,False,False,False
15984,129,112,12540,False,False,False
15985,129,113,12541,False,False,False
15986,129,114,12542,False,False,False
15987,129,115,12543,False,False,False
15988,129,116,12544,False,False,False
15989,129,117,12545,False,False,False
15990,129,118,12546,False,False,False
15991,129,119,12547,False,False,False
15992,129,120,12548,False,False,False
16022,130,26,12549,False,False,False
16023,130,27,12550,False,False,False
16024,130,28,12551,False,False,False
16025,130,29,12552,True,True,False
16026,130,30,12553,False,False,False
16027,130,31,12554,False,False,False
16028,130,32,12555,False,False,False
16029,130,33,12556,False,True,False
16030,130,34,12557,False,True,False
16031,130,35,12558,False,True,False
16032,130,36,12559,False,False,False
16033,130,37,12560,False,False,False
16034,130,38,12561,False,False,False
16035,130,39,12562,False,False,False
16036,130,40,12563,False,False,False
16037,130,41,12564,False,False,False
16038,130,42,12565,False,False,False
16048,130,52,12566,True,False,False
16049,130,53,12567,True,True,False
16050,130,54,12568,False,True,False
16051,130,55,12569,False,False,False
16052,130,56,12570,False,False,False
16053,130,57,12571,False,False,False
16054,130,58,12572,False,False,False
16055,130,59,12573,True,False,False
16056,130,60,12574,False,False,False
16057,130,61,12575,False,False,False
16058,130,62,12576,False,False,False
16059,130,63,12577,False,False,False
16060,130,64,12578,False,False,False
16061,130,65,12579,True,False,False
16062,130,66,12580,True,False,False
16063,130,67,12581,False,False,False
16064,130,68,12582,False,False,False
16065,130,69,12583,False,False,False
16066,130,70,12584,False,False,False
16067,130,71,12585,False,False,False
16068,130,72,12586,False,False,False
16069,130,73,12587,True,False,False
16070,130,74,12588,False,True,False
16071,130,75,12589,False,False,False
16072,130,76,12590,False,False,False
16073,130,77,12591,False,True,False
16074,130,78,12592,True,True,False
16075,130,79,12593,True,True,False
16076,130,80,12594,True,False,False
16077,130,81,12595,True,False,False
16078,130,82,12596,False,False,False
16079,130,83,12597,True,True,False
16080,130,84,12598,False,True,False
16081,130,85,12599,False,False,False
16082,130,86,12600,False,False,False
16083,130,87,12601,False,False,False
16084,130,88,12602,False,True,False
16085,130,89,12603,False,True,False
16086,130,90,12604,False,False,False
16087,130,91,12605,False,False,False
16088,130,92,12606,False,False,False
16089,130,93,12607,False,False,False
16090,130,94,12608,False,False,False
16091,130,95,12609,False,False,False
16092,130,96,12610,False,False,False
16093,130,97,12611,False,True,False
16094,130,98,12612,False,True,False
16095,130,99,12613,False,False,False
16096,130,100,12614,True,False,False
16097,130,101,12615,True,False,False
16098,130,102,12616,False,False,False
16099,130,103,12617,False,False,False
16100,130,104,12618,True,True,False
16101,130,105,12619,True,False,False
16102,130,106,12620,False,False,False
16103,130,107,12621,False,True,False
16104,130,108,12622,False,True,False
16111,130,115,12623,False,False,False
16112,130,116,12624,False,False,False
16113,130,117,12625,False,False,False
16114,130,118,12626,False,False,False
16115,130,119,12627,False,False,False
16116,130,120,12628,False,False,False
16117,130,121,12629,False,False,False
16149,131,29,12630,False,False,False
16150,131,30,12631,False,False,False
16151,131,31,12632,False,False,False
16152,131,32,12633,False,False,False
16153,131,33,12634,False,True,False
16154,131,34,12635,False,False,False
16155,131,35,12636,False,False,False
16156,131,36,12637,False,False,False
16157,131,37,12638,False,False,False
16158,131,38,12639,False,False,False
16159,131,39,12640,False,False,False
16160,131,40,12641,False,False,False
16161,131,41,12642,False,False,False
16173,131,53,12643,True,True,False
16174,131,54,12644,False,False,False
16175,131,55,12645,False,False,False
16176,131,56,12646,False,False,False
16177,131,57,12647,False,False,False
16178,131,58,12648,False,False,False
16179,131,59,12649,True,False,False
16180,131,60,12650,False,False,False
16181,131,61,12651,False,False,False
16182,131,62,12652,False,False,False
16183,131,63,12653,False,False,False
16184,131,64,12654,True,False,False
16185,131,65,12655,True,False,False
16186,131,66,12656,False,False,False
16187,131,67,12657,False,False,False
16188,131,68,12658,False,False,False
16189,131,69,12659,False,False,False
16190,131,70,12660,False,False,False
16191,131,71,12661,False,False,False
16192,131,72,12662,False,False,False
16193,131,73,12663,True,False,False
16194,131,74,12664,False,True,False
16195,131,75,12665,False,False,False
16196,131,76,12666,False,False,False
16197,131,77,12667,False,False,False
16198,131,78,12668,False,False,False
16199,131,79,12669,False,False,False
16200,131,80,12670,False,False,False
16201,131,81,12671,True,False,False
16202,131,82,12672,True,True,False
16203,131,83,12673,True,True,False
16204,131,84,12674,False,False,False
16205,131,85,12675,False,False,False
16206,131,86,12676,False,False,False
16207,131,87,12677,False,False,False
16208,131,88,12678,False,False,False
16209,131,89,12679,False,True,False
16210,131,90,12680,False,True,False
16211,131,91,12681,False,False,False
16212,131,92,12682,False,False,False
16213,131,93,12683,False,False,False
16214,131,94,12684,False,False,False
16215,131,95,12685,False,False,False
16216,131,96,12686,False,True,False
16217,131,97,12687,False,True,False
16218,131,98,12688,False,False,False
16219,131,99,12689,False,False,False
16220,131,100,12690,True,False,False
16221,131,101,12691,True,False,False
16222,131,102,12692,False,False,False
16223,131,103,12693,False,False,False
16224,131,104,12694,True,True,False
16225,131,105,12695,False,False,False
16226,131,106,12696,False,False,False
16227,131,107,12697,False,False,False
16237,131,117,12698,False,False,False
16238,131,118,12699,False,False,False
16239,131,119,12700,False,False,False
16240,131,120,12701,False,False,False
16241,131,121,12702,False,False,False
16277,132,33,12703,False,False,False
16278,132,34,12704,False,False,False
16279,132,35,12705,False,False,False
16280,132,36,12706,False,False,False
16281,132,37,12707,False,False,False
16282,132,38,12708,False,False,False
16283,132,39,12709,False,False,False
16297,132,53,12710,False,False,False
16298,132,54,12711,False,False,False
16299,132,55,12712,False,False,False
16300,132,56,12713,False,False,False
16301,132,57,12714,False,False,False
16302,132,58,12715,False,False,False
16303,132,59,12716,True,False,False
16304,132,60,12717,False,False,False
16305,132,61,12718,False,False,False
16306,132,62,12719,False,False,False
16307,132,63,12720,False,False,False
16308,132,64,12721,True,False,False
16309,132,65,12722,False,False,False
16310,132,66,12723,False,False,False
16311,132,67,12724,False,False,False
16312,132,68,12725,False,False,False
16313,132,69,12726,False,False,False
16314,132,70,12727,False,False,False
16315,132,71,12728,False,False,False
16316,132,72,12729,False,False,False
16317,132,73,12730,True,True,False
16318,132,74,12731,False,True,False
16319,132,75,12732,False,False,False
16320,132,76,12733,False,False,False
16321,132,77,12734,False,False,False
16322,132,78,12735,False,False,False
16323,132,79,12736,False,False,False
16324,132,80,12737,False,False,False
16325,132,81,12738,False,False,False
16326,132,82,12739,True,True,False
16327,132,83,12740,True,True,False
16328,132,84,12741,False,False,False
16329,132,85,12742,False,False,False
16330,132,86,12743,False,False,False
16331,132,87,12744,False,False,False
16332,132,88,12745,False,False,False
16333,132,89,12746,False,False,False
16334,132,90,12747,False,True,False
16335,132,91,12748,False,False,False
16336,132,92,12749,False,False,False
16337,132,93,12750,False,False,False
16338,132,94,12751,False,False,False
16339,132,95,12752,False,True,False
16340,132,96,12753,False,True,False
16341,132,97,12754,False,False,False
16342,132,98,12755,False,False,False
16343,132,99,12756,False,False,False
16344,132,100,12757,True,False,False
16345,132,101,12758,False,False,False
16346,132,102,12759,False,False,False
16347,132,103,12760,False,True,False
16348,132,104,12761,True,False,False
16349,132,105,12762,False,False,False
16364,132,120,12763,False,False,False
16365,132,121,12764,False,False,False
16405,133,37,12765,False,False,False
16406,133,38,12766,False,False,False
16424,133,56,12767,False,False,False
16425,133,57,12768,False,False,False
16426,133,58,12769,False,False,False
16427,133,59,12770,False,False,False
16428,133,60,12771,False,False,False
16429,133,61,12772,False,False,False
16430,133,62,12773,False,False,False
16431,133,63,12774,True,False,False
16432,133,64,12775,True,False,False
16433,133,65,12776,False,True,False
16434,133,66,12777,False,True,False
16435,133,67,12778,False,True,False
16436,133,68,12779,False,False,False
16437,133,69,12780,False,False,False
16438,133,70,12781,False,False,False
16439,133,71,12782,False,False,False
16440,133,72,12783,False,True,False
16441,133,73,12784,True,True,False
16442,133,74,12785,False,False,False
16443,133,75,12786,False,False,False
16444,133,76,12787,False,False,False
16445,133,77,12788,False,False,False
16446,133,78,12789,False,False,False
16447,133,79,12790,False,False,False
16448,133,80,12791,False,False,False
16449,133,81,12792,False,False,False
16450,133,82,12793,False,False,False
16451,133,83,12794,True,True,False
16452,133,84,12795,True,False,False
16453,133,85,12796,True,False,False
16454,133,86,12797,False,False,False
16455,133,87,12798,False,False,False
16456,133,88,12799,False,False,False
16457,133,89,12800,False,False,False
16458,133,90,12801,False,True,False
16459,133,91,12802,False,False,False
16460,133,92,12803,False,False,False
16461,133,93,12804,False,False,False
16462,133,94,12805,False,False,False
16463,133,95,12806,False,True,False
16464,133,96,12807,False,False,False
16465,133,97,12808,False,False,False
16466,133,98,12809,False,False,False
16467,133,99,12810,False,False,False
16468,133,100,12811,True,False,False
16469,133,101,12812,False,False,False
16470,133,102,12813,False,False,False
16471,133,103,12814,True,True,False
16472,133,104,12815,True,False,False
16553,134,61,12816,False,False,False
16554,134,62,12817,False,False,False
16555,134,63,12818,True,False,False
16556,134,64,12819,False,False,False
16557,134,65,12820,False,False,False
16558,134,66,12821,False,False,False
16559,134,67,12822,False,True,False
16560,134,68,12823,False,True,False
16561,134,69,12824,False,True,False
16562,134,70,12825,False,True,False
16563,134,71,12826,False,True,False
16564,134,72,12827,False,True,False
16565,134,73,12828,True,True,False
16566,134,74,12829,False,False,False
16567,134,75,12830,False,False,False
16568,134,76,12831,False,False,False
16569,134,77,12832,False,False,False
16570,134,78,12833,False,False,False
16571,134,79,12834,False,False,False
16572,134,80,12835,False,False,False
16573,134,81,12836,False,False,False
16574,134,82,12837,True,True,False
16575,134,83,12838,True,True,False
16576,134,84,12839,False,False,False
16577,134,85,12840,True,False,False
16578,134,86,12841,True,False,False
16579,134,87,12842,True,False,False
16580,134,88,12843,True,False,False
16581,134,89,12844,False,False,False
16582,134,90,12845,False,True,False
16583,134,91,12846,False,False,False
16584,134,92,12847,False,False,False
16585,134,93,12848,False,False,False
16586,134,94,12849,False,False,False
16587,134,95,12850,False,True,False
16588,134,96,12851,False,False,False
16589,134,97,12852,False,False,False
16590,134,98,12853,False,False,False
16591,134,99,12854,False,False,False
16592,134,100,12855,True,False,False
16593,134,101,12856,False,False,False
16594,134,102,12857,False,False,False
16683,135,67,12858,False,False,False
16684,135,68,12859,False,False,False
16685,135,69,12860,False,False,False
16686,135,70,12861,False,False,False
16687,135,71,12862,False,False,False
16688,135,72,12863,True,True,False
16689,135,73,12864,True,True,False
16690,135,74,12865,False,False,False
16691,135,75,12866,False,False,False
16692,135,76,12867,False,False,False
16693,135,77,12868,False,False,False
16694,135,78,12869,False,False,False
16695,135,79,12870,False,False,False
16696,135,80,12871,False,False,False
16697,135,81,12872,False,False,False
16698,135,82,12873,True,True,False
16699,135,83,12874,False,False,False
16700,135,84,12875,False,False,False
16701,135,85,12876,False,False,False
16702,135,86,12877,False,False,False
16703,135,87,12878,False,False,False
16704,135,88,12879,True,False,False
16705,135,89,12880,True,False,False
16706,135,90,12881,True,True,False
16707,135,91,12882,False,False,False
16708,135,92,12883,False,False,False
16709,135,93,12884,False,False,False
16710,135,94,12885,False,True,False
16711,135,95,12886,False,True,False
16712,135,96,12887,False,False,False
16713,135,97,12888,False,False,False
16714,135,98,12889,False,False,False
16715,135,99,12890,False,False,False
16716,135,100,12891,True,False,False
16717,135,101,12892,False,False,False
16810,136,70,12893,False,False,False
16811,136,71,12894,False,False,False
16812,136,72,12895,True,True,False
16813,136,73,12896,False,False,False
16814,136,74,12897,False,False,False
16815,136,75,12898,False,False,False
16816,136,76,12899,False,False,False
16817,136,77,12900,False,False,False
16818,136,78,12901,False,False,False
16819,136,79,12902,False,False,False
16820,136,80,12903,False,False,False
16821,136,81,12904,True,False,False
16822,136,82,12905,True,True,False
16823,136,83,12906,False,False,False
16824,136,84,12907,False,False,False
16825,136,85,12908,False,False,False
16826,136,86,12909,False,False,False
16827,136,87,12910,False,False,False
16828,136,88,12911,False,False,False
16829,136,89,12912,False,False,False
16830,136,90,12913,True,True,False
16831,136,91,12914,True,False,False
16832,136,92,12915,False,False,False
16833,136,93,12916,False,True,False
16834,136,94,12917,False,True,False
16835,136,95,12918,True,False,False
16836,136,96,12919,True,False,False
16837,136,97,12920,True,False,False
16838,136,98,12921,False,False,False
16839,136,99,12922,False,False,False
16935,137,71,12923,True,True,False
16936,137,72,12924,True,True,False
16937,137,73,12925,False,False,False
16938,137,74,12926,False,False,False
16939,137,75,12927,False,False,False
16940,137,76,12928,False,False,False
16941,137,77,12929,False,False,False
16942,137,78,12930,False,False,False
16943,137,79,12931,False,False,False
16944,137,80,12932,False,False,False
16945,137,81,12933,True,True,False
16946,137,82,12934,False,True,False
16947,137,83,12935,False,False,False
16948,137,84,12936,False,False,False
16949,137,85,12937,False,False,False
16950,137,86,12938,False,False,False
16951,137,87,12939,False,False,False
16952,137,88,12940,False,False,False
16953,137,89,12941,False,False,False
16954,137,90,12942,False,True,False
16955,137,91,12943,True,True,False
16956,137,92,12944,True,True,False
16957,137,93,12945,False,True,False
16958,137,94,12946,True,False,False
16959,137,95,12947,True,False,False
16960,137,96,12948,False,False,False
16961,137,97,12949,True,False,False
16962,137,98,12950,True,False,False
17060,138,72,12951,False,False,False
17061,138,73,12952,False,False,False
17062,138,74,12953,False,False,False
17063,138,75,12954,False,False,False
17064,138,76,12955,False,False,False
17065,138,77,12956,False,False,False
17066,138,78,12957,False,False,False
17067,138,79,12958,False,False,False
17068,138,80,12959,False,False,False
17069,138,81,12960,True,True,False
17070,138,82,12961,False,False,False
17071,138,83,12962,False,False,False
17072,138,84,12963,False,False,False
17073,138,85,12964,False,False,False
17074,138,86,12965,False,False,False
17075,138,87,12966,False,False,False
17076,138,88,12967,False,False,False
17077,138,89,12968,False,False,False
17078,138,90,12969,False,False,False
17079,138,91,12970,False,True,False
17080,138,92,12971,True,True,False
17081,138,93,12972,True,False,False
17082,138,94,12973,True,False,False
17083,138,95,12974,False,False,False
17084,138,96,12975,False,False,False
17185,139,73,12976,False,False,False
17186,139,74,12977,False,False,False
17187,139,75,12978,False,False,False
17188,139,76,12979,False,False,False
17189,139,77,12980,False,False,False
17190,139,78,12981,False,False,False
17191,139,79,12982,False,False,False
17192,139,80,12983,True,False,False
17193,139,81,12984,True,True,False
17194,139,82,12985,False,False,False
17195,139,83,12986,False,False,False
17196,139,84,12987,False,False,False
17197,139,85,12988,False,False,False
17198,139,86,12989,False,False,False
17199,139,87,12990,False,False,False
17200,139,88,12991,False,False,False
17201,139,89,12992,False,True,False
17202,139,90,12993,True,True,False
17203,139,91,12994,True,True,False
17204,139,92,12995,True,True,False
17205,139,93,12996,True,True,False
17206,139,94,12997,False,False,False
17207,139,95,12998,False,False,False
17310,140,74,12999,False,False,False
17311,140,75,13000,False,False,False
17312,140,76,13001,False,False,False
17313,140,77,13002,False,False,False
17314,140,78,13003,False,False,False
17315,140,79,13004,True,True,False
17316,140,80,13005,True,True,False
17317,140,81,13006,False,True,False
17318,140,82,13007,False,False,False
17319,140,83,13008,False,False,False
17320,140,84,13009,False,False,False
17321,140,85,13010,False,False,False
17322,140,86,13011,False,False,False
17323,140,87,13012,False,False,False
17324,140,88,13013,False,False,False
17325,140,89,13014,True,True,False
17326,140,90,13015,True,False,False
17327,140,91,13016,False,False,False
17328,140,92,13017,False,False,False
17329,140,93,13018,True,True,False
17435,141,75,13019,False,False,False
17436,141,76,13020,False,False,False
17437,141,77,13021,False,False,False
17438,141,78,13022,True,False,False
17439,141,79,13023,True,True,False
17440,141,80,13024,False,True,False
17441,141,81,13025,False,False,False
17442,141,82,13026,False,False,False
17443,141,83,13027,False,False,False
17444,141,84,13028,False,False,False
17445,141,85,13029,False,False,False
17446,141,86,13030,False,False,False
17447,141,87,13031,False,False,False
17448,141,88,13032,False,False,False
17449,141,89,13033,True,True,False
17450,141,90,13034,False,False,False
17451,141,91,13035,False,False,False
17452,141,92,13036,False,False,False
17560,142,76,13037,False,False,False
17561,142,77,13038,False,False,False
17562,142,78,13039,True,True,False
17563,142,79,13040,False,True,False
17564,142,80,13041,False,False,False
17565,142,81,13042,False,False,False
17566,142,82,13043,False,False,False
17567,142,83,13044,False,False,False
17568,142,84,13045,False,False,False
17569,142,85,13046,False,False,False
17570,142,86,13047,False,False,False
17571,142,87,13048,False,False,False
17572,142,88,13049,False,True,False
17573,142,89,13050,True,True,False
17574,142,90,13051,False,False,False
17685,143,77,13052,False,False,False
17686,143,78,13053,True,True,False
17687,143,79,13054,False,False,False
17688,143,80,13055,False,False,False
17689,143,81,13056,False,False,False
17690,143,82,13057,False,False,False
17691,143,83,13058,False,False,False
17692,143,84,13059,False,False,False
17693,143,85,13060,False,False,False
17694,143,86,13061,False,False,False
17695,143,87,13062,False,False,False
17696,143,88,13063,False,True,False
17697,143,89,13064,True,False,False
17816,144,84,13065,False,False,False
17817,144,85,13066,False,False,False
17818,144,86,13067,False,False,False
17819,144,87,13068,False,False,False
8294,67,110,5636,False,False,False
