id,xIndex,yIndex,AUTO,BOOL_ROAD,BOOL_RAILWAY,BOOL_WATERCOURSE
12,1,12,1,False,False,False
13,1,13,2,False,False,False
14,1,14,3,True,True,False
15,1,15,4,False,False,False
16,1,16,5,False,False,False
17,1,17,6,False,False,False
24,1,24,7,False,False,False
25,1,25,8,False,False,False
26,1,26,9,False,False,False
27,1,27,10,False,False,False
73,2,11,11,False,False,False
74,2,12,12,False,False,False
75,2,13,13,False,False,False
76,2,14,14,True,True,False
77,2,15,15,False,False,False
78,2,16,16,False,False,False
79,2,17,17,False,False,False
80,2,18,18,False,False,False
81,2,19,19,True,True,False
82,2,20,20,True,True,False
83,2,21,21,True,False,False
84,2,22,22,True,False,False
85,2,23,23,True,False,False
86,2,24,24,True,False,False
87,2,25,25,False,False,False
88,2,26,26,False,False,False
89,2,27,27,False,False,False
135,3,11,28,False,False,False
136,3,12,29,False,False,False
137,3,13,30,False,False,False
138,3,14,31,True,True,False
139,3,15,32,False,False,False
140,3,16,33,False,False,False
141,3,17,34,False,True,False
142,3,18,35,False,True,False
143,3,19,36,True,True,False
144,3,20,37,True,True,False
145,3,21,38,True,True,False
146,3,22,39,True,True,False
147,3,23,40,True,True,False
148,3,24,41,True,True,False
149,3,25,42,True,True,False
150,3,26,43,True,True,False
151,3,27,44,True,True,False
152,3,28,45,False,False,False
196,4,10,46,False,False,False
197,4,11,47,False,False,False
198,4,12,48,False,False,False
199,4,13,49,False,True,False
200,4,14,50,True,True,False
201,4,15,51,True,False,False
202,4,16,52,True,False,False
203,4,17,53,False,False,False
204,4,18,54,False,True,False
205,4,19,55,True,True,False
206,4,20,56,True,True,False
207,4,21,57,True,False,False
208,4,22,58,True,False,False
209,4,23,59,False,False,False
210,4,24,60,True,False,False
211,4,25,61,False,False,False
212,4,26,62,False,False,False
213,4,27,63,True,True,False
214,4,28,64,True,True,False
215,4,29,65,True,True,False
216,4,30,66,True,False,False
217,4,31,67,True,True,False
218,4,32,68,True,True,False
258,5,10,69,False,False,False
259,5,11,70,False,False,False
260,5,12,71,False,False,False
261,5,13,72,False,True,False
262,5,14,73,False,True,False
263,5,15,74,False,True,False
264,5,16,75,True,True,False
265,5,17,76,True,True,False
266,5,18,77,True,True,False
267,5,19,78,True,True,False
268,5,20,79,True,True,False
269,5,21,80,False,False,False
270,5,22,81,True,False,False
271,5,23,82,True,False,False
272,5,24,83,True,False,False
273,5,25,84,True,False,False
274,5,26,85,True,False,False
275,5,27,86,True,False,False
276,5,28,87,True,True,False
277,5,29,88,True,True,False
278,5,30,89,True,True,False
279,5,31,90,True,True,False
280,5,32,91,True,False,False
281,5,33,92,False,False,False
282,5,34,93,False,True,False
283,5,35,94,False,True,False
284,5,36,95,True,True,False
285,5,37,96,False,False,False
286,5,38,97,True,True,False
287,5,39,98,True,False,False
319,6,9,99,False,False,False
320,6,10,100,False,False,False
321,6,11,101,False,False,False
322,6,12,102,False,False,False
323,6,13,103,False,False,False
324,6,14,104,False,False,False
325,6,15,105,False,False,False
326,6,16,106,True,False,False
327,6,17,107,True,True,False
328,6,18,108,False,False,False
329,6,19,109,False,False,False
330,6,20,110,True,True,False
331,6,21,111,False,False,False
332,6,22,112,False,False,False
333,6,23,113,True,False,False
334,6,24,114,True,False,False
335,6,25,115,True,False,False
336,6,26,116,False,False,False
337,6,27,117,False,True,False
338,6,28,118,False,True,False
339,6,29,119,True,False,False
340,6,30,120,False,False,False
341,6,31,121,True,True,False
342,6,32,122,True,True,False
343,6,33,123,True,False,False
344,6,34,124,False,False,False
345,6,35,125,True,True,False
346,6,36,126,True,True,False
347,6,37,127,False,True,False
348,6,38,128,False,True,False
349,6,39,129,True,False,False
350,6,40,130,True,False,False
381,7,9,131,False,False,False
382,7,10,132,False,False,False
383,7,11,133,False,False,False
384,7,12,134,False,True,False
385,7,13,135,False,True,False
386,7,14,136,False,True,False
387,7,15,137,True,True,False
388,7,16,138,True,True,False
389,7,17,139,False,True,False
390,7,18,140,False,False,False
391,7,19,141,True,True,False
392,7,20,142,True,True,False
393,7,21,143,False,True,False
394,7,22,144,False,False,False
395,7,23,145,False,False,False
396,7,24,146,True,False,False
397,7,25,147,True,False,False
398,7,26,148,True,False,False
399,7,27,149,False,True,False
400,7,28,150,True,False,False
401,7,29,151,True,False,False
402,7,30,152,False,False,False
403,7,31,153,True,True,False
404,7,32,154,False,True,False
405,7,33,155,True,True,False
406,7,34,156,True,True,False
407,7,35,157,True,True,False
408,7,36,158,False,False,False
409,7,37,159,False,False,False
410,7,38,160,False,False,False
411,7,39,161,True,False,False
412,7,40,162,True,False,False
413,7,41,163,True,False,False
414,7,42,164,False,False,False
443,8,9,165,False,False,False
444,8,10,166,False,False,False
445,8,11,167,False,True,False
446,8,12,168,False,True,False
447,8,13,169,False,True,False
448,8,14,170,True,True,False
449,8,15,171,True,True,False
450,8,16,172,False,False,False
451,8,17,173,False,False,False
452,8,18,174,True,True,False
453,8,19,175,True,True,False
454,8,20,176,True,True,False
455,8,21,177,False,True,False
456,8,22,178,False,True,False
457,8,23,179,False,False,False
458,8,24,180,False,False,False
459,8,25,181,False,False,False
460,8,26,182,True,True,False
461,8,27,183,True,True,False
462,8,28,184,True,False,False
463,8,29,185,False,False,False
464,8,30,186,False,False,False
465,8,31,187,True,True,False
466,8,32,188,False,True,False
467,8,33,189,False,True,False
468,8,34,190,True,True,False
469,8,35,191,True,False,False
470,8,36,192,False,False,False
471,8,37,193,False,True,False
472,8,38,194,False,True,False
473,8,39,195,True,True,False
474,8,40,196,True,False,False
475,8,41,197,False,False,False
476,8,42,198,False,False,False
477,8,43,199,False,True,False
478,8,44,200,True,True,False
479,8,45,201,True,True,False
480,8,46,202,True,True,False
481,8,47,203,True,True,False
482,8,48,204,True,False,False
504,9,8,205,False,False,False
505,9,9,206,False,False,False
506,9,10,207,True,True,False
507,9,11,208,False,True,False
508,9,12,209,False,False,False
509,9,13,210,True,False,False
510,9,14,211,True,False,False
511,9,15,212,False,False,False
512,9,16,213,False,False,False
513,9,17,214,False,True,False
514,9,18,215,True,True,False
515,9,19,216,False,False,False
516,9,20,217,True,True,False
517,9,21,218,False,False,False
518,9,22,219,False,True,False
519,9,23,220,False,False,False
520,9,24,221,False,False,False
521,9,25,222,True,False,False
522,9,26,223,True,True,False
523,9,27,224,True,True,False
524,9,28,225,True,True,False
525,9,29,226,False,False,False
526,9,30,227,False,False,False
527,9,31,228,True,True,False
528,9,32,229,True,True,False
529,9,33,230,False,True,False
530,9,34,231,False,True,False
531,9,35,232,True,False,False
532,9,36,233,False,True,False
533,9,37,234,True,True,False
534,9,38,235,True,True,False
535,9,39,236,True,True,False
536,9,40,237,True,True,False
537,9,41,238,False,True,False
538,9,42,239,False,True,False
539,9,43,240,True,True,False
540,9,44,241,True,False,False
541,9,45,242,False,True,False
542,9,46,243,True,True,False
543,9,47,244,True,True,False
544,9,48,245,True,True,False
566,10,8,246,False,False,False
567,10,9,247,False,False,False
568,10,10,248,True,True,False
569,10,11,249,False,True,False
570,10,12,250,True,False,False
571,10,13,251,True,False,False
572,10,14,252,False,False,False
573,10,15,253,False,True,False
574,10,16,254,False,True,False
575,10,17,255,True,True,False
576,10,18,256,True,True,False
577,10,19,257,False,False,False
578,10,20,258,True,True,False
579,10,21,259,True,False,False
580,10,22,260,False,True,False
581,10,23,261,False,True,False
582,10,24,262,False,False,False
583,10,25,263,True,True,False
584,10,26,264,False,True,False
585,10,27,265,False,False,False
586,10,28,266,True,True,False
587,10,29,267,False,True,False
588,10,30,268,False,False,False
589,10,31,269,True,True,False
590,10,32,270,True,True,False
591,10,33,271,False,False,False
592,10,34,272,False,True,False
593,10,35,273,True,True,False
594,10,36,274,True,True,False
595,10,37,275,True,False,False
596,10,38,276,False,False,False
597,10,39,277,True,True,False
598,10,40,278,True,False,False
599,10,41,279,True,False,False
600,10,42,280,False,False,False
601,10,43,281,True,True,False
602,10,44,282,True,True,False
603,10,45,283,True,True,False
604,10,46,284,False,True,False
605,10,47,285,False,True,False
606,10,48,286,False,False,False
627,11,7,287,False,False,False
628,11,8,288,False,False,False
629,11,9,289,False,False,False
630,11,10,290,True,True,False
631,11,11,291,False,True,False
632,11,12,292,True,True,False
633,11,13,293,False,False,False
634,11,14,294,False,True,False
635,11,15,295,False,True,False
636,11,16,296,False,False,False
637,11,17,297,True,True,False
638,11,18,298,True,True,False
639,11,19,299,False,False,False
640,11,20,300,True,True,False
641,11,21,301,False,False,False
642,11,22,302,False,False,False
643,11,23,303,False,True,False
644,11,24,304,True,True,False
645,11,25,305,True,True,False
646,11,26,306,False,False,False
647,11,27,307,False,False,False
648,11,28,308,True,True,False
649,11,29,309,True,True,False
650,11,30,310,True,True,False
651,11,31,311,True,True,False
652,11,32,312,True,True,False
653,11,33,313,True,True,False
654,11,34,314,True,True,False
655,11,35,315,True,True,False
656,11,36,316,True,False,False
657,11,37,317,False,False,False
658,11,38,318,False,False,False
659,11,39,319,True,True,False
660,11,40,320,False,True,False
661,11,41,321,True,False,False
662,11,42,322,True,False,False
663,11,43,323,True,True,False
664,11,44,324,False,True,False
665,11,45,325,True,True,False
666,11,46,326,True,True,False
667,11,47,327,False,False,False
668,11,48,328,True,True,False
689,12,7,329,False,False,False
690,12,8,330,False,False,False
691,12,9,331,False,False,False
692,12,10,332,True,True,False
693,12,11,333,True,True,False
694,12,12,334,True,True,False
695,12,13,335,False,True,False
696,12,14,336,False,True,False
697,12,15,337,False,False,False
698,12,16,338,False,False,False
699,12,17,339,True,True,False
700,12,18,340,False,False,False
701,12,19,341,False,False,False
702,12,20,342,True,True,False
703,12,21,343,False,False,False
704,12,22,344,False,False,False
705,12,23,345,True,False,False
706,12,24,346,True,True,False
707,12,25,347,False,True,False
708,12,26,348,False,False,False
709,12,27,349,False,False,False
710,12,28,350,True,True,False
711,12,29,351,False,False,False
712,12,30,352,True,True,False
713,12,31,353,True,True,False
714,12,32,354,False,True,False
715,12,33,355,True,True,False
716,12,34,356,True,False,False
717,12,35,357,False,True,False
718,12,36,358,True,True,False
719,12,37,359,True,True,False
720,12,38,360,True,False,False
721,12,39,361,True,False,False
722,12,40,362,True,True,False
723,12,41,363,True,True,False
724,12,42,364,True,True,False
725,12,43,365,True,True,False
726,12,44,366,False,True,False
727,12,45,367,False,True,False
728,12,46,368,True,True,False
729,12,47,369,True,True,False
730,12,48,370,True,True,False
750,13,6,371,False,False,False
751,13,7,372,False,False,False
752,13,8,373,False,False,False
753,13,9,374,False,True,False
754,13,10,375,True,True,False
755,13,11,376,False,True,False
756,13,12,377,False,True,False
757,13,13,378,False,True,False
758,13,14,379,False,False,False
759,13,15,380,False,False,False
760,13,16,381,False,False,False
761,13,17,382,True,True,False
762,13,18,383,False,False,False
763,13,19,384,True,False,False
764,13,20,385,True,True,False
765,13,21,386,False,True,False
766,13,22,387,False,False,False
767,13,23,388,True,False,False
768,13,24,389,False,True,False
769,13,25,390,False,True,False
770,13,26,391,False,False,False
771,13,27,392,False,False,False
772,13,28,393,True,True,False
773,13,29,394,False,False,False
774,13,30,395,True,False,False
775,13,31,396,True,True,False
776,13,32,397,False,True,False
777,13,33,398,True,False,False
778,13,34,399,True,False,False
779,13,35,400,False,False,False
780,13,36,401,False,False,False
781,13,37,402,False,True,False
782,13,38,403,True,True,False
783,13,39,404,False,False,False
784,13,40,405,True,False,False
785,13,41,406,False,True,False
786,13,42,407,True,True,False
787,13,43,408,True,True,False
788,13,44,409,False,False,False
789,13,45,410,False,True,False
790,13,46,411,True,True,False
791,13,47,412,True,True,False
792,13,48,413,False,False,False
793,13,49,414,False,False,False
812,14,6,415,False,False,False
813,14,7,416,True,True,False
814,14,8,417,False,True,False
815,14,9,418,True,True,False
816,14,10,419,True,False,False
817,14,11,420,True,False,False
818,14,12,421,False,False,False
819,14,13,422,False,True,False
820,14,14,423,False,False,False
821,14,15,424,False,False,False
822,14,16,425,False,False,False
823,14,17,426,True,True,False
824,14,18,427,False,False,False
825,14,19,428,True,False,False
826,14,20,429,False,False,False
827,14,21,430,True,True,False
828,14,22,431,True,False,False
829,14,23,432,True,False,False
830,14,24,433,False,True,False
831,14,25,434,False,True,False
832,14,26,435,False,False,False
833,14,27,436,False,False,False
834,14,28,437,True,False,False
835,14,29,438,False,False,False
836,14,30,439,True,False,False
837,14,31,440,True,True,False
838,14,32,441,False,True,False
839,14,33,442,True,True,False
840,14,34,443,False,False,False
841,14,35,444,False,False,False
842,14,36,445,False,False,False
843,14,37,446,False,False,False
844,14,38,447,True,True,False
845,14,39,448,True,False,False
846,14,40,449,True,False,False
847,14,41,450,False,True,False
848,14,42,451,True,True,False
849,14,43,452,True,True,False
850,14,44,453,False,False,False
851,14,45,454,False,False,False
852,14,46,455,True,False,False
853,14,47,456,True,True,False
854,14,48,457,False,False,False
855,14,49,458,False,False,False
873,15,5,459,False,False,False
874,15,6,460,False,False,False
875,15,7,461,True,True,False
876,15,8,462,True,True,False
877,15,9,463,True,False,False
878,15,10,464,False,False,False
879,15,11,465,True,False,False
880,15,12,466,True,False,False
881,15,13,467,False,True,False
882,15,14,468,False,True,False
883,15,15,469,False,False,False
884,15,16,470,True,True,False
885,15,17,471,True,True,False
886,15,18,472,False,False,False
887,15,19,473,True,False,False
888,15,20,474,True,True,False
889,15,21,475,True,True,False
890,15,22,476,False,False,False
891,15,23,477,False,True,False
892,15,24,478,False,True,False
893,15,25,479,False,True,False
894,15,26,480,False,True,False
895,15,27,481,False,False,False
896,15,28,482,True,False,False
897,15,29,483,True,False,False
898,15,30,484,True,False,False
899,15,31,485,False,True,False
900,15,32,486,False,False,False
901,15,33,487,True,True,False
902,15,34,488,False,True,False
903,15,35,489,False,False,False
904,15,36,490,False,False,False
905,15,37,491,False,True,False
906,15,38,492,True,True,False
907,15,39,493,True,False,False
908,15,40,494,True,False,False
909,15,41,495,False,False,False
910,15,42,496,False,True,False
911,15,43,497,True,True,False
912,15,44,498,False,False,False
913,15,45,499,False,False,False
914,15,46,500,True,False,False
915,15,47,501,True,True,False
916,15,48,502,True,True,False
917,15,49,503,True,True,False
935,16,5,504,False,False,False
936,16,6,505,False,False,False
937,16,7,506,False,True,False
938,16,8,507,True,True,False
939,16,9,508,False,False,False
940,16,10,509,False,False,False
941,16,11,510,False,False,False
942,16,12,511,True,False,False
943,16,13,512,True,False,False
944,16,14,513,False,True,False
945,16,15,514,False,True,False
946,16,16,515,True,True,False
947,16,17,516,False,False,False
948,16,18,517,False,False,False
949,16,19,518,True,False,False
950,16,20,519,True,True,False
951,16,21,520,False,False,False
952,16,22,521,False,True,False
953,16,23,522,False,True,False
954,16,24,523,False,False,False
955,16,25,524,False,False,False
956,16,26,525,False,True,False
957,16,27,526,False,False,False
958,16,28,527,False,False,False
959,16,29,528,True,False,False
960,16,30,529,True,False,False
961,16,31,530,False,True,False
962,16,32,531,True,True,False
963,16,33,532,True,True,False
964,16,34,533,False,True,False
965,16,35,534,False,True,False
966,16,36,535,True,True,False
967,16,37,536,True,True,False
968,16,38,537,True,True,False
969,16,39,538,False,True,False
970,16,40,539,True,True,False
971,16,41,540,True,True,False
972,16,42,541,True,True,False
973,16,43,542,True,True,False
974,16,44,543,True,True,False
975,16,45,544,True,True,False
976,16,46,545,True,False,False
977,16,47,546,True,True,False
978,16,48,547,False,True,False
979,16,49,548,False,False,False
996,17,4,549,False,False,False
997,17,5,550,True,True,False
998,17,6,551,False,False,False
999,17,7,552,True,True,False
1000,17,8,553,True,False,False
1001,17,9,554,False,False,False
1002,17,10,555,False,False,False
1003,17,11,556,False,False,False
1004,17,12,557,True,False,False
1005,17,13,558,True,False,False
1006,17,14,559,True,False,False
1007,17,15,560,True,True,False
1008,17,16,561,True,True,False
1009,17,17,562,False,False,False
1010,17,18,563,False,False,False
1011,17,19,564,True,False,False
1012,17,20,565,True,True,False
1013,17,21,566,False,True,False
1014,17,22,567,False,True,False
1015,17,23,568,False,False,False
1016,17,24,569,False,False,False
1017,17,25,570,False,False,False
1018,17,26,571,False,False,False
1019,17,27,572,False,False,False
1020,17,28,573,False,False,False
1021,17,29,574,True,False,False
1022,17,30,575,True,True,False
1023,17,31,576,True,True,False
1024,17,32,577,True,False,False
1025,17,33,578,False,False,False
1026,17,34,579,False,False,False
1027,17,35,580,False,True,False
1028,17,36,581,True,True,False
1029,17,37,582,False,False,False
1030,17,38,583,False,False,False
1031,17,39,584,False,True,False
1032,17,40,585,False,True,False
1033,17,41,586,True,False,False
1034,17,42,587,True,False,False
1035,17,43,588,True,True,False
1036,17,44,589,True,False,False
1037,17,45,590,False,True,False
1038,17,46,591,True,True,False
1039,17,47,592,True,True,False
1040,17,48,593,True,True,False
1041,17,49,594,True,True,False
1043,17,51,595,False,False,False
1044,17,52,596,False,False,False
1058,18,4,597,False,False,False
1059,18,5,598,True,True,False
1060,18,6,599,True,True,False
1061,18,7,600,True,True,False
1062,18,8,601,False,True,False
1063,18,9,602,False,True,False
1064,18,10,603,False,True,False
1065,18,11,604,False,True,False
1066,18,12,605,True,True,False
1067,18,13,606,True,True,False
1068,18,14,607,True,True,False
1069,18,15,608,True,True,False
1070,18,16,609,True,True,False
1071,18,17,610,True,True,False
1072,18,18,611,True,True,False
1073,18,19,612,True,True,False
1074,18,20,613,True,True,False
1075,18,21,614,True,True,False
1076,18,22,615,True,True,False
1077,18,23,616,False,False,False
1078,18,24,617,False,False,False
1079,18,25,618,False,False,False
1080,18,26,619,False,False,False
1081,18,27,620,False,True,False
1082,18,28,621,False,True,False
1083,18,29,622,True,False,False
1084,18,30,623,True,True,False
1085,18,31,624,True,True,False
1086,18,32,625,False,False,False
1087,18,33,626,True,True,False
1088,18,34,627,True,True,False
1089,18,35,628,True,True,False
1090,18,36,629,True,True,False
1091,18,37,630,False,False,False
1092,18,38,631,False,False,False
1093,18,39,632,False,False,False
1094,18,40,633,True,True,False
1095,18,41,634,True,True,False
1096,18,42,635,True,False,False
1097,18,43,636,True,True,False
1098,18,44,637,True,False,False
1099,18,45,638,True,True,False
1100,18,46,639,True,True,False
1101,18,47,640,True,True,False
1102,18,48,641,False,True,False
1103,18,49,642,False,True,False
1104,18,50,643,False,True,False
1105,18,51,644,False,False,False
1106,18,52,645,True,False,False
1107,18,53,646,False,False,False
1120,19,4,647,False,False,False
1121,19,5,648,False,False,False
1122,19,6,649,True,True,False
1123,19,7,650,True,False,False
1124,19,8,651,True,False,False
1125,19,9,652,True,False,False
1126,19,10,653,True,False,False
1127,19,11,654,True,True,False
1128,19,12,655,True,True,False
1129,19,13,656,True,False,False
1130,19,14,657,True,False,False
1131,19,15,658,False,True,False
1132,19,16,659,True,False,False
1133,19,17,660,True,False,False
1134,19,18,661,False,False,False
1135,19,19,662,False,True,False
1136,19,20,663,False,True,False
1137,19,21,664,True,True,False
1138,19,22,665,True,True,False
1139,19,23,666,True,True,False
1140,19,24,667,False,False,False
1141,19,25,668,False,True,False
1142,19,26,669,True,True,False
1143,19,27,670,True,True,False
1144,19,28,671,True,True,False
1145,19,29,672,True,True,False
1146,19,30,673,True,True,False
1147,19,31,674,True,True,False
1148,19,32,675,True,True,False
1149,19,33,676,True,True,False
1150,19,34,677,False,False,False
1151,19,35,678,True,True,False
1152,19,36,679,True,True,False
1153,19,37,680,True,True,False
1154,19,38,681,True,False,False
1155,19,39,682,True,False,False
1156,19,40,683,True,False,False
1157,19,41,684,False,True,False
1158,19,42,685,False,True,False
1159,19,43,686,True,True,False
1160,19,44,687,True,False,False
1161,19,45,688,True,True,False
1162,19,46,689,True,True,False
1163,19,47,690,True,True,False
1164,19,48,691,False,True,False
1165,19,49,692,False,True,False
1166,19,50,693,False,True,False
1167,19,51,694,True,True,False
1168,19,52,695,True,False,False
1169,19,53,696,False,False,False
1181,20,3,697,False,False,False
1182,20,4,698,False,False,False
1183,20,5,699,False,False,False
1184,20,6,700,True,True,False
1185,20,7,701,False,False,False
1186,20,8,702,False,False,False
1187,20,9,703,False,False,False
1188,20,10,704,False,False,False
1189,20,11,705,True,False,False
1190,20,12,706,False,False,False
1191,20,13,707,False,False,False
1192,20,14,708,True,False,False
1193,20,15,709,False,True,False
1194,20,16,710,True,False,False
1195,20,17,711,False,False,False
1196,20,18,712,False,True,False
1197,20,19,713,False,True,False
1198,20,20,714,False,False,False
1199,20,21,715,True,True,False
1200,20,22,716,False,True,False
1201,20,23,717,True,True,False
1202,20,24,718,True,True,False
1203,20,25,719,True,True,False
1204,20,26,720,True,True,False
1205,20,27,721,False,True,False
1206,20,28,722,False,True,False
1207,20,29,723,True,True,False
1208,20,30,724,True,True,False
1209,20,31,725,False,True,False
1210,20,32,726,False,False,False
1211,20,33,727,False,False,False
1212,20,34,728,False,False,False
1213,20,35,729,True,True,False
1214,20,36,730,False,True,False
1215,20,37,731,True,True,False
1216,20,38,732,True,True,False
1217,20,39,733,True,True,False
1218,20,40,734,False,True,False
1219,20,41,735,False,False,False
1220,20,42,736,False,True,False
1221,20,43,737,True,True,False
1222,20,44,738,False,True,False
1223,20,45,739,True,True,False
1224,20,46,740,True,True,False
1225,20,47,741,False,False,False
1226,20,48,742,False,True,False
1227,20,49,743,False,False,False
1228,20,50,744,False,False,False
1229,20,51,745,True,True,False
1230,20,52,746,True,True,False
1231,20,53,747,True,True,False
1232,20,54,748,False,True,False
1243,21,3,749,False,True,False
1244,21,4,750,False,False,False
1245,21,5,751,False,False,False
1246,21,6,752,True,True,False
1247,21,7,753,False,False,False
1248,21,8,754,False,False,False
1249,21,9,755,False,False,False
1250,21,10,756,True,False,False
1251,21,11,757,True,False,False
1252,21,12,758,False,False,False
1253,21,13,759,False,False,False
1254,21,14,760,True,False,False
1255,21,15,761,True,True,False
1256,21,16,762,True,True,False
1257,21,17,763,False,True,False
1258,21,18,764,False,True,False
1259,21,19,765,False,False,False
1260,21,20,766,False,False,False
1261,21,21,767,True,True,False
1262,21,22,768,False,False,False
1263,21,23,769,False,False,False
1264,21,24,770,False,True,False
1265,21,25,771,False,True,False
1266,21,26,772,False,True,False
1267,21,27,773,False,True,False
1268,21,28,774,False,True,False
1269,21,29,775,True,True,False
1270,21,30,776,True,True,False
1271,21,31,777,True,True,False
1272,21,32,778,False,False,False
1273,21,33,779,False,False,False
1274,21,34,780,False,False,False
1275,21,35,781,True,True,False
1276,21,36,782,False,True,False
1277,21,37,783,True,False,False
1278,21,38,784,True,True,False
1279,21,39,785,True,True,False
1280,21,40,786,True,True,False
1281,21,41,787,True,True,False
1282,21,42,788,False,True,False
1283,21,43,789,True,True,False
1284,21,44,790,True,True,False
1285,21,45,791,True,True,False
1286,21,46,792,True,True,False
1287,21,47,793,True,False,False
1288,21,48,794,True,True,False
1289,21,49,795,True,True,False
1290,21,50,796,True,True,False
1291,21,51,797,True,True,False
1292,21,52,798,False,False,False
1293,21,53,799,True,False,False
1294,21,54,800,True,False,False
1295,21,55,801,False,False,False
1304,22,2,802,False,False,False
1305,22,3,803,False,True,False
1306,22,4,804,False,True,False
1307,22,5,805,True,True,False
1308,22,6,806,True,True,False
1309,22,7,807,False,False,False
1310,22,8,808,False,False,False
1311,22,9,809,True,False,False
1312,22,10,810,True,False,False
1313,22,11,811,False,False,False
1314,22,12,812,False,False,False
1315,22,13,813,False,False,False
1316,22,14,814,False,False,False
1317,22,15,815,True,True,False
1318,22,16,816,True,True,False
1319,22,17,817,False,False,False
1320,22,18,818,False,True,False
1321,22,19,819,False,True,False
1322,22,20,820,False,False,False
1323,22,21,821,True,True,False
1324,22,22,822,False,False,False
1325,22,23,823,False,True,False
1326,22,24,824,False,True,False
1327,22,25,825,False,True,False
1328,22,26,826,False,False,False
1329,22,27,827,False,True,False
1330,22,28,828,False,True,False
1331,22,29,829,True,True,False
1332,22,30,830,True,False,False
1333,22,31,831,True,True,False
1334,22,32,832,False,False,False
1335,22,33,833,False,False,False
1336,22,34,834,True,True,False
1337,22,35,835,True,True,False
1338,22,36,836,False,True,False
1339,22,37,837,True,True,False
1340,22,38,838,False,False,False
1341,22,39,839,False,False,False
1342,22,40,840,False,False,False
1343,22,41,841,True,False,False
1344,22,42,842,True,True,False
1345,22,43,843,True,True,False
1346,22,44,844,True,True,False
1347,22,45,845,True,True,False
1348,22,46,846,False,True,False
1349,22,47,847,True,True,False
1350,22,48,848,False,True,False
1351,22,49,849,False,True,False
1352,22,50,850,False,True,False
1353,22,51,851,True,False,False
1353,22,51,852,True,False,False
1354,22,52,853,False,False,False
1355,22,53,854,False,False,False
1366,23,2,855,False,False,False
1367,23,3,856,False,False,False
1368,23,4,857,False,True,False
1369,23,5,858,True,True,False
1370,23,6,859,False,False,False
1371,23,7,860,False,False,False
1372,23,8,861,False,False,False
1373,23,9,862,True,False,False
1374,23,10,863,False,False,False
1375,23,11,864,False,False,False
1376,23,12,865,False,False,False
1377,23,13,866,False,True,False
1378,23,14,867,True,True,False
1379,23,15,868,True,True,False
1380,23,16,869,True,True,False
1381,23,17,870,True,True,False
1382,23,18,871,False,True,False
1383,23,19,872,False,True,False
1384,23,20,873,True,True,False
1385,23,21,874,True,True,False
1386,23,22,875,False,True,False
1387,23,23,876,False,True,False
1388,23,24,877,False,True,False
1389,23,25,878,False,True,False
1390,23,26,879,False,True,False
1391,23,27,880,False,True,False
1392,23,28,881,True,True,False
1393,23,29,882,True,True,False
1394,23,30,883,True,False,False
1395,23,31,884,True,True,False
1396,23,32,885,True,True,False
1397,23,33,886,False,True,False
1398,23,34,887,True,True,False
1399,23,35,888,False,False,False
1400,23,36,889,True,False,False
1401,23,37,890,True,True,False
1402,23,38,891,True,True,False
1403,23,39,892,True,True,False
1404,23,40,893,True,False,False
1405,23,41,894,True,False,False
1406,23,42,895,True,False,False
1407,23,43,896,True,True,False
1408,23,44,897,True,True,False
1409,23,45,898,True,True,False
1410,23,46,899,True,False,False
1411,23,47,900,True,True,False
1412,23,48,901,False,True,False
1413,23,49,902,False,True,False
1414,23,50,903,False,True,False
1415,23,51,904,False,False,False
1427,24,1,905,False,False,False
1428,24,2,906,False,False,False
1429,24,3,907,False,False,False
1430,24,4,908,True,True,False
1431,24,5,909,True,True,False
1432,24,6,910,False,False,False
1433,24,7,911,False,False,False
1434,24,8,912,False,False,False
1435,24,9,913,True,False,False
1436,24,10,914,True,True,False
1437,24,11,915,False,True,False
1438,24,12,916,False,True,False
1439,24,13,917,False,True,False
1440,24,14,918,True,True,False
1441,24,15,919,False,True,False
1442,24,16,920,False,True,False
1443,24,17,921,True,True,False
1444,24,18,922,False,False,False
1445,24,19,923,False,False,False
1446,24,20,924,True,True,False
1447,24,21,925,True,True,False
1448,24,22,926,False,True,False
1449,24,23,927,False,False,False
1450,24,24,928,False,False,False
1451,24,25,929,False,True,False
1452,24,26,930,True,True,False
1453,24,27,931,True,True,False
1454,24,28,932,True,True,False
1455,24,29,933,True,True,False
1456,24,30,934,True,True,False
1457,24,31,935,True,True,False
1458,24,32,936,True,True,False
1459,24,33,937,True,True,False
1460,24,34,938,True,True,False
1461,24,35,939,True,True,False
1462,24,36,940,True,True,False
1463,24,37,941,True,True,False
1464,24,38,942,True,True,False
1465,24,39,943,False,True,False
1466,24,40,944,False,True,False
1467,24,41,945,False,True,False
1468,24,42,946,True,True,False
1469,24,43,947,False,True,False
1470,24,44,948,False,True,False
1471,24,45,949,True,True,False
1472,24,46,950,True,False,False
1473,24,47,951,True,False,False
1474,24,48,952,False,False,False
1475,24,49,953,False,False,False
1476,24,50,954,True,True,False
1477,24,51,955,True,False,False
1489,25,1,956,False,False,False
1490,25,2,957,False,False,False
1491,25,3,958,False,False,False
1492,25,4,959,True,True,False
1493,25,5,960,False,True,False
1494,25,6,961,False,False,False
1495,25,7,962,False,False,False
1496,25,8,963,False,True,False
1497,25,9,964,True,True,False
1498,25,10,965,True,True,False
1499,25,11,966,False,True,False
1500,25,12,967,False,True,False
1501,25,13,968,True,True,False
1502,25,14,969,True,False,False
1503,25,15,970,False,True,False
1504,25,16,971,False,True,False
1505,25,17,972,True,True,False
1506,25,18,973,True,True,False
1507,25,19,974,False,False,False
1508,25,20,975,True,True,False
1509,25,21,976,True,True,False
1510,25,22,977,True,True,False
1511,25,23,978,True,False,False
1512,25,24,979,True,True,False
1513,25,25,980,True,False,False
1514,25,26,981,True,False,False
1515,25,27,982,True,True,False
1516,25,28,983,False,False,False
1517,25,29,984,False,True,False
1518,25,30,985,True,True,False
1519,25,31,986,False,False,False
1520,25,32,987,False,False,False
1521,25,33,988,True,False,False
1522,25,34,989,True,True,False
1523,25,35,990,False,True,False
1524,25,36,991,False,True,False
1525,25,37,992,True,True,False
1526,25,38,993,False,False,False
1527,25,39,994,False,False,False
1528,25,40,995,False,True,False
1529,25,41,996,True,False,False
1530,25,42,997,True,True,False
1531,25,43,998,False,True,False
1532,25,44,999,False,True,False
1533,25,45,1000,False,True,False
1534,25,46,1001,True,True,False
1535,25,47,1002,True,True,False
1536,25,48,1003,False,True,False
1537,25,49,1004,True,True,False
1538,25,50,1005,True,True,False
1539,25,51,1006,True,True,False
1551,26,1,1007,False,False,False
1552,26,2,1008,False,False,False
1553,26,3,1009,False,False,False
1554,26,4,1010,True,True,False
1555,26,5,1011,False,False,False
1556,26,6,1012,False,False,False
1557,26,7,1013,False,True,False
1558,26,8,1014,True,True,False
1559,26,9,1015,True,False,False
1560,26,10,1016,False,False,False
1561,26,11,1017,False,True,False
1562,26,12,1018,True,True,False
1563,26,13,1019,True,True,False
1564,26,14,1020,False,True,False
1565,26,15,1021,False,True,False
1566,26,16,1022,False,True,False
1567,26,17,1023,False,False,False
1568,26,18,1024,True,True,False
1569,26,19,1025,True,True,False
1570,26,20,1026,True,True,False
1571,26,21,1027,True,True,False
1572,26,22,1028,False,False,False
1573,26,23,1029,False,True,False
1574,26,24,1030,False,True,False
1575,26,25,1031,False,False,False
1576,26,26,1032,True,True,False
1577,26,27,1033,True,True,False
1578,26,28,1034,False,False,False
1579,26,29,1035,False,False,False
1580,26,30,1036,True,True,False
1581,26,31,1037,False,False,False
1582,26,32,1038,False,False,False
1583,26,33,1039,False,False,False
1584,26,34,1040,True,True,False
1585,26,35,1041,False,True,False
1586,26,36,1042,False,False,False
1587,26,37,1043,True,True,False
1588,26,38,1044,False,True,False
1589,26,39,1045,True,True,False
1590,26,40,1046,True,True,False
1591,26,41,1047,True,True,False
1592,26,42,1048,False,True,False
1593,26,43,1049,False,True,False
1594,26,44,1050,True,True,False
1595,26,45,1051,True,True,False
1596,26,46,1052,True,True,False
1597,26,47,1053,True,True,False
1598,26,48,1054,True,False,False
1599,26,49,1055,True,True,False
1600,26,50,1056,False,True,False
1601,26,51,1057,True,False,False
1613,27,1,1058,False,False,False
1614,27,2,1059,False,True,False
1615,27,3,1060,False,True,False
1616,27,4,1061,True,True,False
1617,27,5,1062,False,False,False
1618,27,6,1063,True,True,False
1619,27,7,1064,True,True,False
1620,27,8,1065,True,False,False
1621,27,9,1066,False,False,False
1622,27,10,1067,False,False,False
1623,27,11,1068,True,True,False
1624,27,12,1069,True,True,False
1625,27,13,1070,False,True,False
1626,27,14,1071,False,True,False
1627,27,15,1072,False,True,False
1628,27,16,1073,False,True,False
1629,27,17,1074,False,True,False
1630,27,18,1075,True,True,False
1631,27,19,1076,True,True,False
1632,27,20,1077,True,True,True
1633,27,21,1078,True,True,True
1634,27,22,1079,True,True,False
1635,27,23,1080,True,True,False
1636,27,24,1081,False,True,False
1637,27,25,1082,False,True,False
1638,27,26,1083,True,True,False
1639,27,27,1084,False,False,False
1640,27,28,1085,False,False,False
1641,27,29,1086,False,False,False
1642,27,30,1087,True,True,False
1643,27,31,1088,True,False,False
1644,27,32,1089,False,False,False
1645,27,33,1090,False,False,False
1646,27,34,1091,True,False,False
1647,27,35,1092,True,True,False
1648,27,36,1093,True,True,False
1649,27,37,1094,True,True,False
1650,27,38,1095,True,True,False
1651,27,39,1096,True,True,False
1652,27,40,1097,False,False,False
1653,27,41,1098,True,True,False
1654,27,42,1099,False,False,False
1655,27,43,1100,True,True,False
1656,27,44,1101,True,False,False
1657,27,45,1102,False,True,False
1658,27,46,1103,False,True,False
1659,27,47,1104,True,True,False
1660,27,48,1105,True,True,False
1661,27,49,1106,False,True,False
1662,27,50,1107,False,False,False
1663,27,51,1108,False,False,False
1677,28,3,1109,False,False,False
1678,28,4,1110,True,True,False
1679,28,5,1111,True,True,False
1680,28,6,1112,True,True,False
1681,28,7,1113,True,False,False
1682,28,8,1114,False,False,False
1683,28,9,1115,False,False,False
1684,28,10,1116,False,False,False
1685,28,11,1117,True,True,False
1686,28,12,1118,False,False,False
1687,28,13,1119,False,False,False
1688,28,14,1120,False,False,False
1689,28,15,1121,False,True,False
1690,28,16,1122,False,True,False
1691,28,17,1123,True,True,False
1692,28,18,1124,True,True,True
1693,28,19,1125,True,True,True
1694,28,20,1126,True,True,True
1695,28,21,1127,True,True,True
1696,28,22,1128,False,False,False
1697,28,23,1129,True,True,False
1698,28,24,1130,True,True,False
1699,28,25,1131,True,True,False
1700,28,26,1132,True,False,False
1701,28,27,1133,False,False,False
1702,28,28,1134,False,False,False
1703,28,29,1135,False,False,False
1704,28,30,1136,True,True,False
1705,28,31,1137,True,False,False
1706,28,32,1138,False,False,False
1707,28,33,1139,False,False,False
1708,28,34,1140,False,False,False
1709,28,35,1141,True,False,False
1710,28,36,1142,True,True,False
1711,28,37,1143,True,False,False
1712,28,38,1144,False,False,False
1713,28,39,1145,True,True,False
1714,28,40,1146,True,True,False
1715,28,41,1147,True,False,False
1716,28,42,1148,True,False,False
1717,28,43,1149,True,True,False
1718,28,44,1150,True,True,False
1719,28,45,1151,False,False,False
1720,28,46,1152,False,True,False
1721,28,47,1153,True,True,False
1722,28,48,1154,True,True,False
1723,28,49,1155,True,True,False
1724,28,50,1156,False,False,False
1725,28,51,1157,True,False,False
1726,28,52,1158,True,True,False
1727,28,53,1159,True,False,False
1728,28,54,1160,False,False,False
1729,28,55,1161,False,False,False
1740,29,4,1162,False,False,False
1741,29,5,1163,False,False,False
1742,29,6,1164,True,True,True
1743,29,7,1165,True,True,False
1744,29,8,1166,True,True,False
1745,29,9,1167,True,False,False
1746,29,10,1168,True,True,False
1747,29,11,1169,True,True,False
1748,29,12,1170,False,False,False
1749,29,13,1171,False,False,False
1750,29,14,1172,False,False,False
1751,29,15,1173,False,True,False
1752,29,16,1174,False,True,False
1753,29,17,1175,True,True,True
1754,29,18,1176,True,False,True
1755,29,19,1177,False,True,False
1756,29,20,1178,False,False,False
1757,29,21,1179,True,True,True
1758,29,22,1180,False,True,False
1759,29,23,1181,True,True,False
1760,29,24,1182,True,True,False
1761,29,25,1183,True,True,False
1762,29,26,1184,True,False,False
1763,29,27,1185,True,False,False
1764,29,28,1186,True,False,False
1765,29,29,1187,True,False,False
1766,29,30,1188,True,True,False
1767,29,31,1189,True,False,False
1768,29,32,1190,True,False,False
1769,29,33,1191,True,False,False
1770,29,34,1192,True,False,False
1771,29,35,1193,True,False,False
1772,29,36,1194,True,True,False
1773,29,37,1195,False,False,False
1774,29,38,1196,False,False,False
1775,29,39,1197,False,False,False
1776,29,40,1198,True,True,False
1777,29,41,1199,True,True,False
1778,29,42,1200,True,True,False
1779,29,43,1201,False,False,False
1780,29,44,1202,True,True,False
1781,29,45,1203,False,False,False
1782,29,46,1204,False,False,False
1783,29,47,1205,True,True,False
1784,29,48,1206,True,True,False
1785,29,49,1207,True,True,False
1786,29,50,1208,True,False,False
1787,29,51,1209,True,True,False
1788,29,52,1210,False,True,False
1789,29,53,1211,True,True,False
1790,29,54,1212,False,False,False
1791,29,55,1213,True,True,False
1803,30,5,1214,False,False,False
1804,30,6,1215,False,False,True
1805,30,7,1216,True,False,True
1806,30,8,1217,True,True,False
1807,30,9,1218,True,True,True
1808,30,10,1219,True,True,False
1809,30,11,1220,True,True,False
1810,30,12,1221,True,True,False
1811,30,13,1222,True,True,False
1812,30,14,1223,True,True,False
1813,30,15,1224,True,True,False
1814,30,16,1225,True,False,True
1815,30,17,1226,True,False,True
1816,30,18,1227,True,True,False
1817,30,19,1228,True,True,False
1818,30,20,1229,True,True,False
1819,30,21,1230,True,True,True
1820,30,22,1231,True,True,False
1821,30,23,1232,True,True,False
1822,30,24,1233,False,False,False
1823,30,25,1234,True,True,False
1824,30,26,1235,True,True,False
1825,30,27,1236,False,False,False
1826,30,28,1237,False,False,False
1827,30,29,1238,False,False,False
1828,30,30,1239,False,True,False
1829,30,31,1240,True,False,False
1830,30,32,1241,True,False,False
1831,30,33,1242,False,False,False
1832,30,34,1243,False,False,False
1833,30,35,1244,False,False,False
1834,30,36,1245,True,True,False
1835,30,37,1246,False,False,False
1836,30,38,1247,False,False,False
1837,30,39,1248,False,False,False
1838,30,40,1249,True,False,False
1839,30,41,1250,True,True,False
1840,30,42,1251,True,True,False
1841,30,43,1252,True,True,False
1842,30,44,1253,True,True,False
1843,30,45,1254,True,False,False
1844,30,46,1255,True,False,False
1845,30,47,1256,True,False,False
1846,30,48,1257,True,True,False
1847,30,49,1258,True,True,False
1848,30,50,1259,True,True,False
1849,30,51,1260,True,True,False
1850,30,52,1261,True,False,False
1851,30,53,1262,True,True,False
1852,30,54,1263,False,True,False
1853,30,55,1264,True,False,False
1865,31,5,1265,False,False,False
1866,31,6,1266,False,False,True
1867,31,7,1267,True,False,True
1868,31,8,1268,False,False,True
1869,31,9,1269,True,True,True
1870,31,10,1270,True,False,True
1871,31,11,1271,True,False,True
1872,31,12,1272,True,False,True
1873,31,13,1273,True,True,True
1874,31,14,1274,True,True,True
1875,31,15,1275,True,False,True
1876,31,16,1276,True,True,True
1877,31,17,1277,True,True,False
1878,31,18,1278,True,True,False
1879,31,19,1279,True,False,False
1880,31,20,1280,True,True,False
1881,31,21,1281,True,True,True
1882,31,22,1282,True,True,True
1883,31,23,1283,False,True,False
1884,31,24,1284,False,False,False
1885,31,25,1285,False,False,False
1886,31,26,1286,True,True,False
1887,31,27,1287,False,True,False
1888,31,28,1288,False,True,False
1889,31,29,1289,False,False,False
1890,31,30,1290,False,True,False
1891,31,31,1291,True,False,False
1892,31,32,1292,True,False,False
1893,31,33,1293,True,False,False
1894,31,34,1294,False,False,False
1895,31,35,1295,False,False,False
1896,31,36,1296,True,True,False
1897,31,37,1297,False,False,False
1898,31,38,1298,False,False,False
1899,31,39,1299,False,False,False
1900,31,40,1300,True,False,False
1901,31,41,1301,True,True,False
1902,31,42,1302,False,False,False
1903,31,43,1303,False,False,False
1904,31,44,1304,True,True,False
1905,31,45,1305,True,False,False
1906,31,46,1306,False,False,False
1907,31,47,1307,True,True,False
1908,31,48,1308,True,True,False
1909,31,49,1309,True,True,False
1910,31,50,1310,True,True,False
1911,31,51,1311,True,True,False
1912,31,52,1312,True,False,False
1913,31,53,1313,True,False,False
1914,31,54,1314,True,True,False
1915,31,55,1315,True,True,False
1927,32,5,1316,False,False,False
1928,32,6,1317,False,False,False
1929,32,7,1318,True,False,False
1930,32,8,1319,True,False,False
1931,32,9,1320,True,True,False
1932,32,10,1321,True,True,False
1933,32,11,1322,True,True,False
1934,32,12,1323,True,True,False
1935,32,13,1324,True,True,False
1936,32,14,1325,True,True,False
1937,32,15,1326,True,True,False
1938,32,16,1327,True,True,False
1939,32,17,1328,False,False,False
1940,32,18,1329,False,False,False
1941,32,19,1330,True,True,False
1942,32,20,1331,True,True,False
1943,32,21,1332,True,True,False
1944,32,22,1333,True,True,True
1945,32,23,1334,True,True,True
1946,32,24,1335,True,False,False
1947,32,25,1336,False,False,False
1948,32,26,1337,True,False,False
1949,32,27,1338,False,False,False
1950,32,28,1339,False,True,False
1951,32,29,1340,False,True,False
1952,32,30,1341,True,True,False
1953,32,31,1342,True,False,False
1954,32,32,1343,False,False,False
1955,32,33,1344,True,False,False
1956,32,34,1345,True,False,False
1957,32,35,1346,True,False,False
1958,32,36,1347,True,True,False
1959,32,37,1348,True,True,False
1960,32,38,1349,False,False,False
1961,32,39,1350,True,False,False
1962,32,40,1351,True,False,False
1963,32,41,1352,True,True,False
1964,32,42,1353,True,False,False
1965,32,43,1354,True,False,False
1966,32,44,1355,True,True,False
1967,32,45,1356,True,True,False
1968,32,46,1357,False,False,False
1969,32,47,1358,True,True,False
1970,32,48,1359,False,True,False
1971,32,49,1360,True,True,False
1972,32,50,1361,True,False,False
1973,32,51,1362,True,True,False
1974,32,52,1363,False,True,False
1975,32,53,1364,False,True,False
1976,32,54,1365,True,True,False
1977,32,55,1366,True,True,False
1989,33,5,1367,False,False,False
1990,33,6,1368,False,False,False
1991,33,7,1369,False,False,False
1992,33,8,1370,True,False,False
1993,33,9,1371,True,True,False
1994,33,10,1372,True,True,False
1995,33,11,1373,False,True,False
1996,33,12,1374,False,True,False
1997,33,13,1375,False,True,False
1998,33,14,1376,False,False,False
1999,33,15,1377,True,False,False
2000,33,16,1378,False,True,False
2001,33,17,1379,False,True,False
2002,33,18,1380,False,True,False
2003,33,19,1381,True,True,False
2004,33,20,1382,False,False,False
2005,33,21,1383,False,False,False
2006,33,22,1384,True,True,False
2007,33,23,1385,False,True,True
2008,33,24,1386,True,True,True
2009,33,25,1387,True,True,False
2010,33,26,1388,True,False,False
2011,33,27,1389,False,False,False
2012,33,28,1390,False,False,False
2013,33,29,1391,True,True,False
2014,33,30,1392,True,True,False
2015,33,31,1393,True,True,False
2016,33,32,1394,True,False,False
2017,33,33,1395,True,False,False
2018,33,34,1396,False,False,False
2019,33,35,1397,False,False,False
2020,33,36,1398,True,False,False
2021,33,37,1399,True,True,False
2022,33,38,1400,True,False,False
2023,33,39,1401,True,False,False
2024,33,40,1402,True,False,False
2025,33,41,1403,True,True,False
2026,33,42,1404,True,True,False
2027,33,43,1405,True,True,False
2028,33,44,1406,False,False,False
2029,33,45,1407,True,True,False
2030,33,46,1408,True,True,False
2031,33,47,1409,True,True,False
2032,33,48,1410,False,True,False
2033,33,49,1411,True,True,False
2034,33,50,1412,True,True,False
2035,33,51,1413,True,True,False
2036,33,52,1414,False,True,False
2037,33,53,1415,False,True,False
2038,33,54,1416,False,True,False
2039,33,55,1417,True,True,False
2051,34,5,1418,False,False,False
2052,34,6,1419,False,False,False
2053,34,7,1420,False,False,False
2054,34,8,1421,True,True,False
2055,34,9,1422,False,True,False
2056,34,10,1423,False,False,False
2057,34,11,1424,False,False,False
2058,34,12,1425,False,False,False
2059,34,13,1426,False,True,False
2060,34,14,1427,True,False,False
2061,34,15,1428,True,False,False
2062,34,16,1429,False,True,False
2063,34,17,1430,False,True,False
2064,34,18,1431,True,False,False
2065,34,19,1432,True,False,False
2066,34,20,1433,False,False,False
2067,34,21,1434,False,False,False
2068,34,22,1435,True,True,False
2069,34,23,1436,True,True,False
2070,34,24,1437,True,False,True
2071,34,25,1438,True,True,True
2072,34,26,1439,True,True,False
2073,34,27,1440,False,True,False
2074,34,28,1441,False,False,False
2075,34,29,1442,True,False,False
2076,34,30,1443,False,True,False
2077,34,31,1444,False,True,False
2078,34,32,1445,True,True,False
2079,34,33,1446,True,True,False
2080,34,34,1447,False,True,False
2081,34,35,1448,False,False,False
2082,34,36,1449,False,False,False
2083,34,37,1450,True,True,False
2084,34,38,1451,False,False,False
2085,34,39,1452,False,False,False
2086,34,40,1453,True,False,False
2087,34,41,1454,True,False,False
2088,34,42,1455,True,False,False
2089,34,43,1456,True,True,False
2090,34,44,1457,True,True,False
2091,34,45,1458,False,True,False
2092,34,46,1459,True,True,False
2093,34,47,1460,True,True,False
2094,34,48,1461,True,True,False
2095,34,49,1462,False,True,False
2096,34,50,1463,True,True,False
2097,34,51,1464,True,True,False
2098,34,52,1465,True,True,False
2099,34,53,1466,True,True,False
2100,34,54,1467,True,True,False
2101,34,55,1468,True,True,False
2102,34,56,1469,False,True,False
2113,35,5,1470,False,False,False
2114,35,6,1471,False,False,False
2115,35,7,1472,True,False,False
2116,35,8,1473,True,True,False
2117,35,9,1474,True,False,False
2118,35,10,1475,False,False,False
2119,35,11,1476,False,False,False
2120,35,12,1477,False,False,False
2121,35,13,1478,False,True,False
2122,35,14,1479,True,True,False
2123,35,15,1480,False,True,False
2124,35,16,1481,False,True,False
2125,35,17,1482,False,True,False
2126,35,18,1483,True,True,False
2127,35,19,1484,False,False,False
2128,35,20,1485,False,False,False
2129,35,21,1486,False,False,False
2130,35,22,1487,True,True,False
2131,35,23,1488,True,True,False
2132,35,24,1489,False,False,False
2133,35,25,1490,True,False,True
2134,35,26,1491,True,False,False
2135,35,27,1492,True,True,False
2136,35,28,1493,True,True,False
2137,35,29,1494,True,True,False
2138,35,30,1495,True,True,False
2139,35,31,1496,False,False,False
2140,35,32,1497,True,False,False
2141,35,33,1498,True,False,False
2142,35,34,1499,True,False,False
2143,35,35,1500,False,False,False
2144,35,36,1501,False,True,False
2145,35,37,1502,True,True,False
2146,35,38,1503,False,True,False
2147,35,39,1504,False,True,False
2148,35,40,1505,True,True,False
2149,35,41,1506,False,True,False
2150,35,42,1507,True,True,False
2151,35,43,1508,False,True,False
2152,35,44,1509,True,False,False
2153,35,45,1510,False,True,False
2154,35,46,1511,True,True,False
2155,35,47,1512,True,True,False
2156,35,48,1513,True,True,False
2157,35,49,1514,True,True,False
2158,35,50,1515,True,False,False
2159,35,51,1516,True,True,False
2160,35,52,1517,True,True,False
2161,35,53,1518,True,True,False
2162,35,54,1519,True,True,False
2163,35,55,1520,True,True,False
2164,35,56,1521,False,True,False
2165,35,57,1522,True,True,False
2166,35,58,1523,False,False,False
2175,36,5,1524,True,False,False
2176,36,6,1525,True,False,False
2177,36,7,1526,True,True,False
2178,36,8,1527,False,True,False
2179,36,9,1528,True,True,False
2180,36,10,1529,True,True,False
2181,36,11,1530,False,False,False
2182,36,12,1531,False,False,False
2183,36,13,1532,False,False,False
2184,36,14,1533,True,True,False
2185,36,15,1534,False,True,False
2186,36,16,1535,True,False,False
2187,36,17,1536,True,False,False
2188,36,18,1537,True,True,False
2189,36,19,1538,False,True,False
2190,36,20,1539,False,True,False
2191,36,21,1540,False,True,False
2192,36,22,1541,True,True,False
2193,36,23,1542,False,False,False
2194,36,24,1543,False,False,False
2195,36,25,1544,True,False,True
2196,36,26,1545,False,False,False
2197,36,27,1546,True,False,False
2198,36,28,1547,True,False,False
2199,36,29,1548,True,True,False
2200,36,30,1549,True,True,False
2201,36,31,1550,True,True,False
2202,36,32,1551,True,True,False
2203,36,33,1552,True,True,False
2204,36,34,1553,True,False,False
2205,36,35,1554,False,False,False
2206,36,36,1555,False,True,False
2207,36,37,1556,True,False,False
2208,36,38,1557,False,False,False
2209,36,39,1558,True,False,False
2210,36,40,1559,True,False,False
2211,36,41,1560,False,True,False
2212,36,42,1561,True,True,False
2213,36,43,1562,False,True,False
2214,36,44,1563,True,True,False
2215,36,45,1564,True,True,False
2216,36,46,1565,True,True,False
2217,36,47,1566,False,True,False
2218,36,48,1567,False,True,False
2219,36,49,1568,True,True,False
2220,36,50,1569,True,True,False
2221,36,51,1570,True,True,False
2222,36,52,1571,True,True,False
2223,36,53,1572,True,True,False
2224,36,54,1573,False,True,False
2225,36,55,1574,True,True,True
2226,36,56,1575,True,True,True
2227,36,57,1576,True,True,True
2228,36,58,1577,False,True,True
2229,36,59,1578,False,False,False
2237,37,5,1579,True,True,False
2238,37,6,1580,True,True,False
2239,37,7,1581,False,True,False
2240,37,8,1582,False,False,False
2241,37,9,1583,False,False,False
2242,37,10,1584,True,True,False
2243,37,11,1585,True,False,False
2244,37,12,1586,True,False,False
2245,37,13,1587,True,True,False
2246,37,14,1588,True,True,False
2247,37,15,1589,True,True,False
2248,37,16,1590,True,True,False
2249,37,17,1591,False,False,False
2250,37,18,1592,False,False,False
2251,37,19,1593,False,False,False
2252,37,20,1594,False,False,False
2253,37,21,1595,False,True,False
2254,37,22,1596,True,True,False
2255,37,23,1597,False,False,False
2256,37,24,1598,False,False,False
2257,37,25,1599,True,False,True
2258,37,26,1600,False,False,False
2259,37,27,1601,True,True,False
2260,37,28,1602,True,True,False
2261,37,29,1603,True,True,False
2262,37,30,1604,True,True,False
2263,37,31,1605,False,False,False
2264,37,32,1606,True,False,False
2265,37,33,1607,True,True,False
2266,37,34,1608,True,False,False
2267,37,35,1609,True,True,False
2268,37,36,1610,True,True,False
2269,37,37,1611,True,False,False
2270,37,38,1612,False,False,False
2271,37,39,1613,True,False,False
2272,37,40,1614,False,True,False
2273,37,41,1615,False,False,False
2274,37,42,1616,True,True,False
2275,37,43,1617,False,True,False
2276,37,44,1618,True,True,False
2277,37,45,1619,True,True,False
2278,37,46,1620,True,True,False
2279,37,47,1621,True,False,False
2280,37,48,1622,True,False,False
2281,37,49,1623,True,True,False
2282,37,50,1624,True,True,False
2283,37,51,1625,True,True,False
2284,37,52,1626,True,True,False
2285,37,53,1627,True,True,False
2286,37,54,1628,True,True,False
2287,37,55,1629,True,True,True
2288,37,56,1630,True,True,False
2289,37,57,1631,True,False,False
2290,37,58,1632,False,True,True
2291,37,59,1633,False,False,True
2292,37,60,1634,False,False,False
2299,38,5,1635,True,True,False
2300,38,6,1636,False,True,False
2301,38,7,1637,False,False,False
2302,38,8,1638,False,False,False
2303,38,9,1639,False,False,False
2304,38,10,1640,False,True,False
2305,38,11,1641,False,False,False
2306,38,12,1642,True,False,False
2307,38,13,1643,True,True,False
2308,38,14,1644,True,False,False
2309,38,15,1645,False,False,False
2310,38,16,1646,False,True,False
2311,38,17,1647,False,True,False
2312,38,18,1648,False,True,False
2313,38,19,1649,False,False,False
2314,38,20,1650,False,False,False
2315,38,21,1651,False,False,False
2316,38,22,1652,True,True,False
2317,38,23,1653,False,True,False
2318,38,24,1654,False,True,False
2319,38,25,1655,True,False,True
2320,38,26,1656,True,True,True
2321,38,27,1657,True,True,False
2322,38,28,1658,False,False,False
2323,38,29,1659,True,True,False
2324,38,30,1660,True,False,False
2325,38,31,1661,True,False,False
2326,38,32,1662,True,False,False
2327,38,33,1663,True,True,False
2328,38,34,1664,True,True,False
2329,38,35,1665,True,True,False
2330,38,36,1666,True,False,False
2331,38,37,1667,False,False,False
2332,38,38,1668,True,False,False
2333,38,39,1669,True,True,False
2334,38,40,1670,False,True,False
2335,38,41,1671,False,False,False
2336,38,42,1672,True,False,False
2337,38,43,1673,True,True,False
2338,38,44,1674,True,True,False
2339,38,45,1675,True,True,False
2340,38,46,1676,True,True,False
2341,38,47,1677,True,True,False
2342,38,48,1678,True,False,False
2343,38,49,1679,True,True,False
2344,38,50,1680,True,True,False
2345,38,51,1681,True,True,False
2346,38,52,1682,True,True,False
2347,38,53,1683,True,True,True
2348,38,54,1684,False,True,True
2349,38,55,1685,False,True,True
2350,38,56,1686,True,True,False
2351,38,57,1687,True,True,False
2352,38,58,1688,False,False,False
2353,38,59,1689,True,True,True
2354,38,60,1690,True,True,False
2361,39,5,1691,False,False,False
2362,39,6,1692,False,True,False
2363,39,7,1693,False,True,False
2364,39,8,1694,False,True,False
2365,39,9,1695,False,False,False
2366,39,10,1696,False,True,False
2367,39,11,1697,False,True,False
2368,39,12,1698,True,True,False
2369,39,13,1699,True,True,False
2370,39,14,1700,True,False,False
2371,39,15,1701,False,False,False
2372,39,16,1702,False,True,False
2373,39,17,1703,False,True,False
2374,39,18,1704,False,False,False
2375,39,19,1705,False,False,False
2376,39,20,1706,False,False,False
2377,39,21,1707,False,False,False
2378,39,22,1708,True,True,False
2379,39,23,1709,True,False,False
2380,39,24,1710,True,True,False
2381,39,25,1711,True,True,False
2382,39,26,1712,True,True,True
2383,39,27,1713,False,False,False
2384,39,28,1714,False,False,False
2385,39,29,1715,True,True,False
2386,39,30,1716,True,True,False
2387,39,31,1717,False,False,False
2388,39,32,1718,True,True,False
2389,39,33,1719,True,True,False
2390,39,34,1720,True,True,False
2391,39,35,1721,True,True,False
2392,39,36,1722,True,False,False
2393,39,37,1723,True,False,False
2394,39,38,1724,True,False,False
2395,39,39,1725,True,True,False
2396,39,40,1726,True,False,False
2397,39,41,1727,True,True,False
2398,39,42,1728,True,True,False
2399,39,43,1729,True,True,False
2400,39,44,1730,True,False,False
2401,39,45,1731,False,True,False
2402,39,46,1732,True,True,False
2403,39,47,1733,False,True,False
2404,39,48,1734,True,True,False
2405,39,49,1735,True,True,False
2406,39,50,1736,True,True,False
2407,39,51,1737,True,True,False
2408,39,52,1738,True,True,False
2409,39,53,1739,True,True,True
2410,39,54,1740,True,True,False
2411,39,55,1741,True,True,False
2412,39,56,1742,True,True,False
2413,39,57,1743,True,True,False
2414,39,58,1744,True,True,False
2415,39,59,1745,True,True,False
2416,39,60,1746,False,True,False
2423,40,5,1747,False,False,False
2424,40,6,1748,False,False,False
2425,40,7,1749,False,False,False
2426,40,8,1750,False,True,False
2427,40,9,1751,False,True,False
2428,40,10,1752,False,False,False
2429,40,11,1753,False,True,False
2430,40,12,1754,True,True,False
2431,40,13,1755,True,False,False
2432,40,14,1756,True,False,False
2433,40,15,1757,False,False,False
2434,40,16,1758,False,False,False
2435,40,17,1759,False,True,False
2436,40,18,1760,False,False,False
2437,40,19,1761,False,False,False
2438,40,20,1762,False,False,False
2439,40,21,1763,False,False,False
2440,40,22,1764,False,True,False
2441,40,23,1765,True,False,False
2442,40,24,1766,True,False,False
2443,40,25,1767,False,False,False
2444,40,26,1768,True,False,True
2445,40,27,1769,False,False,True
2446,40,28,1770,False,False,False
2447,40,29,1771,False,False,False
2448,40,30,1772,True,True,False
2449,40,31,1773,True,True,False
2450,40,32,1774,True,True,False
2451,40,33,1775,True,False,False
2452,40,34,1776,True,True,False
2453,40,35,1777,False,True,False
2454,40,36,1778,False,True,False
2455,40,37,1779,True,True,False
2456,40,38,1780,True,True,False
2457,40,39,1781,True,True,False
2458,40,40,1782,True,True,False
2459,40,41,1783,True,True,False
2460,40,42,1784,True,False,False
2461,40,43,1785,False,False,False
2462,40,44,1786,False,False,False
2463,40,45,1787,False,True,False
2464,40,46,1788,True,False,False
2465,40,47,1789,False,True,False
2466,40,48,1790,True,True,False
2467,40,49,1791,True,True,False
2468,40,50,1792,True,True,False
2469,40,51,1793,True,True,False
2470,40,52,1794,True,True,False
2471,40,53,1795,False,True,True
2472,40,54,1796,True,True,True
2473,40,55,1797,True,True,False
2474,40,56,1798,True,True,False
2475,40,57,1799,False,False,False
2476,40,58,1800,False,True,False
2477,40,59,1801,False,False,False
2478,40,60,1802,False,False,False
2485,41,5,1803,False,False,False
2486,41,6,1804,False,False,False
2487,41,7,1805,False,False,False
2488,41,8,1806,True,False,False
2489,41,9,1807,True,True,False
2490,41,10,1808,True,True,False
2491,41,11,1809,True,True,False
2492,41,12,1810,True,True,False
2493,41,13,1811,True,True,False
2494,41,14,1812,True,True,False
2495,41,15,1813,True,False,False
2496,41,16,1814,False,True,False
2497,41,17,1815,False,True,False
2498,41,18,1816,False,True,False
2499,41,19,1817,False,False,False
2500,41,20,1818,False,False,False
2501,41,21,1819,False,False,False
2502,41,22,1820,True,True,False
2503,41,23,1821,True,True,False
2504,41,24,1822,True,False,False
2505,41,25,1823,False,False,False
2506,41,26,1824,True,False,False
2507,41,27,1825,True,False,True
2508,41,28,1826,False,False,False
2509,41,29,1827,False,False,False
2510,41,30,1828,True,True,False
2511,41,31,1829,True,True,False
2512,41,32,1830,True,True,False
2513,41,33,1831,True,True,False
2514,41,34,1832,True,True,False
2515,41,35,1833,False,True,False
2516,41,36,1834,False,False,False
2517,41,37,1835,True,False,False
2518,41,38,1836,True,False,False
2519,41,39,1837,False,False,False
2520,41,40,1838,False,False,False
2521,41,41,1839,True,False,False
2522,41,42,1840,True,False,False
2523,41,43,1841,False,False,False
2524,41,44,1842,False,False,False
2525,41,45,1843,False,True,False
2526,41,46,1844,True,True,False
2527,41,47,1845,True,True,False
2528,41,48,1846,True,False,False
2529,41,49,1847,False,False,False
2530,41,50,1848,False,True,False
2531,41,51,1849,True,True,False
2532,41,52,1850,True,True,False
2533,41,53,1851,True,False,True
2534,41,54,1852,True,True,True
2535,41,55,1853,True,True,False
2536,41,56,1854,True,False,False
2537,41,57,1855,False,True,False
2538,41,58,1856,False,True,False
2539,41,59,1857,True,False,False
2540,41,60,1858,True,False,False
2541,41,61,1859,True,False,False
2547,42,5,1860,True,False,False
2548,42,6,1861,False,False,False
2549,42,7,1862,True,False,False
2550,42,8,1863,True,False,False
2551,42,9,1864,False,False,False
2552,42,10,1865,True,False,False
2553,42,11,1866,True,True,False
2554,42,12,1867,True,True,False
2555,42,13,1868,False,True,False
2556,42,14,1869,True,True,False
2557,42,15,1870,True,True,False
2558,42,16,1871,True,True,False
2559,42,17,1872,True,False,False
2560,42,18,1873,True,True,False
2561,42,19,1874,True,True,False
2562,42,20,1875,True,False,False
2563,42,21,1876,True,False,False
2564,42,22,1877,True,False,False
2565,42,23,1878,True,True,False
2566,42,24,1879,True,True,False
2567,42,25,1880,True,False,False
2568,42,26,1881,True,False,False
2569,42,27,1882,True,False,True
2570,42,28,1883,True,False,False
2571,42,29,1884,True,True,False
2572,42,30,1885,True,True,False
2573,42,31,1886,True,True,False
2574,42,32,1887,True,True,False
2575,42,33,1888,True,True,False
2576,42,34,1889,True,True,False
2577,42,35,1890,True,True,False
2578,42,36,1891,True,True,False
2579,42,37,1892,True,False,False
2580,42,38,1893,True,False,False
2581,42,39,1894,True,False,False
2582,42,40,1895,False,False,False
2583,42,41,1896,True,False,False
2584,42,42,1897,False,False,False
2585,42,43,1898,False,False,False
2586,42,44,1899,False,True,False
2587,42,45,1900,False,True,False
2588,42,46,1901,True,True,False
2589,42,47,1902,True,True,False
2590,42,48,1903,False,False,False
2591,42,49,1904,False,True,False
2592,42,50,1905,False,True,False
2593,42,51,1906,True,False,False
2594,42,52,1907,True,True,False
2595,42,53,1908,True,False,False
2596,42,54,1909,True,True,True
2597,42,55,1910,True,True,False
2598,42,56,1911,True,True,False
2599,42,57,1912,True,True,False
2600,42,58,1913,False,False,False
2601,42,59,1914,False,False,False
2602,42,60,1915,True,False,False
2603,42,61,1916,True,True,False
2609,43,5,1917,True,False,False
2610,43,6,1918,True,False,False
2611,43,7,1919,True,False,False
2612,43,8,1920,False,False,False
2613,43,9,1921,False,False,False
2614,43,10,1922,True,True,False
2615,43,11,1923,True,True,False
2616,43,12,1924,True,True,False
2617,43,13,1925,False,False,False
2618,43,14,1926,True,False,False
2619,43,15,1927,False,False,False
2620,43,16,1928,False,False,False
2621,43,17,1929,False,False,False
2622,43,18,1930,False,False,False
2623,43,19,1931,False,True,False
2624,43,20,1932,False,True,False
2625,43,21,1933,True,True,False
2626,43,22,1934,True,False,False
2627,43,23,1935,True,False,False
2628,43,24,1936,True,True,False
2629,43,25,1937,True,False,False
2630,43,26,1938,True,False,False
2631,43,27,1939,True,False,True
2632,43,28,1940,True,False,False
2633,43,29,1941,True,True,False
2634,43,30,1942,True,False,False
2635,43,31,1943,False,True,False
2636,43,32,1944,True,False,False
2637,43,33,1945,False,True,False
2638,43,34,1946,True,True,False
2639,43,35,1947,True,False,False
2640,43,36,1948,True,True,False
2641,43,37,1949,False,True,False
2642,43,38,1950,True,True,False
2643,43,39,1951,True,True,False
2644,43,40,1952,False,True,False
2645,43,41,1953,True,True,False
2646,43,42,1954,False,True,False
2647,43,43,1955,False,True,False
2648,43,44,1956,False,True,False
2649,43,45,1957,False,True,False
2650,43,46,1958,True,False,False
2651,43,47,1959,False,True,False
2652,43,48,1960,False,True,False
2653,43,49,1961,False,True,False
2654,43,50,1962,False,False,False
2655,43,51,1963,True,False,False
2656,43,52,1964,True,True,False
2657,43,53,1965,True,True,True
2658,43,54,1966,True,True,True
2659,43,55,1967,True,True,False
2660,43,56,1968,False,False,False
2661,43,57,1969,True,True,False
2662,43,58,1970,True,False,False
2663,43,59,1971,True,False,False
2664,43,60,1972,True,False,False
2665,43,61,1973,True,True,False
2671,44,5,1974,False,False,False
2672,44,6,1975,False,False,False
2673,44,7,1976,True,False,False
2674,44,8,1977,True,False,False
2675,44,9,1978,True,True,False
2676,44,10,1979,True,True,False
2677,44,11,1980,False,False,False
2678,44,12,1981,True,True,False
2679,44,13,1982,True,True,False
2680,44,14,1983,True,False,False
2681,44,15,1984,False,False,False
2682,44,16,1985,False,False,False
2683,44,17,1986,False,False,False
2684,44,18,1987,False,False,False
2685,44,19,1988,False,False,False
2686,44,20,1989,False,False,False
2687,44,21,1990,True,True,False
2688,44,22,1991,True,True,False
2689,44,23,1992,True,False,False
2690,44,24,1993,True,True,False
2691,44,25,1994,True,False,False
2692,44,26,1995,True,False,True
2693,44,27,1996,False,False,True
2694,44,28,1997,True,False,False
2695,44,29,1998,False,True,False
2696,44,30,1999,True,True,False
2697,44,31,2000,True,True,False
2698,44,32,2001,True,False,False
2699,44,33,2002,True,True,False
2700,44,34,2003,True,False,False
2701,44,35,2004,False,False,False
2702,44,36,2005,True,False,False
2703,44,37,2006,False,True,False
2704,44,38,2007,True,True,False
2705,44,39,2008,True,True,False
2706,44,40,2009,True,False,False
2707,44,41,2010,True,False,False
2708,44,42,2011,False,False,False
2709,44,43,2012,False,False,False
2710,44,44,2013,False,True,False
2711,44,45,2014,False,False,False
2712,44,46,2015,True,False,False
2713,44,47,2016,False,True,False
2714,44,48,2017,False,True,False
2715,44,49,2018,True,True,False
2716,44,50,2019,True,True,False
2717,44,51,2020,True,True,False
2718,44,52,2021,True,True,False
2719,44,53,2022,True,True,True
2720,44,54,2023,True,True,False
2721,44,55,2024,True,False,False
2722,44,56,2025,True,False,False
2723,44,57,2026,True,True,False
2724,44,58,2027,True,True,False
2725,44,59,2028,False,False,False
2726,44,60,2029,False,False,False
2727,44,61,2030,False,False,False
2728,44,62,2031,False,False,False
2733,45,5,2032,False,False,False
2734,45,6,2033,False,True,False
2735,45,7,2034,False,True,False
2736,45,8,2035,False,True,False
2737,45,9,2036,False,True,False
2738,45,10,2037,True,True,False
2739,45,11,2038,True,False,False
2740,45,12,2039,True,False,False
2741,45,13,2040,True,True,False
2742,45,14,2041,True,True,False
2743,45,15,2042,True,True,False
2744,45,16,2043,True,False,False
2745,45,17,2044,True,False,False
2746,45,18,2045,True,False,False
2747,45,19,2046,True,False,False
2748,45,20,2047,False,False,False
2749,45,21,2048,True,False,False
2750,45,22,2049,False,True,False
2751,45,23,2050,False,True,False
2752,45,24,2051,False,True,False
2753,45,25,2052,True,False,False
2754,45,26,2053,True,True,True
2755,45,27,2054,False,False,False
2756,45,28,2055,True,True,False
2757,45,29,2056,True,True,False
2758,45,30,2057,True,True,False
2759,45,31,2058,True,True,False
2760,45,32,2059,True,True,False
2761,45,33,2060,False,True,False
2762,45,34,2061,False,True,False
2763,45,35,2062,False,True,False
2764,45,36,2063,True,True,False
2765,45,37,2064,True,True,False
2766,45,38,2065,True,True,False
2767,45,39,2066,False,True,False
2768,45,40,2067,True,True,False
2769,45,41,2068,True,False,False
2770,45,42,2069,False,False,False
2771,45,43,2070,False,True,False
2772,45,44,2071,False,True,False
2773,45,45,2072,False,False,False
2774,45,46,2073,True,True,False
2775,45,47,2074,True,True,False
2776,45,48,2075,True,False,False
2777,45,49,2076,True,False,False
2778,45,50,2077,True,False,False
2779,45,51,2078,True,True,False
2780,45,52,2079,True,True,False
2781,45,53,2080,True,True,True
2782,45,54,2081,False,False,False
2783,45,55,2082,False,False,False
2784,45,56,2083,True,False,False
2785,45,57,2084,True,True,False
2786,45,58,2085,True,True,False
2787,45,59,2086,True,True,False
2788,45,60,2087,True,True,False
2789,45,61,2088,True,True,False
2790,45,62,2089,False,False,False
2794,46,4,2090,False,True,False
2795,46,5,2091,False,True,False
2796,46,6,2092,False,True,False
2797,46,7,2093,False,True,False
2798,46,8,2094,False,False,False
2799,46,9,2095,False,False,False
2800,46,10,2096,True,True,False
2801,46,11,2097,False,False,False
2802,46,12,2098,True,False,False
2803,46,13,2099,True,True,False
2804,46,14,2100,False,True,False
2805,46,15,2101,True,True,False
2806,46,16,2102,False,False,False
2807,46,17,2103,False,False,False
2808,46,18,2104,False,False,False
2809,46,19,2105,True,False,False
2810,46,20,2106,True,False,False
2811,46,21,2107,True,False,False
2812,46,22,2108,False,False,False
2813,46,23,2109,False,True,False
2814,46,24,2110,False,True,False
2815,46,25,2111,True,True,False
2816,46,26,2112,True,True,True
2817,46,27,2113,False,False,False
2818,46,28,2114,True,True,False
2819,46,29,2115,True,True,False
2820,46,30,2116,True,False,False
2821,46,31,2117,True,True,False
2822,46,32,2118,True,False,False
2823,46,33,2119,False,False,False
2824,46,34,2120,False,False,False
2825,46,35,2121,False,False,False
2826,46,36,2122,True,False,False
2827,46,37,2123,True,True,False
2828,46,38,2124,False,False,False
2829,46,39,2125,False,False,False
2830,46,40,2126,True,True,False
2831,46,41,2127,True,False,False
2832,46,42,2128,True,False,False
2833,46,43,2129,False,True,False
2834,46,44,2130,True,False,False
2835,46,45,2131,True,True,False
2836,46,46,2132,True,True,False
2837,46,47,2133,False,False,False
2838,46,48,2134,False,False,False
2839,46,49,2135,False,False,False
2840,46,50,2136,False,False,False
2841,46,51,2137,False,False,False
2842,46,52,2138,True,True,True
2843,46,53,2139,True,True,True
2844,46,54,2140,False,False,False
2845,46,55,2141,False,False,False
2846,46,56,2142,True,True,False
2847,46,57,2143,True,True,False
2848,46,58,2144,False,False,False
2849,46,59,2145,True,False,False
2850,46,60,2146,True,False,False
2851,46,61,2147,True,False,False
2852,46,62,2148,False,False,False
2856,47,4,2149,False,False,False
2857,47,5,2150,False,False,False
2858,47,6,2151,False,False,False
2859,47,7,2152,False,True,False
2860,47,8,2153,False,False,False
2861,47,9,2154,True,True,False
2862,47,10,2155,True,True,False
2863,47,11,2156,True,False,False
2864,47,12,2157,True,False,False
2865,47,13,2158,True,True,False
2866,47,14,2159,False,False,False
2867,47,15,2160,False,False,False
2868,47,16,2161,False,False,False
2869,47,17,2162,False,False,False
2870,47,18,2163,False,False,False
2871,47,19,2164,False,False,False
2872,47,20,2165,True,False,False
2873,47,21,2166,True,False,False
2874,47,22,2167,True,False,False
2875,47,23,2168,False,False,False
2876,47,24,2169,False,False,False
2877,47,25,2170,True,True,False
2878,47,26,2171,True,True,True
2879,47,27,2172,True,True,True
2880,47,28,2173,True,True,False
2881,47,29,2174,True,True,False
2882,47,30,2175,True,False,False
2883,47,31,2176,True,True,False
2884,47,32,2177,True,False,False
2885,47,33,2178,False,False,False
2886,47,34,2179,False,False,False
2887,47,35,2180,True,False,False
2888,47,36,2181,True,False,False
2889,47,37,2182,True,True,False
2890,47,38,2183,True,True,False
2891,47,39,2184,False,False,False
2892,47,40,2185,True,True,False
2893,47,41,2186,False,False,False
2894,47,42,2187,True,True,False
2895,47,43,2188,True,True,False
2896,47,44,2189,True,True,False
2897,47,45,2190,False,True,False
2898,47,46,2191,True,True,False
2899,47,47,2192,False,False,False
2900,47,48,2193,False,False,False
2901,47,49,2194,False,False,False
2902,47,50,2195,False,False,False
2903,47,51,2196,True,False,True
2904,47,52,2197,True,False,True
2905,47,53,2198,True,True,False
2906,47,54,2199,False,False,False
2907,47,55,2200,False,False,False
2908,47,56,2201,True,True,False
2909,47,57,2202,False,False,False
2910,47,58,2203,False,False,False
2911,47,59,2204,False,False,False
2912,47,60,2205,False,False,False
2913,47,61,2206,True,False,False
2914,47,62,2207,False,False,False
2918,48,4,2208,True,False,False
2919,48,5,2209,False,False,False
2920,48,6,2210,False,False,False
2921,48,7,2211,False,True,False
2922,48,8,2212,True,False,False
2923,48,9,2213,True,False,False
2924,48,10,2214,True,True,False
2925,48,11,2215,True,False,False
2926,48,12,2216,True,True,False
2927,48,13,2217,True,True,False
2928,48,14,2218,True,False,False
2929,48,15,2219,True,False,False
2930,48,16,2220,True,False,False
2931,48,17,2221,False,False,False
2932,48,18,2222,False,False,False
2933,48,19,2223,False,False,False
2934,48,20,2224,True,False,False
2935,48,21,2225,True,False,False
2936,48,22,2226,True,False,False
2937,48,23,2227,True,False,False
2938,48,24,2228,True,False,False
2939,48,25,2229,True,True,False
2940,48,26,2230,False,True,False
2941,48,27,2231,True,True,True
2942,48,28,2232,True,True,True
2943,48,29,2233,True,True,False
2944,48,30,2234,True,True,False
2945,48,31,2235,True,True,False
2946,48,32,2236,True,False,False
2947,48,33,2237,True,False,False
2948,48,34,2238,True,False,False
2949,48,35,2239,True,False,False
2950,48,36,2240,False,False,False
2951,48,37,2241,True,True,False
2952,48,38,2242,True,True,False
2953,48,39,2243,False,False,False
2954,48,40,2244,True,True,False
2955,48,41,2245,True,False,False
2956,48,42,2246,True,True,False
2957,48,43,2247,True,False,False
2958,48,44,2248,True,False,False
2959,48,45,2249,True,True,False
2960,48,46,2250,True,True,False
2961,48,47,2251,False,True,False
2962,48,48,2252,False,True,False
2963,48,49,2253,False,False,False
2964,48,50,2254,False,False,False
2965,48,51,2255,True,False,True
2966,48,52,2256,False,False,False
2967,48,53,2257,True,True,False
2968,48,54,2258,False,False,False
2969,48,55,2259,False,False,False
2970,48,56,2260,True,True,False
2971,48,57,2261,False,False,False
2972,48,58,2262,False,False,False
2973,48,59,2263,False,False,False
2974,48,60,2264,False,False,False
2975,48,61,2265,True,False,False
2976,48,62,2266,True,False,False
2980,49,4,2267,True,False,False
2981,49,5,2268,True,False,False
2982,49,6,2269,False,False,False
2983,49,7,2270,True,True,False
2984,49,8,2271,True,False,False
2985,49,9,2272,True,True,False
2986,49,10,2273,True,True,False
2987,49,11,2274,True,True,False
2988,49,12,2275,True,True,False
2989,49,13,2276,False,False,False
2990,49,14,2277,False,False,False
2991,49,15,2278,False,False,False
2992,49,16,2279,True,False,False
2993,49,17,2280,True,False,False
2994,49,18,2281,False,False,False
2995,49,19,2282,True,False,False
2996,49,20,2283,True,False,False
2997,49,21,2284,True,False,False
2998,49,22,2285,False,False,False
2999,49,23,2286,False,False,False
3000,49,24,2287,True,False,False
3001,49,25,2288,True,True,False
3002,49,26,2289,True,True,False
3003,49,27,2290,True,True,False
3004,49,28,2291,True,True,True
3005,49,29,2292,False,False,True
3006,49,30,2293,True,True,False
3007,49,31,2294,True,True,False
3008,49,32,2295,False,True,False
3009,49,33,2296,False,False,False
3010,49,34,2297,True,False,False
3011,49,35,2298,True,False,False
3012,49,36,2299,True,False,False
3013,49,37,2300,True,True,False
3014,49,38,2301,True,True,False
3015,49,39,2302,True,True,False
3016,49,40,2303,True,True,False
3017,49,41,2304,True,True,False
3018,49,42,2305,False,True,False
3019,49,43,2306,True,False,False
3020,49,44,2307,False,False,False
3021,49,45,2308,False,False,False
3022,49,46,2309,True,True,False
3023,49,47,2310,True,False,False
3024,49,48,2311,True,True,False
3025,49,49,2312,True,False,True
3026,49,50,2313,True,False,True
3027,49,51,2314,True,False,True
3028,49,52,2315,False,False,False
3029,49,53,2316,True,True,False
3030,49,54,2317,True,False,False
3031,49,55,2318,True,False,False
3032,49,56,2319,True,True,False
3033,49,57,2320,True,False,False
3034,49,58,2321,False,False,False
3035,49,59,2322,False,False,False
3036,49,60,2323,False,False,False
3037,49,61,2324,False,True,False
3041,50,3,2325,False,False,False
3042,50,4,2326,False,False,False
3043,50,5,2327,True,False,False
3044,50,6,2328,True,False,False
3045,50,7,2329,True,True,False
3046,50,8,2330,True,False,False
3047,50,9,2331,True,True,False
3048,50,10,2332,False,False,False
3049,50,11,2333,True,True,False
3050,50,12,2334,True,True,False
3051,50,13,2335,False,False,False
3052,50,14,2336,False,False,False
3053,50,15,2337,False,False,False
3054,50,16,2338,False,False,False
3055,50,17,2339,True,False,False
3056,50,18,2340,True,True,False
3057,50,19,2341,True,True,False
3058,50,20,2342,True,True,False
3059,50,21,2343,False,True,False
3060,50,22,2344,False,True,False
3061,50,23,2345,True,True,False
3062,50,24,2346,True,True,False
3063,50,25,2347,True,True,False
3064,50,26,2348,False,True,False
3065,50,27,2349,True,True,False
3066,50,28,2350,True,True,False
3067,50,29,2351,True,True,True
3068,50,30,2352,True,True,True
3069,50,31,2353,True,False,True
3070,50,32,2354,True,True,True
3071,50,33,2355,False,True,False
3072,50,34,2356,True,True,False
3073,50,35,2357,True,True,False
3074,50,36,2358,True,True,False
3075,50,37,2359,True,True,False
3076,50,38,2360,False,True,False
3077,50,39,2361,False,False,False
3078,50,40,2362,True,True,False
3079,50,41,2363,True,True,False
3080,50,42,2364,False,False,False
3081,50,43,2365,True,False,False
3082,50,44,2366,True,False,False
3083,50,45,2367,False,False,False
3084,50,46,2368,False,True,False
3085,50,47,2369,False,False,False
3086,50,48,2370,True,False,False
3087,50,49,2371,True,False,True
3088,50,50,2372,False,False,False
3089,50,51,2373,False,False,False
3090,50,52,2374,True,True,False
3091,50,53,2375,True,True,False
3092,50,54,2376,True,False,False
3093,50,55,2377,True,False,False
3094,50,56,2378,True,True,False
3095,50,57,2379,True,True,False
3096,50,58,2380,True,True,False
3097,50,59,2381,True,True,False
3098,50,60,2382,True,True,False
3099,50,61,2383,True,True,False
3103,51,3,2384,False,False,False
3104,51,4,2385,False,False,False
3105,51,5,2386,False,False,False
3106,51,6,2387,False,False,False
3107,51,7,2388,False,True,False
3108,51,8,2389,True,False,False
3109,51,9,2390,True,True,False
3110,51,10,2391,True,True,False
3111,51,11,2392,True,True,False
3112,51,12,2393,True,True,False
3113,51,13,2394,True,False,False
3114,51,14,2395,False,False,False
3115,51,15,2396,False,False,False
3116,51,16,2397,False,False,False
3117,51,17,2398,True,False,False
3118,51,18,2399,False,True,False
3119,51,19,2400,False,True,False
3120,51,20,2401,True,True,False
3121,51,21,2402,False,True,False
3122,51,22,2403,True,False,False
3123,51,23,2404,True,False,False
3124,51,24,2405,True,True,False
3125,51,25,2406,False,True,False
3126,51,26,2407,True,True,False
3127,51,27,2408,True,True,False
3128,51,28,2409,True,True,False
3129,51,29,2410,True,True,False
3130,51,30,2411,False,True,False
3131,51,31,2412,True,False,False
3132,51,32,2413,True,False,True
3133,51,33,2414,True,False,True
3134,51,34,2415,True,False,False
3135,51,35,2416,False,False,False
3136,51,36,2417,True,True,False
3137,51,37,2418,True,True,False
3138,51,38,2419,True,False,False
3139,51,39,2420,True,False,False
3140,51,40,2421,True,False,False
3141,51,41,2422,True,True,False
3142,51,42,2423,False,False,False
3143,51,43,2424,True,False,False
3144,51,44,2425,True,False,False
3145,51,45,2426,False,False,False
3146,51,46,2427,False,True,False
3147,51,47,2428,False,False,False
3148,51,48,2429,True,False,False
3149,51,49,2430,True,False,True
3150,51,50,2431,True,False,False
3151,51,51,2432,True,False,False
3152,51,52,2433,True,True,False
3153,51,53,2434,True,True,False
3154,51,54,2435,False,True,False
3155,51,55,2436,False,True,False
3156,51,56,2437,False,True,False
3157,51,57,2438,True,True,False
3158,51,58,2439,True,False,False
3159,51,59,2440,False,True,False
3160,51,60,2441,True,True,False
3165,52,3,2442,True,False,False
3166,52,4,2443,True,False,False
3167,52,5,2444,False,False,False
3168,52,6,2445,False,False,False
3169,52,7,2446,False,True,False
3170,52,8,2447,False,True,False
3171,52,9,2448,True,True,False
3172,52,10,2449,True,False,False
3173,52,11,2450,True,True,False
3174,52,12,2451,False,True,False
3175,52,13,2452,True,False,False
3176,52,14,2453,True,False,False
3177,52,15,2454,False,False,False
3178,52,16,2455,True,False,False
3179,52,17,2456,True,False,False
3180,52,18,2457,False,True,False
3181,52,19,2458,False,False,False
3182,52,20,2459,True,False,False
3183,52,21,2460,True,False,False
3184,52,22,2461,True,False,False
3185,52,23,2462,True,True,False
3186,52,24,2463,True,True,False
3187,52,25,2464,True,False,False
3188,52,26,2465,True,False,False
3189,52,27,2466,True,False,False
3190,52,28,2467,True,True,False
3191,52,29,2468,True,True,False
3192,52,30,2469,True,True,False
3193,52,31,2470,True,True,False
3194,52,32,2471,False,False,False
3195,52,33,2472,True,True,True
3196,52,34,2473,True,True,False
3197,52,35,2474,False,True,False
3198,52,36,2475,False,True,False
3199,52,37,2476,True,False,False
3200,52,38,2477,False,False,False
3201,52,39,2478,False,False,False
3202,52,40,2479,False,False,False
3203,52,41,2480,True,True,False
3204,52,42,2481,True,True,False
3205,52,43,2482,True,False,False
3206,52,44,2483,False,False,False
3207,52,45,2484,False,False,False
3208,52,46,2485,False,True,False
3209,52,47,2486,True,False,False
3210,52,48,2487,True,False,True
3211,52,49,2488,True,False,True
3212,52,50,2489,False,False,False
3213,52,51,2490,True,False,False
3214,52,52,2491,True,True,False
3215,52,53,2492,False,True,False
3216,52,54,2493,False,True,False
3217,52,55,2494,False,True,False
3218,52,56,2495,True,True,False
3219,52,57,2496,True,True,False
3220,52,58,2497,True,False,False
3221,52,59,2498,True,True,False
3222,52,60,2499,False,True,False
3227,53,3,2500,True,False,False
3228,53,4,2501,True,False,False
3229,53,5,2502,True,False,False
3230,53,6,2503,False,False,False
3231,53,7,2504,False,False,False
3232,53,8,2505,False,True,False
3233,53,9,2506,True,True,False
3234,53,10,2507,False,False,False
3235,53,11,2508,True,True,False
3236,53,12,2509,True,False,False
3237,53,13,2510,True,False,False
3238,53,14,2511,True,False,False
3239,53,15,2512,True,False,False
3240,53,16,2513,True,True,False
3241,53,17,2514,False,True,False
3242,53,18,2515,False,True,False
3243,53,19,2516,False,False,False
3244,53,20,2517,True,True,False
3245,53,21,2518,True,True,False
3246,53,22,2519,True,True,False
3247,53,23,2520,True,True,False
3248,53,24,2521,True,False,False
3249,53,25,2522,False,False,False
3250,53,26,2523,False,False,False
3251,53,27,2524,True,False,False
3252,53,28,2525,False,True,False
3253,53,29,2526,False,False,False
3254,53,30,2527,True,True,False
3255,53,31,2528,True,True,False
3256,53,32,2529,True,True,False
3257,53,33,2530,False,True,True
3258,53,34,2531,True,True,True
3259,53,35,2532,True,True,False
3260,53,36,2533,True,False,False
3261,53,37,2534,True,False,False
3262,53,38,2535,True,False,False
3263,53,39,2536,False,False,False
3264,53,40,2537,False,False,False
3265,53,41,2538,False,False,False
3266,53,42,2539,True,True,False
3267,53,43,2540,True,False,False
3268,53,44,2541,True,False,False
3269,53,45,2542,False,False,False
3270,53,46,2543,True,True,False
3271,53,47,2544,True,False,True
3272,53,48,2545,False,False,True
3273,53,49,2546,False,False,False
3274,53,50,2547,False,False,False
3275,53,51,2548,True,True,False
3276,53,52,2549,True,True,False
3277,53,53,2550,False,False,False
3278,53,54,2551,False,False,False
3279,53,55,2552,True,True,False
3280,53,56,2553,True,True,False
3281,53,57,2554,True,False,False
3282,53,58,2555,True,False,False
3283,53,59,2556,True,False,False
3288,54,2,2557,False,False,False
3289,54,3,2558,False,False,False
3290,54,4,2559,True,False,False
3291,54,5,2560,True,False,False
3292,54,6,2561,True,True,False
3293,54,7,2562,True,True,False
3294,54,8,2563,True,True,False
3295,54,9,2564,True,True,False
3296,54,10,2565,True,True,False
3297,54,11,2566,True,False,False
3298,54,12,2567,True,False,False
3299,54,13,2568,True,False,False
3300,54,14,2569,True,False,False
3301,54,15,2570,True,False,False
3302,54,16,2571,True,False,False
3303,54,17,2572,True,True,False
3304,54,18,2573,True,True,False
3305,54,19,2574,True,False,False
3306,54,20,2575,True,False,False
3307,54,21,2576,False,True,False
3308,54,22,2577,False,True,False
3309,54,23,2578,False,False,False
3310,54,24,2579,True,False,False
3311,54,25,2580,True,False,False
3312,54,26,2581,False,False,False
3313,54,27,2582,True,True,False
3314,54,28,2583,False,True,False
3315,54,29,2584,False,False,False
3316,54,30,2585,True,True,False
3317,54,31,2586,False,False,False
3318,54,32,2587,True,False,False
3319,54,33,2588,True,True,False
3320,54,34,2589,True,True,True
3321,54,35,2590,True,True,False
3322,54,36,2591,True,False,False
3323,54,37,2592,True,False,False
3324,54,38,2593,True,False,False
3325,54,39,2594,True,False,False
3326,54,40,2595,True,False,False
3327,54,41,2596,False,False,False
3328,54,42,2597,True,True,False
3329,54,43,2598,True,False,False
3330,54,44,2599,True,False,False
3331,54,45,2600,True,False,False
3332,54,46,2601,True,True,True
3333,54,47,2602,False,True,True
3334,54,48,2603,False,True,False
3335,54,49,2604,False,True,False
3336,54,50,2605,False,False,False
3337,54,51,2606,True,True,False
3338,54,52,2607,True,False,False
3339,54,53,2608,True,False,False
3340,54,54,2609,False,False,False
3341,54,55,2610,True,True,False
3342,54,56,2611,False,False,False
3343,54,57,2612,False,False,False
3344,54,58,2613,False,False,False
3345,54,59,2614,False,False,False
3350,55,2,2615,False,False,False
3351,55,3,2616,False,False,False
3352,55,4,2617,False,False,False
3353,55,5,2618,False,False,False
3354,55,6,2619,False,True,False
3355,55,7,2620,False,True,False
3356,55,8,2621,True,True,False
3357,55,9,2622,False,False,False
3358,55,10,2623,True,True,False
3359,55,11,2624,True,True,False
3360,55,12,2625,False,False,False
3361,55,13,2626,False,False,False
3362,55,14,2627,False,False,False
3363,55,15,2628,False,False,False
3364,55,16,2629,True,False,False
3365,55,17,2630,True,True,False
3366,55,18,2631,True,False,False
3367,55,19,2632,True,False,False
3368,55,20,2633,True,True,False
3369,55,21,2634,False,True,False
3370,55,22,2635,True,False,False
3371,55,23,2636,False,False,False
3372,55,24,2637,True,False,False
3373,55,25,2638,True,False,False
3374,55,26,2639,False,False,False
3375,55,27,2640,True,True,False
3376,55,28,2641,False,False,False
3377,55,29,2642,False,False,False
3378,55,30,2643,True,True,False
3379,55,31,2644,False,False,False
3380,55,32,2645,False,False,False
3381,55,33,2646,True,True,False
3382,55,34,2647,True,True,True
3383,55,35,2648,True,True,True
3384,55,36,2649,True,False,False
3385,55,37,2650,False,False,True
3386,55,38,2651,False,False,True
3387,55,39,2652,False,False,True
3388,55,40,2653,True,False,True
3389,55,41,2654,True,False,False
3390,55,42,2655,True,True,False
3391,55,43,2656,True,True,False
3392,55,44,2657,True,False,True
3393,55,45,2658,True,True,True
3394,55,46,2659,True,True,True
3395,55,47,2660,False,True,False
3396,55,48,2661,False,False,False
3397,55,49,2662,False,True,False
3398,55,50,2663,True,True,False
3399,55,51,2664,True,True,False
3400,55,52,2665,False,False,False
3401,55,53,2666,True,False,False
3402,55,54,2667,True,False,False
3403,55,55,2668,True,True,False
3404,55,56,2669,False,False,False
3405,55,57,2670,False,False,False
3406,55,58,2671,False,False,False
3412,56,2,2672,False,False,False
3413,56,3,2673,False,False,False
3414,56,4,2674,False,False,False
3415,56,5,2675,False,False,False
3416,56,6,2676,True,True,False
3417,56,7,2677,True,True,False
3418,56,8,2678,True,False,False
3419,56,9,2679,True,False,False
3420,56,10,2680,True,False,False
3421,56,11,2681,True,True,False
3422,56,12,2682,True,True,False
3423,56,13,2683,False,False,False
3424,56,14,2684,False,False,False
3425,56,15,2685,True,False,False
3426,56,16,2686,True,False,False
3427,56,17,2687,True,True,False
3428,56,18,2688,True,False,False
3429,56,19,2689,False,True,False
3430,56,20,2690,True,True,False
3431,56,21,2691,True,False,False
3432,56,22,2692,True,False,False
3433,56,23,2693,True,False,False
3434,56,24,2694,True,True,False
3435,56,25,2695,True,True,False
3436,56,26,2696,True,True,False
3437,56,27,2697,True,True,False
3438,56,28,2698,False,False,False
3439,56,29,2699,False,False,False
3440,56,30,2700,True,True,False
3441,56,31,2701,False,False,False
3442,56,32,2702,False,True,False
3443,56,33,2703,True,True,False
3444,56,34,2704,True,False,False
3445,56,35,2705,True,True,True
3446,56,36,2706,True,True,True
3447,56,37,2707,False,False,True
3448,56,38,2708,False,False,False
3449,56,39,2709,False,False,False
3450,56,40,2710,False,False,True
3451,56,41,2711,False,False,True
3452,56,42,2712,True,False,True
3453,56,43,2713,False,True,True
3454,56,44,2714,True,True,True
3455,56,45,2715,False,True,False
3456,56,46,2716,True,True,False
3457,56,47,2717,True,True,False
3458,56,48,2718,True,True,False
3459,56,49,2719,True,True,False
3460,56,50,2720,True,False,False
3461,56,51,2721,True,True,False
3462,56,52,2722,False,False,False
3463,56,53,2723,False,True,False
3464,56,54,2724,True,True,False
3465,56,55,2725,False,True,False
3466,56,56,2726,False,False,False
3467,56,57,2727,False,False,False
3468,56,58,2728,False,False,False
3474,57,2,2729,False,False,False
3475,57,3,2730,False,False,False
3476,57,4,2731,True,False,False
3477,57,5,2732,True,True,False
3478,57,6,2733,True,True,False
3479,57,7,2734,True,False,False
3480,57,8,2735,True,False,False
3481,57,9,2736,True,False,False
3482,57,10,2737,False,False,False
3483,57,11,2738,False,False,False
3484,57,12,2739,True,True,False
3485,57,13,2740,True,True,False
3486,57,14,2741,False,False,False
3487,57,15,2742,True,False,False
3488,57,16,2743,True,False,False
3489,57,17,2744,False,True,False
3490,57,18,2745,True,False,False
3491,57,19,2746,True,True,False
3492,57,20,2747,False,False,False
3493,57,21,2748,False,False,False
3494,57,22,2749,False,False,False
3495,57,23,2750,False,False,False
3496,57,24,2751,True,False,False
3497,57,25,2752,False,False,False
3498,57,26,2753,False,False,False
3499,57,27,2754,True,True,False
3500,57,28,2755,True,True,False
3501,57,29,2756,True,True,False
3502,57,30,2757,True,True,False
3503,57,31,2758,False,True,False
3504,57,32,2759,False,True,False
3505,57,33,2760,True,False,False
3506,57,34,2761,False,False,False
3507,57,35,2762,True,False,False
3508,57,36,2763,True,True,False
3509,57,37,2764,False,False,False
3510,57,38,2765,False,False,False
3511,57,39,2766,False,False,False
3512,57,40,2767,False,False,False
3513,57,41,2768,True,False,False
3514,57,42,2769,True,False,False
3515,57,43,2770,False,False,False
3516,57,44,2771,True,True,False
3517,57,45,2772,False,True,False
3518,57,46,2773,False,False,False
3519,57,47,2774,False,True,False
3520,57,48,2775,False,False,False
3521,57,49,2776,True,True,False
3522,57,50,2777,True,True,False
3523,57,51,2778,True,True,False
3524,57,52,2779,False,True,False
3525,57,53,2780,False,True,False
3526,57,54,2781,True,True,False
3527,57,55,2782,True,True,False
3528,57,56,2783,True,False,False
3529,57,57,2784,True,False,False
3530,57,58,2785,True,False,False
3536,58,2,2786,True,False,False
3537,58,3,2787,True,True,False
3538,58,4,2788,True,True,False
3539,58,5,2789,False,True,False
3540,58,6,2790,False,True,False
3541,58,7,2791,False,True,False
3542,58,8,2792,True,True,False
3543,58,9,2793,False,False,False
3544,58,10,2794,False,False,False
3545,58,11,2795,False,False,False
3546,58,12,2796,False,False,False
3547,58,13,2797,True,True,False
3548,58,14,2798,True,True,False
3549,58,15,2799,True,False,False
3550,58,16,2800,True,False,False
3551,58,17,2801,False,True,False
3552,58,18,2802,False,True,False
3553,58,19,2803,True,True,False
3554,58,20,2804,True,False,False
3555,58,21,2805,False,False,False
3556,58,22,2806,False,False,False
3557,58,23,2807,False,False,False
3558,58,24,2808,True,False,False
3559,58,25,2809,False,False,False
3560,58,26,2810,False,True,False
3561,58,27,2811,False,True,False
3562,58,28,2812,True,False,False
3563,58,29,2813,True,True,False
3564,58,30,2814,True,True,False
3565,58,31,2815,True,False,False
3566,58,32,2816,False,False,False
3567,58,33,2817,True,False,False
3568,58,34,2818,False,False,False
3569,58,35,2819,False,False,False
3570,58,36,2820,True,True,False
3571,58,37,2821,False,True,False
3572,58,38,2822,False,False,False
3573,58,39,2823,False,False,False
3574,58,40,2824,False,False,False
3575,58,41,2825,True,False,False
3576,58,42,2826,False,True,False
3577,58,43,2827,False,True,False
3578,58,44,2828,True,True,False
3579,58,45,2829,True,True,False
3580,58,46,2830,False,True,False
3581,58,47,2831,False,True,False
3582,58,48,2832,False,False,False
3583,58,49,2833,True,True,False
3584,58,50,2834,True,True,False
3585,58,51,2835,True,True,False
3586,58,52,2836,True,True,False
3587,58,53,2837,True,True,False
3588,58,54,2838,True,False,False
3589,58,55,2839,True,True,False
3590,58,56,2840,True,True,False
3591,58,57,2841,False,False,False
3592,58,58,2842,True,False,False
3593,58,59,2843,False,False,False
3598,59,2,2844,False,True,False
3599,59,3,2845,False,True,False
3600,59,4,2846,False,False,False
3601,59,5,2847,False,False,False
3602,59,6,2848,True,False,False
3603,59,7,2849,True,False,False
3604,59,8,2850,True,True,False
3605,59,9,2851,True,True,False
3606,59,10,2852,True,False,False
3607,59,11,2853,True,False,False
3608,59,12,2854,True,False,False
3609,59,13,2855,False,False,False
3610,59,14,2856,True,True,False
3611,59,15,2857,True,True,False
3612,59,16,2858,False,False,False
3613,59,17,2859,False,True,False
3614,59,18,2860,False,True,False
3615,59,19,2861,False,False,False
3616,59,20,2862,True,False,False
3617,59,21,2863,False,False,False
3618,59,22,2864,False,False,False
3619,59,23,2865,False,False,False
3620,59,24,2866,True,False,False
3621,59,25,2867,False,True,False
3622,59,26,2868,True,True,False
3623,59,27,2869,False,False,False
3624,59,28,2870,True,False,False
3625,59,29,2871,False,True,False
3626,59,30,2872,False,True,False
3627,59,31,2873,True,False,False
3628,59,32,2874,True,False,False
3629,59,33,2875,True,False,False
3630,59,34,2876,True,False,False
3631,59,35,2877,False,False,False
3632,59,36,2878,True,False,False
3633,59,37,2879,True,True,False
3634,59,38,2880,True,True,False
3635,59,39,2881,True,True,False
3636,59,40,2882,True,True,False
3637,59,41,2883,True,True,False
3638,59,42,2884,True,True,False
3639,59,43,2885,True,False,False
3640,59,44,2886,True,False,False
3641,59,45,2887,True,True,False
3642,59,46,2888,True,True,False
3643,59,47,2889,True,False,False
3644,59,48,2890,True,False,False
3645,59,49,2891,True,False,False
3646,59,50,2892,True,True,False
3647,59,51,2893,True,True,False
3648,59,52,2894,False,False,False
3649,59,53,2895,True,False,False
3650,59,54,2896,True,False,False
3651,59,55,2897,False,False,False
3652,59,56,2898,True,True,False
3653,59,57,2899,False,False,False
3654,59,58,2900,False,False,False
3655,59,59,2901,False,False,False
3661,60,3,2902,False,False,False
3662,60,4,2903,True,False,False
3663,60,5,2904,True,False,False
3664,60,6,2905,True,False,False
3665,60,7,2906,False,False,False
3666,60,8,2907,False,False,False
3667,60,9,2908,False,True,False
3668,60,10,2909,False,False,False
3669,60,11,2910,False,False,False
3670,60,12,2911,True,False,False
3671,60,13,2912,True,False,False
3672,60,14,2913,True,True,False
3673,60,15,2914,True,True,False
3674,60,16,2915,False,True,False
3675,60,17,2916,False,True,False
3676,60,18,2917,False,True,False
3677,60,19,2918,False,False,False
3678,60,20,2919,True,False,False
3679,60,21,2920,True,False,False
3680,60,22,2921,True,False,False
3681,60,23,2922,True,False,False
3682,60,24,2923,True,True,False
3683,60,25,2924,True,True,False
3684,60,26,2925,True,False,False
3685,60,27,2926,True,False,False
3686,60,28,2927,True,True,False
3687,60,29,2928,True,True,False
3688,60,30,2929,True,True,False
3689,60,31,2930,True,True,False
3690,60,32,2931,False,False,False
3691,60,33,2932,False,False,False
3692,60,34,2933,True,True,False
3693,60,35,2934,True,True,False
3694,60,36,2935,True,False,False
3695,60,37,2936,True,True,False
3696,60,38,2937,False,True,False
3697,60,39,2938,False,False,False
3698,60,40,2939,False,False,False
3699,60,41,2940,False,False,False
3700,60,42,2941,False,False,False
3701,60,43,2942,True,False,False
3702,60,44,2943,True,False,False
3703,60,45,2944,False,True,False
3704,60,46,2945,True,True,False
3705,60,47,2946,True,True,False
3706,60,48,2947,False,False,False
3707,60,49,2948,False,False,False
3708,60,50,2949,True,True,False
3709,60,51,2950,True,False,False
3710,60,52,2951,False,False,False
3711,60,53,2952,False,False,False
3712,60,54,2953,False,False,False
3713,60,55,2954,False,False,False
3714,60,56,2955,True,True,False
3715,60,57,2956,False,False,False
3716,60,58,2957,False,True,False
3717,60,59,2958,False,True,False
3725,61,5,2959,False,False,False
3726,61,6,2960,False,False,False
3727,61,7,2961,False,False,False
3728,61,8,2962,False,False,False
3729,61,9,2963,False,True,False
3730,61,10,2964,False,True,False
3731,61,11,2965,False,True,False
3732,61,12,2966,False,True,False
3733,61,13,2967,True,True,False
3734,61,14,2968,True,True,False
3735,61,15,2969,True,True,False
3736,61,16,2970,True,False,False
3737,61,17,2971,False,True,False
3738,61,18,2972,True,True,False
3739,61,19,2973,True,True,False
3740,61,20,2974,True,True,False
3741,61,21,2975,True,False,False
3742,61,22,2976,False,False,False
3743,61,23,2977,False,True,False
3744,61,24,2978,False,True,False
3745,61,25,2979,False,False,False
3746,61,26,2980,False,False,False
3747,61,27,2981,False,False,False
3748,61,28,2982,True,True,False
3749,61,29,2983,False,False,False
3750,61,30,2984,False,False,False
3751,61,31,2985,True,True,False
3752,61,32,2986,False,True,False
3753,61,33,2987,False,True,False
3754,61,34,2988,False,True,False
3755,61,35,2989,False,False,False
3756,61,36,2990,True,False,False
3757,61,37,2991,True,True,False
3758,61,38,2992,False,False,False
3759,61,39,2993,False,False,False
3760,61,40,2994,False,False,False
3761,61,41,2995,False,False,False
3762,61,42,2996,False,False,False
3763,61,43,2997,True,False,False
3764,61,44,2998,False,False,False
3765,61,45,2999,False,True,False
3766,61,46,3000,False,False,False
3767,61,47,3001,True,True,False
3768,61,48,3002,True,True,False
3769,61,49,3003,True,False,False
3770,61,50,3004,True,True,False
3771,61,51,3005,False,False,False
3772,61,52,3006,False,False,False
3773,61,53,3007,False,False,False
3774,61,54,3008,False,False,False
3775,61,55,3009,False,False,False
3776,61,56,3010,True,True,False
3777,61,57,3011,False,True,False
3778,61,58,3012,False,True,False
3779,61,59,3013,False,False,False
3789,62,7,3014,False,False,False
3790,62,8,3015,False,False,False
3791,62,9,3016,False,False,False
3792,62,10,3017,False,False,False
3793,62,11,3018,True,True,False
3794,62,12,3019,True,True,False
3795,62,13,3020,True,False,False
3796,62,14,3021,False,False,False
3797,62,15,3022,True,True,False
3798,62,16,3023,True,True,False
3799,62,17,3024,True,False,False
3800,62,18,3025,True,False,False
3801,62,19,3026,True,False,False
3802,62,20,3027,True,True,False
3803,62,21,3028,True,True,False
3804,62,22,3029,False,True,False
3805,62,23,3030,False,True,False
3806,62,24,3031,False,False,False
3807,62,25,3032,False,False,False
3808,62,26,3033,True,False,False
3809,62,27,3034,True,False,False
3810,62,28,3035,True,True,False
3811,62,29,3036,False,False,False
3812,62,30,3037,True,False,False
3813,62,31,3038,True,False,False
3814,62,32,3039,False,True,False
3815,62,33,3040,False,False,False
3816,62,34,3041,False,False,False
3817,62,35,3042,False,False,False
3818,62,36,3043,True,False,False
3819,62,37,3044,True,True,False
3820,62,38,3045,True,False,False
3821,62,39,3046,False,False,False
3822,62,40,3047,False,False,False
3823,62,41,3048,False,False,False
3824,62,42,3049,False,False,False
3825,62,43,3050,True,False,False
3826,62,44,3051,False,True,False
3827,62,45,3052,False,True,False
3828,62,46,3053,False,False,False
3829,62,47,3054,False,False,False
3830,62,48,3055,True,True,False
3831,62,49,3056,True,True,False
3832,62,50,3057,True,True,False
3833,62,51,3058,False,False,False
3834,62,52,3059,False,False,False
3835,62,53,3060,False,False,False
3836,62,54,3061,True,False,False
3837,62,55,3062,True,False,False
3838,62,56,3063,True,False,False
3839,62,57,3064,True,False,False
3840,62,58,3065,False,False,False
3841,62,59,3066,False,False,False
3842,62,60,3067,False,False,False
3853,63,9,3068,False,False,False
3854,63,10,3069,False,True,False
3855,63,11,3070,True,True,False
3856,63,12,3071,False,True,False
3857,63,13,3072,False,False,False
3858,63,14,3073,False,False,False
3859,63,15,3074,True,True,False
3860,63,16,3075,False,True,False
3861,63,17,3076,False,False,False
3862,63,18,3077,False,False,False
3863,63,19,3078,False,False,False
3864,63,20,3079,False,False,False
3865,63,21,3080,True,True,False
3866,63,22,3081,True,True,False
3867,63,23,3082,False,False,False
3868,63,24,3083,False,False,False
3869,63,25,3084,False,False,False
3869,63,25,3085,False,False,False
3870,63,26,3086,False,False,False
3871,63,27,3087,True,False,False
3872,63,28,3088,False,True,False
3873,63,29,3089,False,False,False
3874,63,30,3090,True,False,False
3875,63,31,3091,False,False,False
3876,63,32,3092,False,False,False
3877,63,33,3093,False,False,False
3878,63,34,3094,False,False,False
3879,63,35,3095,False,False,False
3880,63,36,3096,True,False,False
3881,63,37,3097,True,True,False
3882,63,38,3098,True,True,False
3883,63,39,3099,False,False,False
3884,63,40,3100,False,False,False
3885,63,41,3101,False,False,False
3886,63,42,3102,True,False,False
3887,63,43,3103,True,False,False
3888,63,44,3104,False,True,False
3889,63,45,3105,False,False,False
3890,63,46,3106,False,False,False
3891,63,47,3107,False,False,False
3892,63,48,3108,False,False,False
3893,63,49,3109,True,False,False
3894,63,50,3110,True,True,False
3895,63,51,3111,True,False,False
3896,63,52,3112,False,False,False
3897,63,53,3113,True,False,False
3898,63,54,3114,True,False,False
3899,63,55,3115,False,False,False
3900,63,56,3116,True,False,False
3901,63,57,3117,True,False,False
3902,63,58,3118,False,False,False
3903,63,59,3119,False,False,False
3904,63,60,3120,False,False,False
3917,64,11,3121,False,False,False
3918,64,12,3122,False,False,False
3919,64,13,3123,False,False,False
3920,64,14,3124,False,False,False
3921,64,15,3125,True,True,False
3922,64,16,3126,False,False,False
3923,64,17,3127,False,False,False
3924,64,18,3128,False,True,False
3925,64,19,3129,False,True,False
3926,64,20,3130,False,True,False
3927,64,21,3131,False,True,False
3928,64,22,3132,False,False,False
3929,64,23,3133,False,False,False
3931,64,25,3134,False,False,False
3932,64,26,3135,False,False,False
3933,64,27,3136,True,True,False
3934,64,28,3137,False,True,False
3935,64,29,3138,False,False,False
3936,64,30,3139,True,False,False
3937,64,31,3140,False,False,False
3938,64,32,3141,False,False,False
3939,64,33,3142,False,False,False
3940,64,34,3143,True,False,False
3941,64,35,3144,True,False,False
3942,64,36,3145,True,False,False
3943,64,37,3146,True,True,False
3944,64,38,3147,True,True,False
3945,64,39,3148,True,False,False
3946,64,40,3149,False,False,False
3947,64,41,3150,False,False,False
3948,64,42,3151,True,True,False
3949,64,43,3152,False,True,False
3950,64,44,3153,False,True,False
3951,64,45,3154,False,False,False
3952,64,46,3155,False,False,False
3953,64,47,3156,False,False,False
3954,64,48,3157,False,False,False
3955,64,49,3158,False,False,False
3956,64,50,3159,True,True,False
3957,64,51,3160,True,True,False
3958,64,52,3161,True,True,False
3959,64,53,3162,True,True,False
3960,64,54,3163,False,False,False
3961,64,55,3164,False,False,False
3962,64,56,3165,True,False,False
3963,64,57,3166,True,False,False
3964,64,58,3167,False,False,False
3965,64,59,3168,False,False,False
3966,64,60,3169,False,False,False
3981,65,13,3170,False,False,False
3982,65,14,3171,False,False,False
3983,65,15,3172,True,True,False
3984,65,16,3173,False,False,False
3985,65,17,3174,False,True,False
3986,65,18,3175,False,True,False
3987,65,19,3176,False,False,False
3988,65,20,3177,False,False,False
3989,65,21,3178,False,False,False
3990,65,22,3179,False,False,False
3994,65,26,3180,True,False,False
3995,65,27,3181,True,True,False
3996,65,28,3182,False,True,False
3997,65,29,3183,False,False,False
3998,65,30,3184,True,False,False
3999,65,31,3185,False,False,False
4000,65,32,3186,False,False,False
4001,65,33,3187,True,False,False
4002,65,34,3188,True,False,False
4003,65,35,3189,False,False,False
4004,65,36,3190,False,False,False
4005,65,37,3191,True,True,False
4006,65,38,3192,False,True,False
4007,65,39,3193,True,True,False
4008,65,40,3194,True,True,False
4009,65,41,3195,True,True,False
4010,65,42,3196,True,True,False
4011,65,43,3197,False,False,False
4012,65,44,3198,False,True,False
4013,65,45,3199,False,True,False
4014,65,46,3200,False,False,False
4015,65,47,3201,False,False,False
4016,65,48,3202,False,False,False
4017,65,49,3203,False,True,False
4018,65,50,3204,True,True,False
4019,65,51,3205,True,True,False
4020,65,52,3206,True,True,False
4021,65,53,3207,True,True,False
4022,65,54,3208,True,True,False
4023,65,55,3209,True,False,False
4024,65,56,3210,False,False,False
4025,65,57,3211,False,False,False
4026,65,58,3212,False,False,False
4027,65,59,3213,False,False,False
4028,65,60,3214,False,False,False
4029,65,61,3215,False,False,False
4045,66,15,3216,False,False,False
4046,66,16,3217,False,False,False
4047,66,17,3218,False,True,False
4048,66,18,3219,False,False,False
4049,66,19,3220,False,False,False
4050,66,20,3221,False,False,False
4051,66,21,3222,False,False,False
4057,66,27,3223,True,True,False
4058,66,28,3224,False,False,False
4059,66,29,3225,False,False,False
4060,66,30,3226,True,False,False
4061,66,31,3227,False,False,False
4062,66,32,3228,True,False,False
4063,66,33,3229,True,False,False
4064,66,34,3230,False,False,False
4065,66,35,3231,False,False,False
4066,66,36,3232,False,False,False
4067,66,37,3233,True,True,False
4068,66,38,3234,False,False,False
4069,66,39,3235,False,False,False
4070,66,40,3236,False,False,False
4071,66,41,3237,True,True,False
4072,66,42,3238,True,True,False
4073,66,43,3239,False,False,False
4074,66,44,3240,False,False,False
4075,66,45,3241,False,True,False
4076,66,46,3242,False,False,False
4077,66,47,3243,False,False,False
4078,66,48,3244,False,True,False
4079,66,49,3245,False,True,False
4080,66,50,3246,True,False,False
4081,66,51,3247,True,False,False
4082,66,52,3248,True,True,False
4083,66,53,3249,False,False,False
4084,66,54,3250,False,False,False
4089,66,59,3251,False,False,False
4090,66,60,3252,False,False,False
4091,66,61,3253,False,False,False
4111,67,19,3254,False,False,False
4120,67,28,3255,False,False,False
4121,67,29,3256,False,False,False
4122,67,30,3257,False,False,False
4123,67,31,3258,False,False,False
4124,67,32,3259,True,False,False
4125,67,33,3260,False,True,False
4126,67,34,3261,False,True,False
4127,67,35,3262,False,True,False
4128,67,36,3263,False,True,False
4129,67,37,3264,True,True,False
4130,67,38,3265,False,False,False
4131,67,39,3266,False,False,False
4132,67,40,3267,False,False,False
4133,67,41,3268,True,True,False
4134,67,42,3269,True,True,False
4135,67,43,3270,True,False,False
4136,67,44,3271,True,False,False
4137,67,45,3272,False,True,False
4138,67,46,3273,False,False,False
4139,67,47,3274,False,False,False
4140,67,48,3275,False,True,False
4141,67,49,3276,False,False,False
4142,67,50,3277,True,False,False
4143,67,51,3278,False,False,False
4144,67,52,3279,True,True,False
4188,68,34,3280,False,False,False
4189,68,35,3281,False,False,False
4190,68,36,3282,True,True,False
4191,68,37,3283,True,True,False
4192,68,38,3284,False,False,False
4193,68,39,3285,False,False,False
4194,68,40,3286,False,False,False
4195,68,41,3287,True,True,False
4196,68,42,3288,False,False,False
4197,68,43,3289,False,False,False
4198,68,44,3290,True,False,False
4199,68,45,3291,True,True,False
4200,68,46,3292,True,False,False
4201,68,47,3293,False,True,False
4202,68,48,3294,True,True,False
4203,68,49,3295,True,False,False
4204,68,50,3296,True,False,False
4205,68,51,3297,False,False,False
4252,69,36,3298,True,True,False
4253,69,37,3299,False,False,False
4254,69,38,3300,False,False,False
4255,69,39,3301,False,False,False
4256,69,40,3302,False,False,False
4257,69,41,3303,True,True,False
4258,69,42,3304,False,False,False
4259,69,43,3305,False,False,False
4260,69,44,3306,False,False,False
4261,69,45,3307,False,True,False
4262,69,46,3308,True,True,False
4263,69,47,3309,True,True,False
4264,69,48,3310,True,False,False
4265,69,49,3311,True,False,False
4315,70,37,3312,False,False,False
4316,70,38,3313,False,False,False
4317,70,39,3314,False,False,False
4318,70,40,3315,True,True,False
4319,70,41,3316,True,True,False
4320,70,42,3317,False,False,False
4321,70,43,3318,False,False,False
4322,70,44,3319,False,False,False
4323,70,45,3320,True,True,False
4324,70,46,3321,True,True,False
4325,70,47,3322,True,True,False
4326,70,48,3323,False,False,False
4378,71,38,3324,False,False,False
4379,71,39,3325,True,True,False
4380,71,40,3326,True,True,False
4381,71,41,3327,False,False,False
4382,71,42,3328,False,False,False
4383,71,43,3329,False,False,False
4384,71,44,3330,False,True,False
4385,71,45,3331,True,True,False
4386,71,46,3332,False,False,False
4441,72,39,3333,True,True,False
4442,72,40,3334,False,False,False
4443,72,41,3335,False,False,False
4444,72,42,3336,False,False,False
4445,72,43,3337,False,False,False
4446,72,44,3338,False,True,False
4447,72,45,3339,True,False,False
