id,xIndex,yIndex,AUTO,xcoord,ycoord,BOOL_ROAD,BOOL_RAILWAY,BOOL_WATERCOURSE
8,1,8,1,1597398.4453241364,7182479.051289857,False,False,False
9,1,9,2,1596129.1416166557,7163665.726504302,True,True,False
10,1,10,3,1596978.6088509094,7138273.19765128,True,False,False
11,1,11,4,1597819.6442167219,7113115.350604822,False,False,False
12,1,12,5,1598638.8269524346,7088594.908812036,False,False,False
13,1,13,6,1599302.2956438074,7068723.886483794,True,True,False
16,1,16,7,1592140.305584614,6981704.3039898835,True,False,False
17,1,17,8,1586779.0315911733,6960472.1392934425,False,False,False
18,1,18,9,1583628.4081440186,6942901.107662618,False,False,False
49,2,7,10,1631304.7878722607,7200623.389864871,False,False,False
50,2,8,11,1621135.0170901064,7186009.1762145385,False,False,False
51,2,9,12,1618773.386171729,7161756.787616556,True,True,False
52,2,10,13,1617161.2588982175,7136355.17318378,True,True,False
53,2,11,14,1615561.5311211108,7111034.486535597,False,True,False
54,2,12,15,1613974.064730887,7085794.042862376,False,True,False
55,2,13,16,1612560.3930193554,7060745.877252493,True,True,False
56,2,14,17,1612869.623880509,7035899.366887937,True,True,False
57,2,15,18,1611637.6129799075,7009674.147309841,True,True,False
58,2,16,19,1607759.4364791594,6985604.518347251,True,True,False
59,2,17,20,1606215.9621183195,6960772.014040242,True,True,False
60,2,18,21,1605661.6925635953,6937827.000942813,True,True,False
61,2,19,22,1616052.3193434454,6922821.862415689,False,False,False
91,3,7,23,1649665.557930034,7203553.729333239,False,False,False
92,3,8,24,1645862.5926058716,7185590.09551345,False,False,False
93,3,9,25,1644156.9427614005,7160118.196348995,False,True,False
94,3,10,26,1642464.4517477783,7134727.788080813,True,True,False
95,3,11,27,1640784.9725220196,7109418.1802996015,True,True,False
96,3,12,28,1639118.3602451293,7084188.6900919825,True,True,False
97,3,13,29,1637464.47224114,7059038.641928991,True,True,False
98,3,14,30,1635823.167957063,7033967.367556563,True,False,False
99,3,15,31,1634194.3089237243,7008974.205888024,True,False,False
100,3,16,32,1632577.7587174624,6984058.502898494,True,False,False
101,3,17,33,1630973.3829226685,6959219.611521199,False,False,False
102,3,18,34,1629381.0490951468,6934456.891545626,True,True,False
103,3,19,35,1630512.13198304,6909767.280484627,True,True,False
104,3,20,36,1629091.0295639017,6884974.614492731,True,True,False
105,3,21,37,1627783.98047376,6860794.902031629,True,True,False
106,3,22,38,1632166.8943322087,6845689.666903337,False,False,False
109,3,25,39,1629936.9720418288,6753176.106274295,True,True,False
110,3,26,40,1629441.670093902,6747188.0123143215,True,False,False
132,4,6,41,1685794.8168015357,7221851.288637464,False,False,False
133,4,7,42,1674099.8900257794,7207333.709756379,False,False,False
134,4,8,43,1671317.088561807,7183859.88842296,False,False,False
135,4,9,44,1669530.573483912,7158399.869916669,False,False,False
136,4,10,45,1667757.8345895647,7133021.2069449825,False,True,False
137,4,11,46,1665998.71803866,7107723.211120986,True,True,False
138,4,12,47,1664253.0722951056,7082505.2015159875,True,True,False
139,4,13,48,1662520.7480840432,7057366.504548825,True,True,False
140,4,14,49,1660801.5983500218,7032306.453877194,True,True,False
141,4,15,50,1659095.4782160916,7007324.390290908,True,False,False
142,4,16,51,1657402.2449438032,6982419.661607106,True,False,False
143,4,17,52,1655721.7578940794,6957591.622567293,True,False,False
144,4,18,53,1654053.8784889458,6932839.634736249,True,True,False
145,4,19,54,1652398.4701740937,6908163.066402716,True,True,False
146,4,20,55,1650755.3983822574,6883561.292481841,False,True,False
147,4,21,56,1649124.5304973784,6859033.694419351,True,True,False
148,4,22,57,1648526.961861431,6834826.250484278,True,False,False
149,4,23,58,1646956.6937233822,6810037.633281858,False,True,False
150,4,24,59,1644864.482235343,6785766.029033054,True,True,False
151,4,25,60,1642819.4973646854,6761586.657267524,True,True,False
152,4,26,61,1643274.69878899,6739008.957943885,True,True,False
153,4,27,62,1648692.1794324515,6720450.475680686,True,False,False
174,5,6,63,1703337.134911593,7224529.060678651,False,False,False
175,5,7,64,1698642.8822485376,7207579.008423952,False,False,False
176,5,8,65,1696761.0702646587,7182049.506347102,False,True,False
177,5,9,66,1694893.8130192552,7156601.9121475965,False,True,False
178,5,10,67,1693040.9474608344,7131235.5320195975,True,True,False
179,5,11,68,1691202.3129867567,7105949.679687972,True,True,False
180,5,12,69,1689377.751397647,7080743.676296485,False,False,False
181,5,13,70,1687567.1068528204,7055616.850297949,True,True,False
182,5,14,71,1685770.2258266942,7030568.537346428,True,True,False
183,5,15,72,1683986.957066165,7005598.080191328,False,False,False
184,5,16,73,1682217.1515489188,6980704.828573384,True,False,False
185,5,17,74,1680460.662442659,6955888.139122524,True,False,False
186,5,18,75,1678717.3450652217,6931147.375257533,True,True,False
187,5,19,76,1676987.0568455597,6906481.90708747,True,False,False
188,5,20,77,1675269.6572855723,6881891.111314872,False,False,False
189,5,21,78,1673565.007922763,6857374.371140597,True,True,False
190,5,22,79,1671872.9722936929,6832931.07617041,True,True,False
191,5,23,80,1670193.415898227,6808560.6223231,True,True,False
192,5,24,81,1668526.2061645403,6784262.411740298,True,False,False
193,5,25,82,1666871.2124148686,6760035.852697779,False,True,False
194,5,26,83,1665228.3058319902,6735880.359518337,True,True,False
195,5,27,84,1664429.1364332552,6712457.382703188,True,False,False
196,5,28,85,1669216.2872392337,6689351.702069739,False,False,False
197,5,29,86,1669374.1711589203,6663524.013873358,True,True,False
198,5,30,87,1668198.3305727544,6639673.166076533,True,True,False
199,5,31,88,1667032.678760523,6615913.671619478,False,True,False
200,5,32,89,1666188.6037783728,6598395.686043372,False,False,False
216,6,6,90,1727211.7762426913,7228110.077721832,False,False,False
217,6,7,91,1724157.1145059313,7205675.445510205,True,True,False
218,6,8,92,1722194.068429056,7180159.05947763,False,True,False
219,6,9,93,1720246.197491944,7154724.431547143,True,False,False
220,6,10,94,1718313.3318163392,7129370.870155246,True,False,False
221,6,11,95,1716395.3040731049,7104097.691227291,False,False,False
222,6,12,96,1714491.94943482,7078904.21806655,True,True,False
223,6,13,97,1712603.1055294266,7053789.78124533,True,True,False
224,6,14,98,1710728.612394905,7028753.718498019,True,True,False
225,6,15,99,1708868.312434948,7003795.3746160595,False,True,False
226,6,16,100,1707022.0503756076,6978914.101344778,False,False,False
227,6,17,101,1705189.6732228901,6954109.25728205,True,False,False
228,6,18,102,1703371.0302212804,6929380.207778778,True,True,False
229,6,19,103,1701565.9728131604,6904726.324841083,True,True,False
230,6,20,104,1699774.354599113,6880146.987034253,False,False,False
231,6,21,105,1697996.0312990793,6855641.579388356,True,True,False
232,6,22,106,1696230.8607143508,6831209.493305507,False,True,False
233,6,23,107,1694478.7026903771,6806850.126468726,True,True,False
234,6,24,108,1692739.419080367,6782562.882752417,False,True,False
235,6,25,109,1691012.8737096665,6758347.172134342,True,True,False
236,6,26,110,1689298.9323408876,6734202.410609146,True,True,False
237,6,27,111,1687597.4626397765,6710128.020103364,True,True,False
238,6,28,112,1685908.334141802,6686123.428391862,False,True,False
239,6,29,113,1684231.4182194432,6662188.0690157125,True,True,False
240,6,30,114,1682566.58805016,6638321.381201454,True,True,False
241,6,31,115,1680913.7185850346,6614522.809781742,True,True,False
242,6,32,116,1680208.7620304595,6596274.290688302,True,True,False
257,7,5,117,1757977.7177544672,7245294.005120614,False,False,False
258,7,6,118,1751734.9660000852,7229258.118668219,False,False,False
259,7,7,119,1749659.7595719525,7203691.3863866115,True,True,False
260,7,8,120,1747615.6153051977,7178188.662729848,True,False,False
261,7,9,121,1745587.264533252,7152767.541273416,True,False,False
262,7,10,122,1743574.530589426,7127427.332785762,False,True,False
263,7,11,123,1741577.2394555607,7102167.355480644,False,True,False
264,7,12,124,1739595.2197128297,7076986.934907225,True,True,False
265,7,13,125,1737628.3024936325,7051885.403842097,False,False,False
266,7,14,126,1735676.3214345505,7026862.1021832675,True,True,False
267,7,15,127,1733739.1126303412,7001916.376846,False,True,False
268,7,16,128,1731816.5145889393,6977047.581660537,True,True,False
269,7,17,129,1729908.3681874417,6952255.077271615,True,True,False
270,7,18,130,1728014.516629053,6927538.231039752,False,True,False
271,7,19,131,1726134.8054009627,6902896.416944273,True,True,False
272,7,20,132,1724269.0822331351,6878329.015488018,True,True,False
273,7,21,133,1722417.1970579904,6853835.413603742,True,True,False
274,7,22,134,1720579.0019709421,6829415.004562112,True,False,False
275,7,23,135,1718754.3511917924,6805067.187881324,True,True,False
276,7,24,136,1716943.1010269385,6780791.369238254,True,True,False
277,7,25,137,1715145.1098323902,6756586.960381153,True,False,False
278,7,26,138,1713360.2379775671,6732453.379043859,True,True,False
279,7,27,139,1711588.3478098607,6708390.048861418,True,True,False
280,7,28,140,1709829.3036199417,6684396.399287218,False,False,False
281,7,29,141,1708082.971607795,6660471.865511459,True,True,False
282,7,30,142,1706349.2198494643,6636615.888381048,True,True,False
283,7,31,143,1704627.9182644873,6612827.914320835,False,True,False
284,7,32,144,1703622.0406617075,6592834.466030249,False,True,False
299,8,5,145,1780598.2079885702,7248530.09397149,False,False,False
300,8,6,146,1777292.0429253276,7227197.603868986,False,False,False
301,8,7,147,1775150.345864351,7201626.952528178,True,True,False
302,8,8,148,1773025.2447417318,7176138.43571639,True,True,False
303,8,9,149,1770916.5533429456,7150731.35911166,False,True,False
304,8,10,150,1768824.08825265,7125405.035903154,False,True,False
305,8,11,151,1766747.6688025566,7100158.786680242,False,False,False
306,8,12,152,1764687.1170204622,7074991.939323594,True,True,False
307,8,13,153,1762642.2575804119,7049903.828898165,True,True,False
308,8,14,154,1760612.9177539567,7024893.7975481525,True,True,False
309,8,15,155,1758598.9273624904,6999961.194393754,False,False,False
310,8,16,156,1756600.1187306207,6975105.375429793,True,True,False
311,8,17,157,1754616.326640568,6950325.703426118,False,True,False
312,8,18,158,1752647.3882875508,6925621.547829732,False,False,False
313,8,19,159,1750693.1432361372,6900992.284668673,True,True,False
314,8,20,160,1748753.4333775458,6876437.296457527,True,True,False
315,8,21,161,1746828.1028878565,6851955.972104641,True,True,False
316,8,22,162,1744916.998187126,6827547.706820856,True,True,False
317,8,23,163,1743019.967899371,6803211.902029917,True,True,False
318,8,24,164,1741136.8628134085,6778947.965280342,True,True,False
319,8,25,165,1739267.5358445223,6754755.310158855,True,True,False
320,8,26,166,1737411.841996945,6730633.356205256,True,True,False
321,8,27,167,1735569.6383271297,6706581.52882878,True,True,False
322,8,28,168,1733740.7839077904,6682599.259225856,True,True,False
323,8,29,169,1731925.1397926984,6658685.984299257,True,True,False
324,8,30,170,1730122.5689822114,6634841.146578619,True,True,False
325,8,31,171,1728332.9363895229,6611064.194142277,True,True,False
326,8,32,172,1727059.945952656,6589322.226194314,True,True,False
340,9,4,173,1813120.9856298976,7265764.492352954,False,False,False
341,9,5,174,1805259.5873499843,7250451.135294561,False,False,False
342,9,6,175,1802851.5315079857,7225038.001505822,True,True,False
343,9,7,176,1800628.4034934815,7199482.270150915,True,True,False
344,9,8,177,1798422.4922481067,7174008.502720011,False,True,False
345,9,9,178,1796233.6047505017,7148616.007447623,False,True,False
346,9,10,179,1794061.5508778812,7123304.100031605,False,False,False
347,9,11,180,1791906.1433521193,7098072.103523356,True,False,False
348,9,12,181,1789767.1976870387,7072919.34821989,True,True,False
349,9,13,182,1787644.532136859,7047845.171557873,True,False,False
350,9,14,183,1785537.967645784,7022848.918009529,False,True,False
351,9,15,184,1783447.3277986967,6997929.9389803875,True,False,False
352,9,16,185,1781372.4387729294,6973087.592708823,True,True,False
353,9,17,186,1779313.1292910902,6948321.244167359,False,True,False
354,9,18,187,1777269.2305749112,6923630.264965709,False,False,False
355,9,19,188,1775240.5763000948,6899014.033255496,True,True,False
356,9,20,189,1773227.002552137,6874471.933636627,True,False,False
357,9,21,190,1771228.3477830982,6850003.357065304,True,True,False
358,9,22,191,1769244.452769302,6825607.7007635925,True,True,False
359,9,23,192,1767275.1605699323,6801284.368130585,True,False,False
360,9,24,193,1765320.3164865186,6777032.7686550375,False,False,False
361,9,25,194,1763379.768023272,6752852.317829546,True,True,False
362,9,26,195,1761453.3648482666,6728742.437066154,True,False,False
363,9,27,196,1759540.9587554317,6704702.553613416,True,True,False
364,9,28,197,1757642.403627346,6680732.100474821,True,True,False
365,9,29,198,1755757.5553988076,6656830.516328651,True,True,False
366,9,30,199,1753886.2720211619,6632997.245449119,False,True,False
367,9,31,200,1752028.4134273762,6609231.7376288995,True,True,False
368,9,32,201,1750426.30341393,6585869.562202262,False,True,False
369,9,33,202,1758222.1750599095,6572580.056779427,False,False,False
382,10,4,203,1834326.4867857832,7268650.141398093,False,False,False
383,10,5,204,1830720.3115201872,7248420.483500763,True,True,False
384,10,6,205,1828397.8688670013,7222797.734913094,True,True,False
385,10,7,206,1826093.4643252378,7197257.470182976,True,False,False
386,10,8,207,1823806.8950563641,7171798.992665363,True,False,False
387,10,9,208,1821537.9612757815,7146421.61323996,False,True,False
388,10,10,209,1819286.4661958823,7121124.650200487,False,False,False
389,10,11,210,1817052.2159703819,7095907.429145933,True,True,False
390,10,12,211,1814835.0196398804,7070769.282873718,False,True,False
391,10,13,212,1812634.6890786258,7045709.551274777,True,False,False
392,10,14,213,1810451.0389424532,7020727.5812304625,True,True,False
393,10,15,214,1808283.8866178594,6995822.726511283,True,False,False
394,10,16,215,1806133.0521721942,6970994.347677413,False,True,False
395,10,17,216,1803998.3583049348,6946241.811980946,False,True,False
396,10,18,217,1801879.630300017,6921564.493269821,False,False,False
397,10,19,218,1799776.695979197,6896961.771893462,True,False,False
398,10,20,219,1797689.3856564187,6872433.034610017,True,False,False
399,10,21,220,1795617.532093158,6847977.674495203,False,True,False
400,10,22,221,1793560.9704547264,6823595.090852716,True,True,False
401,10,23,222,1791519.5382675012,6799284.689126191,False,True,False
402,10,24,223,1789493.0753770696,6775045.880812649,False,False,False
403,10,25,224,1787481.423907253,6750878.083377398,True,True,False
404,10,26,225,1785484.428220001,6726780.720170438,True,True,False
405,10,27,226,1783501.934876126,6702753.22034421,True,False,False
406,10,28,227,1781533.7925968608,6678795.018772774,True,True,False
407,10,29,228,1779579.852226218,6654905.555972323,True,True,False
408,10,30,229,1777639.9666941364,6631084.278023029,False,False,False
409,10,31,230,1775713.990980387,6607330.636492219,True,True,False
410,10,32,231,1773801.7820792282,6583644.088358791,True,True,False
411,10,33,232,1775008.54313045,6569956.90625555,True,True,False
423,11,3,233,1868554.5218891427,7285902.556106147,False,False,False
424,11,4,234,1859179.3074317926,7271127.345092532,False,False,False
425,11,5,235,1856334.7655333907,7246083.493687175,True,True,False
426,11,6,236,1853930.5832750986,7220476.941813933,True,False,False
427,11,7,237,1851545.0620434023,7194952.6882347595,False,False,False
428,11,8,238,1849177.9921823584,7169510.039089758,True,False,False
429,11,9,239,1846829.1671891436,7144148.307991691,True,True,False
430,11,10,240,1844498.3836553455,7118866.815916431,True,True,False
431,11,11,241,1842185.441209558,7093664.891095297,True,True,False
432,11,12,242,1839890.142461246,7068541.86890935,False,False,False
433,11,13,243,1837612.2929458485,7043497.091785553,True,True,False
434,11,14,244,1835351.7010710859,7018529.909094695,True,True,False
435,11,15,245,1833108.1780644467,6993639.677051167,False,True,False
436,11,16,246,1830881.5379218154,6968825.758614466,False,True,False
437,11,17,247,1828671.5973572205,6944087.523392394,False,True,False
438,11,18,248,1826478.1757536689,6919424.347545958,False,True,False
439,11,19,249,1824301.0951150411,6894835.613695909,True,False,False
440,11,20,250,1822140.1800190243,6870320.710830878,True,True,False
441,11,21,251,1819995.2575710523,6845879.0342171015,True,True,False
442,11,22,252,1817866.1573592273,6821509.98530969,True,True,False
443,11,23,253,1815752.7114102046,6797212.971665405,False,True,False
444,11,24,254,1813654.7541460113,6772987.406856922,True,True,False
445,11,25,255,1811572.1223417805,6748832.710388547,True,True,False
446,11,26,256,1809504.6550843697,6724748.307613344,False,True,False
447,11,27,257,1807452.1937318556,6700733.629651679,True,True,False
448,11,28,258,1805414.5818738714,6676788.11331111,True,True,False
449,11,29,259,1803391.6652927725,6652911.201007642,True,True,False
450,11,30,260,1801383.2919256117,6629102.340688242,True,True,False
451,11,31,261,1799389.3118268973,6605360.985754718,True,True,False
452,11,32,262,1797409.5771321238,6581686.594988787,True,True,False
453,11,33,263,1797203.4513595954,6566434.286903067,True,True,False
465,12,3,264,1888431.730115225,7288467.987390375,False,False,False
466,12,4,265,1884440.2143083864,7269338.183186952,True,True,False
467,12,5,266,1881934.9590399733,7243665.571354113,True,True,False
468,12,6,267,1879449.2049206265,7218075.764652983,False,True,False
469,12,7,268,1876982.7322113896,7192568.064568014,False,True,False
470,12,8,269,1874535.3244863853,7167141.780112986,True,True,False
471,12,9,270,1872106.7685709873,7141796.227720674,True,True,False
472,12,10,271,1869696.854481366,7116530.731134471,True,True,False
473,12,11,272,1867305.3753653748,7091344.621301917,True,True,False
474,12,12,273,1864932.1274447474,7066237.236270113,True,True,False
475,12,13,274,1862576.9099585589,7041207.921082962,True,True,False
476,12,14,275,1860239.5251079355,7016256.027680225,True,True,False
477,12,15,276,1857919.7780019664,6991380.914798282,True,True,False
478,12,16,277,1855617.4766047986,6966581.947872699,False,False,False
479,12,17,278,1853332.4316838773,6941858.4989424115,False,False,False
480,12,18,279,1851064.4567593052,6917209.946555588,False,True,False
481,12,19,280,1848813.368054296,6892635.675677123,True,True,False
482,12,20,281,1846578.9844466893,6868135.077597699,True,True,False
483,12,21,282,1844361.1274215041,6843707.549844407,True,True,False
484,12,22,283,1842159.6210245064,6819352.4960928885,True,True,False
485,12,23,284,1839974.2918167596,6795069.326080983,True,True,False
486,12,24,285,1837804.9688301405,6770857.455523805,True,True,False
487,12,25,286,1835651.4835237944,6746716.30603029,False,False,False
488,12,26,287,1833513.6697415048,6722645.305021119,False,False,False
489,12,27,288,1831391.3636699587,6698643.885648032,True,True,False
490,12,28,289,1829284.4037978803,6674711.486714466,True,False,False
491,12,29,290,1827192.6308760224,6650847.552597547,True,True,False
492,12,30,291,1825115.88787798,6627051.533171368,True,True,False
493,12,31,292,1823054.019961822,6603322.883731506,True,True,False
494,12,32,293,1821006.8744325065,6579661.06492082,True,True,False
495,12,33,294,1821688.9806217228,6557590.364064918,False,True,False
496,12,34,295,1820309.3886095455,6531614.6512973225,False,False,False
497,12,35,296,1821056.4403244674,6514871.024116526,True,False,False
506,13,2,297,1924275.901090536,7305702.072152041,False,False,False
507,13,3,298,1913416.0474386243,7291285.22164633,False,False,False
508,13,4,299,1910107.697351074,7266821.985662132,True,True,False
509,13,5,300,1907520.418789434,7241166.865930558,True,False,False
510,13,6,301,1904953.2659697914,7215594.350563778,True,False,False
511,13,7,302,1902406.012333353,7190103.744063974,True,False,False
512,13,8,303,1899878.4347331983,7164694.358406162,True,True,False
513,13,9,304,1897370.3133706956,7139365.512929118,True,False,False
514,13,10,305,1894881.4317333363,7114116.53422825,True,True,False
515,13,11,306,1892411.5765339402,7088946.756050295,True,False,False
516,13,12,307,1889960.537651206,7063855.51918991,True,True,False
517,13,13,308,1887528.1080715614,7038842.171388043,False,True,False
518,13,14,309,1885114.0838322975,7013906.0672320835,True,True,False
519,13,15,310,1882718.2639659334,6989046.568057743,True,True,False
520,13,16,311,1880340.4504457952,6964263.041852606,True,True,False
521,13,17,312,1877980.4481327776,6939554.863161391,True,True,False
522,13,18,313,1875638.0647232495,6914921.412992789,True,True,False
523,13,19,314,1873313.1106980823,6890362.078727931,True,True,False
524,13,20,315,1871005.3992727736,6865876.254030407,True,True,False
525,13,21,316,1868714.7463486344,6841463.338757797,True,True,False
526,13,22,317,1866440.9704650166,6817122.73887473,True,True,False
527,13,23,318,1864183.892752553,6792853.866367397,False,False,False
528,13,24,319,1861943.3368873901,6768656.139159501,True,True,False
529,13,25,320,1859719.1290463803,6744528.981029638,True,True,False
530,13,26,321,1857511.097863219,6720471.821530027,True,False,False
531,13,27,322,1855319.0743855,6696484.095906621,True,True,False
532,13,28,323,1853142.8920326652,6672565.245020545,False,True,False
533,13,29,324,1850982.3865548288,6648714.715270832,True,True,False
534,13,30,325,1848837.395992456,6624931.958518417,True,True,False
535,13,31,326,1846707.7606368735,6601216.432011427,True,True,False
536,13,32,327,1844593.3229915954,6577567.598311642,False,True,False
537,13,33,328,1842493.9277344374,6553984.925222221,False,True,False
538,13,34,329,1840409.4216804106,6530467.885716545,True,True,False
539,13,35,330,1838882.1335214996,6507486.488134035,True,False,False
540,13,36,331,1843475.6399249986,6490200.882457385,False,False,False
548,14,2,332,1942985.0407126271,7307984.710884787,False,True,False
549,14,3,333,1938449.8992620478,7289944.784406832,False,False,False
550,14,4,334,1935759.7941865607,7264224.6092890985,True,True,False
551,14,5,335,1933090.6736097925,7238587.531570701,False,False,False
552,14,6,336,1930442.300628228,7213032.851335163,False,False,False
553,14,7,337,1927814.4419146595,7187559.876190522,True,False,False
554,14,8,338,1925206.8676513978,7162167.921159594,False,False,False
555,14,9,339,1922619.3514649654,7136856.308572215,False,False,False
556,14,10,340,1920051.6703622427,7111624.367959325,True,True,False
557,14,11,341,1917503.6046680245,7086471.435948932,True,True,False
558,14,12,342,1914974.9379639442,7061396.856163867,False,True,False
559,14,13,343,1912465.4570287515,7036399.979121351,False,False,False
560,14,14,344,1909974.9517798817,7011480.162134244,True,True,False
561,14,15,345,1907503.2152163088,6986636.769214052,False,True,False
562,14,16,346,1905050.043362632,6961869.1709755575,False,True,False
563,14,17,347,1902615.2352143761,6937176.744543117,False,True,False
564,14,18,348,1900198.5926844703,6912558.873458537,False,True,False
565,14,19,349,1897799.9205508744,6888014.947590534,True,True,False
566,14,20,350,1895419.0264053305,6863544.36304572,True,True,False
567,14,21,351,1893055.7206032048,6839146.522081095,True,True,False
568,14,22,352,1890709.816214396,6814820.833018041,False,False,False
569,14,23,353,1888381.1289752861,6790566.710157708,True,True,False
570,14,24,354,1886069.4772417066,6766383.573697873,True,True,False
571,14,25,355,1883774.6819428862,6742270.849651164,True,True,False
572,14,26,356,1881496.5665363788,6718227.969764639,True,True,False
573,14,27,357,1879234.9569639205,6694254.371440711,True,True,False
574,14,28,358,1876989.6816082112,6670349.497659394,False,True,False
575,14,29,359,1874760.5712505975,6646512.796901787,True,True,False
576,14,30,360,1872547.459029623,6622743.7230748795,True,True,False
577,14,31,361,1870350.1804004412,6599041.735437535,True,True,False
578,14,32,362,1868168.5730950579,6575406.298527709,True,True,False
579,14,33,363,1866002.4770833896,6551836.882090865,True,True,False
580,14,34,364,1863851.7345351176,6528332.961009513,True,True,False
581,14,35,365,1861673.5522515946,6504941.115507516,True,True,False
582,14,36,366,1858414.0880651358,6483640.720888898,True,True,False
583,14,37,367,1860394.3936620827,6468676.766950421,False,False,False
589,15,1,368,1980282.536377338,7325156.917778664,False,False,False
590,15,2,369,1967879.3392827355,7310900.166609163,False,True,False
591,15,3,370,1964168.4166132298,7287247.584862618,False,True,False
592,15,4,371,1961396.0303676021,7261546.215393027,True,True,False
593,15,5,372,1958645.2544695914,7235927.7271185815,False,False,False
594,15,6,373,1955915.8452018884,7210391.423376705,True,False,False
595,15,7,374,1953207.5625216886,7184936.614968371,True,False,False
596,15,8,375,1950520.1699921726,7159562.620049771,False,False,False
597,15,9,376,1947853.4347155117,7134268.764025824,False,True,False
598,15,10,377,1945207.1272673528,7109054.379445576,True,True,False
599,15,11,378,1942581.0216327491,7083918.805899433,True,True,False
600,15,12,379,1939974.8951435026,7058861.389918119,True,True,False
601,15,13,380,1937388.528416873,7033881.484873435,False,True,False
602,15,14,381,1934821.7052956296,7008978.450880699,True,True,False
603,15,15,382,1932274.2127894037,6984151.65470283,False,True,False
604,15,16,383,1929745.841017314,6959400.469656147,False,True,False
605,15,17,384,1927236.3831518297,6934724.275517699,False,True,False
606,15,18,385,1924745.6353638435,6910122.458434214,False,True,False
607,15,19,386,1922273.3967689197,6885594.410832565,True,True,False
608,15,20,387,1919819.469374695,6861139.531331774,True,True,False
609,15,21,388,1917383.658029397,6836757.224656465,True,True,False
610,15,22,389,1914965.770371456,6812446.9015518,False,True,False
611,15,23,390,1912565.6167801837,6788207.978699815,True,True,False
612,15,24,391,1910183.0103274921,6764039.878637164,False,True,False
613,15,25,392,1907817.7667306224,6739942.029674229,True,True,False
614,15,26,393,1905469.7043058716,6715913.865815559,False,False,False
615,15,27,394,1903138.643923278,6691954.826681645,True,False,False
616,15,28,395,1900824.408962253,6668064.357431962,True,True,False
617,15,29,396,1898526.825268129,6644241.908689272,True,True,False
618,15,30,397,1896245.7211096117,6620486.936465208,True,True,False
619,15,31,398,1893980.9271371006,6596798.90208701,True,True,False
620,15,32,399,1891732.2763418704,6573177.272125495,True,True,False
621,15,33,400,1889499.6040160866,6549621.518324184,False,True,False
622,15,34,401,1884722.160140787,6529757.968204855,True,True,False
623,15,35,402,1875787.2055348721,6508834.165255286,False,False,False
631,16,1,403,1998151.580386192,7327210.025388976,False,False,False
632,16,2,404,1992747.3660502904,7310234.355402744,False,False,False
633,16,3,405,1989870.4060883806,7284468.982855444,True,True,False
634,16,4,406,1987015.933690994,7258786.97002212,True,True,False
635,16,5,407,1984183.6945391714,7233187.6160717355,False,False,False
636,16,6,408,1981373.4381572313,7207670.227683165,True,False,False
637,16,7,409,1978584.9178409555,7182234.118936365,True,True,False
638,16,8,410,1975817.8905873783,7156878.611205379,False,True,False
639,16,9,411,1973072.1170261228,7131603.033053252,True,True,False
640,16,10,412,1970347.3613522633,7106406.720128729,True,True,False
641,16,11,413,1967643.3912606623,7081289.015064759,False,True,False
642,16,12,414,1964959.9778817468,7056249.267378741,True,True,False
643,16,13,415,1962296.8957186905,7031286.833374459,False,True,False
644,16,14,416,1959653.9225859656,7006401.07604575,True,True,False
645,16,15,417,1957030.8395492244,6981591.364981736,False,True,False
646,16,16,418,1954427.4308664887,6956857.076273739,False,True,False
647,16,17,419,1951843.4839305975,6932197.592423735,True,True,False
648,16,18,420,1949278.7892129014,6907612.30225437,True,True,False
649,16,19,421,1946733.1402081547,6883100.600820469,True,True,False
650,16,20,422,1944206.3333805858,6858661.889322071,True,True,False
651,16,21,423,1941698.168111118,6834295.5750188725,True,True,False
652,16,22,424,1939208.446645703,6810001.071146132,True,True,False
653,16,23,425,1936736.9740447479,6785777.796831981,True,True,False
654,16,24,426,1934283.5581336103,6761625.177016059,True,True,False
655,16,25,427,1931848.0094541241,6737542.64236954,True,True,False
656,16,26,428,1929430.1412171468,6713529.629216466,True,True,False
657,16,27,429,1927029.7692560903,6689585.579456363,True,True,False
658,16,28,430,1924646.7119814178,6665709.940488122,True,True,False
659,16,29,431,1922280.7903360846,6641902.165135157,True,True,False
660,16,30,432,1919931.827751895,6618161.711571723,True,True,False
661,16,31,433,1917599.6501067586,6594488.043250491,True,False,False
662,16,32,434,1915284.0856828222,6570880.6288312515,True,False,False
663,16,33,435,1912984.965125456,6547338.942110797,False,False,False
664,16,34,436,1911961.765631434,6529922.991857603,True,True,False
673,17,1,437,2022466.4883322148,7329938.4082421735,False,False,False
674,17,2,438,2018514.8647373163,7307354.387517135,False,False,False
675,17,3,439,2015555.392381931,7281609.151787973,True,True,False
676,17,4,440,2012619.0342592075,7255947.04390945,False,False,False
677,17,5,441,2009705.5292512141,7230367.366543879,False,False,False
678,17,6,442,2006814.6201806916,7204869.429798038,True,True,False
679,17,7,443,2003946.0537375384,7179452.551115772,True,True,False
680,17,8,444,2001099.580406934,7154116.055172433,False,True,False
681,17,9,445,1998274.954399051,7128859.273771178,True,True,False
682,17,10,446,1995471.9335803152,7103681.545741016,False,True,False
683,17,11,447,1992690.2794061797,7078582.216836623,False,True,False
684,17,12,448,1989929.7568553698,7053560.639639861,True,True,False
685,17,13,449,1987190.1343655628,7028616.1734629925,True,False,False
686,17,14,450,1984471.1837704652,7003748.184253507,True,True,False
687,17,15,451,1981772.6802382553,6978956.04450062,True,True,False
688,17,16,452,1979094.4022113555,6954239.133143274,True,True,False
689,17,17,453,1976436.131347498,6929596.835479749,True,False,False
690,17,18,454,1973797.6524620554,6905028.543078779,True,True,False
691,17,19,455,1971178.7534716087,6880533.653692128,False,False,False
692,17,20,456,1968579.2253387084,6856111.571168674,True,True,False
693,17,21,457,1965998.862017815,6831761.705369875,False,False,False
694,17,22,458,1963437.460402381,6807483.472086665,True,False,False
695,17,23,459,1960894.820273048,6783276.292957726,True,True,False
696,17,24,460,1958370.7442469331,6759139.595389088,False,True,False
697,17,25,461,1955865.0377279778,6735072.81247508,True,True,False
698,17,26,462,1953377.5088583312,6711075.382920537,False,True,False
699,17,27,463,1950907.968470745,6687146.750964331,True,True,False
700,17,28,464,1948456.2300419596,6663286.366304091,True,True,False
701,17,29,465,1946022.1096470456,6639493.684022195,False,True,False
702,17,30,466,1943605.4259146925,6615768.16451293,True,True,False
703,17,31,467,1941205.9999834131,6592109.273410839,True,True,False
704,17,32,468,1938823.6554586408,6568516.481520218,True,True,False
705,17,33,469,1936458.2183707056,6544989.264745752,True,True,False
706,17,34,470,1935029.6189937638,6525724.606768755,True,True,False
715,18,1,471,2040436.1500703176,7327414.447630576,False,True,False
716,18,2,472,2043621.4132388355,7303941.63190335,False,True,False
717,18,3,473,2041222.9026002747,7278668.269777618,True,True,False
718,18,4,474,2038204.864541249,7253026.612433828,True,True,False
719,18,5,475,2035210.2963605311,7227467.151226684,True,True,False
720,18,6,476,2032238.9342374222,7201989.199776147,True,True,False
721,18,7,477,2029290.518312783,7176592.078973761,False,False,False
722,18,8,478,2026364.7926155252,7151275.116878545,True,True,False
723,18,9,479,2023461.504990729,7126037.648614684,True,True,False
724,18,10,480,2020580.4070293342,7100879.016270991,False,True,False
725,18,11,481,2017721.2539993834,7075798.568802028,False,True,False
726,18,12,482,2014883.8047787624,7050795.661930952,True,True,False
727,18,13,483,2012067.821789404,7025869.658054003,True,True,False
728,18,14,484,2009273.0709329257,7001019.926146574,True,True,True
729,18,15,485,2006499.3215276545,6976245.841670906,True,True,False
730,18,16,486,2003746.3462470088,6951546.786485299,False,True,False
731,18,17,487,2001013.92105921,6926922.148754858,True,True,False
732,18,18,488,1998301.825168277,6902371.322863724,True,True,False
733,18,19,489,1995609.8409562828,6877893.709328775,False,False,False
734,18,20,490,1992937.7539268425,6853488.714714739,True,True,False
735,18,21,491,1990285.3526497902,6829155.751550735,True,False,False
736,18,22,492,1987652.428707032,6804894.238248184,False,False,False
737,18,23,493,1985038.776639536,6780703.5990200415,True,True,False
738,18,24,494,1982444.19389543,6756583.263801414,True,True,False
739,18,25,495,1979868.4807791943,6732532.668171395,True,True,False
740,18,26,496,1977311.4404018996,6708551.253276265,True,True,False
741,18,27,497,1974772.8786324898,6684638.465753852,True,True,False
742,18,28,498,1972252.604050068,6660793.757659186,False,True,False
743,18,29,499,1969750.4278971658,6637016.586391302,True,True,False
744,18,30,500,1967266.1640339755,6613306.414621269,True,True,False
745,18,31,501,1964799.6288935205,6589662.710221339,True,True,False
746,18,32,502,1962350.641437738,6566084.946195246,True,True,False
747,18,33,503,1959919.0231144617,6542572.600609616,True,True,False
748,18,34,504,1958142.7493865383,6521450.603400974,True,True,False
758,19,2,505,2059623.995151148,7294784.195120636,False,False,False
759,19,3,506,2063746.0423308958,7274090.738817585,True,True,False
760,19,4,507,2063772.9594327281,7250025.855579721,True,True,True
761,19,5,508,2060697.5360030788,7224487.147350558,True,True,False
762,19,6,509,2057645.9256292765,7199029.71214533,False,False,False
763,19,7,510,2054617.8619612807,7173652.874385925,True,True,False
764,19,8,511,2051613.0826285887,7148355.965596272,True,True,False
765,19,9,512,2048631.3291667853,7123138.324301437,False,False,False
766,19,10,513,2045672.3469457035,7097999.295928493,False,True,False
767,19,11,514,2042735.8850991642,7072938.232709029,True,True,False
768,19,12,515,2039821.69645624,7047954.493583319,True,True,True
769,19,13,516,2036929.5374740197,7023047.44410611,True,True,True
770,19,14,517,2034059.1681718263,6998216.456353967,True,True,True
771,19,15,518,2031210.352066856,6973460.908834192,True,True,False
772,19,16,519,2028382.8561111998,6948780.186395265,True,True,False
773,19,17,520,2025576.450630218,6924173.680138732,True,True,False
774,19,18,521,2022790.9092622302,6899640.7873326205,True,False,False
775,19,19,522,2020026.0088994892,6875180.911326228,False,False,False
776,19,20,523,2017281.5296304072,6850793.461466346,True,True,False
777,19,21,524,2014557.254683005,6826477.853014851,True,False,False
778,19,22,525,2011852.970369552,6802233.507067663,True,False,False
779,19,23,526,2009168.4660323712,6778059.8504749965,True,False,False
780,19,24,527,2006503.5339907748,6753956.315762935,True,True,False
781,19,25,528,2003857.9694891118,6729922.3410562845,True,False,False
782,19,26,529,2001231.570645893,6705957.370002657,True,True,False
783,19,27,530,1998624.1384039707,6682060.851697795,True,True,False
784,19,28,531,1996035.47648175,6658232.240612084,True,True,False
785,19,29,532,1993465.3913254011,6634470.99651827,True,True,False
786,19,30,533,1990913.6920620576,6610776.584420311,False,False,False
787,19,31,534,1988380.1904539636,6587148.474483378,False,True,False
788,19,32,535,1985864.7008535678,6563586.141964954,True,True,False
789,19,33,536,1983367.0401595177,6540089.067147058,True,True,False
790,19,34,537,1981012.74600982,6516755.853039889,True,True,False
791,19,35,538,1981170.1818218217,6493675.394068895,True,True,False
792,19,36,539,1981774.212276995,6470402.8143683,True,True,False
793,19,37,540,1982257.7204285408,6451549.877809741,True,True,False
801,20,3,541,2078713.8356873684,7261991.6841709865,False,False,False
802,20,4,542,2088824.869277259,7244663.94099995,True,True,True
803,20,5,543,2086166.7907541904,7221427.53664459,True,True,True
804,20,6,544,2083035.1420520286,7195991.145867245,True,True,True
805,20,7,545,2079927.6374270981,7170635.113597962,True,True,False
806,20,8,546,2076844.008167572,7145358.774905659,True,True,False
807,20,9,547,2073783.9895563542,7120161.471795024,True,True,False
808,20,10,548,2070747.3207977407,7095042.553108791,True,True,False
809,20,11,549,2067733.744945683,7070001.374431652,True,True,True
810,20,12,550,2064743.0088336149,7045037.297995794,True,True,True
811,20,13,551,2061774.8630058002,7020149.692588002,True,True,False
812,20,14,552,2058829.061650163,6995337.933458302,True,True,True
813,20,15,553,2055905.3625325665,6970601.402230152,True,True,False
814,20,16,554,2053003.526932504,6945939.48681209,True,True,False
815,20,17,555,2050123.3195801647,6921351.581310844,True,True,False
816,20,18,556,2047264.5085948394,6896837.085945899,True,True,False
817,20,19,557,2044426.8654246384,6872395.406965433,True,False,False
818,20,20,558,2041610.1647874862,6848025.956563667,True,True,False
819,20,21,559,2038814.1846133587,6823728.152799521,True,False,False
820,20,22,560,2036038.705987738,6799501.419516633,True,False,False
821,20,23,561,2033283.5130962525,6775345.1862646565,False,False,False
822,20,24,562,2030548.3931704713,6751258.888221844,True,True,False
823,20,25,563,2027833.1364348342,6727241.96611886,False,False,False
824,20,26,564,2025137.5360546748,6703293.866163857,False,False,False
825,20,27,565,2022461.388085325,6679414.039968707,True,True,False
826,20,28,566,2019804.4914222672,6655601.944476457,True,True,False
827,20,29,567,2017166.6477523108,6631857.041889914,True,True,False
828,20,30,568,2014547.6615057685,6608178.799601389,True,True,False
829,20,31,569,2011947.339809612,6584566.690123533,True,False,False
830,20,32,570,2009365.4924415764,6561020.191021278,True,True,False
831,20,33,571,2006801.9317852012,6537538.784844861,True,True,False
832,20,34,572,2004256.4727857744,6514121.959063897,True,True,False
833,20,35,573,2001728.9329071715,6490769.2060024645,True,False,False
834,20,36,574,1999219.1320895546,6467480.02277524,False,True,False
835,20,37,575,1997108.850474391,6449799.109920449,True,False,False
844,21,4,576,2114998.45021929,7242494.697332434,False,False,True
845,21,5,577,2111617.605685995,7218288.50529553,True,False,True
846,21,6,578,2108406.133651806,7192873.684297305,True,True,True
847,21,7,579,2105219.3998592393,7167538.977186475,True,True,True
848,21,8,580,2102057.1293144496,7142283.7226559045,True,True,True
849,21,9,581,2098919.0511056604,7117107.266267493,True,True,True
850,21,10,582,2095804.8983283662,7092008.960355938,True,True,True
851,21,11,583,2092714.408012148,7066988.163934049,True,True,True
852,21,12,584,2089647.3210490951,7042044.242599662,True,True,False
853,21,13,585,2086603.3821237613,7017176.568444123,True,True,False
854,21,14,586,2083582.3396446446,6992384.5199622195,True,True,True
855,21,15,587,2080583.9456771319,6967667.481963673,True,True,True
856,21,16,588,2077607.955877885,6943024.845486028,False,True,False
857,21,17,589,2074654.1294306219,6918456.007709003,True,False,False
858,21,18,590,2071722.228983275,6893960.371870218,False,True,False
859,21,19,591,2068812.020586468,6869537.347182329,False,True,False
860,21,20,592,2065923.2736333085,6845186.348751478,True,True,False
861,21,21,593,2063055.7608004352,6820906.797497075,True,False,False
862,21,22,594,2060209.2579903135,6796698.120072906,True,False,False
863,21,23,595,2057383.5442747325,6772559.748789445,False,False,False
864,21,24,596,2054578.4018394803,6748491.121537495,True,True,False
865,21,25,597,2051793.6159301754,6724491.6817130195,True,True,False
866,21,26,598,2049028.9747992125,6700560.878143148,False,False,False
867,21,27,599,2046284.2696538111,6676698.1650133915,True,True,False
868,21,28,600,2043559.2946051282,6652903.00179605,False,False,False
869,21,29,601,2040853.8466184156,6629174.853179672,True,False,False
870,21,30,602,2038167.7254642001,6605513.188999702,True,True,False
871,21,31,603,2035500.7336704566,6581917.484170177,True,False,False
872,21,32,604,2032852.6764757505,6558387.218616538,True,True,False
873,21,33,605,2030223.3617833336,6534921.877209459,True,True,False
874,21,34,606,2027612.6001161612,6511520.9496997185,True,True,False
875,21,35,607,2025020.2045728206,6488183.930654106,True,True,False
876,21,36,608,2022445.9907843384,6464910.319392312,True,True,False
877,21,37,609,2020333.909719227,6447902.6124894805,True,True,False
885,22,3,610,2148731.6862457627,7253252.451146426,False,False,False
886,22,4,611,2140408.9785712645,7240476.404487414,False,False,False
887,22,5,612,2137049.528424027,7215070.243905973,True,False,False
888,22,6,613,2133758.4530807273,7189677.515143746,True,True,False
889,22,7,614,2130492.7068663347,7164364.650018972,True,True,False
890,22,8,615,2127252.0085654743,7139130.9909262145,True,True,False
891,22,9,616,2124036.08113086,7113975.887061062,True,True,False
892,22,10,617,2120844.6516070557,7088898.694325331,True,True,False
893,22,11,618,2117677.451055891,7063898.775233862,True,True,False
894,22,12,619,2114534.214483497,7038975.498822838,False,True,False
895,22,13,620,2111414.6807689155,7014128.24055963,True,True,False
896,22,14,621,2108318.5925942427,6989356.382254081,True,True,False
897,22,15,622,2105245.6963762795,6964659.311971295,True,True,True
898,22,16,623,2102195.7421996337,6940036.423945826,True,True,True
899,22,17,624,2099168.483751256,6915487.118497218,True,True,False
900,22,18,625,2096163.678256358,6891010.801947024,False,False,False
901,22,19,626,2093181.086415694,6866606.8865370555,False,True,False
902,22,20,627,2090220.472344163,6842274.79034901,True,True,False
903,22,21,628,2087281.603510698,6818013.937225399,True,True,False
904,22,22,629,2084364.250679421,6793823.756691706,True,False,False
905,22,23,630,2081468.1878520215,6769703.683879832,True,False,False
906,22,24,631,2078593.1922113388,6745653.159452751,True,False,False
907,22,25,632,2075739.0440661134,6721671.629530331,True,True,False
908,22,26,633,2072905.5267968767,6697758.545616398,True,False,False
909,22,27,634,2070092.4268029646,6673913.364526897,True,True,False
910,22,28,635,2067299.5334506112,6650135.5483192215,True,True,False
911,22,29,636,2064526.6390221082,6626424.564222648,True,True,False
912,22,30,637,2061773.538666006,6602779.884569855,True,True,False
913,22,31,638,2059040.0303483221,6579200.986729524,True,True,False
914,22,32,639,2056325.9148047417,6555687.35303999,False,True,False
915,22,33,640,2053630.9954937843,6532238.470743938,True,True,False
916,22,34,641,2050955.0785509136,6508853.831924092,True,True,False
917,22,35,642,2048297.9727435687,6485532.933439906,False,True,False
918,22,36,643,2045659.4894270992,6462275.276865264,False,True,False
919,22,37,644,2043542.2881991481,6445940.973872571,True,True,False
927,23,3,645,2169587.5253935703,7251872.175861306,False,False,False
928,23,4,646,2165858.7712317216,7237223.3329439815,False,False,False
929,23,5,647,2162462.1092029903,7211772.947451618,True,False,False
930,23,6,648,2159091.6555517227,7186402.830425861,True,True,False
931,23,7,649,2155747.1185705326,7161112.321213006,False,False,False
932,23,8,650,2152428.210884168,7135900.765985887,False,False,False
933,23,9,651,2149134.6493701334,7110767.51764905,False,True,False
934,23,10,652,2145866.1550810556,7085711.935745478,True,True,False
935,23,11,653,2142622.4531687223,7060733.386364844,False,True,False
936,23,12,654,2139403.272809769,7035831.24205328,True,True,False
937,23,13,655,2136208.347132967,7011004.881724593,True,False,False
938,23,14,656,2133037.4131480744,6986253.69057295,False,False,False
939,23,15,657,2129890.2116762046,6961577.059986957,True,True,False
940,23,16,658,2126766.4872816876,6936974.387465167,True,False,True
941,23,17,659,2123665.988205375,6912445.07653289,True,True,True
942,23,18,660,2120588.466299361,6887988.536660423,True,True,False
943,23,19,661,2117533.6769630807,6863604.183182516,False,True,False
944,23,20,662,2114501.3790807514,6839291.43721918,True,True,False
945,23,21,663,2111491.3349601347,6815049.725597748,True,True,False
946,23,22,664,2108503.3102725684,6790878.480776154,True,True,False
947,23,23,665,2105537.0739942533,6766777.140767483,False,True,False
948,23,24,666,2102592.3983487636,6742745.149065659,False,True,False
949,23,25,667,2099669.05875074,6718781.954572338,True,True,False
950,23,26,668,2096766.833750749,6694887.011524967,False,False,False
951,23,27,669,2093885.5049812766,6671059.779425949,True,False,False
952,23,28,670,2091024.8571038276,6647299.72297292,True,False,False
953,23,29,671,2088184.6777571093,6623606.311990138,True,True,False
954,23,30,672,2085364.7575062646,6599979.021360926,True,True,False
955,23,31,673,2082564.8897931413,6576417.330961174,True,True,False
956,23,32,674,2079784.8708875687,6552920.725593859,True,True,False
957,23,33,675,2077024.4998396111,6529488.694924594,True,True,False
958,23,34,676,2074283.5784327877,6506120.73341817,True,True,False
959,23,35,677,2071561.911138226,6482816.340276073,True,True,False
960,23,36,678,2068859.305069735,6459575.019374948,True,True,False
961,23,37,679,2068790.0168619284,6438290.981365164,True,True,False
962,23,38,680,2073358.7972497614,6419903.726592592,False,True,False
969,24,3,681,2194206.0870929505,7250026.703567048,False,False,False
970,24,4,682,2191331.3016372216,7233823.807241469,True,False,False
971,24,5,683,2187854.9009216796,7208396.815237743,True,True,False
972,24,6,684,2184405.2988925255,7183049.826431424,True,True,False
973,24,7,685,2180982.197660586,7157782.184094542,True,True,False
974,24,8,686,2177585.30375351,7132593.238253545,False,False,False
975,24,9,687,2174214.3280350105,7107482.345596036,True,True,False
976,24,10,688,2170868.9856258533,7082448.869379032,True,True,False
977,24,11,689,2167548.9958265624,7057492.179338729,True,False,False
978,24,12,690,2164254.082041789,7032611.651601689,True,True,False
979,24,13,691,2160983.9717063094,7007806.668597516,False,True,False
980,24,14,692,2157738.3962126076,6983076.61897289,False,True,False
981,24,15,693,2154517.0908400044,6958420.897507039,True,True,False
982,24,16,694,2151319.7946852944,6933838.90502851,False,False,False
983,24,17,695,2148146.2505948567,6909330.048333324,True,False,True
984,24,18,696,2144996.2050982006,6884893.740104403,True,False,False
985,24,19,697,2141869.408342908,6860529.398832299,True,True,False
986,24,20,698,2138765.614030951,6836236.448737183,True,True,False
987,24,21,699,2135684.579356331,6812014.319692054,True,True,False
988,24,22,700,2132626.0649440275,6787862.44714719,True,True,False
989,24,23,701,2129589.8347902177,6763780.272055756,True,False,False
990,24,24,702,2126575.656203727,6739767.24080062,False,True,False
991,24,25,703,2123583.299748695,6715822.8051222935,True,True,False
992,24,26,704,2120612.5391884255,6691946.422047994,True,True,False
993,24,27,705,2117663.15143038,6668137.55382184,True,True,False
994,24,28,706,2114734.916472304,6644395.667836116,True,True,False
995,24,29,707,2111827.617349451,6620720.236563601,False,True,False
996,24,30,708,2108941.0400828766,6597110.7374909585,True,True,False
997,24,31,709,2106074.973628782,6573566.653053157,True,True,False
998,24,32,710,2103229.209828883,6550087.470568872,False,True,False
999,24,33,711,2100403.543361773,6526672.682176926,True,True,False
1000,24,34,712,2097597.7716952665,6503321.784773661,True,True,False
1001,24,35,713,2094811.6950396982,6480034.279951302,True,True,False
1002,24,36,714,2092045.1163021459,6456809.673937226,True,True,False
1003,24,37,715,2089297.8410415703,6433647.477534194,True,True,True
1004,24,38,716,2087458.891039779,6411143.712405735,True,True,True
1005,24,39,717,2090684.6579369796,6390561.526054042,False,True,True
1006,24,40,718,2093976.7326608722,6374617.944002108,False,False,False
1011,25,3,719,2219134.9205500768,7246907.819882106,True,True,False
1012,25,4,720,2216783.360244379,7230345.130427031,True,True,False
1013,25,5,721,2213227.459197029,7204942.050854846,False,True,False
1014,25,6,722,2209698.943598827,7179618.703673309,False,False,False
1015,25,7,723,2206197.509444117,7154374.436155524,True,True,False
1016,25,8,724,2202722.8572273413,7129208.602255659,True,False,False
1017,25,9,725,2199274.6918609124,7104120.562517267,True,True,False
1018,25,10,726,2195852.722594881,7079109.683983096,True,True,False
1019,25,11,727,2192456.6629383285,7054175.340106379,True,True,False
1020,25,12,728,2189086.230582455,7029316.910663502,False,False,False
1021,25,13,729,2185741.1473253206,7004533.78166811,False,False,False
1022,25,14,730,2182421.1389981876,6979825.345286555,False,True,False
1023,25,15,731,2179125.9353934405,6955190.999754727,True,True,False
1024,25,16,732,2175855.2701940336,6930630.149296188,False,False,False
1025,25,17,733,2172608.88090443,6906142.204041601,True,False,True
1026,25,18,734,2169386.508783001,6881726.579949442,True,True,False
1027,25,19,735,2166187.8987758434,6857382.698727991,True,True,False
1028,25,20,736,2163012.7994519905,6833109.987758493,True,True,False
1029,25,21,737,2159860.962939965,6808907.880019581,True,False,False
1030,25,22,738,2156732.144865667,6784775.814012864,True,True,False
1031,25,23,739,2153626.1042915387,6760713.233689671,True,True,False
1032,25,24,740,2150542.603656994,6736719.588378971,True,True,False
1033,25,25,741,2147481.4087200756,6712794.332716354,True,False,False
1034,25,26,742,2144442.2885003123,6688936.92657419,True,True,False
1035,25,27,743,2141425.0152227376,6665146.8349928,False,True,False
1036,25,28,744,2138429.36426307,6641423.528112754,True,True,False
1037,25,29,745,2135455.114093987,6617766.481108158,True,True,False
1038,25,30,746,2132502.046232507,6594175.174120988,True,True,False
1039,25,31,747,2129569.9451884245,6570649.092196465,True,True,False
1040,25,32,748,2126658.598413792,6547187.725219339,True,False,False
1041,25,33,749,2123767.7962534083,6523790.567851231,True,True,False
1042,25,34,750,2120897.3318963093,6500457.1194688715,True,True,False
1043,25,35,751,2118047.0013282183,6477186.884103294,True,True,False
1044,25,36,752,2115216.6032849485,6453979.370379959,True,True,False
1045,25,37,753,2112405.939206727,6430834.091459766,True,True,True
1046,25,38,754,2109614.813193423,6407750.564980957,True,True,False
1047,25,39,755,2106843.031960663,6384728.313001914,False,True,True
1048,25,40,756,2107066.7591287643,6368621.117597608,True,True,False
1053,26,3,757,2244623.838610462,7243377.150974451,False,False,False
1054,26,4,758,2242214.5005469653,7226787.513526936,False,True,False
1055,26,5,759,2238579.342417295,7201408.862133489,False,True,False
1056,26,6,760,2234972.152886564,7176109.666845326,False,True,False
1057,26,7,761,2231392.6218990474,7150889.279010689,False,True,False
1058,26,8,762,2227840.443980937,7125747.056584304,True,True,False
1059,26,9,763,2224315.318156902,7100682.364037328,True,True,False
1060,26,10,764,2220816.9478684547,7075694.572268762,False,False,False
1061,26,11,765,2217345.040894072,7050783.05851823,False,True,False
1062,26,12,766,2213899.3092710357,7025947.206280187,False,True,False
1063,26,13,767,2210479.469218944,7001186.4052194515,False,False,False
1064,26,14,768,2207085.2410648544,6976500.051088126,False,False,False
1065,26,15,769,2203716.349170019,6951887.545643773,True,True,False
1066,26,16,770,2200372.521858168,6927348.296568923,True,True,False
1067,26,17,771,2197053.4913453157,6902881.717391838,True,True,True
1068,26,18,772,2193758.9936710363,6878487.2274085,True,True,True
1069,26,19,773,2190488.7686311845,6854164.251605861,False,False,False
1070,26,20,774,2187242.5597120225,6829912.220586248,True,True,False
1071,26,21,775,2184020.114025724,6805730.570492972,True,True,False
1072,26,22,776,2180821.182247208,6781618.742937092,True,True,False
1073,26,23,777,2177645.518552293,6757576.18492531,True,True,False
1074,26,24,778,2174492.880557119,6733602.348788981,True,False,False
1075,26,25,779,2171363.029258816,6709696.692114219,True,False,False
1076,26,26,780,2168255.7289773957,6685858.677673081,True,True,False
1077,26,27,781,2165170.747298826,6662087.773355821,True,True,False
1078,26,28,782,2162107.855019262,6638383.452104146,True,True,False
1079,26,29,783,2159066.8260904197,6614745.191845543,True,True,False
1080,26,30,784,2156047.4375660466,6591172.47542856,True,True,False
1081,26,31,785,2153049.469549475,6567664.790559108,True,True,False
1082,26,32,786,2150072.705142233,6544221.629737704,True,True,False
1083,26,33,787,2147116.9303936837,6520842.49019767,True,True,False
1084,26,34,788,2144181.934251671,6497526.873844289,True,True,False
1085,26,35,789,2141267.5085141505,6474274.28719484,True,True,False
1086,26,36,790,2138373.447781778,6451084.241319557,True,True,True
1087,26,37,791,2135499.549411442,6427956.251783478,True,True,True
1088,26,38,792,2132645.6134707094,6404889.83858914,True,True,False
1089,26,39,793,2129811.442693168,6381884.526120142,True,True,False
1090,26,40,794,2128321.4975014827,6362935.47887246,True,True,False
1095,27,3,795,2270091.506479764,7239767.336850361,False,False,False
1096,27,4,796,2267624.278915445,7223151.171820675,False,False,False
1097,27,5,797,2263910.111794333,7197797.461098366,False,False,False
1098,27,6,798,2260224.4927433524,7172522.924777309,True,True,False
1099,27,7,799,2256567.1057241815,7147326.91835362,False,True,False
1100,27,8,800,2252937.639360774,7122208.803854148,True,True,False
1101,27,9,801,2249335.786854635,7097167.949748101,True,True,False
1102,27,10,802,2245761.245901926,7072203.730859993,True,False,False
1103,27,11,803,2242213.718612348,7047315.528284033,False,True,False
1104,27,12,804,2238692.9114297694,7022502.729299837,False,True,False
1105,27,13,805,2235198.53505454,6997764.727289423,False,False,False
1106,27,14,806,2231730.3043674626,6973100.921655601,False,False,False
1107,27,15,807,2228287.938355379,6948510.717741548,True,True,False
1108,27,16,808,2224871.1600383213,6923993.526751692,True,False,False
1109,27,17,809,2221479.696398207,6899548.765673818,True,False,False
1110,27,18,810,2218113.278309024,6875175.857202367,True,False,True
1111,27,19,811,2214771.6404684824,6850874.229662966,False,False,False
1112,27,20,812,2211454.5213310877,6826643.316938063,True,True,False
1113,27,21,813,2208161.6630426096,6802482.558393777,True,True,False
1114,27,22,814,2204892.811375904,6778391.398807837,True,True,False
1115,27,23,815,2201647.7156680683,6754369.28829863,True,True,False
1116,27,24,816,2198426.128758883,6730415.682255356,False,True,False
1117,27,25,817,2195227.8069305224,6706530.041269223,True,True,False
1118,27,26,818,2192052.5098484955,6682711.831065737,True,True,False
1119,27,27,819,2188900.0005037948,6658960.522437965,True,True,False
1120,27,28,820,2185770.0451562176,6635275.591180866,True,False,False
1121,27,29,821,2182662.4132788377,6611656.518026593,False,False,False
1122,27,30,822,2179576.8775035995,6588102.7885807585,False,True,False
1123,27,31,823,2176513.2135680085,6564613.893259701,True,False,False
1124,27,32,824,2173471.200262888,6541189.327228664,True,True,False
1125,27,33,825,2170450.6193811824,6517828.590340902,True,True,False
1126,27,34,826,2167451.255667789,6494531.187077726,True,True,False
1127,27,35,827,2164472.896770375,6471296.626489434,True,True,False
1128,27,36,828,2161515.3331911806,6448124.422137099,True,True,True
1129,27,37,829,2158578.3582397685,6425014.092035239,True,True,False
1130,27,38,830,2155661.7679867055,6401965.158595367,False,True,False
1131,27,39,831,2152765.361218155,6378977.148570325,True,True,False
1132,27,40,832,2150561.0511065163,6357032.427877268,False,False,False
1133,27,41,833,2158684.0401900737,6342976.959804156,False,False,False
1137,28,3,834,2295537.478822099,7236078.596539297,True,False,False
1138,28,4,835,2293012.2546492014,7219436.324793239,False,False,False
1139,28,5,836,2289219.331414979,7194108.06392164,True,False,False
1140,28,6,837,2285455.5319790235,7168858.690389454,True,False,False
1141,28,7,838,2281720.534388931,7143687.563912081,True,True,False
1142,28,8,839,2278014.021433444,7118594.050658797,True,True,False
1143,28,9,840,2274335.680556485,7093577.5231659915,True,True,False
1144,28,10,841,2270685.2037730324,7068637.360251783,True,True,False
1145,28,11,842,2267062.2875868077,7043772.946931942,True,True,False
1146,28,12,843,2263466.6329097133,7018983.674337144,True,True,False
1147,28,13,844,2259897.9449829953,6994268.939631517,True,True,False
1148,28,14,845,2256355.9333000677,6969628.14593242,True,False,False
1149,28,15,846,2252840.3115309794,6945060.702231505,True,True,False
1150,28,16,847,2249350.79744847,6920566.023316967,True,True,False
1151,28,17,848,2245887.1128555774,6896143.529697005,True,False,False
1152,28,18,849,2242448.9835147653,6871792.647524476,True,False,True
1153,28,19,850,2239036.139078532,6847512.808522674,True,False,False
1154,28,20,851,2235648.313021453,6823303.449912276,True,True,False
1155,28,21,852,2232285.242573652,6799164.014339395,True,True,False
1156,28,22,853,2228946.6686556265,6775093.949804726,True,True,False
1157,28,23,854,2225632.335814432,6751092.709593778,True,True,False
1158,28,24,855,2222341.9921611706,6727159.752208173,True,True,False
1159,28,25,856,2219075.3893097625,6703294.5412979545,True,False,False
1160,28,26,857,2215832.2823169646,6679496.545594967,True,False,False
1161,28,27,858,2212612.4296236127,6655765.23884721,False,False,False
1162,28,28,859,2209415.5929970546,6632100.099754188,True,False,False
1163,28,29,860,2206241.537474745,6608500.611903231,False,False,False
1164,28,30,861,2203090.03130898,6584966.26370677,False,True,False
1165,28,31,862,2199960.845912743,6561496.548340565,True,True,False
1166,28,32,863,2196853.755806631,6538090.963682822,True,True,False
1167,28,33,864,2193768.5385668445,6514749.012254259,False,True,False
1168,28,34,865,2190704.9747742135,6491470.201159016,True,True,False
1169,28,35,866,2187662.847964229,6468254.042026493,True,True,False
1170,28,36,867,2184641.944578071,6445100.050954,True,True,True
1171,28,37,868,2181642.053914595,6422007.74845028,True,True,False
1172,28,38,869,2178662.9680832685,6398976.659379855,True,True,False
1173,28,39,870,2175704.481958025,6376006.312908202,True,False,False
1174,28,40,871,2172766.3931320254,6353096.2424476985,True,False,False
1175,28,41,872,2173911.9135874994,6338854.001089992,True,True,False
1179,29,3,873,2320961.313293632,7232311.1532896515,True,False,False
1180,29,4,874,2318377.9900278323,7215643.196086633,True,False,False
1181,29,5,875,2314506.568291512,7190340.890875515,True,False,False
1182,29,6,876,2310664.842275281,7165117.180645932,False,True,False
1183,29,7,877,2306852.4841821697,7139971.429402666,True,True,False
1184,29,8,878,2303069.1710337293,7114903.007526382,True,True,False
1185,29,9,879,2299314.5845828485,7089911.291688547,True,True,False
1186,29,10,880,2295588.41122845,7064995.664767687,False,False,False
1187,29,11,881,2291890.341932005,7040155.5157669075,False,False,False
1188,29,12,882,2288220.0721358242,7015390.239732701,False,False,False
1189,29,13,883,2284577.3016830944,6990699.237675015,False,True,False
1190,29,14,884,2280961.7347395946,6966081.916488502,True,True,False
1191,29,15,885,2277373.079717076,6941537.688875038,True,False,False
1192,29,16,886,2273811.0491982438,6917065.973267374,True,True,False
1193,29,17,887,2270275.359863318,6892666.193753994,True,False,False
1194,29,18,888,2266765.7324181288,6868337.780005075,True,False,True
1195,29,19,889,2263281.891523705,6844080.167199608,True,True,False
1196,29,20,890,2259823.5657273256,6819892.795953618,True,True,False
1197,29,21,891,2256390.487395002,6795775.112249446,True,True,False
1198,29,22,892,2252982.392645352,6771726.567366141,True,True,False
1199,29,23,893,2249599.021284826,6747746.6178108575,True,True,False
1200,29,24,894,2246240.116744273,6723834.725251319,True,True,False
1201,29,25,895,2242905.4260167927,6699990.356449299,True,True,False
1202,29,26,896,2239594.6995968586,6676212.983195041,True,True,False
1203,29,27,897,2236307.6914206753,6652502.082242756,True,True,False
1204,29,28,898,2233044.158807742,6628857.135246986,True,True,False
1205,29,29,899,2229803.862403598,6605277.62869998,False,True,False
1206,29,30,900,2226586.5661237147,6581763.05386997,False,True,False
1207,29,31,901,2223392.03709852,6558312.906740373,True,True,False
1208,29,32,902,2220220.04561951,6534926.687949889,False,True,False
1209,29,33,903,2217070.36508645,6511603.902733488,False,True,False
1210,29,34,904,2213942.771955607,6488344.060864256,True,False,False
1211,29,35,905,2210837.045689021,6465146.676596104,True,True,True
1212,29,36,906,2207752.9687047703,6442011.268607318,True,True,True
1213,29,37,907,2204690.326328218,6418937.3599449275,True,True,False
1214,29,38,908,2201648.9067442142,6395924.47796989,True,True,False
1215,29,39,909,2198628.500950233,6372972.154303077,True,True,False
1216,29,40,910,2195628.902710424,6350079.9247720465,True,False,False
1217,29,41,911,2194596.44619531,6333205.426172213,True,True,False
1221,30,3,912,2346362.5705935042,7228465.234519289,False,False,False
1222,30,4,913,2343721.050361481,7211772.013450686,False,True,False
1223,30,5,914,2339771.392411187,7186496.166284102,True,True,False
1224,30,6,915,2335851.9982344406,7161298.616507823,True,True,False
1225,30,7,916,2331962.534260202,7136178.732484722,True,True,False
1226,30,8,917,2328102.671811806,7111135.888874502,True,False,False
1227,30,9,918,2324272.0870186067,7086169.466550314,True,True,False
1228,30,10,919,2320470.4607295203,7061278.852516648,True,True,False
1229,30,11,920,2316697.4784284076,7036463.439828484,True,False,False
1230,30,12,921,2312952.830151257,7011722.627511686,True,False,False
1231,30,13,922,2309236.21040512,6987055.820484555,True,False,False
1232,30,14,923,2305547.3180887597,6962462.4294806495,True,True,False
1233,30,15,924,2301885.8564149686,6937941.870972711,True,True,False
1234,30,16,925,2298251.532834516,6913493.567097764,False,True,False
1235,30,17,926,2294644.0589616834,6889116.945583354,True,True,True
1236,30,18,927,2291063.1505013607,6864811.439674886,True,False,True
1237,30,19,928,2287508.527177644,6840576.488064057,True,True,False
1238,30,20,929,2283979.9126639203,6816411.53481836,True,True,False
1239,30,21,930,2280477.0345143983,6792316.029311661,True,True,False
1240,30,22,931,2276999.624097036,6768289.426155784,True,True,False
1241,30,23,932,2273547.4165278603,6744331.185133157,False,True,False
1242,30,24,933,2270120.150606613,6720440.771130419,True,True,False
1243,30,25,934,2266717.568753723,6696617.654073037,True,True,False
1244,30,26,935,2263339.416948547,6672861.308860906,False,True,False
1245,30,27,936,2259985.4446688723,6649171.215304873,True,True,False
1246,30,28,937,2256655.4048316297,6625546.858064208,True,False,False
1247,30,29,938,2253349.053734811,6601987.726585026,False,True,False
1248,30,30,939,2250066.1510005416,6578493.315039554,False,False,False
1249,30,31,940,2246806.4595192997,6555063.122266367,True,True,False
1250,30,32,941,2243569.7453952422,6531696.651711432,True,False,False
1251,30,33,942,2240355.777892623,6508393.411370053,True,True,False
1252,30,34,943,2237164.329383265,6485152.913729654,True,True,False
1253,30,35,944,2233995.1752950824,6461974.675713387,True,True,True
1254,30,36,945,2230848.0940616,6438858.218624575,True,True,False
1255,30,37,946,2227722.8670724807,6415803.068091947,True,False,False
1256,30,38,947,2224619.278625011,6392808.754015659,True,True,False
1257,30,39,948,2221537.115876533,6369874.810514141,True,True,False
1258,30,40,949,2218476.168797812,6347000.775871627,True,True,False
1259,30,41,950,2216558.905178916,6327147.019298065,True,True,False
1263,31,3,951,2373071.790847607,7225397.312736192,False,True,False
1264,31,4,952,2369041.0040402133,7207823.008693136,False,True,False
1265,31,5,953,2365013.3767848336,7182574.118474617,False,True,False
1266,31,6,954,2361016.5774272643,7157403.22288534,True,True,False
1267,31,7,955,2357050.2666938426,7132309.694713624,True,True,False
1268,31,8,956,2353114.110279592,7107292.912964514,True,False,False
1269,31,9,957,2349207.7787587424,7082352.262778139,True,True,False
1270,31,10,958,2345330.9474971513,7057487.13534924,True,True,False
1271,31,11,959,2341483.296566597,7032696.92784798,False,False,False
1272,31,12,960,2337664.510660879,7007981.043341904,False,False,False
1273,31,13,961,2333874.2790136933,6983338.8907190785,True,False,False
1274,31,14,962,2330112.2953182436,6958769.884612386,True,False,False
1275,31,15,963,2326378.257648528,6934273.4453249555,False,False,False
1276,31,16,964,2322671.8683822863,6909848.998756699,False,True,False
1277,31,17,965,2318992.83412554,6885495.9763319595,True,True,True
1278,31,18,966,2315340.8656387134,6861213.814928202,True,True,True
1279,31,19,967,2311715.6777642774,6837001.956805817,True,True,False
1280,31,20,968,2308116.989355892,6812859.849538918,True,True,False
1281,31,21,969,2304544.5232090056,6788786.945947193,True,True,False
1282,31,22,970,2300998.0059928806,6764782.704028749,False,False,False
1283,31,23,971,2297477.1681840084,6740846.586893952,False,False,False
1284,31,24,972,2293981.7440008842,6716978.062700253,True,False,False
1285,31,25,973,2290511.4713401045,6693176.604587955,True,True,False
1286,31,26,974,2287066.091713763,6669441.690616935,False,False,False
1287,31,27,975,2283645.350188112,6645772.803704287,True,True,False
1288,31,28,976,2280248.995323456,6622169.43156288,True,False,False
1289,31,29,977,2276876.7791152536,6598631.066640811,True,True,False
1290,31,30,978,2273528.4569364013,6575157.206061748,True,True,False
1291,31,31,979,2270203.787480661,6551747.351566129,True,True,False
1292,31,32,980,2266902.5327072255,6528401.009453218,False,False,False
1293,31,33,981,2263624.4577863715,6505117.69052401,False,False,False
1294,31,34,982,2260369.3310461915,6481896.910024946,True,False,False
1295,31,35,983,2257136.9239203795,6458738.187592445,True,True,True
1296,31,36,984,2253927.010897037,6435641.0471982425,True,True,False
1297,31,37,985,2250739.3694684845,6412605.017095509,False,True,False
1298,31,38,986,2247573.780082052,6389629.629765735,True,True,False
1299,31,39,987,2244430.0260918313,6366714.421866382,False,False,False
1300,31,40,988,2241307.89371136,6343858.93417929,True,False,False
1301,31,41,989,2238536.5207687095,6321418.440483461,True,False,False
1302,31,42,990,2242400.1203135527,6308302.081948903,False,False,False
1305,32,3,991,2398622.74775227,7224607.857011549,True,False,False
1306,32,4,992,2394337.4225824145,7203796.417629045,False,False,False
1307,32,5,993,2390232.0974944937,7178574.979727887,False,True,False
1308,32,6,994,2386158.160439863,7153431.228589427,True,False,False
1309,32,7,995,2382115.2665145914,7128364.541493404,True,True,False
1310,32,8,996,2378103.075856202,7103374.301855172,True,True,False
1311,32,9,997,2374121.2535530925,7078459.899145792,True,True,False
1312,32,10,998,2370169.469555886,7053620.72881327,True,False,False
1313,32,11,999,2366247.3985906555,7028856.192204997,True,False,False
1314,32,12,1000,2362354.7200739887,7004165.696491308,False,False,False
1315,32,13,1001,2358491.1180298347,6979548.654590214,False,False,False
1316,32,14,1002,2354656.2810081057,6955004.485093195,True,False,False
1317,32,15,1003,2350849.902004974,6930532.612192165,True,False,False
1318,32,16,1004,2347071.6783848386,6906132.465607422,True,False,False
1319,32,17,1005,2343321.311803913,6881803.480516724,True,True,False
1320,32,18,1006,2339598.5081353947,6857545.097485425,True,True,True
1321,32,19,1007,2335902.9773961804,6833356.762397542,True,True,True
1322,32,20,1008,2332234.4336751024,6809237.926387948,True,True,False
1323,32,21,1009,2328592.5950626195,6785188.045775474,True,True,False
1324,32,22,1010,2324977.1835819664,6761206.581997039,True,False,False
1325,32,23,1011,2321387.925121694,6737293.00154271,True,False,False
1326,32,24,1012,2317824.549369591,6713446.775891726,True,False,False
1327,32,25,1013,2314286.7897479404,6689667.381449441,True,True,False
1328,32,26,1014,2310774.3833500897,6665954.299485202,False,False,False
1329,32,27,1015,2307287.070878293,6642307.016071101,True,True,False
1330,32,28,1016,2303824.5965828095,6618725.022021626,True,True,False
1331,32,29,1017,2300386.708202215,6595207.812834201,True,True,False
1332,32,30,1018,2296973.15690491,6571754.888630546,True,True,False
1333,32,31,1019,2293583.697231792,6548365.75409891,True,True,False
1334,32,32,1020,2290218.0870400607,6525039.918437128,False,True,False
1335,32,33,1021,2286876.08744814,6501776.895296489,False,False,False
1336,32,34,1022,2283557.4627816877,6478576.202726412,True,False,True
1337,32,35,1023,2280261.9805206605,6455437.363119897,True,True,True
1338,32,36,1024,2276989.4112474197,6432359.903159788,True,True,False
1339,32,37,1025,2273739.528595856,6409343.353765763,True,True,False
1340,32,38,1026,2270512.1092015,6386387.250042092,True,True,False
1341,32,39,1027,2267306.932652601,6363491.131226151,False,False,False
1342,32,40,1028,2264123.781442159,6340654.5406376375,False,False,False
1343,32,41,1029,2260110.16589414,6320710.628729427,True,False,False
1346,33,2,1030,2437297.462782128,7236126.677873071,False,False,False
1347,33,3,1031,2424211.141078249,7223776.312886887,True,False,False
1348,33,4,1032,2419609.880682205,7199692.480029543,True,False,False
1349,33,5,1033,2415427.1337401117,7174498.986228196,True,True,False
1350,33,6,1034,2411276.330919661,7149382.866282695,True,True,False
1351,33,7,1035,2407157.1217598943,7124343.50202876,True,True,False
1352,33,8,1036,2403069.1609125133,7099380.281355647,True,True,False
1353,33,9,1037,2399012.1080502365,7074492.598128005,False,False,False
1354,33,10,1038,2394985.627777113,7049679.8521087915,False,False,False
1355,33,11,1039,2390989.3895407207,7024941.44888341,True,False,False
1356,33,12,1040,2387023.0675462256,7000276.799784859,True,False,False
1357,33,13,1041,2383086.3406722383,6975685.321820068,True,False,False
1358,33,14,1042,2379178.892388436,6951166.437597236,True,False,False
1359,33,15,1043,2375300.4106749077,6926719.5752542615,False,False,False
1360,33,16,1044,2371450.5879431693,6902344.168388221,True,False,False
1361,33,17,1045,2367629.1209588214,6878039.655985871,True,True,False
1362,33,18,1046,2363835.7107658098,6853805.48235512,True,True,False
1363,33,19,1047,2360070.062612242,6829641.097057561,True,True,True
1364,33,20,1048,2356331.8858777285,6805545.954841928,True,True,True
1365,33,21,1049,2352620.894002214,6781519.515578537,True,True,True
1366,33,22,1050,2348936.8044162616,6757561.244194682,False,True,False
1367,33,23,1051,2345279.338472755,6733670.610610918,True,True,False
1368,33,24,1052,2341648.2213799893,6709847.089678331,True,False,False
1369,33,25,1053,2338043.182136107,6686090.161116659,True,True,False
1370,33,26,1054,2334463.9534648694,6662399.3094533095,True,True,False
1371,33,27,1055,2330910.2717527077,6638774.023963256,True,True,False
1372,33,28,1056,2327381.876987042,6615213.798609811,True,True,False
1373,33,29,1057,2323878.512695828,6591718.131986205,True,False,False
1374,33,30,1058,2320399.9258883153,6568286.527258049,False,False,False
1375,33,31,1059,2316945.8669969724,6544918.492106561,True,True,False
1376,33,32,1060,2313516.0898205684,6521613.538672645,True,True,False
1377,33,33,1061,2310110.351468378,6498371.183501748,True,False,True
1378,33,34,1062,2306728.4123054803,6475190.947489488,True,False,True
1379,33,35,1063,2303370.0358991325,6452072.355828054,True,True,False
1380,33,36,1064,2300034.988966195,6429014.937953383,True,False,False
1381,33,37,1065,2296723.041321578,6406018.227493031,True,False,False
1382,33,38,1066,2293433.965827693,6383081.762214864,True,True,False
1383,33,39,1067,2290167.538344884,6360205.083976358,True,True,False
1384,33,40,1068,2286923.537682812,6337387.738674705,True,True,False
1385,33,41,1069,2281341.9053273355,6322677.861101389,True,True,False
1388,34,2,1070,2454938.7571800966,7235510.8189160405,False,False,False
1389,34,3,1071,2449150.701953064,7220754.176695281,False,False,False
1390,34,4,1072,2444857.9562558555,7195511.439569954,True,False,False
1391,34,5,1073,2440598.067885248,7170346.378012531,True,True,False
1392,34,6,1074,2436370.67562042,7145258.372429748,True,True,False
1393,34,7,1075,2432175.423517486,7120246.809276437,True,True,False
1394,34,8,1076,2428011.9608148434,7095311.080977982,True,True,False
1395,34,9,1077,2423879.941840511,7070450.585853908,True,False,False
1396,34,10,1078,2419779.025921436,7045664.728042537,False,False,False
1397,34,11,1079,2415708.8772947127,7020952.917426764,True,False,False
1398,34,12,1080,2411669.165020665,6996314.569560899,True,True,False
1399,34,13,1081,2407659.562897748,6971749.10559853,False,True,False
1400,34,14,1082,2403679.749379226,6947255.952221481,True,True,False
1401,34,15,1083,2399729.407491592,6922834.54156973,True,True,False
1402,34,16,1084,2395808.2247546725,6898484.311172383,True,True,False
1403,34,17,1085,2391915.893103385,6874204.703879605,True,True,False
1404,34,18,1086,2388052.108811113,6849995.167795543,True,True,False
1405,34,19,1087,2384216.5724146534,6825855.156212203,True,True,False
1406,34,20,1088,2380408.9886407014,6801784.127544278,True,True,True
1407,34,21,1089,2376629.066333839,6777781.545264895,True,False,True
1408,34,22,1090,2372876.5183859887,6753846.877842288,True,False,True
1409,34,23,1091,2369151.061667296,6729979.598677369,True,True,False
1410,34,24,1092,2365452.4169584205,6706179.186042188,True,True,False
1411,34,25,1093,2361780.3088841783,6682445.12301926,True,True,False
1412,34,26,1094,2358134.465848534,6658776.897441768,True,False,False
1413,34,27,1095,2354514.6199708865,6635174.001834596,True,True,False
1414,34,28,1096,2350920.50702363,6611635.933356198,True,True,False
1415,34,29,1097,2347351.8663709643,6588162.193741299,True,False,False
1416,34,30,1098,2343808.440908914,6564752.289244397,False,False,False
1417,34,31,1099,2340289.97700654,6541405.730584054,False,True,False
1418,34,32,1100,2336796.224448312,6518122.032887974,True,False,False
1419,34,33,1101,2333326.9363776133,6494900.715638857,True,False,True
1420,34,34,1102,2329881.8692413555,6471741.302621006,True,False,False
1421,34,35,1103,2326460.78273568,6448643.321867676,True,True,False
1422,34,36,1104,2323063.4397527124,6425606.305609173,False,True,False
1423,34,37,1105,2319689.6063283603,6402629.790221651,False,True,False
1424,34,38,1106,2316339.0515911165,6379713.316176648,True,True,False
1425,34,39,1107,2313011.547711859,6356856.427991309,True,True,False
1426,34,40,1108,2308878.1103366693,6336390.476167918,True,True,False
1427,34,41,1109,2297064.105432391,6324098.310967077,False,False,False
1430,35,2,1110,2478915.1675132453,7234611.35172342,True,False,False
1431,35,3,1111,2474451.38610035,7216467.036647762,True,False,False
1432,35,4,1112,2470081.2304872083,7191253.543777272,False,False,False
1433,35,5,1113,2465744.485501813,7166117.398919219,False,True,False
1434,35,6,1114,2461440.7844463056,7141057.987246911,True,True,False
1435,35,7,1115,2457169.765968797,7116074.699896034,True,True,False
1436,35,8,1116,2452931.0739677055,7091166.933888924,True,True,False
1437,35,9,1117,2448724.3574981242,7066334.092059929,True,False,False
1438,35,10,1118,2444549.270680164,7041575.582981796,True,False,False
1439,35,11,1119,2440405.472609214,7016890.82089314,True,False,False
1440,35,12,1120,2436292.627268097,6992279.225626924,False,True,False
1441,35,13,1121,2432210.403441041,6967740.222539952,False,False,False
1442,35,14,1122,2428158.4746294576,6943273.242443367,True,True,False
1443,35,15,1123,2424136.51896946,6918877.721534139,True,True,False
1444,35,16,1124,2420144.219151093,6894553.101327508,True,True,False
1445,35,17,1125,2416181.2623392176,6870298.828590376,True,False,False
1446,35,18,1126,2412247.340096038,6846114.355275684,True,False,False
1447,35,19,1127,2408342.148305203,6821999.138457654,True,True,False
1448,35,20,1128,2404465.387097467,6797952.640267977,True,True,False
1449,35,21,1129,2400616.760777862,6773974.327832915,True,True,False
1450,35,22,1130,2396795.9777543447,6750063.673211231,True,True,True
1451,35,23,1131,2393002.7504678955,6726220.153333069,True,True,True
1452,35,24,1132,2389236.7953240247,6702443.249939618,True,True,False
1453,35,25,1133,2385497.832625654,6678732.449523666,True,False,False
1454,35,26,1134,2381785.586507349,6655087.243270976,False,False,False
1455,35,27,1135,2378099.784870865,6631507.127002468,False,True,False
1456,35,28,1136,2374440.159321978,6607991.601117232,True,True,False
1457,35,29,1137,2370806.4451085706,6584540.170536307,True,False,False
1458,35,30,1138,2367198.381059945,6561152.344647279,False,False,False
1459,35,31,1139,2363615.709527337,6537827.6372496085,True,True,False
1460,35,32,1140,2360058.1763255973,6514565.566500748,True,False,True
1461,35,33,1141,2356525.530676026,6491365.654862986,True,False,True
1462,35,34,1142,2353017.525150315,6468227.429051047,True,True,False
1463,35,35,1143,2349533.915615596,6445150.419980402,True,True,False
1464,35,36,1144,2346074.4611805496,6422134.162716286,False,True,False
1465,35,37,1145,2342638.9241425656,6399178.1964234365,False,True,False
1466,35,38,1146,2339227.069935925,6376282.064316514,True,True,False
1467,35,39,1147,2335838.6670809747,6353445.313611191,True,True,False
1468,35,40,1148,2330611.189603141,6338260.649683448,True,True,False
1472,36,2,1149,2504351.840227673,7233578.429431158,False,False,False
1473,36,3,1150,2499726.5599673134,7212102.806973752,True,False,False
1474,36,4,1151,2495279.2878720765,7186919.043977089,True,True,False
1475,36,5,1152,2490865.975413814,7161812.296535948,True,True,False
1476,36,6,1153,2486486.2504949914,7136781.954651387,True,True,False
1477,36,7,1154,2482139.7464314215,7111827.414200241,True,True,False
1478,36,8,1155,2477826.1018556524,7086948.076861232,True,False,False
1479,36,9,1156,2473544.9606223977,7062143.3500421,True,False,False
1480,36,10,1157,2469295.9717159425,7037412.646807757,True,False,False
1481,36,11,1158,2465078.7891595014,7012755.385809449,True,True,False
1482,36,12,1159,2460893.0719264643,6988170.99121489,True,True,False
1483,36,13,1160,2456738.4838534906,6963658.892639386,True,False,False
1484,36,14,1161,2452614.6935554044,6939218.525077913,True,True,False
1485,36,15,1162,2448521.3743418586,6914849.32883815,False,True,False
1486,36,16,1163,2444458.204135708,6890550.749474428,True,False,False
1487,36,17,1164,2440424.8653930696,6866322.237722598,True,False,False
1488,36,18,1165,2436421.045025014,6842163.24943584,True,True,False
1489,36,19,1166,2432446.434320868,6818073.245521318,False,True,False
1490,36,20,1167,2428500.728873064,6794051.691877732,True,True,False
1491,36,21,1168,2424583.6285035326,6770098.0593337575,True,False,False
1492,36,22,1169,2420694.8371915733,6746211.823587305,True,True,False
1493,36,23,1170,2416834.06300319,6722392.465145632,True,True,True
1494,36,24,1171,2413001.018021838,6698639.469266293,True,True,False
1495,36,25,1172,2409195.4182805754,6674952.325898914,True,False,False
1496,36,26,1173,2405416.9836955597,6651330.529627728,True,False,False
1497,36,27,1174,2401665.438000873,6627773.579614945,True,False,False
1498,36,28,1175,2397940.5086846487,6604280.979544897,True,True,False
1499,36,29,1176,2394241.9269264583,6580852.237568931,True,False,False
1500,36,30,1177,2390569.4275359367,6557486.866251069,True,False,False
1501,36,31,1178,2386922.7488926216,6534184.382514431,True,True,True
1502,36,32,1179,2383301.632886968,6510944.30758837,False,True,True
1503,36,33,1180,2379705.8248625244,6487766.166956329,False,True,False
1504,36,34,1181,2376135.0735592325,6464649.490304436,True,True,False
1505,36,35,1182,2372589.131057835,6441593.811470777,True,False,False
1506,36,36,1183,2369067.752725363,6418598.6683953665,True,False,False
1507,36,37,1184,2365570.6971616712,6395663.603070815,True,True,False
1508,36,38,1185,2362097.7261470202,6372788.161493638,True,False,False
1509,36,39,1186,2357881.902954012,6351857.762239804,False,False,False
1510,36,40,1187,2346607.1547079994,6339606.540368845,True,False,False
1513,37,1,1188,2541476.429911878,7244673.317237352,False,False,False
1514,37,2,1189,2529824.749713573,7232212.214696051,False,False,False
1515,37,3,1190,2524975.8070834144,7207661.746599297,False,False,False
1516,37,4,1191,2520451.7162616267,7182508.195239903,False,True,False
1517,37,5,1192,2515962.129740115,7157431.322147256,True,True,False
1518,37,6,1193,2511506.6700997925,7132430.5222098585,True,False,False
1519,37,7,1194,2507084.9654006446,7107505.196104542,True,True,False
1520,37,8,1195,2502696.649084207,7082654.750224429,True,True,False
1521,37,9,1196,2498341.359878089,7057878.5966078695,False,False,False
1522,37,10,1197,2494018.7417024975,7033176.152868319,True,False,False
1523,37,11,1198,2489728.4435787136,7008546.842125259,True,False,False
1524,37,12,1199,2485470.119539476,6983990.092935972,True,True,False
1525,37,13,1200,2481243.428541219,6959505.339228314,True,True,False
1526,37,14,1201,2477048.0343781356,6935092.020234375,True,True,False
1527,37,15,1202,2472883.605598008,6910749.580425079,True,False,False
1528,37,16,1203,2468749.8154197647,6886477.469445639,True,True,False
1529,37,17,1204,2464646.341652738,6862275.142051929,True,True,False
1530,37,18,1205,2460572.8666175655,6838142.058047719,True,True,False
1531,37,19,1206,2456529.077068702,6814077.682222758,False,False,False
1532,37,20,1207,2452514.664118509,6790081.484291706,True,True,False
1533,37,21,1208,2448529.3231628826,6766152.938833917,False,False,False
1534,37,22,1209,2444572.7538083773,6742291.525234014,True,True,False
1535,37,23,1210,2440644.6598008038,6718496.727623306,True,True,True
1536,37,24,1211,2436744.748955255,6694768.034821981,True,True,True
1537,37,25,1212,2432872.733087533,6671104.940282107,False,False,True
1538,37,26,1213,2429028.3279469456,6647506.94203137,False,False,True
1539,37,27,1214,2425211.2531504375,6623973.542617632,True,False,True
1540,37,28,1215,2421421.2321180296,6600504.249054198,True,True,True
1541,37,29,1216,2417657.9920095336,6577098.572765841,True,True,True
1542,37,30,1217,2413921.2636625096,6553756.029535564,True,True,True
1543,37,31,1218,2410210.781531456,6530476.139452075,True,True,True
1544,37,32,1219,2406526.283628172,6507258.426857978,True,True,False
1545,37,33,1220,2402867.511463304,6484102.42029866,False,True,False
1546,37,34,1221,2399234.2099890173,6461007.652471865,True,True,False
1547,37,35,1222,2395626.1275427854,6437973.66017796,False,False,False
1548,37,36,1223,2392043.01579227,6414999.984270856,True,True,False
1549,37,37,1224,2388484.629681264,6392086.1696096,True,True,False
1550,37,38,1225,2384950.7273766715,6369231.76501061,False,False,False
1551,37,39,1226,2380073.813022899,6353544.750686621,False,False,False
1555,38,1,1227,2554655.366278124,7243291.131482384,False,False,False
1556,38,2,1228,2554827.8611134407,7228339.046569666,False,False,False
1557,38,3,1229,2550198.7144382577,7203144.118188716,True,True,False
1558,38,4,1230,2545598.1069047344,7178021.256326901,True,True,False
1559,38,5,1231,2541032.5439361823,7152974.730681466,True,False,False
1560,38,6,1232,2536501.6428708206,7128003.941086549,True,False,False
1561,38,7,1233,2532005.0265900088,7103108.293076377,True,False,False
1562,38,8,1234,2527542.3234198415,7078287.197815073,True,True,False
1563,38,9,1235,2523113.167034815,7053540.072027392,True,True,False
1564,38,10,1236,2518717.196363497,7028866.33793041,True,False,False
1565,38,11,1237,2514354.0554961665,7004265.423166101,True,False,False
1566,38,12,1238,2510023.3935943646,6979736.760734857,True,True,False
1567,38,13,1239,2505724.864802322,6955279.788929863,True,True,False
1568,38,14,1240,2501458.1281602117,6930893.9512723945,False,False,False
1569,38,15,1241,2497222.8475191826,6906578.696447937,True,False,False
1570,38,16,1242,2493018.691458143,6882333.478243234,True,False,False
1571,38,17,1243,2488845.3332022317,6858157.755484094,True,True,False
1572,38,18,1244,2484702.4505429673,6834050.991974118,True,True,False
1573,38,19,1245,2480589.725760006,6810012.656434194,True,True,False
1574,38,20,1246,2476506.845544488,6786042.222442819,True,True,False
1575,38,21,1247,2472453.500923936,6762139.168377255,False,True,False
1576,38,22,1248,2468429.387188661,6738302.97735541,True,True,False
1577,38,23,1249,2464434.2038196432,6714533.137178576,True,False,False
1578,38,24,1250,2460467.6544178664,6690829.14027486,True,True,False
1579,38,25,1251,2456529.44663505,6667190.483643447,False,False,False
1580,38,26,1252,2452619.292105764,6643616.668799539,False,False,False
1581,38,27,1253,2448736.906380895,6620107.20172009,False,False,False
1582,38,28,1254,2444882.0088624177,6596661.5927902395,True,False,True
1583,38,29,1255,2441054.322739461,6573279.356750445,True,True,True
1584,38,30,1256,2437253.5749256294,6549960.01264438,True,True,False
1585,38,31,1257,2433479.4959975462,6526703.0837674495,True,True,False
1586,38,32,1258,2429731.820134606,6503508.0976160625,True,True,False
1587,38,33,1259,2426010.285059898,6480374.585837542,True,True,False
1588,38,34,1260,2422314.6319822734,6457302.084180696,True,True,False
1589,38,35,1261,2418644.6055395394,6434290.132447082,False,True,False
1590,38,36,1262,2414999.9537427505,6411338.274442886,True,True,False
1591,38,37,1263,2411380.427921569,6388446.05793145,True,True,False
1592,38,38,1264,2407785.782670675,6365613.034586438,True,False,False
1593,38,39,1265,2406973.894012834,6349879.93762669,True,False,False
1598,39,2,1266,2578796.6095778784,7221645.591225563,True,True,False
1599,39,3,1267,2575394.8725235043,7198550.1880886555,True,True,False
1600,39,4,1268,2570718.0544893094,7173458.489635232,True,True,False
1601,39,5,1269,2566076.816834827,7148442.780657116,True,True,False
1602,39,6,1270,2561470.7717351564,7123502.465990793,True,True,False
1603,39,7,1271,2556899.5369709223,7098636.95608381,False,False,False
1604,39,8,1272,2552362.7358290404,7073845.66692646,False,False,False
1605,39,9,1273,2547859.9970055604,7049128.019984344,True,True,False
1606,39,10,1274,2543390.9545105197,7024483.4421318155,True,True,False
1607,39,11,1275,2538955.247574784,6999911.365586316,True,False,False
1608,39,12,1276,2534552.520558806,6975411.227843564,False,True,False
1609,39,13,1277,2530182.42286327,6950982.471613609,True,True,False
1610,39,14,1278,2525844.6088415734,6926624.544757718,True,False,False
1611,39,15,1279,2521538.7377141,6902336.900226098,False,False,False
1612,39,16,1280,2517264.4734842484,6878118.995996437,True,False,False
1613,39,17,1281,2513021.48485617,6853970.295013277,False,True,False
1614,39,18,1282,2508809.445154178,6829890.26512815,False,True,False
1615,39,19,1283,2504628.0322437873,6805878.379040545,True,False,False
1616,39,20,1284,2500476.9284543484,6781934.114239619,True,True,False
1617,39,21,1285,2496355.8205032484,6758056.952946702,True,False,False
1618,39,22,1286,2492264.399421615,6734246.382058548,True,False,False
1619,39,23,1287,2488202.3604815244,6710501.893091349,False,False,False
1620,39,24,1288,2484169.4031246523,6686822.9821254695,True,True,False
1621,39,25,1289,2480165.230892347,6663209.149750913,False,True,False
1622,39,26,1290,2476189.5513570895,6639659.901013526,False,False,False
1623,39,27,1291,2472242.0760553097,6616174.745361899,True,True,False
1624,39,28,1292,2468322.520421523,6592753.19659496,True,True,False
1625,39,29,1293,2464430.603723768,6569394.772810262,False,True,False
1626,39,30,1294,2460566.0490003037,6546098.996352966,True,True,False
1627,39,31,1295,2456728.58299755,6522865.393765475,True,True,False
1628,39,32,1296,2452917.936109231,6499693.495737728,True,False,False
1629,39,33,1297,2449133.8423167053,6476582.837058185,True,True,False
1630,39,34,1298,2445376.0391304507,6453532.9565654,True,True,False
1631,39,35,1299,2441644.267532679,6430543.397100264,True,True,False
1632,39,36,1300,2437938.2719210554,6407613.705458877,True,False,False
1633,39,37,1301,2434257.8000535024,6384743.4323460115,True,True,False
1634,39,38,1302,2430602.6029940555,6361932.132329201,True,False,False
1635,39,39,1303,2428501.8491661553,6343166.349308434,True,False,False
1640,40,2,1304,2597607.5705686454,7214297.4425711725,False,False,False
1641,40,3,1305,2598363.792370075,7193156.830942527,True,False,False
1642,40,4,1306,2595811.1571825673,7168820.161142736,True,False,False
1643,40,5,1307,2591094.550685934,7143835.734128872,False,False,False
1644,40,6,1308,2586413.6629760284,7118926.355124081,True,True,False
1645,40,7,1309,2581768.1068113013,7094091.4395437,True,False,False
1646,40,8,1310,2577157.5005164077,7069330.408257932,True,False,False
1647,40,9,1311,2572581.4678842616,7044642.687526231,True,False,False
1648,40,10,1312,2568039.6380801215,7020027.708932551,True,True,False
1649,40,11,1313,2563531.64554766,6995484.909321416,False,True,False
1650,40,12,1314,2559057.1299169706,6971013.7307348065,False,True,False
1651,40,13,1315,2554615.7359144655,6946613.620349886,True,False,False
1652,40,14,1316,2550207.113274616,6922284.03041749,True,False,False
1653,40,15,1317,2545830.9166535065,6898024.41820145,True,False,False
1654,40,16,1318,2541486.8055441324,6873834.245918686,True,True,False
1655,40,17,1319,2537174.444193439,6849712.980680076,True,True,False
1656,40,18,1320,2532893.501521022,6825660.094432077,True,False,False
1657,40,19,1321,2528643.6510394826,6801675.063899125,True,True,False
1658,40,20,1322,2524424.5707763773,6777757.370526763,True,True,False
1659,40,21,1323,2520235.9431977374,6753906.500425527,True,True,False
1660,40,22,1324,2516077.4551331196,6730121.944315532,True,False,False
1661,40,23,1325,2511948.79770215,6706403.197471792,True,True,False
1662,40,24,1326,2507849.666242532,6682749.759670257,True,False,False
1663,40,25,1327,2503779.760239477,6659161.135134522,True,True,False
1664,40,26,1328,2499738.783256536,6635636.832483262,True,True,False
1665,40,27,1329,2495726.442867793,6612176.364678325,True,True,False
1666,40,28,1330,2491742.4505913914,6588779.248973499,True,True,False
1667,40,29,1331,2487786.521824359,6565445.006863944,True,False,False
1668,40,30,1332,2483858.375778718,6542173.1640362935,True,True,False
1669,40,31,1333,2479957.735418826,6518963.250319382,True,True,False
1670,40,32,1334,2476084.3273999454,6495814.799635618,True,True,False
1671,40,33,1335,2472237.8820079993,6472727.349952994,True,True,False
1672,40,34,1336,2468418.1331004896,6449700.443237687,True,True,False
1673,40,35,1337,2464624.8180485545,6426733.625407327,False,False,False
1674,40,36,1338,2460857.677680138,6403826.446284806,False,False,False
1675,40,37,1339,2457116.456224253,6380978.459552723,True,True,False
1676,40,38,1340,2453400.901256299,6358189.222708409,False,False,False
1677,40,39,1341,2450407.7242526063,6336346.754753757,False,True,False
1678,40,40,1342,2457649.0767025365,6322054.314277621,False,True,False
1683,41,3,1343,2611313.256682441,7179810.834292141,False,False,False
1684,41,4,1344,2611852.078762704,7162263.222133748,False,False,False
1685,41,5,1345,2612585.5127808847,7138476.454830228,False,False,False
1686,41,6,1346,2611271.248716831,7114238.241099573,False,True,False
1687,41,7,1347,2606610.349713238,7089472.001269442,False,True,False
1688,41,8,1348,2601926.2349618254,7064741.675863669,True,True,False
1689,41,9,1349,2597277.200982468,7040084.325014286,True,True,False
1690,41,10,1350,2592662.8721700027,7015499.385065791,True,True,False
1691,41,11,1351,2588082.8782537337,6990986.2975400565,True,True,False
1692,41,12,1352,2583536.854204721,6966544.509074953,True,True,False
1693,41,13,1353,2579024.4401449636,6942173.471363715,True,True,False
1694,41,14,1354,2574545.281258441,6917872.641095084,True,True,False
1695,41,15,1355,2570099.0277039697,6893641.479894218,False,True,False
1696,41,16,1356,2565685.3345298185,6869479.4542643335,False,True,False
1697,41,17,1357,2561303.8615900646,6845386.035529096,True,False,False
1698,41,18,1358,2556954.27346263,6821360.699775734,False,False,False
1699,41,19,1359,2552636.23936897,6797402.927798877,True,True,False
1700,41,20,1360,2548349.4330953723,6773512.205045112,True,False,False
1701,41,21,1361,2544093.5329158315,6749688.021558228,True,True,False
1702,41,22,1362,2539868.221516464,6725929.871925189,False,True,False
1703,41,23,1363,2535673.1859214185,6702237.255222746,False,True,False
1704,41,24,1364,2531508.1174202664,6678609.674964786,True,False,False
1705,41,25,1365,2527372.711496819,6655046.639050282,True,True,False
1706,41,26,1366,2523266.6677593547,6631547.659711983,False,False,False
1707,41,27,1367,2519189.6898722104,6608112.253465691,False,False,False
1708,41,28,1368,2515141.4854887226,6584739.941060219,False,False,False
1709,41,29,1369,2511121.76618547,6561430.247427977,True,False,False
1710,41,30,1370,2507130.2473978056,6538182.701636184,False,True,False
1711,41,31,1371,2503166.6483566356,6514996.836838714,False,False,False
1712,41,32,1372,2499230.6920264256,6491872.190228535,True,True,False
1713,41,33,1373,2495322.105044406,6468808.302990763,True,True,False
1714,41,34,1374,2491440.6176609425,6445804.720256324,False,False,False
1715,41,35,1375,2487585.9636810604,6422860.991056179,False,False,False
1716,41,36,1376,2483757.880407083,6399976.668276158,False,False,False
1717,41,37,1377,2479956.1085823667,6377151.308612355,True,True,False
1718,41,38,1378,2476180.392336109,6354384.472527078,True,True,False
1719,41,39,1379,2472430.479129202,6331675.724205391,False,True,False
1720,41,40,1380,2472831.1738682007,6317224.999153775,False,False,False
1728,42,6,1381,2626680.3642663383,7105729.492491424,False,False,False
1729,42,7,1382,2628605.1482073623,7083746.344164736,True,True,False
1730,42,8,1383,2626668.5599566647,7060079.727101081,True,True,False
1731,42,9,1384,2621946.82086507,7035453.186072934,False,False,False
1732,42,10,1385,2617260.2850742657,7010898.720488369,True,True,False
1733,42,11,1386,2612608.577672584,6986415.776595549,False,True,False
1734,42,12,1387,2607991.3290439416,6962003.805676526,False,False,False
1735,42,13,1388,2603408.174776349,6937662.263988291,False,False,False
1736,42,14,1389,2598858.755572279,6913390.612704569,True,True,False
1737,42,15,1390,2594342.7171608615,6889188.317858313,True,True,False
1738,42,16,1391,2588174.7994475393,6866935.434873503,False,False,False
1739,42,17,1392,2582857.6251310813,6838936.262595832,False,False,False
1740,42,18,1393,2580991.4175791284,6816992.303974579,True,False,False
1741,42,19,1394,2576605.4571878267,6793062.190419301,True,True,False
1742,42,20,1395,2572251.1786834956,6769198.834391441,True,False,False
1743,42,21,1396,2567928.2562079155,6745401.729911064,False,False,False
1744,42,22,1397,2563636.3683623923,6721670.375474399,False,False,False
1745,42,23,1398,2559375.1981330677,6698004.274001849,False,False,False
1746,42,24,1399,2555144.4328177106,6674402.932786572,True,False,False
1747,42,25,1400,2550943.763953951,6650865.863443757,True,True,False
1748,42,26,1401,2546772.8872489235,6627392.581860509,True,False,False
1749,42,27,1402,2542631.5025102897,6603982.608146354,False,False,False
1750,42,28,1403,2538519.31357861,6580635.466584397,True,False,False
1751,42,29,1404,2534436.0282610287,6557350.685583035,True,True,False
1752,42,30,1405,2530381.3582662544,6534127.79762834,False,True,False
1753,42,31,1406,2526355.019140795,6510966.339236966,False,False,False
1754,42,32,1407,2522356.730206423,6487865.850909711,False,False,False
1755,42,33,1408,2518386.2144988505,6464825.877085609,True,True,False
1756,42,34,1409,2514443.1987075806,6441845.966096625,True,True,False
1757,42,35,1410,2510527.4131169077,6418925.670122908,False,False,False
1758,42,36,1411,2506638.591548046,6396064.545148604,True,False,False
1759,42,37,1412,2502776.4713023654,6373262.150918213,True,False,False
1760,42,38,1413,2498940.7931056935,6350518.050893505,True,False,False
1761,42,39,1414,2495131.301053687,6327831.812210967,False,False,False
1762,42,40,1415,2493396.983985495,6310634.5201911945,False,False,False
1771,43,7,1416,2641973.145713148,7070692.706489567,False,False,False
1772,43,8,1417,2643502.9303928064,7053236.536783703,False,False,False
1773,43,9,1418,2645083.0832750704,7030021.4484728705,False,False,False
1774,43,10,1419,2641831.5083177527,7006225.968330864,True,True,False
1775,43,11,1420,2637108.378958319,6981773.595976971,False,False,False
1776,43,12,1421,2632420.1931759967,6957391.866450329,False,True,False
1777,43,13,1422,2627766.582095759,6933080.240618095,False,True,False
1778,43,14,1423,2623062.8849485833,6908957.173414881,False,True,False
1779,43,15,1424,2614349.857160843,6888249.616435387,False,False,False
1780,43,16,1425,2605232.5115713337,6872625.5687353965,False,False,False
1781,43,17,1426,2601431.6451493273,6828790.305916238,False,False,False
1782,43,18,1427,2604718.286066739,6812336.294938573,True,True,False
1783,43,19,1428,2600550.967215866,6788653.07428896,False,True,False
1784,43,20,1429,2596129.473530406,6764817.47797783,True,False,False
1785,43,21,1430,2591739.7822960657,6741047.841832226,False,False,False
1786,43,22,1431,2587381.5680884533,6717343.668299071,True,False,False
1787,43,23,1432,2583054.509913644,6693704.464183259,True,False,False
1788,43,24,1433,2578758.2911344017,6670129.740597598,True,False,False
1789,43,25,1434,2574492.5993978577,6646619.012913315,True,True,False
1790,43,26,1435,2570257.1265645903,6623171.800711218,True,True,False
1791,43,27,1436,2566051.568639107,6599787.627733402,True,True,False
1792,43,28,1437,2561875.6257016663,6576466.0218355935,True,True,False
1793,43,29,1438,2557729.0018414357,6553206.514940051,False,True,False
1794,43,30,1439,2553611.4050909355,6530008.642989054,False,True,False
1795,43,31,1440,2549522.5473617567,6506871.945898957,False,False,False
1796,43,32,1441,2545462.1443815045,6483795.967514816,False,False,False
1797,43,33,1442,2541429.9156319727,6460780.255565545,False,True,False
1798,43,34,1443,2537425.5842884784,6437824.361619672,True,True,False
1799,43,35,1444,2533448.8771603755,6414927.841041594,True,True,False
1800,43,36,1445,2529459.926963113,6392144.835768454,True,True,False
1801,43,37,1446,2522054.068588177,6371109.195608498,True,False,False
1802,43,38,1447,2519476.1106733675,6346028.065271544,True,False,False
1803,43,39,1448,2517812.9398701247,6323926.722348594,False,False,False
1804,43,40,1449,2515080.3539438094,6303625.238026538,False,False,False
1815,44,9,1450,2658629.279507426,7018567.682909332,False,False,False
1816,44,10,1451,2658378.775291039,7001471.198134625,True,True,False
1817,44,11,1452,2656726.995512142,6977134.985577502,False,True,False
1818,44,12,1453,2655043.6886656554,6952440.893897142,False,True,False
1819,44,13,1454,2651131.5957153984,6929614.286813443,False,False,False
1820,44,14,1455,2641135.727688968,6910937.88093057,False,False,False
1824,44,18,1456,2625371.748306267,6804097.739192882,True,True,False
1825,44,19,1457,2624244.7222307543,6784065.180638933,False,False,False
1826,44,20,1458,2619983.9863726646,6760368.357990648,True,False,False
1827,44,21,1459,2615527.783103085,6736626.57641169,False,False,False
1828,44,22,1460,2611103.4957676604,6712949.966444753,True,False,False
1829,44,23,1461,2606710.7994507933,6689338.038819089,False,False,False
1830,44,24,1462,2602349.3736374946,6665790.308506475,False,False,False
1831,44,25,1463,2598018.902140513,6642306.294673061,True,True,False
1832,44,26,1464,2593719.0730289016,6618885.520631716,True,True,False
1833,44,27,1465,2589449.578557961,6595527.513795009,True,True,False
1834,44,28,1466,2585210.115100556,6572231.805628721,True,True,False
1835,44,29,1467,2581000.383079751,6548997.931605923,False,False,False
1836,44,30,1468,2576820.086902754,6525825.4311616095,False,True,False
1837,44,31,1469,2572668.93489613,6502713.84764788,False,False,False
1838,44,32,1470,2568546.6392422565,6479662.728289628,False,True,False
1839,44,33,1471,2564452.9159169975,6456671.624140817,False,True,False
1840,44,34,1472,2560387.484628567,6433740.090041238,True,False,False
1841,44,35,1473,2555361.700805585,6412019.745878805,True,True,False
1842,44,36,1474,2546274.330867227,6393942.541716717,False,True,False
1845,44,39,1475,2531439.070336747,6317650.7513537,False,False,False
1846,44,40,1476,2532037.967476295,6297068.745244819,False,False,False
1847,44,41,1477,2537444.2013857034,6284353.520691365,False,False,False
1861,45,13,1478,2665836.369781489,6931269.29163159,False,False,False
1867,45,19,1479,2635792.745025419,6774288.802434827,False,False,False
1868,45,20,1480,2633957.934047611,6755791.354062061,False,False,False
1869,45,21,1481,2631668.02451966,6732592.643488774,True,False,False
1870,45,22,1482,2629338.0825787834,6708857.648344504,True,True,False
1871,45,23,1483,2627236.3183018644,6684761.640807549,False,True,False
1872,45,24,1484,2625913.6213067826,6661382.300092158,True,True,False
1873,45,25,1485,2621522.359045804,6637927.918515439,True,True,False
1874,45,26,1486,2617158.4164741836,6614533.948538167,False,False,False
1875,45,27,1487,2612825.225034628,6591202.47041851,False,False,False
1876,45,28,1488,2608522.4774459163,6567933.0192688005,True,True,False
1877,45,29,1489,2604249.8705172935,6544725.1341489935,True,False,False
1878,45,30,1490,2600007.105081929,6521578.358022412,True,True,False
1879,45,31,1491,2595793.8859316483,6498492.237712072,False,False,False
1880,45,32,1492,2591609.9217529236,6475466.323857475,False,True,False
1881,45,33,1493,2587431.5508100023,6452533.114949787,False,False,False
1882,45,34,1494,2579893.7901568655,6432407.923683286,True,False,False
1883,45,35,1495,2571332.773790237,6416824.241006863,True,True,False
1914,46,24,1496,2644508.9282958657,6653618.286335065,True,True,False
1915,46,25,1497,2644995.533864352,6633479.267299154,False,False,False
1916,46,26,1498,2640574.8492684923,6610117.293858364,False,False,False
1917,46,27,1499,2636178.203330983,6586812.704174165,True,True,False
1918,46,28,1500,2631812.410861668,6563569.866515453,True,True,False
1919,46,29,1501,2627477.165108639,6540388.323564208,False,False,False
1920,46,30,1502,2623172.1633826788,6517267.6218468165,True,True,False
1921,46,31,1503,2618897.1069915425,6494207.311691524,True,True,False
1922,46,32,1504,2613748.7799705053,6472288.967564894,True,True,False
1923,46,33,1505,2604469.898461408,6454011.010314696,True,False,False
1957,47,25,1506,2663433.060273073,6625645.4319975395,False,False,False
1958,47,26,1507,2663956.5168310925,6605627.978512894,True,False,False
1959,47,27,1508,2659508.211228011,6582358.424078681,True,True,False
1960,47,28,1509,2655079.615949719,6559142.553547105,False,False,False
1961,47,29,1510,2650681.9702460193,6535987.70323801,False,False,False
1962,47,30,1511,2646303.6289389394,6512909.7684322875,True,True,False
1963,47,31,1512,2638714.5331630674,6492622.431249431,True,True,False
1964,47,32,1513,2629892.7702101665,6476862.013037755,False,False,False
2000,48,26,1514,2680817.4078981685,6598812.815550604,True,True,False
2001,48,27,1515,2678310.56652313,6578577.122115789,False,True,False
2002,48,28,1516,2674336.3394122557,6555294.921816799,False,False,False
2003,48,29,1517,2670340.8702196064,6532174.567615178,False,False,False
2004,48,30,1518,2663569.069994927,6514054.134213885,True,True,False
