id,xIndex,yIndex,AUTO,xcoord,ycoord,BOOL_ROAD,BOOL_RAILWAY,BOOL_WATERCOURSE
12,1,12,1,1592231.2517676794,7181641.078074082,False,False,False
13,1,13,2,1591755.7334045412,7168044.101402966,False,False,False
14,1,14,3,1592330.9947424347,7151120.69570514,True,True,False
15,1,15,4,1592899.7562429016,7134380.063589335,False,False,False
16,1,16,5,1593443.62313498,7118364.409889967,False,False,False
17,1,17,6,1593849.8088918943,7106398.2634262955,False,False,False
24,1,24,7,1586195.7180215928,6974787.162004888,False,False,False
25,1,25,8,1583435.753391295,6963829.916487948,False,False,False
26,1,26,9,1579713.173969934,6949023.2991493745,False,False,False
27,1,27,10,1579320.9869659292,6939826.599156043,False,False,False
73,2,11,11,1613207.4757238072,7193477.681977729,False,False,False
74,2,12,12,1607628.9461323745,7183462.017899248,False,False,False
75,2,13,13,1606341.2006640583,7166788.576392986,False,False,False
76,2,14,14,1605290.559558945,7149832.477173547,True,True,False
77,2,15,15,1604245.3232371323,7132912.526617589,False,False,False
78,2,16,16,1603205.451374326,7116028.520062378,False,False,False
79,2,17,17,1602548.0587388733,7099373.316570445,False,False,False
80,2,18,18,1603020.8957124085,7082596.568548106,False,False,False
81,2,19,19,1603571.7633305723,7065833.66454394,True,True,False
82,2,20,20,1604117.7822499748,7049211.881267949,True,True,False
83,2,21,21,1604649.460267883,7033020.614167393,True,False,False
84,2,22,22,1603994.1962620928,7012982.063436942,True,False,False
85,2,23,23,1600323.8896849353,6997401.10014992,True,False,False
86,2,24,24,1596303.2057303034,6981524.8108335715,True,False,False
87,2,25,25,1594081.5479007838,6965656.896450089,False,False,False
88,2,26,26,1593093.1892759488,6949121.39348715,False,False,False
89,2,27,27,1593302.5676042265,6936555.919929927,False,False,False
135,3,11,28,1626513.0667196151,7195636.517837413,False,False,False
136,3,12,29,1624368.907779155,7182718.02035454,False,False,False
137,3,13,30,1623276.7952848903,7165730.442312682,False,False,False
138,3,14,31,1622190.3124275256,7148779.181932017,True,True,False
139,3,15,32,1621109.4171133891,7131864.033419407,False,False,False
140,3,16,33,1620034.0676715316,7114984.792479538,False,False,False
141,3,17,34,1618964.2228484573,7098141.256299979,False,True,False
142,3,18,35,1617899.8418029302,7081333.2235363955,False,True,False
143,3,19,36,1616840.8841008605,7064560.494297969,True,True,False
144,3,20,37,1615787.3097102635,7047822.870132965,True,True,False
145,3,21,38,1614739.0789962988,7031120.154014504,True,True,False
146,3,22,39,1613696.152716375,7014452.150326481,True,True,False
147,3,23,40,1612658.4920153331,6997818.664849669,True,True,False
148,3,24,41,1611626.058420699,6981219.504747998,True,True,False
149,3,25,42,1610598.8138380034,6964654.478554949,True,True,False
150,3,26,43,1609576.7205461715,6948123.396160185,True,True,False
151,3,27,44,1609195.1547531858,6932809.474434057,True,True,False
152,3,28,45,1616052.3193434454,6922821.862415689,False,False,False
196,4,10,46,1649435.161604513,7207734.37763317,False,False,False
197,4,11,47,1642898.9136594106,7197954.195853146,False,False,False
198,4,12,48,1641336.2477318603,7181619.3332234435,False,False,False
199,4,13,49,1640208.1428696795,7164636.793130329,False,True,False
200,4,14,50,1639085.8514272447,7147690.532311883,True,True,False
201,4,15,51,1637969.3299550049,7130780.345359064,True,False,False
202,4,16,52,1636858.5354395227,7113906.028355851,True,False,False
203,4,17,53,1635753.4252980412,7097067.378864368,False,False,False
204,4,18,54,1634653.957373132,7080264.1959101865,False,True,False
205,4,19,55,1633560.0899274186,7063496.279967791,True,True,False
206,4,20,56,1632471.781638383,7046763.432946241,True,True,False
207,4,21,57,1631388.9915932463,7030065.458174977,True,False,False
208,4,22,58,1630311.679283926,7013402.160389837,True,False,False
209,4,23,59,1629239.8046020656,6996773.345719209,False,False,False
210,4,24,60,1628173.3278341417,6980178.8216703525,True,False,False
211,4,25,61,1627112.2096566355,6963618.397115918,False,False,False
212,4,26,62,1626056.4111312844,6947091.882280566,False,False,False
213,4,27,63,1625005.893700393,6930599.088727808,True,True,False
214,4,28,64,1626567.7438850733,6914260.897130812,True,True,False
215,4,29,65,1625785.439790512,6897531.979747464,True,True,False
216,4,30,66,1624742.9826967372,6881140.136767583,True,False,False
217,4,31,67,1623705.691718628,6864781.2676846245,True,True,False
218,4,32,68,1623709.53375689,6852845.618544586,True,True,False
258,5,10,69,1661922.3092090485,7209702.894037399,False,False,False
259,5,11,70,1659469.2722706771,7197498.785495486,False,False,False
260,5,12,71,1658299.1675133563,7180484.998799706,False,False,False
261,5,13,72,1657135.1048669505,7163507.658292974,False,True,False
262,5,14,73,1655977.0390752659,7146566.557459212,False,True,False
263,5,15,74,1654824.9253372313,7129661.491285419,False,True,False
264,5,16,75,1653678.7193012175,7112792.256246673,True,True,False
265,5,17,76,1652538.3770594394,7095958.650291314,True,True,False
266,5,18,77,1651403.8551424432,7079160.4728263365,True,True,False
267,5,19,78,1650275.1105136743,7062397.524702898,True,True,False
268,5,20,79,1649152.1005641266,7045669.608202092,True,True,False
269,5,21,80,1648034.7831070707,7028976.527020788,False,False,False
270,5,22,81,1646923.1163728586,7012318.086257721,True,False,False
271,5,23,82,1645817.0590038076,6995694.092399738,True,False,False
272,5,24,83,1644716.570049156,6979104.353308152,True,False,False
273,5,25,84,1643621.608960096,6962548.678205331,True,False,False
274,5,26,85,1642532.1355848764,6946026.877661402,True,False,False
275,5,27,86,1641448.1101639776,6929538.763581133,True,False,False
276,5,28,87,1640369.4933253578,6913084.149190953,True,True,False
277,5,29,88,1639296.2460797664,6896662.849026142,True,True,False
278,5,30,89,1638228.329816127,6880274.678918175,True,True,False
279,5,31,90,1637165.706296985,6863919.455982192,True,True,False
280,5,32,91,1636842.1377053717,6848474.984819699,True,False,False
281,5,33,92,1640583.9783691282,6830775.677552901,False,False,False
282,5,34,93,1639197.514362249,6814558.787901295,False,True,False
283,5,35,94,1637816.6276677342,6798372.448722918,False,True,False
284,5,36,95,1636441.9437805484,6782214.979367231,True,True,False
285,5,37,96,1635073.4831054618,6766086.964395138,False,False,False
286,5,38,97,1633798.5333385384,6750129.782222216,True,True,False
287,5,39,98,1635010.1299867614,6739061.940340321,True,False,False
319,6,9,99,1685794.8168015357,7221851.288637464,False,False,False
320,6,10,100,1678286.5743752643,7212175.589021692,False,False,False
321,6,11,101,1676463.7390869684,7196323.432336414,False,False,False
322,6,12,102,1675257.527768051,7179315.047776392,False,False,False
323,6,13,103,1674057.5429969714,7162343.068179385,False,False,False
324,6,14,104,1672863.7381570851,7145407.287442421,False,False,False
325,6,15,105,1671676.0671002942,7128507.50096043,False,False,False
326,6,16,106,1670494.4841412017,7111643.505611334,True,False,False
327,6,17,107,1669318.9440513526,7094815.09974129,True,True,False
328,6,18,108,1668149.4020535618,7078022.083150166,False,False,False
329,6,19,109,1666985.8138163262,7061264.257077138,False,False,False
330,6,20,110,1665828.135448319,7044541.424186495,True,True,False
331,6,21,111,1664676.323492965,7027853.388553584,False,False,False
332,6,22,112,1663530.334923098,7011199.955650983,False,False,False
333,6,23,113,1662390.1271356926,6994580.932334745,True,False,False
334,6,24,114,1661255.657946679,6977996.12683091,True,False,False
335,6,25,115,1660126.8855858285,6961445.348722093,True,False,False
336,6,26,116,1659003.768691715,6944928.408934286,False,False,False
337,6,27,117,1657886.2663067533,6928445.119723788,False,True,False
338,6,28,118,1656774.3378723047,6911995.294664303,False,True,False
339,6,29,119,1655667.9432238555,6895578.748634179,True,False,False
340,6,30,120,1654567.0425862663,6879195.297803814,False,False,False
341,6,31,121,1653471.5965690888,6862844.759623187,True,True,False
342,6,32,122,1652381.5661619494,6846526.952809557,True,True,False
343,6,33,123,1651296.9127300002,6830241.697335299,True,False,False
344,6,34,124,1650217.5980094338,6813988.814415868,False,False,False
345,6,35,125,1649143.5841030653,6797768.126497923,True,True,False
346,6,36,126,1648074.8334759723,6781579.457247574,True,True,False
347,6,37,127,1647011.3089512012,6765422.631538782,False,True,False
348,6,38,128,1645952.9737055325,6749297.475441869,False,True,False
349,6,39,129,1645497.617175662,6733679.318822393,True,False,False
350,6,40,130,1648692.1794324515,6720450.475680686,True,False,False
381,7,9,131,1697635.1243259904,7223662.996487018,False,False,False
382,7,10,132,1694702.2100451516,7212151.721898985,False,False,False
383,7,11,133,1693453.4701988613,7195112.331990138,False,False,False
384,7,12,134,1692211.189423962,7178109.511784624,False,True,False
385,7,13,135,1690975.3192600536,7161143.054096954,False,True,False
386,7,14,136,1689745.8117347336,7144212.753249235,False,True,False
387,7,15,137,1688522.6193574984,7127318.405056162,True,True,False
388,7,16,138,1687305.6951137336,7110459.806810171,True,True,False
389,7,17,139,1686094.9924587996,7093636.757266796,False,True,False
390,7,18,140,1684890.4653121978,7076849.056630173,False,False,False
391,7,19,141,1683692.0680518278,7060096.506538755,True,True,False
392,7,20,142,1682499.75550833,7043378.910051165,True,True,False
393,7,21,143,1681313.482959509,7026696.071632231,False,True,False
394,7,22,144,1680133.2061248405,7010047.7971391985,False,False,False
395,7,23,145,1678958.8811600604,6993433.893808101,False,False,False
396,7,24,146,1677790.4646518289,6976854.170240281,True,False,False
397,7,25,147,1676627.913612479,6960308.4363890905,True,False,False
398,7,26,148,1675471.1854748363,6943796.503546734,True,False,False
399,7,27,149,1674320.2380871137,6927318.184331272,False,True,False
400,7,28,150,1673175.0297078872,6910873.292673792,True,False,False
401,7,29,151,1672035.5190011358,6894461.643805692,True,False,False
402,7,30,152,1670901.6650313593,6878083.054246169,False,False,False
403,7,31,153,1669773.4272587618,6861737.341789795,True,True,False
404,7,32,154,1668650.7655345108,6845424.325494296,False,True,False
405,7,33,155,1667533.6400960556,6829143.82566842,True,True,False
406,7,34,156,1666422.01156252,6812895.663859977,True,True,False
407,7,35,157,1665315.8409301583,6796679.662844028,True,True,False
408,7,36,158,1664215.0895678764,6780495.646611182,False,False,False
409,7,37,159,1663119.7192128145,6764343.440356018,False,False,False
410,7,38,160,1662029.6919659942,6748222.870465706,False,False,False
411,7,39,161,1660944.9702880299,6732133.764508703,True,False,False
412,7,40,162,1659958.679571362,6716155.111873727,True,False,False
413,7,41,163,1662275.1308127735,6701982.393229524,True,False,False
414,7,42,164,1665709.5623759513,6690909.893878224,False,False,False
443,8,9,165,1713721.3469025304,7226095.588838129,False,False,False
444,8,10,166,1711723.2819075633,7210899.136930338,False,False,False
445,8,11,167,1710438.3257470706,7193865.5173600055,False,True,False
446,8,12,168,1709160.0137010836,7176868.423390393,False,True,False
447,8,13,169,1707888.2959448206,7159907.648278554,False,True,False
448,8,14,170,1706623.1231549424,7142982.986783586,True,True,False
449,8,15,171,1705364.4465032886,7126094.235151712,True,True,False
450,8,16,172,1704112.2176507083,7109241.191101525,False,False,False
451,8,17,173,1702866.3887409838,7092423.653809392,False,False,False
452,8,18,174,1701626.9123948445,7075641.42389508,True,True,False
453,8,19,175,1700393.7417040672,7058894.3034075145,True,True,False
454,8,20,176,1699166.8302256651,7042182.095810724,True,True,False
455,8,21,177,1697946.1319761646,7025504.60596995,False,True,False
456,8,22,178,1696731.601425963,7008861.640137929,False,True,False
457,8,23,179,1695523.1934937716,6992253.005941334,False,False,False
458,8,24,180,1694320.8635411356,6975678.512367378,False,False,False
459,8,25,181,1693124.5673670429,6959137.969750559,False,False,False
460,8,26,182,1691934.261202602,6942631.189759598,True,True,False
461,8,27,183,1690749.901705802,6926157.985384503,True,True,False
462,8,28,184,1689571.4459563496,6909718.170923788,True,False,False
463,8,29,185,1688398.8514505771,6893311.561971853,False,False,False
464,8,30,186,1687232.0760964276,6876937.975406507,False,False,False
465,8,31,187,1686071.0782085103,6860597.229376631,True,True,False
466,8,32,188,1684915.816503227,6844289.143289997,False,True,False
467,8,33,189,1683766.2500939686,6828013.537801217,False,True,False
468,8,34,190,1682622.338486382,6811770.234799829,True,True,False
469,8,35,191,1681484.0415737021,6795559.057398548,True,False,False
470,8,36,192,1680351.3196321498,6779379.829921617,False,False,False
471,8,37,193,1679224.133316401,6763232.377893314,False,True,False
472,8,38,194,1678102.4436551095,6747116.528026588,False,True,False
473,8,39,195,1676986.2120465057,6731032.108211823,True,True,False
474,8,40,196,1675875.400254046,6714978.947505721,True,False,False
475,8,41,197,1674769.9704021309,6698956.876120341,False,False,False
476,8,42,198,1674246.2174794502,6683059.523155341,False,False,False
477,8,43,199,1673538.1271063937,6666995.378483239,False,True,False
478,8,44,200,1672742.9253147435,6651047.793952722,True,True,False
479,8,45,201,1671951.8345002956,6635131.0097971065,True,True,False
480,8,46,202,1671164.8281092157,6619244.89245875,True,True,False
481,8,47,203,1670381.8801556588,6603389.31608101,True,True,False
482,8,48,204,1670377.371681247,6593708.484823235,True,False,False
504,9,8,205,1733868.341652807,7237544.770109474,False,False,False
505,9,9,206,1730067.7519199357,7226674.565764894,False,False,False
506,9,10,207,1728739.2989907453,7209610.708765081,True,True,False
507,9,11,208,1727418.166176438,7192583.022290369,False,True,False
508,9,12,209,1726103.86211971,7175591.816091238,False,False,False
509,9,13,210,1724796.3356364267,7158636.8838792695,True,False,False
510,9,14,211,1723495.5360572608,7141718.020862403,True,False,False
511,9,15,212,1722201.4132212738,7124835.023730088,False,False,False
512,9,16,213,1720913.9174695811,7107987.690638622,False,False,False
513,9,17,214,1719632.9996391223,7091175.821196646,False,True,False
514,9,18,215,1718358.611056515,7074399.216450826,True,True,False
515,9,19,216,1717090.7035320064,7057657.67887171,False,False,False
516,9,20,217,1715829.2293535103,7040951.012339745,True,True,False
517,9,21,218,1714574.1412807335,7024279.022131471,False,False,False
518,9,22,219,1713325.3925393876,7007641.51490586,False,True,False
519,9,23,220,1712082.9368154882,6991038.298690851,False,False,False
520,9,24,221,1710846.7282497329,6974469.182870007,False,False,False
521,9,25,222,1709616.721431966,6957933.978169361,True,False,False
522,9,26,223,1708392.8713957232,6941432.496644386,True,True,False
523,9,27,224,1707175.133612851,6924964.551667162,True,True,False
524,9,28,225,1705963.4639882096,6908529.957913649,True,True,False
525,9,29,226,1704757.8188544505,6892128.531351121,False,False,False
526,9,30,227,1703558.154966868,6875760.089225787,False,False,False
527,9,31,228,1702364.4294983258,6859424.450050479,True,True,False
528,9,32,229,1701176.6000342588,6843121.433592572,True,True,False
529,9,33,230,1699994.6245677413,6826850.8608619645,False,True,False
530,9,34,231,1698818.4614946304,6810612.554099254,False,True,False
531,9,35,232,1697648.069608777,6794406.336764021,True,False,False
532,9,36,233,1696483.4080973042,6778232.033523257,False,True,False
533,9,37,234,1695324.436535953,6762089.470239927,True,True,False
534,9,38,235,1694171.1148844967,6745978.473961662,True,True,False
535,9,39,236,1693023.403482214,6729898.872909576,True,True,False
536,9,40,237,1691881.2630434313,6713850.496467214,True,True,False
537,9,41,238,1690744.654653127,6697833.175169629,False,True,False
538,9,42,239,1689613.5397625943,6681846.7406925885,False,True,False
539,9,43,240,1688487.880185167,6665891.025841876,True,True,False
540,9,44,241,1687367.638092008,6649965.864542757,True,False,False
541,9,45,242,1686252.7760079477,6634071.09182953,False,True,False
542,9,46,243,1685143.2568073908,6618206.543835194,True,True,False
543,9,47,244,1684039.0437102716,6602372.057781273,True,True,False
544,9,48,245,1683891.3722886273,6591746.905411645,True,True,False
566,10,8,246,1749238.5432854171,7239798.285673474,False,False,False
567,10,9,247,1747114.4557584738,7225344.7045884915,False,False,False
568,10,10,248,1745750.1209698576,7208286.472545877,True,True,False
569,10,11,249,1744392.8522443122,7191264.881563148,False,True,False
570,10,12,250,1743042.596508716,7174279.724312866,True,False,False
571,10,13,251,1741699.3012247346,7157330.79497307,True,False,False
572,10,14,252,1740362.9143821367,7140417.889212313,False,False,False
573,10,15,253,1739033.3844922057,7123540.80417492,False,True,False
574,10,16,254,1737710.6605812537,7106699.338466383,False,True,False
575,10,17,255,1736394.692184232,7089893.292138968,True,True,False
576,10,18,256,1735085.429338432,7073122.466677464,True,True,False
577,10,19,257,1733782.8225772837,7056386.664985124,False,False,False
578,10,20,258,1732486.822924244,7039685.691369778,True,True,False
579,10,21,259,1731197.3818867756,7023019.351530063,True,False,False
580,10,22,260,1729914.4514504124,7006387.452541892,False,True,False
581,10,23,261,1728637.9840729164,6989789.802845028,False,True,False
582,10,24,262,1727367.932678514,6973226.212229836,False,False,False
583,10,25,263,1726104.2506522206,6956696.491824177,True,True,False
584,10,26,264,1724846.8918342476,6940200.454080492,False,True,False
585,10,27,265,1723595.810514488,6923737.912762991,False,False,False
586,10,28,266,1722350.961427084,6907308.682935028,True,True,False
587,10,29,267,1721112.299745075,6890912.58094661,False,True,False
588,10,30,268,1719879.7810751148,6874549.42442204,False,False,False
589,10,31,269,1718653.3614522766,6858219.032247734,True,True,False
590,10,32,270,1717432.9973349215,6841921.2245601425,True,True,False
591,10,33,271,1716218.6455996474,6825655.822733853,False,False,False
592,10,34,272,1715010.263536308,6809422.649369782,False,True,False
593,10,35,273,1713807.8088431004,6793221.528283556,True,True,False
594,10,36,274,1712611.2396217275,6777052.28449397,True,True,False
595,10,37,275,1711420.5143726242,6760914.744211643,True,False,False
596,10,38,276,1710235.5919902541,6744808.734827731,False,False,False
597,10,39,277,1709056.4317584697,6728734.084902835,True,True,False
598,10,40,278,1707882.9933459433,6712690.62415599,True,False,False
599,10,41,279,1706715.2368016564,6696678.183453803,True,False,False
600,10,42,280,1705553.1225504535,6680696.594799704,False,False,False
601,10,43,281,1704396.6113886612,6664745.69132333,True,True,False
602,10,44,282,1703245.6644797658,6648825.307269999,True,True,False
603,10,45,283,1702100.2433501508,6632935.27799036,True,True,False
604,10,46,284,1700960.3098848956,6617075.439930087,False,True,False
605,10,47,285,1699825.8263236308,6601245.6306197485,False,True,False
606,10,48,286,1699392.4835327652,6589470.127180518,False,False,False
627,11,7,287,1770518.9084661477,7251326.343184094,False,False,False
628,11,8,288,1765635.316003821,7240975.178569034,False,False,False
629,11,9,289,1764156.2218975227,7223978.390642542,False,False,False
630,11,10,290,1762755.607844994,7206926.464358895,True,True,False
631,11,11,291,1761362.2450288837,7189911.130894289,False,True,False
632,11,12,292,1759976.0790137849,7172932.183405663,True,True,False
633,11,13,293,1758597.0559124497,7155989.416549364,False,False,False
634,11,14,294,1757225.1223789472,7139082.626466275,False,True,False
635,11,15,295,1755860.2256019134,7122211.610767159,False,True,False
636,11,16,296,1754502.31329791,7105376.1685181325,False,False,False
637,11,17,297,1753151.3337048767,7088576.100226384,True,True,False
638,11,18,298,1751807.2355756823,7071811.207825974,True,True,False
639,11,19,299,1750469.9681717714,7055081.294663893,False,False,False
640,11,20,300,1749139.4812569045,7038386.165486221,True,True,False
641,11,21,301,1747815.7250909898,7021725.626424472,False,False,False
642,11,22,302,1746498.6504240057,7005099.48498213,False,False,False
643,11,23,303,1745188.2084900136,6988507.550021288,False,True,False
644,11,24,304,1743884.3510012552,6971949.631749475,True,True,False
645,11,25,305,1742587.0301423396,6955425.541706665,True,True,False
646,11,26,306,1741296.1985645115,6938935.092752383,False,False,False
647,11,27,307,1740011.809380005,6922478.099053,False,False,False
648,11,28,308,1738733.8161564774,6906054.376069158,True,True,False
649,11,29,309,1737462.1729115243,6889663.740543377,True,True,False
650,11,30,310,1736196.8341072737,6873306.01048773,True,True,False
651,11,31,311,1734937.7546450577,6856981.005171762,True,True,False
652,11,32,312,1733684.8898601593,6840688.545110462,True,True,False
653,11,33,313,1732438.1955166373,6824428.452052424,True,True,False
654,11,34,314,1731197.6278022209,6808200.548968127,True,True,False
655,11,35,315,1729963.1433232806,6792004.660038345,True,True,False
656,11,36,316,1728734.69909987,6775840.610642709,True,False,False
657,11,37,317,1727512.252560835,6759708.2273483835,False,False,False
658,11,38,318,1726295.761538996,6743607.337898875,False,False,False
659,11,39,319,1725085.1842663933,6727537.771202969,True,True,False
660,11,40,320,1723880.479369608,6711499.357323801,False,True,False
661,11,41,321,1722681.6058651363,6695491.927468034,True,False,False
662,11,42,322,1721488.5231548382,6679515.313975193,True,False,False
663,11,43,323,1720301.1910214487,6663569.350307058,True,True,False
664,11,44,324,1719119.5696241457,6647653.871037248,False,True,False
665,11,45,325,1717943.6194941862,6631768.71184087,True,True,False
666,11,46,326,1716773.3015306,6615913.70948432,True,True,False
667,11,47,327,1715608.5769959425,6600088.701815163,False,False,False
668,11,48,328,1714970.820328815,6587151.677987803,True,True,False
689,12,7,329,1784916.9384870757,7253370.512464048,False,False,False
690,12,8,330,1782636.8122518023,7239658.387758,False,False,False
691,12,9,331,1781192.4699340917,7222576.178887772,False,False,False
692,12,10,332,1779755.619949571,7205530.721230106,True,True,False
693,12,11,333,1778326.2059374726,7188521.806930136,True,True,False
694,12,12,334,1776904.172105599,7171549.22964112,True,True,False
695,12,13,335,1775489.4632232045,7154612.78450949,False,True,False
696,12,14,336,1774082.0246139897,7137712.268160107,False,True,False
697,12,15,337,1772681.802149198,7120847.478681654,False,False,False
698,12,16,338,1771288.742240815,7104018.215612257,False,False,False
699,12,17,339,1769902.7918348676,7087224.279925226,True,True,False
700,12,18,340,1768523.8984048252,7070465.474015009,False,False,False
701,12,19,341,1767152.0099450962,7053741.601683272,False,False,False
702,12,20,342,1765787.0749646192,7037052.46812518,True,True,False
703,12,21,343,1764429.0424805535,7020397.879915828,False,False,False
704,12,22,344,1763077.8620120557,7003777.644996822,False,False,False
705,12,23,345,1761733.4835741506,6987191.572663033,True,False,False
706,12,24,346,1760395.8576716927,6970639.473549502,True,True,False
707,12,25,347,1759064.9352934135,6954121.159618491,False,True,False
708,12,26,348,1757740.6679060555,6937636.444146698,False,False,False
709,12,27,349,1756423.007448593,6921185.141712606,False,False,False
710,12,28,350,1755111.9063265328,6904767.06818401,True,True,False
711,12,29,351,1753807.3174063028,6888382.040705646,False,False,False
712,12,30,352,1752509.1940097148,6872029.877686994,True,True,False
713,12,31,353,1751217.4899085115,6855710.398790226,True,True,False
714,12,32,354,1749932.15931899,6839423.424918258,False,True,False
715,12,33,355,1748653.156896702,6823168.77820298,True,True,False
716,12,34,356,1747380.43773123,6806946.281993595,True,False,False
717,12,35,357,1746113.9573410368,6790755.760845118,False,True,False
718,12,36,358,1744853.6716683896,6774597.040506971,True,True,False
719,12,37,359,1743599.5370743554,6758469.947911728,True,True,False
720,12,38,360,1742351.5103338663,6742374.311164004,True,False,False
721,12,39,361,1741109.5486308546,6726309.959529437,True,False,False
722,12,40,362,1739873.6095534565,6710276.72342382,True,True,False
723,12,41,363,1738643.6510892857,6694274.434402353,True,True,False
724,12,42,364,1737419.6316207664,6678302.925148992,True,True,False
725,12,43,365,1736201.50992054,6662362.029465961,True,True,False
726,12,44,366,1734989.2451469272,6646451.582263344,False,True,False
727,12,45,367,1733782.7968394621,6630571.4195488095,False,True,False
728,12,46,368,1732582.1249144794,6614721.378417458,True,True,False
729,12,47,369,1731387.1896607687,6598901.297041757,True,True,False
730,12,48,370,1730577.1526688337,6584798.564987124,True,True,False
750,13,6,371,1807299.3223786165,7264962.221774348,False,False,False
751,13,7,372,1801418.4632537947,7254997.923196649,False,False,False
752,13,8,373,1799703.778953214,7238213.634259825,False,False,False
753,13,9,374,1798223.0594630507,7221138.107680128,False,True,False
754,13,10,375,1796750.0179586685,7204099.281121511,True,True,False
755,13,11,376,1795284.5967147644,7187096.94724372,False,True,False
756,13,12,377,1793826.738587975,7170130.900208177,False,True,False
757,13,13,378,1792376.3870095965,7153200.935663114,False,True,False
758,13,14,379,1790933.4859784213,7136306.850728928,False,False,False
759,13,15,380,1789497.9800536751,7119448.443983669,False,False,False
760,13,16,381,1788069.8143480641,7102625.515448744,False,False,False
761,13,17,382,1786648.9345209226,7085837.866574761,True,True,False
762,13,18,383,1785235.2867714597,7069085.300227548,False,False,False
763,13,19,384,1783828.8178321128,7052367.620674367,True,False,False
764,13,20,385,1782429.474961992,7035684.633570222,True,True,False
765,13,21,386,1781037.2059404224,7019036.145944412,False,True,False
766,13,22,387,1779651.9590605837,7002421.966187191,False,False,False
767,13,23,388,1778273.6831232412,6985841.904036588,True,False,False
768,13,24,389,1776902.3274305658,6969295.770565403,False,True,False
769,13,25,390,1775537.8417800488,6952783.378168334,False,True,False
770,13,26,391,1774180.1764585,6936304.540549269,False,False,False
771,13,27,392,1772829.282236136,6919859.072708725,False,False,False
772,13,28,393,1771485.110360753,6903446.790931412,True,True,False
773,13,29,394,1770147.612551984,6887067.5127739785,False,False,False
774,13,30,395,1768816.7409956357,6870721.057052861,True,False,False
775,13,31,396,1767492.4483381126,6854407.243832305,True,True,False
776,13,32,397,1766174.6876809134,6838125.894412495,False,True,False
777,13,33,398,1764863.4125752128,6821876.831317854,True,False,False
778,13,34,399,1763558.577016516,6805659.878285448,True,False,False
779,13,35,400,1762260.1354393905,6789474.8602535315,False,False,False
780,13,36,401,1760968.0427122738,6773321.603350231,False,False,False
781,13,37,402,1759682.2541323532,6757199.934882369,False,True,False
782,13,38,403,1758402.7254205164,6741109.683324366,True,True,False
783,13,39,404,1757129.4127163778,6725050.678307331,False,False,False
784,13,40,405,1755862.2725733689,6709022.75060823,True,False,False
785,13,41,406,1754601.2619539031,6693025.732139208,False,True,False
786,13,42,407,1753346.3382246038,6677059.455937002,True,True,False
787,13,43,408,1752097.4591516,6661123.756152487,True,True,False
788,13,44,409,1750854.5828958908,6645218.468040355,False,False,False
789,13,45,410,1749617.6680087685,6629343.42794888,False,True,False
790,13,46,411,1748386.6734273091,6613498.4733098205,True,True,False
791,13,47,412,1747161.5584699258,6597683.442628414,True,True,False
792,13,48,413,1746193.108402041,6582414.226694937,False,False,False
793,13,49,414,1753011.5354981532,6573387.11626117,False,False,False
812,14,6,415,1820776.329773828,7266812.862984026,False,False,False
813,14,7,416,1818289.8747153187,7253838.4342421405,True,True,False
814,14,8,417,1816764.9011440978,7236732.8973141825,False,True,False
815,14,9,418,1815247.8504336851,7219664.216317134,True,True,False
816,14,10,419,1813738.6628973172,7202632.182927291,True,False,False
817,14,11,420,1812237.2794509986,7185636.590330954,True,False,False
818,14,12,421,1810743.6416059516,7168677.233209479,False,False,False
819,14,13,422,1809257.6914611817,7151753.907724534,False,True,False
820,14,14,423,1807779.3716961541,7134866.411503544,False,False,False
821,14,15,424,1806308.6255635761,7118014.54362528,False,False,False
822,14,16,425,1804845.396882292,7101198.104605657,False,False,False
823,14,17,426,1803389.6300302788,7084416.896383658,True,True,False
824,14,18,427,1801941.2699377458,7067670.722307471,False,False,False
825,14,19,428,1800500.26208034,7050959.387120743,True,False,False
826,14,20,429,1799066.5524724445,7034282.696949037,False,False,False
827,14,21,430,1797640.0876605834,7017640.459286415,True,True,False
828,14,22,431,1796220.8147169154,7001032.482982223,True,False,False
829,14,23,432,1794808.6812328286,6984458.578227971,True,False,False
830,14,24,433,1793403.6353126229,6967918.556544419,False,True,False
831,14,25,434,1792005.6255672919,6951412.2307687765,False,True,False
832,14,26,435,1790614.601108387,6934939.415042093,False,False,False
833,14,27,436,1789230.5115419738,6918499.924796746,False,False,False
834,14,28,437,1787853.3069626775,6902093.576744107,True,False,False
835,14,29,438,1786482.9379478106,6885720.188862342,False,False,False
836,14,30,439,1785119.3555515863,6869379.580384358,True,False,False
837,14,31,440,1783762.5112994155,6853071.571785866,True,True,False
838,14,32,441,1782412.357182286,6836795.984773611,False,True,False
839,14,33,442,1781068.8456512187,6820552.642273718,True,True,False
840,14,34,443,1779731.929611805,6804341.368420187,False,False,False
841,14,35,444,1778401.5624188222,6788161.988543491,False,False,False
842,14,36,445,1777077.6978709241,6772014.329159335,False,False,False
843,14,37,446,1775760.2902054074,6755898.21795753,False,False,False
844,14,38,447,1774449.2940930505,6739813.483790987,True,True,False
845,14,39,448,1773144.664633027,6723759.9566648435,True,False,False
846,14,40,449,1771846.3573478863,6707737.467725719,True,False,False
847,14,41,450,1770554.328178613,6691745.849251064,False,True,False
848,14,42,451,1769268.5334797453,6675784.934638669,True,True,False
849,14,43,452,1767988.9300145681,6659854.558396259,True,True,False
850,14,44,453,1766715.47495037,6643954.556131221,False,False,False
851,14,45,454,1765448.1258537679,6628084.764540432,False,False,False
852,14,46,455,1764186.8406860954,6612245.021400221,True,False,False
853,14,47,456,1762931.5777988539,6596435.16555642,True,True,False
854,14,48,457,1761682.2959292296,6580655.036914547,False,False,False
855,14,49,458,1763443.858229069,6571767.869955354,False,False,False
873,15,5,459,1844208.9087061726,7278450.590976254,False,False,False
874,15,6,460,1837366.957897126,7268748.622097389,False,False,False
875,15,7,461,1835381.4818916284,7252314.691869085,True,True,False
876,15,8,462,1833820.0380547137,7235216.217574129,True,True,False
877,15,9,463,1832266.7031580296,7218154.545033872,True,False,False
878,15,10,464,1830721.4161487336,7201129.466469856,False,False,False
879,15,11,465,1829184.1165901038,7184140.775606746,True,False,False
880,15,12,466,1827654.7446538284,7167188.267657539,True,False,False
881,15,13,467,1826133.241112413,7150271.739308898,False,True,False
882,15,14,468,1824619.5473316987,7133390.9887067005,False,True,False
883,15,15,469,1823113.6052634967,7116545.81544172,False,False,False
884,15,16,470,1821615.357438325,7099736.020535525,True,True,False
885,15,17,471,1820124.7469582586,7082961.406426494,True,True,False
886,15,18,472,1818641.7174898814,7066221.776956045,False,False,False
887,15,19,473,1817166.213257343,7049516.937354986,True,False,False
888,15,20,474,1815698.1790355202,7032846.694230043,True,True,False
889,15,21,475,1814237.5601432736,7016210.855550571,True,True,False
890,15,22,476,1812784.3024368084,6999609.230635364,False,False,False
891,15,23,477,1811338.3523031254,6983041.630139675,False,True,False
892,15,24,478,1809899.6566535765,6966507.866042361,False,True,False
893,15,25,479,1808468.1629175027,6950007.751633171,False,True,False
894,15,26,480,1807043.8190359748,6933541.101500197,False,True,False
895,15,27,481,1805626.5734556173,6917107.731517477,False,False,False
896,15,28,482,1804216.375122523,6900707.45883271,True,False,False
897,15,29,483,1802813.1734762595,6884340.101855142,True,False,False
898,15,30,484,1801416.9184439539,6868005.480243589,True,False,False
899,15,31,485,1800027.560434469,6851703.414894572,False,True,False
900,15,32,486,1798645.0503326606,6835433.72793063,False,False,False
901,15,33,487,1797269.3394937129,6819196.242688716,True,True,False
902,15,34,488,1795900.3797375618,6802990.783708777,False,True,False
903,15,35,489,1794538.1233433909,6786817.176722429,False,False,False
904,15,36,490,1793182.5230442071,6770675.248641765,False,False,False
905,15,37,491,1791833.5320214946,6754564.827548303,False,True,False
906,15,38,492,1790491.1038999432,6738485.742682051,True,True,False
907,15,39,493,1789155.1927422492,6722437.824430702,True,False,False
908,15,40,494,1787825.7530439924,6706420.904318934,True,False,False
909,15,41,495,1786502.73972858,6690434.814997844,False,False,False
910,15,42,496,1785186.1081422674,6674479.39023451,False,True,False
911,15,43,497,1783875.8140492407,6658554.46490163,True,True,False
912,15,44,498,1782571.8136267764,6642659.874967339,False,False,False
913,15,45,499,1781274.06346046,6626795.457485079,False,False,False
914,15,46,500,1779982.520539475,6610961.050583609,True,False,False
915,15,47,501,1778697.142251957,6595156.49345714,True,True,False
916,15,48,502,1777417.8863804108,6579381.62635555,True,True,False
917,15,49,503,1777482.5630703503,6569567.309538741,True,True,False
935,16,5,504,1856854.9240796443,7280127.980489992,False,False,False
936,16,6,505,1854073.1378691157,7267883.087705856,False,False,False
937,16,7,506,1852466.9147910462,7250754.884627089,False,True,False
938,16,8,507,1850869.049291092,7233663.636635567,True,True,False
939,16,9,508,1849279.4783191555,7216609.134998911,False,False,False
940,16,10,509,1847698.1394625038,7199591.172495782,False,False,False
941,16,11,510,1846124.970937783,7182609.543401002,False,False,False
942,16,12,511,1844559.9115831517,7165664.043470819,True,False,False
943,16,13,512,1843002.9008505295,7148754.469928358,True,False,False
944,16,14,513,1841453.8787979619,7131880.621449304,False,True,False
945,16,15,514,1839912.786082102,7115042.298147644,False,True,False
946,16,16,515,1838379.5639507978,7098239.301561658,True,True,False
947,16,17,516,1836854.1542357914,7081471.43464008,False,False,False
948,16,18,517,1835336.4993455315,7064738.50172836,False,False,False
949,16,19,518,1833826.5422580803,7048040.30855515,True,False,False
950,16,20,519,1832324.2265141343,7031376.662218918,True,True,False
951,16,21,520,1830829.496210145,7014747.371174716,False,False,False
952,16,22,521,1829342.2959915358,6998152.245221126,False,True,False
953,16,23,522,1827862.5710460218,6981591.095487323,False,True,False
954,16,24,523,1826390.267097028,6965063.734420328,False,False,False
955,16,25,524,1824925.3303971984,6948569.975772382,False,False,False
956,16,26,525,1823467.7077220012,6932109.6345884735,False,True,False
957,16,27,526,1822017.3463634301,6915682.527194009,False,False,False
958,16,28,527,1820574.194123788,6899288.471182629,False,False,False
959,16,29,528,1819138.199309568,6882927.285404162,True,False,False
960,16,30,529,1817709.310725417,6866598.7899527205,True,False,False
961,16,31,530,1816287.4776681906,6850302.806154927,False,True,False
962,16,32,531,1814872.6499210857,6834039.156558272,True,True,False
963,16,33,532,1813464.7777478634,6817807.664919618,True,True,False
964,16,34,533,1812063.8118871516,6801608.156193826,False,True,False
965,16,35,534,1810669.703546826,6785440.456522505,False,True,False
966,16,36,535,1809282.404398474,6769304.393222905,True,True,False
967,16,37,536,1807901.866571935,6753199.794776918,True,True,False
968,16,38,537,1806528.042649917,6737126.490820215,True,True,False
969,16,39,538,1805160.885662693,6721084.312131499,False,True,False
970,16,40,539,1803800.3490828618,6705073.090621888,True,True,False
971,16,41,540,1802446.3868201948,6689092.6593244,True,True,False
972,16,42,541,1801098.9532165457,6673142.852383572,True,True,False
973,16,43,542,1799758.0030408343,6657223.505045185,True,True,False
974,16,44,543,1798423.4914840972,6641334.453646111,True,True,False
975,16,45,544,1797095.3741546131,6625475.535604268,True,True,False
976,16,46,545,1795773.6070730882,6609646.58940868,True,False,False
977,16,47,546,1794458.146667915,6593847.4546096595,True,True,False
978,16,48,547,1793148.9497704878,6578077.971809097,False,True,False
979,16,49,548,1792763.3390765714,6567143.938839891,False,False,False
996,17,4,549,1881246.961275942,7291789.635141251,False,False,False
997,17,5,550,1873426.2977306158,7282218.363837396,True,True,False
998,17,6,551,1871188.8138290653,7266279.811846019,False,False,False
999,17,7,552,1869546.0323209206,7249159.055492941,True,True,False
1000,17,8,553,1867911.7948433633,7232075.197033029,True,False,False
1001,17,9,554,1866286.036979396,7215028.0283100875,False,False,False
1002,17,10,555,1864668.6949627094,7198017.342671725,False,False,False
1003,17,11,556,1863059.7056695418,7181042.934954588,False,False,False
1004,17,12,557,1861459.0066106475,7164104.601469714,True,False,False
1005,17,13,558,1859866.5359233983,7147202.139988121,True,False,False
1006,17,14,559,1858282.2323639903,7130335.349726526,True,False,False
1007,17,15,560,1856706.0352997775,7113504.031333276,True,True,False
1008,17,16,561,1855137.8847017079,7096707.98687437,True,True,False
1009,17,17,562,1853577.7211368815,7079947.019819751,False,False,False
1010,17,18,563,1852025.4857612117,7063220.935029654,False,False,False
1011,17,19,564,1850481.1203121943,7046529.538741188,True,False,False
1012,17,20,565,1848944.5671017875,7029872.638555036,True,True,False
1013,17,21,566,1847415.769009391,7013250.043422324,False,True,False
1014,17,22,567,1845894.6694749293,6996661.563631657,False,True,False
1015,17,23,568,1844381.2124920373,6980107.010796268,False,False,False
1016,17,24,569,1842875.3426013424,6963586.197841344,False,False,False
1017,17,25,570,1841377.0048838456,6947098.9389915075,False,False,False
1018,17,26,571,1839886.1449543978,6930645.04975841,False,False,False
1019,17,27,572,1838402.7089552695,6914224.346928493,False,False,False
1020,17,28,573,1836926.6435498127,6897836.648550898,False,False,False
1021,17,29,574,1835457.8959162182,6881481.773925458,True,False,False
1022,17,30,575,1833996.4137413546,6865159.543590927,True,True,False
1023,17,31,576,1832542.1452147032,6848869.779313234,True,True,False
1024,17,32,577,1831095.0390223726,6832612.304073956,True,False,False
1025,17,33,578,1829655.044341204,6816386.94205887,False,False,False
1026,17,34,579,1828222.1108329564,6800193.518646659,False,False,False
1027,17,35,580,1826796.1886385751,6784031.860397742,False,True,False
1028,17,36,581,1825377.2283725434,6767901.795043225,True,True,False
1029,17,37,582,1823965.18111731,6751803.151473988,False,False,False
1030,17,38,583,1822559.998417797,6735735.7597298715,False,False,False
1031,17,39,584,1821161.632275986,6719699.450989018,False,True,False
1032,17,40,585,1819770.035145577,6703694.057557288,False,True,False
1033,17,41,586,1818385.159926725,6687719.4128578575,True,False,False
1034,17,42,587,1817006.9599608474,6671775.351420857,True,False,False
1035,17,43,588,1815635.389025505,6655861.708873195,True,True,False
1036,17,44,589,1814270.4013293535,6639978.32192843,True,False,False
1037,17,45,590,1812911.9515071667,6624125.0283768205,False,True,False
1038,17,46,591,1811559.9946149231,6608301.667075426,True,True,False
1039,17,47,592,1810214.4861249677,6592508.077938366,True,True,False
1040,17,48,593,1808875.3819212343,6576744.101927137,True,True,False
1041,17,49,594,1808224.4785667865,6564662.12439178,True,True,False
1043,17,51,595,1811330.8671374896,6526465.336777474,False,False,False
1044,17,52,596,1811042.9117598783,6520384.373119443,False,False,False
1058,18,4,597,1893236.3130948092,7293323.555710162,False,False,False
1059,18,5,598,1889986.0675110016,7281790.588194528,True,True,False
1060,18,6,599,1888297.9824417396,7264640.394013689,True,True,False
1061,18,7,600,1886618.693785984,7247527.248387078,True,True,False
1062,18,8,601,1884948.135094029,7230450.942235301,False,True,False
1063,18,9,602,1883286.240588516,7213411.267990231,False,True,False
1064,18,10,603,1881632.9451560038,7196408.019580163,False,True,False
1065,18,11,604,1879988.1843386649,7179440.992415156,False,True,False
1066,18,12,605,1878351.8943261032,7162509.983372502,True,True,False
1067,18,13,606,1876724.0119472975,7145614.790782402,True,True,False
1068,18,14,607,1875104.4746626632,7128755.214413834,True,True,False
1069,18,15,608,1873493.2205562287,7111931.055460523,True,True,False
1070,18,16,609,1871890.1883279334,7095142.116527132,True,True,False
1071,18,17,610,1870295.3172860336,7078388.201615588,True,True,False
1072,18,18,611,1868708.5473396238,7061669.116111588,True,True,False
1073,18,19,612,1867129.8189912657,7044984.666771225,True,True,False
1074,18,20,613,1865559.0733297267,7028334.661707829,True,True,False
1075,18,21,614,1863996.2520228247,7011718.910378895,True,True,False
1076,18,22,615,1862441.297310374,6995137.223573215,True,True,False
1077,18,23,616,1860894.151997238,6978589.413398134,False,False,False
1078,18,24,617,1859354.7594464812,6962075.293266953,False,False,False
1079,18,25,618,1857823.063572619,6945594.677886495,False,False,False
1080,18,26,619,1856299.0088349655,6929147.383244782,False,False,False
1081,18,27,620,1854782.5402310803,6912733.226598897,False,True,False
1082,18,28,621,1853273.6032903022,6896352.02646295,False,True,False
1083,18,29,622,1851772.1440673857,6880003.602596182,True,False,False
1084,18,30,623,1850278.1091362187,6863687.775991233,True,True,False
1085,18,31,624,1848791.4455836369,6847404.368862522,True,True,False
1086,18,32,625,1847312.1010033225,6831153.204634759,False,False,False
1087,18,33,626,1845840.023489791,6814934.107931592,True,True,False
1088,18,34,627,1844375.1616324645,6798746.904564383,True,True,False
1089,18,35,628,1842917.4645098231,6782591.421521111,True,True,False
1090,18,36,629,1841466.8816836493,6766467.486955398,True,True,False
1091,18,37,630,1840023.3631933418,6750374.930175657,False,False,False
1092,18,38,631,1838586.8595503168,6734313.581634366,False,False,False
1093,18,39,632,1837157.3217324868,6718283.272917455,False,False,False
1094,18,40,633,1835734.7011788122,6702283.836733821,True,True,False
1095,18,41,634,1834318.9497839345,6686315.106904953,True,True,False
1096,18,42,635,1832910.019892882,6670376.918354674,True,False,False
1097,18,43,636,1831507.8642958472,6654469.107098998,True,True,False
1098,18,44,637,1830112.4362230392,6638591.510236089,True,False,False
1099,18,45,638,1828723.6893396047,6622743.965936364,True,True,False
1100,18,46,639,1827341.5777406232,6606926.313432647,True,True,False
1101,18,47,640,1825966.0559461676,6591138.393010496,True,True,False
1102,18,48,641,1824597.0788964317,6575380.045998592,False,True,False
1103,18,49,642,1823929.158565458,6560129.059336835,False,True,False
1104,18,50,643,1822705.6410703145,6543542.227233896,False,True,False
1105,18,51,644,1820528.9825583398,6528280.861388605,False,False,False
1106,18,52,645,1821285.292828794,6514759.589563597,True,False,False
1107,18,53,646,1826032.6540704546,6503943.431051917,False,False,False
1120,19,4,647,1909524.3283800795,7295378.052346286,False,False,False
1121,19,5,648,1907125.228955932,7280107.239211576,False,False,False
1122,19,6,649,1905400.5023343558,7262964.879535308,True,True,False
1123,19,7,650,1903684.7588966643,7245859.5081690885,True,False,False
1124,19,8,651,1901977.930826172,7228790.9166410165,True,False,False
1125,19,9,652,1900279.9509918282,7211758.897982818,True,False,False
1126,19,10,653,1898590.7529396247,7194763.246715134,True,False,False
1127,19,11,654,1896910.270884137,7177803.758832926,True,True,False
1128,19,12,655,1895238.4397001904,7160880.231791121,True,True,False
1129,19,13,656,1893575.1949146502,7143992.464490354,True,False,False
1130,19,14,657,1891920.472698332,7127140.257262942,True,False,False
1131,19,15,658,1890274.209858035,7110323.411858987,False,True,False
1132,19,16,659,1888636.3438286893,7093541.731432636,True,False,False
1133,19,17,660,1887006.8126656227,7076795.020528536,True,False,False
1134,19,18,661,1885385.5550369385,7060083.085068419,False,False,False
1135,19,19,662,1883772.5102160058,7043405.732337844,False,True,False
1136,19,20,663,1882167.6180740597,7026762.770973116,False,True,False
1137,19,21,664,1880570.8190729104,7010154.010948327,True,True,False
1138,19,22,665,1878982.054257756,6993579.263562563,True,True,False
1139,19,23,666,1877401.2652501042,6977038.341427267,True,True,False
1140,19,24,667,1875828.3942407917,6960531.058453716,False,False,False
1141,19,25,668,1874263.3839831057,6944057.229840696,False,True,False
1142,19,26,669,1872706.1777860085,6927616.672062252,True,True,False
1143,19,27,670,1871156.719507455,6911209.202855625,True,True,False
1144,19,28,671,1869614.9535478065,6894834.641209326,True,True,False
1145,19,29,672,1868080.8248433438,6878492.807351308,True,True,False
1146,19,30,673,1866554.278859866,6862183.522737323,True,True,False
1147,19,31,674,1865035.261586386,6845906.610039367,True,True,False
1148,19,32,675,1863523.7195289119,6829661.893134289,True,True,False
1149,19,33,676,1862019.5997043215,6813449.197092505,True,True,False
1150,19,34,677,1860522.8496343167,6797268.348166848,False,False,False
1151,19,35,678,1859033.4173394702,6781119.173781556,True,True,False
1152,19,36,679,1857551.2513333515,6765001.502521358,True,True,False
1153,19,37,680,1856076.3006167375,6748915.1641207095,True,True,False
1154,19,38,681,1854608.5146719036,6732859.989453121,True,False,False
1155,19,39,682,1853147.8434569964,6716835.81052063,True,False,False
1156,19,40,683,1851694.2374004812,6700842.460443374,True,False,False
1157,19,41,684,1850247.6473956716,6684879.7734492915,False,True,False
1158,19,42,685,1848808.0247953315,6668947.584863932,False,True,False
1159,19,43,686,1847375.3214063547,6653045.731100353,True,True,False
1160,19,44,687,1845949.489484516,6637174.049649188,True,False,False
1161,19,45,688,1844530.4817292956,6621332.37906877,True,True,False
1162,19,46,689,1843118.2512787753,6605520.558975376,True,True,False
1163,19,47,690,1841712.751704604,6589738.430033612,True,True,False
1164,19,48,691,1840313.937007033,6573985.833946836,False,True,False
1165,19,49,692,1838921.7616100207,6558262.61344776,False,True,False
1166,19,50,693,1837536.1803563987,6542568.612289108,False,True,False
1167,19,51,694,1836157.148503112,6526903.67523438,True,True,False
1168,19,52,695,1834784.6217165156,6511267.648048735,True,False,False
1169,19,53,696,1836039.1936431592,6498410.581922034,False,False,False
1181,20,3,697,1930140.1967039984,7306422.359191861,False,False,False
1182,20,4,698,1926028.556898867,7295558.607331844,False,False,False
1183,20,5,699,1924257.546736485,7278387.6755710235,False,False,False
1184,20,6,700,1922496.232553371,7261253.3146812385,True,True,False
1185,20,7,701,1920744.0877773347,7244155.880633132,False,False,False
1186,20,8,702,1919001.0432316102,7227095.165574127,False,False,False
1187,20,9,703,1917267.030438244,7210070.963147514,False,False,False
1188,20,10,704,1915541.9816093517,7193083.068477821,False,False,False
1189,20,11,705,1913825.8296385035,7176131.278156358,True,False,False
1190,20,12,706,1912118.5080922372,7159215.3902269555,False,False,False
1191,20,13,707,1910419.9512017001,7142335.204171843,False,False,False
1192,20,14,708,1908730.0938544096,7125490.520897699,True,False,False
1193,20,15,709,1907048.871586142,7108681.142721884,False,True,False
1194,20,16,710,1905376.2205729359,7091906.8733588,True,False,False
1195,20,17,711,1903712.0776232162,7075167.517906453,False,False,False
1196,20,18,712,1902056.3801700328,7058462.8828331195,False,True,False
1197,20,19,713,1900409.066263412,7041792.775964216,False,True,False
1198,20,20,714,1898770.0745628222,7025157.006469295,False,False,False
1199,20,21,715,1897139.3443297478,7008555.38484918,True,True,False
1200,20,22,716,1895516.8154203696,6991987.722923301,False,True,False
1201,20,23,717,1893902.428278355,6975453.833817106,True,True,False
1202,20,24,718,1892296.1239277502,6958953.531949656,True,True,False
1203,20,25,719,1890697.8439659753,6942486.633021376,True,True,False
1204,20,26,720,1889107.5305569205,6926052.954001908,True,True,False
1205,20,27,721,1887525.1264241422,6909652.313118133,False,True,False
1206,20,28,722,1885950.5748441562,6893284.529842312,False,True,False
1207,20,29,723,1884383.819639827,6876949.424880363,True,True,False
1208,20,30,724,1882824.8051738492,6860646.820160288,True,True,False
1209,20,31,725,1881273.476342328,6844376.538820709,False,True,False
1210,20,32,726,1879729.7785684434,6828138.405199545,False,False,False
1211,20,33,727,1878193.6577962085,6811932.244822822,False,False,False
1212,20,34,728,1876665.0604843164,6795757.884393577,False,False,False
1213,20,35,729,1875143.9336000716,6779615.151780948,True,True,False
1214,20,36,730,1873630.2246134095,6763503.876009313,False,True,False
1215,20,37,731,1872123.8814909966,6747423.887247609,True,True,False
1216,20,38,732,1870624.8526904164,6731375.016798731,True,True,False
1217,20,39,733,1869133.0871544364,6715357.097089087,True,True,False
1218,20,40,734,1867648.534305353,6699369.961658208,False,True,False
1219,20,41,735,1866171.144039416,6683413.445148562,False,False,False
1220,20,42,736,1864700.8667213332,6667487.383295389,False,True,False
1221,20,43,737,1863237.6531788465,6651591.612916715,True,True,False
1222,20,44,738,1861781.454697387,6635725.971903425,False,True,False
1223,20,45,739,1860332.2230148017,6619890.299209499,True,True,False
1224,20,46,740,1858889.9103161532,6604084.434842302,True,True,False
1225,20,47,741,1857454.469228592,6588308.219853024,False,False,False
1226,20,48,742,1856025.8528162974,6572561.496327187,False,True,False
1227,20,49,743,1854604.0145754882,6556844.107375284,False,False,False
1228,20,50,744,1853188.9084295013,6541155.89712351,False,False,False
1229,20,51,745,1851780.48872394,6525496.710704582,True,True,False
1230,20,52,746,1850378.7102218824,6509866.394248678,True,True,False
1231,20,53,747,1849006.703103465,6494284.302213423,True,True,False
1232,20,54,748,1850919.9251366463,6481980.304182982,False,True,False
1243,21,3,749,1945699.1745830365,7308312.145125515,False,True,False
1244,21,4,750,1943190.15223776,7293795.216166623,False,False,False
1245,21,5,751,1941382.879243601,7276631.944974102,False,False,False
1246,21,6,752,1939585.0325727682,7259505.746661014,True,True,False
1247,21,7,753,1937796.5409745062,7242416.4125032425,False,False,False
1248,21,8,754,1936017.333918987,7225363.735279296,False,False,False
1249,21,9,755,1934247.3415882709,7208347.509255621,False,False,False
1250,21,10,756,1932486.4948674093,7191367.530172111,True,False,False
1251,21,11,757,1930734.7253356786,7174423.595227751,True,False,False
1252,21,12,758,1928991.9652579394,7157515.503066484,False,False,False
1253,21,13,759,1927258.147576134,7140643.053763187,False,False,False
1254,21,14,760,1925533.2059008987,7123806.0488098515,True,False,False
1255,21,15,761,1923817.0745033065,7107004.291101902,True,True,False
1256,21,16,762,1922109.6883067351,7090237.584924679,True,True,False
1257,21,17,763,1920410.9828788422,7073505.735940094,False,True,False
1258,21,18,764,1918720.8944236713,7056808.551173413,False,True,False
1259,21,19,765,1917039.3597738647,7040145.83900022,False,False,False
1260,21,20,766,1915366.3163829963,7023517.409133505,False,False,False
1261,21,21,767,1913701.702318008,7006923.072610909,True,True,False
1262,21,22,768,1912045.4562517668,6990362.6417821525,False,False,False
1263,21,23,769,1910397.5174557194,6973835.930296527,False,False,False
1264,21,24,770,1908757.825792659,6957342.753090621,False,True,False
1265,21,25,771,1907126.3217095963,6940882.926376116,False,True,False
1266,21,26,772,1905502.9462307298,6924456.267627753,False,True,False
1267,21,27,773,1903887.6409505191,6908062.595571451,False,True,False
1268,21,28,774,1902280.3480268605,6891701.730172515,False,True,False
1269,21,29,775,1900681.0101743531,6875373.492624011,True,True,False
1270,21,30,776,1899089.5706576672,6859077.705335279,True,True,False
1271,21,31,777,1897505.9732850045,6842814.191920535,True,True,False
1272,21,32,778,1895930.1624016515,6826582.777187652,False,False,False
1273,21,33,779,1894362.0828836225,6810383.287127037,False,False,False
1274,21,34,780,1892801.6801313981,6794215.5489006145,False,False,False
1275,21,35,781,1891248.9000637436,6778079.390830993,True,True,False
1276,21,36,782,1889703.6891116204,6761974.642390688,False,True,False
1277,21,37,783,1888165.9942121825,6745901.134191497,True,False,False
1278,21,38,784,1886635.7628028542,6729858.697974006,True,True,False
1279,21,39,785,1885112.9428154924,6713847.166597174,True,True,False
1280,21,40,786,1883597.4826706303,6697866.3740280615,True,True,False
1281,21,41,787,1882089.3312718014,6681916.155331667,True,True,False
1282,21,42,788,1880588.4379999405,6665996.346660867,False,True,False
1283,21,43,789,1879094.7527078644,6650106.785246467,True,True,False
1284,21,44,790,1877608.225714828,6634247.309387391,True,True,False
1285,21,45,791,1876128.8078011547,6618417.758440916,True,True,False
1286,21,46,792,1874656.4502029424,6602617.9728130875,True,True,False
1287,21,47,793,1873191.1046068394,6586847.793949189,True,False,False
1288,21,48,794,1871732.723144896,6571107.06432431,True,True,False
1289,21,49,795,1870281.2583894818,6555395.627434079,True,True,False
1290,21,50,796,1868836.663348276,6539713.327785408,True,True,False
1291,21,51,797,1867398.8914593225,6524060.010887412,True,True,False
1292,21,52,798,1865967.8965861562,6508435.523242389,False,False,False
1293,21,53,799,1863977.1207076025,6493246.127276874,True,False,False
1294,21,54,800,1860564.0982931762,6478354.832968094,True,False,False
1295,21,55,801,1860394.3936620827,6468676.766950421,False,False,False
1304,22,2,802,1967459.8804982149,7319404.528351224,False,False,False
1305,22,3,803,1962268.3801507151,7309092.213259959,False,True,False
1306,22,4,804,1960345.0210965262,7291994.976843416,False,True,False
1307,22,5,805,1958501.0853095432,7274840.096065711,True,True,False
1308,22,6,806,1956666.762302283,7257722.22361851,True,True,False
1309,22,7,807,1954841.9794649503,7240641.151428594,False,False,False
1310,22,8,808,1953026.6649217994,7223596.672917212,False,False,False
1311,22,9,809,1951220.7475219436,7206588.582985479,True,False,False
1312,22,10,810,1949424.1568303038,7189616.678000027,True,False,False
1313,22,11,811,1947636.8231186895,7172680.755778769,False,False,False
1314,22,12,812,1945858.6773570164,7155780.615576862,False,False,False
1315,22,13,813,1944089.6512046466,7138916.058072824,False,False,False
1316,22,14,814,1942329.677001867,7122086.885354795,False,False,False
1317,22,15,815,1940578.6877614844,7105292.900906991,True,True,False
1318,22,16,816,1938836.6171605512,7088533.909596298,True,True,False
1319,22,17,817,1937103.3995322061,7071809.717659008,False,False,False
1320,22,18,818,1935378.9698576406,7055120.132687735,False,True,False
1321,22,19,819,1933663.2637581783,7038464.963618455,False,True,False
1322,22,20,820,1931956.2174874737,7021844.02071771,False,False,False
1323,22,21,821,1930257.7679238187,7005257.115569975,True,True,False
1324,22,22,822,1928567.8525625682,6988704.061065123,False,False,False
1325,22,23,823,1926886.4095086681,6972184.671386082,False,True,False
1326,22,24,824,1925213.3774692977,6955698.761996602,False,True,False
1327,22,25,825,1923548.695746613,6939246.149629177,False,True,False
1328,22,26,826,1921892.304230597,6922826.652273097,False,False,False
1329,22,27,827,1920244.1433920118,6906440.089162639,False,True,False
1330,22,28,828,1918604.1542754534,6890086.280765369,False,True,False
1331,22,29,829,1916972.2784925005,6873765.048770637,True,True,False
1332,22,30,830,1915348.458214969,6857476.21607812,True,False,False
1333,22,31,831,1913732.6361682531,6841219.606786558,True,True,False
1334,22,32,832,1912124.7556247702,6824995.046182588,False,False,False
1335,22,33,833,1910524.7603974896,6808802.360729695,False,False,False
1336,22,34,834,1908932.5948335608,6792641.378057327,True,True,False
1337,22,35,835,1907348.2038080236,6776511.92695007,True,True,False
1338,22,36,836,1905771.5327176154,6760413.837337001,False,True,False
1339,22,37,837,1904202.5274746553,6744346.940281119,True,True,False
1340,22,38,838,1902641.1345010235,6728311.0679689245,False,False,False
1341,22,39,839,1901087.3007222167,6712306.053700084,False,False,False
1342,22,40,840,1899540.9735614927,6696331.731877226,False,False,False
1343,22,41,841,1898002.1009340922,6680387.937995856,True,False,False
1344,22,42,842,1896470.6312415402,6664474.508634351,True,True,False
1345,22,43,843,1894946.5133660329,6648591.281444108,True,True,False
1346,22,44,844,1893429.6966648903,6632738.095139769,True,True,False
1347,22,45,845,1891920.1309650992,6616914.789489547,True,True,False
1348,22,46,846,1890417.7665579186,6601121.205305693,False,True,False
1349,22,47,847,1888922.5541935675,6585357.184435029,True,True,False
1350,22,48,848,1887434.4450759823,6569622.569749603,False,True,False
1351,22,49,849,1885953.3908576434,6553917.205137444,False,True,False
1352,22,50,850,1884457.5947464602,6538292.477017178,False,True,False
1353,22,51,851,1891288.7773970943,6529650.547901225,True,False,False
1353,22,51,852,1879394.9235811252,6523687.384019926,True,False,False
1354,22,52,853,1875890.5076206443,6509259.941493252,False,False,False
1355,22,53,854,1873300.7703497282,6498577.4604467,False,False,False
1366,23,2,855,1982032.0683098093,7321105.821719509,False,False,False
1367,23,3,856,1979382.9791261263,7307341.982639446,False,False,False
1368,23,4,857,1977492.5649870115,7290158.5047964575,False,True,False
1369,23,5,858,1975612.0242161588,7273012.178429419,True,True,False
1370,23,6,859,1973741.2820955615,7255902.794627017,False,False,False
1371,23,7,860,1971880.2646637622,7238830.145978638,False,False,False
1372,23,8,861,1970028.898706366,7221794.026559813,False,False,False
1373,23,9,862,1968187.111746698,7204794.231917752,True,False,False
1374,23,10,863,1966354.8320366004,7187830.559057108,False,False,False
1375,23,11,864,1964531.9885473659,7170902.806425871,False,False,False
1376,23,12,865,1962718.5109608048,7154010.773901439,False,False,False
1377,23,13,866,1960914.3296604466,7137154.26277685,False,True,False
1378,23,14,867,1959119.3757228705,7120333.0757471705,True,True,False
1379,23,15,868,1957333.5809091618,7103547.016896053,True,True,False
1380,23,16,869,1955556.877656497,7086795.891682431,True,True,False
1381,23,17,870,1953789.1990698518,7070079.506927375,True,True,False
1382,23,18,871,1952030.4789138262,7053397.670801113,False,True,False
1383,23,19,872,1950280.651604596,7036750.192810178,False,True,False
1384,23,20,873,1948539.6522019762,7020136.883784709,True,True,False
1385,23,21,874,1946807.4164016005,7003557.555865911,True,True,False
1386,23,22,875,1945083.8805272167,6987012.022493644,False,True,False
1387,23,23,876,1943368.9815230914,6970500.098394147,False,True,False
1388,23,24,877,1941662.6569465238,6954021.59956794,False,True,False
1389,23,25,878,1939964.8449604698,6937576.34327779,False,True,False
1390,23,26,879,1938275.484326269,6921164.148036903,False,True,False
1391,23,27,880,1936594.5143964773,6904784.833597166,False,True,False
1392,23,28,881,1934921.8751078036,6888438.220937589,True,True,False
1393,23,29,882,1933257.5069741453,6872124.132252832,True,True,False
1394,23,30,883,1931601.351079721,6855842.3909418695,True,False,False
1395,23,31,884,1929953.3490723062,6839592.821596817,True,True,False
1396,23,32,885,1928313.4431565597,6823375.249991805,True,True,False
1397,23,33,886,1926681.5760874469,6807189.503072084,False,True,False
1398,23,34,887,1925057.6911637546,6791035.408943142,True,True,False
1399,23,35,888,1923441.732221699,6774912.796860021,False,False,False
1400,23,36,889,1921833.6436286196,6758821.497216716,True,False,False
1401,23,37,890,1920233.3702767666,6742761.341535701,True,True,False
1402,23,38,891,1918640.857577171,6726732.16245757,True,True,False
1403,23,39,892,1917056.0514536009,6710733.7937307805,True,True,False
1404,23,40,893,1915478.8983366045,6694766.070201532,True,False,False
1405,23,41,894,1913909.3451576321,6678828.827803737,True,False,False
1406,23,42,895,1912347.3393432419,6662921.903549109,True,False,False
1407,23,43,896,1910792.8288093845,6647045.135517367,True,True,False
1408,23,44,897,1909245.761955769,6631198.362846517,True,True,False
1409,23,45,898,1907706.0876603015,6615381.425723278,True,True,False
1410,23,46,899,1906173.7552736055,6599594.165373587,True,False,False
1411,23,47,900,1904648.714613613,6583836.424053218,True,True,False
1412,23,48,901,1903130.9159602325,6568108.045038488,False,True,False
1413,23,49,902,1901620.310050088,6552408.872617077,False,True,False
1414,23,50,903,1900116.8480713305,6536738.752078952,False,True,False
1415,23,51,904,1901646.429480364,6527800.82730501,False,False,False
1427,24,1,905,2004905.3617110106,7332231.4685266595,False,False,False
1428,24,2,906,1998717.2873678412,7322335.366012235,False,False,False
1429,24,3,907,1996559.7894415357,7305460.543372576,False,False,False
1430,24,4,908,1994632.6425724209,7288285.851068962,True,True,False
1431,24,5,909,1992715.555703067,7271148.242582367,True,True,False
1432,24,6,910,1990808.4527582522,7254047.509684237,False,False,False
1433,24,7,911,1988911.2584323576,7236983.4456381705,False,False,False
1434,24,8,912,1987023.8981797278,7219955.845185429,False,False,False
1435,24,9,913,1985146.2982051787,7202964.504530647,True,False,False
1436,24,10,914,1983278.3854546442,7186009.221327689,True,True,False
1437,24,11,915,1981420.0876059618,7169089.79466567,False,True,False
1438,24,12,916,1979571.3330597985,7152206.025055169,False,True,False
1439,24,13,917,1977732.050930706,7135357.714414543,False,True,False
1440,24,14,918,1975902.1710383103,7118544.666056464,True,True,False
1441,24,15,919,1974081.62389863,7101766.6846745685,False,True,False
1442,24,16,920,1972270.3407155264,7085023.57633027,False,True,False
1443,24,17,921,1970468.2533722694,7068315.148439735,True,True,False
1444,24,18,922,1968675.2944232381,7051641.209760988,False,False,False
1445,24,19,923,1966891.3970857332,7035001.570381198,False,False,False
1446,24,20,924,1965116.4952319139,7018396.041704048,True,True,False
1447,24,21,925,1963350.5233808493,7001824.436437333,True,True,False
1448,24,22,926,1961593.416690686,6985286.568580619,False,True,False
1449,24,23,927,1959845.1109509277,6968782.253413092,False,False,False
1450,24,24,928,1958105.5425748285,6952311.307481523,False,False,False
1451,24,25,929,1956374.6485918916,6935873.548588381,False,True,False
1452,24,26,930,1954652.366640481,6919468.79578006,True,True,False
1453,24,27,931,1952938.6349605324,6903096.86933528,True,True,False
1454,24,28,932,1951233.3923863734,6886757.590753552,True,True,False
1455,24,29,933,1949536.5783396459,6870450.782743834,True,True,False
1456,24,30,934,1947848.1328223236,6854176.269213299,True,True,False
1457,24,31,935,1946167.996409837,6837933.875256186,True,True,False
1458,24,32,936,1944496.1102442862,6821723.427142845,True,True,False
1459,24,33,937,1942832.4160277583,6805544.7523088455,True,True,False
1460,24,34,938,1941176.8560157334,6789397.679344221,True,True,False
1461,24,35,939,1939529.373010585,6773282.037982866,True,True,False
1462,24,36,940,1937889.9103551703,6757197.659091998,True,True,False
1463,24,37,941,1936258.4119265135,6741144.374661771,True,True,False
1464,24,38,942,1934634.8221295744,6725122.0177949825,True,True,False
1465,24,39,943,1933019.0858911022,6709130.422696927,False,True,False
1466,24,40,944,1931411.1486535808,6693169.424665303,False,True,False
1467,24,41,945,1929810.9563692517,6677238.860080298,False,True,False
1468,24,42,946,1928218.4554942208,6661338.566394719,True,True,False
1469,24,43,947,1926633.5929826524,6645468.382124281,False,True,False
1470,24,44,948,1925056.3162810337,6629628.146837968,False,True,False
1471,24,45,949,1923486.573322526,6613817.701148516,True,True,False
1472,24,46,950,1921924.3125213897,6598036.886702971,True,False,False
1473,24,47,951,1920369.4827674862,6582285.546173418,True,False,False
1474,24,48,952,1918822.0334208542,6566563.523247707,False,False,False
1475,24,49,953,1917281.9143063612,6550870.662620373,False,False,False
1476,24,50,954,1915749.0757084282,6535206.809983594,True,True,False
1477,24,51,955,1915627.1947508247,6525282.616464998,True,False,False
1489,25,1,956,2018542.9059234175,7333759.17475373,False,False,False
1490,25,2,957,2015703.0752799672,7320745.776845911,False,False,False
1491,25,3,958,2013728.9320168113,7303542.810256359,False,False,False
1492,25,4,959,2011765.1129878089,7286377.067641784,True,True,False
1493,25,5,960,2009811.5399757822,7269248.339970114,False,True,False
1494,25,6,961,2007868.1355560333,7252156.419707197,False,False,False
1495,25,7,962,2005934.8230864035,7235101.100802317,False,False,False
1496,25,8,963,2004011.5266974869,7218082.178673841,False,True,False
1497,25,9,964,2002098.1712829843,7201099.450195044,True,True,False
1498,25,10,965,2000194.6824902098,7184152.713680093,True,True,False
1499,25,11,966,1998300.9867107254,7167241.768870205,False,True,False
1500,25,12,967,1996417.0110711246,7150366.41691996,False,True,False
1501,25,13,968,1994542.683423949,7133526.460383762,True,True,False
1502,25,14,969,1992677.9323387372,7116721.703202462,True,False,False
1503,25,15,970,1990822.6870932062,7099951.950690148,False,True,False
1504,25,16,971,1988976.8776645646,7083217.009521067,False,True,False
1505,25,17,972,1987140.434720947,7066516.687716691,True,True,False
1506,25,18,973,1985313.2896129806,7049850.794632964,True,True,False
1507,25,19,974,1983495.3743654692,7033219.140947668,False,False,False
1508,25,20,975,1981686.6216692016,7016621.538647925,True,True,False
1509,25,21,976,1979886.964872874,7000057.801017862,True,True,False
1510,25,22,977,1978096.3379751362,6983527.74262642,True,True,False
1511,25,23,978,1976314.675616746,6967031.179315266,True,False,False
1512,25,24,979,1974541.9130728403,6950567.928186868,True,True,False
1513,25,25,980,1972777.986245315,6934137.807592709,True,False,False
1514,25,26,981,1971022.8316553177,6917740.637121617,True,False,False
1515,25,27,982,1969276.386435842,6901376.237588231,True,True,False
1516,25,28,983,1967538.588324432,6885044.431021599,False,False,False
1517,25,29,984,1965809.3756559915,6868745.040653902,False,True,False
1518,25,30,985,1964088.6873556888,6852477.890909291,True,True,False
1519,25,31,986,1962376.4629319692,6836242.807392887,False,False,False
1520,25,32,987,1960672.6424696634,6820039.616879839,False,False,False
1521,25,33,988,1958977.1666231896,6803868.147304571,True,False,False
1522,25,34,989,1957289.976609861,6787728.227750102,True,True,False
1523,25,35,990,1955611.0142032725,6771619.6884374935,False,True,False
1524,25,36,991,1953940.2217267966,6755542.360715431,False,True,False
1525,25,37,992,1952277.542047157,6739496.077049896,True,True,False
1526,25,38,993,1950622.918568097,6723480.671013965,False,False,False
1527,25,39,994,1948976.2952241392,6707495.977277721,False,False,False
1528,25,40,995,1947337.6164744233,6691541.8315982595,False,True,False
1529,25,41,996,1945706.82729664,6675618.070809822,True,False,False
1530,25,42,997,1944083.8731810376,6659724.53281403,True,True,False
1531,25,43,998,1942468.7001245217,6643861.056570228,False,True,False
1532,25,44,999,1940861.2546248266,6628027.482085909,False,True,False
1533,25,45,1000,1939261.4836747746,6612223.650407282,False,True,False
1534,25,46,1001,1937669.3347566081,6596449.403609908,True,True,False
1535,25,47,1002,1936084.755836404,6580704.584789452,True,True,False
1536,25,48,1003,1934507.69535856,6564989.0380525375,False,True,False
1537,25,49,1004,1932938.1022403578,6549302.608507682,True,True,False
1538,25,50,1005,1931375.9258666015,6533645.142256352,True,True,False
1539,25,51,1006,1930784.0300374879,6522524.712694541,True,True,False
1551,26,1,1007,2034404.4423553885,7334564.841462686,False,False,False
1552,26,2,1008,2032901.2059176646,7318782.619260233,False,False,False
1553,26,3,1009,2030890.2653922718,7301588.836755276,False,False,False
1554,26,4,1010,2028889.8358482274,7284432.207428045,True,True,False
1555,26,5,1011,2026899.8377137647,7267312.522961376,False,False,False
1556,26,6,1012,2024920.1922225668,7250229.576527057,False,False,False
1557,26,7,1013,2022950.8214036801,7233183.162771446,False,True,False
1558,26,8,1014,2020991.6480715729,7216173.077801267,True,True,False
1559,26,9,1015,2019042.595816347,7199199.119169557,True,False,False
1560,26,10,1016,2017103.5889940946,7182261.085861786,False,False,False
1561,26,11,1017,2015174.5527173951,7165358.778282145,False,True,False
1562,26,12,1018,2013255.4128459536,7148491.9982399605,True,True,False
1563,26,13,1019,2011346.0959773783,7131660.548936289,True,True,False
1564,26,14,1020,2009446.5294380947,7114864.234950672,False,True,False
1565,26,15,1021,2007556.64127439,7098102.86222802,False,True,False
1566,26,16,1022,2005676.3602435899,7081376.238065655,False,True,False
1567,26,17,1023,2003805.615805366,7064684.171100512,False,False,False
1568,26,18,1024,2001944.338113168,7048026.47129647,True,True,False
1569,26,19,1025,2000092.4580057827,7031402.949931832,True,True,False
1570,26,20,1026,1998249.9069990106,7014813.419586947,True,True,False
1571,26,21,1027,1996416.6172774707,6998257.694131978,True,True,False
1572,26,22,1028,1994592.5216865158,6981735.588714793,False,False,False
1573,26,23,1029,1992777.55372427,6965246.91974901,False,True,False
1574,26,24,1030,1990971.6475337779,6948791.504902159,False,True,False
1575,26,25,1031,1989174.7378952662,6932369.1630839845,False,False,False
1576,26,26,1032,1987386.760218518,6915979.714434898,True,True,False
1577,26,27,1033,1985607.6505353546,6899622.980314506,True,True,False
1578,26,28,1034,1983837.3454922251,6883298.783290333,False,False,False
1579,26,29,1035,1982075.7823428996,6867006.947126618,False,False,False
1580,26,30,1036,1980322.8989412673,6850747.296773256,True,True,False
1581,26,31,1037,1978578.6337342395,6834519.65835487,False,False,False
1582,26,32,1038,1976842.9257547462,6818323.859159984,False,False,False
1583,26,33,1039,1975115.7146148358,6802159.727630324,False,False,False
1584,26,34,1040,1973396.940498873,6786027.09335024,True,True,False
1585,26,35,1041,1971686.5441568259,6769925.787036255,False,True,False
1586,26,36,1042,1969984.4668976567,6753855.640526687,False,False,False
1587,26,37,1043,1968290.6505827934,6737816.486771437,True,True,False
1588,26,38,1044,1966605.0376197014,6721808.159821848,False,True,False
1589,26,39,1045,1964927.57095554,6705830.49482072,True,True,False
1590,26,40,1046,1963258.1940709092,6689883.327992352,True,True,False
1591,26,41,1047,1961596.8509736788,6673966.496632793,True,True,False
1592,26,42,1048,1959943.486192909,6658079.839100129,False,True,False
1593,26,43,1049,1958298.0447728494,6642223.194804894,False,True,False
1594,26,44,1050,1956660.4722670221,6626396.404200589,True,True,False
1595,26,45,1051,1955030.7147323894,6610599.308774296,True,True,False
1596,26,46,1052,1953408.7187235923,6594831.751037412,True,True,False
1597,26,47,1053,1951794.4312872803,6579093.574516448,True,True,False
1598,26,48,1054,1950187.7999565064,6563384.623743954,True,False,False
1599,26,49,1055,1948588.7727452065,6547704.744249531,True,True,False
1600,26,50,1056,1946997.2981427491,6532053.782550939,False,True,False
1601,26,51,1057,1946114.7397080502,6519705.673274808,True,False,False
1613,27,1,1058,2044390.3940168025,7328619.127984124,False,False,False
1614,27,2,1059,2047044.6127540576,7315559.21157075,False,True,False
1615,27,3,1060,2048016.3476940186,7299577.611521761,False,True,False
1616,27,4,1061,2046006.6712568023,7282451.324267729,True,True,False
1617,27,5,1062,2043980.3100784004,7265340.844842696,False,False,False
1618,27,6,1063,2041964.4849673894,7248267.0328838695,True,True,False
1619,27,7,1064,2039959.1166318778,7231229.683745971,True,True,False
1620,27,8,1065,2037964.1265779529,7214228.594235233,True,False,False
1621,27,9,1066,2035979.437099746,7197263.5625954885,False,False,False
1622,27,10,1067,2034004.9712696422,7180334.388494408,False,False,False
1623,27,11,1068,2032040.6529286408,7163440.873009913,True,True,False
1624,27,12,1069,2030086.4066768535,7146582.818616732,True,True,False
1625,27,13,1070,2028142.1578641434,7129760.029173104,False,True,False
1626,27,14,1071,2026207.8325809024,7112972.309907657,False,True,False
1627,27,15,1072,2024283.357648964,7096219.467406405,False,True,False
1628,27,16,1073,2022368.660612648,7079501.309599934,False,True,False
1629,27,17,1074,2020463.669729938,7062817.64575067,False,True,False
1630,27,18,1075,2018568.3139637818,7046168.286440371,True,True,False
1631,27,19,1076,2016682.522973528,7029553.043557683,True,True,False
1632,27,20,1077,2014806.227106475,7012971.730285901,True,True,True
1633,27,21,1078,2012939.3573895518,6996424.161090811,True,True,True
1634,27,22,1079,2011081.8455211138,6979910.151708716,True,True,False
1635,27,23,1080,2009233.6238628593,6963429.519134563,True,True,False
1636,27,24,1081,2007394.6254318566,6946982.081610227,False,True,False
1637,27,25,1082,2005564.7838926953,6930567.658612891,False,True,False
1638,27,26,1083,2003744.0335497386,6914186.070843614,True,True,False
1639,27,27,1084,2001932.309339495,6897837.140215954,False,False,False
1640,27,28,1085,2000129.5468230925,6881520.689844774,False,False,False
1641,27,29,1086,1998335.6821788638,6865236.544035148,False,False,False
1642,27,30,1087,1996550.6521950334,6848984.5282713855,True,True,False
1643,27,31,1088,1994774.394262511,6832764.469206196,True,False,False
1644,27,32,1089,1993006.846367783,6816576.194649949,False,False,False
1645,27,33,1090,1991247.9470859068,6800419.533560067,False,False,False
1646,27,34,1091,1989497.6355736025,6784294.316030538,True,False,False
1647,27,35,1092,1987755.8515624423,6768200.37328153,True,True,False
1648,27,36,1093,1986022.5353521327,6752137.53764912,True,True,False
1649,27,37,1094,1984297.6278038928,6736105.642575154,True,True,False
1650,27,38,1095,1982581.0703339218,6720104.52259719,True,True,False
1651,27,39,1096,1980872.8049069624,6704134.013338557,True,True,False
1652,27,40,1097,1979172.7740299476,6688193.951498564,False,False,False
1653,27,41,1098,1977480.9207457374,6672284.174842724,True,True,False
1654,27,42,1099,1975797.1886269455,6656404.522193182,False,False,False
1655,27,43,1100,1974121.5217698424,6640554.833419185,True,True,False
1656,27,44,1101,1972453.8647883518,6624734.949427665,True,False,False
1657,27,45,1102,1970794.1628081233,6608944.712153949,False,True,False
1658,27,46,1103,1969142.3614606864,6593183.964552519,False,True,False
1659,27,47,1104,1967498.406877688,6577452.550587929,True,True,False
1660,27,48,1105,1965862.2456852025,6561750.315225777,True,True,False
1661,27,49,1106,1964233.8249981266,6546077.104423783,False,True,False
1662,27,50,1107,1962613.0924146418,6530432.76512297,False,False,False
1663,27,51,1108,1961497.95546003,6516847.146441708,False,False,False
1677,28,3,1109,2059623.995151148,7294784.195120636,False,False,False
1678,28,4,1110,2062156.3954024743,7279828.810068784,True,True,False
1679,28,5,1111,2061052.8187209128,7263333.359813007,True,True,False
1680,28,6,1112,2059000.8764837245,7246268.842421233,True,True,False
1681,28,7,1113,2056959.57249632,7229240.716821111,True,False,False
1682,28,8,1114,2054928.8269642633,7212248.780529436,False,False,False
1683,28,9,1115,2052908.560893455,7195292.832491758,False,False,False
1684,28,10,1116,2050898.6960802018,7178372.673068748,False,False,False
1685,28,11,1117,2048899.1551014374,7161488.10402273,True,True,False
1686,28,12,1118,2046909.8613050804,7144638.928504385,False,False,False
1687,28,13,1119,2044930.7388005438,7127824.951039567,False,False,False
1688,28,14,1120,2042961.712449374,7111045.977516296,False,False,False
1689,28,15,1121,2041002.7078560328,7094301.815171895,False,True,False
1690,28,16,1122,2039053.6513588126,7077592.272580261,False,True,False
1691,28,17,1123,2037114.470020884,7060917.159639304,True,True,False
1692,28,18,1124,2035185.0916214716,7044276.287558494,True,True,True
1693,28,19,1125,2033265.444647163,7027669.468846569,True,True,True
1694,28,20,1126,2031355.4582833354,7011096.517299381,True,True,True
1695,28,21,1127,2029455.0624057166,6994557.247987874,True,True,True
1696,28,22,1128,2027564.1875720571,6978051.477246189,False,False,False
1697,28,23,1129,2025682.7650139288,6961579.022659905,True,True,False
1698,28,24,1130,2023810.7266286372,6945139.7030544495,True,True,False
1699,28,25,1131,2021948.004971255,6928733.338483541,True,True,False
1700,28,26,1132,2020094.533246761,6912359.75021788,True,False,False
1701,28,27,1133,2018250.2453022986,6896018.760733875,False,False,False
1702,28,28,1134,2016415.0756195404,6879710.193702521,False,False,False
1703,28,29,1135,2014588.9593071623,6863433.873978429,False,False,False
1704,28,30,1136,2012771.8320934225,6847189.627588928,True,True,False
1705,28,31,1137,2010963.6303188475,6830977.281723312,True,False,False
1706,28,32,1138,2009164.2909290208,6814796.66472222,False,False,False
1707,28,33,1139,2007373.7514674703,6798647.606067095,False,False,False
1708,28,34,1140,2005591.9500686575,6782529.936369782,False,False,False
1709,28,35,1141,2003818.825451067,6766443.487362232,True,False,False
1710,28,36,1142,2002054.3169103863,6750388.091886341,True,True,False
1711,28,37,1143,2000298.3643127875,6734363.583883849,True,False,False
1712,28,38,1144,1998550.908088297,6718369.798386397,False,False,False
1713,28,39,1145,1996811.889224259,6702406.571505669,True,True,False
1714,28,40,1146,1995081.2492588924,6686473.740423639,True,True,False
1715,28,41,1147,1993358.9302749305,6670571.143382932,True,False,False
1716,28,42,1148,1991644.874893353,6654698.619677291,True,False,False
1717,28,43,1149,1989939.0262672042,6638856.009642118,True,True,False
1718,28,44,1150,1988241.3280754911,6623043.154645165,True,True,False
1719,28,45,1151,1986551.7245171727,6607259.897077275,False,False,False
1720,28,46,1152,1984870.160305223,6591506.080343258,False,True,False
1721,28,47,1153,1983196.580660781,6575781.548852843,True,True,False
1722,28,48,1154,1981530.9313073785,6560086.148011734,True,True,False
1723,28,49,1155,1979873.158465245,6544419.72421276,True,True,False
1724,28,50,1156,1978223.2088456901,6528782.124827121,False,False,False
1725,28,51,1157,1976762.3824486134,6513314.224431379,True,False,False
1726,28,52,1158,1977185.8171100293,6497841.772712326,True,True,False
1727,28,53,1159,1977594.50041511,6482360.108211482,True,False,False
1728,28,54,1160,1977981.1631069453,6467737.932028591,False,False,False
1729,28,55,1161,1978266.0759655114,6456979.281288015,False,False,False
1740,29,4,1162,2072367.29703889,7272912.0150846075,False,False,False
1741,29,5,1163,2075163.486486758,7259889.883323235,False,False,False
1742,29,6,1164,2076029.2299562308,7244235.059680863,True,True,True
1743,29,7,1165,2073952.0532076205,7227216.31598153,True,True,False
1744,29,8,1166,2071885.6144573772,7210233.690118444,True,True,False
1745,29,9,1167,2069829.8334310232,7193286.981749688,True,False,False
1746,29,10,1168,2067784.6306565236,7176375.991939636,True,True,False
1747,29,11,1169,2065749.9274543687,7159500.523145584,True,True,False
1748,29,12,1170,2063725.645927797,7142660.379204619,False,False,False
1749,29,13,1171,2061711.70895317,7125855.365320541,False,False,False
1750,29,14,1172,2059708.04017048,7109085.288050975,False,False,False
1751,29,15,1173,2057714.5639740035,7092349.955294653,False,True,False
1752,29,16,1174,2055731.2055030835,7075649.1762787895,False,True,False
1753,29,17,1175,2053757.8906330562,7058982.761546621,True,True,True
1754,29,18,1176,2051794.5459662986,7042350.522945102,True,False,True
1755,29,19,1177,2049841.0988234123,7025752.273612712,False,True,False
1756,29,20,1178,2047897.4772345345,7009187.827967408,False,False,False
1757,29,21,1179,2045963.6099307698,6992657.001694713,True,True,True
1758,29,22,1180,2044039.426335753,6976159.61173594,False,True,False
1759,29,23,1181,2042124.8565573227,6959695.476276543,True,True,False
1760,29,24,1182,2040219.8313793263,6943264.4147345945,True,True,False
1761,29,25,1183,2038324.2822535294,6926866.247749386,True,True,False
1762,29,26,1184,2036438.1412916512,6910500.797170175,True,False,False
1763,29,27,1185,2034561.3412575072,6894167.886045029,True,False,False
1764,29,28,1186,2032693.815559265,6877867.338609819,True,False,False
1765,29,29,1187,2030835.49824181,6861598.980277305,True,False,False
1766,29,30,1188,2028986.3239792178,6845362.637626362,True,True,False
1767,29,31,1189,2027146.228067336,6829158.1383913215,True,False,False
1768,29,32,1190,2025315.1464164648,6812985.311451419,True,False,False
1769,29,33,1191,2023493.0155441472,6796843.986820371,True,False,False
1770,29,34,1192,2021679.772568052,6780733.99563604,True,False,False
1771,29,35,1193,2019875.3551989633,6764655.17015025,True,False,False
1772,29,36,1194,2018079.7017338665,6748607.3437186815,True,True,False
1773,29,37,1195,2016292.7510491253,6732590.350790873,False,False,False
1774,29,38,1196,2014514.4425937599,6716604.02690036,False,False,False
1775,29,39,1197,2012744.7163828143,6700648.2086548945,False,False,False
1776,29,40,1198,2010983.512990817,6684722.733726778,True,True,False
1777,29,41,1199,2009230.7735453302,6668827.440843294,True,True,False
1778,29,42,1200,2007486.439720591,6652962.169777256,True,True,False
1779,29,43,1201,2005750.453731234,6637126.761337632,False,False,False
1780,29,44,1202,2004022.758326108,6621321.057360303,True,True,False
1781,29,45,1203,2002303.29678217,6605544.900698871,False,False,False
1782,29,46,1204,2000592.0128984633,6589798.135215628,False,False,False
1783,29,47,1205,1998888.8509901848,6574080.605772567,True,True,False
1784,29,48,1206,1997193.7558828224,6558392.158222508,True,True,False
1785,29,49,1207,1995506.6729063792,6542732.639400324,True,True,False
1786,29,50,1208,1993827.547889674,6527101.897114244,True,False,False
1787,29,51,1209,1992156.3271547167,6511499.780137266,True,True,False
1788,29,52,1210,1990492.9575111596,6495926.138198647,False,True,False
1789,29,53,1211,1988837.3862508282,6480380.821975478,True,True,False
1790,29,54,1212,1987189.561142318,6464863.683084369,False,False,False
1791,29,55,1213,1986130.2352031765,6450910.496889423,True,True,False
1803,30,5,1214,2095280.0067881378,7252247.245135375,False,False,False
1804,30,6,1215,2093049.4090686757,7242165.740097104,False,False,True
1805,30,7,1216,2090936.423469268,7225156.536095931,True,False,True
1806,30,8,1217,2088834.3547709004,7208183.37731238,True,True,False
1807,30,9,1218,2086743.121426681,7191246.064127774,True,True,True
1808,30,10,1219,2084662.6427040803,7174344.398320768,True,True,False
1809,30,11,1220,2082592.8386748733,7157478.183054134,True,True,False
1810,30,12,1221,2080533.630205236,7140647.22286169,True,True,False
1811,30,13,1222,2078484.9389459814,7123851.323635429,True,True,False
1812,30,14,1223,2076446.6873229444,7107090.29261271,True,True,False
1813,30,15,1224,2074418.7985274994,7090363.9383636685,True,True,False
1814,30,16,1225,2072401.1965072257,7073672.070778719,True,False,True
1815,30,17,1226,2070393.805956698,7057014.501056227,True,False,True
1816,30,18,1227,2068396.5523084188,7040391.041690289,True,True,False
1817,30,19,1228,2066409.3617238791,7023801.506458691,True,True,False
1818,30,20,1229,2064432.161084745,7007245.710410947,True,True,False
1819,30,21,1230,2062464.8779841792,6990723.4698565155,True,True,True
1820,30,22,1231,2060507.4407182764,6974234.602353125,True,True,False
1821,30,23,1232,2058559.778277631,6957778.926695235,True,True,False
1822,30,24,1233,2056621.8203390208,6941356.262902617,False,False,False
1823,30,25,1234,2054693.4972572096,6924966.432209065,True,True,False
1824,30,26,1235,2052774.740056867,6908609.257051242,True,True,False
1825,30,27,1236,2050865.4804246048,6892284.5610576235,False,False,False
1826,30,28,1237,2048965.6507011214,6875992.169037583,False,False,False
1827,30,29,1238,2047075.1838734641,6859731.906970596,False,False,False
1828,30,30,1239,2045194.0135673943,6843503.601995537,False,True,False
1829,30,31,1240,2043322.0740398623,6827307.082400136,True,False,False
1830,30,32,1241,2041459.3001715925,6811142.177610506,True,False,False
1831,30,33,1242,2039605.6274597622,6795008.718180809,False,False,False
1832,30,34,1243,2037760.9920107948,6778906.535783028,False,False,False
1833,30,35,1244,2035925.3305332426,6762835.463196852,False,False,False
1834,30,36,1245,2034098.5803307777,6746795.334299672,True,True,False
1835,30,37,1246,2032280.6792952744,6730785.98405665,False,False,False
1836,30,38,1247,2030471.565899988,6714807.248510965,False,False,False
1837,30,39,1248,2028671.1791928334,6698858.964774107,False,False,False
1838,30,40,1249,2026879.4587897465,6682940.971016274,True,False,False
1839,30,41,1250,2025096.3448681487,6667053.106456909,True,True,False
1840,30,42,1251,2023321.7781604922,6651195.211355322,True,True,False
1841,30,43,1252,2021555.6999478973,6635367.127001372,True,True,False
1842,30,44,1253,2019798.052053875,6619568.695706326,True,True,False
1843,30,45,1254,2018048.776838141,6603799.76079374,True,False,False
1844,30,46,1255,2016307.817190504,6588060.166590489,True,False,False
1845,30,47,1256,2014575.1165248456,6572349.75841785,True,False,False
1846,30,48,1257,2012850.6187731796,6556668.382582724,True,True,False
1847,30,49,1258,2011134.2683797893,6541015.886368894,True,True,False
1848,30,50,1259,2009426.010295445,6525392.118028438,True,True,False
1849,30,51,1260,2007725.789971703,6509796.92677318,True,True,False
1850,30,52,1261,2006033.553355274,6494230.162766265,True,False,False
1851,30,53,1262,2004349.2468824743,6478691.677113796,True,True,False
1852,30,54,1263,2002672.8174737478,6463181.321856565,False,True,False
1853,30,55,1264,2001099.702940154,6449477.963497376,True,False,False
1865,31,5,1265,2112061.3555029356,7251253.297988778,False,False,False
1866,31,6,1266,2110061.2780115334,7240060.939991348,False,False,True
1867,31,7,1267,2107912.548485137,7223061.432911572,True,False,True
1868,31,8,1268,2105774.9141125996,7206097.897291503,False,False,True
1869,31,9,1269,2103648.292082688,7189170.134246321,True,True,True
1870,31,10,1270,2101532.6004103273,7172277.946279464,True,False,True
1871,31,11,1271,2099427.757926417,7155421.137269518,True,False,True
1872,31,12,1272,2097333.684267788,7138599.512457325,True,False,True
1873,31,13,1273,2095250.2998673161,7121812.878433171,True,True,True
1874,31,14,1274,2093177.5259441712,7105061.043124192,True,True,True
1875,31,15,1275,2091115.284494217,7088343.815781829,True,False,True
1876,31,16,1276,2089063.4982805436,7071661.006969505,True,True,True
1877,31,17,1277,2087022.0908241414,7055012.428550384,True,True,False
1878,31,18,1278,2084990.9863947078,7038397.893675307,True,True,False
1879,31,19,1279,2082970.1100015899,7021817.216770818,True,False,False
1880,31,20,1280,2080959.3873848526,7005270.213527374,True,True,False
1881,31,21,1281,2078958.745006481,6988756.7008876195,True,True,True
1882,31,22,1282,2076968.1100417045,6972276.497034868,True,True,True
1883,31,23,1283,2074987.4103704481,6955829.421381633,False,True,False
1884,31,24,1284,2073016.5745689024,6939415.294558349,False,False,False
1885,31,25,1285,2071055.531901218,6923033.938402177,False,False,False
1886,31,26,1286,2069104.2123113147,6906685.175945936,True,True,False
1887,31,27,1287,2067162.546414808,6890368.831407176,False,True,False
1888,31,28,1288,2065230.4654910502,6874084.73017735,False,True,False
1889,31,29,1289,2063307.9014752856,6857832.698811116,False,False,False
1890,31,30,1290,2061394.7869509086,6841612.565015737,False,True,False
1891,31,31,1291,2059491.0551418425,6825424.157640629,True,False,False
1892,31,32,1292,2057596.6399050162,6809267.306666985,True,False,False
1893,31,33,1293,2055711.475722947,6793141.84319752,True,False,False
1894,31,34,1294,2053835.4976964346,6777047.599446369,False,False,False
1895,31,35,1295,2051968.6415373448,6760984.40872902,False,False,False
1896,31,36,1296,2050110.8435615043,6744952.105452405,True,True,False
1897,31,37,1297,2048262.0406816888,6728950.525105101,False,False,False
1898,31,38,1298,2046422.170400708,6712979.504247607,False,False,False
1899,31,39,1299,2044591.1708045888,6697038.880502728,False,False,False
1900,31,40,1300,2042768.9805558496,6681128.492546098,True,False,False
1901,31,41,1301,2040955.538886869,6665248.180096753,True,True,False
1902,31,42,1302,2039150.7855933462,6649397.783907835,False,False,False
1903,31,43,1303,2037354.6610278466,6633577.1457573995,False,False,False
1904,31,44,1304,2035567.1060934395,6617786.108439287,True,True,False
1905,31,45,1305,2033788.0622374255,6602024.51575413,True,False,False
1906,31,46,1306,2032017.471445139,6586292.212500424,False,False,False
1907,31,47,1307,2030255.2762338463,6570589.044465722,True,True,False
1908,31,48,1308,2028501.4196467171,6554914.858417879,True,True,False
1909,31,49,1309,2026755.8452468861,6539269.502096442,True,True,False
1910,31,50,1310,2025018.4971115857,6523652.824204068,True,True,False
1911,31,51,1311,2023289.3198263652,6508064.674398107,True,True,False
1912,31,52,1312,2021568.2584793826,6492504.903282192,True,False,False
1913,31,53,1313,2019855.2586557753,6476973.3623979725,True,False,False
1914,31,54,1314,2018150.266432107,6461469.904216921,True,True,False
1915,31,55,1315,2016592.538241877,6448212.6210325165,True,True,False
1927,32,5,1316,2129063.5741368234,7250210.346250679,False,False,False
1928,32,6,1317,2127064.7014895095,7237920.716566388,False,False,False
1929,32,7,1318,2124880.293966928,7220931.063048672,True,False,False
1930,32,8,1319,2122707.1591917546,7203977.30610072,True,False,False
1931,32,9,1320,2120545.213096595,7187059.247582069,True,True,False
1932,32,10,1321,2118394.3724518893,7170176.690731309,True,True,False
1933,32,11,1322,2116254.5548555977,7153329.440153126,True,True,False
1934,32,12,1323,2114125.6787230326,7136517.301805514,True,True,False
1935,32,13,1324,2112007.6632768386,7119740.082987127,True,True,False
1936,32,14,1325,2109900.4285371196,7102997.592324764,True,True,False
1937,32,15,1326,2107803.8953117128,7086289.639760993,True,True,False
1938,32,16,1327,2105717.9851865973,7069616.036541959,True,True,False
1939,32,17,1328,2103642.6205164497,7052976.5952052185,False,False,False
1940,32,18,1329,2101577.724415326,7036371.129567832,False,False,False
1941,32,19,1330,2099523.2207474904,7019799.454714501,True,True,False
1942,32,20,1331,2097479.0341183688,7003261.38698589,True,True,False
1943,32,21,1332,2095445.0898656277,6986756.7439670125,True,True,False
1944,32,22,1333,2093421.314050393,6970285.344475836,True,True,True
1945,32,23,1334,2091407.6334485826,6953847.008551908,True,True,True
1946,32,24,1335,2089403.9755423735,6937441.557445204,True,False,False
1947,32,25,1336,2087410.2685117768,6921068.8136050105,False,False,False
1948,32,26,1337,2085426.4412263478,6904728.600669004,True,False,False
1949,32,27,1338,2083452.4232370008,6888420.743452388,False,False,False
1950,32,28,1339,2081488.1447679463,6872145.067937185,False,True,False
1951,32,29,1340,2079533.5367087403,6855901.401261638,False,True,False
1952,32,30,1341,2077588.5306064454,6839689.571709705,True,True,False
1953,32,31,1342,2075653.0586579014,6823509.408700703,True,False,False
1954,32,32,1343,2073727.0537021062,6807360.742779026,False,False,False
1955,32,33,1344,2071810.4492126992,6791243.405604001,True,False,False
1956,32,34,1345,2069903.1792905552,6775157.229939847,True,False,False
1957,32,35,1346,2068005.1786564754,6759102.04964572,True,False,False
1958,32,36,1347,2066116.3826439856,6743077.699665896,True,True,False
1959,32,37,1348,2064236.7271922277,6727084.016020046,True,True,False
1960,32,38,1349,2062366.1488389573,6711120.8357935995,False,False,False
1961,32,39,1350,2060504.5847136301,6695187.997128232,True,False,False
1962,32,40,1351,2058651.9725305892,6679285.339212445,True,False,False
1963,32,41,1352,2056808.250582343,6663412.702272244,True,True,False
1964,32,42,1353,2054973.3577329363,6647569.927561909,True,False,False
1965,32,43,1354,2053147.2334114108,6631756.857354891,True,False,False
1966,32,44,1355,2051329.8176053585,6615973.334934757,True,True,False
1967,32,45,1356,2049521.0508545563,6600219.204586273,True,True,False
1968,32,46,1357,2047720.8742446934,6584494.311586555,False,False,False
1969,32,47,1358,2045929.2294011824,6568798.502196328,True,True,False
1970,32,48,1359,2044146.0584830486,6553131.623651266,False,True,False
1971,32,49,1360,2042371.3041769117,6537493.524153426,True,True,False
1972,32,50,1361,2040604.9096910385,6521884.052862771,True,False,False
1973,32,51,1362,2038846.8187494823,6506303.059888772,True,True,False
1974,32,52,1363,2037096.9755862982,6490750.396282127,False,True,False
1975,32,53,1364,2035355.3249398363,6475225.914026527,False,True,False
1976,32,54,1365,2033621.8120471106,6459729.466030533,True,True,False
1977,32,55,1366,2032079.8212097713,6446918.124443005,True,True,False
1989,33,5,1367,2146135.992002511,7249126.699908093,False,False,False
1990,33,6,1368,2144059.5447289925,7235745.127900665,False,False,False
1991,33,7,1369,2141839.526141531,7218765.483994786,False,False,False
1992,33,8,1370,2139630.9572264417,7201821.6606440265,True,False,False
1993,33,9,1371,2137433.7526684506,7184913.460462686,True,True,False
1994,33,10,1372,2135247.8280016766,7168040.687434787,True,True,False
1995,33,11,1373,2133073.099599184,7151203.146901272,False,True,False
1996,33,12,1374,2130909.4846626897,7134400.645547335,False,True,False
1997,33,13,1375,2128756.901212417,7117632.99138992,False,True,False
1998,33,14,1376,2126615.2680771006,7100899.993765327,False,False,False
1999,33,15,1377,2124484.5048841313,7084201.4633169845,True,False,False
2000,33,16,1378,2122364.5320498524,7067537.211983327,False,True,False
2001,33,17,1379,2120255.2707699887,7050907.052985833,False,True,False
2002,33,18,1380,2118156.6430102177,7034310.8008171655,False,True,False
2003,33,19,1381,2116068.5714968746,7017748.271229482,True,True,False
2004,33,20,1382,2113990.9797077924,7001219.281222836,False,False,False
2005,33,21,1383,2111923.791863273,6984723.649033706,False,False,False
2006,33,22,1384,2109866.932917189,6968261.194123687,True,True,False
2007,33,23,1385,2107820.3285482056,6951831.737168263,False,True,True
2008,33,24,1386,2105783.905151137,6935435.100045727,True,True,True
2009,33,25,1387,2103757.5898284237,6919071.105826202,True,True,False
2010,33,26,1388,2101741.3103817212,6902739.578760807,True,False,False
2011,33,27,1389,2099734.9953036197,6886440.344270914,False,False,False
2012,33,28,1390,2097738.5737694763,6870173.228937526,False,False,False
2013,33,29,1391,2095751.9756293583,6853938.06049079,True,True,False
2014,33,30,1392,2093775.1314001062,6837734.667799592,True,True,False
2015,33,31,1393,2091807.972257503,6821562.880861291,True,True,False
2016,33,32,1394,2089850.4300285578,6805422.530791541,True,False,False
2017,33,33,1395,2087902.4371838884,6789313.449814243,True,False,False
2018,33,34,1396,2085963.926830224,6773235.471251581,False,False,False
2019,33,35,1397,2084034.8327029974,6757188.429514178,False,False,False
2020,33,36,1398,2082115.089159049,6741172.160091371,True,False,False
2021,33,37,1399,2080204.6311694307,6725186.49954154,True,True,False
2022,33,38,1400,2078303.3943123033,6709231.285482606,True,False,False
2023,33,39,1401,2076411.314765942,6693306.356582576,True,False,False
2024,33,40,1402,2074528.3293018278,6677411.552550212,True,False,False
2025,33,41,1403,2072654.3752778396,6661546.714125794,True,True,False
2026,33,42,1404,2070789.3906315386,6645711.683071981,True,True,False
2027,33,43,1405,2068933.3138735413,6629906.30216476,True,True,False
2028,33,44,1406,2067086.0840809888,6614130.415184513,False,False,False
2029,33,45,1407,2065247.6408910993,6598383.866907138,True,True,False
2030,33,46,1408,2063417.9244948088,6582666.503095307,True,True,False
2031,33,47,1409,2061596.8756305021,6566978.170489777,True,True,False
2032,33,48,1410,2059784.4355778245,6551318.7168008145,False,True,False
2033,33,49,1411,2057980.546151577,6535687.9906997075,True,True,False
2034,33,50,1412,2056185.1496956956,6520085.841810357,True,True,False
2035,33,51,1413,2054398.1890773114,6504512.12070095,True,True,False
2036,33,52,1414,2052619.6076808872,6488966.678875746,False,True,False
2037,33,53,1415,2050849.3494024363,6473449.368766908,False,True,False
2038,33,54,1416,2049087.3586438159,6457960.043726453,False,True,False
2039,33,55,1417,2047561.083962597,6445594.539634855,True,True,False
2051,34,5,1418,2163237.845516179,7248004.6203978425,False,False,False
2052,34,6,1419,2161045.6734854276,7233534.23294248,False,False,False
2053,34,7,1420,2158790.111758318,7216564.754099067,False,False,False
2054,34,8,1421,2156546.175950739,7199631.01867887,True,True,False
2055,34,9,1422,2154313.779507924,7182732.830061243,False,True,False
2056,34,10,1423,2152092.8367359336,7165869.992985801,False,False,False
2057,34,11,1424,2149883.2627910813,7149042.313539794,False,False,False
2058,34,12,1425,2147684.973669513,7132249.5991455745,False,False,False
2059,34,13,1426,2145497.8861969383,7115491.658548204,False,True,False
2060,34,14,1427,2143321.9180185124,7098768.301803214,True,False,False
2061,34,15,1428,2141156.9875888624,7082079.340264486,True,False,False
2062,34,16,1429,2139003.014162262,7065424.586572284,False,True,False
2063,34,17,1430,2136859.9177829446,7048803.854641386,False,True,False
2064,34,18,1431,2134727.619275556,7032216.959649387,True,False,False
2065,34,19,1432,2132606.040235749,7015663.718025073,True,False,False
2066,34,20,1433,2130495.103020908,6999143.947436995,False,False,False
2067,34,21,1434,2128394.7307410063,6982657.466782093,False,False,False
2068,34,22,1435,2126304.8472495996,6966204.096174493,True,True,False
2069,34,23,1436,2124225.3771349415,6949783.656934412,True,True,False
2070,34,24,1437,2122156.2457112293,6933395.971577169,True,False,True
2071,34,25,1438,2120097.3790099723,6917040.863802341,True,True,True
2072,34,26,1439,2118048.7037714818,6900718.158482995,True,True,False
2073,34,27,1440,2116010.147436484,6884427.681655099,False,True,False
2074,34,28,1441,2113981.6381378495,6868169.260506973,False,False,False
2075,34,29,1442,2111963.1046924368,6851942.7233689055,True,False,False
2076,34,30,1443,2109954.4765930544,6835747.899702874,False,True,False
2077,34,31,1444,2107955.684000533,6819584.620092341,False,True,False
2078,34,32,1445,2105966.6577359103,6803452.716232203,True,True,False
2079,34,33,1446,2103987.32927272,6787352.020918821,True,True,False
2080,34,34,1447,2102017.630729396,6771282.3680401575,False,True,False
2081,34,35,1448,2100057.494861773,6755243.5925660385,False,False,False
2082,34,36,1449,2098106.855055699,6739235.53053848,False,False,False
2083,34,37,1450,2096165.6453197454,6723258.019062155,True,True,False
2084,34,38,1451,2094233.8002780178,6707310.89629495,False,False,False
2085,34,39,1452,2092311.2551630652,6691394.001438597,False,False,False
2086,34,40,1453,2090397.945808893,6675507.17472945,True,False,False
2087,34,41,1454,2088493.8086440598,6659650.257429302,True,False,False
2088,34,42,1455,2086598.78068488,6643823.091816355,True,False,False
2089,34,43,1456,2084712.7995287124,6628025.521176245,True,True,False
2090,34,44,1457,2082835.8033473429,6612257.389793168,True,True,False
2091,34,45,1458,2080967.7308804558,6596518.5429411,False,True,False
2092,34,46,1459,2079108.521429194,6580808.826875136,True,True,False
2093,34,47,1460,2077258.1148498063,6565128.088822871,True,True,False
2094,34,48,1461,2075416.4515473815,6549476.176975892,True,True,False
2095,34,49,1462,2073583.4724696635,6533852.940481376,False,True,False
2096,34,50,1463,2071759.119100955,6518258.229433742,True,True,False
2097,34,51,1464,2069943.3334560965,6502691.894866419,True,True,False
2098,34,52,1465,2068136.0580745302,6487153.788743666,True,True,False
2099,34,53,1466,2066337.2360144432,6471643.763952517,True,True,False
2100,34,54,1467,2064546.8108469867,6456161.674294763,True,True,False
2101,34,55,1468,2063978.444530024,6441950.6310078595,True,True,False
2102,34,56,1469,2067557.7383999731,6429699.340647668,False,True,False
2113,35,5,1470,2180353.4507344672,7246844.990895274,False,False,False
2114,35,6,1471,2178022.954050613,7231288.091504124,False,False,False
2115,35,7,1472,2175731.9180963584,7214328.932566492,True,False,False
2116,35,8,1473,2173452.6836218624,7197405.438810453,True,True,False
2117,35,9,1474,2171185.1628413573,7180517.414390567,True,False,False
2118,35,10,1475,2168929.2688412117,7163664.66481212,False,False,False
2119,35,11,1476,2166684.9155692295,7146846.996918619,False,False,False
2120,35,12,1477,2164452.0178241087,7130064.218879394,False,False,False
2121,35,13,1478,2162230.4912450495,7113316.140177371,False,True,False
2122,35,14,1479,2160020.2523015155,7096602.571596922,True,True,False
2123,35,15,1480,2157821.2182831424,7079923.325211917,False,True,False
2124,35,16,1481,2155633.307289797,7063278.214373839,False,True,False
2125,35,17,1482,2153456.43822177,7046667.053700099,False,True,False
2126,35,18,1483,2151290.5307701197,7030089.659062393,True,True,False
2127,35,19,1484,2149135.50540715,7013545.847575278,False,False,False
2128,35,20,1485,2146991.283377024,6997035.437584789,False,False,False
2129,35,21,1486,2144857.786686516,6980558.248657234,False,False,False
2130,35,22,1487,2142734.93809589,6964114.10156809,True,True,False
2131,35,23,1488,2140622.66110991,6947702.818291012,True,True,False
2132,35,24,1489,2138520.879968982,6931324.221986974,False,False,False
2133,35,25,1490,2136429.519640415,6914978.136993508,True,False,True
2134,35,26,1491,2134348.5058098114,6898664.388814103,True,False,False
2135,35,27,1492,2132277.7648725715,6882382.804107641,True,True,False
2136,35,28,1493,2130217.223925529,6866133.210678016,True,True,False
2137,35,29,1494,2128166.8107586917,6849915.4374638265,True,True,False
2138,35,30,1495,2126126.4538471047,6833729.314528209,True,True,False
2139,35,31,1496,2124096.082342828,6817574.673048724,False,False,False
2140,35,32,1497,2122075.6260670223,6801451.345307413,True,False,False
2141,35,33,1498,2120065.0155021464,6785359.164680922,True,False,False
2142,35,34,1499,2118064.181784265,6769297.96563073,True,False,False
2143,35,35,1500,2116073.056695462,6753267.583693498,False,False,False
2144,35,36,1501,2114091.5726563544,6737267.855471518,False,True,False
2145,35,37,1502,2112119.662718717,6721298.61862324,True,True,False
2146,35,38,1503,2110157.260558204,6705359.711853914,False,True,False
2147,35,39,1504,2108204.3004671717,6689450.974906357,False,True,False
2148,35,40,1505,2106260.7173475972,6673572.248551744,True,True,False
2149,35,41,1506,2104326.4467041,6657723.374580587,False,True,False
2150,35,42,1507,2102401.4246370527,6641904.195793722,True,True,False
2151,35,43,1508,2100485.587835788,6626114.55599345,False,True,False
2152,35,44,1509,2098578.8735718974,6610354.299974747,True,False,False
2153,35,45,1510,2096681.2196926244,6594623.273516561,False,True,False
2154,35,46,1511,2094792.564614339,6578921.323373211,True,True,False
2155,35,47,1512,2092912.8473161105,6563248.297265863,True,True,False
2156,35,48,1513,2091042.0073333578,6547604.043874098,True,True,False
2157,35,49,1514,2089179.9847515912,6531988.412827585,True,True,False
2158,35,50,1515,2087326.7202002353,6516401.254697789,True,False,False
2159,35,51,1516,2085482.1548465353,6500842.4209898375,True,True,False
2160,35,52,1517,2083646.2303895436,6485311.7641344,True,True,False
2161,35,53,1518,2081818.8890541913,6469809.137479696,True,True,False
2162,35,54,1519,2080000.0735854302,6454334.395283565,True,True,False
2163,35,55,1520,2078189.7272424602,6438887.39270562,True,True,False
2164,35,56,1521,2076978.0438058462,6423865.229090049,False,True,False
2165,35,57,1522,2079146.908962943,6410115.683311324,True,True,False
2166,35,58,1523,2081361.2339239626,6399461.63902788,False,False,False
2175,36,5,1524,2197325.0712351496,7245454.5737247495,True,False,False
2176,36,6,1525,2194991.2532599196,7229006.764255897,True,False,False
2177,36,7,1526,2192664.8129715538,7212058.079451989,True,True,False
2178,36,8,1527,2190350.349027223,7195144.980485935,False,True,False
2179,36,9,1528,2188047.772418749,7178267.272297565,True,True,False
2180,36,10,1529,2185756.995021272,7161424.761167788,True,True,False
2181,36,11,1530,2183477.9295824277,7144617.254706202,False,False,False
2182,36,12,1531,2181210.4897116837,7127844.561838867,False,False,False
2183,36,13,1532,2178954.589869831,7111106.492796171,False,False,False
2184,36,14,1533,2176710.1453586244,7094402.859100868,True,True,False
2185,36,15,1534,2174477.0723105753,7077733.473556209,False,True,False
2186,36,16,1535,2172255.2876788937,7061098.150234234,True,False,False
2187,36,17,1536,2170044.7092275694,7044496.704464168,True,False,False
2188,36,18,1537,2167845.2555216053,7027928.952820949,True,True,False
2189,36,19,1538,2165656.845917378,7011394.71311389,False,True,False
2190,36,20,1539,2163479.4005531506,6994893.804375436,False,True,False
2191,36,21,1540,2161312.8403397053,6978426.046850083,False,True,False
2192,36,22,1541,2159157.086951125,6961991.261983363,True,True,False
2193,36,23,1542,2157012.062815695,6945589.272411005,False,False,False
2194,36,24,1543,2154877.6911069374,6929219.901948167,False,False,False
2195,36,25,1544,2152753.895734773,6912882.975578799,True,False,True
2196,36,26,1545,2150640.6013368075,6896578.319445119,False,False,False
2197,36,27,1546,2148537.7332697404,6880305.760837215,True,False,False
2198,36,28,1547,2146445.217600893,6864065.128182714,True,False,False
2199,36,29,1548,2144362.9810998584,6847856.251036622,True,True,False
2200,36,30,1549,2142290.9512302643,6831678.960071218,True,True,False
2201,36,31,1550,2140229.0561416564,6815533.08706608,True,True,False
2202,36,32,1551,2138177.224661488,6799418.464898222,True,True,False
2203,36,33,1552,2136135.3862872296,6783334.92753231,True,True,False
2204,36,34,1553,2134103.471178575,6767282.310011006,True,False,False
2205,36,35,1554,2132081.4101497713,6751260.448445397,False,False,False
2206,36,36,1555,2130069.134662042,6735269.180005541,False,True,False
2207,36,37,1556,2128066.5768161197,6719308.342911082,True,False,False
2208,36,38,1557,2126073.669344883,6703377.776422001,False,False,False
2209,36,39,1558,2124090.34560609,6687477.320829432,True,False,False
2210,36,40,1559,2122116.539575214,6671606.817446591,True,False,False
2211,36,41,1560,2120152.1858383785,6655766.108599791,False,True,False
2212,36,42,1561,2118197.2195853856,6639955.037619562,True,True,False
2213,36,43,1562,2116251.576602839,6624173.448831832,False,True,False
2214,36,44,1563,2114315.193267365,6608421.187549257,True,True,False
2215,36,45,1564,2112388.006538918,6592698.1000625575,True,True,False
2216,36,46,1565,2110469.953954183,6577004.033632038,True,True,False
2217,36,47,1566,2108560.9736200655,6561338.8364791125,False,True,False
2218,36,48,1567,2106661.004207265,6545702.357777973,False,True,False
2219,36,49,1568,2104769.98494394,6530094.447647304,True,True,False
2220,36,50,1569,2102887.8556094556,6514514.957142114,True,True,False
2221,36,51,1570,2101014.5565282144,6498963.738245618,True,True,False
2222,36,52,1571,2099150.02856357,6483440.643861242,True,True,False
2223,36,53,1572,2097294.2131118216,6467945.527804671,True,True,False
2224,36,54,1573,2095447.0520962896,6452478.244795992,False,True,False
2225,36,55,1574,2093608.4879614685,6437038.650451935,True,True,True
2226,36,56,1575,2091778.4636672551,6421626.601278149,True,True,True
2227,36,57,1576,2089956.922683258,6406241.954661616,True,True,True
2228,36,58,1577,2090407.104582462,6391904.889168835,False,True,True
2229,36,59,1578,2092880.575076675,6379929.250560684,False,False,False
2237,37,5,1579,2214270.5062536346,7243242.311064457,True,True,False
2238,37,6,1580,2211950.4384994307,7226690.312720119,True,True,False
2239,37,7,1581,2209588.6647437024,7209752.255654504,False,True,False
2240,37,8,1582,2207239.0414914116,7192849.703988603,False,False,False
2241,37,9,1583,2204901.4785206583,7175982.463457465,False,False,False
2242,37,10,1584,2202575.8865039153,7159150.341127445,True,True,False
2243,37,11,1585,2200262.1769970874,7142353.145383982,True,False,False
2244,37,12,1586,2197960.262428727,7125590.685919471,True,False,False
2245,37,13,1587,2195670.0560894073,7108862.773721296,True,True,False
2246,37,14,1588,2193391.4721212485,7092169.221060002,True,True,False
2247,37,15,1589,2191124.4255075958,7075509.841477541,True,True,False
2248,37,16,1590,2188868.8320628456,7058884.449775711,True,True,False
2249,37,17,1591,2186624.6084224205,7042292.862004672,False,False,False
2250,37,18,1592,2184391.672032881,7025734.895451611,False,False,False
2251,37,19,1593,2182169.941142192,7009210.368629514,False,False,False
2252,37,20,1594,2179959.3347901134,6992719.101266056,False,False,False
2253,37,21,1595,2177759.772798737,6976260.914292634,False,True,False
2254,37,22,1596,2175571.175763157,6959835.629833483,True,True,False
2255,37,23,1597,2173393.465042269,6943443.071194932,False,False,False
2256,37,24,1598,2171226.562749704,6927083.06285477,False,False,False
2257,37,25,1599,2169070.391744885,6910755.430451709,True,False,True
2258,37,26,1600,2166924.8756242185,6894460.0007749805,False,False,False
2259,37,27,1601,2164789.9387123985,6878196.601754037,True,True,False
2260,37,28,1602,2162665.5060538407,6861965.062448345,True,True,False
2261,37,29,1603,2160551.5034042355,6845765.213037297,True,True,False
2262,37,30,1604,2158447.857222216,6829596.884810253,True,True,False
2263,37,31,1605,2156354.494661144,6813459.9101566365,False,False,False
2264,37,32,1606,2154271.343561012,6797354.12255618,True,False,False
2265,37,33,1607,2152198.332440453,6781279.356569246,True,True,False
2266,37,34,1608,2150135.390488868,6765235.447827262,True,False,False
2267,37,35,1609,2148082.4475586535,6749222.233023256,True,True,False
2268,37,36,1610,2146039.434157543,6733239.549902466,True,True,False
2269,37,37,1611,2144006.2814410524,6717287.237253095,True,False,False
2270,37,38,1612,2141982.921205028,6701365.134897107,False,False,False
2271,37,39,1613,2139969.2858782946,6685473.0836811755,True,False,False
2272,37,40,1614,2137965.30851541,6669610.925467661,False,True,False
2273,37,41,1615,2135970.9227895136,6653778.503125735,False,False,False
2274,37,42,1616,2133986.062985273,6637975.660522579,True,True,False
2275,37,43,1617,2132010.6639919262,6622202.242514669,False,True,False
2276,37,44,1618,2130044.6612964217,6606458.094939152,True,True,False
2277,37,45,1619,2128087.9909766456,6590743.064605292,True,True,False
2278,37,46,1620,2126140.5896947463,6575056.999286057,True,True,False
2279,37,47,1621,2124202.394690542,6559399.747709745,True,False,False
2280,37,48,1622,2122273.3437750232,6543771.159551679,True,False,False
2281,37,49,1623,2120353.3753239415,6528171.085426075,True,True,False
2282,37,50,1624,2118442.4282714785,6512599.376877866,True,True,False
2283,37,51,1625,2116540.4421040053,6497055.886374738,True,True,False
2284,37,52,1626,2114647.3568539238,6481540.4672991345,True,True,False
2285,37,53,1627,2112763.1130935876,6466052.973940432,True,True,False
2286,37,54,1628,2110887.6519293087,6450593.26148713,True,True,False
2287,37,55,1629,2109020.9149954338,6435161.186019154,True,True,True
2288,37,56,1630,2107162.844448512,6419756.604500232,True,True,False
2289,37,57,1631,2105313.3829615274,6404379.374770329,True,False,False
2290,37,58,1632,2103472.473718216,6389029.355538183,False,True,True
2291,37,59,1633,2102269.104899261,6374201.15709276,False,False,True
2292,37,60,1634,2106282.542144226,6364818.550660422,False,False,False
2299,38,5,1635,2231259.0608503446,7240908.878334051,True,True,False
2300,38,6,1636,2228900.377713006,7224338.799264999,False,True,False
2301,38,7,1637,2226503.3423234806,7207411.522911002,False,False,False
2302,38,8,1638,2224118.6308831032,7190519.670431955,False,False,False
2303,38,9,1639,2221746.151965033,7173663.048367967,False,False,False
2304,38,10,1640,2219385.815047734,7156841.464580579,False,True,False
2305,38,11,1641,2217037.530503913,7140054.7282406725,False,False,False
2306,38,12,1642,2214701.209589612,7123302.6498165075,True,False,False
2307,38,13,1643,2212376.764433474,7106585.041061876,True,True,False
2308,38,14,1644,2210064.1080261488,7089901.715004415,True,False,False
2309,38,15,1645,2207763.154209863,7073252.485933993,False,False,False
2310,38,16,1646,2205473.8176681325,7056637.169391275,False,True,False
2311,38,17,1647,2203196.013915626,7040055.582156376,False,True,False
2312,38,18,1648,2200929.659288174,7023507.542237632,False,True,False
2313,38,19,1649,2198674.6709329183,7006992.868860527,False,False,False
2314,38,20,1650,2196430.966798608,6990511.382456695,False,False,False
2315,38,21,1651,2194198.4656260223,6974062.904653058,False,False,False
2316,38,22,1652,2191977.0869385432,6957647.258261089,True,True,False
2317,38,23,1653,2189766.7510328484,6941264.267266171,False,True,False
2318,38,24,1654,2187567.378969749,6924913.756817072,False,True,False
2319,38,25,1655,2185378.8925651433,6908595.553215546,True,False,True
2320,38,26,1656,2183201.2143811085,6892309.483906006,True,True,True
2321,38,27,1657,2181034.267717111,6876055.377465366,True,True,False
2322,38,28,1658,2178877.976601343,6859833.063592927,False,False,False
2323,38,29,1659,2176732.2657821802,6843642.373100414,True,True,False
2324,38,30,1660,2174597.060719755,6827483.137902081,True,False,False
2325,38,31,1661,2172472.287577654,6811355.191004961,True,False,False
2326,38,32,1662,2170357.873214721,6795258.3664991725,True,False,False
2327,38,33,1663,2168253.7451769887,6779192.499548377,True,True,False
2328,38,34,1664,2166159.8316896986,6763157.426380273,True,True,False
2329,38,35,1665,2164076.06164946,6747152.984277256,True,True,False
2330,38,36,1666,2162002.3646164904,6731179.011567112,True,False,False
2331,38,37,1667,2159938.6708069807,6715235.347613871,False,False,False
2332,38,38,1668,2157884.9110855563,6699321.832808695,True,False,False
2333,38,39,1669,2155841.0169578423,6683438.308560907,True,True,False
2334,38,40,1670,2153806.9205631334,6667584.617289072,False,True,False
2335,38,41,1671,2151782.554667162,6651760.602412204,False,False,False
2336,38,42,1672,2149767.8526549614,6635966.108341048,True,False,False
2337,38,43,1673,2147762.7485238304,6620200.980469449,True,True,False
2338,38,44,1674,2145767.176876394,6604465.06516581,True,True,False
2339,38,45,1675,2143781.07291375,6588758.209764647,True,True,False
2340,38,46,1676,2141804.3724287176,6573080.262558211,True,True,False
2341,38,47,1677,2139837.011799169,6557431.0727882255,True,True,False
2342,38,48,1678,2137878.927981457,6541810.490637661,True,False,False
2343,38,49,1679,2135930.058503926,6526218.367222661,True,True,False
2344,38,50,1680,2133990.341460509,6510654.55458447,True,True,False
2345,38,51,1681,2132059.7155044186,6495118.905681509,True,True,False
2346,38,52,1682,2130138.1198419076,6479611.274381482,True,True,False
2347,38,53,1683,2128225.494226127,6464131.51545362,True,True,True
2348,38,54,1684,2126321.7789510544,6448679.484560931,False,True,True
2349,38,55,1685,2124426.9148455095,6433255.038252586,False,True,True
2350,38,56,1686,2122540.843267246,6417858.033956352,True,True,False
2351,38,57,1687,2120663.5060971207,6402488.32997111,True,True,False
2352,38,58,1688,2118794.84573334,6387145.785459447,False,False,False
2353,38,59,1689,2116934.805085783,6371830.2604403235,True,True,True
2354,38,60,1690,2117178.1366180633,6361945.441286384,True,True,False
2361,39,5,1691,2248238.28612492,7238540.260109734,False,False,False
2362,39,6,1692,2245840.939409259,7221952.287098521,False,True,False
2363,39,7,1693,2243408.715179351,7205035.94379039,False,True,False
2364,39,8,1694,2240988.987621884,7188154.941753717,False,True,False
2365,39,9,1695,2238581.664113964,7171309.088343379,False,False,False
2366,39,10,1696,2236186.652948796,7154498.1922257235,False,True,False
2367,39,11,1697,2233803.8633245085,7137722.063366581,False,True,False
2368,39,12,1698,2231433.2053331374,7120980.513019475,True,True,False
2369,39,13,1699,2229074.589949767,7104273.353713926,True,True,False
2370,39,14,1700,2226727.929021835,7087600.399243858,True,False,False
2371,39,15,1701,2224393.1352585834,7070961.464656158,False,False,False
2372,39,16,1702,2222070.1222206666,7054356.366239378,False,True,False
2373,39,17,1703,2219758.804309904,7037784.921512481,False,True,False
2374,39,18,1704,2217459.096759185,7021246.949213786,False,False,False
2375,39,19,1705,2215170.9156225123,7004742.269289989,False,False,False
2376,39,20,1706,2212894.1777651887,6988270.702885302,False,False,False
2377,39,21,1707,2210628.8008541465,6971832.072330726,False,False,False
2378,39,22,1708,2208374.7033484103,6955426.201133406,True,True,False
2379,39,23,1709,2206131.8044896955,6939052.913966134,True,False,False
2380,39,24,1710,2203900.024293139,6922712.036656931,True,True,False
2381,39,25,1711,2201679.283538167,6906403.396178751,True,True,False
2382,39,26,1712,2199469.503759476,6890126.820639308,True,True,True
2383,39,27,1713,2197270.6072381586,6873882.13927097,False,False,False
2384,39,28,1714,2195082.516992939,6857669.182420799,False,False,False
2385,39,29,1715,2192905.156771541,6841487.781540675,True,True,False
2386,39,30,1716,2190738.451042168,6825337.769177526,True,True,False
2387,39,31,1717,2188582.324985104,6809218.978963657,False,False,False
2388,39,32,1718,2186436.704484441,6793131.245607175,True,True,False
2389,39,33,1719,2184301.5161199,6777074.404882541,True,True,False
2390,39,34,1720,2182176.6871587867,6761048.29362117,True,True,False
2391,39,35,1721,2180062.1455480433,6745052.749702176,True,True,False
2392,39,36,1722,2177957.8199064173,6729087.612043184,True,False,False
2393,39,37,1723,2175863.6395167336,6713152.720591256,True,False,False
2394,39,38,1724,2173779.5343182744,6697247.916313874,True,False,False
2395,39,39,1725,2171705.434899263,6681373.041190074,True,True,False
2396,39,40,1726,2169641.2724894513,6665527.938201609,True,False,False
2397,39,41,1727,2167586.9789528046,6649712.451324245,True,True,False
2398,39,42,1728,2165542.4867802868,6633926.425519128,True,True,False
2399,39,43,1729,2163507.7290827483,6618169.7067242395,True,True,False
2400,39,44,1730,2161482.639583902,6602442.141845952,True,False,False
2401,39,45,1731,2159467.1526134014,6586743.578750641,False,True,False
2402,39,46,1732,2157461.203100005,6571073.866256422,True,True,False
2403,39,47,1733,2155464.72656484,6555432.854124936,False,True,False
2404,39,48,1734,2153477.659114749,6539820.39305323,True,True,False
2405,39,49,1735,2151499.93743573,6524236.334665734,True,True,False
2406,39,50,1736,2149531.498786465,6508680.531506298,True,True,False
2407,39,51,1737,2147572.280991928,6493152.837030316,True,True,False
2408,39,52,1738,2145622.2224370884,6477653.105596935,True,True,False
2409,39,53,1739,2143681.262060689,6462181.192461331,True,True,True
2410,39,54,1740,2141749.339349108,6446736.953767078,True,True,False
2411,39,55,1741,2139826.3943303083,6431320.246538567,True,True,False
2412,39,56,1742,2137912.367567857,6415930.928673531,True,True,False
2413,39,57,1743,2136007.2001550314,6400568.858935639,True,True,False
2414,39,58,1744,2134110.833708999,6385233.896947126,True,True,False
2415,39,59,1745,2132223.2103650724,6369925.903181553,True,True,False
2416,39,60,1746,2131456.6984340935,6358156.981233718,False,True,False
2423,40,5,1747,2265208.0498413593,7236136.520293495,False,False,False
2424,40,6,1748,2262771.99266846,7219530.840262171,False,False,False
2425,40,7,1749,2260304.6533443793,7202625.581687384,False,False,False
2426,40,8,1750,2257849.9826850053,7185755.580709787,False,True,False
2427,40,9,1751,2255407.886880363,7168920.645508645,False,True,False
2428,40,10,1752,2252978.273047242,7152120.58556458,False,False,False
2429,40,11,1753,2250561.049217911,7135355.21164779,False,True,False
2430,40,12,1754,2248156.1243289826,7118624.335806361,True,True,False
2431,40,13,1755,2245763.4082104526,7101927.77135472,True,False,False
2432,40,14,1756,2243382.811574886,7085265.332862184,True,False,False
2433,40,15,1757,2241014.246006765,7068636.8361416785,False,False,False
2434,40,16,1758,2238657.6239519846,7052042.098238513,False,False,False
2435,40,17,1759,2236312.858707506,7035480.9374193335,False,True,False
2436,40,18,1760,2233979.8644111506,7018953.173161145,False,False,False
2437,40,19,1761,2231658.556031542,7002458.626140481,False,False,False
2438,40,20,1762,2229348.8493581926,6985997.118222666,False,False,False
2439,40,21,1763,2227050.6609917283,6969568.472451217,False,False,False
2440,40,22,1764,2224763.9083342534,6953172.513037303,False,True,False
2441,40,23,1765,2222488.50957985,6936809.0653493935,True,False,False
2442,40,24,1766,2220224.383705214,6920477.955902929,True,False,False
2443,40,25,1767,2217971.450460418,6904179.012350173,False,False,False
2444,40,26,1768,2215729.63035981,6887912.063470115,True,False,True
2445,40,27,1769,2213498.8446730333,6871676.939158513,False,False,True
2446,40,28,1770,2211279.0154161765,6855473.470418033,False,False,False
2447,40,29,1771,2209070.0653430456,6839301.489348466,False,False,False
2448,40,30,1772,2206871.9179365556,6823160.829137075,True,True,False
2449,40,31,1773,2204684.4974002438,6807051.324049037,True,True,False
2450,40,32,1774,2202507.7286498994,6790972.809417966,True,True,False
2451,40,33,1775,2200341.537305311,6774925.12163655,True,False,False
2452,40,34,1776,2198185.849682122,6758908.09814729,True,True,False
2453,40,35,1777,2196040.5927838087,6742921.577433301,False,True,False
2454,40,36,1778,2193905.694293755,6726965.3990092445,False,True,False
2455,40,37,1779,2191781.0825674473,6711039.403412345,True,True,False
2456,40,38,1780,2189666.6866247696,6695143.432193482,True,True,False
2457,40,39,1781,2187562.4361424064,6679277.327908371,True,True,False
2458,40,40,1782,2185468.2614463475,6663440.934108872,True,True,False
2459,40,41,1783,2183384.0935044964,6647634.095334349,True,True,False
2460,40,42,1784,2181309.863919376,6631856.657103118,True,False,False
2461,40,43,1785,2179245.504920937,6616108.465904009,False,False,False
2462,40,44,1786,2177190.949359458,6600389.369187982,False,False,False
2463,40,45,1787,2175146.130698549,6584699.215359852,False,True,False
2464,40,46,1788,2173110.9830082403,6569037.853770088,True,False,False
2465,40,47,1789,2171085.4409581684,6553405.134706683,False,True,False
2466,40,48,1790,2169069.439810854,6537800.909387128,True,True,False
2467,40,49,1791,2167062.91541507,6522225.029950447,True,True,False
2468,40,50,1792,2165065.804199293,6506677.349449334,True,True,False
2469,40,51,1793,2163078.0431652456,6491157.721842333,True,True,False
2470,40,52,1794,2161099.569881529,6475666.001986128,True,True,False
2471,40,53,1795,2159130.3224773286,6460202.045627911,False,True,True
2472,40,54,1796,2157170.239636213,6444765.7093978,True,True,True
2473,40,55,1797,2155219.260590011,6429356.85080134,True,True,False
2474,40,56,1798,2153277.3251127647,6413975.328212115,True,True,False
2475,40,57,1799,2151344.373514775,6398621.0008643605,False,False,False
2476,40,58,1800,2149420.3466367093,6383293.728845737,False,True,False
2477,40,59,1801,2147505.1858437955,6367993.37309009,False,False,False
2478,40,60,1802,2146230.3334249104,6354209.351820889,False,False,False
2485,41,5,1803,2282168.220342684,7233697.72362654,False,False,False
2486,41,6,1804,2279693.407149355,7217074.523624673,False,False,False
2487,41,7,1805,2277191.027422986,7200180.500816307,False,False,False
2488,41,8,1806,2274701.4876140524,7183321.650868149,True,False,False
2489,41,9,1807,2272224.6927345614,7166497.78279331,True,True,False
2490,41,10,1808,2269760.5487338216,7149708.706896093,True,True,False
2491,41,11,1809,2267308.9624870447,7132954.234760333,True,True,False
2492,41,12,1810,2264869.841784101,7116234.1792378705,True,True,False
2493,41,13,1811,2262443.095318446,7099548.35443712,True,True,False
2494,41,14,1812,2260028.6326762033,7082896.575711791,True,True,False
2495,41,15,1813,2257626.3643254004,7066278.659649723,True,False,False
2496,41,16,1814,2255236.201605365,7049694.424061805,False,True,False
2497,41,17,1815,2252858.0567162693,7033143.687971057,False,True,False
2498,41,18,1816,2250491.842708824,7016626.271601791,False,True,False
2499,41,19,1817,2248137.473474118,7000141.996368906,False,False,False
2500,41,20,1818,2245794.863733603,6983690.684867274,False,False,False
2501,41,21,1819,2243463.929029222,6967272.1608612565,False,False,False
2502,41,22,1820,2241144.585713674,6950886.2492743265,True,True,False
2503,41,23,1821,2238836.7509408155,6934532.7761787735,True,True,False
2504,41,24,1822,2236540.342656203,6918211.568785566,True,False,False
2505,41,25,1823,2234255.2795877624,6901922.455434263,False,False,False
2506,41,26,1824,2231981.481236589,6885665.265583056,True,False,False
2507,41,27,1825,2229718.8678678814,6869439.829798932,True,False,True
2508,41,28,1826,2227467.360501994,6853245.9797478905,False,False,False
2509,41,29,1827,2225226.880905624,6837083.548185321,False,False,False
2510,41,30,1828,2222997.3515831106,6820952.368946411,True,True,False
2511,41,31,1829,2220778.6957678623,6804852.276936717,True,True,False
2512,41,32,1830,2218570.837413897,6788783.108122791,True,True,False
2513,41,33,1831,2216373.701187506,6772744.699522927,True,True,False
2514,41,34,1832,2214187.212459023,6756736.889197963,True,True,False
2515,41,35,1833,2212011.2972947164,6740759.516242239,False,True,False
2516,41,36,1834,2209845.8824487864,6724812.42077459,False,False,False
2517,41,37,1835,2207690.8953554714,6708895.4439294515,True,False,False
2518,41,38,1836,2205546.264121265,6693008.427848076,True,False,False
2519,41,39,1837,2203411.91751724,6677151.215669796,False,False,False
2520,41,40,1838,2201287.7849714705,6661323.651523412,False,False,False
2521,41,41,1839,2199173.7965615657,6645525.580518649,True,False,False
2522,41,42,1840,2197069.883007294,6629756.848737708,True,False,False
2523,41,43,1841,2194975.97566332,6614017.303226896,False,False,False
2524,41,44,1842,2192892.006512025,6598306.791988336,False,False,False
2525,41,45,1843,2190817.908156436,6582625.16397178,False,True,False
2526,41,46,1844,2188753.6138132405,6566972.269066483,True,True,False
2527,41,47,1845,2186699.0573059055,6551347.958093166,True,True,False
2528,41,48,1846,2184654.1730578737,6535752.082796058,True,False,False
2529,41,49,1847,2182618.8960858653,6520184.495835034,False,False,False
2530,41,50,1848,2180593.1619932605,6504645.050777791,False,True,False
2531,41,51,1849,2178576.906963569,6489133.602092143,True,True,False
2532,41,52,1850,2176570.067753993,6473650.005138384,True,True,False
2533,41,53,1851,2174572.581689069,6458194.116161696,True,False,True
2534,41,54,1852,2172584.386654394,6442765.792284677,True,True,True
2535,41,55,1853,2170605.4210904413,6427364.891499911,True,True,False
2536,41,56,1854,2168635.623986446,6411991.272662621,True,False,False
2537,41,57,1855,2166674.9348743805,6396644.795483403,False,True,False
2538,41,58,1856,2164723.2938230056,6381325.320521008,False,True,False
2539,41,59,1857,2162780.641431997,6366032.709175232,True,False,False
2540,41,60,1858,2160919.654048744,6350832.297157169,True,False,False
2541,41,61,1859,2163672.9590197294,6341629.52060477,True,False,False
2547,42,5,1860,2299118.66655785,7231223.935682921,True,False,False
2548,42,6,1861,2296605.0530958963,7214583.402875593,False,False,False
2549,42,7,1862,2294067.708597606,7197700.766204823,True,False,False
2550,42,8,1863,2291543.3745215363,7180853.216602661,True,False,False
2551,42,9,1864,2289031.9547108295,7164040.563925448,False,False,False
2552,42,10,1865,2286533.3539563376,7147262.619310439,True,False,False
2553,42,11,1866,2284047.4779851073,7130519.195164271,True,True,False
2554,42,12,1867,2281574.2334490297,7113810.105151605,True,True,False
2555,42,13,1868,2279113.5279136584,7097135.164183828,False,True,False
2556,42,14,1869,2276665.2698471877,7080494.18840792,True,True,False
2557,42,15,1870,2274229.368609583,7063886.995195421,True,True,False
2558,42,16,1871,2271805.7344418764,7047313.403131493,True,True,False
2559,42,17,1872,2269394.2784556034,7030773.232004144,True,False,False
2560,42,18,1873,2266994.912622402,7014266.302793495,True,True,False
2561,42,19,1874,2264607.5497637475,6997792.437661235,True,True,False
2562,42,20,1875,2262232.1035408447,6981351.459940113,True,False,False
2563,42,21,1876,2259868.4884446505,6964943.194123602,True,False,False
2564,42,22,1877,2257516.6197860506,6948567.465855616,True,False,False
2565,42,23,1878,2255176.413686162,6932224.101920373,True,True,False
2566,42,24,1879,2252847.787066782,6915912.930232337,True,True,False
2567,42,25,1880,2250530.6576409615,6899633.779826277,True,False,False
2568,42,26,1881,2248224.9439037195,6883386.480847419,True,False,False
2569,42,27,1882,2245930.5651228824,6867170.864541713,True,False,True
2570,42,28,1883,2243647.4413300483,6850986.763246179,True,False,False
2571,42,29,1884,2241375.49331168,6834834.010379366,True,True,False
2572,42,30,1885,2239114.642600327,6818712.440431908,True,True,False
2573,42,31,1886,2236864.8114659553,6802621.888957175,True,True,False
2574,42,32,1887,2234625.9229074097,6786562.1925620055,True,True,False
2575,42,33,1888,2232397.900643989,6770533.188897565,True,True,False
2576,42,34,1889,2230180.669107133,6754534.716650254,True,True,False
2577,42,35,1890,2227974.153432233,6738566.615532753,True,True,False
2578,42,36,1891,2225778.2794505428,6722628.726275119,True,True,False
2579,42,37,1892,2223592.97368121,6706720.8906160025,True,False,False
2580,42,38,1893,2221418.1633234126,6690842.951293924,True,False,False
2581,42,39,1894,2219253.776248597,6674994.752038684,True,False,False
2582,42,40,1895,2217099.7409928343,6659176.137562791,False,False,False
2583,42,41,1896,2214955.9867492635,6643386.9535530405,True,False,False
2584,42,42,1897,2212822.4433606523,6627627.046662146,False,False,False
2585,42,43,1898,2210699.041312046,6611896.264500461,False,False,False
2586,42,44,1899,2208585.7117235265,6596194.455627775,False,True,False
2587,42,45,1900,2206482.3863430577,6580521.469545205,False,True,False
2588,42,46,1901,2204388.9975394337,6564877.156687171,True,True,False
2589,42,47,1902,2202305.4782953197,6549261.3684134185,True,True,False
2590,42,48,1903,2200231.7622003863,6533673.95700117,False,False,False
2591,42,49,1904,2198167.7834445313,6518114.775637312,False,True,False
2592,42,50,1905,2196113.476811198,6502583.678410676,False,True,False
2593,42,51,1906,2194068.777670778,6487080.520304405,True,False,False
2594,42,52,1907,2192033.6219741,6471605.15718838,True,True,False
2595,42,53,1908,2190007.9462460093,6456157.445811724,True,False,False
2596,42,54,1909,2187991.6875790292,6440737.24379539,True,True,True
2597,42,55,1910,2185984.7836271035,6425344.4096248085,True,True,False
2598,42,56,1911,2183987.1725994255,6409978.802642617,True,True,False
2599,42,57,1912,2181998.7932543457,6394640.283041448,True,True,False
2600,42,58,1913,2180019.5848933584,6379328.711856818,False,False,False
2601,42,59,1914,2178049.4873551684,6364043.950960041,False,False,False
2602,42,60,1915,2176088.441009835,6348785.863051243,True,False,False
2603,42,61,1916,2175799.0437862035,6338340.96300791,True,True,False
2609,43,5,1917,2316059.258008504,7228715.222863074,True,False,False
2610,43,6,1918,2313506.801343902,7212057.544518974,True,False,False
2611,43,7,1919,2310934.5686352756,7195186.443687598,True,False,False
2612,43,8,1920,2308375.5160974064,7178350.3430868415,False,False,False
2613,43,9,1921,2305829.5464138202,7161549.0534255225,False,False,False
2614,43,10,1922,2303296.563226023,7144782.386682979,True,True,False
2615,43,11,1923,2300776.471121872,7128050.156097722,True,True,False
2616,43,12,1924,2298269.1756241284,7111352.1761561865,True,True,False
2617,43,13,1925,2295774.5831791665,7094688.262581594,False,False,False
2618,43,14,1926,2293292.6011458463,7078058.2323229695,True,False,False
2619,43,15,1927,2290823.137784548,7061461.903544226,False,False,False
2620,43,16,1928,2288366.102246355,7044899.095613401,False,False,False
2621,43,17,1929,2285921.4045624034,7028369.629091971,False,False,False
2622,43,18,1930,2283488.9556333725,7011873.325724294,False,False,False
2623,43,19,1931,2281068.6672191285,6995410.008427156,False,True,False
2624,43,20,1932,2278660.451928512,6978979.5012794435,False,True,False
2625,43,21,1933,2276264.223209276,6962581.629511864,True,True,False
2626,43,22,1934,2273879.8953381563,6946216.21949686,True,False,False
2627,43,23,1935,2271507.383411089,6929883.098738546,True,False,False
2628,43,24,1936,2269146.6033335654,6913582.095862783,True,True,False
2629,43,25,1937,2266797.4718111125,6897313.040607372,True,False,False
2630,43,26,1938,2264459.9063399173,6881075.763812315,True,False,False
2631,43,27,1939,2262133.825197579,6864870.09741017,True,False,True
2632,43,28,1940,2259819.147433982,6848695.874416563,True,False,False
2633,43,29,1941,2257515.792862308,6832552.928920705,True,True,False
2634,43,30,1942,2255223.682050164,6816441.096076098,True,False,False
2635,43,31,1943,2252942.7363108317,6800360.212091269,False,True,False
2636,43,32,1944,2250672.877694647,6784310.114220622,True,False,False
2637,43,33,1945,2248414.028980486,6768290.640755386,False,True,False
2638,43,34,1946,2246166.113667379,6752301.631014649,True,True,False
2639,43,35,1947,2243929.0559662296,6736342.925336484,True,False,False
2640,43,36,1948,2241702.780791654,6720414.365069149,True,True,False
2641,43,37,1949,2239487.213753928,6704515.792562413,False,True,False
2642,43,38,1950,2237282.2811510456,6688647.051158926,True,True,False
2643,43,39,1951,2235087.909960883,6672807.985185689,True,True,False
2644,43,40,1952,2232904.027833473,6656998.439945643,False,True,False
2645,43,41,1953,2230730.5630833763,6641218.2617092775,True,True,False
2646,43,42,1954,2228567.4446821646,6625467.297706386,False,True,False
2647,43,43,1955,2226414.6022510007,6609745.396117866,False,True,False
2648,43,44,1956,2224271.9660533178,6594052.40606761,False,True,False
2649,43,45,1957,2222139.4669875936,6578388.17761447,False,True,False
2650,43,46,1958,2220017.036580232,6562752.561744325,True,False,False
2651,43,47,1959,2217904.60697853,6547145.410362201,False,True,False
2652,43,48,1960,2215802.1109437384,6531566.576284482,False,True,False
2653,43,49,1961,2213709.4818442217,6516015.913231185,False,True,False
2654,43,50,1962,2211626.6536487034,6500493.275818337,False,False,False
2655,43,51,1963,2209553.560919599,6484998.519550404,True,False,False
2656,43,52,1964,2207490.1388064474,6469531.500812784,True,True,False
2657,43,53,1965,2205436.3230394144,6454092.076864424,True,True,True
2658,43,54,1966,2203392.0499228905,6438680.10583044,True,True,True
2659,43,55,1967,2201357.256329175,6423295.446694876,True,True,False
2660,43,56,1968,2199331.8796922364,6407937.959293485,False,False,False
2661,43,57,1969,2197315.858001555,6392607.504306594,True,True,False
2662,43,58,1970,2195309.129796053,6377303.943252061,True,False,False
2663,43,59,1971,2193311.6341580935,6362027.138478257,True,False,False
2664,43,60,1972,2191323.310707567,6346776.953157167,True,False,False
2665,43,61,1973,2190290.516584073,6334385.878609229,True,True,False
2671,44,5,1974,2332989.86481571,7226171.6523873005,False,False,False
2672,44,6,1975,2330398.523327623,7209497.015866776,False,False,False
2673,44,7,1976,2327791.4798941226,7192637.599899918,True,False,False
2674,44,8,1977,2325197.7856154796,7175813.096287566,True,False,False
2675,44,9,1978,2322617.342024933,7159023.316600152,True,True,False
2676,44,10,1979,2320050.0516238343,7142268.073668145,True,True,False
2677,44,11,1980,2317495.8178699166,7125547.181570844,False,False,False
2678,44,12,1981,2314954.5451657446,7108860.45562531,True,True,False
2679,44,13,1982,2312426.138847314,7092207.712375353,True,True,False
2680,44,14,1983,2309910.5051728305,7075588.769580702,True,False,False
2681,44,15,1984,2307407.5513116396,7059003.446206227,False,False,False
2682,44,16,1985,2304917.1853333125,7042451.562411299,False,False,False
2683,44,17,1986,2302439.316196895,7025932.93953928,False,False,False
2684,44,18,1987,2299973.853740304,7009447.400107057,False,False,False
2685,44,19,1988,2297520.7086698697,6992994.7677947525,False,False,False
2686,44,20,1989,2295079.792550038,6976574.867435491,False,False,False
2687,44,21,1990,2292651.0177932037,6960187.525005306,True,True,False
2688,44,22,1991,2290234.297649698,6943832.56761311,True,True,False
2689,44,23,1992,2287829.546197908,6927509.823490815,True,False,False
2690,44,24,1993,2285436.678334542,6911219.121983486,True,True,False
2691,44,25,1994,2283055.609765024,6894960.293539683,True,False,False
2692,44,26,1995,2280686.2569940267,6878733.16970181,True,False,True
2693,44,27,1996,2278328.5373161347,6862537.583096632,False,False,True
2694,44,28,1997,2275982.3688066374,6846373.367425842,True,False,False
2695,44,29,1998,2273647.6703124465,6830240.35745675,False,True,False
2696,44,30,1999,2271324.3614431475,6814138.389013056,True,True,False
2697,44,31,2000,2269012.362562163,6798067.298965697,True,True,False
2698,44,32,2001,2266711.5947780465,6782026.925223848,True,False,False
2699,44,33,2002,2264421.9799358915,6766017.106725914,True,True,False
2700,44,34,2003,2262143.440608862,6750037.6834307145,True,False,False
2701,44,35,2004,2259875.9000898325,6734088.496308678,False,False,False
2702,44,36,2005,2257619.282383149,6718169.3873331845,True,False,False
2703,44,37,2006,2255373.512196497,6702280.199471941,False,True,False
2704,44,38,2007,2253138.5149328834,6686420.7766784765,True,True,False
2705,44,39,2008,2250914.216682725,6670590.963883723,True,True,False
2706,44,40,2009,2248700.544216046,6654790.606987647,True,False,False
2707,44,41,2010,2246497.424974778,6639019.552851016,True,False,False
2708,44,42,2011,2244304.787065166,6623277.649287192,False,False,False
2709,44,43,2012,2242122.559250276,6607564.745054043,False,False,False
2710,44,44,2013,2239950.6709426027,6591880.689845927,False,True,False
2711,44,45,2014,2237789.052196777,6576225.334285741,False,False,False
2712,44,46,2015,2235637.6337023694,6560598.52991706,True,False,False
2713,44,47,2016,2233496.3467767923,6545000.129196365,False,True,False
2714,44,48,2017,2231365.123358291,6529429.98548531,False,True,False
2715,44,49,2018,2229243.8959990377,6513887.953043111,True,True,False
2716,44,50,2019,2227132.597858302,6498373.887018973,True,True,False
2717,44,51,2020,2225031.1626957287,6482887.643444612,True,True,False
2718,44,52,2021,2222939.5248646927,6467429.079226837,True,True,False
2719,44,53,2022,2220857.619305745,6451998.052140219,True,True,True
2720,44,54,2023,2218785.3815401434,6436594.420819819,True,True,False
2721,44,55,2024,2216722.7476634732,6421218.044753983,True,False,False
2722,44,56,2025,2214669.6543393414,6405868.784277221,True,False,False
2723,44,57,2026,2212626.0387931652,6390546.500563152,True,True,False
2724,44,58,2027,2210591.838806033,6375251.055617508,True,True,False
2725,44,59,2028,2208566.992708647,6359982.312271208,False,False,False
2726,44,60,2029,2206551.4393753484,6344740.134173512,False,False,False
2727,44,61,2030,2205047.1647692304,6330334.815033697,False,False,False
2728,44,62,2031,2210820.8165503703,6320861.617216906,False,False,False
2733,45,5,2032,2349910.3577065445,7223593.292289179,False,False,False
2734,45,6,2033,2347280.091086226,7206901.885032384,False,True,False
2735,45,7,2034,2344638.315329791,7190054.302271222,False,True,False
2736,45,8,2035,2342010.0569397905,7173241.5429587085,False,True,False
2737,45,9,2036,2339395.216308591,7156463.419535883,False,True,False
2738,45,10,2037,2336793.6948066684,7139719.745693246,True,True,False
2739,45,11,2038,2334205.394770778,7123010.336359734,True,False,False
2740,45,12,2039,2331630.2194922967,7106335.007691742,True,False,False
2741,45,13,2040,2329068.0732057313,7089693.577062315,True,True,False
2742,45,14,2041,2326518.86107739,7073085.863050438,True,True,False
2743,45,15,2042,2323982.4891942143,7056511.685430392,True,True,False
2744,45,16,2043,2321458.864552774,7039970.865161274,True,False,False
2745,45,17,2044,2318947.8950484144,7023463.224376592,True,False,False
2746,45,18,2045,2316449.489464556,7006988.586373983,True,False,False
2747,45,19,2046,2313963.5574621516,6990546.775605016,True,False,False
2748,45,20,2047,2311490.0095692864,6974137.617665108,False,False,False
2749,45,21,2048,2309028.7571709254,6957760.939283547,True,False,False
2750,45,22,2049,2306579.712498805,6941416.568313608,False,True,False
2751,45,23,2050,2304142.78862147,6925104.333722769,False,True,False
2752,45,24,2051,2301717.899434441,6908824.065583029,False,True,False
2753,45,25,2052,2299304.95965053,6892575.595061328,True,False,False
2754,45,26,2053,2296903.88479028,6876358.75441004,True,True,True
2755,45,27,2054,2294514.5911725466,6860173.376957598,False,False,False
2756,45,28,2055,2292136.9959052037,6844019.297099185,True,True,False
2757,45,29,2056,2289771.01687598,6827896.3502875175,True,True,False
2758,45,30,2057,2287416.572743421,6811804.373023748,True,True,False
2759,45,31,2058,2285073.5829279805,6795743.202848431,True,True,False
2760,45,32,2059,2282741.9676032234,6779712.6783325765,True,True,False
2761,45,33,2060,2280421.647687163,6763712.63906883,False,True,False
2762,45,34,2061,2278112.5448337058,6747742.92566269,False,True,False
2763,45,35,2062,2275814.581424216,6731803.379723855,False,True,False
2764,45,36,2063,2273527.680559199,6715893.843857631,True,True,False
2765,45,37,2064,2271251.766050093,6700014.161656422,True,True,False
2766,45,38,2065,2268986.7624111758,6684164.177691338,True,True,False
2767,45,39,2066,2266732.5948515763,6668343.7375038415,False,True,False
2768,45,40,2067,2264489.189267399,6652552.687597501,True,True,False
2769,45,41,2068,2262256.47223395,6636790.87542983,True,False,False
2770,45,42,2069,2260034.3709980757,6621058.149404193,False,False,False
2771,45,43,2070,2257822.81347059,6605354.358861797,False,True,False
2772,45,44,2071,2255621.7282188195,6589679.354073753,False,True,False
2773,45,45,2072,2253431.0444592345,6574032.986233232,False,False,False
2774,45,46,2073,2251250.6920501897,6558415.107447686,True,True,False
2775,45,47,2074,2249080.6014847523,6542825.570731155,True,True,False
2776,45,48,2075,2246920.7038836274,6527264.2299966235,True,False,False
2777,45,49,2076,2244770.9309881874,6511730.940048489,True,False,False
2778,45,50,2077,2242631.215153574,6496225.556575064,True,False,False
2779,45,51,2078,2240501.48934191,6480747.936141196,True,True,False
2780,45,52,2079,2238381.6871155906,6465297.936180912,True,True,False
2781,45,53,2080,2236271.742630666,6449875.414990175,True,True,True
2782,45,54,2081,2234171.590630309,6434480.231719671,False,False,False
2783,45,55,2082,2232081.1664383695,6419112.246367708,False,False,False
2784,45,56,2083,2230000.4059530147,6403771.319773145,True,False,False
2785,45,57,2084,2227929.245640447,6388457.313608425,True,True,False
2786,45,58,2085,2225867.622528711,6373170.090372632,True,True,False
2787,45,59,2086,2223815.4742015735,6357909.5133846635,True,True,False
2788,45,60,2087,2221772.738792491,6342675.446776424,True,True,False
2789,45,61,2088,2219739.354978647,6327467.755486118,True,True,False
2790,45,62,2089,2220787.706230483,6318099.16275737,False,False,False
2794,46,4,2090,2373753.9311077725,7229530.852984591,False,True,False
2795,46,5,2091,2366872.4041442233,7221064.368854296,False,True,False
2796,46,6,2092,2364151.3772701956,7204272.220923973,False,True,False
2797,46,7,2093,2361474.9485017704,7187436.6190186115,False,True,False
2798,46,8,2094,2358812.2045308575,7170635.750634716,False,False,False
2799,46,9,2095,2356163.0446184473,7153869.429092818,False,False,False
2800,46,10,2096,2353527.3690135,7137137.468952258,True,True,False
2801,46,11,2097,2350905.0789410183,7120439.686000285,False,False,False
2802,46,12,2098,2348296.076590287,7103775.897241266,True,False,False
2803,46,13,2099,2345700.265103286,7087145.920886005,True,True,False
2804,46,14,2100,2343117.548563261,7070549.576341162,False,True,False
2805,46,15,2101,2340547.831983461,7053986.684198795,True,True,False
2806,46,16,2102,2337991.02129604,7037457.0662259795,False,False,False
2807,46,17,2103,2335447.0233411044,7020960.545354575,False,False,False
2808,46,18,2104,2332915.745855928,7004496.945671051,False,False,False
2809,46,19,2105,2330397.0974643105,6988066.092406435,True,False,False
2810,46,20,2106,2327890.987666086,6971667.811926375,True,False,False
2811,46,21,2107,2325397.326826787,6955301.931721267,True,False,False
2812,46,22,2108,2322916.026167443,6938968.280396518,False,False,False
2813,46,23,2109,2320446.9977545263,6922666.687662877,False,True,False
2814,46,24,2110,2317990.1544900397,6906396.9843268795,False,True,False
2815,46,25,2111,2315545.4101017406,6890159.002281393,True,True,False
2816,46,26,2112,2313112.6791334976,6873952.574496222,True,True,True
2817,46,27,2113,2310691.876935787,6857777.53500886,False,False,False
2818,46,28,2114,2308282.919656316,6841633.718915282,True,True,False
2819,46,29,2115,2305885.724230778,6825520.962360862,True,True,False
2820,46,30,2116,2303500.2083737324,6809439.1025313735,True,False,False
2821,46,31,2117,2301126.290569613,6793387.977644059,True,True,False
2822,46,32,2118,2298763.8900638586,6777367.42693882,True,False,False
2823,46,33,2119,2296412.9268541634,6761377.290669467,False,False,False
2824,46,34,2120,2294073.3216818464,6745417.410095083,False,False,False
2825,46,35,2121,2291744.996023345,6729487.6274714265,False,False,False
2826,46,36,2122,2289427.872081815,6713587.786042487,True,False,False
2827,46,37,2123,2287121.872778849,6697717.730032055,True,True,False
2828,46,38,2124,2284826.9217463112,6681877.304635415,False,False,False
2829,46,39,2125,2282542.9433182734,6666066.356011117,False,False,False
2830,46,40,2126,2280269.8625230673,6650284.73127281,True,True,False
2831,46,41,2127,2278007.6050754404,6634532.278481176,True,False,False
2832,46,42,2128,2275756.097368817,6618808.846635926,True,False,False
2833,46,43,2129,2273515.266467665,6603114.28566789,False,True,False
2834,46,44,2130,2271285.040099964,6587448.446431167,True,False,False
2835,46,45,2131,2269065.346649772,6571811.180695378,True,True,False
2836,46,46,2132,2266856.115149894,6556202.341137945,True,True,False
2837,46,47,2133,2264657.275274645,6540621.781336516,False,False,False
2838,46,48,2134,2262468.757332713,6525069.355761389,False,False,False
2839,46,49,2135,2260290.4922601124,6509544.91976806,False,False,False
2840,46,50,2136,2258122.411613232,6494048.329589839,False,False,False
2841,46,51,2137,2255964.4475619765,6478579.442330502,False,False,False
2842,46,52,2138,2253816.5328829964,6463138.115957053,True,True,True
2843,46,53,2139,2251678.6009530043,6447724.209292531,True,True,True
2844,46,54,2140,2249550.585742184,6432337.582008908,False,False,False
2845,46,55,2141,2247432.4218076835,6416978.094620023,False,False,False
2846,46,56,2142,2245324.0442871903,6401645.60847463,True,True,False
2847,46,57,2143,2243225.388892595,6386339.9857494645,True,True,False
2848,46,58,2144,2241136.3919037343,6371061.089442397,False,False,False
2849,46,59,2145,2239056.9901622147,6355808.783365659,True,False,False
2850,46,60,2146,2236987.121065318,6340582.932139142,True,False,False
2851,46,61,2147,2234926.722559985,6325383.401183714,True,False,False
2852,46,62,2148,2234259.0976757426,6314344.854618958,False,False,False
2856,47,4,2149,2386868.697863636,7229181.32816292,False,False,False
2857,47,5,2150,2383737.211026581,7218466.396947049,False,False,False
2858,47,6,2151,2381012.255147647,7201608.093237861,False,False,False
2859,47,7,2152,2378301.253579645,7184784.61914027,False,True,False
2860,47,8,2153,2375604.1034518653,7167995.787624149,False,False,False
2861,47,9,2154,2372920.7029035003,7151241.412898278,True,True,False
2862,47,10,2155,2370250.951071434,7134521.310399513,True,True,False
2863,47,11,2156,2367594.748078223,7117835.296782007,True,False,False
2864,47,12,2157,2364951.9950202308,7101183.189906588,True,False,False
2865,47,13,2158,2362322.5939559503,7084564.808830219,True,True,False
2866,47,14,2159,2359706.447894477,7067979.973795585,False,False,False
2867,47,15,2160,2357103.460784154,7051428.506220738,False,False,False
2868,47,16,2161,2354513.537501378,7034910.228688906,False,False,False
2869,47,17,2162,2351936.583839558,7018424.96493836,False,False,False
2870,47,18,2163,2349372.5064982357,7001972.539852395,False,False,False
2871,47,19,2164,2346821.213072356,6985552.779449427,False,False,False
2872,47,20,2165,2344282.612041689,6969165.510873143,True,False,False
2873,47,21,2166,2341756.6127603995,6952810.562382812,True,False,False
2874,47,22,2167,2339243.125446763,6936487.763343642,True,False,False
2875,47,23,2168,2336742.0611730264,6920196.944217259,False,False,False
2876,47,24,2169,2334253.331855408,6903937.936552247,False,False,False
2877,47,25,2170,2331776.8502442352,6887710.572974849,True,True,False
2878,47,26,2171,2329312.5299142236,6871514.687179667,True,True,True
2879,47,27,2172,2326860.2852548882,6855350.113920553,True,True,True
2880,47,28,2173,2324420.0314610843,6839216.6890015025,True,True,False
2881,47,29,2174,2321991.684523681,6823114.2492676955,True,True,False
2882,47,30,2175,2319575.1612203675,6807042.632596592,True,False,False
2883,47,31,2176,2317170.3791065738,6791001.67788915,True,True,False
2884,47,32,2177,2314777.2565065315,6774991.2250610925,True,False,False
2885,47,33,2178,2312395.7125044414,6759011.115034271,False,False,False
2886,47,34,2179,2310025.666935771,6743061.189728137,False,False,False
2887,47,35,2180,2307667.040378667,6727141.29205127,True,False,False
2888,47,36,2181,2305319.754145488,6711251.26589299,True,False,False
2889,47,37,2182,2302983.730274445,6695390.956115074,True,True,False
2890,47,38,2183,2300658.8915213607,6679560.208543529,True,True,False
2891,47,39,2184,2298345.1613515387,6663758.869960456,False,False,False
2892,47,40,2185,2296042.463931742,6647986.788095987,True,True,False
2893,47,41,2186,2293750.724122277,6632243.811620316,False,False,False
2894,47,42,2187,2291469.8674691888,6616529.790135788,True,True,False
2895,47,43,2188,2289199.820196553,6600844.574169071,True,True,False
2896,47,44,2189,2286940.509198881,6585188.015163422,True,True,False
2897,47,45,2190,2284691.862033617,6569559.965470983,False,True,False
2898,47,46,2191,2282453.8069137395,6553960.278345207,True,True,False
2899,47,47,2192,2280226.272700458,6538388.807933312,False,False,False
2900,47,48,2193,2278009.188896011,6522845.409268838,False,False,False
2901,47,49,2194,2275802.4856365584,6507329.938264256,False,False,False
2902,47,50,2195,2273606.0936851585,6491842.251703648,False,False,False
2903,47,51,2196,2271419.944424851,6476382.2072354825,True,False,True
2904,47,52,2197,2269243.969851823,6460949.663365427,True,False,True
2905,47,53,2198,2267078.1025686674,6445544.479449247,True,True,False
2906,47,54,2199,2264922.2757777236,6430166.515685762,False,False,False
2907,47,55,2200,2262776.423274515,6414815.6331098955,False,False,False
2908,47,56,2201,2260640.479441265,6399491.693585747,True,True,False
2909,47,57,2202,2258514.379240497,6384194.55979977,False,False,False
2910,47,58,2203,2256398.058208723,6368924.095253991,False,False,False
2911,47,59,2204,2254291.452450208,6353680.16425931,False,False,False
2912,47,60,2205,2252194.4986308184,6338462.631928844,False,False,False
2913,47,61,2206,2250107.13397195,6323271.364171351,True,False,False
2914,47,62,2207,2247441.0847421414,6312160.131629464,False,False,False
2918,48,4,2208,2403460.1258221176,7228708.317651721,True,False,False
2919,48,5,2209,2400622.2131511923,7215755.50925415,False,False,False
2920,48,6,2210,2397862.5986105544,7198909.572451749,False,False,False
2921,48,7,2211,2395117.105349257,7182098.372408821,False,True,False
2922,48,8,2212,2392385.6293747686,7165321.723003119,True,False,False
2923,48,9,2213,2389668.0677141356,7148579.439340337,True,False,False
2924,48,10,2214,2386964.3184016896,7131871.33774337,True,True,False
2925,48,11,2215,2384274.280466917,7115197.235741751,True,False,False
2926,48,12,2216,2381597.8539225133,7098556.952061143,True,True,False
2927,48,13,2217,2378934.939752598,7081950.306612976,True,True,False
2928,48,14,2218,2376285.439901104,7065377.120484154,True,False,False
2929,48,15,2219,2373649.2572603286,7048837.215926866,True,False,False
2930,48,16,2220,2371026.295659644,7032330.416348528,True,False,False
2931,48,17,2221,2368416.4598543723,7015856.546301792,False,False,False
2932,48,18,2222,2365819.6555148135,6999415.431474677,False,False,False
2933,48,19,2223,2363235.789215427,6983006.898680765,False,False,False
2934,48,20,2224,2360664.7684241696,6966630.7758495435,True,False,False
2935,48,21,2225,2358106.501491977,6950286.892016789,True,False,False
2936,48,22,2226,2355560.897642394,6933975.077315088,True,False,False
2937,48,23,2227,2353027.866961352,6917695.162964424,True,False,False
2938,48,24,2228,2350507.3203870845,6901446.981262888,True,False,False
2939,48,25,2229,2347999.169700186,6885230.365577421,True,True,False
2940,48,26,2230,2345503.327513803,6869045.1503347205,False,True,False
2941,48,27,2231,2343019.7072639703,6852891.1710121855,True,True,True
2942,48,28,2232,2340548.223200069,6836768.264128966,True,True,True
2943,48,29,2233,2338088.790375423,6820676.267237113,True,True,False
2944,48,30,2234,2335641.3246380244,6804615.018912772,True,True,False
2945,48,31,2235,2333205.7426213813,6788584.358747532,True,True,False
2946,48,32,2236,2330781.9617354977,6772584.12733978,True,False,False
2947,48,33,2237,2328369.9001579667,6756614.1662862105,True,False,False
2948,48,34,2238,2325969.4768251968,6740674.3181733675,True,False,False
2949,48,35,2239,2323580.611423747,6724764.426569279,True,False,False
2950,48,36,2240,2321203.2243817844,6708884.33601521,False,False,False
2951,48,37,2241,2318837.236860658,6693033.892017433,True,True,False
2952,48,38,2242,2316482.570746583,6677212.941039134,True,True,False
2953,48,39,2243,2314139.1486424375,6661421.330492361,False,False,False
2954,48,40,2244,2311806.893859677,6645658.908730063,True,True,False
2955,48,41,2245,2309485.730410343,6629925.525038218,True,False,False
2956,48,42,2246,2307175.582999191,6614221.029628008,True,True,False
2957,48,43,2247,2304876.37701592,6598545.273628096,True,False,False
2958,48,44,2248,2302588.038527502,6582898.109076963,True,False,False
2959,48,45,2249,2300310.4942706204,6567279.388915328,True,True,False
2960,48,46,2250,2298043.6716441996,6551688.966978622,True,True,False
2961,48,47,2251,2295787.4987020446,6536126.6979895625,False,True,False
2962,48,48,2252,2293541.9041455677,6520592.437550772,False,True,False
2963,48,49,2253,2291306.8173166183,6505086.042137487,False,False,False
2964,48,50,2254,2289082.168190402,6489607.369090322,False,False,False
2965,48,51,2255,2286867.887368497,6474156.276608114,True,False,True
2966,48,52,2256,2284663.9060719623,6458732.623740819,False,False,False
2967,48,53,2257,2282470.156134528,6443336.270382503,True,True,False
2968,48,54,2258,2280286.569995886,6427967.077264377,False,False,False
2969,48,55,2259,2278113.0806950615,6412624.90594788,False,False,False
2970,48,56,2260,2275949.6218638713,6397309.618817899,True,True,False
2971,48,57,2261,2273796.127720467,6382021.079075969,False,False,False
2972,48,58,2262,2271652.5330629637,6366759.150733579,False,False,False
2973,48,59,2263,2269518.7732631504,6351523.698605548,False,False,False
2974,48,60,2264,2267394.784260282,6336314.588303447,False,False,False
2975,48,61,2265,2265001.6121672476,6321612.326224289,True,False,False
2976,48,62,2266,2258924.401746417,6313115.653636448,True,False,False
2980,49,4,2267,2420499.514172486,7228186.689666114,True,False,False
2981,49,5,2268,2417496.4725770955,7213010.153174448,True,False,False
2982,49,6,2269,2414702.2821808904,7196176.729817984,False,False,False
2983,49,7,2270,2411922.3792187874,7179377.949364668,True,True,False
2984,49,8,2271,2409156.6585863037,7162613.626608755,True,False,False
2985,49,9,2272,2406405.01620808,7145883.577561339,True,True,False
2986,49,10,2273,2403667.349025485,7129187.619439809,True,True,False
2987,49,11,2274,2400943.5549843973,7112525.570657409,True,True,False
2988,49,12,2275,2398233.5330231623,7095897.250812906,True,True,False
2989,49,13,2276,2395537.18306072,7079302.480680372,False,False,False
2990,49,14,2277,2392854.4059849,7062741.08219902,False,False,False
2991,49,15,2278,2390185.1036408837,7046212.878463203,False,False,False
2992,49,16,2279,2387529.178819826,7029717.693712451,True,False,False
2993,49,17,2280,2384886.5352476425,7013255.353321669,True,False,False
2994,49,18,2281,2382257.07757395,6996825.683791351,False,False,False
2995,49,19,2282,2379640.7113611638,6980428.512737979,True,False,False
2996,49,20,2283,2377037.343073746,6964063.668884442,True,False,False
2997,49,21,2284,2374446.8800676074,6947730.982050584,True,False,False
2998,49,22,2285,2371869.2305796533,6931430.28314384,False,False,False
2999,49,23,2286,2369304.3037174772,6915161.404149975,False,False,False
3000,49,24,2287,2366752.009449195,6898924.178123863,True,False,False
3001,49,25,2288,2364212.258593423,6882718.439180444,True,True,False
3002,49,26,2289,2361684.9628093923,6866544.022485664,True,True,False
3003,49,27,2290,2359170.0345872003,6850400.764247602,True,True,False
3004,49,28,2291,2356667.387238195,6834288.501707598,True,True,True
3005,49,29,2292,2354176.934885494,6818207.073131532,False,False,True
3006,49,30,2293,2351698.592454631,6802156.317801159,True,True,False
3007,49,31,2294,2349232.2756643305,6786136.076005516,True,True,False
3008,49,32,2295,2346777.9010174093,6770146.189032444,False,True,False
3009,49,33,2296,2344335.385791801,6754186.499160171,False,False,False
3010,49,34,2297,2341904.648031704,6738256.8496489525,True,False,False
3011,49,35,2298,2339485.6065388466,6722357.08473287,True,False,False
3012,49,36,2299,2337078.1808638745,6706487.049611611,True,False,False
3013,49,37,2300,2334682.291297849,6690646.590442405,True,True,False
3014,49,38,2301,2332297.858863865,6674835.554331988,True,True,False
3015,49,39,2302,2329924.805308779,6659053.78932868,True,True,False
3016,49,40,2303,2327563.0530950497,6643301.144414501,True,True,False
3017,49,41,2304,2325212.5253926846,6627577.469497402,True,True,False
3018,49,42,2305,2322873.1460712985,6611882.61540355,False,True,False
3019,49,43,2306,2320544.839692276,6596216.43386966,True,False,False
3020,49,44,2307,2318227.5315010347,6580578.777535478,False,False,False
3021,49,45,2308,2315921.1474194,6564969.499936236,False,False,False
3022,49,46,2309,2313625.614038072,6549388.455495255,True,True,False
3023,49,47,2310,2311340.858609196,6533835.499516591,True,False,False
3024,49,48,2311,2309066.8090390316,6518310.488177744,True,True,False
3025,49,49,2312,2306803.393880718,6502813.27852244,True,False,True
3026,49,50,2313,2304550.542327132,6487343.728453503,True,False,True
3027,49,51,2314,2302308.1842038427,6471901.696725758,True,False,True
3028,49,52,2315,2300076.2499621585,6456487.042939026,False,False,False
3029,49,53,2316,2297854.6706722607,6441099.62753118,True,True,False
3030,49,54,2317,2295643.378016433,6425739.311771268,True,False,False
3031,49,55,2318,2293442.304282376,6410405.95775269,True,False,False
3032,49,56,2319,2291251.382356604,6395099.428386451,True,True,False
3033,49,57,2320,2289070.545717936,6379819.587394474,True,False,False
3034,49,58,2321,2286899.728431067,6364566.299302969,False,False,False
3035,49,59,2322,2284738.8651402188,6349339.4294358855,False,False,False
3036,49,60,2323,2282587.8910628776,6334138.843908389,False,False,False
3037,49,61,2324,2279755.207729378,6322532.792625302,False,True,False
3041,50,3,2325,2443060.1632032543,7235929.785260762,False,False,False
3042,50,4,2326,2437251.1631532856,7227007.5628940035,False,False,False
3043,50,5,2327,2434359.8635762245,7210230.401455604,True,False,False
3044,50,6,2328,2431531.181016683,7193409.63735668,True,False,False
3045,50,7,2329,2428716.9512247443,7176623.421309242,True,True,False
3046,50,8,2330,2425917.0679939264,7159871.569032506,True,False,False
3047,50,9,2331,2423131.4261562726,7143153.897451359,True,True,False
3048,50,10,2332,2420359.921569859,7126470.224685984,False,False,False
3049,50,11,2333,2417602.4511064864,7109820.370041565,True,True,False
3050,50,12,2334,2414858.9126395485,7093204.15399812,True,True,False
3051,50,13,2335,2412129.205032065,7076621.398200404,False,False,False
3052,50,14,2336,2409413.228124897,7060071.925447946,False,False,False
3053,50,15,2337,2406710.882725109,7043555.559685145,False,False,False
3054,50,16,2338,2404022.070594516,7027072.1259914925,False,False,False
3055,50,17,2339,2401346.6944383765,7010621.450571868,True,False,False
3056,50,18,2340,2398684.6578942523,6994203.36074694,True,True,False
3057,50,19,2341,2396035.8655210203,6977817.68494366,True,True,False
3058,50,20,2342,2393400.2227880363,6961464.252685849,True,True,False
3059,50,21,2343,2390777.636064458,6945142.894584864,False,True,False
3060,50,22,2344,2388168.012608705,6928853.442330371,False,True,False
3061,50,23,2345,2385571.2605580757,6912595.728681194,True,True,False
3062,50,24,2346,2382987.2889184984,6896369.587456255,True,True,False
3063,50,25,2347,2380416.0075544342,6880174.853525616,True,True,False
3064,50,26,2348,2377857.3271789104,6864011.362801584,False,True,False
3065,50,27,2349,2375311.1593436943,6847878.952229915,True,True,False
3066,50,28,2350,2372777.4164296035,6831777.459781106,True,True,False
3067,50,29,2351,2370256.011636948,6815706.72444175,True,True,True
3068,50,30,2352,2367746.858976101,6799666.586206007,True,True,True
3069,50,31,2353,2365249.8732582014,6783656.8860671315,True,False,True
3070,50,32,2354,2362764.9700859804,6767677.466009086,True,True,True
3071,50,33,2355,2360292.065844715,6751728.16899825,False,True,False
3072,50,34,2356,2357831.0776933027,6735808.838975166,True,True,False
3073,50,35,2357,2355381.9235554566,6719919.320846423,True,True,False
3074,50,36,2358,2352944.5221110214,6704059.46047658,True,True,False
3075,50,37,2359,2350518.792787405,6688229.104680179,True,True,False
3076,50,38,2360,2348104.6557511254,6672428.101213815,False,True,False
3077,50,39,2361,2345702.0318994704,6656656.298768309,False,False,False
3078,50,40,2362,2343310.842852272,6640913.546960944,True,True,False
3079,50,41,2363,2340931.010943788,6625199.696327762,True,True,False
3080,50,42,2364,2338562.459214689,6609514.598315968,False,False,False
3081,50,43,2365,2336205.1114041638,6593858.105276354,True,False,False
3082,50,44,2366,2333858.891942111,6578230.070455848,True,False,False
3083,50,45,2367,2331523.7259414536,6562630.347990103,False,False,False
3084,50,46,2368,2329199.539190543,6547058.792896158,False,True,False
3085,50,47,2369,2326886.258145665,6531515.261065182,False,False,False
3086,50,48,2370,2324583.8099236484,6515999.609255264,True,False,False
3087,50,49,2371,2322292.12229457,6500511.695084302,True,False,True
3088,50,50,2372,2320011.123674548,6485051.377022924,False,False,False
3089,50,51,2373,2317740.7431186447,6469618.514387508,False,False,False
3090,50,52,2374,2315480.9103138456,6454212.967333244,True,True,False
3091,50,53,2375,2313231.555572141,6438834.596847264,True,True,False
3092,50,54,2376,2310992.609823693,6423483.264741858,True,False,False
3093,50,55,2377,2308764.004610095,6408158.833647714,True,False,False
3094,50,56,2378,2306545.6720777117,6392861.167007272,True,True,False
3095,50,57,2379,2304337.544971113,6377590.129068085,True,True,False
3096,50,58,2380,2302139.556626591,6362345.584876288,True,True,False
3097,50,59,2381,2299951.6409657546,6347127.400270094,True,True,False
3098,50,60,2382,2297574.9048885545,6332259.583243762,True,True,False
3099,50,61,2383,2291836.0425957167,6323629.399179273,True,True,False
3103,51,3,2384,2457165.703569322,7235430.307122492,False,False,False
3104,51,4,2385,2454090.076854207,7224258.924142494,False,False,False
3105,51,5,2386,2451212.2610704284,7207416.327612892,False,False,False
3106,51,6,2387,2448349.1709179794,7190608.367848871,False,False,False
3107,51,7,2388,2445500.6980378716,7173834.8602982275,False,True,False
3108,51,8,2389,2442666.7351316554,7157095.621613484,True,False,False
3109,51,9,2390,2439847.175948655,7140390.469641598,True,True,False
3110,51,10,2391,2437041.915273397,7123719.223413722,True,True,False
3111,51,11,2392,2434250.8489132095,7107081.703135078,True,True,False
3112,51,12,2393,2431473.873685999,7090477.730174951,True,True,False
3113,51,13,2394,2428710.8874082025,7073907.12705675,True,False,False
3114,51,14,2395,2425961.7888829065,7057369.717448158,False,False,False
3115,51,15,2396,2423226.4778881352,7040865.326151425,False,False,False
3116,51,16,2397,2420504.855165307,7024393.779093707,False,False,False
3117,51,17,2398,2417796.8224078394,7007954.903317503,True,False,False
3118,51,18,2399,2415102.2822499345,6991548.526971208,False,True,False
3119,51,19,2400,2412421.138255502,6975174.479299746,False,True,False
3120,51,20,2401,2409753.2949072486,6958832.590635276,True,True,False
3121,51,21,2402,2407098.6575959097,6942522.692388014,False,True,False
3122,51,22,2403,2404457.132609641,6926244.617037122,True,False,False
3123,51,23,2404,2401828.627123551,6909998.198121695,True,False,False
3124,51,24,2405,2399213.0491893757,6893783.270231826,True,True,False
3125,51,25,2406,2396610.307725302,6877599.66899977,False,True,False
3126,51,26,2407,2394020.312505927,6861447.231091173,True,True,False
3127,51,27,2408,2391442.974152358,6845325.794196406,True,True,False
3128,51,28,2409,2388878.2041224437,6829235.197021967,True,True,False
3129,51,29,2410,2386325.914701144,6813175.279281964,True,True,False
3130,51,30,2411,2383786.018991031,6797145.88168969,False,True,False
3131,51,31,2412,2381258.4309029127,6781146.845949271,True,False,False
3132,51,32,2413,2378743.065146594,6765178.014747388,True,False,True
3133,51,33,2414,2376239.8372217542,6749239.231745093,True,False,True
3134,51,34,2415,2373748.663408955,6733330.341569697,True,False,False
3135,51,35,2416,2371269.4607607657,6717451.189806707,False,False,False
3136,51,36,2417,2368802.1470930097,6701601.622991898,True,True,False
3137,51,37,2418,2366346.6409761263,6685781.488603397,True,True,False
3138,51,38,2419,2363902.8617266538,6669990.635053881,True,False,False
3139,51,39,2420,2361470.72939882,6654228.911682848,True,False,False
3140,51,40,2421,2359050.164776252,6638496.168748937,True,False,False
3141,51,41,2422,2356641.0893637915,6622792.2574223345,True,True,False
3142,51,42,2423,2354243.4253794206,6607117.029777266,False,False,False
3143,51,43,2424,2351857.0957462946,6591470.338784528,True,False,False
3144,51,44,2425,2349482.0240848833,6575852.038304119,True,False,False
3145,51,45,2426,2347118.134705212,6560261.983077915,False,False,False
3146,51,46,2427,2344765.3525992087,6544700.028722439,False,True,False
3147,51,47,2428,2342423.603433148,6529166.031721678,False,False,False
3148,51,48,2429,2340092.8135402,6513659.849419969,True,False,False
3149,51,49,2430,2337772.9099130705,6498181.340014969,True,False,True
3150,51,50,2431,2335463.8201967464,6482730.362550673,True,False,False
3151,51,51,2432,2333165.472681324,6467306.776910497,True,False,False
3152,51,52,2433,2330877.7962949425,6451910.443810431,True,True,False
3153,51,53,2434,2328600.720596804,6436541.224792266,True,True,False
3154,51,54,2435,2326334.1757702823,6421198.982216866,False,True,False
3155,51,55,2436,2324078.0926161255,6405883.5792575115,False,True,False
3156,51,56,2437,2321832.402545747,6390594.879893295,False,True,False
3157,51,57,2438,2319597.037574596,6375332.7489025965,True,True,False
3158,51,58,2439,2317371.9303156203,6360097.051856601,True,False,False
3159,51,59,2440,2315157.0139728156,6344887.655112896,False,True,False
3160,51,60,2441,2312323.222075203,6332936.019692792,True,True,False
3165,52,3,2442,2473937.3631735803,7234804.011540837,True,False,False
3166,52,4,2443,2470965.8433330976,7221397.556011809,True,False,False
3167,52,5,2444,2468053.5406374102,7204568.00592218,False,False,False
3168,52,6,2445,2465156.1283327206,7187772.994829536,False,False,False
3169,52,7,2446,2462273.4969689692,7171012.339134698,False,True,False
3170,52,8,2447,2459405.5381658315,7154285.856431715,False,True,False
3171,52,9,2448,2456552.1445998726,7137593.365497742,True,True,False
3172,52,10,2449,2453713.209991881,7120934.68628296,True,False,False
3173,52,11,2450,2450888.629094384,7104309.639900619,True,True,False
3174,52,12,2451,2448078.297679339,7087718.048617171,False,True,False
3175,52,13,2452,2445282.1125259995,7071159.735842488,True,False,False
3176,52,14,2453,2442499.9714089497,7054634.526120176,True,False,False
3177,52,15,2454,2439731.773086312,7038142.245118005,False,False,False
3178,52,16,2455,2436977.4172881143,7021682.719618384,True,False,False
3179,52,17,2456,2434236.804704822,7005255.777508968,True,False,False
3180,52,18,2457,2431509.836976034,6988861.247773333,False,True,False
3181,52,19,2458,2428796.4166793344,6972498.960481756,False,False,False
3182,52,20,2459,2426096.4473192897,6956168.7467820505,True,False,False
3183,52,21,2460,2423409.8333166204,6939870.43889052,True,False,False
3184,52,22,2461,2420736.479997497,6923603.870082997,True,False,False
3185,52,23,2462,2418076.293583005,6907368.874685947,True,True,False
3186,52,24,2463,2415429.181178743,6891165.288067662,True,True,False
3187,52,25,2464,2412795.0507645686,6874992.946629553,True,False,False
3188,52,26,2465,2410173.811184483,6858851.687797511,True,False,False
3189,52,27,2466,2407565.3721366595,6842741.350013349,True,False,False
3190,52,28,2467,2404969.6441636,6826661.772726331,True,True,False
3191,52,29,2468,2402386.538642432,6810612.796384778,True,True,False
3192,52,30,2469,2399815.9677753393,6794594.262427747,True,True,False
3193,52,31,2470,2397257.844580113,6778606.013276809,True,True,False
3194,52,32,2471,2394712.0828808453,6762647.892327877,False,False,False
3195,52,33,2472,2392178.5972987358,6746719.7439431315,True,True,True
3196,52,34,2473,2389657.3032430313,6730821.413443013,True,True,False
3197,52,35,2474,2387148.116902081,6714952.747098286,False,True,False
3198,52,36,2475,2384650.955234518,6699113.592122191,False,True,False
3199,52,37,2476,2382165.735960555,6683303.796662656,True,False,False
3200,52,38,2477,2379692.3775534006,6667523.2097945865,False,False,False
3201,52,39,2478,2377230.7992307832,6651771.681512234,False,False,False
3202,52,40,2479,2374780.9209465985,6636049.062721618,False,False,False
3203,52,41,2480,2372342.6633826583,6620355.2052330505,True,True,False
3204,52,42,2481,2369915.947940557,6604689.961753684,True,True,False
3205,52,43,2482,2367500.696733638,6589053.185880176,True,False,False
3206,52,44,2483,2365096.832579075,6573444.7320913905,False,False,False
3207,52,45,2484,2362704.2789900512,6557864.455741192,False,False,False
3208,52,46,2485,2360322.9601680464,6542312.213051258,False,True,False
3209,52,47,2486,2357952.80099522,6526787.861104048,True,False,False
3210,52,48,2487,2355593.7270269003,6511291.257835724,True,False,True
3211,52,49,2488,2353245.6644841693,6495822.262029237,True,False,True
3212,52,50,2489,2350908.5402465425,6480380.733307421,False,False,False
3213,52,51,2490,2348582.281844748,6464966.532126158,True,False,False
3214,52,52,2491,2346266.8174535995,6449579.519767632,True,True,False
3215,52,53,2492,2343962.075884956,6434219.558333603,False,True,False
3216,52,54,2493,2341667.9865807826,6418886.510738792,False,True,False
3217,52,55,2494,2339384.4796062913,6403580.240704279,False,True,False
3218,52,56,2495,2337111.485643179,6388300.612751012,True,True,False
3219,52,57,2496,2334848.9359829477,6373047.492193318,True,True,False
3220,52,58,2497,2332596.7625203095,6357820.74513252,True,False,False
3221,52,59,2498,2330228.5449406756,6342816.700148389,True,True,False
3222,52,60,2499,2324834.3513546987,6334020.146278774,False,True,False
3227,53,3,2500,2491023.509290642,7234129.763417508,True,False,False
3228,53,4,2501,2487830.280967543,7218501.870496787,True,False,False
3229,53,5,2502,2484883.578516571,7201685.511412806,True,False,False
3230,53,6,2503,2481951.930362536,7184903.592580626,False,False,False
3231,53,7,2504,2479035.2259746217,7168155.931362245,False,False,False
3232,53,8,2505,2476133.355900801,7151442.346301336,False,True,False
3233,53,9,2506,2473246.2117549004,7134762.657113259,True,True,False
3234,53,10,2507,2470373.6862038537,7118116.684675165,False,False,False
3235,53,11,2508,2467515.67295513,7101504.2510161735,True,True,False
3236,53,12,2509,2464672.066744343,7084925.179307693,True,False,False
3237,53,13,2510,2461842.763323029,7068379.2938537635,True,False,False
3238,53,14,2511,2459027.659446608,7051866.420081554,True,False,False
3239,53,15,2512,2456226.6528625013,7035386.3845319,True,False,False
3240,53,16,2513,2453439.6422984246,7018939.014849965,True,True,False
3241,53,17,2514,2450666.527450838,7002524.139775973,False,True,False
3242,53,18,2515,2447907.208973563,6986141.589136021,False,True,False
3243,53,19,2516,2445161.5884665526,6969791.193833006,False,False,False
3244,53,20,2517,2442429.568464821,6953472.785837596,True,True,False
3245,53,21,2518,2439711.0524275266,6937186.198179335,True,True,False
3246,53,22,2519,2437005.9447272024,6920931.264937781,True,True,False
3247,53,23,2520,2434314.1506391387,6904707.82123377,True,True,False
3248,53,24,2521,2431635.5763309104,6888515.7032207325,True,False,False
3249,53,25,2522,2428970.1288520475,6872354.748076101,False,False,False
3250,53,26,2523,2426317.716123853,6856224.7939928025,False,False,False
3251,53,27,2524,2423678.2469293466,6840125.680170832,True,False,False
3252,53,28,2525,2421051.630903364,6824057.246808893,False,True,False
3253,53,29,2526,2418437.778522774,6808019.335096121,False,False,False
3254,53,30,2527,2415836.601096843,6792011.787203893,True,True,False
3255,53,31,2528,2413248.010757715,6776034.446277697,True,True,False
3256,53,32,2529,2410671.920451038,6760087.156429109,True,True,False
3257,53,33,2530,2408108.243926704,6744169.762727786,False,True,True
3258,53,34,2531,2405556.895729717,6728282.111193606,True,True,True
3259,53,35,2532,2403017.7911911863,6712424.048788825,True,True,False
3260,53,36,2533,2400490.8464194406,6696595.423410341,True,False,False
3261,53,37,2534,2397975.978291258,6680796.083881994,True,False,False
3262,53,38,2535,2395473.1044432186,6665025.879946983,True,False,False
3263,53,39,2536,2392982.1432631635,6649284.662260321,False,False,False
3264,53,40,2537,2390503.01388178,6633572.282381371,False,False,False
3265,53,41,2538,2388035.636164291,6617888.592766437,False,False,False
3266,53,42,2539,2385579.93070225,6602233.446761462,True,True,False
3267,53,43,2540,2383135.818805459,6586606.698594729,True,False,False
3268,53,44,2541,2380703.222493979,6571008.203369716,True,False,False
3269,53,45,2542,2378282.064490255,6555437.817057923,False,False,False
3270,53,46,2543,2375872.268211339,6539895.396491839,True,True,False
3271,53,47,2544,2373473.7577612204,6524380.799357933,True,False,True
3272,53,48,2545,2371086.4579232507,6508893.884189723,False,False,True
3273,53,49,2546,2368710.2941526743,6493434.51036092,False,False,False
3274,53,50,2547,2366345.192569251,6478002.538078602,False,False,False
3275,53,51,2548,2363991.0799499797,6462597.828376492,True,True,False
3276,53,52,2549,2361647.883721909,6447220.243108259,True,True,False
3277,53,53,2550,2359315.5319550517,6431869.644940913,False,False,False
3278,53,54,2551,2356993.9533553836,6416545.897348237,False,False,False
3279,53,55,2552,2354683.077257932,6401248.864604293,True,True,False
3280,53,56,2553,2352382.833619962,6385978.411776976,True,True,False
3281,53,57,2554,2350093.1530142394,6370734.40472164,True,False,False
3282,53,58,2555,2347813.966622388,6355516.71007477,True,False,False
3283,53,59,2556,2344960.8595439256,6343217.462776852,True,False,False
3288,54,2,2557,2512487.7512704018,7241727.985515346,False,False,False
3289,54,3,2558,2507681.1310006385,7232407.271401251,False,False,False
3290,54,4,2559,2504683.265803018,7215571.944136164,True,False,False
3291,54,5,2560,2501702.2516147657,7198768.91986046,True,False,False
3292,54,6,2561,2498736.4547684374,7182000.236124007,True,True,False
3293,54,7,2562,2495785.7636628463,7165265.711258027,True,True,False
3294,54,8,2563,2492850.067784497,7148565.164763762,True,True,False
3295,54,9,2564,2489929.2576945736,7131898.417302668,True,True,False
3296,54,10,2565,2487023.2250161027,7115265.290686662,True,True,False
3297,54,11,2566,2484131.862421304,7098665.607868484,True,False,False
3298,54,12,2567,2481255.0636191154,7082099.19293214,True,False,False
3299,54,13,2568,2478392.723342894,7065565.871083446,True,False,False
3300,54,14,2569,2475544.7373382933,7049065.4686406255,True,False,False
3301,54,15,2570,2472711.002351304,7032597.813025045,True,False,False
3302,54,16,2571,2469891.4161164667,7016162.732751979,True,False,False
3303,54,17,2572,2467085.8773452463,6999760.057421526,True,True,False
3304,54,18,2573,2464294.285714572,6983389.617709542,True,True,False
3305,54,19,2574,2461516.5418555317,6967051.2453587055,True,False,False
3306,54,20,2575,2458752.5473422236,6950744.773169652,True,False,False
3307,54,21,2576,2456002.2046807674,6934470.034992177,False,True,False
3308,54,22,2577,2453265.4172984594,6918226.865716538,False,True,False
3309,54,23,2578,2450542.089533083,6902015.101264836,False,False,False
3310,54,24,2579,2447832.1266223625,6885834.578582464,True,False,False
3311,54,25,2580,2445135.4346935637,6869685.135629651,True,False,False
3312,54,26,2581,2442451.9207532355,6853566.611373067,False,False,False
3313,54,27,2582,2439781.4926770935,6837478.84577752,True,True,False
3314,54,28,2583,2437124.0592000377,6821421.679797736,False,True,False
3315,54,29,2584,2434479.529906308,6805394.955370183,False,False,False
3316,54,30,2585,2431847.815219778,6789398.515405006,True,True,False
3317,54,31,2586,2429228.8263943708,6773432.203778014,False,False,False
3318,54,32,2587,2426622.4755046144,6757495.865322757,True,False,False
3319,54,33,2588,2424028.675436314,6741589.345822663,True,True,False
3320,54,34,2589,2421447.3398773605,6725712.492003254,True,True,True
3321,54,35,2590,2418878.3833086533,6709865.151524437,True,True,False
3322,54,36,2591,2416321.7209951547,6694047.172972852,True,False,False
3323,54,37,2592,2413777.2689770516,6678258.405854308,True,False,False
3324,54,38,2593,2411244.9440610455,6662498.700586272,True,False,False
3325,54,39,2594,2408724.663811756,6646767.908490456,True,False,False
3326,54,40,2595,2406216.3465432352,6631065.881785416,True,False,False
3327,54,41,2596,2403719.9113105997,6615392.473579295,False,False,False
3328,54,42,2597,2401235.277901768,6599747.5378625635,True,True,False
3329,54,43,2598,2398762.3668293124,6584130.929500864,True,False,False
3330,54,44,2599,2396301.099322415,6568542.5042279195,True,False,False
3331,54,45,2600,2393851.3973189318,6552982.118638489,True,False,False
3332,54,46,2601,2391413.1834575566,6537449.6301814,True,True,True
3333,54,47,2602,2388986.3810700974,6521944.897152649,False,True,True
3334,54,48,2603,2386570.914173842,6506467.778688554,False,True,False
3335,54,49,2604,2384166.70746403,6491018.1347589735,False,True,False
3336,54,50,2605,2381773.686306423,6475595.826160585,False,False,False
3337,54,51,2606,2379391.776729971,6460200.714510241,True,True,False
3338,54,52,2607,2377020.9054195713,6444832.662238358,True,False,False
3339,54,53,2608,2374660.999708924,6429491.532582381,True,False,False
3340,54,54,2609,2372311.987573479,6414177.18958031,False,False,False
3341,54,55,2610,2369973.797623475,6398889.498064292,True,True,False
3342,54,56,2611,2367646.3590970673,6383628.323654227,False,False,False
3343,54,57,2612,2365329.6018535425,6368393.532751501,False,False,False
3344,54,58,2613,2362957.3244163124,6353283.718569244,False,False,False
3345,54,59,2614,2357918.733059096,6344286.810616624,False,False,False
3350,55,2,2615,2527651.451894656,7241057.82524328,False,False,False
3351,55,3,2616,2524555.4049104447,7229431.822376761,False,False,False
3352,55,4,2617,2521524.6745663555,7212607.854214186,False,False,False
3353,55,5,2618,2518509.437511965,7195818.307779963,False,False,False
3354,55,6,2619,2515509.57997643,7179063.001214379,False,True,False
3355,55,7,2620,2512524.9892986417,7162341.7538257735,False,True,False
3356,55,8,2621,2509555.553913946,7145654.38608079,True,True,False
3357,55,9,2622,2506601.163341037,7129000.719594728,False,False,False
3358,55,10,2623,2503661.708169053,7112380.577121958,True,True,False
3359,55,11,2624,2500737.0800448353,7095793.782546441,True,True,False
3360,55,12,2625,2497827.1716603828,7079240.1608723365,False,False,False
3361,55,13,2626,2494931.8767404696,7062719.538214681,False,False,False
3362,55,14,2627,2492051.0900304457,7046231.741790167,False,False,False
3363,55,15,2628,2489184.707284201,7029776.599908,False,False,False
3364,55,16,2629,2486332.625252302,7013353.941960851,True,False,False
3365,55,17,2630,2483494.7416702923,6996963.598415866,True,True,False
3366,55,18,2631,2480670.955247155,6980605.400805782,True,False,False
3367,55,19,2632,2477861.165653931,6964279.181720127,True,False,False
3368,55,20,2633,2475065.273512506,6947984.77479648,True,True,False
3369,55,21,2634,2472283.180384539,6931722.014711816,False,True,False
3370,55,22,2635,2469514.7887605517,6915490.737173955,True,False,False
3371,55,23,2636,2466760.002049164,6899290.778913059,False,False,False
3372,55,24,2637,2464018.724566481,6883121.977673216,True,False,False
3373,55,25,2638,2461290.8615256213,6866984.172204114,True,False,False
3374,55,26,2639,2458576.3190263887,6850877.202252774,False,False,False
3375,55,27,2640,2455875.0040450864,6834800.908555372,True,True,False
3376,55,28,2641,2453186.824424472,6818755.132829125,False,False,False
3377,55,29,2642,2450511.6888638404,6802739.717764264,False,False,False
3378,55,30,2643,2447849.5069092535,6786754.507016055,True,True,False
3379,55,31,2644,2445200.188943887,6770799.345196942,False,False,False
3380,55,32,2645,2442563.646178526,6754874.07786869,False,False,False
3381,55,33,2646,2439939.7906421656,6738978.551534685,True,True,False
3382,55,34,2647,2437328.535172762,6723112.613632224,True,True,True
3383,55,35,2648,2434729.7934080893,6707276.112524921,True,True,True
3384,55,36,2649,2432143.4797767266,6691468.8974951925,True,False,False
3385,55,37,2650,2429569.5094891656,6675690.818736757,False,False,True
3386,55,38,2651,2427007.798529034,6659941.727347271,False,False,True
3387,55,39,2652,2424458.263644438,6644221.47532097,False,False,True
3388,55,40,2653,2421920.822339418,6628529.915541424,True,False,True
3389,55,41,2654,2419395.3928655186,6612866.901774334,True,False,False
3390,55,42,2655,2416881.8942134706,6597232.288660399,True,True,False
3391,55,43,2656,2414380.24610498,6581625.931708245,True,True,False
3392,55,44,2657,2411890.3689846285,6566047.687287429,True,False,True
3393,55,45,2658,2409412.184011878,6550497.41262149,True,True,True
3394,55,46,2659,2406945.613053184,6534974.965781086,True,True,True
3395,55,47,2660,2404490.5786742033,6519480.205677161,False,True,False
3396,55,48,2661,2402047.0041321157,6504012.992054207,False,False,False
3397,55,49,2662,2399614.813368036,6488573.1854835665,False,True,False
3398,55,50,2663,2397193.9309995305,6473160.647356796,True,True,False
3399,55,51,2664,2394784.282313225,6457775.239879107,True,True,False
3400,55,52,2665,2392385.7932575154,6442416.8260628395,False,False,False
3401,55,53,2666,2389998.390435369,6427085.269721014,True,False,False
3402,55,54,2667,2387622.0010972195,6411780.43546094,True,False,False
3403,55,55,2668,2385256.553133949,6396502.188677872,True,True,False
3404,55,56,2669,2382901.975069971,6381250.395548733,False,False,False
3405,55,57,2670,2380558.1960563883,6366024.9230258735,False,False,False
3406,55,58,2671,2377670.7444135076,6353376.512343971,False,False,False
3412,56,2,2672,2544544.381598017,7240277.327422151,False,False,False
3413,56,3,2673,2541419.410525585,7226419.924200651,False,False,False
3414,56,4,2674,2538354.3846713733,7209609.678753264,False,False,False
3415,56,5,2675,2535305.014466834,7192833.752418053,False,False,False
3416,56,6,2676,2532271.185083034,7176091.964332143,True,True,False
3417,56,7,2677,2529252.7828094657,7159384.134788766,True,True,False
3418,56,8,2678,2526249.6950406805,7142710.085227661,True,False,False
3419,56,9,2679,2523261.8102631127,7126069.638225609,True,False,False
3420,56,10,2680,2520289.0180420834,7109462.617486985,True,False,False
3421,56,11,2681,2517331.2090089973,7092888.847834454,True,True,False
3422,56,12,2682,2514388.274848708,7076348.155199736,True,True,False
3423,56,13,2683,2511460.1082870667,7059840.366614449,False,False,False
3424,56,14,2684,2508546.603078644,7043365.310201018,False,False,False
3425,56,15,2685,2505647.6539946203,7026922.815163717,True,False,False
3426,56,16,2686,2502763.1568108504,7010512.71177973,True,False,False
3427,56,17,2687,2499893.0082960865,6994134.831390352,True,True,False
3428,56,18,2688,2497037.1062003686,6977789.006392207,True,False,False
3429,56,19,2689,2494195.349243576,6961475.070228619,False,True,False
3430,56,20,2690,2491367.637104136,6945192.857380979,True,True,False
3431,56,21,2691,2488553.870407884,6928942.203360282,True,False,False
3432,56,22,2692,2485753.950717086,6912722.944698649,True,False,False
3433,56,23,2693,2482967.7805196,6896534.9189410005,True,False,False
3434,56,24,2694,2480195.263218197,6880377.964636753,True,True,False
3435,56,25,2695,2477436.30312002,6864251.921331622,True,True,False
3436,56,26,2696,2474690.8054261887,6848156.629559483,True,True,False
3437,56,27,2697,2471958.676221548,6832091.930834334,True,True,False
3438,56,28,2698,2469239.8224645536,6816057.667642272,False,False,False
3439,56,29,2699,2466534.151977294,6800053.683433605,False,False,False
3440,56,30,2700,2463841.573435648,6784079.82261502,True,True,False
3441,56,31,2701,2461161.996359577,6768135.93054177,False,False,False
3442,56,32,2702,2458495.331103547,6752221.853510028,False,True,False
3443,56,33,2703,2455841.488847075,6736337.438749208,True,True,False
3444,56,34,2704,2453200.3815854085,6720482.534414432,True,False,False
3445,56,35,2705,2450571.922120328,6704656.98957902,True,True,True
3446,56,36,2706,2447956.0240510684,6688860.654227079,True,True,True
3447,56,37,2707,2445352.6017653686,6673093.379246128,False,False,True
3448,56,38,2708,2442761.5704306327,6657355.016419814,False,False,False
3449,56,39,2709,2440182.8459852124,6641645.41842069,False,False,False
3450,56,40,2710,2437616.345129807,6625964.438803037,False,False,True
3451,56,41,2711,2435061.9853189704,6610311.931995785,False,False,True
3452,56,42,2712,2432519.684752739,6594687.753295469,True,False,True
3453,56,43,2713,2429989.362368364,6579091.758859251,False,True,True
3454,56,44,2714,2427470.937832149,6563523.805698039,True,True,True
3455,56,45,2715,2424964.331531406,6547983.751669609,False,True,False
3456,56,46,2716,2422469.4645665064,6532471.45547185,True,True,False
3457,56,47,2717,2419986.258743041,6516986.776636019,True,True,False
3458,56,48,2718,2417514.63656408,6501529.575520089,True,True,False
3459,56,49,2719,2415054.5212225346,6486099.713302142,True,True,False
3460,56,50,2720,2412605.836593617,6470697.051973827,True,False,False
3461,56,51,2721,2410168.507227402,6455321.454333879,True,True,False
3462,56,52,2722,2407742.458341478,6439972.783981678,False,False,False
3463,56,53,2723,2405327.6158137,6424650.9053108925,False,True,False
3464,56,54,2724,2402923.90617503,6409355.68350316,True,True,False
3465,56,55,2725,2400531.2566024726,6394086.984521831,False,True,False
3466,56,56,2726,2398149.594912105,6378844.675105764,False,False,False
3467,56,57,2727,2395778.849552185,6363628.622763192,False,False,False
3468,56,58,2728,2394455.9474536707,6353357.281516337,False,False,False
3474,57,2,2729,2560116.123867729,7237460.464864238,False,False,False
3475,57,3,2730,2558271.5041436115,7223373.876816128,False,False,False
3476,57,4,2731,2555172.2742244066,7206577.496506618,True,False,False
3477,57,5,2732,2552088.861422201,7189815.331746079,True,True,False
3478,57,6,2733,2549021.149860709,7173087.202676197,True,True,False
3479,57,7,2734,2545969.024790602,7156392.930582732,True,False,False
3480,57,8,2735,2542932.372576072,7139732.337886097,True,False,False
3481,57,9,2736,2539911.080681573,7123105.248132022,True,False,False
3482,57,10,2737,2536905.0376587566,7106511.48598233,False,False,False
3483,57,11,2738,2533914.1331335837,7089950.877205748,False,False,False
3484,57,12,2739,2530938.2577936198,7073423.248668854,True,True,False
3485,57,13,2740,2527977.303375514,7056928.428327059,True,True,False
3486,57,14,2741,2525031.1626526425,7040466.245215696,False,False,False
3487,57,15,2742,2522099.7294229264,7024036.529441188,True,False,False
3488,57,16,2743,2519182.8984968266,7007639.112172273,True,False,False
3489,57,17,2744,2516280.5656854925,6991273.825631342,False,True,False
3490,57,18,2745,2513392.6277890867,6974940.503085814,True,False,False
3491,57,19,2746,2510518.982585261,6958638.97883964,True,True,False
3492,57,20,2747,2507659.5288177985,6942369.088224823,False,False,False
3493,57,21,2748,2504814.166185407,6926130.66759306,False,False,False
3494,57,22,2749,2501982.7953306655,6909923.554307436,False,False,False
3495,57,23,2750,2499165.3178291284,6893747.58673422,False,False,False
3496,57,24,2751,2496361.636178572,6877602.604234676,True,False,False
3497,57,25,2752,2493571.653788391,6861488.447157026,False,False,False
3498,57,26,2753,2490795.2749691345,6845404.956828418,False,False,False
3499,57,27,2754,2488032.404922193,6829351.975546996,True,True,False
3500,57,28,2755,2485282.949729616,6813329.346574048,True,True,False
3501,57,29,2756,2482546.8163440716,6797336.914126207,True,True,False
3502,57,30,2757,2479823.9125789437,6781374.523367724,True,True,False
3503,57,31,2758,2477114.147098556,6765442.020402827,False,True,False
3504,57,32,2759,2474417.429408534,6749539.252268122,False,True,False
3505,57,33,2760,2471733.669846291,6733666.066925086,True,False,False
3506,57,34,2761,2469062.779571648,6717822.313252611,False,False,False
3507,57,35,2762,2466404.6705575716,6702007.841039624,True,False,False
3508,57,36,2763,2463759.255581038,6686222.500977773,True,True,False
3509,57,37,2764,2461126.4482140234,6670466.144654164,False,False,False
3510,57,38,2765,2458506.162814605,6654738.624544185,False,False,False
3511,57,39,2766,2455898.314518189,6639039.794004387,False,False,False
3512,57,40,2767,2453302.8192288484,6623369.5072654,False,False,False
3513,57,41,2768,2450719.5936107747,6607727.619424967,True,False,False
3514,57,42,2769,2448148.5550798513,6592113.986440992,True,False,False
3515,57,43,2770,2445589.6217953246,6576528.465124664,False,False,False
3516,57,44,2771,2443042.712651592,6560970.913133665,True,True,False
3517,57,45,2772,2440507.747270102,6545441.188965403,False,True,False
3518,57,46,2773,2437984.645991346,6529939.151950323,False,False,False
3519,57,47,2774,2435473.329866969,6514464.662245282,False,True,False
3520,57,48,2775,2432973.7206519754,6499017.580826976,False,False,False
3521,57,49,2776,2430485.7407970354,6483597.769485419,True,True,False
3522,57,50,2777,2428009.313440898,6468205.090817498,True,True,False
3523,57,51,2778,2425544.3624028936,6452839.40822056,True,True,False
3524,57,52,2779,2423090.81217554,6437500.585886084,False,True,False
3525,57,53,2780,2420648.58791724,6422188.488793387,False,True,False
3526,57,54,2781,2418217.615445074,6406902.982703396,True,True,False
3527,57,55,2782,2415797.8212276874,6391643.934152472,True,True,False
3528,57,56,2783,2413389.1323782634,6376411.210446288,True,False,False
3529,57,57,2784,2410991.476647593,6361204.679653765,True,False,False
3530,57,58,2785,2409720.8643987593,6349026.687156772,True,False,False
3536,58,2,2786,2575610.276026759,7231800.419040195,True,False,False
3537,58,3,2787,2575111.5637339004,7220293.760497247,True,True,False
3538,58,4,2788,2571978.222029743,7203511.3869507825,True,True,False
3539,58,5,2789,2568860.858010456,7186763.124452666,False,True,False
3540,58,6,2790,2565759.3547631945,7170048.79415673,False,True,False
3541,58,7,2791,2562673.5965104545,7153368.218348752,False,True,False
3542,58,8,2792,2559603.4685965627,7136721.220437244,True,True,False
3543,58,9,2793,2556548.8574743387,7120107.624944274,False,False,False
3544,58,10,2794,2553509.650691959,7103527.257496397,False,False,False
3545,58,11,2795,2550485.7368800016,7086979.944815643,False,False,False
3546,58,12,2796,2547477.0057386626,7070465.514710611,False,False,False
3547,58,13,2797,2544483.348025165,7053983.796067611,True,True,False
3548,58,14,2798,2541504.65554133,7037534.618841921,True,True,False
3549,58,15,2799,2538540.82112133,7021117.814049095,True,False,False
3550,58,16,2800,2535591.7386196055,7004733.213756335,True,False,False
3551,58,17,2801,2532657.3028989523,6988380.651073972,False,True,False
3552,58,18,2802,2529737.4098187713,6972059.960147021,False,True,False
3553,58,19,2803,2526831.9562234795,6955770.976146776,True,True,False
3554,58,20,2804,2523940.8399310857,6939513.53526251,True,False,False
3555,58,21,2805,2521063.9597219136,6923287.474693239,False,False,False
3556,58,22,2806,2518201.2153274873,6907092.632639564,False,False,False
3557,58,23,2807,2515352.5074195648,6890928.848295563,False,False,False
3558,58,24,2808,2512517.7375993184,6874795.961840805,True,False,False
3559,58,25,2809,2509696.8083866746,6858693.81443237,False,False,False
3560,58,26,2810,2506889.6232097787,6842622.248196976,False,True,False
3561,58,27,2811,2504096.0863946206,6826581.106223196,False,True,False
3562,58,28,2812,2501316.1031547915,6810570.232553693,True,False,False
3563,58,29,2813,2498549.5795813794,6794589.4721775595,True,True,False
3564,58,30,2814,2495796.422633001,6778638.671022712,True,True,False
3565,58,31,2815,2493056.540125976,6762717.675948363,True,False,False
3566,58,32,2816,2490329.840724613,6746826.33473754,False,False,False
3567,58,33,2817,2487616.233931652,6730964.496089705,True,False,False
3568,58,34,2818,2484915.6300788093,6715132.009613383,False,False,False
3569,58,35,2819,2482227.940317468,6699328.725818925,False,False,False
3570,58,36,2820,2479553.076609478,6683554.496111282,True,True,False
3571,58,37,2821,2476890.95171809,6667809.172782858,False,True,False
3572,58,38,2822,2474241.4791990006,6652092.609006447,False,False,False
3573,58,39,2823,2471604.573391521,6636404.658828187,False,False,False
3574,58,40,2824,2468980.1494098576,6620745.177160632,False,False,False
3575,58,41,2825,2466368.123134516,6605114.019775835,True,False,False
3576,58,42,2826,2463768.4112038077,6589511.043298525,False,True,False
3577,58,43,2827,2461180.931005474,6573936.105199332,False,True,False
3578,58,44,2828,2458605.600668422,6558389.063788068,True,True,False
3579,58,45,2829,2456042.3390545603,6542869.778207073,True,True,False
3580,58,46,2830,2453491.065750749,6527378.108424626,False,True,False
3581,58,47,2831,2450951.701060853,6511913.915228397,False,True,False
3582,58,48,2832,2448424.165997894,6496477.060218964,False,False,False
3583,58,49,2833,2445908.38227631,6481067.4058034,True,True,False
3584,58,50,2834,2443404.272304312,6465684.815188903,True,True,False
3585,58,51,2835,2440911.7591763395,6450329.152376465,True,True,False
3586,58,52,2836,2438430.7666656137,6435000.282154646,True,True,False
3587,58,53,2837,2435961.2192167877,6419698.070093356,True,True,False
3588,58,54,2838,2433503.0419386895,6404422.382537703,True,False,False
3589,58,55,2839,2431056.160597157,6389173.086601913,True,True,False
3590,58,56,2840,2428620.5016079703,6373950.050163277,True,True,False
3591,58,57,2841,2426195.992029864,6358753.141856176,False,False,False
3592,58,58,2842,2424352.083868338,6344466.975792746,True,False,False
3593,58,59,2843,2429967.170605106,6334754.69592551,False,False,False
3598,59,2,2844,2587367.7419308773,7227474.712900737,False,True,False
3599,59,3,2845,2591492.581211888,7216732.954844865,False,True,False
3600,59,4,2846,2588772.1075949683,7200411.430278154,False,False,False
3601,59,5,2847,2585620.8845588374,7183677.209936362,False,False,False
3602,59,6,2848,2582485.6809307556,7166976.817387936,True,False,False
3603,59,7,2849,2579366.379915748,7150310.075926063,True,False,False
3604,59,8,2850,2576262.865848822,7133676.8099546395,True,True,False
3605,59,9,2851,2573175.024181572,7117076.84497932,True,True,False
3606,59,10,2852,2570102.7414689576,7100510.007598551,True,False,False
3607,59,11,2853,2567045.905356287,7083976.125494776,True,False,False
3608,59,12,2854,2564004.404566361,7067475.027425661,True,False,False
3609,59,13,2855,2560978.1288868096,7051006.543215406,False,False,False
3610,59,14,2856,2557966.9691576003,7034570.503746148,True,True,False
3611,59,15,2857,2554970.8172587166,7018166.7409494165,True,True,False
3612,59,16,2858,2551989.5660980116,7001795.087797682,False,False,False
3613,59,17,2859,2549023.1095992257,6985455.378295965,False,True,False
3614,59,18,2860,2546071.342690172,6969147.44747353,False,True,False
3615,59,19,2861,2543134.161291081,6952871.131375643,False,False,False
3616,59,20,2862,2540211.462303106,6936626.267055398,True,False,False
3617,59,21,2863,2537303.1435969896,6920412.692565634,False,False,False
3618,59,22,2864,2534409.1040018764,6904230.246950887,False,False,False
3619,59,23,2865,2531529.243294288,6888078.770239461,False,False,False
3620,59,24,2866,2528663.462187245,6871958.103435522,True,False,False
3621,59,25,2867,2525811.6623195265,6855868.088511285,False,True,False
3622,59,26,2868,2522973.7462450955,6839808.568399267,True,True,False
3623,59,27,2869,2520149.6174226445,6823779.386984608,False,False,False
3624,59,28,2870,2517339.1802053023,6807780.389097447,True,False,False
3625,59,29,2871,2514542.3398304638,6791811.420505386,False,True,False
3626,59,30,2872,2511759.002409765,6775872.3279059995,False,True,False
3627,59,31,2873,2508989.0749191917,6759962.958919422,True,False,False
3628,59,32,2874,2506232.465189318,6744083.162080997,True,False,False
3629,59,33,2875,2503489.0818956764,6728232.786833987,True,False,False
3630,59,34,2876,2500758.8345492566,6712411.683522344,True,False,False
3631,59,35,2877,2498041.633487131,6696619.703383565,False,False,False
3632,59,36,2878,2495337.389863203,6680856.698541585,True,False,False
3633,59,37,2879,2492646.0156390807,6665122.521999735,True,True,False
3634,59,38,2880,2489967.4235750684,6649417.027633771,True,True,False
3635,59,39,2881,2487301.527221278,6633740.070184976,True,True,False
3636,59,40,2882,2484648.240908859,6618091.50525328,True,True,False
3637,59,41,2883,2482007.479741345,6602471.18929048,True,True,False
3638,59,42,2884,2479379.159586104,6586878.979593518,True,True,False
3639,59,43,2885,2476763.197065916,6571314.734297786,True,False,False
3640,59,44,2886,2474159.5095506473,6555778.312370514,True,False,False
3641,59,45,2887,2471568.0151490434,6540269.573604215,True,True,False
3642,59,46,2888,2468988.632700621,6524788.378610183,True,True,False
3643,59,47,2889,2466421.2817676696,6509334.588812039,True,False,False
3644,59,48,2890,2463865.8826273554,6493908.066439355,True,False,False
3645,59,49,2891,2461322.3562639295,6478508.674521312,True,False,False
3646,59,50,2892,2458790.624361034,6463136.276880413,True,True,False
3647,59,51,2893,2456270.6092941076,6447790.738126277,True,True,False
3648,59,52,2894,2453762.2341228924,6432471.923649452,False,False,False
3649,59,53,2895,2451265.4225840312,6417179.699615312,True,False,False
3650,59,54,2896,2448780.0990837663,6401913.932957981,True,False,False
3651,59,55,2897,2446306.1886907243,6386674.491374338,False,False,False
3652,59,56,2898,2443843.6171288006,6371461.243318036,True,True,False
3653,59,57,2899,2441392.310770131,6356274.057993622,False,False,False
3654,59,58,2900,2438952.1966281487,6341112.805350651,False,False,False
3655,59,59,2901,2439848.496041424,6331651.007987553,False,False,False
3661,60,3,2902,2601985.2756594587,7211676.469579318,False,False,False
3662,60,4,2903,2602454.251830055,7196831.961919488,True,False,False
3663,60,5,2904,2602139.9674662044,7180425.516995524,True,False,False
3664,60,6,2905,2599200.0101953386,7163871.351680712,True,False,False
3665,60,7,2906,2596047.2576366276,7147218.581844854,False,False,False
3666,60,8,2907,2592910.4477548082,7130599.184197089,False,False,False
3667,60,9,2908,2589789.465010703,7114012.985233729,False,True,False
3668,60,10,2909,2586684.194976375,7097459.812532185,False,False,False
3669,60,11,2910,2583594.524322031,7080939.494742283,False,False,False
3670,60,12,2911,2580520.340803103,7064451.861577683,True,False,False
3671,60,13,2912,2577461.5332475216,7047996.743807323,True,False,False
3672,60,14,2913,2574417.991543149,7031573.973247,True,True,False
3673,60,15,2914,2571389.606625399,7015183.382750971,True,True,False
3674,60,16,2915,2568376.2704650224,6998824.806203641,False,True,False
3675,60,17,2916,2565377.8760560583,6982498.078511343,False,True,False
3676,60,18,2917,2562394.317403956,6966203.035594157,False,True,False
3677,60,19,2918,2559425.489513855,6949939.514377823,False,False,False
3678,60,20,2919,2556471.2883790317,6933707.352785702,True,False,False
3679,60,21,2920,2553531.6109694936,6917506.38973084,True,False,False
3680,60,22,2921,2550606.3552207397,6901336.465108059,True,False,False
3681,60,23,2922,2547695.4200226683,6885197.419786146,True,False,False
3682,60,24,2923,2544798.7052086345,6869089.095600097,True,True,False
3683,60,25,2924,2541916.111544659,6853011.335343431,True,True,False
3684,60,26,2925,2539047.54071878,6836963.9827605635,True,False,False
3685,60,27,2926,2536192.8953305515,6820946.882539268,True,False,False
3686,60,28,2927,2533352.078880682,6804959.880303169,True,True,False
3687,60,29,2928,2530524.9957608082,6789002.822604324,True,True,False
3688,60,30,2929,2527711.551243415,6773075.556915861,True,True,False
3689,60,31,2930,2524911.6514718807,6757177.931624691,True,True,False
3690,60,32,2931,2522125.2034506625,6741309.7960242545,False,False,False
3691,60,33,2932,2519352.115035607,6725471.000307365,False,False,False
3692,60,34,2933,2516592.2949243947,6709661.3955590995,True,True,False
3693,60,35,2934,2513845.652647109,6693880.833749743,True,True,False
3694,60,36,2935,2511112.0985569283,6678129.1677277945,True,False,False
3695,60,37,2936,2508391.543820948,6662406.251213055,True,True,False
3696,60,38,2937,2505683.900411111,6646711.938789757,False,True,False
3697,60,39,2938,2502989.081095273,6631046.085899747,False,False,False
3698,60,40,2939,2500306.9994283756,6615408.548835739,False,False,False
3699,60,41,2940,2497637.5697437366,6599799.184734634,False,False,False
3700,60,42,2941,2494980.7071444537,6584217.851570868,False,False,False
3701,60,43,2942,2492336.3274949277,6568664.408149858,True,False,False
3702,60,44,2943,2489704.347412484,6553138.714101464,True,False,False
3703,60,45,2944,2487084.6842591153,6537640.629873525,False,True,False
3704,60,46,2945,2484477.2561333226,6522170.016725473,True,True,False
3705,60,47,2946,2481881.981862069,6506726.736721958,True,True,False
3706,60,48,2947,2479298.7809928316,6491310.652726562,False,False,False
3707,60,49,2948,2476727.5737857614,6475921.628395551,False,False,False
3708,60,50,2949,2474168.2812059373,6460559.528171686,True,True,False
3709,60,51,2950,2471620.8249157295,6445224.217278091,True,False,False
3710,60,52,2951,2469085.127267252,6429915.561712167,False,False,False
3711,60,53,2952,2466561.11129492,6414633.428239553,False,False,False
3712,60,54,2953,2464048.700708092,6399377.684388159,False,False,False
3713,60,55,2954,2461547.819883817,6384148.198442236,False,False,False
3714,60,56,2955,2459058.3938596677,6368944.839436487,True,True,False
3715,60,57,2956,2456580.3483266644,6353767.477150262,False,False,False
3716,60,58,2957,2454113.6096222964,6338615.982101751,False,True,False
3717,60,59,2958,2453144.1203333144,6327454.544420924,False,True,False
3725,61,5,2959,2611491.081198128,7174012.862864234,False,False,False
3726,61,6,2960,2611914.0953620393,7160247.506303243,False,False,False
3727,61,7,2961,2612073.464021095,7143784.386990371,False,False,False
3728,61,8,2962,2609546.0984167405,7127488.421601502,False,False,False
3729,61,9,2963,2606392.064841359,7110916.123376661,False,True,False
3730,61,10,2964,2603253.8968650745,7094376.749207794,False,True,False
3731,61,11,2965,2600131.480193219,7077870.128718965,False,True,False
3732,61,12,2966,2597024.7016239404,7061396.092586608,False,True,False
3733,61,13,2967,2593933.4490354084,7044954.472531158,True,True,False
3734,61,14,2968,2590857.6113731884,7028545.101308737,True,True,False
3735,61,15,2969,2587797.0786377937,7012167.812702948,True,True,False
3736,61,16,2970,2584751.741872407,6995822.441516702,True,False,False
3737,61,17,2971,2581721.493150771,6979508.823564139,False,True,False
3738,61,18,2972,2578706.225565248,6963226.795662614,True,True,False
3739,61,19,2973,2575705.8332150388,6946976.19562472,True,True,False
3740,61,20,2974,2572720.211194561,6930756.862250438,True,True,False
3741,61,21,2975,2569749.255581992,6914568.635319294,True,False,False
3742,61,22,2976,2566792.8634279636,6898411.35558262,False,False,False
3743,61,23,2977,2563850.9327444085,6882284.864755861,False,True,False
3744,61,24,2978,2560923.362493563,6866189.005510965,False,True,False
3745,61,25,2979,2558010.052577113,6850123.62146881,False,False,False
3746,61,26,2980,2555110.903825488,6834088.5571917435,False,False,False
3747,61,27,2981,2552225.8179873014,6818083.658176112,False,False,False
3748,61,28,2982,2549354.697718934,6802108.770844935,True,True,False
3749,61,29,2983,2546497.44657425,6786163.742540584,False,False,False
3750,61,30,2984,2543653.968994452,6770248.421517556,False,False,False
3751,61,31,2985,2540824.170298085,6754362.656935271,True,True,False
3752,61,32,2986,2538007.956671153,6738506.298850989,False,True,False
3753,61,33,2987,2535205.235157383,6722679.198212725,False,True,False
3754,61,34,2988,2532415.9136486086,6706881.206852276,False,True,False
3755,61,35,2989,2529639.900875288,6691112.177478267,False,False,False
3756,61,36,2990,2526877.106397144,6675371.963669282,True,False,False
3757,61,37,2991,2524127.4405939253,6659660.419867047,True,True,False
3758,61,38,2992,2521390.8146562953,6643977.4013696695,False,False,False
3759,61,39,2993,2518667.1405768343,6628322.764324931,False,False,False
3760,61,40,2994,2515956.3311411664,6612696.365723652,False,False,False
3761,61,41,2995,2513258.299919194,6597098.063393088,False,False,False
3762,61,42,2996,2510572.9612564603,6581527.715990418,False,False,False
3763,61,43,2997,2507900.230265607,6565985.182996235,True,False,False
3764,61,44,2998,2505240.0228179577,6550470.324708173,False,False,False
3765,61,45,2999,2502592.2555352063,6534983.002234492,False,True,False
3766,61,46,3000,2499956.845781208,6519523.077487795,False,False,False
3767,61,47,3001,2497333.7116538845,6504090.413178761,True,True,False
3768,61,48,3002,2494722.77197723,6488684.872809934,True,True,False
3769,61,49,3003,2492123.946293417,6473306.320669585,True,False,False
3770,61,50,3004,2489537.154855011,6457954.621825597,True,True,False
3771,61,51,3005,2486962.318617282,6442629.642119426,False,False,False
3772,61,52,3006,2484399.3592306087,6427331.248160102,False,False,False
3773,61,53,3007,2481848.1990329917,6412059.307318282,False,False,False
3774,61,54,3008,2479308.7610426503,6396813.687720364,False,False,False
3775,61,55,3009,2476780.9689507238,6381594.258242618,False,False,False
3776,61,56,3010,2474264.7471140577,6366400.888505427,True,True,False
3777,61,57,3011,2471760.020548086,6351233.448867514,False,True,False
3778,61,58,3012,2469266.714919804,6336091.81042025,False,True,False
3779,61,59,3013,2467604.958843125,6322863.775113418,False,False,False
3789,62,7,3014,2620926.72191204,7136330.844870567,False,False,False
3790,62,8,3015,2621313.743614817,7123695.140841044,False,False,False
3791,62,9,3016,2622083.7540542646,7107334.705665323,False,False,False
3792,62,10,3017,2619811.733454957,7091260.895195982,False,False,False
3793,62,11,3018,2616656.660046992,7074768.104240372,True,True,False
3794,62,12,3019,2613517.3748573023,7058307.796521846,True,True,False
3795,62,13,3020,2610393.764824291,7041879.804718923,True,False,False
3796,62,14,3021,2607285.7179610822,7025483.962534624,False,False,False
3797,62,15,3022,2604193.123343007,7009120.104688396,True,True,False
3798,62,16,3023,2601115.8710952695,6992788.06690809,True,True,False
3799,62,17,3024,2598053.852380771,6976487.685922062,True,False,False
3800,62,18,3025,2595006.9593881117,6960218.799451253,True,False,False
3801,62,19,3026,2591975.085319748,6943981.246201415,True,False,False
3802,62,20,3027,2588958.124380316,6927774.865855353,True,True,False
3803,62,21,3028,2585955.9717651107,6911599.49906526,True,True,False
3804,62,22,3029,2582968.523648722,6895454.987445096,False,True,False
3805,62,23,3030,2579995.6771738273,6879341.17356303,False,True,False
3806,62,24,3031,2577037.3304401315,6863257.900933972,False,False,False
3807,62,25,3032,2574071.2640662193,6847201.676556848,False,False,False
3808,62,26,3033,2571163.733314994,6831182.358183683,True,False,False
3809,62,27,3034,2568248.283810655,6815189.779759425,True,False,False
3810,62,28,3035,2565346.9358006315,6799227.125967576,True,True,False
3811,62,29,3036,2562459.592009036,6783294.244946588,False,False,False
3812,62,30,3037,2559586.156053719,6767390.985738017,True,False,False
3813,62,31,3038,2556726.5324361995,6751517.198279476,True,False,False
3814,62,32,3039,2553880.6265317425,6735672.733397643,False,True,False
3815,62,33,3040,2551048.3445795593,6719857.4428013,False,False,False
3816,62,34,3041,2548229.593673147,6704071.179074482,False,False,False
3817,62,35,3042,2545424.2817507437,6688313.795669618,False,False,False
3818,62,36,3043,2542632.3175859256,6672585.146900806,True,False,False
3819,62,37,3044,2539853.610778311,6656885.087937061,True,True,False
3820,62,38,3045,2537088.0717443973,6641213.474795694,True,False,False
3821,62,39,3046,2534335.611708516,6625570.16433571,False,False,False
3822,62,40,3047,2531596.142693905,6609955.014251255,False,False,False
3823,62,41,3048,2528869.577513898,6594367.883065149,False,False,False
3824,62,42,3049,2526155.829763229,6578808.630122432,False,False,False
3825,62,43,3050,2523454.8138094503,6563277.115584007,True,False,False
3826,62,44,3051,2520766.444784459,6547773.200420313,False,True,False
3827,62,45,3052,2518090.638576143,6532296.746405049,False,True,False
3828,62,46,3053,2515427.3118201178,6516847.616108962,False,False,False
3829,62,47,3054,2512776.381891591,6501425.67289368,False,False,False
3830,62,48,3055,2510137.7668973156,6486030.780905602,True,True,False
3831,62,49,3056,2507511.3856676514,6470662.80506983,True,True,False
3832,62,50,3057,2504897.157748733,6455321.611084181,True,True,False
3833,62,51,3058,2502295.0033947346,6440007.065413197,False,False,False
3834,62,52,3059,2499704.8435602286,6424719.035282252,False,False,False
3835,62,53,3060,2497126.599892656,6409457.388671696,False,False,False
3836,62,54,3061,2494560.194724874,6394221.994311042,True,False,False
3837,62,55,3062,2492005.5510678156,6379012.721673197,True,False,False
3838,62,56,3063,2489462.592603233,6363829.440968756,True,False,False
3839,62,57,3064,2486931.2436765335,6348672.023140345,True,False,False
3840,62,58,3065,2484411.42928971,6333540.339856983,False,False,False
3841,62,59,3066,2482088.9645690024,6318606.440433928,False,False,False
3842,62,60,3067,2485250.7417097674,6309280.949753983,False,False,False
3853,63,9,3068,2631278.944052373,7099806.295005875,False,False,False
3854,63,10,3069,2632392.5291316514,7087249.000459385,False,True,False
3855,63,11,3070,2632833.778284701,7071436.749595332,True,True,False
3856,63,12,3071,2629998.2489896286,7055187.050095443,False,True,False
3857,63,13,3072,2626842.369838292,7038772.8163401205,False,False,False
3858,63,14,3073,2623702.201262894,7022390.632160307,False,False,False
3859,63,15,3074,2620577.631423355,7006040.333217664,True,True,False
3860,63,16,3075,2617468.5495365323,6989721.75617133,False,True,False
3861,63,17,3076,2614374.8458639905,6973434.738670119,False,False,False
3862,63,18,3077,2611296.411699941,6957179.119344808,False,False,False
3863,63,19,3078,2608233.139359342,6940954.7378004575,False,False,False
3864,63,20,3079,2605184.922166166,6924761.4346088255,False,False,False
3865,63,21,3080,2602151.6544418205,6908599.051300825,True,True,False
3866,63,22,3081,2599133.23149373,6892467.430359058,True,True,False
3867,63,23,3082,2596091.6459529833,6876419.900662979,False,False,False
3868,63,24,3083,2590465.044933801,6862574.936823427,False,False,False
3869,63,25,3084,2584387.6087429747,6852086.9698423995,False,False,False
3869,63,25,3085,2587213.5231465776,6839998.1883181995,False,False,False
3870,63,26,3086,2587205.927496304,6828245.45280164,False,False,False
3871,63,27,3087,2584260.1917712423,6812265.313723314,True,False,False
3872,63,28,3088,2581328.692752937,6796315.011481217,False,True,False
3873,63,29,3089,2578411.3323438247,6780394.395015538,False,False,False
3874,63,30,3090,2575508.013346361,6764503.3141605295,True,False,False
3875,63,31,3091,2572618.6394529003,6748641.619637551,False,False,False
3876,63,32,3092,2569743.115235719,6732809.163048213,False,False,False
3877,63,33,3093,2566881.3461371646,6717005.796867559,False,False,False
3878,63,34,3094,2564033.238459944,6701231.374437268,False,False,False
3879,63,35,3095,2561198.6993575282,6685485.749958966,False,False,False
3880,63,36,3096,2558377.636824694,6669768.778487579,True,False,False
3881,63,37,3097,2555569.9596881843,6654080.315924717,True,True,False
3882,63,38,3098,2552775.57759749,6638420.21901214,True,True,False
3883,63,39,3099,2549994.401015759,6622788.345325265,False,False,False
3884,63,40,3100,2547226.341210815,6607184.553266725,False,False,False
3885,63,41,3101,2544471.3102463023,6591608.702060001,False,False,False
3886,63,42,3102,2541729.2209729403,6576060.651743076,True,False,False
3887,63,43,3103,2538999.9870198923,6560540.263162174,True,False,False
3888,63,44,3104,2536283.522786247,6545047.397965532,False,True,False
3889,63,45,3105,2533579.743432615,6529581.918597205,False,False,False
3890,63,46,3106,2530888.5648728213,6514143.688290994,False,False,False
3891,63,47,3107,2528209.9037657203,6498732.571064327,False,False,False
3892,63,48,3108,2525543.6775071034,6483348.431712258,False,False,False
3893,63,49,3109,2522889.80422172,6467991.135801514,True,False,False
3894,63,50,3110,2520248.202755394,6452660.549664548,True,True,False
3895,63,51,3111,2517618.7926672427,6437356.540393683,True,False,False
3896,63,52,3112,2515001.494222002,6422078.975835298,False,False,False
3897,63,53,3113,2512396.228382436,6406827.724584041,True,False,False
3898,63,54,3114,2509802.9168018573,6391602.655977102,True,False,False
3899,63,55,3115,2507221.481816733,6376403.640088553,False,False,False
3900,63,56,3116,2504651.8464393867,6361230.547723702,True,False,False
3901,63,57,3117,2502093.934350794,6346083.250413527,True,False,False
3902,63,58,3118,2499547.669893472,6330961.620409108,False,False,False
3903,63,59,3119,2497012.9780644467,6315865.53067618,False,False,False
3904,63,60,3120,2496523.2958984612,6305657.117442911,False,False,False
3917,64,11,3121,2642480.18262607,7064907.21756171,False,False,False
3918,64,12,3122,2643671.165288438,7051316.699543586,False,False,False
3919,64,13,3123,2643242.1543665505,7035609.574628094,False,False,False
3920,64,14,3124,2640106.95188186,7019265.186047126,False,False,False
3921,64,15,3125,2636950.4942007875,7002928.573421838,True,True,False
3922,64,16,3126,2633809.6692313217,6986623.583715718,False,False,False
3923,64,17,3127,2630684.366343239,6970350.055504223,False,False,False
3924,64,18,3128,2627574.475945779,6954107.828334052,False,True,False
3925,64,19,3129,2624479.8894756963,6937896.742715639,False,True,False
3926,64,20,3130,2621400.4993854645,6921716.640115693,False,True,False
3927,64,21,3131,2618336.1991316443,6905567.36294981,False,True,False
3928,64,22,3132,2614710.6848334116,6890168.629666622,False,False,False
3929,64,23,3133,2608148.8913790043,6877628.329582711,False,False,False
3931,64,25,3134,2597529.7625534246,6835031.503221247,False,False,False
3932,64,26,3135,2602111.8948130864,6824047.840881815,False,False,False
3933,64,27,3136,2600261.4413965554,6809310.327066091,True,True,False
3934,64,28,3137,2597299.868753575,6793372.493755737,False,True,False
3935,64,29,3138,2594352.5684016077,6777464.258496008,False,False,False
3936,64,30,3139,2591419.4423357206,6761585.47191936,True,False,False
3937,64,31,3140,2588500.3934470015,6745735.985536382,False,False,False
3938,64,32,3141,2585595.325512534,6729915.65172906,False,False,False
3939,64,33,3142,2582704.1431854935,6714124.323744048,False,False,False
3940,64,34,3143,2579826.751985385,6698361.85568603,True,False,False
3941,64,35,3144,2576963.0582884015,6682628.10251112,True,False,False
3942,64,36,3145,2574112.9693179135,6666922.920020324,True,False,False
3943,64,37,3146,2571276.39313508,6651246.164853035,True,True,False
3944,64,38,3147,2568453.2386295856,6635597.694480625,True,True,False
3945,64,39,3148,2565643.4155104966,6619977.367200036,True,False,False
3946,64,40,3149,2562846.834297235,6604385.042127471,False,False,False
3947,64,41,3150,2560063.406310675,6588820.579192097,False,False,False
3948,64,42,3151,2557293.043664352,6573283.839129829,True,True,False
3949,64,43,3152,2554535.6592557817,6557774.68347715,False,True,False
3950,64,44,3153,2551791.166757898,6542292.974564995,False,True,False
3951,64,45,3154,2549059.4806106016,6526838.575512655,False,False,False
3952,64,46,3155,2546340.5160124097,6511411.350221786,False,False,False
3953,64,47,3156,2543634.188912223,6496011.163370397,False,False,False
3954,64,48,3157,2540940.41600119,6480637.880406951,False,False,False
3955,64,49,3158,2538259.1147046825,6465291.367544477,False,False,False
3956,64,50,3159,2535590.2031743713,6449971.4917547405,True,True,False
3957,64,51,3160,2532933.600280397,6434678.1207624655,True,True,False
3958,64,52,3161,2530289.225603654,6419411.123039604,True,True,False
3959,64,53,3162,2527656.999428158,6404170.367799642,True,True,False
3960,64,54,3163,2525036.8427335224,6388955.724991966,False,False,False
3961,64,55,3164,2522087.0206978964,6374192.642047429,False,False,False
3962,64,56,3165,2519056.576162411,6358280.137067229,True,False,False
3963,64,57,3166,2517248.0096093887,6343467.181577864,True,False,False
3964,64,58,3167,2514675.3542880258,6328355.702516382,False,False,False
3965,64,59,3168,2512114.383522614,6313269.696478446,False,False,False
3966,64,60,3169,2510678.613524349,6301082.711287356,False,False,False
3981,65,13,3170,2653597.0156173385,7030147.353999424,False,False,False
3982,65,14,3171,2654703.215808663,7015550.475809447,False,False,False
3983,65,15,3172,2653299.656400986,6999777.305847072,True,True,False
3984,65,16,3173,2650139.1228512903,6983493.6245598355,False,False,False
3985,65,17,3174,2646982.3071904844,6967233.7107247505,False,True,False
3986,65,18,3175,2643841.0461925683,6951005.000009467,False,True,False
3987,65,19,3176,2640715.230425423,6934807.33383573,False,False,False
3988,65,20,3177,2637604.751479233,6918640.554571101,False,False,False
3989,65,21,3178,2632705.9335287856,6904282.822742415,False,False,False
3990,65,22,3179,2626189.6890516533,6893158.712240964,False,False,False
3994,65,26,3180,2615458.618551192,6817648.389248363,True,False,False
3995,65,27,3181,2616249.699044963,6806323.349904474,True,True,False
3996,65,28,3182,2613260.364534726,6790399.639715256,False,True,False
3997,65,29,3183,2610283.201553581,6774503.9016864505,False,False,False
3998,65,30,3184,2607320.345027172,6758637.524694362,True,False,False
3999,65,31,3185,2604371.6970532625,6742800.361044189,False,False,False
4000,65,32,3186,2601437.1606215765,6726992.263903618,False,False,False
4001,65,33,3187,2598516.639603848,6711213.0872962205,True,False,False
4002,65,34,3188,2595610.038744011,6695462.686094919,True,False,False
4003,65,35,3189,2592717.263648509,6679740.916015528,False,False,False
4004,65,36,3190,2589838.2207767344,6664047.633610282,False,False,False
4005,65,37,3191,2586972.8174315975,6648382.696261492,True,True,False
4006,65,38,3192,2584120.9617502117,6632745.962175211,False,True,False
4007,65,39,3193,2581282.562694703,6617137.290374937,True,True,False
4008,65,40,3194,2578457.5300431433,6601556.540695428,True,True,False
4009,65,41,3195,2575645.774380594,6586003.573776495,True,True,False
4010,65,42,3196,2572847.2070902693,6570478.25105688,True,True,False
4011,65,43,3197,2570061.740344819,6554980.434768203,False,False,False
4012,65,44,3198,2567289.2870977125,6539509.9879289195,False,True,False
4013,65,45,3199,2564529.7610747437,6524066.774338343,False,True,False
4014,65,46,3200,2561783.076765641,6508650.6585707255,False,False,False
4015,65,47,3201,2559049.149415786,6493261.505969372,False,False,False
4016,65,48,3202,2556327.8950180383,6477899.182640808,False,False,False
4017,65,49,3203,2553619.2303046635,6462563.555448999,False,True,False
4018,65,50,3204,2550923.0727393674,6447254.492009612,True,True,False
4019,65,51,3205,2548239.3405094286,6431971.860684323,True,True,False
4020,65,52,3206,2545567.9525179327,6416715.530575161,True,True,False
4021,65,53,3207,2542908.8283761055,6401485.371518933,True,True,False
4022,65,54,3208,2538707.1882796795,6387751.347933887,True,True,False
4023,65,55,3209,2532789.7286470663,6376788.114892197,True,False,False
4024,65,56,3210,2526906.4471477964,6351014.6828921195,False,False,False
4025,65,57,3211,2527158.982050485,6340071.384841827,False,False,False
4026,65,58,3212,2527499.0823677867,6325395.481777345,False,False,False
4027,65,59,3213,2527079.144442998,6310568.90585026,False,False,False
4028,65,60,3214,2525179.9619996543,6296377.961007713,False,False,False
4029,65,61,3215,2530433.446754159,6286719.638712874,False,False,False
4045,66,15,3216,2662072.0553591656,6994703.0978565095,False,False,False
4046,66,16,3217,2661081.4479864263,6980372.105280863,False,False,False
4047,66,17,3218,2659964.359596011,6964142.121827633,False,True,False
4048,66,18,3219,2658838.0063410453,6947702.381733115,False,False,False
4049,66,19,3220,2656672.119709937,6932019.421773141,False,False,False
4050,66,20,3221,2650237.0406642756,6918726.2719544815,False,False,False
4051,66,21,3222,2644303.802840421,6908676.123187656,False,False,False
4057,66,27,3223,2629896.9922592747,6801866.125883554,True,True,False
4058,66,28,3224,2628878.0180240152,6787272.80309598,False,False,False
4059,66,29,3225,2626203.1337229405,6771513.391429732,False,False,False
4060,66,30,3226,2623210.623971888,6755659.538705563,True,False,False
4061,66,31,3227,2620232.453446118,6739834.811765156,False,False,False
4062,66,32,3228,2617268.52435587,6724039.06456714,True,False,False
4063,66,33,3229,2614318.7397992075,6708272.151917206,True,False,False
4064,66,34,3230,2611383.00375216,6692533.929461677,False,False,False
4065,66,35,3231,2608461.2210589875,6676824.253681167,False,False,False
4066,66,36,3232,2605553.2974225758,6661142.981884228,False,False,False
4067,66,37,3233,2602659.1393949524,6645489.972201114,True,True,False
4068,66,38,3234,2599778.6543679344,6629865.0835775435,False,False,False
4069,66,39,3235,2596911.7505638893,6614268.175768537,False,False,False
4070,66,40,3236,2594058.337026621,6598699.109332299,False,False,False
4071,66,41,3237,2591218.3236123733,6583157.745624153,True,True,False
4072,66,42,3238,2588391.620980945,6567643.946790511,True,True,False
4073,66,43,3239,2585578.1405869303,6552157.575762907,False,False,False
4074,66,44,3240,2582777.79467106,6536698.496252063,False,False,False
4075,66,45,3241,2579990.496251663,6521266.572742027,False,True,False
4076,66,46,3242,2577216.1591162314,6505861.67048432,False,False,False
4077,66,47,3243,2574454.6978130983,6490483.6554921735,False,False,False
4078,66,48,3244,2571706.027643219,6475132.3945347695,False,True,False
4079,66,49,3245,2568970.064652061,6459807.755131567,False,True,False
4080,66,50,3246,2566246.7256215895,6444509.60554665,True,False,False
4081,66,51,3247,2563535.928062366,6429237.814783114,True,False,False
4082,66,52,3248,2560536.115490925,6414375.396846066,True,True,False
4083,66,53,3249,2554643.539085172,6401631.774849411,False,False,False
4084,66,54,3250,2549416.319132839,6392043.6756936265,False,False,False
4089,66,59,3251,2535479.4859049134,6305146.55669549,False,False,False
4090,66,60,3252,2535762.5070114695,6292587.087848966,False,False,False
4091,66,61,3253,2537521.1220912347,6284327.523717362,False,False,False
4111,67,19,3254,2665836.369781489,6931269.29163159,False,False,False
4120,67,28,3255,2636328.029007563,6779670.140555171,False,False,False
4121,67,29,3256,2635185.702977816,6768177.8465560265,False,False,False
4122,67,30,3257,2633675.538902771,6752937.278753976,False,False,False
4123,67,31,3258,2632113.139826662,6737111.9529702235,False,False,False
4124,67,32,3259,2630546.3773252736,6721183.055143733,True,False,False
4125,67,33,3260,2628983.4950721883,6705233.8076097,False,True,False
4126,67,34,3261,2627082.182998178,6689540.1627956135,False,True,False
4127,67,35,3262,2624194.8366605276,6673878.179231471,False,True,False
4128,67,36,3263,2621258.105990648,6658209.027979428,False,True,False
4129,67,37,3264,2618335.266350472,6642568.055229492,True,True,False
4130,67,38,3265,2615426.224393828,6626955.120671956,False,False,False
4131,67,39,3266,2612530.8876105384,6611370.0847982215,False,False,False
4132,67,40,3267,2609649.1643172624,6595812.8088947795,False,False,False
4133,67,41,3268,2606780.9636484524,6580283.155037245,True,True,False
4134,67,42,3269,2603926.1955474326,6564780.986084444,True,True,False
4135,67,43,3270,2601084.770757592,6549306.165672538,True,False,False
4136,67,44,3271,2598256.60081368,6533858.558209189,True,False,False
4137,67,45,3272,2595441.598033234,6518438.028867806,False,True,False
4138,67,46,3273,2592639.675508099,6503044.44358178,False,False,False
4139,67,47,3274,2589850.7470960636,6487677.669038817,False,False,False
4140,67,48,3275,2587074.7274126,6472337.5726752905,False,True,False
4141,67,49,3276,2584311.5318227126,6457024.022670629,False,False,False
4142,67,50,3277,2581561.076432888,6441736.887941773,True,False,False
4143,67,51,3278,2577365.7955873827,6427899.267657904,False,False,False
4144,67,52,3279,2571332.773790237,6416824.241006863,True,True,False
4188,68,34,3280,2634916.438740302,6683858.853228937,False,False,False
4189,68,35,3281,2636511.5482695275,6668985.037976506,False,False,False
4190,68,36,3282,2636945.4784139167,6655241.031399225,True,True,False
4191,68,37,3283,2634001.1061350373,6639617.008405796,True,True,False
4192,68,38,3284,2631063.5802448816,6624016.135940533,False,False,False
4193,68,39,3285,2628139.882827488,6608443.079375353,False,False,False
4194,68,40,3286,2625229.9214795255,6592897.700729771,False,False,False
4195,68,41,3287,2622333.60462072,6577379.862804408,True,True,False
4196,68,42,3288,2619450.8414848917,6561889.429175169,False,False,False
4197,68,43,3289,2616581.542111104,6546426.264187465,False,False,False
4198,68,44,3290,2613725.617334924,6530990.23295051,True,False,False
4199,68,45,3291,2610882.978779804,6515581.201331617,True,True,False
4200,68,46,3292,2608053.53884856,6500199.035950571,True,False,False
4201,68,47,3293,2605237.210714973,6484843.604174036,False,True,False
4202,68,48,3294,2602433.9083154853,6469514.774110012,True,True,False
4203,68,49,3295,2599379.868115195,6454554.207227087,True,False,False
4204,68,50,3296,2593443.398411098,6441711.877919989,True,False,False
4205,68,51,3297,2588119.7431369615,6432067.287157817,False,False,False
4252,69,36,3298,2649235.063763956,6649990.894962683,True,True,False
4253,69,37,3299,2649645.980311053,6636629.730280051,False,False,False
4254,69,38,3300,2646690.630847354,6621048.192358163,False,False,False
4255,69,39,3301,2643738.645711258,6605487.221900356,False,False,False
4256,69,40,3302,2640800.518576036,6589953.846669548,False,False,False
4257,69,41,3303,2637876.157153785,6574447.930195987,True,True,False
4258,69,42,3304,2634965.469975825,6558969.33677724,False,False,False
4259,69,43,3305,2632068.366383811,6543517.931472534,False,False,False
4260,69,44,3306,2629184.7565209535,6528093.580097126,False,False,False
4261,69,45,3307,2626314.5513233556,6512696.1492167255,False,True,False
4262,69,46,3308,2623457.6625114633,6497325.506141956,True,True,False
4263,69,47,3309,2620614.0025816145,6481981.518922853,True,True,False
4264,69,48,3310,2616418.89013536,6468038.651799146,True,False,False
4265,69,49,3311,2610272.489176893,6456852.22334358,True,False,False
4315,70,37,3312,2661849.023917022,6631337.608538023,False,False,False
4316,70,38,3313,2662292.514119243,6618041.3886378845,False,False,False
4317,70,39,3314,2659327.086265319,6602502.575257831,False,False,False
4318,70,40,3315,2656360.8661708296,6586981.309026921,True,True,False
4319,70,41,3316,2653408.5323681976,6571487.418959252,True,True,False
4320,70,42,3317,2650469.9926932803,6556020.770078566,False,False,False
4321,70,43,3318,2647545.155797271,6540581.228162366,False,False,False
4322,70,44,3319,2644633.93113788,6525168.659736404,False,False,False
4323,70,45,3320,2641736.2289706357,6509782.932069183,True,True,False
4324,70,46,3321,2638623.6493011517,6494725.729485538,True,True,False
4325,70,47,3322,2632647.9866417544,6481789.345606251,True,True,False
4326,70,48,3323,2627221.903191041,6472081.156724072,False,False,False
4378,71,38,3324,2674410.024895236,6612708.1812762,False,False,False
4379,71,39,3325,2674885.499672501,6599476.013204178,True,True,False
4380,71,40,3326,2671910.875332539,6583980.150590361,True,True,False
4381,71,41,3327,2668930.6418836094,6568498.391313595,False,False,False
4382,71,42,3328,2665964.3218039814,6553043.790735649,False,False,False
4383,71,43,3329,2663011.8230613624,6537616.2153567085,False,False,False
4384,71,44,3330,2660073.054434852,6522215.532417367,False,True,False
4385,71,45,3331,2655872.145558399,6508166.031480789,True,True,False
4386,71,46,3332,2649614.2292781114,6496868.370460157,False,False,False
4441,72,39,3333,2685012.9157379875,6595539.113113116,True,True,False
4442,72,40,3334,2682860.7231192486,6581707.700974163,False,False,False
4443,72,41,3335,2680199.033943712,6566182.260011664,False,False,False
4444,72,42,3336,2677549.7332197293,6550682.144770859,False,False,False
4445,72,43,3337,2674912.8331437223,6535207.765558585,False,False,False
4446,72,44,3338,2671721.4515046864,6521608.423938822,False,True,False
4447,72,45,3339,2666728.1632156484,6512081.530042683,True,False,False
