id,xIndex,yIndex,AUTO,xcoord,ycoord,BOOL_ROAD,BOOL_RAILWAY,BOOL_WATERCOURSE
23,1,23,1,1589405.5909448308,7185346.177945557,False,False,False
24,1,24,2,1587225.5201073156,7180694.842096147,False,False,False
25,1,25,3,1587376.8904192827,7172442.878727417,False,False,False
26,1,26,4,1587666.9697047651,7164042.683653296,False,False,False
27,1,27,5,1587945.2819046574,7155981.0836582715,True,True,False
28,1,28,6,1588154.287705878,7149925.63152127,False,False,False
51,1,51,7,1576155.3706493124,6951510.791920694,False,False,False
52,1,52,8,1574616.8357008472,6945370.585156599,False,False,False
53,1,53,9,1574057.125310822,6941049.995207831,False,False,False
147,2,23,10,1595593.086962098,7186371.87619077,False,False,False
148,2,24,11,1594408.0857504923,7180302.434280546,False,False,False
149,2,25,12,1593893.5634364353,7171804.435229784,False,False,False
150,2,26,13,1593380.3704167078,7163315.544592275,False,False,False
151,2,27,14,1592868.5017023394,7154835.736468817,True,True,False
152,2,28,15,1592535.1103534196,7146458.448521764,True,False,False
153,2,29,16,1592776.1201717267,7138019.812685888,False,False,False
154,2,30,17,1593062.967382077,7129574.6556580495,False,False,False
155,2,31,18,1593347.6673211884,7121190.639096917,False,False,False
156,2,32,19,1593625.4740046435,7113007.636104939,False,False,False
157,2,33,20,1593849.8088918943,7106398.2634262955,False,False,False
172,2,48,21,1586195.7180215928,6974787.162004888,False,False,False
173,2,49,22,1584801.8853575932,6969255.736812503,False,False,False
174,2,50,23,1582909.5265372063,6961738.7755066715,False,False,False
175,2,51,24,1581136.3631972156,6953834.008870241,False,False,False
176,2,52,25,1580488.0908515963,6945718.491149212,False,False,False
177,2,53,26,1580629.9385811067,6939521.821520248,False,False,False
270,3,22,27,1607462.3014082704,7192538.496915589,False,False,False
271,3,23,28,1603732.23187887,7187681.171638195,False,False,False
272,3,24,29,1602891.4525339429,7179789.37264503,False,False,False
273,3,25,30,1602367.9156486706,7171292.552035792,False,False,False
274,3,26,31,1601845.7311563725,7162804.835335386,False,False,False
275,3,27,32,1601324.8939823902,7154326.196667256,True,True,False
276,3,28,33,1600805.3990776713,7145856.610249538,True,False,False
277,3,29,34,1600287.2414186138,7137396.050394572,False,False,False
278,3,30,35,1599770.4160069027,7128944.491508446,False,False,False
279,3,31,36,1599254.9178693525,7120501.908090508,False,False,False
280,3,32,37,1598740.7420577519,7112068.274732913,False,False,False
281,3,33,38,1598287.2589548451,7103684.539616242,False,False,False
282,3,34,39,1598413.3512901457,7095345.611478084,False,False,False
283,3,35,40,1598694.1684192223,7086937.812454733,False,False,False
284,3,36,41,1598973.3188790637,7078578.0856177015,False,False,False
285,3,37,42,1599248.0092496418,7070350.158220836,True,False,False
286,3,38,43,1599489.8367792454,7063105.145941068,True,True,False
294,3,46,44,1594908.9869442747,6992643.389224618,False,False,False
295,3,47,45,1593212.9565714526,6985944.429052392,True,False,False
296,3,48,46,1591218.9905671417,6978000.021590205,False,False,False
297,3,49,47,1590197.392196663,6970041.687013153,False,False,False
298,3,50,48,1589706.199667106,6961764.913072164,False,False,False
299,3,51,49,1589216.2399917461,6953496.62347387,False,False,False
300,3,52,50,1588727.5086905821,6945236.79457261,False,False,False
301,3,53,51,1588570.3309147176,6937665.893884378,False,False,False
394,4,22,52,1613330.1544289568,7193497.690487317,False,False,False
395,4,23,53,1611907.7230189084,7187772.140096656,False,False,False
396,4,24,54,1611373.7949235057,7179267.392941425,False,False,False
397,4,25,55,1610841.2474858416,7170771.77106249,False,False,False
398,4,26,56,1610310.0755194968,7162285.248511307,False,False,False
399,4,27,57,1609780.2738642523,7153807.799434339,True,True,False
400,4,28,58,1609251.8373859217,7145339.398072599,True,False,False
401,4,29,59,1608724.760976189,7136880.0187611645,False,False,False
402,4,30,60,1608199.0395524476,7128429.635928715,False,False,False
403,4,31,61,1607674.6680576368,7119988.224097049,False,False,False
404,4,32,62,1607151.6414600853,7111555.757880635,False,False,False
405,4,33,63,1606629.9547533502,7103132.211986133,False,False,False
406,4,34,64,1606109.6029560622,7094717.561211947,False,False,False
407,4,35,65,1605590.581111766,7086311.780447756,False,False,False
408,4,36,66,1605072.8842887692,7077914.844674065,False,False,False
409,4,37,67,1604556.5075799862,7069526.728961758,True,False,False
410,4,38,68,1604045.5775477185,7061150.868499082,True,True,False
411,4,39,69,1603996.7242150372,7052897.648813341,False,False,False
412,4,40,70,1604271.6012096459,7044528.219294199,True,True,False
413,4,41,71,1604545.146258509,7036197.769411239,True,False,False
414,4,42,72,1604815.6003637144,7027959.918181851,True,False,False
415,4,43,73,1605047.1992802916,7019851.300382046,False,False,False
416,4,44,74,1603552.465123169,7010098.3414743,True,False,False
417,4,45,75,1601568.3632695072,7002298.117867213,True,False,False
418,4,46,76,1600012.4540207651,6994381.525253622,False,False,False
419,4,47,77,1599464.2845071778,6986125.254533585,True,False,False
420,4,48,78,1598962.1120742713,6977832.5395768965,True,False,False
421,4,49,79,1598461.2027354876,6969548.3524203915,False,False,False
422,4,50,80,1597961.5518901506,6961272.669269892,False,False,False
423,4,51,81,1597463.1549601562,6953005.466415531,False,False,False
424,4,52,82,1596966.007389831,6944746.720231371,False,False,False
425,4,53,83,1596470.5765336808,6936496.8312216215,False,False,False
426,4,54,84,1597607.0925865849,6931363.880868903,False,False,False
518,5,22,85,1621307.118995998,7194794.558938922,False,False,False
519,5,23,86,1620398.0531543933,7187240.022175544,False,False,False
520,5,24,87,1619855.095449626,7178736.498702434,False,False,False
521,5,25,88,1619313.541546163,7170242.095824437,False,False,False
522,5,26,89,1618773.386171729,7161756.787616556,False,False,False
523,5,27,90,1618234.6240806726,7153280.548248653,False,True,False
524,5,28,91,1617697.2500538023,7144813.351984997,True,True,False
525,5,29,92,1617161.2588982175,7136355.17318378,False,False,False
526,5,30,93,1616626.6454471457,7127905.986296637,False,False,False
527,5,31,94,1616093.4045597794,7119465.765868194,False,False,False
528,5,32,95,1615561.5311211108,7111034.486535597,False,False,False
529,5,33,96,1615031.0200417747,7102612.123028039,False,True,False
530,5,34,97,1614501.8662578876,7094198.650166321,False,True,False
531,5,35,98,1613974.064730887,7085794.042862376,False,True,False
532,5,36,99,1613447.6104473763,7077398.276118832,False,False,False
533,5,37,100,1612922.4984189682,7069011.325028543,False,True,False
534,5,38,101,1612398.7236821281,7060633.164774155,True,True,False
535,5,39,102,1611876.2812980232,7052263.770627659,True,True,False
536,5,40,103,1611355.1663523663,7043903.117949947,True,True,False
537,5,41,104,1610835.3739552659,7035551.182190356,True,True,False
538,5,42,105,1610316.8992410759,7027207.938886259,True,True,False
539,5,43,106,1609799.737368246,7018873.363662608,True,True,False
540,5,44,107,1609283.8835191727,7010547.432231511,True,True,False
541,5,45,108,1608769.3329000531,7002230.1203918,True,True,False
542,5,46,109,1608256.0807407373,6993921.404028603,True,True,False
543,5,47,110,1607744.1222945845,6985621.2591129225,True,True,False
544,5,48,111,1607233.45283832,6977329.661701209,True,True,False
545,5,49,112,1606724.0676718892,6969046.587934951,True,True,False
546,5,50,113,1606215.9621183195,6960772.014040242,True,True,False
547,5,51,114,1605709.131523576,6952505.916327388,False,True,False
548,5,52,115,1605203.5712564238,6944248.27119047,False,False,False
549,5,53,116,1604699.2767082881,6935999.055106952,False,False,False
550,5,54,117,1604779.3381462782,6929672.065791005,False,False,False
641,6,21,118,1631304.7878722607,7200623.389864871,False,False,False
642,6,22,119,1629441.5882995934,7195209.409695989,False,False,False
643,6,23,120,1628887.3197977361,7186698.972981791,False,False,False
644,6,24,121,1628335.3366589716,7178196.693519789,False,False,False
645,6,25,122,1627784.7804439715,7169703.5298949,False,False,False
646,6,26,123,1627235.6457947353,7161219.456206053,False,False,False
647,6,27,124,1626687.9273803143,7152744.446646896,False,False,False
648,6,28,125,1626141.6198966412,7144278.475505326,True,True,False
649,6,29,126,1625596.7180663617,7135821.51716301,False,False,False
650,6,30,127,1625053.2166386673,7127373.546094928,False,False,False
651,6,31,128,1624511.1103891288,7118934.536868893,False,False,False
652,6,32,129,1623970.394119533,7110504.464145089,False,False,False
653,6,33,130,1623431.0626577171,7102083.302675615,False,False,False
654,6,34,131,1622893.1108574085,7093671.027304028,False,True,False
655,6,35,132,1622356.5335980617,7085267.612964878,False,True,False
656,6,36,133,1621821.3257847,7076873.034683262,False,True,False
657,6,37,134,1621287.4823477566,7068487.2675743755,False,True,False
658,6,38,135,1620754.998242916,7060110.286843063,True,True,False
659,6,39,136,1620223.8684509592,7051742.06778337,True,True,False
660,6,40,137,1619694.0879776075,7043382.585778104,True,True,False
661,6,41,138,1619165.6518533675,7035031.816298399,True,True,False
662,6,42,139,1618638.5551333814,7026689.734903275,False,False,False
663,6,43,140,1618112.7928972717,7018356.3172392035,False,False,False
664,6,44,141,1617588.360248993,7010031.539039674,False,False,False
665,6,45,142,1617065.252316681,7001715.376124779,False,False,False
666,6,46,143,1616543.464252505,6993407.804400767,False,False,False
667,6,47,144,1616022.9912325207,6985108.799859634,False,False,False
668,6,48,145,1615503.8284565217,6976818.338578695,True,False,False
669,6,49,146,1614985.9711478981,6968536.396720178,False,False,False
670,6,50,147,1614469.4145534895,6960262.9505307805,True,False,False
671,6,51,148,1613954.1539434423,6951997.976341299,True,True,False
672,6,52,149,1613440.1846110688,6943741.450566166,True,True,False
673,6,53,150,1612927.5018727053,6935493.349703089,True,True,False
674,6,54,151,1612723.1757101496,6927795.4796024775,False,False,False
675,6,55,152,1616052.3193434454,6922821.862415689,False,False,False
765,7,21,153,1638897.8133084744,7201840.46779679,False,False,False
766,7,22,154,1637937.9652697034,7194659.148299866,False,False,False
767,7,23,155,1637375.5054441914,7186148.996184882,False,False,False
768,7,24,156,1636814.5011146986,7177647.981044113,False,False,False
769,7,25,157,1636254.9468099854,7169156.076905757,False,False,False
770,7,26,158,1635696.8370864633,7160673.257893047,False,False,False
771,7,27,159,1635140.166528019,7152199.498223794,False,False,False
772,7,28,160,1634584.929745843,7143734.772209901,True,True,False
773,7,29,161,1634031.1213782588,7135279.054256893,False,False,False
774,7,30,162,1633478.7360905546,7126832.3188634515,False,False,False
775,7,31,163,1632927.76857481,7118394.5406209435,False,False,False
776,7,32,164,1632378.2135497332,7109965.69421297,False,False,False
777,7,33,165,1631830.0657604937,7101545.754414891,False,False,False
778,7,34,166,1631283.319978557,7093134.69609338,False,False,False
779,7,35,167,1630737.9710015212,7084732.494205964,False,False,False
780,7,36,168,1630194.013652955,7076339.12380057,False,True,False
781,7,37,169,1629651.4427822365,7067954.560015082,False,True,False
782,7,38,170,1629110.2532643923,7059578.778076895,True,True,False
783,7,39,171,1628570.4399999403,7051211.753302461,True,True,False
784,7,40,172,1628031.9979147313,7042853.46109686,True,False,False
785,7,41,173,1627494.9219597927,7034503.876953362,True,False,False
786,7,42,174,1626959.2071111728,7026162.976452974,True,False,False
787,7,43,175,1626424.8483697877,7017830.735264036,False,False,False
788,7,44,176,1625891.8407612676,7009507.12914176,False,False,False
789,7,45,177,1625360.1793358042,7001192.133927828,False,False,False
790,7,46,178,1624829.8591680026,6992885.725549947,False,False,False
791,7,47,179,1624300.8753567287,6984587.880021446,False,False,False
792,7,48,180,1623773.223024963,6976298.573440833,True,False,False
793,7,49,181,1623246.8973196507,6968017.781991397,False,False,False
794,7,50,182,1622721.8934115581,6959745.481940787,False,False,False
795,7,51,183,1622198.2064951253,6951481.649640597,False,False,False
796,7,52,184,1621675.8317883231,6943226.26152595,False,False,False
797,7,53,185,1621154.7645325093,6934979.2941151075,True,True,False
798,7,54,186,1620634.999992287,6926740.724009046,True,True,False
799,7,55,187,1622194.8554594987,6919246.699023583,False,True,False
800,7,56,188,1622470.1084290782,6910107.474136795,False,False,False
801,7,57,189,1621950.427618185,6901894.408595897,True,True,False
802,7,58,190,1621432.039778673,6893689.64588167,False,False,False
803,7,59,191,1620914.940257149,6885493.163011086,False,False,False
804,7,60,192,1620399.124422779,6877304.937081407,False,False,False
805,7,61,193,1619884.587667168,6869124.945269808,False,False,False
806,7,62,194,1619371.325404212,6860953.16483297,True,True,False
807,7,63,195,1619026.8830255426,6854494.920131803,True,True,False
888,8,20,196,1649435.161604513,7207734.37763317,False,False,False
889,8,21,197,1647048.0183094018,7202565.316710763,False,False,False
890,8,22,198,1646434.0924761614,7194098.958080143,False,False,False
891,8,23,199,1645862.5926058716,7185590.09551345,False,False,False
892,8,24,200,1645292.5713967136,7177090.364984857,False,False,False
893,8,25,201,1644724.0232915701,7168599.740547393,False,False,False
894,8,26,202,1644156.9427614005,7160118.196348995,False,True,False
895,8,27,203,1643591.3243050638,7151645.7066319985,False,False,False
896,8,28,204,1643027.1624491445,7143182.245732688,True,True,False
897,8,29,205,1642464.4517477783,7134727.788080813,True,False,False
898,8,30,206,1641903.1867824802,7126282.308199132,True,False,False
899,8,31,207,1641343.3621619737,7117845.780702937,True,False,False
900,8,32,208,1640784.9725220196,7109418.1802996015,False,False,False
901,8,33,209,1640228.0125252495,7100999.481788107,False,False,False
902,8,34,210,1639672.4768609959,7092589.660058618,False,False,False
903,8,35,211,1639118.3602451293,7084188.6900919825,False,False,False
904,8,36,212,1638565.6574198906,7075796.54695932,False,False,False
905,8,37,213,1638014.363153729,7067413.20582156,False,True,False
906,8,38,214,1637464.47224114,7059038.641928991,True,True,False
907,8,39,215,1636915.9795025021,7050672.83062083,True,False,False
908,8,40,216,1636368.87978392,7042315.747324775,False,False,False
909,8,41,217,1635823.167957063,7033967.367556563,False,False,False
910,8,42,218,1635278.838919009,7025627.6669195555,True,False,False
911,8,43,219,1634735.8875920877,7017296.621104281,True,False,False
912,8,44,220,1634194.3089237243,7008974.205888024,True,False,False
913,8,45,221,1633654.0978862878,7000660.397134391,False,False,False
914,8,46,222,1633115.249476936,6992355.170792886,False,False,False
915,8,47,223,1632577.7587174624,6984058.502898494,False,False,False
916,8,48,224,1632041.6206541497,6975770.369571253,True,False,False
917,8,49,225,1631506.8303576163,6967490.747015856,False,False,False
918,8,50,226,1630973.3829226685,6959219.611521199,False,False,False
919,8,51,227,1630441.2734681547,6950956.939460018,False,False,False
920,8,52,228,1629910.4971368168,6942702.70728845,False,False,False
921,8,53,229,1629381.0490951468,6934456.891545626,False,False,False
922,8,54,230,1628852.9245332412,6926219.468853278,True,False,False
923,8,55,231,1628326.1186646575,6917990.415915332,True,True,False
924,8,56,232,1627800.6267262737,6909769.709517501,True,True,False
925,8,57,233,1627276.443978146,6901557.326526914,True,True,False
926,8,58,234,1626753.5657033683,6893353.243891679,True,True,False
927,8,59,235,1626231.9872079347,6885157.438640532,True,False,False
928,8,60,236,1625711.703820599,6876969.887882424,False,False,False
929,8,61,237,1625192.7108927395,6868790.568806134,True,False,False
930,8,62,238,1624675.0037982222,6860619.45867989,True,True,False
931,8,63,239,1624456.1286481563,6852794.227359506,False,True,False
932,8,64,240,1626840.2820480398,6847571.816671282,False,False,False
1012,9,20,241,1656538.7469649867,7208856.664480453,False,False,False
1013,9,21,242,1655511.1423156583,7202046.533137407,False,False,False
1014,9,22,243,1654929.0993260718,7193529.827425229,False,False,False
1015,9,23,244,1654348.5638120107,7185022.274755141,False,False,False
1016,9,24,245,1653769.5301019377,7176523.849110191,False,False,False
1017,9,25,246,1653191.992552997,7168034.524568646,False,False,False
1018,9,26,247,1652615.9455508355,7159554.275303503,False,True,False
1019,9,27,248,1652041.3835094227,7151083.075582006,False,True,False
1020,9,28,249,1651468.3008708737,7142620.899765193,False,True,False
1021,9,29,250,1650896.6921052733,7134167.722307411,False,True,False
1022,9,30,251,1650326.5517104997,7125723.517755868,False,True,False
1023,9,31,252,1649757.8742120527,7117288.260750138,True,False,False
1024,9,32,253,1649190.65416288,7108861.926021731,True,False,False
1025,9,33,254,1648624.8861432064,7100444.488393629,True,True,False
1026,9,34,255,1648060.5647603646,7092035.922779815,True,True,False
1027,9,35,256,1647497.684648626,7083636.204184843,True,True,False
1028,9,36,257,1646936.2404690336,7075245.30770337,True,True,False
1029,9,37,258,1646376.226909237,7066863.208519719,True,True,False
1030,9,38,259,1645817.6386833258,7058489.881907435,True,True,False
1031,9,39,260,1645260.4705316683,7050125.3032288365,True,True,False
1032,9,40,261,1644704.7172207462,7041769.447934591,False,False,False
1033,9,41,262,1644150.3735429966,7033422.291563257,False,False,False
1034,9,42,263,1643597.43431665,7025083.809740872,False,False,False
1035,9,43,264,1643045.8943855728,7016753.978180508,False,False,False
1036,9,44,265,1642495.748619108,7008432.772681859,True,False,False
1037,9,45,266,1641946.9919119207,7000120.169130789,True,False,False
1038,9,46,267,1641399.6191838414,6991816.14349893,False,False,False
1039,9,47,268,1640853.6253797137,6983520.671843261,False,False,False
1040,9,48,269,1640309.0054692382,6975233.730305685,True,False,False
1041,9,49,270,1639765.7544468234,6966955.295112601,False,False,False
1042,9,50,271,1639223.8673314343,6958685.342574516,False,False,False
1043,9,51,272,1638683.3391664415,6950423.849085615,False,False,False
1044,9,52,273,1638144.1650194738,6942170.791123362,True,False,False
1045,9,53,274,1637606.3399822712,6933926.145248089,True,False,False
1046,9,54,275,1637069.859170536,6925689.888102598,True,False,False
1047,9,55,276,1636534.7177237908,6917461.99641175,True,True,False
1048,9,56,277,1636000.9108052314,6909242.446982089,True,True,False
1049,9,57,278,1635468.4336015857,6901031.216701413,True,False,False
1050,9,58,279,1634937.2813229687,6892828.282538406,True,True,False
1051,9,59,280,1634407.4492027455,6884633.621542229,True,True,False
1052,9,60,281,1633878.9324973861,6876447.210842163,True,False,False
1053,9,61,282,1633351.7264863309,6868269.027647167,True,False,False
1054,9,62,283,1632825.826471849,6860099.04924555,True,True,False
1055,9,63,284,1632301.227778904,6851937.253004547,True,False,False
1056,9,64,285,1632644.0482116607,6845520.874553704,False,False,False
1066,9,74,286,1630388.346894916,6758543.987928757,False,False,False
1067,9,75,287,1629935.827036178,6753162.483374388,True,True,False
1068,9,76,288,1629441.670093902,6747188.0123143215,True,False,False
1135,10,19,289,1667598.5281389584,7214810.419290179,False,False,False
1136,10,20,290,1664729.1345417867,7209818.857703752,False,False,False
1137,10,21,291,1664014.0656688607,7201467.130573321,False,False,False
1138,10,22,292,1663422.9682981418,7192951.760201586,False,False,False
1139,10,23,293,1662833.401609232,7184445.537756509,False,False,False
1140,10,24,294,1662245.3598445705,7175948.437246915,False,False,False
1141,10,25,295,1661658.837275707,7167460.432776665,False,False,False
1142,10,26,296,1661073.8282031168,7158981.498544199,False,False,False
1143,10,27,297,1660490.3269560211,7150511.608842057,False,False,False
1144,10,28,298,1659908.3278922045,7142050.738056388,False,False,False
1145,10,29,299,1659327.8253978388,7133598.860666511,False,False,False
1146,10,30,300,1658748.8138873037,7125155.951244439,False,True,False
1147,10,31,301,1658171.2878030108,7116721.984454407,False,True,False
1148,10,32,302,1657595.2416152293,7108296.93505243,False,True,False
1149,10,33,303,1657020.6698219127,7099880.777885836,True,True,False
1150,10,34,304,1656447.5669485256,7091473.487892802,True,True,False
1151,10,35,305,1655875.9275478742,7083075.040101923,False,True,False
1152,10,36,306,1655305.7461999345,7074685.409631762,False,False,False
1153,10,37,307,1654737.0175116851,7066304.571690392,False,False,False
1154,10,38,308,1654169.7361169418,7057932.501574953,False,False,False
1155,10,39,309,1653603.8966761876,7049569.174671219,True,True,False
1156,10,40,310,1653039.4938764113,7041214.5664531635,False,False,False
1157,10,41,311,1652476.522430943,7032868.652482521,False,False,False
1158,10,42,312,1651914.977079292,7024531.408408348,False,False,False
1159,10,43,313,1651354.8525869853,7016202.809966595,False,False,False
1160,10,44,314,1650796.1437454077,7007882.832979691,False,False,False
1161,10,45,315,1650238.8453716426,6999571.45335611,True,False,False
1162,10,46,316,1649682.9523083172,6991268.647089945,False,False,False
1163,10,47,317,1649128.4594234426,6982974.3902604915,False,False,False
1164,10,48,318,1648575.3616102594,6974688.659031846,True,False,False
1165,10,49,319,1648023.653787086,6966411.429652455,True,False,False
1166,10,50,320,1647473.3308971627,6958142.678454744,True,False,False
1167,10,51,321,1646924.3879085009,6949882.3818546785,True,False,False
1168,10,52,322,1646376.819813733,6941630.516351374,True,False,False
1169,10,53,323,1645830.6216299618,6933387.058526682,False,False,False
1170,10,54,324,1645285.7883986116,6925151.985044787,False,False,False
1171,10,55,325,1644742.315185283,6916925.272651816,False,True,False
1172,10,56,326,1644200.1970796036,6908706.898175426,False,False,False
1173,10,57,327,1643659.429195084,6900496.838524429,True,False,False
1174,10,58,328,1643120.0066689737,6892295.07068838,False,False,False
1175,10,59,329,1642581.9246621183,6884101.571737186,False,True,False
1176,10,60,330,1642045.1783588154,6875916.318820743,False,True,False
1177,10,61,331,1641509.7629666748,6867739.289168513,False,True,False
1178,10,62,332,1640975.6737164785,6859570.46008918,True,True,False
1179,10,63,333,1640442.9058620408,6851409.808970226,True,False,False
1180,10,64,334,1640042.5496826523,6843388.871224508,True,False,False
1181,10,65,335,1640942.4151194273,6834968.51974806,False,False,False
1182,10,66,336,1640248.0452097862,6826843.389906385,False,False,False
1183,10,67,337,1639553.867084633,6818728.7139060935,False,False,False
1184,10,68,338,1638861.2948773806,6810621.77526029,False,True,False
1185,10,69,339,1638170.3266016452,6802522.595913357,False,True,False
1186,10,70,340,1637480.959533961,6794431.189144777,False,True,False
1187,10,71,341,1636793.190395232,6786347.5616442105,True,True,False
1188,10,72,342,1636107.0154827926,6778271.715021991,True,False,False
1189,10,73,343,1635422.4307680437,6770203.6469263695,False,False,False
1190,10,74,344,1634739.686041166,6762143.561940615,False,False,False
1191,10,75,345,1634151.063710331,6754111.751449934,True,True,False
1192,10,76,346,1633713.7452558454,6746121.9599238755,True,True,False
1193,10,77,347,1635004.0444292035,6739081.327239686,True,False,False
1194,10,78,348,1636734.559432213,6733566.526025547,False,False,False
1259,11,19,349,1674240.3570380153,7215844.442202969,False,False,False
1260,11,20,350,1673117.5360111173,7209401.958421705,False,False,False
1261,11,21,351,1672515.829080893,7200878.77498092,False,False,False
1262,11,22,352,1671915.6818888425,7192364.760334806,False,False,False
1263,11,23,353,1671317.088561807,7183859.88842296,False,False,False
1264,11,24,354,1670720.0432563492,7175364.133280359,False,False,False
1265,11,25,355,1670124.5401585682,7166877.469036842,False,False,False
1266,11,26,356,1669530.573483912,7158399.869916669,False,False,False
1267,11,27,357,1668938.1374769942,7149931.310238036,False,False,False
1268,11,28,358,1668347.2264114122,7141471.764412588,False,False,False
1269,11,29,359,1667757.8345895647,7133021.2069449825,False,False,False
1270,11,30,360,1667169.9563424704,7124579.612432404,False,False,False
1271,11,31,361,1666583.5860295931,7116146.955564114,False,False,False
1272,11,32,362,1665998.71803866,7107723.211120986,False,False,False
1273,11,33,363,1665415.3467854895,7099308.353975053,True,True,False
1274,11,34,364,1664833.4667138131,7090902.359089053,False,True,False
1275,11,35,365,1664253.0722951056,7082505.2015159875,False,False,False
1276,11,36,366,1663674.158028409,7074116.856398659,False,False,False
1277,11,37,367,1663096.7184401646,7065737.298969239,False,False,False
1278,11,38,368,1662520.7480840432,7057366.504548825,False,False,False
1279,11,39,369,1661946.241540775,7049004.448546991,True,True,False
1280,11,40,370,1661373.1934179838,7040651.106461365,True,False,False
1281,11,41,371,1660801.5983500218,7032306.453877194,False,False,False
1282,11,42,372,1660231.4509978034,7023970.466466884,False,False,False
1283,11,43,373,1659662.7460486426,7015643.119989623,False,False,False
1284,11,44,374,1659095.4782160916,7007324.390290908,False,False,False
1285,11,45,375,1658529.6422397788,6999014.253302147,True,False,False
1286,11,46,376,1657965.2328852483,6990712.685040231,True,False,False
1287,11,47,377,1657402.2449438032,6982419.661607106,True,False,False
1288,11,48,378,1656840.673232347,6974135.159189381,True,False,False
1289,11,49,379,1656280.512593227,6965859.15405789,True,False,False
1290,11,50,380,1655721.7578940794,6957591.622567293,True,False,False
1291,11,51,381,1655164.404027676,6949332.541155663,False,False,False
1292,11,52,382,1654608.4459117705,6941081.886344085,False,False,False
1293,11,53,383,1654053.8784889458,6932839.634736249,False,False,False
1294,11,54,384,1653500.6967264658,6924605.763018045,False,True,False
1295,11,55,385,1652948.8956161237,6916380.247957164,False,True,False
1296,11,56,386,1652398.4701740937,6908163.066402716,False,False,False
1297,11,57,387,1651849.4154407852,6899954.195284815,True,False,False
1298,11,58,388,1651301.7264806933,6891753.611614202,False,False,False
1299,11,59,389,1650755.3983822574,6883561.292481841,False,False,False
1300,11,60,390,1650210.4262577128,6875377.215058555,False,False,False
1301,11,61,391,1649666.8052429524,6867201.356594606,False,True,False
1302,11,62,392,1649124.5304973784,6859033.694419351,True,True,False
1303,11,63,393,1648583.5972037674,6850874.205940829,False,False,False
1304,11,64,394,1648044.000568125,6842722.868645405,True,False,False
1305,11,65,395,1647505.7358195502,6834579.66009738,True,False,False
1306,11,66,396,1646968.7982100958,6826444.557938626,False,False,False
1307,11,67,397,1646433.1830146315,6818317.5398882,False,False,False
1308,11,68,398,1645898.8855307074,6810198.583741997,False,False,False
1309,11,69,399,1645365.9010784188,6802087.667372363,False,False,False
1310,11,70,400,1644834.2250002732,6793984.768727735,True,True,False
1311,11,71,401,1644303.8526610546,6785889.865832283,True,True,False
1312,11,72,402,1643774.7794476945,6777802.936785543,False,True,False
1313,11,73,403,1643247.0007691372,6769723.959762066,False,False,False
1314,11,74,404,1642720.5120562112,6761652.913011044,False,False,False
1315,11,75,405,1642195.308761499,6753589.774855976,False,False,False
1316,11,76,406,1641671.386359209,6745534.523694294,False,True,False
1317,11,77,407,1641148.740345048,6737487.137997038,True,False,False
1318,11,78,408,1641742.9279567935,6730152.996812373,True,False,False
1319,11,79,409,1643576.8288359817,6724263.169308433,True,False,False
1382,12,18,410,1685794.8168015357,7221851.288637464,False,False,False
1383,12,19,411,1682460.5377044915,7216973.029834531,False,False,False
1384,12,20,412,1681627.1903679054,7208803.272420139,False,False,False
1385,12,21,413,1681016.414998228,7200281.470365445,False,False,False
1386,12,22,414,1680407.2226126718,7191768.831809505,False,False,False
1387,12,23,415,1679799.607251922,7183265.330718621,False,False,False
1388,12,24,416,1679193.5629868128,7174770.941154284,False,False,False
1389,12,25,417,1678589.0839181386,7166285.637272706,False,False,False
1390,12,26,418,1677986.1641764655,7157809.393324335,False,False,False
1391,12,27,419,1677384.7979219456,7149342.183653391,False,False,False
1392,12,28,420,1676784.9793441305,7140883.982697392,False,False,False
1393,12,29,421,1676186.702661788,7132434.764986696,False,False,False
1394,12,30,422,1675589.96212272,7123994.505144025,False,False,False
1395,12,31,423,1674994.7520035792,7115563.177884031,False,False,False
1396,12,32,424,1674401.066609692,7107140.758012809,True,False,False
1397,12,33,425,1673808.900274879,7098727.220427458,True,True,False
1398,12,34,426,1673218.2473612768,7090322.540115631,False,False,False
1399,12,35,427,1672629.1022591628,7081926.692155082,False,False,False
1400,12,36,428,1672041.459386782,7073539.65171322,False,False,False
1401,12,37,429,1671455.3131901715,7065161.394046664,False,False,False
1402,12,38,430,1670870.6581429902,7056791.894500808,False,False,False
1403,12,39,431,1670287.4887463478,7048431.128509384,False,True,False
1404,12,40,432,1669705.7995286346,7040079.071594006,True,True,False
1405,12,41,433,1669125.5850453533,7031735.699363769,False,False,False
1406,12,42,434,1668546.8398789547,7023400.987514802,False,False,False
1407,12,43,435,1667969.5586386677,7015074.911829828,False,False,False
1408,12,44,436,1667393.7359603387,7006757.448177773,False,False,False
1409,12,45,437,1666819.3665062655,6998448.572513305,False,False,False
1410,12,46,438,1666246.4449650375,6990148.2608764395,False,False,False
1411,12,47,439,1665674.9660513732,6981856.489392118,False,False,False
1412,12,48,440,1665104.9245059616,6973573.234269782,True,False,False
1413,12,49,441,1664536.3150953024,6965298.47180297,False,False,False
1414,12,50,442,1663969.1326115504,6957032.178368914,False,False,False
1415,12,51,443,1663403.371872357,6948774.330428107,False,False,False
1416,12,52,444,1662839.0277207177,6940524.904523928,False,False,False
1417,12,53,445,1662276.0950248155,6932283.877282222,False,False,False
1418,12,54,446,1661714.5686778713,6924051.225410896,False,True,False
1419,12,55,447,1661154.4435979882,6915826.925699533,False,False,False
1420,12,56,448,1660595.7147280043,6907610.955018994,False,False,False
1421,12,57,449,1660038.377035342,6899403.29032102,True,False,False
1422,12,58,450,1659482.4255118582,6891203.908637835,False,False,False
1423,12,59,451,1658927.8551736993,6883012.78708177,False,False,False
1424,12,60,452,1658374.6610611537,6874829.902844876,False,False,False
1425,12,61,453,1657822.8382385056,6866655.233198525,False,False,False
1426,12,62,454,1657272.3817938934,6858488.7554930495,True,True,False
1427,12,63,455,1656723.2868391632,6850330.447157342,False,True,False
1428,12,64,456,1656175.5485097293,6842180.285698492,False,False,False
1429,12,65,457,1655629.1619644323,6834038.248701401,True,False,False
1430,12,66,458,1655084.1223853983,6825904.313828415,True,False,False
1431,12,67,459,1654540.4249779016,6817778.458818958,False,False,False
1432,12,68,460,1653998.0649702242,6809660.661489155,False,False,False
1433,12,69,461,1653457.03761352,6801550.899731456,False,True,False
1434,12,70,462,1652917.338181679,6793449.151514305,True,True,False
1435,12,71,463,1652378.961971191,6785355.394881737,False,False,False
1436,12,72,464,1651841.9043010136,6777269.60795305,False,True,False
1437,12,73,465,1651306.1605124352,6769191.768922422,False,True,False
1438,12,74,466,1650771.7259689467,6761121.856058582,False,False,False
1439,12,75,467,1650238.5960561081,6753059.847704421,False,False,False
1440,12,76,468,1649706.7661814173,6745005.722276678,False,True,False
1441,12,77,469,1649176.231774183,6736959.458265557,True,False,False
1442,12,78,470,1648646.988285393,6728921.034234401,True,False,False
1443,12,79,471,1648658.2718657458,6721293.678842537,False,False,False
1444,12,80,472,1650403.890111399,6714964.736420602,False,False,False
1506,13,18,473,1692022.750607569,7222806.477156875,False,False,False
1507,13,19,474,1690757.0963469876,7216725.205515016,False,False,False
1508,13,20,475,1690135.6449752375,7208195.62103924,False,False,False
1509,13,21,476,1689515.8058857452,7199675.22079135,False,False,False
1510,13,22,477,1688897.5730024192,7191163.978669223,False,False,False
1511,13,23,478,1688280.9402799394,7182661.868666239,False,False,False
1512,13,24,479,1687665.901703561,7174168.864870797,False,False,False
1513,13,25,480,1687052.4512889225,7165684.941465833,False,False,False
1514,13,26,481,1686440.5830818566,7157210.072728373,False,True,False
1515,13,27,482,1685830.2911581993,7148744.233029026,False,True,False
1516,13,28,483,1685221.569623602,7140287.396831559,False,False,False
1517,13,29,484,1684614.4126133474,7131839.53869239,False,False,False
1518,13,30,485,1684008.8142921615,7123400.633260156,False,False,False
1519,13,31,486,1683404.7688540302,7114970.655275248,True,True,False
1520,13,32,487,1682802.270522019,7106549.579569344,True,True,False
1521,13,33,488,1682201.3135480909,7098137.381064975,False,True,False
1522,13,34,489,1681601.892212926,7089734.0347750615,False,False,False
1523,13,35,490,1681004.0008257444,7081339.5158024635,False,False,False
1524,13,36,491,1680407.6337241288,7072953.799339544,False,False,False
1525,13,37,492,1679812.785273849,7064576.860667724,False,False,False
1526,13,38,493,1679219.4498686872,7056208.675157042,False,False,False
1527,13,39,494,1678627.6219302658,7047849.21826572,True,True,False
1528,13,40,495,1678037.2959078744,7039498.465539722,True,True,False
1529,13,41,496,1677448.4662783,7031156.392612326,False,True,False
1530,13,42,497,1676861.1275456578,7022822.975203707,False,False,False
1531,13,43,498,1676275.2742412237,7014498.189120486,False,False,False
1532,13,44,499,1675690.9009232665,7006182.010255328,False,False,False
1533,13,45,500,1675108.002176883,6997874.414586514,False,False,False
1534,13,46,501,1674526.5726138335,6989575.378177505,False,False,False
1535,13,47,502,1673946.6068723786,6981284.877176557,False,False,False
1536,13,48,503,1673368.099617118,6973002.88781629,True,False,False
1537,13,49,504,1672791.045538828,6964729.386413268,True,False,False
1538,13,50,505,1672215.4393543056,6956464.349367601,True,False,False
1539,13,51,506,1671641.2758062046,6948207.753162546,False,False,False
1540,13,52,507,1671068.5496628839,6939959.574364085,False,False,False
1541,13,53,508,1670497.255718248,6931719.789620532,False,False,False
1542,13,54,509,1669927.388791593,6923488.375662135,False,True,False
1543,13,55,510,1669358.9437274528,6915265.309300679,False,False,False
1544,13,56,511,1668791.9153954466,6907050.567429081,True,False,False
1545,13,57,512,1668226.2986901277,6898844.127021022,True,False,False
1546,13,58,513,1667662.088530831,6890645.96513052,False,False,False
1547,13,59,514,1667099.2798615259,6882456.058891584,False,False,False
1548,13,60,515,1666537.8676506667,6874274.385517792,False,False,False
1549,13,61,516,1665977.846891047,6866100.922301933,False,False,False
1550,13,62,517,1665419.2125996493,6857935.646615608,True,True,False
1551,13,63,518,1664861.959817506,6849778.535908861,False,True,False
1552,13,64,519,1664306.083609549,6841629.567709808,False,True,False
1553,13,65,520,1663751.5790644726,6833488.719624248,False,False,False
1554,13,66,521,1663198.441294586,6825355.969335303,True,False,False
1555,13,67,522,1662646.6654356765,6817231.294603037,True,False,False
1556,13,68,523,1662096.2466468662,6809114.673264097,False,False,False
1557,13,69,524,1661547.180110476,6801006.083231353,True,True,False
1558,13,70,525,1660999.4610318851,6792905.502493513,True,False,False
1559,13,71,526,1660453.0846393954,6784812.909114775,False,False,False
1560,13,72,527,1659908.0461840946,6776728.281234476,False,False,False
1561,13,73,528,1659364.340939722,6768651.597066722,False,False,False
1562,13,74,529,1658821.9642025332,6760582.834900034,False,False,False
1563,13,75,530,1658280.9112911676,6752521.9730969975,False,False,False
1564,13,76,531,1657741.1775465172,6744468.990093906,False,False,False
1565,13,77,532,1657202.758331593,6736423.86440043,True,False,False
1566,13,78,533,1656665.6490313956,6728386.574599243,True,False,False
1567,13,79,534,1656129.8450527864,6720357.099345699,False,False,False
1568,13,80,535,1655768.8960342861,6712477.561142608,False,False,False
1569,13,81,536,1657215.799194637,6705671.234640007,False,False,False
1629,14,17,537,1704023.9550159308,7228856.759288261,False,False,False
1630,14,18,538,1700215.5402030146,7224023.104351423,False,False,False
1631,14,19,539,1699273.4158364192,7216107.1652160045,False,False,False
1632,14,20,540,1698642.8822485376,7207579.008423952,False,False,False
1633,14,21,541,1698013.984226998,7199060.030382227,False,False,False
1634,14,22,542,1697386.7156094294,7190550.205016332,False,False,False
1635,14,23,543,1696761.0702646587,7182049.506347102,False,True,False
1636,14,24,544,1696137.0420925142,7173557.908490216,False,False,False
1637,14,25,545,1695514.625023631,7165075.385655731,False,True,False
1638,14,26,546,1694893.8130192552,7156601.9121475965,False,True,False
1639,14,27,547,1694274.6000710572,7148137.462363207,False,True,False
1640,14,28,548,1693656.9802009366,7139682.010792919,False,True,False
1641,14,29,549,1693040.9474608344,7131235.5320195975,True,True,False
1642,14,30,550,1692426.4959325471,7122798.000718144,True,True,False
1643,14,31,551,1691813.6197275387,7114369.391655061,True,True,False
1644,14,32,552,1691202.3129867567,7105949.679687972,False,False,False
1645,14,33,553,1690592.5698804478,7097538.83976519,False,False,False
1646,14,34,554,1689984.3846079775,7089136.846925251,False,False,False
1647,14,35,555,1689377.751397647,7080743.676296485,False,False,False
1648,14,36,556,1688772.6645065174,7072359.303096556,False,False,False
1649,14,37,557,1688169.1182202275,7063983.702632032,False,False,False
1650,14,38,558,1687567.1068528204,7055616.850297949,True,True,False
1651,14,39,559,1686966.6247465662,7047258.721577361,True,True,False
1652,14,40,560,1686367.6662717892,7038909.292040916,True,False,False
1653,14,41,561,1685770.2258266942,7030568.537346428,False,True,False
1654,14,42,562,1685174.2978371948,7022236.433238449,False,True,False
1655,14,43,563,1684579.8767567442,7013912.955547835,False,False,False
1656,14,44,564,1683986.957066165,7005598.080191328,False,False,False
1657,14,45,565,1683395.533273482,6997291.783171138,False,False,False
1658,14,46,566,1682805.5999137564,6988994.040574524,False,False,False
1659,14,47,567,1682217.1515489188,6980704.828573384,False,False,False
1660,14,48,568,1681630.1827676059,6972424.1234238185,False,False,False
1661,14,49,569,1681044.688184999,6964151.901465759,False,False,False
1662,14,50,570,1680460.662442659,6955888.139122524,True,False,False
1663,14,51,571,1679878.1002083695,6947632.812900435,True,False,False
1664,14,52,572,1679296.9961759744,6939385.899388402,True,False,False
1665,14,53,573,1678717.3450652217,6931147.375257533,False,True,False
1666,14,54,574,1678139.1416216062,6922917.217260721,False,True,False
1667,14,55,575,1677562.3806162118,6914695.402232267,False,False,False
1668,14,56,576,1676987.0568455597,6906481.90708747,True,False,False
1669,14,57,577,1676413.1651314516,6898276.708822239,False,False,False
1670,14,58,578,1675840.700320819,6890079.784512715,False,False,False
1671,14,59,579,1675269.6572855723,6881891.111314872,False,False,False
1672,14,60,580,1674700.0309224487,6873710.666464122,False,False,False
1673,14,61,581,1674131.8161528637,6865538.427274971,False,False,False
1674,14,62,582,1673565.007922763,6857374.371140597,True,True,False
1675,14,63,583,1672999.6012024751,6849218.4755325,False,False,False
1676,14,64,584,1672435.5909865662,6841070.718000104,False,True,False
1677,14,65,585,1671872.9722936929,6832931.07617041,False,True,False
1678,14,66,586,1671311.7401664613,6824799.527747594,False,False,False
1679,14,67,587,1670751.8896712814,6816676.050512673,True,False,False
1680,14,68,588,1670193.415898227,6808560.6223231,False,True,False
1681,14,69,589,1669636.313960893,6800453.221112432,True,True,False
1682,14,70,590,1669080.5789962572,6792353.824889948,False,False,False
1683,14,71,591,1668526.2061645403,6784262.411740298,False,False,False
1684,14,72,592,1667973.190649068,6776178.959823129,False,False,False
1685,14,73,593,1667421.5276561356,6768103.447372757,False,False,False
1686,14,74,594,1666871.2124148686,6760035.852697779,False,False,False
1687,14,75,595,1666322.2401770926,6751976.154180746,False,False,False
1688,14,76,596,1665774.6062171937,6743924.3302778,False,False,False
1689,14,77,597,1665228.3058319902,6735880.359518337,True,False,False
1690,14,78,598,1664683.3343405975,6727844.220504636,True,False,False
1691,14,79,599,1664139.6870842986,6719815.891911552,False,False,False
1692,14,80,600,1663597.3594264113,6711795.352486136,True,False,False
1693,14,81,601,1663061.5655946012,6703787.105757091,True,False,False
1694,14,82,602,1663948.2561541623,6696590.150718568,False,False,False
1695,14,83,603,1665709.5623759513,6690909.893878224,False,False,False
1753,15,17,604,1709930.1787536903,7229748.897534727,False,False,False
1754,15,18,605,1708429.7715753028,7224016.055423083,False,False,False
1755,15,19,606,1707788.4955457894,7215480.147431959,False,False,False
1756,15,20,607,1707148.8846222863,7206953.438778527,False,False,False
1757,15,21,608,1706510.9325244757,7198435.90332067,False,False,False
1758,15,22,609,1705874.6330038626,7189927.515011908,False,True,False
1759,15,23,610,1705239.9798435774,7181428.247900909,False,True,False
1760,15,24,611,1704606.9668581744,7172938.076131002,False,True,False
1761,15,25,612,1703975.5878934367,7164456.973939735,False,True,False
1762,15,26,613,1703345.8368261792,7155984.915658367,False,False,False
1763,15,27,614,1702717.7075640548,7147521.87571144,False,False,False
1764,15,28,615,1702091.1940453595,7139067.828616271,True,True,False
1765,15,29,616,1701466.2902388438,7130622.7489825245,True,True,False
1766,15,30,617,1700842.990143521,7122186.611511748,False,False,False
1767,15,31,618,1700221.2877884782,7113759.390996907,False,False,False
1768,15,32,619,1699601.1772326902,7105341.062321926,False,False,False
1769,15,33,620,1698982.6525648322,7096931.600461247,False,False,False
1770,15,34,621,1698365.7079030965,7088530.980479402,False,False,False
1771,15,35,622,1697750.3373950094,7080139.177530517,False,False,False
1772,15,36,623,1697136.5352172488,7071756.16685792,False,False,False
1773,15,37,624,1696524.2955754634,7063381.923793674,True,True,False
1774,15,38,625,1695913.6127040957,7055016.42375815,True,True,False
1775,15,39,626,1695304.4808662017,7046659.642259582,False,True,False
1776,15,40,627,1694696.8943532764,7038311.55489365,True,False,False
1777,15,41,628,1694090.8474850776,7029972.137343033,False,False,False
1778,15,42,629,1693486.3346094517,7021641.365377001,False,True,False
1779,15,43,630,1692883.350102164,7013319.21485098,False,False,False
1780,15,44,631,1692281.8883667227,7005005.66170612,False,False,False
1781,15,45,632,1691681.9438342133,6996700.681968908,False,False,False
1782,15,46,633,1691083.5109631272,6988404.251750707,False,False,False
1783,15,47,634,1690486.5842391949,6980116.347247385,False,False,False
1784,15,48,635,1689891.1581752202,6971836.944738873,False,False,False
1785,15,49,636,1689297.227310915,6963566.020588766,False,False,False
1786,15,50,637,1688704.7862127332,6955303.5512439255,False,False,False
1787,15,51,638,1688113.8294737127,6947049.513234055,False,False,False
1788,15,52,639,1687524.3517133081,6938803.883171313,True,False,False
1789,15,53,640,1686936.3475772354,6930566.637749915,True,True,False
1790,15,54,641,1686349.8117373104,6922337.753745714,False,False,False
1791,15,55,642,1685764.7388912905,6914117.208015837,False,False,False
1792,15,56,643,1685181.1237627189,6905904.977498271,True,False,False
1793,15,57,644,1684598.961100768,6897701.039211475,False,False,False
1794,15,58,645,1684018.245680085,6889505.370254003,False,False,False
1795,15,59,646,1683438.9723006394,6881317.9478041,False,False,False
1796,15,60,647,1682861.1357875692,6873138.749119338,False,False,False
1797,15,61,648,1682284.7309910303,6864967.751536216,False,False,False
1798,15,62,649,1681709.752786046,6856804.932469801,True,True,False
1799,15,63,650,1681136.1960723584,6848650.2694133315,False,True,False
1800,15,64,651,1680564.0557742803,6840503.739937857,False,False,False
1801,15,65,652,1679993.3268405474,6832365.321691856,False,True,False
1802,15,66,653,1679424.0042441732,6824234.992400869,False,True,False
1803,15,67,654,1678856.0829823043,6816112.729867137,True,False,False
1804,15,68,655,1678289.558076075,6807998.511969225,True,True,False
1805,15,69,656,1677724.4245704676,6799892.316661658,True,False,False
1806,15,70,657,1677160.6775341667,6791794.1219745735,False,False,False
1807,15,71,658,1676598.3120594218,6783703.906013343,False,False,False
1808,15,72,659,1676037.3232619043,6775621.646958228,False,False,False
1809,15,73,660,1675477.706280572,6767547.323064018,False,False,False
1810,15,74,661,1674919.4562775295,6759480.912659675,False,True,False
1811,15,75,662,1674362.5684378913,6751422.394147992,False,True,False
1812,15,76,663,1673807.0379696458,6743371.746005233,False,True,False
1813,15,77,664,1673252.860103522,6735328.946780788,True,True,False
1814,15,78,665,1672700.0300928531,6727293.975096828,True,False,False
1815,15,79,666,1672148.5432134464,6719266.809647971,True,False,False
1816,15,80,667,1671598.3947634478,6711247.429200921,True,False,False
1817,15,81,668,1671049.580063214,6703235.812594144,False,False,False
1818,15,82,669,1670502.0944551802,6695231.938737524,False,False,False
1819,15,83,670,1670358.9237132699,6687367.150369847,False,False,False
1820,15,84,671,1670151.4567202502,6679227.056377835,False,False,False
1821,15,85,672,1669755.676826068,6671237.629700484,False,True,False
1822,15,86,673,1669360.9285904523,6663256.045985228,False,False,False
1823,15,87,674,1668967.2095881817,6655282.3072467195,True,True,False
1824,15,88,675,1668574.5176568532,6647316.420715267,True,True,False
1825,15,89,676,1668182.8509698352,6639358.400363006,True,True,False
1826,15,90,677,1667792.208136866,6631408.269007882,True,True,False
1827,15,91,678,1667402.588345332,6623466.061267791,False,False,False
1828,15,92,679,1667013.991562777,6615531.827794429,False,False,False
1829,15,93,680,1666626.4188340288,6607605.641483935,False,True,False
1830,15,94,681,1666239.8727287469,6599687.606831846,False,False,False
1831,15,95,682,1666027.6905447573,6594338.42516374,False,False,False
1877,16,17,683,1717959.3421267024,7230954.537736602,False,False,False
1878,16,18,684,1716952.689597748,7223378.590207776,False,False,False
1879,16,19,685,1716302.3178606764,7214844.15644844,False,False,False
1880,16,20,686,1715653.6345502874,7206318.9163664235,False,False,False
1881,16,21,687,1715006.6332998688,7197802.843848192,False,True,False
1882,16,22,688,1714361.3077749603,7189295.9128756495,False,True,False
1883,16,23,689,1713717.6516731516,7180798.097525671,False,False,False
1884,16,24,690,1713075.6587238817,7172309.371969631,False,False,False
1885,16,25,691,1712435.3226882357,7163829.710472925,False,False,False
1886,16,26,692,1711796.6373587495,7155359.087394502,False,False,False
1887,16,27,693,1711159.5965592116,7146897.4771863995,True,False,False
1888,16,28,694,1710524.194144468,7138444.854393281,True,False,False
1889,16,29,695,1709890.424000227,7130001.193651983,False,False,False
1890,16,30,696,1709258.2800428676,7121566.469691036,False,False,False
1891,16,31,697,1708627.7562192485,7113140.657330232,False,False,False
1892,16,32,698,1707998.8465065195,7104723.731480159,False,False,False
1893,16,33,699,1707371.544911929,7096315.667141762,False,False,False
1894,16,34,700,1706745.8454726415,7087916.439405886,False,False,False
1895,16,35,701,1706121.742255552,7079526.023452837,False,False,False
1896,16,36,702,1705499.2293570973,7071144.394551939,True,True,False
1897,16,37,703,1704878.300903079,7062771.5280610975,True,True,False
1898,16,38,704,1704258.9510484778,7054407.399426364,False,False,False
1899,16,39,705,1703641.173977276,7046051.984181503,False,True,False
1900,16,40,706,1703024.9639022774,7037705.257947552,True,True,False
1901,16,41,707,1702410.3150649301,7029367.196432402,False,False,False
1902,16,42,708,1701797.2217351506,7021037.775430387,False,True,False
1903,16,43,709,1701185.6782111502,7012716.970821815,False,True,False
1904,16,44,710,1700575.6788192587,7004404.758572594,False,False,False
1905,16,45,711,1699967.2179137538,6996101.114733804,False,False,False
1906,16,46,712,1699360.2898766913,6987806.015441256,False,False,False
1907,16,47,713,1698754.8891177326,6979519.4369151145,False,False,False
1908,16,48,714,1698151.010073979,6971241.355459449,False,False,False
1909,16,49,715,1697548.647209802,6962971.747461856,False,False,False
1910,16,50,716,1696947.7950166783,6954710.589393052,False,False,False
1911,16,51,717,1696348.4480130256,6946457.857806444,False,False,False
1912,16,52,718,1695750.6007440386,6938213.529337761,True,True,False
1913,16,53,719,1695154.2477815254,6929977.580704627,True,True,False
1914,16,54,720,1694559.3837237484,6921749.988706179,True,False,False
1915,16,55,721,1693966.0031952618,6913530.730222684,True,False,False
1916,16,56,722,1693374.1008467544,6905319.7822151175,True,False,False
1917,16,57,723,1692783.6713548915,6897117.121724802,False,False,False
1918,16,58,724,1692194.7094221576,6888922.725873003,False,False,False
1919,16,59,725,1691607.209776701,6880736.571860557,False,False,False
1920,16,60,726,1691021.1671721807,6872558.6369674755,False,False,False
1921,16,61,727,1690436.576387611,6864388.898552573,False,False,False
1922,16,62,728,1689853.4322272118,6856227.334053089,True,False,False
1923,16,63,729,1689271.7295202545,6848073.9209843045,False,True,False
1924,16,64,730,1688691.4631209157,6839928.636939185,False,False,False
1925,16,65,731,1688112.6279081248,6831791.459587981,False,False,False
1926,16,66,732,1687535.2187854177,6823662.3666778905,False,True,False
1927,16,67,733,1686959.2306807907,6815541.336032671,False,False,False
1928,16,68,734,1686384.6585465537,6807428.345552277,True,True,False
1929,16,69,735,1685811.497359185,6799323.373212506,True,False,False
1930,16,70,736,1685239.7421191896,6791226.3970646225,False,False,False
1931,16,71,737,1684669.3878509544,6783137.395235016,False,False,False
1932,16,72,738,1684100.4296026088,6775056.345924831,False,False,False
1933,16,73,739,1683532.8624458807,6766983.227409621,False,False,False
1934,16,74,740,1682966.6814759606,6758918.018038991,False,False,False
1935,16,75,741,1682401.8818113613,6750860.696236247,False,True,False
1936,16,76,742,1681838.4585937792,6742811.240498049,False,True,False
1937,16,77,743,1681276.4069879598,6734769.629394064,True,True,False
1938,16,78,744,1680715.72218156,6726735.841566621,True,False,False
1939,16,79,745,1680156.3993850145,6718709.855730368,True,False,False
1940,16,80,746,1679598.433831402,6710691.650671937,False,False,False
1941,16,81,747,1679041.820776311,6702681.205249586,False,False,False
1942,16,82,748,1678486.5554977104,6694678.498392891,False,False,False
1943,16,83,749,1677932.633295816,6686683.50910239,False,False,False
1944,16,84,750,1677380.04949296,6678696.216449259,False,False,False
1945,16,85,751,1676828.7994334658,6670716.599574966,False,True,False
1946,16,86,752,1676278.8784835166,6662744.637690972,False,True,False
1947,16,87,753,1675730.2820310257,6654780.31007837,True,True,False
1948,16,88,754,1675183.0054855167,6646823.596087586,True,True,False
1949,16,89,755,1674637.044277991,6638874.475138037,False,True,False
1950,16,90,756,1674092.3938608079,6630932.926717819,False,True,False
1951,16,91,757,1673549.0497075582,6622998.9303833805,True,True,False
1952,16,92,758,1673007.0073129416,6615072.465759212,False,True,False
1953,16,93,759,1672466.2621926453,6607153.512537526,True,True,False
1954,16,94,760,1671926.809883223,6599242.050477941,True,False,False
1955,16,95,761,1671759.00784461,6593507.894307297,True,False,False
2000,17,16,762,1728076.4530988445,7236687.7387962965,False,False,False
2001,17,17,763,1726136.3788579542,7231273.258746639,False,False,False
2002,17,18,764,1725474.3275885931,7222732.1356502455,False,False,False
2003,17,19,765,1724814.8651863711,7214199.196610388,False,False,False
2004,17,20,766,1724157.1145059313,7205675.445510205,False,False,False
2005,17,21,767,1723501.0690943294,7197160.8562651025,False,True,False
2006,17,22,768,1722846.7225313014,7188655.402885754,False,False,False
2007,17,23,769,1722194.068429056,7180159.05947763,False,False,False
2008,17,24,770,1721543.1004320732,7171671.800240508,False,False,False
2009,17,25,771,1720893.8122168984,7163193.599468009,False,False,False
2010,17,26,772,1720246.197491944,7154724.431547143,True,False,False
2011,17,27,773,1719600.249997289,7146264.2709578145,True,False,False
2012,17,28,774,1718955.9635044807,7137813.092272396,False,False,False
2013,17,29,775,1718313.3318163392,7129370.870155246,False,False,False
2014,17,30,776,1717672.3487667607,7120937.579362256,False,False,False
2015,17,31,777,1717033.0082205255,7112513.1947404025,False,False,False
2016,17,32,778,1716395.3040731049,7104097.691227291,False,False,False
2017,17,33,779,1715759.2302504713,7095691.043850708,False,False,False
2018,17,34,780,1715124.7807089074,7087293.22772819,False,False,False
2019,17,35,781,1714491.94943482,7078904.21806655,True,True,False
2020,17,36,782,1713860.7304445526,7070523.9901614655,True,True,False
2021,17,37,783,1713231.1177842005,7062152.519397034,False,False,False
2022,17,38,784,1712603.1055294266,7053789.78124533,False,False,False
2023,17,39,785,1711976.6877852797,7045435.7512659775,False,False,False
2024,17,40,786,1711351.858686013,7037090.405105729,True,True,False
2025,17,41,787,1710728.612394905,7028753.718498019,False,False,False
2026,17,42,788,1710106.9431040797,7020425.66726256,False,False,False
2027,17,43,789,1709486.845034332,7012106.227304914,False,True,False
2028,17,44,790,1708868.312434948,7003795.3746160595,False,False,False
2029,17,45,791,1708251.3395835354,6995493.085271994,False,False,False
2030,17,46,792,1707635.9207858464,6987199.335433307,False,False,False
2031,17,47,793,1707022.0503756076,6978914.101344778,False,False,False
2032,17,48,794,1706409.7227143487,6970637.359334951,False,False,False
2033,17,49,795,1705798.9321912332,6962369.085815751,False,False,False
2034,17,50,796,1705189.6732228901,6954109.25728205,False,False,False
2035,17,51,797,1704581.9402532484,6945857.850311295,True,False,False
2036,17,52,798,1703975.727753369,6937614.841563083,True,True,False
2037,17,53,799,1703371.0302212804,6929380.207778778,True,True,False
2038,17,54,800,1702767.8421818176,6921153.925781109,True,True,False
2039,17,55,801,1702166.158186458,6912935.972473781,False,False,False
2040,17,56,802,1701565.9728131604,6904726.324841083,True,False,False
2041,17,57,803,1700967.2806662065,6896524.959947494,False,False,False
2042,17,58,804,1700370.0763760405,6888331.854937312,False,False,False
2043,17,59,805,1699774.354599113,6880146.987034253,False,False,False
2044,17,60,806,1699180.1100177246,6871970.333541074,False,False,False
2045,17,61,807,1698587.3373398685,6863801.871839206,False,False,False
2046,17,62,808,1697996.0312990793,6855641.579388356,True,True,False
2047,17,63,809,1697406.1866542785,6847489.433726154,False,True,False
2048,17,64,810,1696817.7981896224,6839345.412467759,False,False,False
2049,17,65,811,1696230.8607143508,6831209.493305507,False,False,False
2050,17,66,812,1695645.3690626393,6823081.654008528,False,True,False
2051,17,67,813,1695061.3180934484,6814961.872422391,False,True,False
2052,17,68,814,1694478.7026903771,6806850.126468726,False,True,False
2053,17,69,815,1693897.5177615148,6798746.394144888,True,False,False
2054,17,70,816,1693317.7582392993,6790650.653523556,False,False,False
2055,17,71,817,1692739.419080367,6782562.882752417,False,False,False
2056,17,72,818,1692162.4952654147,6774483.060053785,False,False,False
2057,17,73,819,1691586.9817990526,6766411.16372425,True,True,False
2058,17,74,820,1691012.8737096665,6758347.172134342,True,True,False
2059,17,75,821,1690440.166049276,6750291.063728147,True,True,False
2060,17,76,822,1689868.8538933932,6742242.817023013,True,False,False
2061,17,77,823,1689298.9323408876,6734202.410609146,True,True,False
2062,17,78,824,1688730.396513846,6726169.8231493,False,True,False
2063,17,79,825,1688163.2415574372,6718145.033378433,True,True,False
2064,17,80,826,1687597.4626397765,6710128.020103364,False,True,False
2065,17,81,827,1687033.0549517898,6702118.76220242,False,True,False
2066,17,82,828,1686470.0137070818,6694117.238625133,False,True,False
2067,17,83,829,1685908.334141802,6686123.428391862,False,True,False
2068,17,84,830,1685348.0115145133,6678137.310593504,False,True,False
2069,17,85,831,1684789.0411060608,6670158.864391144,False,True,False
2070,17,86,832,1684231.4182194432,6662188.0690157125,True,True,False
2071,17,87,833,1683675.1381796813,6654224.903767684,True,False,False
2072,17,88,834,1683120.1963336917,6646269.3480167445,True,False,False
2073,17,89,835,1682566.58805016,6638321.381201454,False,True,False
2074,17,90,836,1682014.3087194124,6630380.982828952,False,False,False
2075,17,91,837,1681463.3537532927,6622448.132474612,True,False,False
2076,17,92,838,1680913.7185850346,6614522.809781742,True,True,False
2077,17,93,839,1680365.398669141,6606604.994461259,True,True,False
2078,17,94,840,1679818.3894812597,6598694.666291378,False,True,False
2079,17,95,841,1679548.7678548251,6592379.3438115455,True,True,False
2124,18,16,842,1735718.243642386,7237817.596560461,False,False,False
2125,18,17,843,1734664.9574247466,7230617.328308784,False,False,False
2126,18,18,844,1733994.6679047944,7222076.696177574,False,False,False
2127,18,19,845,1733326.1199481403,7213545.272322059,False,False,False
2128,18,20,846,1732659.3069824576,7205023.030591416,True,True,False
2129,18,21,847,1731994.2224687359,7196509.944930401,False,True,False
2130,18,22,848,1731330.8599010673,7188005.989378823,False,False,False
2131,18,23,849,1730669.2128064428,7179511.138071116,False,False,False
2132,18,24,850,1730009.2747445418,7171025.365235836,False,False,False
2133,18,25,851,1729351.0393075293,7162548.645195214,True,False,False
2134,18,26,852,1728694.500119853,7154080.952364662,True,False,False
2135,18,27,853,1728039.650838038,7145622.261252353,False,False,False
2136,18,28,854,1727386.4851504893,7137172.546458707,False,False,False
2137,18,29,855,1726734.9967772914,7128731.782675976,False,False,False
2138,18,30,856,1726085.1794700122,7120299.94468777,False,False,False
2139,18,31,857,1725437.0270115044,7111877.0073686065,False,False,False
2140,18,32,858,1724790.5332157137,7103462.945683465,False,False,False
2141,18,33,859,1724145.6919274833,7095057.734687336,False,False,False
2142,18,34,860,1723502.4970223638,7086661.349524777,False,True,False
2143,18,35,861,1722860.9424064227,7078273.765429473,True,True,False
2144,18,36,862,1722221.0220160543,7069894.957723804,False,False,False
2145,18,37,863,1721582.729817794,7061524.901818388,False,False,False
2146,18,38,864,1720946.0598081308,7053163.573211682,False,False,False
2147,18,39,865,1720311.0060133238,7044810.94748951,False,True,False
2148,18,40,866,1719677.5624892171,7036467.000324665,True,True,False
2149,18,41,867,1719045.7233210602,7028131.70747647,False,False,False
2150,18,42,868,1718415.4826233252,7019805.044790359,False,False,False
2151,18,43,869,1717786.8345395287,7011486.988197459,False,True,False
2152,18,44,870,1717159.773242053,7003177.513714161,False,True,False
2153,18,45,871,1716534.29293197,6994876.597441711,False,False,False
2154,18,46,872,1715910.387838866,6986584.215565807,False,False,False
2155,18,47,873,1715288.0522206675,6978300.344356161,False,False,False
2156,18,48,874,1714667.2803634661,6970024.960166121,False,False,False
2157,18,49,875,1714048.066581351,6961758.039432244,False,False,False
2158,18,50,876,1713430.405216236,6953499.5586739015,True,False,False
2159,18,51,877,1712814.2906376899,6945249.494492877,True,False,False
2160,18,52,878,1712199.717242771,6937007.823572961,False,True,False
2161,18,53,879,1711586.6794558584,6928774.52267957,False,True,False
2162,18,54,880,1710975.1717284876,6920549.568659333,True,True,False
2163,18,55,881,1710365.1885391846,6912332.938439706,True,True,False
2164,18,56,882,1709756.7243933072,6904124.6090285955,True,False,False
2165,18,57,883,1709149.7738228778,6895924.557513952,False,False,False
2166,18,58,884,1708544.3313864248,6887732.761063398,False,False,False
2167,18,59,885,1707940.3916688242,6879549.196923835,False,False,False
2168,18,60,886,1707337.949281141,6871373.842421078,False,False,False
2169,18,61,887,1706736.9988604698,6863206.674959455,False,True,False
2170,18,62,888,1706137.535069781,6855047.672021454,True,True,False
2171,18,63,889,1705539.5525977649,6846896.8111673305,True,True,False
2172,18,64,890,1704943.0461586772,6838754.0700347535,False,False,False
2173,18,65,891,1704348.0104921886,6830619.426338417,False,False,False
2174,18,66,892,1703754.440363229,6822492.85786968,False,False,False
2175,18,67,893,1703162.3305618416,6814374.342496215,False,True,False
2176,18,68,894,1702571.67590303,6806263.858161619,False,True,False
2177,18,69,895,1701982.4712266095,6798161.38288507,True,False,False
2178,18,70,896,1701394.7113970642,6790066.894760964,False,False,False
2179,18,71,897,1700808.391303395,6781980.37195856,False,False,False
2180,18,72,898,1700223.5058589773,6773901.792721621,False,True,False
2181,18,73,899,1699640.0500014161,6765831.13536806,True,True,False
2182,18,74,900,1699058.0186924038,6757768.378289589,False,False,False
2183,18,75,901,1698477.4069175755,6749713.499951382,False,True,False
2184,18,76,902,1697898.2096863699,6741666.478891717,False,True,False
2185,18,77,903,1697320.422031889,6733627.2937216265,True,True,False
2186,18,78,904,1696744.0390107566,6725595.923124561,False,True,False
2187,18,79,905,1696169.0557029839,6717572.345856059,True,False,False
2188,18,80,906,1695595.4672118279,6709556.540743384,True,False,False
2189,18,81,907,1695023.2686636585,6701548.486685206,False,False,False
2190,18,82,908,1694452.4552078205,6693548.162651263,False,False,False
2191,18,83,909,1693883.0220165025,6685555.547682028,False,False,False
2192,18,84,910,1693314.9642845988,6677570.6208883645,False,True,False
2193,18,85,911,1692748.2772295813,6669593.361451216,False,True,False
2194,18,86,912,1692182.9560913658,6661623.748621268,True,False,False
2195,18,87,913,1691618.9961321808,6653661.7617186215,True,False,False
2196,18,88,914,1691056.3926364384,6645707.380132478,True,False,False
2197,18,89,915,1690495.1409106061,6637760.583320806,False,True,False
2198,18,90,916,1689935.2362830774,6629821.350810024,False,False,False
2199,18,91,917,1689376.6741040468,6621889.662194693,False,False,False
2200,18,92,918,1688819.449745381,6613965.497137187,False,True,False
2201,18,93,919,1688263.5586004946,6606048.835367368,False,True,False
2202,18,94,920,1687708.996084227,6598139.6566823125,False,True,False
2203,18,95,921,1687358.863004321,6591240.219120522,False,False,False
2247,19,15,922,1746378.2723026532,7243609.185079708,False,False,False
2248,19,16,923,1743914.892883845,7238447.088882074,False,False,False
2249,19,17,924,1743193.086148431,7229951.366859759,False,False,False
2250,19,18,925,1742513.6929236772,7221412.276276306,False,False,False
2251,19,19,926,1741836.064591492,7212882.388046854,False,False,False
2252,19,20,927,1741160.194493222,7204361.676050493,True,True,False
2253,19,21,928,1740486.0760039522,7195850.11426167,False,True,False
2254,19,22,929,1739813.7025322993,7187347.676749736,False,False,False
2255,19,23,930,1739143.067520197,7178854.337678451,False,False,False
2256,19,24,931,1738474.164442689,7170370.071305529,False,False,False
2257,19,25,932,1737806.98680772,7161894.851982172,True,False,False
2258,19,26,933,1737141.5281559313,7153428.65415258,False,False,False
2259,19,27,934,1736477.7820604541,7144971.452353528,False,False,False
2260,19,28,935,1735815.7421267077,7136523.221213871,False,False,False
2261,19,29,936,1735155.4019921988,7128083.935454111,False,False,False
2262,19,30,937,1734496.7553263193,7119653.56988593,False,False,False
2263,19,31,938,1733839.79583015,7111232.099411749,False,False,False
2264,19,32,939,1733184.5172362626,7102819.499024274,False,True,False
2265,19,33,940,1732530.9133085236,7094415.743806042,False,True,False
2266,19,34,941,1731878.9778419016,7086020.808929001,True,True,False
2267,19,35,942,1731228.7046622736,7077634.669654042,True,False,False
2268,19,36,943,1730580.087626234,7069257.301330599,False,False,False
2269,19,37,944,1729933.1206209045,7060888.679396159,False,False,False
2270,19,38,945,1729287.797563747,7052528.779375883,False,False,False
2271,19,39,946,1728644.1124023746,7044177.576882149,False,False,False
2272,19,40,947,1728002.059114368,7035835.047614131,True,True,False
2273,19,41,948,1727361.6317070888,7027501.167357374,True,False,False
2274,19,42,949,1726722.8242174997,7019175.911983362,False,False,False
2275,19,43,950,1726085.6307119797,7010859.257449127,False,False,False
2276,19,44,951,1725450.0452861465,7002551.179796793,False,True,False
2277,19,45,952,1724816.0620646758,6994251.65515319,False,False,False
2278,19,46,953,1724183.6752011254,6985960.6597294435,False,False,False
2279,19,47,954,1723552.8788777564,6977678.16982053,False,False,False
2280,19,48,955,1722923.6673053617,6969404.1618049145,False,False,False
2281,19,49,956,1722296.034723088,6961138.612144112,True,False,False
2282,19,50,957,1721669.9753982667,6952881.497382307,True,False,False
2283,19,51,958,1721045.4836262427,6944632.794145939,False,True,False
2284,19,52,959,1720422.553730201,6936392.479143314,False,True,False
2285,19,53,960,1719801.180061002,6928160.529164195,False,False,False
2286,19,54,961,1719181.356997012,6919936.921079431,False,False,False
2287,19,55,962,1718563.078943936,6911721.63184055,True,True,False
2288,19,56,963,1717946.3403346553,6903514.638479364,True,False,False
2289,19,57,964,1717331.1356290616,6895315.918107607,False,False,False
2290,19,58,965,1716717.459313895,6887125.44791653,False,False,False
2291,19,59,966,1716105.3059025807,6878943.2051765295,False,False,False
2292,19,60,967,1715494.6699350728,6870769.167236759,False,False,False
2293,19,61,968,1714885.5459776905,6862603.311524758,False,True,False
2294,19,62,969,1714277.9286229627,6854445.61554609,True,False,False
2295,19,63,970,1713671.8124894695,6846296.0568839265,True,True,False
2296,19,64,971,1713067.1922216893,6838154.613198738,False,False,False
2297,19,65,972,1712464.0624898395,6830021.262227869,False,False,False
2298,19,66,973,1711862.4179897264,6821895.981785203,False,False,False
2299,19,67,974,1711262.2534425925,6813778.749760795,False,True,False
2300,19,68,975,1710663.5635949634,6805669.544120493,False,True,False
2301,19,69,976,1710066.3432184986,6797568.3429056,True,False,False
2302,19,70,977,1709470.5871098423,6789475.124232498,True,True,False
2303,19,71,978,1708876.290090475,6781389.866292301,True,True,False
2304,19,72,979,1708283.4470065658,6773312.547350497,True,True,False
2305,19,73,980,1707692.0527288269,6765243.145746603,True,False,False
2306,19,74,981,1707102.1021523692,6757181.639893802,False,False,False
2307,19,75,982,1706513.590196556,6749128.00827861,False,False,False
2308,19,76,983,1705926.5118048626,6741082.22946052,False,False,False
2309,19,77,984,1705340.8619447341,6733044.282071655,True,True,False
2310,19,78,985,1704756.6356074412,6725014.144816442,True,True,False
2311,19,79,986,1704173.8278079438,6716991.796471255,False,False,False
2312,19,80,987,1703592.4335847509,6708977.215884089,True,False,False
2313,19,81,988,1703012.4479997812,6700970.381974204,True,False,False
2314,19,82,989,1702433.8661382282,6692971.273731824,False,False,False
2315,19,83,990,1701856.683108422,6684979.870217776,False,False,False
2316,19,84,991,1701280.8940416963,6676996.150563164,False,False,False
2317,19,85,992,1700706.4940922519,6669020.093969055,False,True,False
2318,19,86,993,1700133.478437025,6661051.6797061395,True,True,False
2319,19,87,994,1699561.8422755548,6653090.8871144075,False,True,False
2320,19,88,995,1698991.5808298509,6645137.69560282,True,True,False
2321,19,89,996,1698422.6893442639,6637192.084649018,False,True,False
2322,19,90,997,1697855.1630853552,6629254.033798951,False,True,False
2323,19,91,998,1697288.9973417688,6621323.522666616,False,False,False
2324,19,92,999,1696724.1874241033,6613400.5309336865,False,True,False
2325,19,93,1000,1696160.728664784,6605485.0383492485,False,True,False
2326,19,94,1001,1695598.6164179398,6597577.02472946,False,True,False
2327,19,95,1002,1695178.0039446,6590092.122280457,False,False,False
2371,20,15,1003,1753527.1544265042,7244649.597222033,False,False,False
2372,20,16,1004,1752410.1633291866,7237823.160114097,False,False,False
2373,20,17,1005,1751719.8766990511,7229276.409032532,False,False,False
2374,20,18,1006,1751031.3850432024,7220738.880492351,False,False,False
2375,20,19,1007,1750344.6815824409,7212210.548307255,True,True,False
2376,20,20,1008,1749659.7595719525,7203691.3863866115,True,True,False
2377,20,21,1009,1748976.612301089,7195181.368734961,False,True,False
2378,20,22,1010,1748295.2330931562,7186680.46945155,False,False,False
2379,20,23,1011,1747615.6153051977,7178188.662729848,False,False,False
2380,20,24,1012,1746937.7523277842,7169705.922857098,True,False,False
2381,20,25,1013,1746261.637584803,7161232.224213833,True,False,False
2382,20,26,1014,1745587.264533252,7152767.541273416,False,False,False
2383,20,27,1015,1744914.6266630276,7144311.848601589,False,False,False
2384,20,28,1016,1744243.7174967236,7135865.120856001,False,False,False
2385,20,29,1017,1743574.530589426,7127427.332785762,False,False,False
2386,20,30,1018,1742907.059528509,7118998.459230986,False,True,False
2387,20,31,1019,1742241.2979334367,7110578.475122354,False,True,False
2388,20,32,1020,1741577.2394555607,7102167.355480644,False,True,False
2389,20,33,1021,1740914.877777926,7093765.075416306,False,False,False
2390,20,34,1022,1740254.2066150692,7085371.610129012,False,True,False
2391,20,35,1023,1739595.2197128297,7076986.934907225,True,True,False
2392,20,36,1024,1738937.9108481517,7068611.025127747,False,False,False
2393,20,37,1025,1738282.2738288918,7060243.856255303,False,False,False
2394,20,38,1026,1737628.3024936325,7051885.403842097,False,False,False
2395,20,39,1027,1736975.9907114885,7043535.643527397,False,False,False
2396,20,40,1028,1736325.3323819211,7035194.551037088,True,True,False
2397,20,41,1029,1735676.3214345505,7026862.1021832675,False,False,False
2398,20,42,1030,1735028.9518289722,7018538.272863823,False,False,False
2399,20,43,1031,1734383.2175545713,7010223.039062001,False,False,False
2400,20,44,1032,1733739.1126303412,7001916.376846,False,True,False
2401,20,45,1033,1733096.6311047026,6993618.26236856,False,True,False
2402,20,46,1034,1732455.767055323,6985328.671866546,False,False,False
2403,20,47,1035,1731816.5145889393,6977047.581660537,False,False,False
2404,20,48,1036,1731178.8678411786,6968774.968154427,False,False,False
2405,20,49,1037,1730542.8209763844,6960510.807835018,True,False,False
2406,20,50,1038,1729908.3681874417,6952255.077271615,False,True,False
2407,20,51,1039,1729275.5036956028,6944007.753115636,False,True,False
2408,20,52,1040,1728644.2217503153,6935768.812100201,False,False,False
2409,20,53,1041,1728014.516629053,6927538.231039752,False,False,False
2410,20,54,1042,1727386.382637143,6919315.986829657,False,False,False
2411,20,55,1043,1726759.8141076013,6911102.056445815,False,True,False
2412,20,56,1044,1726134.8054009627,6902896.416944273,True,True,False
2413,20,57,1045,1725511.3509051155,6894699.045460833,False,True,False
2414,20,58,1046,1724889.4450351386,6886509.919210687,False,True,False
2415,20,59,1047,1724269.0822331351,6878329.015488018,False,False,False
2416,20,60,1048,1723650.256968073,6870156.311665627,False,False,False
2417,20,61,1049,1723032.963735621,6861991.785194563,True,True,False
2418,20,62,1050,1722417.1970579904,6853835.413603742,True,False,False
2419,20,63,1051,1721802.9514837752,6845687.174499575,True,True,False
2420,20,64,1052,1721190.2215877965,6837547.045565599,False,False,False
2421,20,65,1053,1720579.0019709421,6829415.004562112,False,False,False
2422,20,66,1054,1719969.2872600153,6821291.029325814,False,False,False
2423,20,67,1055,1719361.0721075763,6813175.097769421,False,False,False
2424,20,68,1056,1718754.3511917924,6805067.187881324,False,True,False
2425,20,69,1057,1718149.1192162842,6796967.277725229,True,True,False
2426,20,70,1058,1717545.370909975,6788875.345439788,True,True,False
2427,20,71,1059,1716943.1010269385,6780791.369238254,True,False,False
2428,20,72,1060,1716342.3043462553,6772715.327408118,False,False,False
2429,20,73,1061,1715742.9756718583,6764647.198310776,False,False,False
2430,20,74,1062,1715145.1098323902,6756586.960381153,False,False,False
2431,20,75,1063,1714548.7016810582,6748534.592127387,False,False,False
2432,20,76,1064,1713953.7460954844,6740490.072130458,False,False,False
2433,20,77,1065,1713360.2379775671,6732453.379043859,False,False,False
2434,20,78,1066,1712768.1722533365,6724424.491593246,True,True,False
2435,20,79,1067,1712177.5438728118,6716403.388576104,False,False,False
2436,20,80,1068,1711588.3478098607,6708390.048861418,False,False,False
2437,20,81,1069,1711000.5790620612,6700384.451389324,True,False,False
2438,20,82,1070,1710414.232650561,6692386.575170776,False,False,False
2439,20,83,1071,1709829.3036199417,6684396.399287218,False,False,False
2440,20,84,1072,1709245.7870380788,6676413.902890268,False,False,False
2441,20,85,1073,1708663.6779960094,6668439.065201365,True,True,False
2442,20,86,1074,1708082.971607795,6660471.865511459,True,False,False
2443,20,87,1075,1707503.6630103881,6652512.283180685,False,True,False
2444,20,88,1076,1706925.747363499,6644560.297638034,True,True,False
2445,20,89,1077,1706349.2198494643,6636615.888381048,True,True,False
2446,20,90,1078,1705774.0756731147,6628679.03497548,False,False,False
2447,20,91,1079,1705200.3100616457,6620749.717054996,False,False,False
2448,20,92,1080,1704627.9182644873,6612827.914320835,False,False,False
2449,20,93,1081,1704056.895553176,6604913.6065415405,False,False,False
2450,20,94,1082,1703487.2372212277,6597006.773552598,False,False,False
2451,20,95,1083,1702933.5398014102,6589122.026169354,False,False,False
2452,20,96,1084,1704536.4902206422,6584719.062164361,False,False,False
2494,21,14,1085,1764712.673572279,7250494.493500943,False,False,False
2495,21,15,1086,1761767.0100156812,7245516.590617561,False,False,False
2496,21,16,1087,1760944.7145083204,7237137.621915949,False,False,False
2497,21,17,1088,1760245.3114272112,7228592.4594561355,False,False,False
2498,21,18,1089,1759547.7266822315,7220056.513430859,False,False,False
2499,21,19,1090,1758851.9534077675,7211529.757684677,True,True,False
2500,21,20,1091,1758157.9847730154,7203012.166157616,False,False,False
2501,21,21,1092,1757465.8139817645,7194503.712884678,False,True,False
2502,21,22,1093,1756775.4342721764,7186004.371995383,False,False,False
2503,21,23,1094,1756086.8389165723,7177514.117713285,False,False,False
2504,21,24,1095,1755400.0212212175,7169032.9243555255,True,False,False
2505,21,25,1096,1754714.9745261066,7160560.766332338,False,False,False
2506,21,26,1097,1754031.6922047567,7152097.618146607,False,False,False
2507,21,27,1098,1753350.1676639935,7143643.454393409,False,False,False
2508,21,28,1099,1752670.3943437454,7135198.249759542,False,False,False
2509,21,29,1100,1751992.3657168378,7126761.979023093,False,True,False
2510,21,30,1101,1751316.0752887868,7118334.617052965,False,True,False
2511,21,31,1102,1750641.516597596,7109916.1388084395,False,False,False
2512,21,32,1103,1749968.6832135562,7101506.519338734,False,False,False
2513,21,33,1104,1749297.5687390417,7093105.733782552,False,False,False
2514,21,34,1105,1748628.166808316,7084713.757367649,False,False,False
2515,21,35,1106,1747960.4710873314,7076330.565410383,True,True,False
2516,21,36,1107,1747294.475273533,7067956.133315299,False,False,False
2517,21,37,1108,1746630.1730956659,7059590.436574677,False,False,False
2518,21,38,1109,1745967.55831358,7051233.450768118,False,False,False
2519,21,39,1110,1745306.624718042,7042885.151562103,False,False,False
2520,21,40,1111,1744647.366130541,7034545.514709574,True,True,False
2521,21,41,1112,1743989.776403102,7026214.516049526,False,False,False
2522,21,42,1113,1743333.849418098,7017892.131506559,False,False,False
2523,21,43,1114,1742679.5790880648,7009578.337090478,False,False,False
2524,21,44,1115,1742026.9593555157,7001273.108895879,False,False,False
2525,21,45,1116,1741375.9841927567,6992976.42310174,False,True,False
2526,21,46,1117,1740726.647601708,6984688.255970992,False,True,False
2527,21,47,1118,1740078.9436137194,6976408.583850133,False,False,False
2528,21,48,1119,1739432.8662893944,6968137.38316881,True,False,False
2529,21,49,1120,1738788.4097184106,6959874.630439426,True,True,False
2530,21,50,1121,1738145.568019342,6951620.302256724,False,True,False
2531,21,51,1122,1737504.3353394861,6943374.375297413,False,False,False
2532,21,52,1123,1736864.7058546876,6935136.826319751,False,False,False
2533,21,53,1124,1736226.673769167,6926907.632163161,False,False,False
2534,21,54,1125,1735590.233315346,6918686.769747838,False,False,False
2535,21,55,1126,1734955.3787536833,6910474.216074364,False,False,False
2536,21,56,1127,1734322.104372498,6902269.948223311,True,True,False
2537,21,57,1128,1733690.404487807,6894073.943354871,True,False,False
2538,21,58,1129,1733060.2734431557,6885886.178708477,True,True,False
2539,21,59,1130,1732431.7056094538,6877706.631602389,True,True,False
2540,21,60,1131,1731804.6953848102,6869535.279433358,True,True,False
2541,21,61,1132,1731179.2371943698,6861372.099676239,True,True,False
2542,21,62,1133,1730555.3254901518,6853217.0698836,True,False,False
2543,21,63,1134,1729932.9547508901,6845070.167685375,True,True,False
2544,21,64,1135,1729312.1194818707,6836931.370788468,True,False,False
2545,21,65,1136,1728692.8142147756,6828800.656976423,False,False,False
2546,21,66,1137,1728075.0335075255,6820678.004109022,False,False,False
2547,21,67,1138,1727458.7719441217,6812563.390121953,False,True,False
2548,21,68,1139,1726844.0241344923,6804456.793026428,False,True,False
2549,21,69,1140,1726230.784714338,6796358.1909088325,True,False,False
2550,21,70,1141,1725619.0483449798,6788267.561930375,False,True,False
2551,21,71,1142,1725008.8097132049,6780184.884326721,False,False,False
2552,21,72,1143,1724400.0635311182,6772110.136407653,False,False,False
2553,21,73,1144,1723792.8045359922,6764043.296556716,False,False,False
2554,21,74,1145,1723187.0274901178,6755984.343230856,False,False,False
2555,21,75,1146,1722582.7271806558,6747933.254960101,False,False,False
2556,21,76,1147,1721979.8984194922,6739890.010347193,False,False,False
2557,21,77,1148,1721378.5360430924,6731854.588067255,False,False,False
2558,21,78,1149,1720778.6349123553,6723826.966867456,True,True,False
2559,21,79,1150,1720180.1899124708,6715807.125566658,False,True,False
2560,21,80,1151,1719583.195952778,6707795.043055099,False,False,False
2561,21,81,1152,1718987.6479666217,6699790.69829404,True,False,False
2562,21,82,1153,1718393.5409112147,6691794.070315444,False,False,False
2563,21,83,1154,1717800.8697674954,6683805.138221637,False,False,False
2564,21,84,1155,1717209.6295399917,6675823.881184995,False,False,False
2565,21,85,1156,1716619.8152566813,6667850.2784475945,True,True,False
2566,21,86,1157,1716031.4219688575,6659884.309320906,True,True,False
2567,21,87,1158,1715444.444750992,6651925.9531854605,False,True,False
2568,21,88,1159,1714858.8787006,6643975.1894905325,False,False,False
2569,21,89,1160,1714274.7189381074,6636031.99775382,True,True,False
2570,21,90,1161,1713691.9606067175,6628096.357561118,True,True,False
2571,21,91,1162,1713110.5988722786,6620168.248566025,False,False,False
2572,21,92,1163,1712530.6289231551,6612247.650489598,False,False,False
2573,21,93,1164,1711952.0459700942,6604334.543120065,False,False,False
2574,21,94,1165,1711374.8452460992,6596428.906312504,False,False,False
2575,21,95,1166,1710799.0220063007,6588530.7199885305,False,True,False
2576,21,96,1167,1710972.1552670964,6583760.8444205215,False,True,False
2618,22,14,1168,1771396.5831202548,7251451.710796524,False,False,False
2619,22,15,1169,1770188.2495512872,7244995.865915982,False,False,False
2620,22,16,1170,1769477.8867992084,7236443.076132338,False,False,False
2621,22,17,1171,1768769.3727048144,7227899.522819032,False,False,False
2622,22,18,1172,1768062.7002807914,7219365.179756111,False,False,False
2623,22,19,1173,1767357.8625752842,7210840.020819372,True,True,False
2624,22,20,1174,1766654.852671675,7202324.019979874,False,False,False
2625,22,21,1175,1765953.6636883598,7193817.151303464,False,True,False
2626,22,22,1176,1765254.2887785302,7185319.388950302,False,True,False
2627,22,23,1177,1764556.721129953,7176830.707174407,True,True,False
2628,22,24,1178,1763860.953964755,7168351.080323171,True,False,False
2629,22,25,1179,1763166.980539207,7159880.482836906,False,False,False
2630,22,26,1180,1762474.7941435098,7151418.889248379,False,False,False
2631,22,27,1181,1761784.3881015824,7142966.274182367,False,False,False
2632,22,28,1182,1761095.755770852,7134522.612355183,False,True,False
2633,22,29,1183,1760408.8905420455,7126087.878574235,False,True,False
2634,22,30,1184,1759723.7858389805,7117662.04773757,False,False,False
2635,22,31,1185,1759040.4351183607,7109245.094833436,False,False,False
2636,22,32,1186,1758358.8318695726,7100836.994939836,False,False,False
2637,22,33,1187,1757678.9696144809,7092437.723224069,False,False,False
2638,22,34,1188,1757000.8419072283,7084047.254942323,True,True,False
2639,22,35,1189,1756324.4423340366,7075665.565439208,True,True,False
2640,22,36,1190,1755649.7645130057,7067292.630147343,False,False,False
2641,22,37,1191,1754976.8020939203,7058928.424586906,False,False,False
2642,22,38,1192,1754305.548758052,7050572.924365238,False,False,False
2643,22,39,1193,1753635.9982179664,7042226.105176366,True,True,False
2644,22,40,1194,1752968.1442173314,7033887.942800634,True,True,False
2645,22,41,1195,1752301.9805307249,7025558.413104245,False,False,False
2646,22,42,1196,1751637.5009634448,7017237.492038863,False,False,False
2647,22,43,1197,1750974.6993513233,7008925.15564117,False,False,False
2648,22,44,1198,1750313.5695605378,7000621.380032495,False,False,False
2649,22,45,1199,1749654.105487424,6992326.141418361,False,False,False
2650,22,46,1200,1748996.301058297,6984039.416088113,False,True,False
2651,22,47,1201,1748340.1502292631,6975761.180414465,True,True,False
2652,22,48,1202,1747685.6469860417,6967491.410853153,True,False,False
2653,22,49,1203,1747032.7853437827,6959230.083942494,False,True,False
2654,22,50,1204,1746381.5593468903,6950977.176302984,False,False,False
2655,22,51,1205,1745731.9630688438,6942732.664636939,False,False,False
2656,22,52,1206,1745083.990612021,6934496.525728059,False,False,False
2657,22,53,1207,1744437.6361075249,6926268.736441062,False,False,False
2658,22,54,1208,1743792.8937150089,6918049.273721277,False,False,False
2659,22,55,1209,1743149.7576225044,6909838.114594276,False,True,False
2660,22,56,1210,1742508.2220462505,6901635.236165469,True,True,False
2661,22,57,1211,1741868.281230522,6893440.615619739,False,False,False
2662,22,58,1212,1741229.929447464,6885254.230221036,False,False,False
2663,22,59,1213,1740593.1609969207,6877076.057312024,False,True,False
2664,22,60,1214,1739957.9702062723,6868906.074313702,False,False,False
2665,22,61,1215,1739324.351430267,6860744.258725002,True,False,False
2666,22,62,1216,1738692.2990508608,6852590.588122464,True,False,False
2667,22,63,1217,1738061.8074770502,6844445.040159811,True,True,False
2668,22,64,1218,1737432.8711447145,6836307.592567634,True,False,False
2669,22,65,1219,1736805.4845164535,6828178.22315299,True,False,False
2670,22,66,1220,1736179.6420814283,6820056.909799044,True,True,False
2671,22,67,1221,1735555.3383552039,6811943.630464734,True,True,False
2672,22,68,1222,1734932.5678795916,6803838.363184374,True,False,False
2673,22,69,1223,1734311.3252224931,6795741.086067321,True,False,False
2674,22,70,1224,1733691.6049777463,6787651.77729761,True,True,False
2675,22,71,1225,1733073.4017649714,6779570.415133609,True,False,False
2676,22,72,1226,1732456.7102294173,6771496.97790766,False,False,False
2677,22,73,1227,1731841.5250418112,6763431.4440257335,False,False,False
2678,22,74,1228,1731227.8408982093,6755373.791967076,False,False,False
2679,22,75,1229,1730615.6525198433,6747324.000283872,False,False,False
2680,22,76,1230,1730004.954652978,6739282.047600902,False,False,False
2681,22,77,1231,1729395.742068758,6731247.912615189,False,False,False
2682,22,78,1232,1728788.0095630665,6723221.574095679,True,True,False
2683,22,79,1233,1728181.7519563765,6715203.010882877,False,True,False
2684,22,80,1234,1727576.9640936085,6707192.201888542,False,True,False
2685,22,81,1235,1726973.6408439877,6699189.126095319,True,False,False
2686,22,82,1236,1726371.7771008997,6691193.762556447,True,False,False
2687,22,83,1237,1725771.3677817513,6683206.090395394,False,False,False
2688,22,84,1238,1725172.4078278295,6675226.088805548,True,False,False
2689,22,85,1239,1724574.8922041627,6667253.737049884,True,True,False
2690,22,86,1240,1723978.815899382,6659289.01446065,False,False,False
2691,22,87,1241,1723384.1739255844,6651331.900439026,False,True,False
2692,22,88,1242,1722790.9613181958,6643382.374454815,False,True,False
2693,22,89,1243,1722199.1731358368,6635440.416046136,False,False,False
2694,22,90,1244,1721608.8044601872,6627506.004819072,True,True,False
2695,22,91,1245,1721019.8503958525,6619579.120447403,True,True,False
2696,22,92,1246,1720432.3060702328,6611659.74267224,False,True,False
2697,22,93,1247,1719846.166633389,6603747.85130176,False,False,False
2698,22,94,1248,1719261.427257914,6595843.426210866,False,False,False
2699,22,95,1249,1718678.0831388014,6587946.447340894,True,True,False
2700,22,96,1250,1718576.1811917452,6582621.978510363,True,False,False
2741,23,13,1251,1783079.576066526,7257343.437204494,False,False,False
2742,23,14,1252,1779668.2427615903,7252485.056643494,False,False,False
2743,23,15,1253,1778729.1541791374,7244290.681379577,False,False,False
2744,23,16,1254,1778009.662526993,7235739.527535666,False,False,False
2745,23,17,1255,1777292.0429253276,7227197.603868986,False,False,False
2746,23,18,1256,1776576.2883003342,7218664.884191393,False,False,False
2747,23,19,1257,1775862.3916140944,7210141.342410299,True,True,False
2748,23,20,1258,1775150.345864351,7201626.952528178,False,False,False
2749,23,21,1259,1774440.1440842822,7193121.6886420855,False,False,False
2750,23,22,1260,1773731.7793422807,7184625.524943214,True,False,False
2751,23,23,1261,1773025.2447417318,7176138.43571639,True,True,False
2752,23,24,1262,1772320.5334207932,7167660.395339647,False,False,False
2753,23,25,1263,1771617.63855218,7159191.378283729,False,False,False
2754,23,26,1264,1770916.5533429456,7150731.35911166,False,False,False
2755,23,27,1265,1770217.2710342684,7142280.312478267,False,True,False
2756,23,28,1266,1769519.7849012392,7133838.213129736,False,True,False
2757,23,29,1267,1768824.08825265,7125405.035903154,False,False,False
2758,23,30,1268,1768130.1744307831,7116980.755726074,False,False,False
2759,23,31,1269,1767438.036811205,7108565.3476160625,False,False,False
2760,23,32,1270,1766747.6688025566,7100158.786680242,False,False,False
2761,23,33,1271,1766059.0638463518,7091761.048114882,False,False,False
2762,23,34,1272,1765372.2154167714,7083372.107204928,True,True,False
2763,23,35,1273,1764687.1170204622,7074991.939323594,False,False,False
2764,23,36,1274,1764003.762196336,7066620.519931907,False,False,False
2765,23,37,1275,1763322.1445153703,7058257.824578301,False,False,False
2766,23,38,1276,1762642.2575804119,7049903.828898165,False,False,False
2767,23,39,1277,1761964.0950259785,7041558.508613441,True,True,False
2768,23,40,1278,1761287.6505180667,7033221.8395321835,False,True,False
2769,23,41,1279,1760612.9177539567,7024893.7975481525,False,False,False
2770,23,42,1280,1759939.8904620225,7016574.358640387,False,False,False
2771,23,43,1281,1759268.5624015376,7008263.498872799,False,False,False
2772,23,44,1282,1758598.9273624904,6999961.194393754,False,False,False
2773,23,45,1283,1757930.9791653946,6991667.421435664,False,False,False
2774,23,46,1284,1757264.7116611025,6983382.156314586,True,False,False
2775,23,47,1285,1756600.1187306207,6975105.375429793,True,True,False
2776,23,48,1286,1755937.1942849264,6966837.055263416,False,False,False
2777,23,49,1287,1755275.9322647844,6958577.172379998,False,True,False
2778,23,50,1288,1754616.326640568,6950325.703426118,False,False,False
2779,23,51,1289,1753958.3714120782,6942082.625129995,False,False,False
2780,23,52,1290,1753302.0606083646,6933847.9143010955,False,False,False
2781,23,53,1291,1752647.3882875508,6925621.547829732,False,False,False
2782,23,54,1292,1751994.3485366553,6917403.502686687,False,False,False
2783,23,55,1293,1751342.9354714204,6909193.755922816,False,True,False
2784,23,56,1294,1750693.1432361372,6900992.284668673,True,True,False
2785,23,57,1295,1750044.9660034743,6892799.0661341185,False,False,False
2786,23,58,1296,1749398.3979743067,6884614.077607955,False,False,False
2787,23,59,1297,1748753.4333775458,6876437.296457527,False,True,False
2788,23,60,1298,1748110.0664699725,6868268.700128372,False,True,False
2789,23,61,1299,1747468.29153607,6860108.266143817,True,False,False
2790,23,62,1300,1746828.1028878565,6851955.972104641,True,True,False
2791,23,63,1301,1746189.494864722,6843811.795688673,False,True,False
2792,23,64,1302,1745552.461833264,6835675.714650453,False,False,False
2793,23,65,1303,1744916.998187126,6827547.706820856,False,True,False
2794,23,66,1304,1744283.0983468355,6819427.750106722,True,True,False
2795,23,67,1305,1743650.756759645,6811315.822490508,True,False,False
2796,23,68,1306,1743019.967899371,6803211.902029917,True,False,False
2797,23,69,1307,1742390.7262662402,6795115.966857564,False,False,False
2798,23,70,1308,1741763.0263867287,6787027.995180592,False,True,False
2799,23,71,1309,1741136.8628134085,6778947.965280342,True,True,False
2800,23,72,1310,1740512.2301247932,6770875.855512,True,True,False
2801,23,73,1311,1739889.1229251856,6762811.644304229,False,False,False
2802,23,74,1312,1739267.5358445223,6754755.310158855,False,False,False
2803,23,75,1313,1738647.463538225,6746706.831650494,False,False,False
2804,23,76,1314,1738028.9006870524,6738666.187426229,False,False,False
2805,23,77,1315,1737411.841996945,6730633.356205256,False,False,False
2806,23,78,1316,1736796.2821988843,6722608.316778553,True,False,False
2807,23,79,1317,1736182.2160487405,6714591.048008552,True,False,False
2808,23,80,1318,1735569.6383271297,6706581.52882878,False,True,False
2809,23,81,1319,1734958.5438392675,6698579.7382435445,False,False,False
2810,23,82,1320,1734348.927414826,6690585.655327613,True,False,False
2811,23,83,1321,1733740.7839077904,6682599.259225856,True,False,False
2812,23,84,1322,1733134.1081963168,6674620.529152933,True,True,False
2813,23,85,1323,1732528.8951825937,6666649.444392977,True,True,False
2814,23,86,1324,1731925.1397926984,6658685.984299257,False,False,False
2815,23,87,1325,1731322.8369764604,6650730.128293866,False,False,False
2816,23,88,1326,1730721.9817073247,6642781.855867398,False,True,False
2817,23,89,1327,1730122.5689822114,6634841.146578619,False,False,False
2818,23,90,1328,1729524.593821383,6626907.980054172,False,False,False
2819,23,91,1329,1728928.051268307,6618982.335988248,True,False,False
2820,23,92,1330,1728332.9363895229,6611064.194142277,True,True,False
2821,23,93,1331,1727739.2442745084,6603153.534344616,False,True,False
2822,23,94,1332,1727146.9700355493,6595250.336490242,True,True,False
2823,23,95,1333,1726556.1088076034,6587354.580540448,True,True,False
2824,23,96,1334,1726317.0853900977,6581455.168536268,False,False,False
2865,24,13,1335,1789346.7881625271,7258226.380359085,False,False,False
2866,24,14,1336,1787999.1565493722,7252135.225719568,False,False,False
2867,24,15,1337,1787268.6389883421,7243576.4783094395,False,False,False
2868,24,16,1338,1786540.0240387856,7235026.980957817,False,False,False
2869,24,17,1339,1785813.3045040446,7226486.707412941,False,False,False
2870,24,18,1340,1785088.4732240022,7217955.631518869,False,False,False
2871,24,19,1341,1784365.5230748546,7209433.727215005,True,True,False
2872,24,20,1342,1783644.4469688814,7200920.968535601,True,False,False
2873,24,21,1343,1782925.23785422,7192417.329609315,True,False,False
2874,24,22,1344,1782207.888714639,7183922.784658717,True,True,False
2875,24,23,1345,1781492.3925693145,7175437.307999841,False,True,False
2876,24,24,1346,1780778.742472609,7166960.874041704,False,True,False
2877,24,25,1347,1780066.9315138522,7158493.457285862,False,True,False
2878,24,26,1348,1779356.9528171192,7150035.032325937,False,True,False
2879,24,27,1349,1778648.7995410168,7141585.573847183,False,True,False
2880,24,28,1350,1777942.4648784662,7133145.056626012,False,False,False
2881,24,29,1351,1777237.9420564903,7124713.455529556,False,False,False
2882,24,30,1352,1776535.2243360009,7116290.7455152115,False,False,False
2883,24,31,1353,1775834.3050115884,7107876.901630215,False,False,False
2884,24,32,1354,1775135.1774113139,7099471.899011175,False,False,False
2885,24,33,1355,1774437.8348964995,7091075.712883654,False,False,False
2886,24,34,1356,1773742.2708615232,7082688.318561725,True,True,False
2887,24,35,1357,1773048.4787336176,7074309.691447527,False,False,False
2888,24,36,1358,1772356.4519726613,7065939.807030855,False,False,False
2889,24,37,1359,1771666.1840709827,7057578.640888721,False,False,False
2890,24,38,1360,1770977.668553157,7049226.168684919,False,False,False
2891,24,39,1361,1770290.8989758103,7040882.366169618,True,False,False
2892,24,40,1362,1769605.8689274187,7032547.209178929,False,True,False
2893,24,41,1363,1768922.5720281177,7024220.673634497,False,False,False
2894,24,42,1364,1768241.001929505,7015902.735543072,False,False,False
2895,24,43,1365,1767561.1523144492,7007593.370996105,False,False,False
2896,24,44,1366,1766883.0168968968,6999292.55616934,False,False,False
2897,24,45,1367,1766206.5894216844,6991000.267322392,False,False,False
2898,24,46,1368,1765531.8636643498,6982716.480798351,True,False,False
2899,24,47,1369,1764858.833430944,6974441.173023381,False,True,False
2900,24,48,1370,1764187.4925578465,6966174.320506308,False,False,False
2901,24,49,1371,1763517.8349115804,6957915.899838227,False,True,False
2902,24,50,1372,1762849.8543886303,6949665.887692105,False,False,False
2903,24,51,1373,1762183.5449152582,6941424.260822393,False,False,False
2904,24,52,1374,1761518.9004473272,6933190.996064614,False,False,False
2905,24,53,1375,1760855.9149701183,6924966.070334993,False,False,False
2906,24,54,1376,1760194.5824981553,6916749.460630066,False,False,False
2907,24,55,1377,1759534.8970750272,6908541.144026286,False,True,False
2908,24,56,1378,1758876.8527732138,6900341.097679648,True,True,False
2909,24,57,1379,1758220.4436939112,6892149.298825303,False,False,False
2910,24,58,1380,1757565.6639668583,6883965.724777184,False,False,False
2911,24,59,1381,1756912.507750168,6875790.352927631,False,False,False
2912,24,60,1382,1756260.9692301536,6867623.160746997,True,True,False
2913,24,61,1383,1755611.0426211627,6859464.12578332,True,True,False
2914,24,62,1384,1754962.7221654078,6851313.2256618915,True,True,False
2915,24,63,1385,1754316.0021328006,6843170.43808495,False,True,False
2916,24,64,1386,1753670.8768207855,6835035.740831273,False,False,False
2917,24,65,1387,1753027.3405541768,6826909.111755829,False,False,False
2918,24,66,1388,1752385.3876849958,6818790.528789424,True,False,False
2919,24,67,1389,1751745.0125923057,6810679.969938322,True,False,False
2920,24,68,1390,1751106.2096820564,6802577.413283905,False,False,False
2921,24,69,1391,1750468.9733869198,6794482.836982313,False,False,False
2922,24,70,1392,1749833.2981661344,6786396.219264074,False,False,False
2923,24,71,1393,1749199.1785053476,6778317.538433795,False,False,False
2924,24,72,1394,1748566.608916458,6770246.772869761,True,True,False
2925,24,73,1395,1747935.583937462,6762183.901023627,True,True,False
2926,24,74,1396,1747306.098132299,6754128.901420046,True,True,False
2927,24,75,1397,1746678.1460906987,6746081.752656347,True,False,False
2928,24,76,1398,1746051.7224280299,6738042.433402188,False,False,False
2929,24,77,1399,1745426.821785148,6730010.922399201,False,False,False
2930,24,78,1400,1744803.4388282474,6721987.198460683,False,False,False
2931,24,79,1401,1744181.5682487122,6713971.24047122,True,False,False
2932,24,80,1402,1743561.2047629666,6705963.027386403,False,True,False
2933,24,81,1403,1742942.3431123323,6697962.538232455,False,True,False
2934,24,82,1404,1742324.9780628795,6689969.752105921,False,False,False
2935,24,83,1405,1741709.104405284,6681984.648173341,True,False,False
2936,24,84,1406,1741094.7169546837,6674007.2056709025,True,True,False
2937,24,85,1407,1740481.8105505356,6666037.403904155,True,False,False
2938,24,86,1408,1739870.3800564737,6658075.222247649,False,False,False
2939,24,87,1409,1739260.4203601708,6650120.640144631,False,False,False
2940,24,88,1410,1738651.9263731965,6642173.637106736,False,True,False
2941,24,89,1411,1738044.8930308798,6634234.192713646,False,True,False
2942,24,90,1412,1737439.315292172,6626302.286612792,False,False,False
2943,24,91,1413,1736835.1881395073,6618377.898519047,False,False,False
2944,24,92,1414,1736232.5065786722,6610461.008214379,True,False,False
2945,24,93,1415,1735631.2656386648,6602551.5955475895,True,True,False
2946,24,94,1416,1735031.460371566,6594649.640433968,True,True,False
2947,24,95,1417,1734433.0858524041,6586755.122854998,False,False,False
2948,24,96,1418,1734097.1273023537,6580274.890690377,False,False,False
2988,25,12,1419,1801478.8969942962,7264155.789243979,False,False,False
2989,25,13,1420,1797591.6975604526,7259348.04669875,False,False,False
2990,25,14,1421,1796546.3448893682,7251410.325532432,False,False,False
2991,25,15,1422,1795806.6862798613,7242853.261622213,False,False,False
2992,25,16,1423,1795068.953703927,7234305.441290032,False,False,False
2993,25,17,1424,1794333.1398783515,7225766.838316908,False,False,False
2994,25,18,1425,1793599.2375568887,7217237.426579476,False,False,False
2995,25,19,1426,1792867.239530032,7208717.1800494995,True,True,False
2996,25,20,1427,1792137.138624777,7200206.072793406,True,True,False
2997,25,21,1428,1791408.927704398,7191704.0789718125,False,True,False
2998,25,22,1429,1790682.599668216,7183211.172839036,False,True,False
2999,25,23,1430,1789958.1474513747,7174727.32874268,False,False,False
3000,25,24,1431,1789235.5640246149,7166252.521123123,False,True,False
3001,25,25,1432,1788514.8423940523,7157786.724513082,False,True,False
3002,25,26,1433,1787795.975600957,7149329.913537158,False,False,False
3003,25,27,1434,1787078.9567215333,7140882.06291138,False,False,False
3004,25,28,1435,1786363.7788667022,7132443.147442738,False,False,False
3005,25,29,1436,1785650.4351818857,7124013.142028758,False,False,False
3006,25,30,1437,1784938.918846791,7115592.021657053,False,False,False
3007,25,31,1438,1784229.223075199,7107179.761404866,False,False,False
3008,25,32,1439,1783521.3411147522,7098776.336438644,False,False,False
3009,25,33,1440,1782815.2662467454,7090381.722013589,False,False,False
3010,25,34,1441,1782110.9917859167,7081995.893473235,True,True,False
3011,25,35,1442,1781408.5110802422,7073618.826249001,False,False,False
3012,25,36,1443,1780707.817510728,7065250.495859783,False,False,False
3013,25,37,1444,1780008.9044912113,7056890.87791151,False,False,False
3014,25,38,1445,1779311.765468153,7048539.948096717,False,False,False
3015,25,39,1446,1778616.3939204405,7040197.682194136,True,False,False
3016,25,40,1447,1777922.783359188,7031864.056068262,False,True,False
3017,25,41,1448,1777230.927327538,7023539.045668956,False,False,False
3018,25,42,1449,1776540.8194004644,7015222.62703101,False,False,False
3019,25,43,1450,1775852.4531845802,7006914.77627374,False,False,False
3020,25,44,1451,1775165.8223179418,6998615.469600586,False,False,False
3021,25,45,1452,1774480.9204698582,6990324.683298693,False,False,False
3022,25,46,1453,1773797.7413406994,6982042.393738512,True,False,False
3023,25,47,1454,1773116.278661708,6973768.577373397,False,True,False
3024,25,48,1455,1772436.526194812,6965503.210739201,False,True,False
3025,25,49,1456,1771758.4777324367,6957246.2704538815,False,True,False
3026,25,50,1457,1771082.1270973207,6948997.73321711,False,False,False
3027,25,51,1458,1770407.468142333,6940757.575809862,False,False,False
3028,25,52,1459,1769734.4947502876,6932525.775094049,False,False,False
3029,25,53,1460,1769063.2008337667,6924302.308012111,False,False,False
3030,25,54,1461,1768393.5803349367,6916087.151586637,False,False,False
3031,25,55,1462,1767725.6272253736,6907880.282919979,False,True,False
3032,25,56,1463,1767059.3355058813,6899681.6791938795,True,True,False
3033,25,57,1464,1766394.6992063213,6891491.317669079,False,False,False
3034,25,58,1465,1765731.7123854319,6883309.175684947,False,False,False
3035,25,59,1466,1765070.3691306612,6875135.230659093,False,False,False
3036,25,60,1467,1764410.6635579888,6866969.460087013,True,False,False
3037,25,61,1468,1763752.58981176,6858811.84154171,True,False,False
3038,25,62,1469,1763096.1420645127,6850662.352673322,False,True,False
3039,25,63,1470,1762441.3145168105,6842520.971208758,False,True,False
3040,25,64,1471,1761788.1013970755,6834387.674951324,False,False,False
3041,25,65,1472,1761136.4969614216,6826262.441780388,False,False,False
3042,25,66,1473,1760486.4954934893,6818145.249650983,False,False,False
3043,25,67,1474,1759838.0913042838,6810036.076593478,True,False,False
3044,25,68,1475,1759191.278732011,6801934.900713201,False,False,False
3045,25,69,1476,1758546.0521419153,6793841.700190105,False,False,False
3046,25,70,1477,1757902.4059261216,6785756.4532783935,False,False,False
3047,25,71,1478,1757260.3345034746,6777679.138306193,False,False,False
3048,25,72,1479,1756619.8323193814,6769609.73367518,False,False,False
3049,25,73,1480,1755980.8938456548,6761548.217860262,False,False,False
3050,25,74,1481,1755343.5135803565,6753494.569409209,False,True,False
3051,25,75,1482,1754707.6860476444,6745448.766942324,True,False,False
3052,25,76,1483,1754073.4057976173,6737410.789152101,True,False,False
3053,25,77,1484,1753440.6674061625,6729380.614802888,False,False,False
3054,25,78,1485,1752809.4654748056,6721358.22273054,False,False,False
3055,25,79,1486,1752179.7946305606,6713343.591842106,True,False,False
3056,25,80,1487,1751551.6495257772,6705336.701115467,False,False,False
3057,25,81,1488,1750925.0248379966,6697337.529599033,False,True,False
3058,25,82,1489,1750299.915269802,6689346.056411397,False,True,False
3059,25,83,1490,1749676.3155486735,6681362.260741008,False,False,False
3060,25,84,1491,1749054.220426842,6673386.121845864,True,True,False
3061,25,85,1492,1748433.624681146,6665417.619053162,True,False,False
3062,25,86,1493,1747814.5231128877,6657456.731758993,False,False,False
3063,25,87,1494,1747196.9105476923,6649503.439428019,False,False,False
3064,25,88,1495,1746580.7818353644,6641557.721593161,False,False,False
3065,25,89,1496,1745966.13184975,6633619.557855265,False,True,False
3066,25,90,1497,1745352.9554885963,6625688.927882806,False,True,False
3067,25,91,1498,1744741.2476734146,6617765.811411564,False,True,False
3068,25,92,1499,1744131.0033493417,6609850.188244322,True,True,False
3069,25,93,1500,1743522.2174850036,6601942.038250549,True,True,False
3070,25,94,1501,1742914.8850723812,6594041.341366093,False,True,False
3071,25,95,1502,1742309.0011266754,6586148.077592881,False,False,False
3072,25,96,1503,1741892.7770706182,6579084.633084973,False,False,False
3112,26,12,1504,1807422.3816653518,7264979.2251384845,False,False,False
3113,26,13,1505,1805842.8229896596,7259241.019258733,False,False,False
3114,26,14,1506,1805092.0722666907,7250676.3961254805,False,False,False
3115,26,15,1507,1804343.2783772945,7242121.036294058,False,False,False
3116,26,16,1508,1803596.4339142542,7233574.913482778,False,False,False
3117,26,17,1509,1802851.5315079857,7225038.001505822,False,False,False
3118,26,18,1510,1802108.5638262993,7216510.274272781,False,True,False
3119,26,19,1511,1801367.5235741655,7207991.705788159,True,True,False
3120,26,20,1512,1800628.4034934815,7199482.270150915,True,True,False
3121,26,21,1513,1799891.1963628356,7190981.941553992,False,False,False
3122,26,22,1514,1799155.8949972815,7182490.694283852,False,False,False
3123,26,23,1515,1798422.4922481067,7174008.502720011,False,False,False
3124,26,24,1516,1797690.9810026067,7165535.341334582,False,False,False
3125,26,25,1517,1796961.3541838592,7157071.184691809,False,True,False
3126,26,26,1518,1796233.6047505017,7148616.007447623,False,False,False
3127,26,27,1519,1795507.725696509,7140169.784349173,False,False,False
3128,26,28,1520,1794783.7100509722,7131732.49023441,False,False,False
3129,26,29,1521,1794061.5508778812,7123304.100031605,False,False,False
3130,26,30,1522,1793341.241275908,7114884.5887589175,False,False,False
3131,26,31,1523,1792622.7743781905,7106473.931523958,False,False,False
3132,26,32,1524,1791906.1433521193,7098072.103523356,False,False,False
3133,26,33,1525,1791191.3413991262,7089679.080042301,True,False,False
3134,26,34,1526,1790478.361754472,7081294.836454129,True,True,False
3135,26,35,1527,1789767.1976870387,7072919.34821989,False,False,False
3136,26,36,1528,1789057.8424991227,7064552.590887906,False,False,False
3137,26,37,1529,1788350.2895262274,7056194.54009336,False,False,False
3138,26,38,1530,1787644.532136859,7047845.171557873,True,False,False
3139,26,39,1531,1786940.563732325,7039504.461089061,True,False,False
3140,26,40,1532,1786238.3777465317,7031172.3845801465,False,True,False
3141,26,41,1533,1785537.967645784,7022848.918009529,False,True,False
3142,26,42,1534,1784839.326928588,7014534.037440362,False,False,False
3143,26,43,1535,1784142.449125453,7006227.719020163,False,False,False
3144,26,44,1536,1783447.3277986967,6997929.9389803875,False,False,False
3145,26,45,1537,1782753.9565422502,6989640.673636031,True,False,False
3146,26,46,1538,1782062.328981467,6981359.899385221,True,False,False
3147,26,47,1539,1781372.4387729294,6973087.592708823,False,False,False
3148,26,48,1540,1780684.2796042603,6964823.73017003,False,True,False
3149,26,49,1541,1779997.8451939342,6956568.288413984,False,True,False
3150,26,50,1542,1779313.1292910902,6948321.244167359,False,False,False
3151,26,51,1543,1778630.1256753455,6940082.574237981,False,False,False
3152,26,52,1544,1777948.8281566114,6931852.255514443,False,False,False
3153,26,53,1545,1777269.2305749112,6923630.264965709,False,False,False
3154,26,54,1546,1776591.3268001962,6915416.579640727,False,False,False
3155,26,55,1547,1775915.110732167,6907211.176668065,True,False,False
3156,26,56,1548,1775240.5763000948,6899014.033255496,True,False,False
3157,26,57,1549,1774567.7174626407,6890825.12668965,False,False,False
3158,26,58,1550,1773896.5282076823,6882644.434335628,False,False,False
3159,26,59,1551,1773227.002552137,6874471.933636627,False,False,False
3160,26,60,1552,1772559.1345417872,6866307.602113559,True,False,False
3161,26,61,1553,1771892.9182511086,6858151.417364699,True,False,False
3162,26,62,1554,1771228.3477830982,6850003.357065304,False,True,False
3163,26,63,1555,1770565.417269105,6841863.398967249,False,True,False
3164,26,64,1556,1769904.120868658,6833731.520898671,False,False,False
3165,26,65,1557,1769244.452769302,6825607.7007635925,False,False,False
3166,26,66,1558,1768586.4071864274,6817491.91654159,True,False,False
3167,26,67,1559,1767929.9783631074,6809384.146287398,True,False,False
3168,26,68,1560,1767275.1605699323,6801284.368130585,False,False,False
3169,26,69,1561,1766621.948104846,6793192.560275188,False,False,False
3170,26,70,1562,1765970.3352929857,6785108.700999364,False,False,False
3171,26,71,1563,1765320.3164865186,6777032.7686550375,False,False,False
3172,26,72,1564,1764671.886064483,6768964.74166755,False,False,False
3173,26,73,1565,1764025.0384326316,6760904.598535335,False,False,False
3174,26,74,1566,1763379.768023272,6752852.317829546,False,True,False
3175,26,75,1567,1762736.0692951097,6744807.8781937305,False,True,False
3176,26,76,1568,1762093.9367330947,6736771.258343492,True,False,False
3177,26,77,1569,1761453.3648482666,6728742.437066154,False,False,False
3178,26,78,1570,1760814.3481776014,6720721.3932204135,False,False,False
3179,26,79,1571,1760176.8812838583,6712708.1057360135,True,False,False
3180,26,80,1572,1759540.9587554317,6704702.553613416,False,False,False
3181,26,81,1573,1758906.5752061987,6696704.715923462,False,False,False
3182,26,82,1574,1758273.7252753705,6688714.571807052,False,True,False
3183,26,83,1575,1757642.403627346,6680732.100474821,False,False,False
3184,26,84,1576,1757012.604951564,6672757.281206805,True,True,False
3185,26,85,1577,1756384.3239623571,6664790.0933521185,True,True,False
3186,26,86,1578,1755757.5553988076,6656830.516328651,False,False,False
3187,26,87,1579,1755132.294024604,6648878.5296227215,False,False,False
3188,26,88,1580,1754508.5346278981,6640934.112788791,False,False,False
3189,26,89,1581,1753886.2720211619,6632997.245449119,False,False,False
3190,26,90,1582,1753265.5010410505,6625067.90729347,False,False,False
3191,26,91,1583,1752646.2165482559,6617146.078078791,False,False,False
3192,26,92,1584,1752028.4134273762,6609231.7376288995,True,True,False
3193,26,93,1585,1751412.086586771,6601324.865834191,True,True,False
3194,26,94,1586,1750797.230958429,6593425.4426513165,False,False,False
3195,26,95,1587,1750183.8414978278,6585533.448102878,False,False,False
3196,26,96,1588,1749694.2058560424,6577887.435801181,False,False,False
3197,26,97,1589,1753011.5354981532,6573387.11626117,False,False,False
3236,27,12,1590,1815502.2283573472,7266091.397407075,False,False,False
3237,27,13,1591,1814396.2245749936,7258496.334393268,False,False,False
3238,27,14,1592,1813636.3209594134,7249933.442560445,False,False,False
3239,27,15,1593,1812878.3976271444,7241379.80736055,False,False,False
3240,27,16,1594,1812122.4470843612,7232835.402545641,False,False,False
3241,27,17,1595,1811368.4618752983,7224300.20196345,False,False,False
3242,27,18,1596,1810616.4345820083,7215774.179556877,True,True,False
3243,27,19,1597,1809866.3578241242,7207257.30936356,True,False,False
3244,27,20,1598,1809118.2242586256,7198749.565515361,True,False,False
3245,27,21,1599,1808372.0265796005,7190250.9222379215,False,False,False
3246,27,22,1600,1807627.7575180135,7181761.353850208,False,False,False
3247,27,23,1601,1806885.409841477,7173280.834764017,False,False,False
3248,27,24,1602,1806144.9763540176,7164809.339483552,False,False,False
3249,27,25,1603,1805406.4498958532,7156346.842604951,False,True,False
3250,27,26,1604,1804669.8233431638,7147893.318815827,False,False,False
3251,27,27,1605,1803935.0896078674,7139448.742894838,False,False,False
3252,27,28,1606,1803202.241637399,7131013.089711205,False,False,False
3253,27,29,1607,1802471.2724144887,7122586.334224312,False,False,False
3254,27,30,1608,1801742.1749569424,7114168.451483225,False,False,False
3255,27,31,1609,1801014.942317425,7105759.416626269,False,False,False
3256,27,32,1610,1800289.567583242,7097359.204880585,False,False,False
3257,27,33,1611,1799566.0438761285,7088967.791561715,True,False,False
3258,27,34,1612,1798844.3643520335,7080585.152073129,False,True,False
3259,27,35,1613,1798124.5222009101,7072211.261905838,False,False,False
3260,27,36,1614,1797406.510646506,7063846.096637939,False,False,False
3261,27,37,1615,1796690.3229461526,7055489.631934218,False,False,False
3262,27,38,1616,1795975.9523905632,7047141.843545686,True,False,False
3263,27,39,1617,1795263.392303623,7038802.707309194,False,False,False
3264,27,40,1618,1794552.6360421898,7030472.1991470205,False,False,False
3265,27,41,1619,1793843.676995887,7022150.295066425,False,True,False
3266,27,42,1620,1793136.5085869082,7013836.971159256,False,False,False
3267,27,43,1621,1792431.1242698147,7005532.203601547,False,False,False
3268,27,44,1622,1791727.5175313377,6997235.968653096,True,False,False
3269,27,45,1623,1791025.681890185,6988948.242657069,True,False,False
3270,27,46,1624,1790325.6108968423,6980669.002039589,False,False,False
3271,27,47,1625,1789627.298133383,6972398.223309349,False,False,False
3272,27,48,1626,1788930.737213274,6964135.883057204,False,True,False
3273,27,49,1627,1788235.9217811872,6955881.957955774,False,True,False
3274,27,50,1628,1787542.845512807,6947636.424759061,False,False,False
3275,27,51,1629,1786851.502114647,6939399.260302046,False,False,False
3276,27,52,1630,1786161.8853238595,6931170.441500314,False,False,False
3277,27,53,1631,1785473.9889080524,6922949.94534966,False,False,False
3278,27,54,1632,1784787.8066651048,6914737.748925694,False,False,False
3279,27,55,1633,1784103.332422985,6906533.829383482,True,False,False
3280,27,56,1634,1783420.5600395685,6898338.163957152,True,False,False
3281,27,57,1635,1782739.4834024596,6890150.729959525,False,False,False
3282,27,58,1636,1782060.0964288116,6881971.504781716,False,False,False
3283,27,59,1637,1781382.3930651492,6873800.465892798,False,False,False
3284,27,60,1638,1780706.3672871934,6865637.590839409,True,False,False
3285,27,61,1639,1780032.0130996876,6857482.857245375,True,False,False
3286,27,62,1640,1779359.3245362225,6849336.242811367,False,True,False
3287,27,63,1641,1778688.295659064,6841197.725314524,False,True,False
3288,27,64,1642,1778018.920558983,6833067.282608077,False,True,False
3289,27,65,1643,1777351.193355085,6824944.892621015,True,False,False
3290,27,66,1644,1776685.1081946432,6816830.533357718,True,False,False
3291,27,67,1645,1776020.6592529276,6808724.182897575,False,False,False
3292,27,68,1646,1775357.8407330422,6800625.819394685,False,False,False
3293,27,69,1647,1774696.646865759,6792535.421077437,False,False,False
3294,27,70,1648,1774037.0719093527,6784452.966248215,False,False,False
3295,27,71,1649,1773379.1101494406,6776378.433283023,False,False,False
3296,27,72,1650,1772722.7558988188,6768311.800631148,False,False,False
3297,27,73,1651,1772068.003497303,6760253.046814804,False,False,False
3298,27,74,1652,1771414.847311569,6752202.150428809,False,False,False
3299,27,75,1653,1770763.2817349946,6744159.0901402235,False,True,False
3300,27,76,1654,1770113.3011875034,6736123.844688033,True,False,False
3301,27,77,1655,1769464.9001154061,6728096.39288279,True,False,False
3302,27,78,1656,1768818.0729912496,6720076.713606302,True,False,False
3303,27,79,1657,1768172.8143136604,6712064.785811276,True,False,False
3304,27,80,1658,1767529.118607193,6704060.588521006,False,False,False
3305,27,81,1659,1766886.9804221792,6696064.100829031,False,False,False
3306,27,82,1660,1766246.3943345752,6688075.30189882,False,True,False
3307,27,83,1661,1765607.3549458142,6680094.170963437,False,True,False
3308,27,84,1662,1764969.8568826579,6672120.687325221,True,True,False
3309,27,85,1663,1764333.8947970478,6664154.830355466,True,True,False
3310,27,86,1664,1763699.46336596,6656196.579494091,False,False,False
3311,27,87,1665,1763066.5572912598,6648245.91424935,False,False,False
3312,27,88,1666,1762435.1712995563,6640302.814197472,False,False,False
3313,27,89,1667,1761805.3001420612,6632367.258982387,False,False,False
3314,27,90,1668,1761176.9385944442,6624439.228315393,False,False,False
3315,27,91,1669,1760550.0814566924,6616518.7019748455,False,False,False
3316,27,92,1670,1759924.7235529711,6608605.659805859,True,False,False
3317,27,93,1671,1759300.8597314828,6600700.0817199815,False,True,False
3318,27,94,1672,1758678.4848643297,6592801.947694909,False,False,False
3319,27,95,1673,1758057.593847376,6584911.237774165,False,False,False
3320,27,96,1674,1757438.1816001108,6577027.932066811,False,False,False
3321,27,97,1675,1758244.742858032,6572576.553917085,False,False,False
3359,28,11,1676,1825738.012385184,7271724.958516689,False,False,False
3360,28,12,1677,1823720.073381306,7266311.949168273,False,False,False
3361,28,13,1678,1822948.1238416352,7257742.609887276,False,False,False
3362,28,14,1679,1822179.073268923,7249181.469958627,True,True,False
3363,28,15,1680,1821412.0263990802,7240629.5799165275,False,False,False
3364,28,16,1681,1820646.9756518637,7232086.913547177,False,True,False
3365,28,17,1682,1819883.9134855166,7223553.444732209,True,True,False
3366,28,18,1683,1819122.8323965215,7215029.147448243,True,True,False
3367,28,19,1684,1818363.7249193625,7206513.995766394,False,False,False
3368,28,20,1685,1817606.5836262861,7198007.963851802,True,False,False
3369,28,21,1686,1816851.4011270632,7189511.025963192,True,False,False
3370,28,22,1687,1816098.1700687539,7181023.156452375,False,False,False
3371,28,23,1688,1815346.8831354748,7172544.329763817,False,False,False
3372,28,24,1689,1814597.5330481662,7164074.520434167,False,False,False
3373,28,25,1690,1813850.1125643626,7155613.703091809,False,True,False
3374,28,26,1691,1813104.6144779637,7147161.852456407,False,True,False
3375,28,27,1692,1812361.0316190084,7138718.943338459,False,False,False
3376,28,28,1693,1811619.3568534502,7130284.950638843,False,False,False
3377,28,29,1694,1810879.5830829309,7121859.849348384,False,False,False
3378,28,30,1695,1810141.7032445646,7113443.61454741,False,False,False
3379,28,31,1696,1809405.7103107115,7105036.221405304,False,False,False
3380,28,32,1697,1808671.5972887636,7096637.645180084,False,False,False
3381,28,33,1698,1807939.357220927,7088247.861217946,True,True,False
3382,28,34,1699,1807208.9831840063,7079866.844952872,False,True,False
3383,28,35,1700,1806480.4682891907,7071494.571906158,False,False,False
3384,28,36,1701,1805753.805681843,7063131.017686021,False,False,False
3385,28,37,1702,1805028.9885412897,7054776.15798716,False,False,False
3386,28,38,1703,1804306.010080609,7046429.968590336,True,False,False
3387,28,39,1704,1803584.8635464278,7038092.425361964,False,False,False
3388,28,40,1705,1802865.5422187124,7029763.504253685,False,False,False
3389,28,41,1706,1802148.0394105662,7021443.18130196,False,True,False
3390,28,42,1707,1801432.348468026,7013131.432627663,True,False,False
3391,28,43,1708,1800718.4627698609,7004828.234435658,True,False,False
3392,28,44,1709,1800006.3757273734,6996533.563014412,True,False,False
3393,28,45,1710,1799296.0807841986,6988247.394735573,False,False,False
3394,28,46,1711,1798587.57141611,6979969.706053587,False,False,False
3395,28,47,1712,1797880.8411308222,6971700.473505279,False,False,False
3396,28,48,1713,1797175.8834677981,6963439.673709481,False,True,False
3397,28,49,1714,1796472.6919980545,6955187.283366613,False,True,False
3398,28,50,1715,1795771.2603239727,6946943.2792583015,False,True,False
3399,28,51,1716,1795071.5820791076,6938707.638247,False,False,False
3400,28,52,1717,1794373.6509279993,6930480.337275593,False,False,False
3401,28,53,1718,1793677.4605659868,6922261.353366997,False,False,False
3402,28,54,1719,1792983.0047190199,6914050.6636238,False,False,False
3403,28,55,1720,1792290.277143478,6905848.245227872,False,False,False
3404,28,56,1721,1791599.2716259847,6897654.075439983,True,False,False
3405,28,57,1722,1790909.9819832263,6889468.131599434,False,False,False
3406,28,58,1723,1790222.4020617725,6881290.39112367,False,False,False
3407,28,59,1724,1789536.525737895,6873120.831507933,True,False,False
3408,28,60,1725,1788852.3469173918,6864959.430324862,True,False,False
3409,28,61,1726,1788169.859535411,6856806.165224137,False,True,False
3410,28,62,1727,1787489.057556271,6848661.013932132,False,True,False
3411,28,63,1728,1786809.9349732928,6840523.954251526,False,False,False
3412,28,64,1729,1786132.4858086219,6832394.964060945,False,True,False
3413,28,65,1730,1785456.7041130594,6824274.021314626,True,True,False
3414,28,66,1731,1784782.5839658903,6816161.104042019,False,False,False
3415,28,67,1732,1784110.1194747153,6808056.190347481,False,False,False
3416,28,68,1733,1783439.3047752818,6799959.258409872,False,False,False
3417,28,69,1734,1782770.1340313188,6791870.286482253,False,False,False
3418,28,70,1735,1782102.601434369,6783789.252891491,False,False,False
3419,28,71,1736,1781436.7012036259,6775716.136037957,False,False,False
3420,28,72,1737,1780772.4275857697,6767650.914395131,False,False,False
3421,28,73,1738,1780109.7748548063,6759593.5665093055,False,False,False
3422,28,74,1739,1779448.737311904,6751544.070999223,False,False,False
3423,28,75,1740,1778789.309285238,6743502.406555723,False,True,False
3424,28,76,1741,1778131.4851298262,6735468.551941436,True,False,False
3425,28,77,1742,1777475.2592273753,6727442.485990424,True,False,False
3426,28,78,1743,1776820.625986124,6719424.187607847,True,False,False
3427,28,79,1744,1776167.5798406855,6711413.635769656,False,False,False
3428,28,80,1745,1775516.115251896,6703410.809522225,False,False,False
3429,28,81,1746,1774866.226706659,6695415.687982059,False,False,False
3430,28,82,1747,1774217.9087177953,6687428.250335448,False,False,False
3431,28,83,1748,1773571.1558238894,6679448.475838143,False,True,False
3432,28,84,1749,1772925.9625891421,6671476.3438150445,True,True,False
3433,28,85,1750,1772282.3236032198,6663511.833659866,True,False,False
3434,28,86,1751,1771640.2334811068,6655554.924834828,False,False,False
3435,28,87,1752,1770999.686862959,6647605.596870346,False,False,False
3436,28,88,1753,1770360.678413958,6639663.829364688,False,False,False
3437,28,89,1754,1769723.2028241646,6631729.6019836925,False,False,False
3438,28,90,1755,1769087.254808378,6623802.894460435,False,False,False
3439,28,91,1756,1768452.8291059886,6615883.686594933,False,False,False
3440,28,92,1757,1767819.9204808406,6607971.958253826,True,False,False
3441,28,93,1758,1767188.5237210887,6600067.68937007,True,True,False
3442,28,94,1759,1766558.6336390572,6592170.859942641,False,False,False
3443,28,95,1760,1765930.2450711033,6584281.450036227,False,False,False
3444,28,96,1761,1765303.352877478,6576399.439780924,False,False,False
3445,28,97,1762,1765331.8006174753,6571473.375142463,False,False,False
3483,29,11,1763,1833427.1005857284,7272765.485146415,False,False,False
3484,29,12,1764,1832278.7293695107,7265548.487733949,False,False,False
3485,29,13,1765,1831498.503046083,7256979.850948419,False,False,False
3486,29,14,1766,1830720.3115201872,7248420.483500763,True,True,False
3487,29,15,1767,1829944.147086201,7239870.359115982,True,False,False
3488,29,16,1768,1829170.0020776584,7231329.45161478,False,True,False
3489,29,17,1769,1828397.8688670013,7222797.734913094,True,False,False
3490,29,18,1770,1827627.7398653335,7214275.183021609,False,False,False
3491,29,19,1771,1826859.6075221784,7205761.770045305,False,False,False
3492,29,20,1772,1826093.4643252378,7197257.470182976,False,False,False
3493,29,21,1773,1825329.3028001506,7188762.2577267755,True,False,False
3494,29,22,1774,1824567.115510258,7180276.107061742,True,False,False
3495,29,23,1775,1823806.8950563641,7171798.992665363,False,False,False
3496,29,24,1776,1823048.634076504,7163330.889107101,False,False,False
3497,29,25,1777,1822292.3252457103,7154871.771047944,False,False,False
3498,29,26,1778,1821537.9612757815,7146421.61323996,False,True,False
3499,29,27,1779,1820785.534915055,7137980.390525843,False,True,False
3500,29,28,1780,1820035.038948178,7129548.077838475,False,False,False
3501,29,29,1781,1819286.4661958823,7121124.650200487,False,False,False
3502,29,30,1782,1818539.8095147612,7112710.082723795,False,False,False
3503,29,31,1783,1817795.0617970445,7104304.350609203,False,False,False
3504,29,32,1784,1817052.2159703819,7095907.429145933,True,False,False
3505,29,33,1785,1816311.2649976204,7087519.293711205,True,True,False
3506,29,34,1786,1815572.2018765886,7079139.919769821,False,False,False
3507,29,35,1787,1814835.0196398804,7070769.282873718,False,False,False
3508,29,36,1788,1814099.71135464,7062407.3586615585,False,False,False
3509,29,37,1789,1813366.2701223516,7054054.122858301,False,False,False
3510,29,38,1790,1812634.6890786258,7045709.551274777,True,False,False
3511,29,39,1791,1811904.9613929912,7037373.619807296,False,False,False
3512,29,40,1792,1811177.0802686866,7029046.304437194,False,True,False
3513,29,41,1793,1810451.0389424532,7020727.5812304625,True,True,False
3514,29,42,1794,1809726.8306843322,7012417.42633731,True,False,False
3515,29,43,1795,1809004.4487974579,7004115.81599177,False,False,False
3516,29,44,1796,1808283.8866178594,6995822.726511283,False,False,False
3517,29,45,1797,1807565.1375142573,6987538.134296311,False,False,False
3518,29,46,1798,1806848.1948878656,6979262.015829926,False,False,False
3519,29,47,1799,1806133.0521721942,6970994.347677413,False,True,False
3520,29,48,1800,1805419.702832854,6962735.1064858865,False,True,False
3521,29,49,1801,1804708.1403673585,6954484.268983871,False,False,False
3522,29,50,1802,1803998.3583049348,6946241.811980946,False,True,False
3523,29,51,1803,1803290.35020633,6938007.712367328,False,True,False
3524,29,52,1804,1802584.1096636187,6929781.947113498,False,False,False
3525,29,53,1805,1801879.630300017,6921564.493269821,False,False,False
3526,29,54,1806,1801176.9057696934,6913355.327966148,False,False,False
3527,29,55,1807,1800475.929757582,6905154.428411457,False,False,False
3528,29,56,1808,1799776.695979197,6896961.771893462,True,False,False
3529,29,57,1809,1799079.1981804515,6888777.33577824,False,False,False
3530,29,58,1810,1798383.430137472,6880601.09750986,True,False,False
3531,29,59,1811,1797689.3856564187,6872433.034610017,True,False,False
3532,29,60,1812,1796997.058573306,6864273.124677655,True,False,False
3533,29,61,1813,1796306.4427538232,6856121.345388598,False,True,False
3534,29,62,1814,1795617.532093158,6847977.674495203,False,False,False
3535,29,63,1815,1794930.32051582,6839842.089825977,False,False,False
3536,29,64,1816,1794244.8019754663,6831714.569285231,False,False,False
3537,29,65,1817,1793560.9704547264,6823595.090852716,True,True,False
3538,29,66,1818,1792878.8199650338,6815483.632583264,False,True,False
3539,29,67,1819,1792198.3445464505,6807380.172606445,False,False,False
3540,29,68,1820,1791519.5382675012,6799284.689126191,False,False,False
3541,29,69,1821,1790842.3952250013,6791197.160420488,False,False,False
3542,29,70,1822,1790166.9095438907,6783117.564840977,False,False,False
3543,29,71,1823,1789493.0753770696,6775045.880812649,False,False,False
3544,29,72,1824,1788820.88690523,6766982.086833471,False,False,False
3545,29,73,1825,1788150.338336695,6758926.16147408,False,False,False
3546,29,74,1826,1787481.423907253,6750878.083377398,False,True,False
3547,29,75,1827,1786814.1378799994,6742837.831258324,True,True,False
3548,29,76,1828,1786148.4745451736,6734805.383903392,True,False,False
3549,29,77,1829,1785484.428220001,6726780.720170438,True,False,False
3550,29,78,1830,1784821.9932485344,6718763.818988252,True,False,False
3551,29,79,1831,1784161.1640014972,6710754.659356262,True,False,False
3552,29,80,1832,1783501.934876126,6702753.22034421,False,False,False
3553,29,81,1833,1782844.3002960193,6694759.481091814,False,False,False
3554,29,82,1834,1782188.2547109786,6686773.420808434,False,False,False
3555,29,83,1835,1781533.7925968608,6678795.018772774,False,False,False
3556,29,84,1836,1780880.9084554226,6670824.254332544,False,True,False
3557,29,85,1837,1780229.5968141716,6662861.106904136,True,False,False
3558,29,86,1838,1779579.852226218,6654905.555972323,True,False,False
3559,29,87,1839,1778931.6692701231,6646957.5810899185,False,False,False
3560,29,88,1840,1778285.042549754,6639017.161877491,False,False,False
3561,29,89,1841,1777639.9666941364,6631084.278023029,False,False,False
3562,29,90,1842,1776996.43635731,6623158.909281637,False,False,False
3563,29,91,1843,1776354.446218182,6615241.03547523,False,False,False
3564,29,92,1844,1775713.990980387,6607330.636492219,True,False,False
3565,29,93,1845,1775075.0653721406,6599427.692287218,False,True,False
3566,29,94,1846,1774437.6641461018,6591532.182880709,False,False,False
3567,29,95,1847,1773801.7820792282,6583644.088358791,False,False,False
3568,29,96,1848,1773167.413972641,6575763.388872826,False,False,False
3569,29,97,1849,1772982.6341883657,6570275.364545546,False,False,False
3606,30,10,1850,1844208.9087061726,7278450.590976254,False,False,False
3607,30,11,1851,1841668.4951023546,7273297.491629083,False,False,False
3608,30,12,1852,1840836.7291178154,7264774.899663006,False,False,False
3609,30,13,1853,1840047.3444688292,7256208.06284398,False,False,False
3610,30,14,1854,1839260.0180620148,7247650.488426914,False,True,False
3611,30,15,1855,1838474.7421052977,7239102.150171916,True,True,False
3612,30,16,1856,1837691.5088461828,7230563.021934581,True,True,False
3613,30,17,1857,1836910.3105715057,7222033.077665515,True,False,False
3614,30,18,1858,1836131.1396071825,7213512.291409851,False,False,False
3615,30,19,1859,1835353.9883179679,7205000.637306796,False,False,False
3616,30,20,1860,1834578.8491072075,7196498.089589167,False,False,False
3617,30,21,1861,1833805.7144165987,7188004.622582915,False,False,False
3618,30,22,1862,1833034.5767259474,7179520.210706674,True,False,False
3619,30,23,1863,1832265.428552932,7171044.8284713095,True,False,False
3620,30,24,1864,1831498.2624528657,7162578.450479452,False,False,False
3621,30,25,1865,1830733.0710184616,7154121.051425057,False,False,False
3622,30,26,1866,1829969.8468795987,7145672.6060929485,False,False,False
3623,30,27,1867,1829208.5827030926,7137233.089358375,False,True,False
3624,30,28,1868,1828449.271192463,7128802.4761865735,False,False,False
3625,30,29,1869,1827691.9050877078,7120380.7416323135,False,False,False
3626,30,30,1870,1826936.4771650753,7111967.860839471,False,False,False
3627,30,31,1871,1826182.9802368414,7103563.809040594,False,False,False
3628,30,32,1872,1825431.4071510844,7095168.561556459,True,True,False
3629,30,33,1873,1824681.7507914647,7086782.093795653,False,True,False
3630,30,34,1874,1823934.004077006,7078404.381254135,False,False,False
3631,30,35,1875,1823188.159961875,7070035.3995148195,False,False,False
3632,30,36,1876,1822444.2114351678,7061675.124247145,False,False,False
3633,30,37,1877,1821702.1515206918,7053323.531206666,False,False,False
3634,30,38,1878,1820961.9732767548,7044980.596234618,True,False,False
3635,30,39,1879,1820223.6697959534,7036646.295257525,True,False,False
3636,30,40,1880,1819487.2342049603,7028320.604286754,True,True,False
3637,30,41,1881,1818752.6596643182,7020003.499418141,True,False,False
3638,30,42,1882,1818019.9393682315,7011694.956831566,False,False,False
3639,30,43,1883,1817289.066544362,7003394.952790534,False,False,False
3640,30,44,1884,1816560.034453622,6995103.463641799,False,False,False
3641,30,45,1885,1815832.8363899747,6986820.465814937,False,False,False
3642,30,46,1886,1815107.4656802327,6978545.935821972,False,True,False
3643,30,47,1887,1814383.9156838553,6970279.850256958,False,True,False
3644,30,48,1888,1813662.1797927541,6962022.1857956,False,False,False
3645,30,49,1889,1812942.251431094,6953772.919194843,False,False,False
3646,30,50,1890,1812224.1240550994,6945532.027292524,False,False,False
3647,30,51,1891,1811507.791152858,6937299.487006927,False,True,False
3648,30,52,1892,1810793.246244131,6929075.275336445,False,False,False
3649,30,53,1893,1810080.4828801597,6920859.369359184,False,False,False
3650,30,54,1894,1809369.4946434775,6912651.746232562,False,False,False
3651,30,55,1895,1808660.2751477193,6904452.38319296,False,False,False
3652,30,56,1896,1807952.818037437,6896261.257555333,True,False,False
3653,30,57,1897,1807247.1169879131,6888078.346712833,True,False,False
3654,30,58,1898,1806543.1657049747,6879903.628136447,True,False,False
3655,30,59,1899,1805840.9579248123,6871737.079374617,True,False,False
3656,30,60,1900,1805140.487413798,6863578.678052874,True,False,False
3657,30,61,1901,1804441.7479683033,6855428.401873486,False,True,False
3658,30,62,1902,1803744.7334145221,6847286.228615071,False,False,False
3659,30,63,1903,1803049.4376082926,6839152.136132261,False,False,False
3660,30,64,1904,1802355.8544349195,6831026.10235532,False,False,False
3661,30,65,1905,1801663.977808999,6822908.105289812,True,True,False
3662,30,66,1906,1800973.8016742459,6814798.123016215,False,True,False
3663,30,67,1907,1800285.3200033193,6806696.133689602,False,True,False
3664,30,68,1908,1799598.5267976522,6798602.115539255,False,False,False
3665,30,69,1909,1798913.41608728,6790516.046868353,False,False,False
3666,30,70,1910,1798229.981930673,6782437.906053589,False,False,False
3667,30,71,1911,1797548.2184145658,6774367.671544852,False,False,False
3668,30,72,1912,1796868.119653793,6766305.321864865,False,False,False
3669,30,73,1913,1796189.6797911234,6758250.835608864,False,True,False
3670,30,74,1914,1795512.8929970928,6750204.19144424,False,True,False
3671,30,75,1915,1794837.7534698453,6742165.368110207,True,True,False
3672,30,76,1916,1794164.2554349652,6734134.344417474,False,True,False
3673,30,77,1917,1793492.3931453233,6726111.099247904,False,False,False
3674,30,78,1918,1792822.1608809098,6718095.611554179,False,False,False
3675,30,79,1919,1792153.5529486812,6710087.860359485,True,False,False
3676,30,80,1920,1791486.5636823995,6702087.82475717,True,False,False
3677,30,81,1921,1790821.1874424755,6694095.483910422,False,False,False
3678,30,82,1922,1790157.4186158166,6686110.817051945,False,False,False
3679,30,83,1923,1789495.251615669,6678133.803483636,False,False,False
3680,30,84,1924,1788834.6808814646,6670164.422576269,False,True,False
3681,30,85,1925,1788175.7008786725,6662202.653769172,True,True,False
3682,30,86,1926,1787518.3060986437,6654248.476569909,True,False,False
3683,30,87,1927,1786862.4910584616,6646301.870553961,False,False,False
3684,30,88,1928,1786208.2503007965,6638362.815364426,False,False,False
3685,30,89,1929,1785555.5783937525,6630431.2907117,False,False,False
3686,30,90,1930,1784904.469930724,6622507.2763731545,False,False,False
3687,30,91,1931,1784254.9195302492,6614590.752192845,True,False,False
3688,30,92,1932,1783606.921835864,6606681.698081202,True,False,False
3689,30,93,1933,1782960.4715159591,6598780.094014722,True,True,False
3690,30,94,1934,1782315.563263636,6590885.920035663,True,True,False
3691,30,95,1935,1781672.1917965668,6582999.156251745,True,True,False
3692,30,96,1936,1781030.3518568506,6575119.782835849,True,True,False
3693,30,97,1937,1780721.6508222353,6569056.072326112,True,True,False
3730,31,10,1938,1851401.6973430167,7279407.160595988,False,False,False
3731,31,11,1939,1850193.7935940947,7272566.565095776,False,False,False
3732,31,12,1940,1849393.1672173545,7263992.267153814,False,False,False
3733,31,13,1941,1848594.6304146256,7255427.250900698,False,False,False
3734,31,14,1942,1847798.1752673218,7246871.490036296,False,False,False
3735,31,15,1943,1847003.7938971145,7238324.958356204,True,True,False
3736,31,16,1944,1846211.478465677,7229787.629751281,True,False,False
3737,31,17,1945,1845421.2211744338,7221259.478207172,False,False,False
3738,31,18,1946,1844633.0142643098,7212740.477803834,False,False,False
3739,31,19,1947,1843846.8500154815,7204230.602715075,False,False,False
3740,31,20,1948,1843062.7207471316,7195729.827208091,False,False,False
3741,31,21,1949,1842280.6188172037,7187238.125643001,False,False,False
3742,31,22,1950,1841500.5366221592,7178755.4724723995,False,False,False
3743,31,23,1951,1840722.4665967375,7170281.842240881,True,False,False
3744,31,24,1952,1839946.401213715,7161817.209584612,True,False,False
3745,31,25,1953,1839172.3329836703,7153361.54923087,False,False,False
3746,31,26,1954,1838400.2544547461,7144914.835997585,False,False,False
3747,31,27,1955,1837630.158212417,7136477.044792917,False,True,False
3748,31,28,1956,1836862.0368792561,7128048.150614793,False,True,False
3749,31,29,1957,1836095.883114706,7119628.128550485,False,False,False
3750,31,30,1958,1835331.689614849,7111216.9537761705,False,False,False
3751,31,31,1959,1834569.4491121809,7102814.601556484,True,True,False
3752,31,32,1960,1833809.154375385,7094421.047244101,True,True,False
3753,31,33,1961,1833050.7982091093,7086036.266279308,False,False,False
3754,31,34,1962,1832294.3734537445,7077660.2341895625,False,False,False
3755,31,35,1963,1831539.8729852021,7069292.926589084,False,False,False
3756,31,36,1964,1830787.2897146975,7060934.319178438,False,False,False
3757,31,37,1965,1830036.616588533,7052584.387744091,False,False,False
3758,31,38,1966,1829287.8465878794,7044243.108158013,False,False,False
3759,31,39,1967,1828540.9727285667,7035910.456377275,True,True,False
3760,31,40,1968,1827795.9880608688,7027586.408443601,True,True,False
3761,31,41,1969,1827052.8856692913,7019270.940482996,False,False,False
3762,31,42,1970,1826311.6586723665,7010964.028705321,False,False,False
3763,31,43,1971,1825572.3002224423,7002665.649403892,False,False,False
3764,31,44,1972,1824834.8035054768,6994375.778955077,False,False,False
3765,31,45,1973,1824099.1617408348,6986094.393817898,False,True,False
3766,31,46,1974,1823365.3681810827,6977821.470533629,False,True,False
3767,31,47,1975,1822633.4161117882,6969556.98572541,False,False,False
3768,31,48,1976,1821903.2988513191,6961300.916097856,False,False,False
3769,31,49,1977,1821175.0097506456,6953053.23843664,False,False,False
3770,31,50,1978,1820448.5421931425,6944813.929608149,False,False,False
3771,31,51,1979,1819723.8895943912,6936582.966559054,False,True,False
3772,31,52,1980,1819001.0454019895,6928360.326315959,False,True,False
3773,31,53,1981,1818280.0030953544,6920145.985985005,False,False,False
3774,31,54,1982,1817560.756185532,6911939.922751485,False,False,False
3775,31,55,1983,1816843.2982150086,6903742.113879485,False,False,False
3776,31,56,1984,1816127.622757519,6895552.536711493,False,False,False
3777,31,57,1985,1815413.7234178595,6887371.168668034,True,False,False
3778,31,58,1986,1814701.5938317045,6879197.987247297,False,False,False
3779,31,59,1987,1813991.2276654178,6871032.970024764,True,False,False
3780,31,60,1988,1813282.6186158706,6862876.094652856,False,False,False
3781,31,61,1989,1812575.76041026,6854727.338860554,False,True,False
3782,31,62,1990,1811870.6468059265,6846586.680453036,False,False,False
3783,31,63,1991,1811167.2715901749,6838454.097311339,False,False,False
3784,31,64,1992,1810465.6285800978,6830329.5673919665,True,True,False
3785,31,65,1993,1809765.7116223946,6822213.068726569,True,True,False
3786,31,66,1994,1809067.5145931982,6814104.579421563,False,False,False
3787,31,67,1995,1808371.0313979,6806004.077657791,False,True,False
3788,31,68,1996,1807676.2559709782,6797911.541690164,False,True,False
3789,31,69,1997,1806983.18227582,6789826.9498473285,False,False,False
3790,31,70,1998,1806291.8043045576,6781750.2805313105,False,False,False
3791,31,71,1999,1805602.116077895,6773681.512217159,False,False,False
3792,31,72,2000,1804914.1116449384,6765620.623452629,False,True,False
3793,31,73,2001,1804227.7850830324,6757567.592857828,False,True,False
3794,31,74,2002,1803543.13049759,6749522.399124875,True,False,False
3795,31,75,2003,1802860.1420219298,6741485.021017565,True,False,False
3796,31,76,2004,1802178.8138171122,6733455.43737105,False,True,False
3797,31,77,2005,1801499.140071776,6725433.627091481,False,True,False
3798,31,78,2006,1800821.1150019772,6717419.569155701,False,False,False
3799,31,79,2007,1800144.7328510282,6709413.242610899,False,False,False
3800,31,80,2008,1799469.987889339,6701414.626574295,True,False,False
3801,31,81,2009,1798796.87441426,6693423.700232808,True,True,False
3802,31,82,2010,1798125.3867499214,6685440.4428427275,True,True,False
3803,31,83,2011,1797455.5192470818,6677464.833729416,True,True,False
3804,31,84,2012,1796787.2662829712,6669496.852286955,True,True,False
3805,31,85,2013,1796120.6222611351,6661536.477977855,True,True,False
3806,31,86,2014,1795455.581611286,6653583.690332729,True,False,False
3807,31,87,2015,1794792.138789149,6645638.468949969,False,True,False
3808,31,88,2016,1794130.288276311,6637700.793495454,False,True,False
3809,31,89,2017,1793470.0245800733,6629770.643702218,False,False,False
3810,31,90,2018,1792811.3422333002,6621847.999370158,False,False,False
3811,31,91,2019,1792154.2357942744,6613932.840365715,True,False,False
3812,31,92,2020,1791498.6998465473,6606025.146621576,True,False,False
3813,31,93,2021,1790844.7289987977,6598124.8981363615,True,False,False
3814,31,94,2022,1790192.3178846827,6590232.074974329,True,True,False
3815,31,95,2023,1789541.4611626975,6582346.6572650755,False,False,False
3816,31,96,2024,1788892.153516032,6574468.625203233,False,False,False
3817,31,97,2025,1788489.4939021836,6567824.678639425,False,False,False
3853,32,9,2026,1862711.9220838149,7285138.8921784945,False,False,False
3854,32,10,2027,1859689.356328707,7280176.75057425,False,False,False
3855,32,11,2028,1858757.8216873894,7271773.045298603,False,False,False
3856,32,12,2029,1857948.0259290584,7263200.59562045,False,False,False
3857,32,13,2030,1857140.3432127465,7254637.4205046585,False,False,False
3858,32,14,2031,1856334.7655333907,7246083.493687175,False,True,False
3859,32,15,2032,1855531.2849266077,7237538.788999471,True,True,False
3860,32,16,2033,1854729.89346844,7229003.280368035,False,False,False
3861,32,17,2034,1853930.5832750986,7220476.941813933,False,False,False
3862,32,18,2035,1853133.3465027125,7211959.7474523075,False,False,False
3863,32,19,2036,1852338.1753470767,7203451.671491932,False,False,False
3864,32,20,2037,1851545.0620434023,7194952.6882347595,False,False,False
3865,32,21,2038,1850753.998866073,7186462.772075435,False,False,False
3866,32,22,2039,1849964.9781283953,7177981.897500867,False,False,False
3867,32,23,2040,1849177.9921823584,7169510.039089758,False,False,False
3868,32,24,2041,1848393.0334183914,7161047.17151215,True,False,False
3869,32,25,2042,1847610.0942651222,7152593.269528994,True,False,False
3870,32,26,2043,1846829.1671891436,7144148.307991691,True,False,False
3871,32,27,2044,1846050.244694772,7135712.261841657,False,False,False
3872,32,28,2045,1845273.3193238166,7127285.106109863,False,True,False
3873,32,29,2046,1844498.3836553455,7118866.815916431,False,True,False
3874,32,30,2047,1843725.4303054537,7110457.366470167,False,False,False
3875,32,31,2048,1842954.4519270363,7102056.733068151,True,True,False
3876,32,32,2049,1842185.441209558,7093664.891095297,True,False,False
3877,32,33,2050,1841418.3908788294,7085281.816023912,False,False,False
3878,32,34,2051,1840653.293696782,7076907.483413312,False,False,False
3879,32,35,2052,1839890.142461246,7068541.86890935,False,False,False
3880,32,36,2053,1839128.930005728,7060184.948244032,False,False,False
3881,32,37,2054,1838369.6491991936,7051836.697235089,False,False,False
3882,32,38,2055,1837612.2929458485,7043497.091785553,True,False,False
3883,32,39,2056,1836856.8541849223,7035166.10788335,True,True,False
3884,32,40,2057,1836103.3258904556,7026843.721600898,True,True,False
3885,32,41,2058,1835351.7010710859,7018529.909094695,False,False,False
3886,32,42,2059,1834601.9727698339,7010224.646604899,False,False,False
3887,32,43,2060,1833854.1340638995,7001927.910454954,False,False,False
3888,32,44,2061,1833108.1780644467,6993639.677051167,False,True,False
3889,32,45,2062,1832364.097916402,6985359.922882306,False,True,False
3890,32,46,2063,1831621.8867982475,6977088.624519231,False,False,False
3891,32,47,2064,1830881.5379218154,6968825.758614466,False,False,False
3892,32,48,2065,1830143.0445320886,6960571.301901836,False,False,False
3893,32,49,2066,1829406.3999069969,6952325.231196068,False,False,False
3894,32,50,2067,1828671.5973572205,6944087.523392394,False,False,False
3895,32,51,2068,1827938.6302259904,6935858.15546618,False,False,False
3896,32,52,2069,1827207.4918888914,6927637.10447254,False,True,False
3897,32,53,2070,1826478.1757536689,6919424.347545958,False,False,False
3898,32,54,2071,1825750.6752600328,6911219.861899898,False,False,False
3899,32,55,2072,1825024.9838794677,6903023.624826441,False,False,False
3900,32,56,2073,1824301.0951150411,6894835.613695909,False,False,False
3901,32,57,2074,1823579.0025012116,6886655.805956494,True,False,False
3902,32,58,2075,1822858.6996036451,6878484.179133875,False,False,False
3903,32,59,2076,1822140.1800190243,6870320.710830878,True,False,False
3904,32,60,2077,1821423.437374865,6862165.378727085,False,False,False
3905,32,61,2078,1820708.4653293309,6854018.160578479,False,True,False
3906,32,62,2079,1819995.2575710523,6845879.0342171015,False,True,False
3907,32,63,2080,1819283.8078189427,6837747.977550652,True,True,False
3908,32,64,2081,1818574.1098220202,6829624.968562179,True,True,False
3909,32,65,2082,1817866.1573592273,6821509.98530969,False,False,False
3910,32,66,2083,1817159.9442392539,6813403.005925811,False,False,False
3911,32,67,2084,1816455.4643003605,6805304.008617443,False,False,False
3912,32,68,2085,1815752.7114102046,6797212.971665405,False,True,False
3913,32,69,2086,1815051.6794656627,6789129.873424079,False,True,False
3914,32,70,2087,1814352.362392664,6781054.692321085,False,False,False
3915,32,71,2088,1813654.7541460113,6772987.406856922,False,False,False
3916,32,72,2089,1812958.8487092187,6764927.995604632,True,True,False
3917,32,73,2090,1812264.6400943345,6756876.437209468,True,False,False
3918,32,74,2091,1811572.1223417805,6748832.710388547,True,False,False
3919,32,75,2092,1810881.2895201812,6740796.793930507,False,False,False
3920,32,76,2093,1810192.1357261988,6732768.666695199,False,False,False
3921,32,77,2094,1809504.6550843697,6724748.307613344,False,True,False
3922,32,78,2095,1808818.8417469412,6716735.695686182,False,True,False
3923,32,79,2096,1808134.6898937088,6708730.809985177,False,True,False
3924,32,80,2097,1807452.1937318556,6700733.629651679,False,True,False
3925,32,81,2098,1806771.347495793,6692744.133896588,True,True,False
3926,32,82,2099,1806092.1454470009,6684762.302000048,True,True,False
3927,32,83,2100,1805414.5818738714,6676788.11331111,False,True,False
3928,32,84,2101,1804738.6510915512,6668821.547247448,False,True,False
3929,32,85,2102,1804064.3474417874,6660862.583294987,True,True,False
3930,32,86,2103,1803391.6652927725,6652911.201007642,True,True,False
3931,32,87,2104,1802720.5990389902,6644967.380006962,True,True,False
3932,32,88,2105,1802051.1431010657,6637031.099981853,True,True,False
3933,32,89,2106,1801383.2919256117,6629102.340688242,True,True,False
3934,32,90,2107,1800717.0399850807,6621181.081948785,True,False,False
3935,32,91,2108,1800052.3817776146,6613267.303652548,True,False,False
3936,32,92,2109,1799389.3118268973,6605360.985754718,True,False,False
3937,32,93,2110,1798727.8246820075,6597462.1082762815,False,False,False
3938,32,94,2111,1798067.9149172725,6589570.651303736,False,True,False
3939,32,95,2112,1797409.5771321238,6581686.594988787,False,True,False
3940,32,96,2113,1796752.805950953,6573809.919548048,False,False,False
3941,32,97,2114,1796269.4220249758,6566583.776060988,False,False,False
3977,33,9,2115,1869436.5966269106,7286017.469933855,False,False,False
3978,33,10,2116,1868141.3497479018,7279550.345806052,False,False,False
3979,33,11,2117,1867320.2463381176,7270970.471330359,False,False,False
3980,33,12,2118,1866501.2875388023,7262399.890536494,False,False,False
3981,33,13,2119,1865684.4652172525,7253838.577101135,False,False,False
3982,33,14,2120,1864869.7712821318,7245286.504796715,True,True,False
3983,33,15,2121,1864057.197683207,7236743.647490942,True,False,False
3984,33,16,2122,1863246.7364110886,7228209.979146316,False,False,False
3985,33,17,2123,1862438.3794969765,7219685.473819679,False,False,False
3986,33,18,2124,1861632.1190124005,7211170.105661738,False,False,False
3987,33,19,2125,1860827.9470689707,7202663.848916606,False,False,False
3988,33,20,2126,1860025.855818124,7194166.677921347,False,False,False
3989,33,21,2127,1859225.8374508764,7185678.567105498,False,False,False
3990,33,22,2128,1858427.884197572,7177199.49099064,False,False,False
3991,33,23,2129,1857631.9883276413,7168729.424189931,False,False,False
3992,33,24,2130,1856838.1421493548,7160268.341407662,True,False,False
3993,33,25,2131,1856046.3380095803,7151816.217438807,True,False,False
3994,33,26,2132,1855256.5682935445,7143373.027168587,True,False,False
3995,33,27,2133,1854468.825424593,7134938.745572012,True,False,False
3996,33,28,2134,1853683.1018639544,7126513.34771346,True,False,False
3997,33,29,2135,1852899.3901105043,7118096.808746238,True,True,False
3998,33,30,2136,1852117.6827005334,7109689.1039121365,True,True,False
3999,33,31,2137,1851337.972207514,7101290.208541013,True,True,False
4000,33,32,2138,1850560.2512418723,7092900.098050346,False,False,False
4001,33,33,2139,1849784.5124507584,7084518.747944834,False,False,False
4002,33,34,2140,1849010.7485178208,7076146.133815953,False,False,False
4003,33,35,2141,1848238.9521629817,7067782.23134154,False,False,False
4004,33,36,2142,1847469.1161422133,7059427.016285374,False,False,False
4005,33,37,2143,1846701.2332473176,7051080.464496763,True,False,False
4006,33,38,2144,1845935.2963057037,7042742.551910136,True,False,False
4007,33,39,2145,1845171.2981801736,7034413.254544614,False,False,False
4008,33,40,2146,1844409.231768701,7026092.548503618,True,True,False
4009,33,41,2147,1843649.0900042204,7017780.409974457,False,True,False
4010,33,42,2148,1842890.8658544112,7009476.815227923,False,False,False
4011,33,43,2149,1842134.5523214852,7001181.740617894,False,True,False
4012,33,44,2150,1841380.1424419803,6992895.162580921,False,True,False
4013,33,45,2151,1840627.629286545,6984617.057635857,False,False,False
4014,33,46,2152,1839877.0059597373,6976347.4023834355,False,False,False
4015,33,47,2153,1839128.2655998156,6968086.17350589,False,False,False
4016,33,48,2154,1838381.4013785347,6959833.347766567,False,False,False
4017,33,49,2155,1837636.4065009432,6951588.902009535,False,False,False
4018,33,50,2156,1836893.274205184,6943352.813159196,False,False,False
4019,33,51,2157,1836151.9977622898,6935125.058219905,False,False,False
4020,33,52,2158,1835412.57047599,6926905.614275594,False,False,False
4021,33,53,2159,1834674.985682509,6918694.458489375,False,False,False
4022,33,54,2160,1833939.2367503736,6910491.568103193,False,False,False
4023,33,55,2161,1833205.317080219,6902296.920437421,False,False,False
4024,33,56,2162,1832473.2201045924,6894110.492890504,False,False,False
4025,33,57,2163,1831742.9392877654,6885932.26293859,True,False,False
4026,33,58,2164,1831014.4681255426,6877762.208135156,False,False,False
4027,33,59,2165,1830287.8001450724,6869600.306110641,True,False,False
4028,33,60,2166,1829562.92890466,6861446.53457209,False,True,False
4029,33,61,2167,1828839.8479935813,6853300.871302779,False,True,False
4030,33,62,2168,1828118.5510318992,6845163.294161868,True,True,False
4031,33,63,2169,1827399.0316702777,6837033.78108404,True,False,False
4032,33,64,2170,1826681.2835898036,6828912.310079138,False,False,False
4033,33,65,2171,1825965.3005018025,6820798.85923182,False,False,False
4034,33,66,2172,1825251.0761476594,6812693.406701208,False,False,False
4035,33,67,2173,1824538.604298644,6804595.930720525,False,False,False
4036,33,68,2174,1823827.8787557292,6796506.409596768,False,False,False
4037,33,69,2175,1823118.8933494193,6788424.821710345,False,True,False
4038,33,70,2176,1822411.6419395728,6780351.145514733,False,False,False
4039,33,71,2177,1821706.11841523,6772285.359536147,False,False,False
4040,33,72,2178,1821002.3166944415,6764227.442373195,True,True,False
4041,33,73,2179,1820300.2307240968,6756177.372696534,False,False,False
4042,33,74,2180,1819599.8544797562,6748135.12924854,False,False,False
4043,33,75,2181,1818901.1819654803,6740100.690842974,False,False,False
4044,33,76,2182,1818204.2072136642,6732074.036364642,False,False,False
4045,33,77,2183,1817508.92428487,6724055.144769076,False,False,False
4046,33,78,2184,1816815.327267665,6716043.995082201,False,True,False
4047,33,79,2185,1816123.4102784542,6708040.566400012,False,True,False
4048,33,80,2186,1815433.1674613205,6700044.837888224,False,False,False
4049,33,81,2187,1814744.5929878624,6692056.788781996,True,False,False
4050,33,82,2188,1814057.6810570336,6684076.398385558,True,False,False
4051,33,83,2189,1813372.4258949826,6676103.646071939,True,False,False
4052,33,84,2190,1812688.8217548977,6668138.511282611,True,False,False
4053,33,85,2191,1812006.8629168472,6660180.973527193,True,True,False
4054,33,86,2192,1811326.5436876253,6652231.012383137,False,False,False
4055,33,87,2193,1810647.8584005958,6644288.607495406,True,False,False
4056,33,88,2194,1809970.80141554,6636353.738576168,False,False,False
4057,33,89,2195,1809295.3671185018,6628426.385404492,False,True,False
4058,33,90,2196,1808621.5499216386,6620506.527826032,False,True,False
4059,33,91,2197,1807949.34426307,6612594.145752728,False,True,False
4060,33,92,2198,1807278.7446067268,6604689.219162501,True,False,False
4061,33,93,2199,1806609.745442204,6596791.728098945,False,False,False
4062,33,94,2200,1805942.341284614,6588901.652671033,False,False,False
4063,33,95,2201,1805276.5266744376,6581018.9730528155,False,True,False
4064,33,96,2202,1804612.296177381,6573143.669483123,True,True,False
4065,33,97,2203,1804028.1197615704,6565381.329133431,True,True,False
4066,33,98,2204,1806554.7502133648,6560947.128635104,False,False,False
4100,34,8,2205,1881246.961275942,7291789.635141251,False,False,False
4101,34,9,2206,1877758.0872769102,7286953.319888294,False,False,False
4102,34,10,2207,1876711.333320441,7278736.826434355,True,True,False
4103,34,11,2208,1875881.0497889996,7270158.848752742,False,False,False
4104,34,12,2209,1875052.9343576669,7261590.1574348565,False,False,False
4105,34,13,2210,1874226.97880725,7253030.7261944655,True,True,False
4106,34,14,2211,1873403.174960344,7244480.528840845,True,True,False
4107,34,15,2212,1872581.5146810715,7235939.539278314,False,False,False
4108,34,16,2213,1871761.9898748149,7227407.731505763,False,False,False
4109,34,17,2214,1870944.5924879627,7218885.079616183,False,False,False
4110,34,18,2215,1870129.314507648,7210371.55779621,False,False,False
4111,34,19,2216,1869316.1479614943,7201867.140325662,False,False,False
4112,34,20,2217,1868505.0849173611,7193371.801577061,False,False,False
4113,34,21,2218,1867696.1174830927,7184885.516015218,False,False,False
4114,34,22,2219,1866889.2378062662,7176408.258196734,False,False,False
4115,34,23,2220,1866084.438073945,7167940.002769591,False,False,False
4116,34,24,2221,1865281.7105124327,7159480.724472669,False,False,False
4117,34,25,2222,1864481.047387027,7151030.398135324,True,False,False
4118,34,26,2223,1863682.441001778,7142588.998676942,False,False,False
4119,34,27,2224,1862885.8836992467,7134156.501106486,False,False,False
4120,34,28,2225,1862091.3678602676,7125732.880522082,False,False,False
4121,34,29,2226,1861298.8859037086,7117318.112110561,True,True,False
4122,34,30,2227,1860508.4302862377,7108912.171147042,True,True,False
4123,34,31,2228,1859719.993502088,7100515.032994493,True,True,False
4124,34,32,2229,1858933.5680828257,7092126.673103319,False,False,False
4125,34,33,2230,1858149.1465971204,7083747.067010922,False,False,False
4126,34,34,2231,1857366.7216505157,7075376.190341282,False,False,False
4127,34,35,2232,1856586.2858852025,7067014.018804543,False,False,False
4128,34,36,2233,1855807.831979793,7058660.528196597,False,False,False
4129,34,37,2234,1855031.352649099,7050315.694398661,True,False,False
4130,34,38,2235,1854256.8406439067,7041979.493376874,False,False,False
4131,34,39,2236,1853484.2887507596,7033651.901181882,False,False,False
4132,34,40,2237,1852713.6897917376,7025332.893948434,True,False,False
4133,34,41,2238,1851945.03662424,7017022.447894969,False,True,False
4134,34,42,2239,1851178.3221407707,7008720.539323221,False,True,False
4135,34,43,2240,1850413.539268723,7000427.144617828,False,True,False
4136,34,44,2241,1849650.6809701698,6992142.240245911,False,False,False
4137,34,45,2242,1848889.7402416486,6983865.802756699,False,False,False
4138,34,46,2243,1848130.710113955,6975597.808781121,False,False,False
4139,34,47,2244,1847373.5836519348,6967338.235031431,False,False,False
4140,34,48,2245,1846618.3539542756,6959087.058300804,False,False,False
4141,34,49,2246,1845865.0141533045,6950844.255462953,False,False,False
4142,34,50,2247,1845113.5574147825,6942609.803471755,False,False,False
4143,34,51,2248,1844363.9769377047,6934383.679360855,False,False,False
4144,34,52,2249,1843616.2659540977,6926165.860243298,False,False,False
4145,34,53,2250,1842870.4177288227,6917956.3233111445,False,False,False
4146,34,54,2251,1842126.4255593745,6909755.045835089,False,False,False
4147,34,55,2252,1841384.2827756908,6901562.005164106,False,False,False
4148,34,56,2253,1840643.9827399529,6893377.17872506,False,False,False
4149,34,57,2254,1839905.5188463929,6885200.544022348,True,False,False
4150,34,58,2255,1839168.8845211046,6877032.078637521,False,False,False
4151,34,59,2256,1838434.0732218495,6868871.760228937,True,False,False
4152,34,60,2257,1837701.07843787,6860719.566531368,False,True,False
4153,34,61,2258,1836969.893689699,6852575.475355687,False,False,False
4154,34,62,2259,1836240.5125289774,6844439.46458846,True,True,False
4155,34,63,2260,1835512.928538265,6836311.512191617,False,False,False
4156,34,64,2261,1834787.1353308584,6828191.596202091,False,False,False
4157,34,65,2262,1834063.126550608,6820079.694731468,False,False,False
4158,34,66,2263,1833340.8958717373,6811975.785965631,False,False,False
4159,34,67,2264,1832620.4369986616,6803879.848164411,False,False,False
4160,34,68,2265,1831901.7436658123,6795791.859661257,False,False,False
4161,34,69,2266,1831184.809637455,6787711.798862864,False,True,False
4162,34,70,2267,1830469.6287075162,6779639.644248854,False,True,False
4163,34,71,2268,1829756.1946994092,6771575.374371422,True,False,False
4164,34,72,2269,1829044.5014658582,6763518.967854996,True,True,False
4165,34,73,2270,1828334.5428887263,6755470.403395922,False,False,False
4166,34,74,2271,1827626.312878845,6747429.659762092,False,False,False
4167,34,75,2272,1826919.8053758438,6739396.715792645,False,False,False
4168,34,76,2273,1826215.0143479812,6731371.550397614,False,False,False
4169,34,77,2274,1825511.933791977,6723354.142557613,False,False,False
4170,34,78,2275,1824810.557732846,6715344.471323491,False,False,False
4171,34,79,2276,1824110.8802237322,6707342.5158160245,False,True,False
4172,34,80,2277,1823412.895345746,6699348.255225582,False,True,False
4173,34,81,2278,1822716.597207799,6691361.668811802,True,False,False
4174,34,82,2279,1822021.979946444,6683382.735903282,False,False,False
4175,34,83,2280,1821329.0377257126,6675411.435897255,True,False,False
4176,34,84,2281,1820637.7647369574,6667447.748259258,True,False,False
4177,34,85,2282,1819948.1551986919,6659491.652522849,False,True,False
4178,34,86,2283,1819260.2033564337,6651543.128289266,False,False,False
4179,34,87,2284,1818573.9034825484,6643602.155227121,True,False,False
4180,34,88,2285,1817889.2498760936,6635668.713072106,False,False,False
4181,34,89,2286,1817206.2368626655,6627742.781626665,False,True,False
4182,34,90,2287,1816524.8587942447,6619824.340759697,False,True,False
4183,34,91,2288,1815845.1100490459,6611913.370406251,True,True,False
4184,34,92,2289,1815166.9850313652,6604009.850567219,True,False,False
4185,34,93,2290,1814490.47817143,6596113.761309047,True,True,False
4186,34,94,2291,1813815.5839252535,6588225.082763416,True,True,False
4187,34,95,2292,1813142.2967744805,6580343.795126964,True,True,False
4188,34,96,2293,1812470.6112262467,6572469.878660968,True,True,False
4189,34,97,2294,1811800.521813029,6564603.313691069,False,False,False
4190,34,98,2295,1812166.7302486978,6560040.080689088,False,False,False
4193,34,101,2296,1812347.1226335089,6531600.026143762,False,False,False
4194,34,102,2297,1810992.5589964255,6524755.111252117,False,False,False
4195,34,103,2298,1811042.9117598783,6520384.373119443,False,False,False
4224,35,8,2299,1887552.2042838484,7292598.617255899,False,False,False
4225,35,9,2300,1886121.328498529,7286499.608994827,False,False,False
4226,35,10,2301,1885279.6714511781,7277914.24343449,True,True,False
4227,35,11,2302,1884440.2143083864,7269338.183186952,True,True,False
4228,35,12,2303,1883602.9487222023,7260771.401907677,False,False,False
4229,35,13,2304,1882767.8663871519,7252213.8733479,True,True,False
4230,35,14,2305,1881934.9590399733,7243665.571354113,False,True,False
4231,35,15,2306,1881104.2184593487,7235126.469867623,False,True,False
4232,35,16,2307,1880275.636465639,7226596.5429240735,False,True,False
4233,35,17,2308,1879449.2049206265,7218075.764652983,False,True,False
4234,35,18,2309,1878624.915727248,7209564.1092772735,False,True,False
4235,35,19,2310,1877802.760829342,7201061.551112826,False,True,False
4236,35,20,2311,1876982.7322113896,7192568.064568014,False,True,False
4237,35,21,2312,1876164.8218982604,7184083.624143244,False,True,False
4238,35,22,2313,1875349.0219549618,7175608.2044305215,False,False,False
4239,35,23,2314,1874535.3244863853,7167141.780112986,False,False,False
4240,35,24,2315,1873723.7216370604,7158684.325964474,False,False,False
4241,35,25,2316,1872914.2055909063,7150235.816849072,True,True,False
4242,35,26,2317,1872106.7685709873,7141796.227720674,True,False,False
4243,35,27,2318,1871301.4028392697,7133365.533622557,True,False,False
4244,35,28,2319,1870498.1006963803,7124943.70968692,True,False,False
4245,35,29,2320,1869696.854481366,7116530.731134471,True,True,False
4246,35,30,2321,1868897.6565714567,7108126.573273999,False,False,False
4247,35,31,2322,1868100.49938183,7099731.211501931,True,True,False
4248,35,32,2323,1867305.3753653748,7091344.621301917,True,True,False
4249,35,33,2324,1866512.277012461,7082966.778244398,False,False,False
4250,35,34,2325,1865721.1968507061,7074597.657986204,False,False,False
4251,35,35,2326,1864932.1274447474,7066237.236270113,False,False,False
4252,35,36,2327,1864145.0613960158,7057885.48892445,True,False,False
4253,35,37,2328,1863359.9913425066,7049542.3918626765,True,True,False
4254,35,38,2329,1862576.9099585589,7041207.921082962,False,True,False
4255,35,39,2330,1861795.8099546304,7032882.052667805,False,True,False
4256,35,40,2331,1861016.684077077,7024564.762783593,True,True,False
4257,35,41,2332,1860239.5251079355,7016256.027680225,True,True,False
4258,35,42,2333,1859464.325864703,7007955.823690698,False,True,False
4259,35,43,2334,1858691.0792001218,6999664.127230714,True,False,False
4260,35,44,2335,1857919.7780019664,6991380.914798282,True,False,False
4261,35,45,2336,1857150.4151928292,6983106.162973322,False,False,False
4262,35,46,2337,1856382.9837299078,6974839.848417271,False,False,False
4263,35,47,2338,1855617.4766047986,6966581.947872699,False,False,False
4264,35,48,2339,1854853.8868432846,6958332.438162923,False,False,False
4265,35,49,2340,1854092.2075051302,6950091.296191613,False,False,False
4266,35,50,2341,1853332.4316838773,6941858.4989424115,False,False,False
4267,35,51,2342,1852574.5525066382,6933634.02347856,False,False,False
4268,35,52,2343,1851818.5631338973,6925417.846942522,False,False,False
4269,35,53,2344,1851064.4567593052,6917209.946555588,False,False,False
4270,35,54,2345,1850312.2266094836,6909010.299617519,False,True,False
4271,35,55,2346,1849561.8659438249,6900818.883506171,False,True,False
4272,35,56,2347,1848813.368054296,6892635.675677123,False,False,False
4273,35,57,2348,1848066.7262652435,6884460.653663309,True,False,False
4274,35,58,2349,1847321.9339331994,6876293.795074652,False,False,False
4275,35,59,2350,1846578.9844466893,6868135.077597699,True,False,False
4276,35,60,2351,1845837.8712260392,6859984.478995269,False,True,False
4277,35,61,2352,1845098.58772319,6851841.977106083,False,False,False
4278,35,62,2353,1844361.1274215041,6843707.549844407,True,True,False
4279,35,63,2354,1843625.4838355826,6835581.1751997005,False,False,False
4280,35,64,2355,1842891.6505110771,6827462.8312362665,False,False,False
4281,35,65,2356,1842159.6210245064,6819352.4960928885,False,False,False
4282,35,66,2357,1841429.3889830734,6811250.147982494,True,False,False
4283,35,67,2358,1840700.9480244822,6803155.765191808,True,False,False
4284,35,68,2359,1839974.2918167596,6795069.326080983,True,False,False
4285,35,69,2360,1839249.4140580748,6786990.809083287,True,False,False
4286,35,70,2361,1838526.3084765612,6778920.192704747,False,True,False
4287,35,71,2362,1837804.9688301405,6770857.455523805,True,True,False
4288,35,72,2363,1837085.3889063466,6762802.576190995,False,True,False
4289,35,73,2364,1836367.562522152,6754755.533428595,False,False,False
4290,35,74,2365,1835651.4835237944,6746716.30603029,False,False,False
4291,35,75,2366,1834937.145786605,6738684.87286086,False,False,False
4292,35,76,2367,1834224.5432148397,6730661.21285582,False,False,False
4293,35,77,2368,1833513.6697415048,6722645.305021119,False,False,False
4294,35,78,2369,1832804.5193281963,6714637.128432807,False,False,False
4295,35,79,2370,1832097.0859649254,6706636.662236689,False,False,False
4296,35,80,2371,1831391.3636699587,6698643.885648032,True,True,False
4297,35,81,2372,1830687.3464896493,6690658.777951226,True,True,False
4298,35,82,2373,1829985.0284982761,6682681.318499475,False,False,False
4299,35,83,2374,1829284.4037978803,6674711.486714466,False,False,False
4300,35,84,2375,1828585.4665181038,6666749.262086063,True,False,False
4301,35,85,2376,1827888.210816029,6658794.624172001,True,True,False
4302,35,86,2377,1827192.6308760224,6650847.552597547,False,False,False
4303,35,87,2378,1826498.7209095724,6642908.027055225,True,False,False
4304,35,88,2379,1825806.4751551354,6634976.027304476,True,False,False
4305,35,89,2380,1825115.88787798,6627051.533171368,False,False,False
4306,35,90,2381,1824426.9533700321,6619134.524548285,True,True,False
4307,35,91,2382,1823739.6659497193,6611224.981393628,True,True,False
4308,35,92,2383,1823054.019961822,6603322.883731506,False,True,False
4309,35,93,2384,1822370.0097773187,6595428.211651437,True,True,False
4310,35,94,2385,1821687.6297932374,6587540.9453080585,False,True,False
4311,35,95,2386,1821006.8744325065,6579661.06492082,False,False,False
4312,35,96,2387,1820327.7381438043,6571788.550773688,False,True,False
4313,35,97,2388,1819650.2154014134,6563923.383214858,False,True,False
4314,35,98,2389,1820273.761129283,6556518.487574965,False,False,False
4315,35,99,2390,1819593.3163329053,6547875.720076442,False,True,False
4316,35,100,2391,1818043.9407111593,6540167.034596582,False,False,False
4317,35,101,2392,1816956.171760989,6532535.762570937,False,False,False
4318,35,102,2393,1816286.6132579623,6524707.06089121,False,False,False
4319,35,103,2394,1816360.3942947164,6517587.447476514,True,False,False
4320,35,104,2395,1818545.023948502,6512163.230465609,False,False,False
4347,36,7,2396,1899813.933048152,7298402.592894594,False,False,False
4348,36,8,2397,1895847.592791808,7293623.0563903265,False,False,False
4349,36,9,2398,1894697.1939555316,7285666.022521695,False,False,False
4350,36,10,2399,1893846.3463659906,7277082.602516583,False,False,False
4351,36,11,2400,1892997.722190524,7268508.480313556,True,True,False
4352,36,12,2401,1892151.3129946876,7259943.6296061585,True,True,False
4353,36,13,2402,1891307.1103869397,7251388.024183453,True,True,False
4354,36,14,2403,1890465.1060183698,7242841.637929545,True,False,False
4355,36,15,2404,1889625.2915824302,7234304.444823078,False,False,False
4356,36,16,2405,1888787.6588146691,7225776.418936836,False,False,False
4357,36,17,2406,1887952.199492464,7217257.534437211,False,False,False
4358,36,18,2407,1887118.905434763,7208747.765583795,False,False,False
4359,36,19,2408,1886287.768501822,7200247.086728891,False,False,False
4360,36,20,2409,1885458.7805949433,7191755.472317066,False,False,False
4361,36,21,2410,1884631.9336562245,7183272.89688471,False,True,False
4362,36,22,2411,1883807.2196682983,7174799.33505956,False,True,False
4363,36,23,2412,1882984.6306540824,7166334.761560287,True,False,False
4364,36,24,2413,1882164.1586765274,7157879.151196028,True,True,False
4365,36,25,2414,1881345.795838368,7149432.4788659485,True,True,False
4366,36,26,2415,1880529.5342818743,7140994.719558809,True,True,False
4367,36,27,2416,1879715.3661886093,7132565.8483525235,False,True,False
4368,36,28,2417,1878903.283779181,7124145.840413727,True,True,False
4369,36,29,2418,1878093.2793130039,7115734.67099735,False,True,False
4370,36,30,2419,1877285.3450880575,7107332.315446176,False,True,False
4371,36,31,2420,1876479.4734406471,7098938.749190429,False,False,False
4372,36,32,2421,1875675.6567451705,7090553.9477473395,True,True,False
4373,36,33,2422,1874873.8874138778,7082177.886720739,True,True,False
4374,36,34,2423,1874074.1578966433,7073810.541800616,True,True,False
4375,36,35,2424,1873276.4606807318,7065451.888762724,True,True,False
4376,36,36,2425,1872480.7882905686,7057101.90346815,True,True,False
4377,36,37,2426,1871687.133287513,7048760.561862916,True,True,False
4378,36,38,2427,1870895.4882696294,7040427.839977561,True,False,False
4379,36,39,2428,1870105.8458714662,7032103.713926741,True,False,False
4380,36,40,2429,1869318.1987638301,7023788.159908812,True,False,False
4381,36,41,2430,1868532.5396535648,7015481.15420545,True,True,False
4382,36,42,2431,1867748.8612833323,7007182.673181232,True,True,False
4383,36,43,2432,1866967.1564313949,6998892.693283236,True,True,False
4384,36,44,2433,1866187.4179113966,6990611.191040672,True,False,False
4385,36,45,2434,1865409.638572151,6982338.143064459,False,False,False
4386,36,46,2435,1864633.8112974248,6974073.526046857,False,False,False
4387,36,47,2436,1863859.929005728,6965817.316761062,False,False,False
4388,36,48,2437,1863087.9846501034,6957569.492060825,False,False,False
4389,36,49,2438,1862317.971217916,6949330.028880081,False,False,False
4390,36,50,2439,1861549.881730648,6941098.904232552,False,False,False
4391,36,51,2440,1860783.7092436915,6932876.095211371,False,False,False
4392,36,52,2441,1860019.4468461436,6924661.578988705,False,False,False
4393,36,53,2442,1859257.0876606067,6916455.332815387,False,False,False
4394,36,54,2443,1858496.624842982,6908257.334020527,False,False,False
4395,36,55,2444,1857738.0515822743,6900067.560011168,False,True,False
4396,36,56,2445,1856981.3611003903,6891885.9882718865,False,False,False
4397,36,57,2446,1856226.5466519431,6883712.596364448,True,False,False
4398,36,58,2447,1855473.6015240569,6875547.361927428,False,False,False
4399,36,59,2448,1854722.5190361703,6867390.262675873,True,True,False
4400,36,60,2449,1853973.2925398455,6859241.276400897,False,True,False
4401,36,61,2450,1853225.9154185764,6851100.380969376,True,True,False
4402,36,62,2451,1852480.3810875986,6842967.554323555,True,True,False
4403,36,63,2452,1851736.6829936998,6834842.774480703,False,False,False
4404,36,64,2453,1850994.8146150312,6826726.019532764,False,False,False
4405,36,65,2454,1850254.769460927,6818617.267646008,True,True,False
4406,36,66,2455,1849516.5410717104,6810516.497060678,True,True,False
4407,36,67,2456,1848780.123018519,6802423.68609065,False,True,False
4408,36,68,2457,1848045.5089031174,6794338.813123073,False,True,False
4409,36,69,2458,1847312.6923577173,6786261.856618054,True,True,False
4410,36,70,2459,1846581.6670447981,6778192.79510829,True,True,False
4411,36,71,2460,1845852.42665693,6770131.6071987515,True,True,False
4412,36,72,2461,1845124.964916594,6762078.271566323,False,True,False
4413,36,73,2462,1844399.275576008,6754032.766959489,False,False,False
4414,36,74,2463,1843675.3524169533,6745995.072197994,False,False,False
4415,36,75,2464,1842953.1892505963,6737965.166172512,False,False,False
4416,36,76,2465,1842232.7799173226,6729943.0278443135,False,False,False
4417,36,77,2466,1841514.1182865617,6721928.636244931,False,False,False
4418,36,78,2467,1840797.198256619,6713921.970475867,False,False,False
4419,36,79,2468,1840082.0137545066,6705923.00970822,True,False,False
4420,36,80,2469,1839368.558735776,6697931.733182416,True,False,False
4421,36,81,2470,1838656.8271843519,6689948.120207839,False,True,False
4422,36,82,2471,1837946.8131123679,6681972.150162547,False,False,False
4423,36,83,2472,1837238.5105600008,6674003.802492944,False,False,False
4424,36,84,2473,1836531.9135953083,6666043.056713466,False,False,False
4425,36,85,2474,1835827.0163140702,6658089.892406259,True,True,False
4426,36,86,2475,1835123.8128396226,6650144.289220892,True,False,False
4427,36,87,2476,1834422.2973227038,6642206.226874013,False,False,False
4428,36,88,2477,1833722.4639412907,6634275.685149079,True,False,False
4429,36,89,2478,1833024.3069004477,6626352.643896015,False,False,False
4430,36,90,2479,1832327.8204321647,6618437.0830309335,True,True,False
4431,36,91,2480,1831632.9987952062,6610528.982535821,False,True,False
4432,36,92,2481,1830939.836274954,6602628.32245824,False,True,False
4433,36,93,2482,1830248.327183257,6594735.082911031,True,True,False
4434,36,94,2483,1829558.4658582786,6586849.244072013,False,False,False
4435,36,95,2484,1828870.2466643434,6578970.786183681,False,False,False
4436,36,96,2485,1828183.663991793,6571099.689552923,False,False,False
4437,36,97,2486,1827498.7122568304,6563235.934550718,False,True,False
4438,36,98,2487,1826815.3859013764,6555379.501611857,False,True,False
4439,36,99,2488,1826133.6793929234,6547530.371234632,False,False,False
4440,36,100,2489,1825453.5872243864,6539688.523980572,False,False,False
4441,36,101,2490,1824775.1039139614,6531853.940474132,False,False,False
4442,36,102,2491,1824098.2240049785,6524026.601402437,False,False,False
4443,36,103,2492,1823422.9420657633,6516206.487514968,True,False,False
4444,36,104,2493,1823710.3601694512,6509342.807293929,False,False,False
4445,36,105,2494,1826032.6540704546,6503943.431051917,False,False,False
4471,37,7,2495,1905793.4853390642,7299155.698969642,False,False,False
4472,37,8,2496,1904133.6586726152,7293414.133611871,False,False,False
4473,37,9,2497,1903271.3717679062,7284823.3632421885,False,False,False
4474,37,10,2498,1902411.3403170784,7276241.909450254,False,False,False
4475,37,11,2499,1901553.5557558136,7267669.745872329,False,True,False
4476,37,12,2500,1900698.009563392,7259106.846240418,True,True,False
4477,37,13,2501,1899844.693262419,7250553.1843817895,True,False,False
4478,37,14,2502,1898993.5984185466,7242008.734218505,True,False,False
4479,37,15,2503,1898144.7166402086,7233473.469766954,True,False,False
4480,37,16,2504,1897298.0395783482,7224947.3651373945,True,False,False
4481,37,17,2505,1896453.5589261497,7216430.3945334945,False,False,False
4482,37,18,2506,1895611.2664187765,7207922.532251845,False,False,False
4483,37,19,2507,1894771.1538331052,7199423.75268155,True,False,False
4484,37,20,2508,1893933.2129874658,7190934.030303729,True,False,False
4485,37,21,2509,1893097.4357413813,7182453.339691094,True,False,False
4486,37,22,2510,1892263.8139953131,7173981.655507494,True,True,False
4487,37,23,2511,1891432.3396904017,7165518.952507472,True,True,False
4488,37,24,2512,1890603.004808217,7157065.205535812,False,True,False
4489,37,25,2513,1889775.8013705036,7148620.389527111,False,False,False
4490,37,26,2514,1888950.7214389339,7140184.479505343,True,False,False
4491,37,27,2515,1888127.7571148577,7131757.450583407,True,False,False
4492,37,28,2516,1887306.9005390566,7123339.2779627135,False,False,False
4493,37,29,2517,1886488.1438915036,7114929.936932747,False,False,False
4494,37,30,2518,1885671.4793911143,7106529.402870633,False,True,False
4495,37,31,2519,1884856.8992955114,7098137.651240725,False,False,False
4496,37,32,2520,1884044.3959007836,7089754.657594182,False,False,False
4497,37,33,2521,1883233.9615412492,7081380.397568537,True,False,False
4498,37,34,2522,1882425.58858922,7073014.846887284,True,False,False
4499,37,35,2523,1881619.2694547703,7064657.981359466,False,False,False
4500,37,36,2524,1880814.9965855007,7056309.776879267,False,False,False
4501,37,37,2525,1880012.7624663122,7047970.2094255965,False,False,False
4502,37,38,2526,1879212.559619174,7039639.255061675,False,False,False
4503,37,39,2527,1878414.3806029006,7031316.889934649,False,True,False
4504,37,40,2528,1877618.2180129238,7023003.090275162,False,True,False
4505,37,41,2529,1876824.0644810703,7014697.832396972,False,True,False
4506,37,42,2530,1876031.9126753374,7006401.092696548,True,True,False
4507,37,43,2531,1875241.7552996785,6998112.847652684,False,True,False
4508,37,44,2532,1874453.5850937783,6989833.073826079,True,True,False
4509,37,45,2533,1873667.3948328395,6981561.747858971,True,False,False
4510,37,46,2534,1872883.1773273651,6973298.846474739,False,False,False
4511,37,47,2535,1872100.9254229472,6965044.346477519,False,False,False
4512,37,48,2536,1871320.632000051,6956798.224751807,False,False,False
4513,37,49,2537,1870542.2899738075,6948560.458262103,False,True,False
4514,37,50,2538,1869765.8922938013,6940331.024052499,False,False,False
4515,37,51,2539,1868991.4319438655,6932109.899246323,False,False,False
4516,37,52,2540,1868218.9019418727,6923897.061045749,False,False,False
4517,37,53,2541,1867448.2953395324,6915692.486731439,True,False,False
4518,37,54,2542,1866679.6052221863,6907496.153662164,False,False,False
4519,37,55,2543,1865912.8247086075,6899308.039274422,False,True,False
4520,37,56,2544,1865147.9469507993,6891128.121082094,True,True,False
4521,37,57,2545,1864384.9651337953,6882956.37667606,True,False,False
4522,37,58,2546,1863623.8724754644,6874792.783723841,True,False,False
4523,37,59,2547,1862864.662226312,6866637.319969248,True,True,False
4524,37,60,2548,1862107.3276692878,6858489.963232006,False,False,False
4525,37,61,2549,1861351.8621195902,6850350.6914074095,True,True,False
4526,37,62,2550,1860598.2589244745,6842219.482465962,True,False,False
4527,37,63,2551,1859846.5114630645,6834096.314453024,True,False,False
4528,37,64,2552,1859096.6131461603,6825981.165488465,True,True,False
4529,37,65,2553,1858348.5574160533,6817874.0137663055,True,True,False
4530,37,66,2554,1857602.3377463364,6809774.837554388,False,False,False
4531,37,67,2555,1856857.9476417217,6801683.615194006,False,False,False
4532,37,68,2556,1856115.380637855,6793600.325099586,False,False,False
4533,37,69,2557,1855374.6303011333,6785524.945758329,False,False,False
4534,37,70,2558,1854635.6902285237,6777457.455729884,True,True,False
4535,37,71,2559,1853898.5540473834,6769397.833646002,True,False,False
4536,37,72,2560,1853163.2154152805,6761346.058210194,True,True,False
4537,37,73,2561,1852429.6680198163,6753302.108197422,True,True,False
4538,37,74,2562,1851697.9055784505,6745265.962453741,False,False,False
4539,37,75,2563,1850967.9218383245,6737237.599895977,False,False,False
4540,37,76,2564,1850239.7105760872,6729216.999511413,False,False,False
4541,37,77,2565,1849513.2655977244,6721204.140357444,False,False,False
4542,37,78,2566,1848788.5807383857,6713199.001561258,True,False,False
4543,37,79,2567,1848065.6498622147,6705201.562319521,True,False,False
4544,37,80,2568,1847344.466862182,6697211.801898048,False,False,False
4545,37,81,2569,1846625.0256599118,6689229.699631484,False,True,False
4546,37,82,2570,1845907.3202055222,6681255.234923,False,True,False
4547,37,83,2571,1845191.3444774551,6673288.387243953,False,False,False
4548,37,84,2572,1844477.092482313,6665329.136133597,False,False,False
4549,37,85,2573,1843764.5582546964,6657377.461198752,False,True,False
4550,37,86,2574,1843053.7358570413,6649433.342113507,True,False,False
4551,37,87,2575,1842344.6193794573,6641496.758618909,False,False,False
4552,37,88,2576,1841637.2029395693,6633567.69052265,True,False,False
4553,37,89,2577,1840931.480682358,6625646.117698764,True,False,False
4554,37,90,2578,1840227.4467800022,6617732.020087327,True,True,False
4555,37,91,2579,1839525.0954317225,6609825.377694153,False,True,False
4556,37,92,2580,1838824.4208636256,6601926.170590495,False,False,False
4557,37,93,2581,1838125.4173285498,6594034.378912746,True,True,False
4558,37,94,2582,1837428.0791059113,6586149.98286214,False,True,False
4559,37,95,2583,1836732.4005015537,6578272.962704464,False,False,False
4560,37,96,2584,1836038.3758475953,6570403.298769747,False,False,False
4561,37,97,2585,1835345.9995022775,6562540.971451994,False,False,False
4562,37,98,2586,1834655.2658498178,6554685.961208871,False,True,False
4563,37,99,2587,1833966.169300262,6546838.24856143,False,True,False
4564,37,100,2588,1833278.7042893348,6538997.814093822,False,True,False
4565,37,101,2589,1832592.8652782957,6531164.638453,False,False,False
4566,37,102,2590,1831908.6467537922,6523338.702348453,True,False,False
4567,37,103,2591,1831226.0432277168,6515519.986551903,True,False,False
4568,37,104,2592,1830545.0492370632,6507708.4718970405,False,False,False
4569,37,105,2593,1831067.2118155328,6501161.671263902,False,False,False
4595,38,7,2594,1913922.3862176188,7300172.190582818,False,False,False
4596,38,8,2595,1912715.331690409,7292560.412840211,False,False,False
4597,38,9,2596,1911843.8441460733,7283971.6370156435,False,False,False
4598,38,10,2597,1910974.6355832273,7275392.170064504,False,False,False
4599,38,11,2598,1910107.697351074,7266821.985662132,False,True,False
4600,38,12,2599,1909243.0208428358,7258261.057579356,True,False,False
4601,38,13,2600,1908380.5974954779,7249709.359682032,False,False,False
4602,38,14,2601,1907520.418789434,7241166.865930558,False,False,False
4603,38,15,2602,1906662.47624833,7232633.55037942,False,False,False
4604,38,16,2603,1905806.7614387157,7224109.387176733,True,False,False
4605,38,17,2604,1904953.2659697914,7215594.350563778,True,False,False
4606,38,18,2605,1904101.9814931436,7207088.41487454,True,False,False
4607,38,19,2606,1903252.8997024773,7198591.554535257,True,False,False
4608,38,20,2607,1902406.012333353,7190103.744063974,False,False,False
4609,38,21,2608,1901561.3111629267,7181624.958070084,False,False,False
4610,38,22,2609,1900718.7880096864,7173155.171253889,True,False,False
4611,38,23,2610,1899878.4347331983,7164694.358406162,False,False,False
4612,38,24,2611,1899040.2432338493,7156242.49440768,False,False,False
4613,38,25,2612,1898204.205452592,7147799.554228825,False,False,False
4614,38,26,2613,1897370.3133706956,7139365.512929118,False,False,False
4615,38,27,2614,1896538.5590094929,7130940.3456567945,True,False,False
4616,38,28,2615,1895708.934430133,7122524.027648382,False,False,False
4617,38,29,2616,1894881.4317333363,7114116.53422825,False,False,False
4618,38,30,2617,1894056.0430591463,7105717.840808215,False,True,False
4619,38,31,2618,1893232.7605866916,7097327.922887095,False,False,False
4620,38,32,2619,1892411.5765339402,7088946.756050295,True,False,False
4621,38,33,2620,1891592.4831574636,7080574.315969387,True,False,False
4622,38,34,2621,1890775.472752197,7072210.578401704,False,False,False
4623,38,35,2622,1889960.537651206,7063855.51918991,False,False,False
4624,38,36,2623,1889147.670225449,7055509.114261602,False,False,False
4625,38,37,2624,1888336.8628835494,7047171.339628903,False,False,False
4626,38,38,2625,1887528.1080715614,7038842.171388043,False,True,False
4627,38,39,2626,1886721.3982727428,7030521.585718965,False,True,False
4628,38,40,2627,1885916.7260073267,7022209.558884927,False,False,False
4629,38,41,2628,1885114.0838322975,7013906.0672320835,False,False,False
4630,38,42,2629,1884313.4643411655,7005611.087189123,True,True,False
4631,38,43,2630,1883514.8601637445,6997324.595266836,False,True,False
4632,38,44,2631,1882718.2639659334,6989046.568057743,False,True,False
4633,38,45,2632,1881923.6684494931,6980776.982235707,True,True,False
4634,38,46,2633,1881131.0663518338,6972515.814555538,True,True,False
4635,38,47,2634,1880340.4504457952,6964263.041852606,False,False,False
4636,38,48,2635,1879551.8135394342,6956018.641042466,False,False,False
4637,38,49,2636,1878765.1484758104,6947782.589120469,False,True,False
4638,38,50,2637,1877980.4481327776,6939554.863161391,False,True,False
4639,38,51,2638,1877197.7054227716,6931335.440319044,True,False,False
4640,38,52,2639,1876416.9132926029,6923124.297825918,True,True,False
4641,38,53,2640,1875638.0647232495,6914921.412992789,True,True,False
4642,38,54,2641,1874861.1527296524,6906726.763208374,True,True,False
4643,38,55,2642,1874086.170360511,6898540.325938934,True,True,False
4644,38,56,2643,1873313.1106980823,6890362.078727931,True,True,False
4645,38,57,2644,1872541.9668579774,6882191.999195659,True,True,False
4646,38,58,2645,1871772.7319889662,6874030.065038862,False,False,False
4647,38,59,2646,1871005.3992727736,6865876.254030407,True,True,False
4648,38,60,2647,1870239.961923889,6857730.544018906,True,True,False
4649,38,61,2648,1869476.4131893667,6849592.912928353,True,True,False
4650,38,62,2649,1868714.7463486344,6841463.338757797,False,True,False
4651,38,63,2650,1867954.9547133006,6833341.799580964,False,True,False
4652,38,64,2651,1867197.0316269624,6825228.273545923,False,True,False
4653,38,65,2652,1866440.9704650166,6817122.73887473,False,False,False
4654,38,66,2653,1865686.7646344714,6809025.17386308,False,False,False
4655,38,67,2654,1864934.4075737598,6800935.556879984,False,False,False
4656,38,68,2655,1864183.892752553,6792853.866367397,False,False,False
4657,38,69,2656,1863435.2136715765,6784780.080839889,False,False,False
4658,38,70,2657,1862688.3638624267,6776714.178884324,True,True,False
4659,38,71,2658,1861943.3368873901,6768656.139159501,False,True,False
4660,38,72,2659,1861200.1263392617,6760605.940395832,False,False,False
4661,38,73,2660,1860458.725841166,6752563.561394996,True,True,False
4662,38,74,2661,1859719.1290463803,6744528.981029638,True,True,False
4663,38,75,2662,1858981.3296381554,6736502.178243003,False,False,False
4664,38,76,2663,1858245.3213295424,6728483.132048628,True,False,False
4665,38,77,2664,1857511.097863219,6720471.821530027,True,False,False
4666,38,78,2665,1856778.653011313,6712468.225840343,True,False,False
4667,38,79,2666,1856047.9805752337,6704472.324202052,False,False,False
4668,38,80,2667,1855319.0743855,6696484.095906621,False,False,False
4669,38,81,2668,1854591.9283015728,6688503.520314204,False,False,False
4670,38,82,2669,1853866.5362116818,6680530.576853321,False,True,False
4671,38,83,2670,1853142.8920326652,6672565.245020545,False,True,False
4672,38,84,2671,1852420.9897097992,6664607.504380193,False,False,False
4673,38,85,2672,1851700.8232166332,6656657.3345639985,False,True,False
4674,38,86,2673,1850982.3865548288,6648714.715270832,True,False,False
4675,38,87,2674,1850265.6737539957,6640779.6262663575,False,False,False
4676,38,88,2675,1849550.6788715308,6632852.047382758,True,False,False
4677,38,89,2676,1848837.395992456,6624931.958518417,True,False,False
4678,38,90,2677,1848125.8192292626,6617019.339637611,False,True,False
4679,38,91,2678,1847415.942721751,6609114.170770221,False,False,False
4680,38,92,2679,1846707.7606368735,6601216.432011427,True,True,False
4681,38,93,2680,1846001.2671685799,6593326.103521402,True,True,False
4682,38,94,2681,1845296.4565376607,6585443.165525042,False,True,False
4683,38,95,2682,1844593.3229915954,6577567.598311642,False,True,False
4684,38,96,2683,1843891.8608043985,6569699.382234616,False,False,False
4685,38,97,2684,1843192.064276469,6561838.497711215,False,False,False
4686,38,98,2685,1842493.9277344374,6553984.925222221,False,True,False
4687,38,99,2686,1841797.4455310192,6546138.645311664,False,True,False
4688,38,100,2687,1841102.6120448646,6538299.638586545,False,True,False
4689,38,101,2688,1840409.4216804106,6530467.885716545,False,True,False
4690,38,102,2689,1839717.8688677368,6522643.367433729,True,False,False
4691,38,103,2690,1839027.9480624152,6514826.064532292,False,False,False
4692,38,104,2691,1838339.6537453716,6507015.957868255,False,False,False
4693,38,105,2692,1837654.770821549,6499214.533402648,False,False,False
4694,38,106,2693,1838492.3662537024,6492963.99020154,False,False,False
4718,39,6,2694,1924275.901090536,7305702.072152041,False,False,False
4719,39,7,2695,1922179.1711972635,7300292.573529331,False,False,False
4720,39,8,2696,1921295.2746590525,7291697.6103660185,False,False,False
4721,39,9,2697,1920414.5933274678,7283110.849760898,False,False,False
4722,39,10,2698,1919536.2144700692,7274533.390247542,False,False,False
4723,39,11,2699,1918660.1293497996,7265965.205540731,False,True,False
4724,39,12,2700,1917786.3292740437,7257406.2694505025,True,False,False
4725,39,13,2701,1916914.805594346,7248856.5558816595,False,False,False
4726,39,14,2702,1916045.5497061359,7240316.03883331,False,False,False
4727,39,15,2703,1915178.5530484482,7231784.6923984075,False,False,False
4728,39,16,2704,1914313.8071036523,7223262.490763284,False,False,False
4729,39,17,2705,1913451.3033971756,7214749.408207209,False,False,False
4730,39,18,2706,1912591.033497238,7206245.4191019,False,False,False
4731,39,19,2707,1911732.989014581,7197750.497911107,False,False,False
4732,39,20,2708,1910877.1616022042,7189264.619190146,False,False,False
4733,39,21,2709,1910023.5429550982,7180787.757585448,True,False,False
4734,39,22,2710,1909172.1248099848,7172319.887834122,True,False,False
4735,39,23,2711,1908322.8989450566,7163860.984763512,False,False,False
4736,39,24,2712,1907475.8571797188,7155411.023290751,False,False,False
4737,39,25,2713,1906630.9913743318,7146969.978422338,False,False,False
4738,39,26,2714,1905788.293429959,7138537.825253695,False,False,False
4739,39,27,2715,1904947.7552881122,7130114.538968731,True,False,False
4740,39,28,2716,1904109.3689305028,7121700.094839421,True,False,False
4741,39,29,2717,1903273.1263787923,7113294.4682253795,False,False,False
4742,39,30,2718,1902439.019694345,7104897.634573433,False,True,False
4743,39,31,2719,1901607.0409779842,7096509.5694171935,True,False,False
4744,39,32,2720,1900777.182369748,7088130.248376654,True,False,False
4745,39,33,2721,1899949.4360486472,7079759.647157762,False,False,False
4746,39,34,2722,1899123.794232428,7071397.741552004,False,False,False
4747,39,35,2723,1898300.249177332,7063044.507435992,False,False,False
4748,39,36,2724,1897478.7931778603,7054699.920771066,False,True,False
4749,39,37,2725,1896659.41856654,7046363.957602884,False,True,False
4750,39,38,2726,1895842.1177136905,7038036.594061,False,True,False
4751,39,39,2727,1895026.8830271927,7029717.806358485,False,False,False
4752,39,40,2728,1894213.7069522615,7021407.57079151,False,False,False
4753,39,41,2729,1893402.5819712144,7013105.86373896,False,False,False
4754,39,42,2730,1892593.5006032486,7004812.661662034,True,False,False
4755,39,43,2731,1891786.4554042167,6996527.941103848,False,True,False
4756,39,44,2732,1890981.4389664014,6988251.678689049,False,False,False
4757,39,45,2733,1890178.4439182973,6979983.851123427,False,False,False
4758,39,46,2734,1889377.4629243894,6971724.435193536,True,True,False
4759,39,47,2735,1888578.488684936,6963473.40776628,True,True,False
4760,39,48,2736,1887781.513935753,6955230.745788569,True,True,False
4761,39,49,2737,1886986.5314479978,6946996.42628692,True,True,False
4762,39,50,2738,1886193.5340279571,6938770.426367077,True,True,False
4763,39,51,2739,1885402.5145168344,6930552.723213648,True,True,False
4764,39,52,2740,1884613.4657905411,6922343.294089716,False,True,False
4765,39,53,2741,1883826.380759487,6914142.1163364835,False,False,False
4766,39,54,2742,1883041.2523683726,6905949.167372892,False,False,False
4767,39,55,2743,1882258.073595985,6897764.424695266,False,False,False
4768,39,56,2744,1881476.8374549926,6889587.865876929,False,False,False
4769,39,57,2745,1880697.5369917424,6881419.468567873,True,True,False
4770,39,58,2746,1879920.1652860593,6873259.210494362,False,True,False
4771,39,59,2747,1879144.715451046,6865107.069458595,True,True,False
4772,39,60,2748,1878371.1806328844,6856963.023338346,False,True,False
4773,39,61,2749,1877599.554010639,6848827.050086609,False,True,False
4774,39,62,2750,1876829.8287960617,6840699.12773124,False,True,False
4775,39,63,2751,1876061.9982333954,6832579.234374615,False,False,False
4776,39,64,2752,1875296.055599185,6824467.348193273,False,False,False
4777,39,65,2753,1874531.9942020825,6816363.4474375835,False,False,False
4778,39,66,2754,1873769.8073826586,6808267.510431377,False,False,False
4779,39,67,2755,1873009.4885132136,6800179.515571633,False,False,False
4780,39,68,2756,1872251.0309975897,6792099.4413281055,False,False,False
4781,39,69,2757,1871494.4282709856,6784027.266243024,False,False,False
4782,39,70,2758,1870739.6737997713,6775962.968930714,True,True,False
4783,39,71,2759,1869986.7610813056,6767906.528077296,False,True,False
4784,39,72,2760,1869235.6836437506,6759857.92244033,False,True,False
4785,39,73,2761,1868486.4350458963,6751817.130848509,False,False,False
4786,39,74,2762,1867739.0088769754,6743784.132201294,True,True,False
4787,39,75,2763,1866993.3987564892,6735758.905468615,True,True,False
4788,39,76,2764,1866249.5983340277,6727741.429690539,True,False,False
4789,39,77,2765,1865507.6012890958,6719731.683976937,False,False,False
4790,39,78,2766,1864767.401330937,6711729.647507171,False,False,False
4791,39,79,2767,1864028.9921983604,6703735.299529771,False,False,False
4792,39,80,2768,1863292.3676595693,6695748.619362118,False,False,False
4793,39,81,2769,1862557.5215119896,6687769.586390114,False,False,False
4794,39,82,2770,1861824.4475820996,6679798.180067891,False,False,False
4795,39,83,2771,1861093.1397252628,6671834.379917477,False,True,False
4796,39,84,2772,1860363.5918255576,6663878.165528496,False,True,False
4797,39,85,2773,1859635.7977956142,6655929.516557853,False,True,False
4798,39,86,2774,1858909.751576448,6647988.412729422,True,False,False
4799,39,87,2775,1858185.4471372957,6640054.833833743,False,False,False
4800,39,88,2776,1857462.8784754518,6632128.759727735,False,False,False
4801,39,89,2777,1856742.0396161075,6624210.170334352,True,True,False
4802,39,90,2778,1856022.92461219,6616299.045642321,False,True,False
4803,39,91,2779,1855305.5275442041,6608395.365705824,True,True,False
4804,39,92,2780,1854589.8425200703,6600499.110644201,True,True,False
4805,39,93,2781,1853875.8636749722,6592610.260641652,False,False,False
4806,39,94,2782,1853163.5851711968,6584728.795946955,False,False,False
4807,39,95,2783,1852453.0011979798,6576854.696873148,False,True,False
4808,39,96,2784,1851744.105971353,6568987.943797261,False,True,False
4809,39,97,2785,1851036.8937339894,6561128.517160018,False,False,False
4810,39,98,2786,1850331.3587550528,6553276.397465547,False,False,False
4811,39,99,2787,1849627.4953300455,6545431.565281086,False,False,False
4812,39,100,2788,1848925.2977806593,6537594.001236705,False,False,False
4813,39,101,2789,1848224.7604546254,6529763.686025034,False,True,False
4814,39,102,2790,1847525.8777255684,6521940.600400954,True,False,False
4815,39,103,2791,1846828.6439928568,6514124.725181339,False,False,False
4816,39,104,2792,1846133.0536814602,6506316.0412447695,False,False,False
4817,39,105,2793,1845439.1012418012,6498514.529531243,False,False,False
4818,39,106,2794,1844790.8662317102,6490757.594671671,False,False,False
4819,39,107,2795,1845943.9040486303,6484745.168817533,False,False,False
4842,40,6,2796,1932010.7116714292,7306651.183933648,False,False,False
4843,40,7,2797,1930765.6727728765,7299419.776514857,False,False,False
4844,40,8,2798,1929873.469774906,7290825.732198618,False,False,False
4845,40,9,2799,1928983.6015768077,7282241.007456159,False,False,False
4846,40,10,2800,1928096.0593103436,7273665.575946638,False,False,False
4847,40,11,2801,1927210.834152421,7265099.411424668,False,True,False
4848,40,12,2802,1926327.9173248066,7256542.487739855,True,False,False
4849,40,13,2803,1925447.300093847,7247994.778836327,False,False,False
4850,40,14,2804,1924568.9737701847,7239456.258752271,False,False,False
4851,40,15,2805,1923692.9297084801,7230926.901619465,False,False,False
4852,40,16,2806,1922819.1593071353,7222406.6816628305,False,False,False
4853,40,17,2807,1921947.6540080218,7213895.573199971,False,False,False
4854,40,18,2808,1921078.4052962023,7205393.550640717,False,False,False
4855,40,19,2809,1920211.4046996676,7196900.588486679,False,False,False
4856,40,20,2810,1919346.643789062,7188416.6613307865,False,False,False
4857,40,21,2811,1918484.1141774205,7179941.743856879,True,False,False
4858,40,22,2812,1917623.8075199032,7171475.810839215,False,False,False
4859,40,23,2813,1916765.7155135341,7163018.837142061,False,False,False
4860,40,24,2814,1915909.829896938,7154570.797719249,False,False,False
4861,40,25,2815,1915056.142450085,7146131.667613741,False,False,False
4862,40,26,2816,1914204.6449940314,7137701.421957202,False,False,False
4863,40,27,2817,1913355.3293906683,7129280.035969556,False,False,False
4864,40,28,2818,1912508.1875424641,7120867.484958569,True,False,False
4865,40,29,2819,1911663.2113922173,7112463.744319422,False,False,False
4866,40,30,2820,1910820.3929228066,7104068.789534297,False,True,False
4867,40,31,2821,1909979.724156943,7095682.596171936,True,False,False
4868,40,32,2822,1909141.1971569236,7087305.139887247,False,False,False
4869,40,33,2823,1908304.804024391,7078936.396420875,False,False,False
4870,40,34,2824,1907470.536900089,7070576.341598789,False,False,False
4871,40,35,2825,1906638.387963621,7062224.951331882,False,True,False
4872,40,36,2826,1905808.3494332167,7053882.201615558,False,True,False
4873,40,37,2827,1904980.4135654916,7045548.06852932,False,False,False
4874,40,38,2828,1904154.5726552124,7037222.528236376,False,False,False
4875,40,39,2829,1903330.8190350654,7028905.556983233,False,False,False
4876,40,40,2830,1902509.1450754253,7020597.131099302,False,False,False
4877,40,41,2831,1901689.543184123,7012297.226996504,True,False,False
4878,40,42,2832,1900872.0058062207,7004005.821168861,True,True,False
4879,40,43,2833,1900056.5254237836,6995722.890192128,False,True,False
4880,40,44,2834,1899243.094555655,6987448.410723387,False,False,False
4881,40,45,2835,1898431.705757235,6979182.359500664,False,False,False
4882,40,46,2836,1897622.3516202564,6970924.713342544,False,False,False
4883,40,47,2837,1896815.0247725681,6962675.449147784,False,False,False
4884,40,48,2838,1896009.7178779137,6954434.543894951,False,False,False
4885,40,49,2839,1895206.4236357166,6946201.974642019,False,False,False
4886,40,50,2840,1894405.1347808645,6937977.7185260095,False,False,False
4887,40,51,2841,1893605.8440834952,6929761.752762605,False,False,False
4888,40,52,2842,1892808.5443487854,6921554.054645793,False,False,False
4889,40,53,2843,1892013.2284167397,6913354.60154748,False,False,False
4890,40,54,2844,1891219.8891619826,6905163.370917138,False,True,False
4891,40,55,2845,1890428.519493548,6896980.340281427,False,True,False
4892,40,56,2846,1889639.1123546772,6888805.487243839,False,True,False
4893,40,57,2847,1888851.6607226117,6880638.789484334,True,True,False
4894,40,58,2848,1888066.1576083908,6872480.224758988,False,True,False
4895,40,59,2849,1887282.59605665,6864329.770899611,True,True,False
4896,40,60,2850,1886500.9691454207,6856187.4058134295,False,False,False
4897,40,61,2851,1885721.2699859315,6848053.107482697,False,False,False
4898,40,62,2852,1884943.4917224115,6839926.853964375,False,False,False
4899,40,63,2853,1884167.6275318924,6831808.623389755,False,False,False
4900,40,64,2854,1883393.6706240166,6823698.393964131,False,False,False
4901,40,65,2855,1882621.6142408412,6815596.143966443,False,False,False
4902,40,66,2856,1881851.4516566498,6807501.85174894,False,False,False
4903,40,67,2857,1881083.1761777573,6799415.495736831,False,False,False
4904,40,68,2858,1880316.7811423247,6791337.054427957,False,False,False
4905,40,69,2859,1879552.2599201698,6783266.506392444,True,False,False
4906,40,70,2860,1878789.6059125813,6775203.830272371,True,True,False
4907,40,71,2861,1878028.8125521329,6767149.004781431,False,False,False
4908,40,72,2862,1877269.8733024993,6759102.008704608,False,True,False
4909,40,73,2863,1876512.7816582753,6751062.820897846,False,False,False
4910,40,74,2864,1875757.5311447922,6743031.420287703,False,False,False
4911,40,75,2865,1875004.1153179402,6735007.785871047,True,True,False
4912,40,76,2866,1874252.5277639884,6726991.896714726,True,True,False
4913,40,77,2867,1873502.7620994067,6718983.731955227,True,True,False
4914,40,78,2868,1872754.8119706903,6710983.270798379,False,False,False
4915,40,79,2869,1872008.6710541854,6702990.492519034,False,True,False
4916,40,80,2870,1871264.333055914,6695005.376460716,False,False,False
4917,40,81,2871,1870521.7917114028,6687027.902035344,False,False,False
4918,40,82,2872,1869781.04078551,6679058.048722904,False,False,False
4919,40,83,2873,1869042.0740722571,6671095.796071125,False,False,False
4920,40,84,2874,1868304.8853946582,6663141.1236951845,False,True,False
4921,40,85,2875,1867569.468604553,6655194.011277392,False,True,False
4922,40,86,2876,1866835.8175824413,6647254.438566884,True,False,False
4923,40,87,2877,1866103.9262373138,6639322.385379317,False,False,False
4924,40,88,2878,1865373.788506492,6631397.83159657,False,True,False
4925,40,89,2879,1864645.3983554626,6623480.757166425,True,True,False
4926,40,90,2880,1863918.749777716,6615571.142102283,True,False,False
4927,40,91,2881,1863193.8367945845,6607668.966482871,True,True,False
4928,40,92,2882,1862470.653455084,6599774.210451922,False,False,False
4929,40,93,2883,1861749.1938357532,6591886.854217893,False,False,False
4930,40,94,2884,1861029.4520404981,6584006.878053678,False,False,False
4931,40,95,2885,1860311.422200434,6576134.262296294,False,False,False
4932,40,96,2886,1859595.0984737296,6568268.9873466175,False,True,False
4933,40,97,2887,1858880.475045453,6560411.033669067,False,False,False
4934,40,98,2888,1858167.5461274202,6552560.381791341,False,False,False
4935,40,99,2889,1857456.3059580387,6544717.012304115,False,False,False
4936,40,100,2890,1856746.7488021594,6536880.905860765,False,False,False
4937,40,101,2891,1856038.8689509255,6529052.043177078,True,True,False
4938,40,102,2892,1855332.6607216224,6521230.405030973,True,True,False
4939,40,103,2893,1854628.11845753,6513415.972262234,True,True,False
4940,40,104,2894,1853925.2365277759,6505608.725772209,True,True,False
4941,40,105,2895,1853224.0093271886,6497808.646523549,True,True,False
4942,40,106,2896,1852524.4312761514,6490015.715539924,True,True,False
4943,40,107,2897,1851960.005930954,6482344.626447275,False,True,False
4944,40,108,2898,1853381.1061010913,6476527.764587775,False,True,False
4965,41,5,2899,1942913.2168297125,7312225.61962621,False,False,False
4966,41,6,2900,1940295.0406051956,7307083.611802194,False,False,False
4967,41,7,2901,1939351.3056457136,7298536.764272391,False,False,False
4968,41,8,2902,1938449.8992620478,7289944.784406832,False,False,False
4969,41,9,2903,1937550.8511863519,7281362.116138822,False,False,False
4970,41,10,2904,1936654.1524641567,7272788.733167974,False,False,False
4971,41,11,2905,1935759.7941865607,7264224.6092890985,False,True,False
4972,41,12,2906,1934867.7674899376,7255669.718391747,True,False,False
4973,41,13,2907,1933978.063555656,7247124.03445974,False,False,False
4974,41,14,2908,1933090.6736097925,7238587.531570701,False,False,False
4975,41,15,2909,1932205.5889228517,7230060.1838956075,False,False,False
4976,41,16,2910,1931322.8008094884,7221541.965698328,False,False,False
4977,41,17,2911,1930442.300628228,7213032.851335163,False,False,False
4978,41,18,2912,1929564.0797811956,7204532.81525441,False,False,False
4979,41,19,2913,1928688.1297138385,7196041.831995887,True,False,False
4980,41,20,2914,1927814.4419146595,7187559.876190522,True,False,False
4981,41,21,2915,1926943.007914947,7179086.922559873,True,False,False
4982,41,22,2916,1926073.8192885062,7170622.945915718,False,False,False
4983,41,23,2917,1925206.8676513978,7162167.921159594,False,False,False
4984,41,24,2918,1924342.144661672,7153721.823282379,False,False,False
4985,41,25,2919,1923479.6420191105,7145284.6273638345,False,False,False
4986,41,26,2920,1922619.3514649654,7136856.308572215,False,False,False
4987,41,27,2921,1921761.264781704,7128436.842163795,False,False,False
4988,41,28,2922,1920905.3737927524,7120026.2034824705,True,False,False
4989,41,29,2923,1920051.6703622427,7111624.367959325,True,False,False
4990,41,30,2924,1919200.1463947638,7103231.311112224,True,True,False
4991,41,31,2925,1918350.7938351068,7094847.008545376,True,False,False
4992,41,32,2926,1917503.6046680245,7086471.435948932,False,False,False
4993,41,33,2927,1916658.5709179777,7078104.569098556,False,True,False
4994,41,34,2928,1915815.6846488984,7069746.383855041,False,True,False
4995,41,35,2929,1914974.9379639442,7061396.856163867,False,True,False
4996,41,36,2930,1914136.323005257,7053055.962054824,False,False,False
4997,41,37,2931,1913299.831953726,7044723.677641596,False,False,False
4998,41,38,2932,1912465.4570287515,7036399.979121351,False,False,False
4999,41,39,2933,1911633.1904880067,7028084.842774353,False,False,False
5000,41,40,2934,1910803.0246272087,7019778.244963562,False,False,False
5001,41,41,2935,1909974.9517798817,7011480.162134244,True,False,False
5002,41,42,2936,1909148.9643171316,7003190.570813572,False,True,False
5003,41,43,2937,1908325.0546474133,6994909.447610234,False,False,False
5004,41,44,2938,1907503.2152163088,6986636.769214052,False,False,False
5005,41,45,2939,1906683.4385062973,6978372.512395595,False,False,False
5006,41,46,2940,1905865.7170365353,6970116.654005794,False,False,False
5007,41,47,2941,1905050.043362632,6961869.1709755575,False,False,False
5008,41,48,2942,1904236.410076432,6953630.040315399,False,False,False
5009,41,49,2943,1903424.8098057944,6945399.239115056,False,False,False
5010,41,50,2944,1902615.2352143761,6937176.744543117,False,False,False
5011,41,51,2945,1901807.6790014175,6928962.533846646,False,False,False
5012,41,52,2946,1901002.1339015276,6920756.584350815,False,False,False
5013,41,53,2947,1900198.5926844703,6912558.873458537,False,True,False
5014,41,54,2948,1899397.0481549567,6904369.378650096,False,True,False
5015,41,55,2949,1898597.493152433,6896188.077482778,False,False,False
5016,41,56,2950,1897799.9205508744,6888014.947590534,False,False,False
5017,41,57,2951,1897004.3232585767,6879849.966683578,True,True,False
5018,41,58,2952,1896210.6942179531,6871693.112548064,True,True,False
5019,41,59,2953,1895419.0264053305,6863544.36304572,True,True,False
5020,41,60,2954,1894629.312830747,6855403.696113484,True,True,False
5021,41,61,2955,1893841.5465377516,6847271.089763168,False,False,False
5022,41,62,2956,1893055.7206032048,6839146.522081095,False,False,False
5023,41,63,2957,1892271.828137081,6831029.971227763,False,False,False
5024,41,64,2958,1891489.8622822731,6822921.415437479,False,False,False
5025,41,65,2959,1890709.816214396,6814820.833018041,False,False,False
5026,41,66,2960,1889931.6831415936,6806728.202350373,False,False,False
5027,41,67,2961,1889155.456304348,6798643.5018882025,False,False,False
5028,41,68,2962,1888381.1289752861,6790566.710157708,False,False,False
5029,41,69,2963,1887608.6944589934,6782497.805757187,True,True,False
5030,41,70,2964,1886838.1460918218,6774436.767356727,False,True,False
5031,41,71,2965,1886069.4772417066,6766383.573697873,False,False,False
5032,41,72,2966,1885302.681307978,6758338.203593278,False,True,False
5033,41,73,2967,1884537.7517211807,6750300.635926402,False,False,False
5034,41,74,2968,1883774.6819428862,6742270.849651164,True,False,False
5035,41,75,2969,1883013.465465515,6734248.823791623,True,True,False
5036,41,76,2970,1882254.095812154,6726234.537441656,False,True,False
5037,41,77,2971,1881496.5665363788,6718227.969764639,True,True,False
5038,41,78,2972,1880740.8712220758,6710229.099993116,True,True,False
5039,41,79,2973,1879987.0034832633,6702237.907428491,True,True,False
5040,41,80,2974,1879234.9569639205,6694254.371440711,True,True,False
5041,41,81,2975,1878484.7253378087,6686278.471467947,False,True,False
5042,41,82,2976,1877736.3023083012,6678310.187016281,False,True,False
5043,41,83,2977,1876989.6816082112,6670349.497659394,False,False,False
5044,41,84,2978,1876244.856999621,6662396.383038264,False,True,False
5045,41,85,2979,1875501.8222737121,6654450.822860848,False,True,False
5046,41,86,2980,1874760.5712505975,6646512.796901787,True,True,False
5047,41,87,2981,1874021.097779154,6638582.28500209,False,False,False
5048,41,88,2982,1873283.3957368596,6630659.267068836,True,True,False
5049,41,89,2983,1872547.459029623,6622743.7230748795,True,False,False
5050,41,90,2984,1871813.2815916245,6614835.633058534,True,True,False
5051,41,91,2985,1871080.8573851525,6606934.977123298,False,True,False
5052,41,92,2986,1870350.1804004412,6599041.735437535,False,False,False
5053,41,93,2987,1869621.2446555118,6591155.888234192,False,False,False
5054,41,94,2988,1868894.0441960115,6583277.415810503,False,False,False
5055,41,95,2989,1868168.5730950579,6575406.298527709,False,False,False
5056,41,96,2990,1867444.8254530795,6567542.516810742,False,True,False
5057,41,97,2991,1866722.795397661,6559686.051147964,False,True,False
5058,41,98,2992,1866002.4770833896,6551836.882090865,False,True,False
5059,41,99,2993,1865283.8646916987,6543994.990253773,True,False,False
5060,41,100,2994,1864566.9524307174,6536160.356313598,True,True,False
5061,41,101,2995,1863851.7345351176,6528332.961009513,True,True,False
5062,41,102,2996,1863138.2052659637,6520512.785142698,True,False,False
5063,41,103,2997,1862426.3589105634,6512699.809576057,False,False,False
5064,41,104,2998,1861716.189782318,6504894.015233929,False,False,False
5065,41,105,2999,1861007.6922205754,6497095.383101839,False,False,False
5066,41,106,3000,1860300.8605904847,6489303.894226181,True,False,False
5067,41,107,3001,1859595.6892828485,6481519.529713988,True,False,False
5068,41,108,3002,1859148.098250431,6473975.817608131,True,False,False
5069,41,109,3003,1860394.3936620827,6468676.766950421,False,False,False
5089,42,5,3004,1950148.4208464604,7313096.405480652,False,True,False
5090,42,6,3005,1948848.141591813,7306243.892533345,False,False,False
5091,42,7,3006,1947935.1480488388,7297644.667876507,False,False,False
5092,42,8,3007,1947024.5453725352,7289054.773118829,False,False,False
5093,42,9,3008,1946116.3244761582,7280474.181905347,False,False,False
5094,42,10,3009,1945210.4763192385,7271902.867976495,False,False,False
5095,42,11,3010,1944306.991907291,7263340.8051676545,True,True,False
5096,42,12,3011,1943405.8622915242,7254787.967408693,True,False,False
5097,42,13,3012,1942507.078568551,7246244.328723487,False,False,False
5098,42,14,3013,1941610.631880104,7237709.8632294675,False,False,False
5099,42,15,3014,1940716.5134127547,7229184.545137171,False,False,False
5100,42,16,3015,1939824.714397627,7220668.348749772,False,False,False
5101,42,17,3016,1938935.2261101205,7212161.248462635,False,False,False
5102,42,18,3017,1938048.0398696356,7203663.2187628625,False,False,False
5103,42,19,3018,1937163.1470392935,7195174.234228859,True,False,False
5104,42,20,3019,1936280.5390256655,7186694.269529878,False,False,False
5105,42,21,3020,1935400.2072785033,7178223.2994255675,False,False,False
5106,42,22,3021,1934522.1432904692,7169761.29876556,False,False,False
5107,42,23,3022,1933646.3385968665,7161308.242489016,False,False,False
5108,42,24,3023,1932772.784775378,7152864.105624187,False,False,False
5109,42,25,3024,1931901.473445802,7144428.863288,False,False,False
5110,42,26,3025,1931032.396269788,7136002.4906856185,False,False,False
5111,42,27,3026,1930165.5449505833,7127584.963110016,False,False,False
5112,42,28,3027,1929300.911232771,7119176.255941552,False,False,False
5113,42,29,3028,1928438.4869020155,7110776.34464755,True,False,False
5114,42,30,3029,1927578.2637848125,7102385.204781884,True,True,False
5115,42,31,3030,1926720.2337482304,7094002.811984563,False,False,False
5116,42,32,3031,1925864.388699669,7085629.141981302,False,True,False
5117,42,33,3032,1925010.720586604,7077264.170583128,False,True,False
5118,42,34,3033,1924159.2213963463,7068907.873685959,False,False,False
5119,42,35,3034,1923309.8831557953,7060560.227270204,False,False,False
5120,42,36,3035,1922462.6979311954,7052221.207400354,False,False,False
5121,42,37,3036,1921617.6578278984,7043890.79022458,False,False,False
5122,42,38,3037,1920774.7549901211,7035568.951974339,False,False,False
5123,42,39,3038,1919933.981600711,7027255.668963964,False,False,False
5124,42,40,3039,1919095.3298809086,7018950.917590284,False,False,False
5125,42,41,3040,1918258.7920901147,7010654.674332212,True,False,False
5126,42,42,3041,1917424.3605256581,7002366.915750381,False,True,False
5127,42,43,3042,1916592.0275225658,6994087.618486719,False,False,False
5128,42,44,3043,1915761.7854533324,6985816.759264108,False,False,False
5129,42,45,3044,1914933.6267276953,6977554.314885954,False,False,False
5130,42,46,3045,1914107.5437924091,6969300.262235831,False,False,False
5131,42,47,3046,1913283.529131018,6961054.578277104,False,True,False
5132,42,48,3047,1912461.575263641,6952817.240052532,False,True,False
5133,42,49,3048,1911641.6747467427,6944588.224683916,False,True,False
5134,42,50,3049,1910823.8201729225,6936367.509371705,False,True,False
5135,42,51,3050,1910008.0041706895,6928155.071394639,False,True,False
5136,42,52,3051,1909194.2194042534,6919950.888109368,False,True,False
5137,42,53,3052,1908382.458573306,6911754.936950096,False,True,False
5138,42,54,3053,1907572.7144128098,6903567.19542821,False,False,False
5139,42,55,3054,1906764.9796927872,6895387.641131921,False,False,False
5140,42,56,3055,1905959.2472181097,6887216.2517259,False,True,False
5141,42,57,3056,1905155.5098282907,6879053.0049509145,False,True,False
5142,42,58,3057,1904353.760397278,6870897.8786234865,True,True,False
5143,42,59,3058,1903553.991833249,6862750.850635527,True,False,False
5144,42,60,3059,1902756.1970784075,6854611.898953977,True,True,False
5145,42,61,3060,1901960.3691087798,6846481.00162047,True,True,False
5146,42,62,3061,1901166.5009340148,6838358.136750989,False,False,False
5147,42,63,3062,1900374.5855971845,6830243.282535482,False,False,False
5148,42,64,3063,1899584.6161745868,6822136.417237567,False,False,False
5149,42,65,3064,1898796.585775546,6814037.5191941615,False,False,False
5150,42,66,3065,1898010.4875422209,6805946.566815141,False,False,False
5151,42,67,3066,1897226.3146494087,6797863.538583009,False,False,False
5152,42,68,3067,1896444.0603043542,6789788.4130525505,False,False,False
5153,42,69,3068,1895663.7177465565,6781721.168850508,True,True,False
5154,42,70,3069,1894885.2802475812,6773661.784675238,False,False,False
5155,42,71,3070,1894108.7411108708,6765610.239296388,False,False,False
5156,42,72,3071,1893334.093671558,6757566.511554556,False,True,False
5157,42,73,3072,1892561.331296279,6749530.580360972,False,False,False
5158,42,74,3073,1891790.4473829917,6741502.424697168,True,False,False
5159,42,75,3074,1891021.4353607872,6733482.02361466,False,False,False
5160,42,76,3075,1890254.2886897144,6725469.35623461,False,False,False
5161,42,77,3076,1889489.0008605933,6717464.401747525,False,False,False
5162,42,78,3077,1888725.5653948407,6709467.139412918,False,False,False
5163,42,79,3078,1887963.9758442878,6701477.548559014,False,False,False
5164,42,80,3079,1887204.225791006,6693495.608582409,True,False,False
5165,42,81,3080,1886446.30884713,6685521.298947779,True,False,False
5166,42,82,3081,1885690.2186546836,6677554.59918756,False,True,False
5167,42,83,3082,1884935.9488854061,6669595.488901619,False,True,False
5168,42,84,3083,1884183.4932405814,6661643.947756986,False,True,False
5169,42,85,3084,1883432.8454508658,6653699.955487509,False,True,False
5170,42,86,3085,1882683.9992761186,6645763.49189356,True,True,False
5171,42,87,3086,1881936.9485052342,6637834.536841757,True,True,False
5172,42,88,3087,1881191.6869559742,6629913.070264614,True,True,False
5173,42,89,3088,1880448.208474801,6621999.072160287,True,False,False
5174,42,90,3089,1879706.5069367134,6614092.522592242,True,True,False
5175,42,91,3090,1878966.5762450823,6606193.401688982,True,False,False
5176,42,92,3091,1878228.4103314886,6598301.689643735,True,False,False
5177,42,93,3092,1877492.0031555593,6590417.366714176,True,False,False
5178,42,94,3093,1876757.34870481,6582540.413222114,True,False,False
5179,42,95,3094,1876024.4409944832,6574670.809553222,True,False,False
5180,42,96,3095,1875293.2740673905,6566808.536156741,True,False,False
5181,42,97,3096,1874563.8419937566,6558953.573545181,True,False,False
5182,42,98,3097,1873836.13887106,6551105.902294059,True,True,False
5183,42,99,3098,1873110.1588238825,6543265.50304159,True,True,False
5184,42,100,3099,1872385.8960037497,6535432.356488424,False,True,False
5185,42,101,3100,1871663.344588982,6527606.443397348,True,False,False
5186,42,102,3101,1870942.498784541,6519787.744593028,True,False,False
5187,42,103,3102,1870223.3528218789,6511976.240961703,False,False,False
5188,42,104,3103,1869505.9009587879,6504171.913450931,False,False,False
5189,42,105,3104,1868664.822090483,6496486.650562853,False,False,False
5190,42,106,3105,1866997.3213286554,6488957.141711433,False,False,False
5191,42,107,3106,1865191.039892834,6481468.927837451,False,False,False
5192,42,108,3107,1863599.9561772987,6474865.675880076,False,False,False
5212,43,4,3108,1961582.1292076744,7318710.643684921,False,False,False
5213,43,5,3109,1958482.1042279955,7313766.422733967,False,True,False
5214,43,6,3110,1957439.3883904654,7305340.604298994,False,True,False
5215,43,7,3111,1956517.182194393,7296743.493546768,False,False,False
5216,43,8,3112,1955597.3903866645,7288155.704521968,False,False,False
5217,43,9,3113,1954680.0037943472,7279577.210911075,False,False,False
5218,43,10,3114,1953765.0132912027,7271007.986495735,False,False,False
5219,43,11,3115,1952852.4097973926,7262448.0051522665,True,True,False
5220,43,12,3116,1951942.1842791848,7253897.24085122,False,False,False
5221,43,13,3117,1951034.3277486663,7245355.667656891,False,False,False
5222,43,14,3118,1950128.8312634497,7236823.25972689,False,False,False
5223,43,15,3119,1949225.6859263931,7228299.991311664,False,False,False
5224,43,16,3120,1948324.8828853122,7219785.83675405,False,False,False
5225,43,17,3121,1947426.4133327012,7211280.77048884,False,False,False
5226,43,18,3122,1946530.2685054506,7202784.767042304,True,False,False
5227,43,19,3123,1945636.4396845722,7194297.801031773,True,False,False
5228,43,20,3124,1944744.9181949217,7185819.847165173,False,False,False
5229,43,21,3125,1943855.6954049275,7177350.880240608,False,False,False
5230,43,22,3126,1942968.7627263162,7168890.8751459,False,False,False
5231,43,23,3127,1942084.1116138475,7160439.806858175,False,False,False
5232,43,24,3128,1941201.733565043,7151997.650443416,False,False,False
5233,43,25,3129,1940321.6201199226,7143564.381056039,False,False,False
5234,43,26,3130,1939443.762860742,7135139.973938461,False,False,False
5235,43,27,3131,1938568.153411728,7126724.404420692,False,False,False
5236,43,28,3132,1937694.783438825,7118317.647919881,False,False,False
5237,43,29,3133,1936823.64464943,7109919.679939937,True,True,False
5238,43,30,3134,1935954.7287921421,7101530.476071069,True,True,False
5239,43,31,3135,1935088.027656508,7093150.011989409,False,True,False
5240,43,32,3136,1934223.5330727687,7084778.263456573,False,True,False
5241,43,33,3137,1933361.23691161,7076415.206319262,False,False,False
5242,43,34,3138,1932501.1310839136,7068060.816508859,False,False,False
5243,43,35,3139,1931643.2075405135,7059715.070041007,False,False,False
5244,43,36,3140,1930787.4582719472,7051377.943015225,False,False,False
5245,43,37,3141,1929933.8753082172,7043049.411614496,False,False,False
5246,43,38,3142,1929082.4507185456,7034729.4521048665,False,False,False
5247,43,39,3143,1928233.1766111385,7026418.040835059,False,False,False
5248,43,40,3144,1927386.0451329472,7018115.154236079,False,False,False
5249,43,41,3145,1926541.0484694298,7009820.76882081,True,True,False
5250,43,42,3146,1925698.1788443225,7001534.861183637,False,True,False
5251,43,43,3147,1924857.428519403,6993257.408000053,False,False,False
5252,43,44,3148,1924018.7897942609,6984988.386026282,False,False,False
5253,43,45,3149,1923182.2550060684,6976727.772098878,False,True,False
5254,43,46,3150,1922347.816529354,6968475.543134373,False,True,False
5255,43,47,3151,1921515.4667757752,6960231.6761288745,False,True,False
5256,43,48,3152,1920685.1981938968,6951996.148157689,False,False,False
5257,43,49,3153,1919857.0032689655,6943768.936374973,False,True,False
5258,43,50,3154,1919030.8745226907,6935550.018013334,False,False,False
5259,43,51,3155,1918206.8045130253,6927339.370383475,False,False,False
5260,43,52,3156,1917384.7858339467,6919136.970873827,False,False,False
5261,43,53,3157,1916564.811115243,6910942.796950162,False,True,False
5262,43,54,3158,1915746.8730222955,6902756.8261552695,False,False,False
5263,43,55,3159,1914930.9642558685,6894579.036108558,False,False,False
5264,43,56,3160,1914117.0775518941,6886409.404505718,False,True,False
5265,43,57,3161,1913305.2056812677,6878247.909118347,False,False,False
5266,43,58,3162,1912495.3414496325,6870094.527793609,True,True,False
5267,43,59,3163,1911687.4776971792,6861949.238453885,True,False,False
5268,43,60,3164,1910881.6072984352,6853812.019096395,True,False,False
5269,43,61,3165,1910077.7231620643,6845682.847792874,True,True,False
5270,43,62,3166,1909275.8182306616,6837561.70268922,False,False,False
5271,43,63,3167,1908475.885480553,6829448.562005142,False,False,False
5272,43,64,3168,1907677.9179215955,6821343.404033817,False,False,False
5273,43,65,3169,1906881.9085969795,6813246.20714155,False,False,False
5274,43,66,3170,1906087.8505830306,6805156.949767444,False,False,False
5275,43,67,3171,1905295.7369890145,6797075.61042304,False,False,False
5276,43,68,3172,1904505.5609569424,6789002.167692005,False,False,False
5277,43,69,3173,1903717.3156613805,6780936.600229782,True,True,False
5278,43,70,3174,1902930.994309255,6772878.88676326,False,False,False
5279,43,71,3175,1902146.5901396635,6764829.006090452,False,False,False
5280,43,72,3176,1901364.0964236874,6756786.937080166,False,True,False
5281,43,73,3177,1900583.5064642031,6748752.658671652,True,False,False
5282,43,74,3178,1899804.8135956964,6740726.149874321,True,False,False
5283,43,75,3179,1899028.011184076,6732707.389767391,False,False,False
5284,43,76,3180,1898253.0926264927,6724696.357499568,False,False,False
5285,43,77,3181,1897480.0513511556,6716693.03228874,False,False,False
5286,43,78,3182,1896708.8808171507,6708697.393421651,False,False,False
5287,43,79,3183,1895939.5745142624,6700709.420253578,False,False,False
5288,43,80,3184,1895172.1259627931,6692729.092208037,False,False,False
5289,43,81,3185,1894406.528713389,6684756.388776438,True,False,False
5290,43,82,3186,1893642.7763468614,6676791.289517821,True,False,False
5291,43,83,3187,1892880.8624740113,6668833.774058495,False,False,False
5292,43,84,3188,1892120.7807354603,6660883.82209177,False,True,False
5293,43,85,3189,1891362.5248014727,6652941.413377621,True,True,False
5294,43,86,3190,1890606.0883717875,6645006.527742425,True,True,False
5295,43,87,3191,1889851.465175448,6637079.145078607,True,True,False
5296,43,88,3192,1889098.6489706328,6629159.245344378,True,True,False
5297,43,89,3193,1888347.6335444876,6621246.808563423,True,True,False
5298,43,90,3194,1887598.412712959,6613341.8148246,True,True,False
5299,43,91,3195,1886850.9803206297,6605444.244281654,False,False,False
5300,43,92,3196,1886105.330240553,6597554.077152907,False,False,False
5301,43,93,3197,1885361.456374091,6589671.293720983,True,False,False
5302,43,94,3198,1884619.352650753,6581795.874332503,True,False,False
5303,43,95,3199,1883879.0130280312,6573927.799397812,False,False,False
5304,43,96,3200,1883140.431491246,6566067.049390668,False,False,False
5305,43,97,3201,1882403.602053383,6558213.6048479695,False,False,False
5306,43,98,3202,1881668.518754938,6550367.446369476,False,False,False
5307,43,99,3203,1880935.175663759,6542528.5546175195,False,True,False
5308,43,100,3204,1880203.566874892,6534696.910316709,False,True,False
5309,43,101,3205,1879473.686510425,6526872.4942536745,True,False,False
5310,43,102,3206,1878324.7822398758,6519308.968190079,False,False,False
5311,43,103,3207,1876486.981954958,6511717.859068633,False,False,False
5312,43,104,3208,1874697.9554082903,6504342.939010124,False,False,False
5313,43,105,3209,1873300.7703497282,6498577.4604467,False,False,False
5336,44,4,3210,1968346.158751804,7319508.773807545,False,False,False
5337,44,5,3211,1966962.6606683708,7313032.539763769,False,False,False
5338,44,6,3212,1966028.8019061459,7304428.223740103,False,True,False
5339,44,7,3213,1965097.390323198,7295833.247562063,False,True,False
5340,44,8,3214,1964168.4166132298,7287247.584862618,False,False,False
5341,44,9,3215,1963241.871517355,7278671.209370083,False,False,False
5342,44,10,3216,1962317.745823799,7270104.094907678,True,True,False
5343,44,11,3217,1961396.0303676021,7261546.215393027,True,True,False
5344,44,12,3218,1960476.7160303218,7252997.544837728,False,False,False
5345,44,13,3219,1959559.7937397442,7244458.057346867,False,False,False
5346,44,14,3220,1958645.2544695914,7235927.7271185815,False,False,False
5347,44,15,3221,1957733.089239231,7227406.5284436,False,False,False
5348,44,16,3222,1956823.2891133942,7218894.43570479,False,False,False
5349,44,17,3223,1955915.8452018884,7210391.423376705,False,False,False
5350,44,18,3224,1955010.748659317,7201897.466025144,True,False,False
5351,44,19,3225,1954107.9906847982,7193412.538306712,False,False,False
5352,44,20,3226,1953207.5625216886,7184936.614968371,False,False,False
5353,44,21,3227,1952309.455457307,7176469.670847011,False,False,False
5354,44,22,3228,1951413.6608226602,7168011.680869005,False,False,False
5355,44,23,3229,1950520.1699921726,7159562.620049771,False,False,False
5356,44,24,3230,1949628.9743834154,7151122.463493371,False,False,False
5357,44,25,3231,1948740.0654568402,7142691.186392049,False,False,False
5358,44,26,3232,1947853.4347155117,7134268.764025824,False,False,False
5359,44,27,3233,1946969.0737048462,7125855.171762055,False,False,False
5360,44,28,3234,1946086.9740123488,7117450.385055037,False,False,False
5361,44,29,3235,1945207.1272673528,7109054.379445576,True,True,False
5362,44,30,3236,1944329.5251407635,7100667.130560562,True,True,False
5363,44,31,3237,1943454.159344802,7092288.614112563,True,True,False
5364,44,32,3238,1942581.0216327491,7083918.805899433,False,False,False
5365,44,33,3239,1941710.103798697,7075557.681803865,False,False,False
5366,44,34,3240,1940841.3976772944,7067205.217793024,False,False,False
5367,44,35,3241,1939974.8951435026,7058861.389918119,False,False,False
5368,44,36,3242,1939110.5881123438,7050526.1743140025,False,True,False
5369,44,37,3243,1938248.4685386615,7042199.547198789,False,True,False
5370,44,38,3244,1937388.528416873,7033881.484873435,False,True,False
5371,44,39,3245,1936530.7597807308,7025571.9637213675,False,False,False
5372,44,40,3246,1935675.1547030814,7017270.960208064,False,False,False
5373,44,41,3247,1934821.7052956296,7008978.450880699,True,True,False
5374,44,42,3248,1933970.4037086994,7000694.41236771,False,False,False
5375,44,43,3249,1933121.2421310027,6992418.821378462,False,False,False
5376,44,44,3250,1932274.2127894037,6984151.65470283,False,False,False
5377,44,45,3251,1931429.3079486906,6975892.8892108165,False,True,False
5378,44,46,3252,1930586.519911345,6967642.501852206,False,False,False
5379,44,47,3253,1929745.841017314,6959400.469656147,False,False,False
5380,44,48,3254,1928907.2636437842,6951166.7697308,False,False,False
5381,44,49,3255,1928070.7802049578,6942941.379262961,False,False,False
5382,44,50,3256,1927236.3831518297,6934724.275517699,False,False,False
5383,44,51,3257,1926404.0649719671,6926515.435837965,False,False,False
5384,44,52,3258,1925573.818189287,6918314.837644251,False,False,False
5385,44,53,3259,1924745.6353638435,6910122.458434214,False,True,False
5386,44,54,3260,1923919.5090916045,6901938.275782303,False,False,False
5387,44,55,3261,1923095.4320042427,6893762.267339424,False,False,False
5388,44,56,3262,1922273.3967689197,6885594.410832565,False,True,False
5389,44,57,3263,1921453.3960880737,6877434.684064439,True,False,False
5390,44,58,3264,1920635.4226992112,6869283.064913136,True,True,False
5391,44,59,3265,1919819.469374695,6861139.531331774,False,False,False
5392,44,60,3266,1919005.5289215408,6853004.061348137,True,False,False
5393,44,61,3267,1918193.5941812077,6844876.633064335,True,True,False
5394,44,62,3268,1917383.658029397,6836757.224656465,True,False,False
5395,44,63,3269,1916575.713375846,6828645.8143742485,False,False,False
5396,44,64,3270,1915769.7531641286,6820542.380540702,False,False,False
5397,44,65,3271,1914965.770371456,6812446.9015518,False,False,False
5398,44,66,3272,1914163.7580084752,6804359.355876121,False,False,False
5399,44,67,3273,1913363.7091190736,6796279.722054524,False,False,False
5400,44,68,3274,1912565.6167801837,6788207.978699815,True,True,False
5401,44,69,3275,1911769.4741015872,6780144.104496401,True,True,False
5402,44,70,3276,1910975.2742257225,6772088.078199972,False,False,False
5403,44,71,3277,1910183.0103274921,6764039.878637164,False,False,False
5404,44,72,3278,1909392.6756140739,6755999.48470524,False,True,False
5405,44,73,3279,1908604.2633247306,6747966.875371751,True,True,False
5406,44,74,3280,1907817.7667306224,6739942.029674229,False,False,False
5407,44,75,3281,1907033.1791346215,6731924.926719845,False,False,False
5408,44,76,3282,1906250.4938711247,6723915.545685117,False,False,False
5409,44,77,3283,1905469.7043058716,6715913.865815559,False,False,False
5410,44,78,3284,1904690.8038357617,6707919.866425386,False,False,False
5411,44,79,3285,1903913.7858886723,6699933.526897193,False,False,False
5412,44,80,3286,1903138.643923278,6691954.826681645,False,False,False
5413,44,81,3287,1902365.3714288748,6683983.745297159,True,False,False
5414,44,82,3288,1901593.961925199,6676020.262329596,True,False,False
5415,44,83,3289,1900824.408962253,6668064.357431962,True,False,False
5416,44,84,3290,1900056.7061201287,6660116.010324081,True,False,False
5417,44,85,3291,1899290.8470088365,6652175.200792323,True,False,False
5418,44,86,3292,1898526.825268129,6644241.908689272,True,True,False
5419,44,87,3293,1897764.634567332,6636316.113933428,True,True,False
5420,44,88,3294,1897004.2686051724,6628397.796508924,True,True,False
5421,44,89,3295,1896245.7211096117,6620486.936465208,True,True,False
5422,44,90,3296,1895488.9858376747,6612583.51391677,True,True,False
5423,44,91,3297,1894734.0565752857,6604687.509042816,False,True,False
5424,44,92,3298,1893980.9271371006,6596798.90208701,False,True,False
5425,44,93,3299,1893229.5913663432,6588917.67335715,True,True,False
5426,44,94,3300,1892480.0431346432,6581043.803224902,True,False,False
5427,44,95,3301,1891732.2763418704,6573177.272125495,False,True,False
5428,44,96,3302,1890986.2849159779,6565318.060557447,False,False,False
5429,44,97,3303,1890242.062812838,6557466.149082266,False,False,False
5430,44,98,3304,1889499.6040160866,6549621.518324184,False,True,False
5431,44,99,3305,1888758.9025369624,6541784.148969859,False,True,False
5432,44,100,3306,1888024.515982726,6534051.360732949,False,True,False
5433,44,101,3307,1891288.7773970943,6529650.547901225,True,False,False
5433,44,101,3308,1884322.7119405824,6527521.248710233,True,False,False
5434,44,102,3309,1883060.7792616738,6522343.750608953,False,False,False
5459,45,3,3310,1980282.536377338,7325156.917778664,False,False,False
5460,45,4,3311,1976715.7162367434,7320344.906926971,False,False,False
5461,45,5,3312,1975559.4446886582,7312108.909672454,False,False,False
5462,45,6,3313,1974616.3643404979,7303506.757227724,False,False,False
5463,45,7,3314,1973675.7547050163,7294913.936260434,False,True,False
5464,45,8,3315,1972737.6063897822,7286330.420446027,False,True,False
5465,45,9,3316,1971801.9100501933,7277756.183555027,False,True,False
5466,45,10,3317,1970868.6563891731,7269191.199452592,True,True,False
5467,45,11,3318,1969937.836156873,7260635.442098025,False,False,False
5468,45,12,3319,1969009.440150373,7252088.885544328,False,False,False
5469,45,13,3320,1968083.459213389,7243551.503937749,False,False,False
5470,45,14,3321,1967159.8842359772,7235023.27151731,False,False,False
5471,45,15,3322,1966238.7061542443,7226504.162614378,False,False,False
5472,45,16,3323,1965319.9159500594,7217994.151652198,False,False,False
5473,45,17,3324,1964403.5046507684,7209493.2131454535,False,False,False
5474,45,18,3325,1963489.4633289068,7201001.3216998195,True,False,False
5475,45,19,3326,1962577.7831019203,7192518.452011526,False,False,False
5476,45,20,3327,1961668.4551318837,7184044.578866919,False,False,False
5477,45,21,3328,1960761.4706252231,7175579.677142008,False,False,False
5478,45,22,3329,1959856.8208324397,7167123.721802068,False,False,False
5479,45,23,3330,1958954.4970478364,7158676.687901169,False,False,False
5480,45,24,3331,1958054.4906092451,7150238.550581769,False,False,False
5481,45,25,3332,1957156.792897759,7141809.285074282,False,False,False
5482,45,26,3333,1956261.395337461,7133388.866696665,False,True,False
5483,45,27,3334,1955368.2893951626,7124977.270853971,False,True,False
5484,45,28,3335,1954477.4665801367,7116574.473037961,False,True,False
5485,45,29,3336,1953588.9184438556,7108180.448826671,True,True,False
5486,45,30,3337,1952702.6365797336,7099795.173883991,False,True,False
5487,45,31,3338,1951818.612622866,7091418.623959275,True,True,False
5488,45,32,3339,1950936.8382497758,7083050.774886909,True,True,False
5489,45,33,3340,1950057.3051781561,7074691.602585926,True,True,False
5490,45,34,3341,1949180.0051666219,7066341.083059581,True,True,False
5491,45,35,3342,1948304.9300144538,7057999.192394964,False,False,False
5492,45,36,3343,1947432.071561355,7049665.906762593,False,True,False
5493,45,37,3344,1946561.4216872007,7041341.20241601,False,False,False
5494,45,38,3345,1945692.9723117945,7033025.05569141,False,True,False
5495,45,39,3346,1944826.7153946254,7024717.443007213,False,True,False
5496,45,40,3347,1943962.642934624,7016418.340863712,True,False,False
5497,45,41,3348,1943100.7469699252,7008127.72584265,True,True,False
5498,45,42,3349,1942241.0195776294,6999845.574606846,False,False,False
5499,45,43,3350,1941383.452873565,6991571.863899826,False,False,False
5500,45,44,3351,1940528.0390120544,6983306.570545419,False,True,False
5501,45,45,3352,1939674.770185683,6975049.671447391,False,True,False
5502,45,46,3353,1938823.6386250644,6966801.143589055,False,False,False
5503,45,47,3354,1937974.6365986138,6958560.964032915,False,False,False
5504,45,48,3355,1937127.7564123184,6950329.109920274,False,False,False
5505,45,49,3356,1936282.9904095125,6942105.55847087,False,False,False
5506,45,50,3357,1935440.3309706505,6933890.286982509,False,False,False
5507,45,51,3358,1934599.7705130866,6925683.272830699,False,False,False
5508,45,52,3359,1933761.3014908517,6917484.493468279,False,True,False
5509,45,53,3360,1932924.916394434,6909293.926425055,False,True,False
5510,45,54,3361,1932090.6077505609,6901111.549307451,False,False,False
5511,45,55,3362,1931258.3681219812,6892937.339798141,False,True,False
5512,45,56,3363,1930428.1901072527,6884771.2756556915,True,True,False
5513,45,57,3364,1929600.0663405247,6876613.334714214,True,False,False
5514,45,58,3365,1928773.9894913288,6868463.494883002,True,True,False
5515,45,59,3366,1927949.9522643678,6860321.734146191,True,False,False
5516,45,60,3367,1927127.9473993052,6852188.03056241,True,False,False
5517,45,61,3368,1926307.967670559,6844062.36226441,False,True,False
5518,45,62,3369,1925490.0058870954,6835944.707458757,True,True,False
5519,45,63,3370,1924674.054892224,6827835.044425467,False,True,False
5520,45,64,3371,1923860.107563393,6819733.3515176615,False,True,False
5521,45,65,3372,1923048.1568119917,6811639.6071612425,False,False,False
5522,45,66,3373,1922238.1955831444,6803553.789854549,False,False,False
5523,45,67,3374,1921430.2168555155,6795475.878168013,True,False,False
5524,45,68,3375,1920624.2136411115,6787405.850743841,True,True,False
5525,45,69,3376,1919820.1789850832,6779343.686295673,False,False,False
5526,45,70,3377,1919018.1059655312,6771289.363608257,False,False,False
5527,45,71,3378,1918217.9876933158,6763242.861537115,False,False,False
5528,45,72,3379,1917419.8173118592,6755204.159008221,False,False,False
5529,45,73,3380,1916623.5879969592,6747173.235017679,True,True,False
5530,45,74,3381,1915829.2929565997,6739150.068631401,False,False,False
5531,45,75,3382,1915036.9254307596,6731134.638984779,False,False,False
5532,45,76,3383,1914246.4786912287,6723126.925282365,False,False,False
5533,45,77,3384,1913457.946041422,6715126.906797564,False,False,False
5534,45,78,3385,1912671.320816194,6707134.562872322,False,False,False
5535,45,79,3386,1911886.5963816587,6699149.872916789,False,False,False
5536,45,80,3387,1911103.7661350034,6691172.81640903,True,False,False
5537,45,81,3388,1910322.8235043145,6683203.372894702,True,False,False
5538,45,82,3389,1909543.7619483937,6675241.521986754,False,False,False
5539,45,83,3390,1908766.5749565803,6667287.243365111,False,False,False
5540,45,84,3391,1907991.2560485783,6659340.516776376,True,False,False
5541,45,85,3392,1907217.7987742769,6651401.322033528,True,True,False
5542,45,86,3393,1906446.1967135796,6643469.639015604,True,True,False
5543,45,87,3394,1905676.4434762283,6635545.447667423,True,True,False
5544,45,88,3395,1904908.5327016336,6627628.727999268,True,True,False
5545,45,89,3396,1904142.4580587044,6619719.460086599,False,False,False
5546,45,90,3397,1903378.2132456754,6611817.624069751,True,False,False
5547,45,91,3398,1902615.791989944,6603923.200153648,False,False,False
5548,45,92,3399,1901855.1880478975,6596036.168607505,False,False,False
5549,45,93,3400,1901096.395204753,6588156.5097645335,False,True,False
5550,45,94,3401,1900339.4072743864,6580284.204021667,True,True,False
5551,45,95,3402,1899584.2180991743,6572419.231839256,False,True,False
5552,45,96,3403,1898830.8215498277,6564561.573740795,False,True,False
5553,45,97,3404,1898079.2115252318,6556711.2103126375,False,True,False
5554,45,98,3405,1897329.381952287,6548868.122203691,False,True,False
5555,45,99,3406,1896581.3267857467,6541032.290125178,False,False,False
5556,45,100,3407,1895835.040008062,6533203.69485032,False,True,False
5557,45,101,3408,1896500.302197012,6528721.538948934,False,False,False
5583,46,3,3409,1986624.4744078706,7325890.248257925,False,False,False
5584,46,4,3410,1985109.150647333,7319785.4969723895,False,False,False
5585,46,5,3411,1984154.352418432,7311176.179377694,False,False,False
5586,46,6,3412,1983202.0579245496,7302576.211192197,False,False,False
5587,46,7,3413,1982252.2576388093,7293985.566038917,False,False,False
5588,46,8,3414,1981304.9420828875,7285404.217636139,False,False,False
5589,46,9,3415,1980360.1018267032,7276832.139796972,True,True,False
5590,46,10,3416,1979417.7274881164,7268269.306428874,True,True,False
5591,46,11,3417,1978477.8097326246,7259715.691533183,False,False,False
5592,46,12,3418,1977540.3392730635,7251171.269204689,False,False,False
5593,46,13,3419,1976605.3068693099,7242636.0136311455,False,False,False
5594,46,14,3420,1975672.7033279845,7234109.899092831,False,False,False
5595,46,15,3421,1974742.519502162,7225592.899962095,False,False,False
5596,46,16,3422,1973814.7462910758,7217084.9907029215,False,False,False
5597,46,17,3423,1972889.374639834,7208586.145870473,False,False,False
5598,46,18,3424,1971966.395539129,7200096.340110658,True,False,False
5599,46,19,3425,1971045.800024954,7191615.548159672,False,False,False
5600,46,20,3426,1970127.5791783226,7183143.744843587,False,False,False
5601,46,21,3427,1969211.7241249864,7174680.905077903,False,False,False
5602,46,22,3428,1968298.226035157,7166227.003867109,False,False,False
5603,46,23,3429,1967387.0761232309,7157782.016304273,False,False,False
5604,46,24,3430,1966478.2656475147,7149345.917570599,False,False,False
5605,46,25,3431,1965571.7859099535,7140918.682934999,False,True,False
5606,46,26,3432,1964667.6282558616,7132500.287753701,False,True,False
5607,46,27,3433,1963765.7840736518,7124090.70746979,False,True,False
5608,46,28,3434,1962866.2447945713,7115689.917612822,True,True,False
5609,46,29,3435,1961969.0018924398,7107297.893798387,True,True,False
5610,46,30,3436,1961074.0468833826,7098914.611727711,False,False,False
5611,46,31,3437,1960181.3713255732,7090540.047187243,False,False,False
5612,46,32,3438,1959290.966818976,7082174.17604825,False,False,False
5613,46,33,3439,1958402.825005087,7073816.974266393,False,False,False
5614,46,34,3440,1957516.9375666815,7065468.417881365,True,True,False
5615,46,35,3441,1956633.2962275618,7057128.483016433,False,True,False
5616,46,36,3442,1955751.8927523033,7048797.145878102,False,True,False
5617,46,37,3443,1954872.7189460085,7040474.382755667,False,False,False
5618,46,38,3444,1953995.76665406,7032160.170020859,False,False,False
5619,46,39,3445,1953121.0277618724,7023854.484127421,False,True,False
5620,46,40,3446,1952248.494194651,7015557.301610738,False,False,False
5621,46,41,3447,1951378.1579171498,7007268.599087449,True,True,False
5622,46,42,3448,1950510.0109334304,6998988.35325506,False,False,False
5623,46,43,3449,1949644.0452866254,6990716.540891552,False,True,False
5624,46,44,3450,1948780.2530586997,6982453.138855018,False,True,False
5625,46,45,3451,1947918.6263702165,6974198.124083268,False,True,False
5626,46,46,3452,1947059.1573801055,6965951.473593473,False,True,False
5627,46,47,3453,1946201.8382854287,6957713.164481765,False,True,False
5628,46,48,3454,1945346.6613211536,6949483.173922887,False,True,False
5629,46,49,3455,1944493.6187599225,6941261.479169815,False,True,False
5630,46,50,3456,1943642.702911827,6933048.057553392,False,True,False
5631,46,51,3457,1942793.9061241841,6924842.88648195,False,False,False
5632,46,52,3458,1941947.2207813107,6916645.9434409775,False,True,False
5633,46,53,3459,1941102.6393043036,6908457.205992725,False,True,False
5634,46,54,3460,1940260.1541508199,6900276.6517758565,False,False,False
5635,46,55,3461,1939419.757814855,6892104.258505109,True,True,False
5636,46,56,3462,1938581.4428265311,6883940.003970904,True,False,False
5637,46,57,3463,1937745.2017518764,6875783.866039033,False,False,False
5638,46,58,3464,1936911.027192615,6867635.822650278,True,True,False
5639,46,59,3465,1936078.9117859534,6859495.851820057,True,False,False
5640,46,60,3466,1935248.8482043692,6851363.931638113,False,False,False
5641,46,61,3467,1934420.8291554006,6843240.040268124,False,False,False
5642,46,62,3468,1933594.8473814416,6835124.155947404,True,False,False
5643,46,63,3469,1932770.8956595338,6827016.256986515,True,False,False
5644,46,64,3470,1931948.9668011605,6818916.3217689665,True,True,False
5645,46,65,3471,1931129.0536520455,6810824.328750852,False,True,False
5646,46,66,3472,1930311.1490919495,6802740.25646053,False,False,False
5647,46,67,3473,1929495.2460344692,6794664.08349828,True,True,False
5648,46,68,3474,1928681.3374268403,6786595.788535968,False,True,False
5649,46,69,3475,1927869.4162497367,6778535.350316723,False,False,False
5650,46,70,3476,1927059.4755170753,6770482.747654614,False,False,False
5651,46,71,3477,1926251.5082758232,6762437.959434308,False,False,False
5652,46,72,3478,1925445.5076058002,6754400.964610753,True,False,False
5653,46,73,3479,1924641.4666194888,6746371.742208859,True,True,False
5654,46,74,3480,1923839.3784618427,6738350.271323161,False,False,False
5655,46,75,3481,1923039.2363100976,6730336.531117529,True,False,False
5656,46,76,3482,1922241.0333735824,6722330.500824815,True,True,False
5657,46,77,3483,1921444.7628935324,6714332.159746562,True,True,False
5658,46,78,3484,1920650.4181429024,6706341.487252676,True,False,False
5659,46,79,3485,1919857.9924261854,6698358.462781124,True,False,False
5660,46,80,3486,1919067.4790792267,6690383.0658376105,True,False,False
5661,46,81,3487,1918278.8714690425,6682415.27599529,False,False,False
5662,46,82,3488,1917492.1629936388,6674455.072894429,False,False,False
5663,46,83,3489,1916707.3470818356,6666502.436242118,False,False,False
5664,46,84,3490,1915924.4171930838,6658557.345811978,True,False,False
5665,46,85,3491,1915143.366817292,6650619.781443833,True,True,False
5666,46,86,3492,1914364.1894746493,6642689.723043427,False,True,False
5667,46,87,3493,1913586.87871545,6634767.150582119,False,True,False
5668,46,88,3494,1912811.428119924,6626852.044096583,True,True,False
5669,46,89,3495,1912037.8312980593,6618944.383688516,True,True,False
5670,46,90,3496,1911266.0818894368,6611044.149524342,True,False,False
5671,46,91,3497,1910496.173563056,6603151.3218349265,True,False,False
5672,46,92,3498,1909728.10001717,6595265.880915267,False,False,False
5673,46,93,3499,1908961.854979115,6587387.807124225,True,False,False
5674,46,94,3500,1908197.4322051469,6579517.080884222,True,False,False
5675,46,95,3501,1907434.8254802753,6571653.682680959,False,False,False
5676,46,96,3502,1906674.028618097,6563797.593063133,False,False,False
5677,46,97,3503,1905915.0354606374,6555948.792642154,False,False,False
5678,46,98,3504,1905157.8398781868,6548107.262091856,False,False,False
5679,46,99,3505,1904402.435769139,6540272.982148223,False,False,False
5680,46,100,3506,1903648.8170598324,6532445.933609118,False,True,False
5681,46,101,3507,1903578.886247903,6527454.222181683,False,False,False
5706,47,2,3508,1999014.3344630175,7331564.21547863,False,False,False
5707,47,3,3509,1994968.5846863426,7326815.226831525,False,False,False
5708,47,4,3510,1993711.3944598886,7318841.459526169,False,False,False
5709,47,5,3511,1992747.3660502904,7310234.355402744,False,False,False
5710,47,6,3512,1991785.8649189735,7301636.592122982,False,False,False
5711,47,7,3513,1990826.8814529956,7293048.143353375,False,False,False
5712,47,8,3514,1989870.4060883806,7284468.982855444,True,True,False
5713,47,9,3515,1988916.429309811,7275899.084485231,True,True,False
5714,47,10,3516,1987964.941650322,7267338.422192875,False,False,False
5715,47,11,3517,1987015.933690994,7258786.97002212,False,False,False
5716,47,12,3518,1986069.3960606542,7250244.702109883,False,False,False
5717,47,13,3519,1985125.3194355743,7241711.592685791,False,False,False
5718,47,14,3520,1984183.6945391714,7233187.6160717355,False,False,False
5719,47,15,3521,1983244.5121417167,7224672.746681407,False,False,False
5720,47,16,3522,1982307.7630600377,7216166.959019886,False,False,False
5721,47,17,3523,1981373.4381572313,7207670.227683165,False,False,False
5722,47,18,3524,1980441.52834237,7199182.527357716,True,False,False
5723,47,19,3525,1979512.0245702208,7190703.832820072,False,True,False
5724,47,20,3526,1978584.9178409555,7182234.118936365,False,True,False
5725,47,21,3527,1977660.1991998716,7173773.360661913,False,True,False
5726,47,22,3528,1976737.8597371103,7165321.533040791,False,True,False
5727,47,23,3529,1975817.8905873783,7156878.611205379,False,True,False
5728,47,24,3530,1974900.2829296715,7148444.570375968,False,True,False
5729,47,25,3531,1973985.027987001,7140019.38586032,False,True,False
5730,47,26,3532,1973072.1170261228,7131603.033053252,False,False,False
5731,47,27,3533,1972161.5413572625,7123195.487436212,True,True,False
5732,47,28,3534,1971253.2923338525,7114796.724576876,True,False,False
5733,47,29,3535,1970347.3613522633,7106406.720128729,False,True,False
5734,47,30,3536,1969443.7398515393,7098025.449830648,False,True,False
5735,47,31,3537,1968542.4193131363,7089652.889506508,False,False,False
5736,47,32,3538,1967643.3912606623,7081289.015064759,False,False,False
5737,47,33,3539,1966746.647259618,7072933.802498042,False,False,False
5738,47,34,3540,1965852.17891714,7064587.227882771,True,False,False
5739,47,35,3541,1964959.9778817468,7056249.267378741,False,False,False
5740,47,36,3542,1964070.035843086,7047919.89722873,False,False,False
5741,47,37,3543,1963182.3445316826,7039599.093758116,False,False,False
5742,47,38,3544,1962296.8957186905,7031286.833374459,False,False,False
5743,47,39,3545,1961413.6812156448,7022983.092567148,False,True,False
5744,47,40,3546,1960532.692874215,7014687.847906963,True,True,False
5745,47,41,3547,1959653.9225859656,7006401.07604575,True,True,False
5746,47,42,3548,1958777.3622821071,6998122.753715986,False,True,False
5747,47,43,3549,1957903.0039332623,6989852.857730432,False,True,False
5748,47,44,3550,1957030.8395492244,6981591.364981736,False,True,False
5749,47,45,3551,1956160.8611787213,6973338.252442054,False,False,False
5750,47,46,3552,1955293.060909178,6965093.497162698,False,False,False
5751,47,47,3553,1954427.4308664887,6956857.076273739,False,False,False
5752,47,48,3554,1953563.963214779,6948628.966983645,False,False,False
5753,47,49,3555,1952702.6501561797,6940409.146578924,False,False,False
5754,47,50,3556,1951843.4839305975,6932197.592423735,False,True,False
5755,47,51,3557,1950986.456815488,6923994.281959549,False,True,False
5756,47,52,3558,1950131.5611256293,6915799.192704768,False,True,False
5757,47,53,3559,1949278.7892129014,6907612.30225437,False,True,False
5758,47,54,3560,1948428.1334660626,6899433.588279559,True,True,False
5759,47,55,3561,1947579.5863105287,6891263.0285273995,True,True,False
5760,47,56,3562,1946733.1402081547,6883100.600820469,False,False,False
5761,47,57,3563,1945888.7876570183,6874946.2830564985,False,False,False
5762,47,58,3564,1945046.521191203,6866800.053208033,True,True,False
5763,47,59,3565,1944206.3333805858,6858661.889322071,True,True,False
5764,47,60,3566,1943368.2168306226,6850531.769519727,False,False,False
5765,47,61,3567,1942532.164182139,6842409.67199589,False,True,False
5766,47,62,3568,1941698.168111118,6834295.5750188725,True,True,False
5767,47,63,3569,1940866.221328495,6826189.456930067,False,False,False
5768,47,64,3570,1940036.3165799507,6818091.296143639,True,False,False
5769,47,65,3571,1939208.446645703,6810001.071146132,True,True,False
5770,47,66,3572,1938382.6043403058,6801918.760496196,False,True,False
5771,47,67,3573,1937558.7825124473,6793844.342824215,True,True,False
5772,47,68,3574,1936736.9740447479,6785777.796831981,False,False,False
5773,47,69,3575,1935917.17185356,6777719.101292379,False,False,False
5774,47,70,3576,1935099.368888772,6769668.235049046,False,False,False
5775,47,71,3577,1934283.5581336103,6761625.177016059,False,False,False
5776,47,72,3578,1933469.7326044429,6753589.906177589,True,False,False
5777,47,73,3579,1932657.8853505894,6745562.401587605,True,True,False
5778,47,74,3580,1931848.0094541241,6737542.64236954,True,True,False
5779,47,75,3581,1931040.0980296866,6729530.607715967,True,True,False
5780,47,76,3582,1930234.1442242938,6721526.2768883025,False,True,False
5781,47,77,3583,1929430.1412171468,6713529.629216466,False,True,False
5782,47,78,3584,1928628.0822194486,6705540.644098589,False,False,False
5783,47,79,3585,1927827.9604742145,6697559.301000686,False,False,False
5784,47,80,3586,1927029.7692560903,6689585.579456363,False,False,False
5785,47,81,3587,1926233.5018711656,6681619.459066488,False,False,False
5786,47,82,3588,1925439.151656796,6673660.919498911,False,False,False
5787,47,83,3589,1924646.7119814178,6665709.940488122,False,False,False
5788,47,84,3590,1923856.1762443713,6657766.501834997,True,True,False
5789,47,85,3591,1923067.5378757229,6649830.583406451,False,True,False
5790,47,86,3592,1922280.7903360846,6641902.165135157,False,False,False
5791,47,87,3593,1921495.9271164415,6633981.227019262,False,True,False
5792,47,88,3594,1920712.9417379764,6626067.749122059,False,True,False
5793,47,89,3595,1919931.827751895,6618161.711571723,True,True,False
5794,47,90,3596,1919152.5787392545,6610263.094560999,True,True,False
5795,47,91,3597,1918375.188310793,6602371.878346916,True,False,False
5796,47,92,3598,1917599.6501067586,6594488.043250491,True,False,False
5797,47,93,3599,1916825.9577967417,6586611.569656455,True,False,False
5798,47,94,3600,1916054.1050795056,6578742.43801295,False,False,False
5799,47,95,3601,1915284.0856828222,6570880.6288312515,False,False,False
5800,47,96,3602,1914515.893363306,6563026.122685488,False,False,False
5801,47,97,3603,1913749.521906248,6555178.900212347,False,False,False
5802,47,98,3604,1912984.965125456,6547338.942110797,False,False,False
5803,47,99,3605,1912222.2168630895,6539506.229141831,False,False,False
5804,47,100,3606,1911461.2709895012,6531680.742128143,True,True,False
5805,47,101,3607,1911170.5672980982,6526088.019804011,True,False,False
5830,48,2,3608,2005028.676972595,7332245.388706668,False,False,False
5831,48,3,3609,2003287.5302886504,7326502.542841658,False,False,False
5832,48,4,3610,2002311.7187822065,7317888.314292914,False,False,False
5833,48,5,3611,2001338.4678069253,7309283.444330129,False,False,False
5834,48,6,3612,2000367.767614347,7300687.906568479,False,False,False
5835,48,7,3613,1999399.6085057058,7292101.674718341,False,False,False
5836,48,8,3614,1998433.980831621,7283524.722584797,True,True,False
5837,48,9,3615,1997470.8749917808,7274957.024067216,True,True,False
5838,48,10,3616,1996510.281434635,7266398.553158765,False,False,False
5839,48,11,3617,1995552.1906570878,7257849.283945953,False,False,False
5840,48,12,3618,1994596.5932041933,7249309.190608204,False,False,False
5841,48,13,3619,1993643.4796688543,7240778.247417363,False,False,False
5842,48,14,3620,1992692.8406915187,7232256.42873729,False,False,False
5843,48,15,3621,1991744.6669598855,7223743.7090233825,False,False,False
5844,48,16,3622,1990798.949208607,7215240.062822151,False,False,False
5845,48,17,3623,1989855.6782189962,7206745.464770772,False,False,False
5846,48,18,3624,1988914.844818735,7198259.889596639,True,False,False
5847,48,19,3625,1987976.4398815865,7189783.312116951,True,True,False
5848,48,20,3626,1987040.4543271062,7181315.70723826,False,False,False
5849,48,21,3627,1986106.8791203578,7172857.04995604,False,False,False
5850,48,22,3628,1985175.705271633,7164407.315354279,False,False,False
5851,48,23,3629,1984246.9238361663,7155966.478605026,False,False,False
5852,48,24,3630,1983320.5259138609,7147534.514967984,False,False,False
5853,48,25,3631,1982396.5026490097,7139111.3997900905,False,False,False
5854,48,26,3632,1981474.8452300213,7130697.10850509,False,True,False
5855,48,27,3633,1980555.5448891497,7122291.616633126,True,True,False
5856,48,28,3634,1979638.5929022208,7113894.899780328,False,False,False
5857,48,29,3635,1978723.9805883653,7105506.9336383855,False,False,False
5858,48,30,3636,1977811.6993097542,7097127.693984165,False,True,False
5859,48,31,3637,1976901.7404713319,7088757.156679273,False,True,False
5860,48,32,3638,1975994.0955205539,7080395.297669686,False,True,False
5861,48,33,3639,1975088.7559471277,7072042.092985323,False,True,False
5862,48,34,3640,1974185.7132827542,7063697.518739645,True,False,False
5863,48,35,3641,1973284.9591008686,7055361.551129289,False,False,False
5864,48,36,3642,1972386.4850163874,7047034.166433623,False,False,False
5865,48,37,3643,1971490.2826854554,7038715.341014399,False,False,False
5866,48,38,3644,1970596.3438051946,7030405.051315346,False,False,False
5867,48,39,3645,1969704.6601134527,7022103.273861772,False,False,False
5868,48,40,3646,1968815.2233885592,7013809.985260194,True,True,False
5869,48,41,3647,1967928.0254490762,7005525.162197941,False,False,False
5870,48,42,3648,1967043.0581535574,6997248.781442784,False,False,False
5871,48,43,3649,1966160.3134003023,6988980.819842545,False,False,False
5872,48,44,3650,1965279.7831271202,6980721.254324733,False,True,False
5873,48,45,3651,1964401.4593110878,6972470.061896156,False,False,False
5874,48,46,3652,1963525.333968314,6964227.219642553,False,False,False
5875,48,47,3653,1962651.3991537036,6955992.704728226,False,False,False
5876,48,48,3654,1961779.6469607258,6947766.4943956705,False,False,False
5877,48,49,3655,1960910.0695211787,6939548.565965203,False,False,False
5878,48,50,3656,1960042.6590049637,6931338.896834608,False,False,False
5879,48,51,3657,1959177.4076198523,6923137.464478758,True,False,False
5880,48,52,3658,1958314.3076112627,6914944.2464492675,True,False,False
5881,48,53,3659,1957453.3512620316,6906759.220374129,True,True,False
5882,48,54,3660,1956594.5308921938,6898582.36395736,True,True,False
5883,48,55,3661,1955737.8388587562,6890413.654978642,True,True,False
5884,48,56,3662,1954883.2675554813,6882253.071292974,True,True,False
5885,48,57,3663,1954030.8094126647,6874100.590830319,True,True,False
5886,48,58,3664,1953180.4568969205,6865956.1915952545,True,True,False
5887,48,59,3665,1952332.2025109627,6857819.8516666265,True,True,False
5888,48,60,3666,1951486.0387933934,6849691.549197211,True,True,False
5889,48,61,3667,1950641.9583184898,6841571.262413361,True,True,False
5890,48,62,3668,1949799.95369599,6833458.969614668,True,True,False
5891,48,63,3669,1948960.0175708863,6825354.649173635,False,True,False
5892,48,64,3670,1948122.142623217,6817258.279535312,False,True,False
5893,48,65,3671,1947286.3215678576,6809169.839217003,True,True,False
5894,48,66,3672,1946452.5471543148,6801089.306807889,True,True,False
5895,48,67,3673,1945620.8121665267,6793016.660968721,True,True,False
5896,48,68,3674,1944791.1094226558,6784951.880431484,True,True,False
5897,48,69,3675,1943963.43177489,6776894.943999068,True,True,False
5898,48,70,3676,1943137.772109243,6768845.830544956,True,True,False
5899,48,71,3677,1942314.1233453567,6760804.519012869,True,True,False
5900,48,72,3678,1941492.4784363017,6752770.988416475,True,True,False
5901,48,73,3679,1940672.830368384,6744745.217839046,True,True,False
5902,48,74,3680,1939855.172160951,6736727.18643316,True,True,False
5903,48,75,3681,1939039.496866197,6728716.873420363,False,False,False
5904,48,76,3682,1938225.7975689743,6720714.258090865,False,False,False
5905,48,77,3683,1937414.0673866002,6712719.319803221,False,True,False
5906,48,78,3684,1936604.2994686693,6704732.037984032,False,True,False
5907,48,79,3685,1935796.486996869,6696752.392127607,False,True,False
5908,48,80,3686,1934990.6231847885,6688780.361795688,False,True,False
5909,48,81,3687,1934186.701277736,6680815.92661712,False,True,False
5910,48,82,3688,1933384.7145525573,6672859.066287552,False,True,False
5911,48,83,3689,1932584.6563174492,6664909.760569142,True,True,False
5912,48,84,3690,1931786.519911782,6656967.9892902365,True,True,False
5913,48,85,3691,1930990.298705918,6649033.732345079,False,False,False
5914,48,86,3692,1930195.9861010339,6641106.969693532,False,False,False
5915,48,87,3693,1929403.5755289423,6633187.681360739,False,True,False
5916,48,88,3694,1928613.0604519157,6625275.847436863,False,True,False
5917,48,89,3695,1927824.4343625137,6617371.448076781,False,False,False
5918,48,90,3696,1927037.690783406,6609474.463499785,True,True,False
5919,48,91,3697,1926252.8232672026,6601584.873989304,True,False,False
5920,48,92,3698,1925469.825396281,6593702.659892605,True,False,False
5921,48,93,3699,1924688.6907826166,6585827.801620514,True,False,False
5922,48,94,3700,1923909.413067614,6577960.279647116,False,False,False
5923,48,95,3701,1923131.985921937,6570100.074509495,False,False,False
5924,48,96,3702,1922356.4030453467,6562247.166807419,False,False,False
5925,48,97,3703,1921582.6581665294,6554401.537203088,False,False,False
5926,48,98,3704,1920810.7450429383,6546563.166420828,False,False,False
5927,48,99,3705,1920040.6574606267,6538732.035246843,False,False,False
5928,48,100,3706,1919272.3892340856,6530908.12452891,True,True,False
5929,48,101,3707,1918845.857988155,6524699.38009504,False,False,False
5954,49,2,3708,2013204.8885246608,7333164.020552645,False,False,False
5955,49,3,3709,2011895.1557396392,7325538.032918354,False,False,False
5956,49,4,3710,2010910.1057993115,7316926.067948809,False,False,False
5957,49,5,3711,2009927.6399413827,7308323.452801425,False,False,False
5958,49,6,3712,2008947.748331404,7299730.161135902,False,False,False
5959,49,7,3713,2007970.42118504,7291146.166706836,False,False,False
5960,49,8,3714,2006995.6487677477,7282571.44336327,True,False,False
5961,49,9,3715,2006023.4213944662,7274005.965048247,False,True,False
5962,49,10,3716,2005053.729429304,7265449.705798331,False,False,False
5963,49,11,3717,2004086.5632852288,7256902.639743172,False,False,False
5964,49,12,3718,2003121.9134237622,7248364.7411050275,False,False,False
5965,49,13,3719,2002159.7703546735,7239835.984198341,False,False,False
5966,49,14,3720,2001200.124635678,7231316.343429287,False,False,False
5967,49,15,3721,2000242.9668721363,7222805.793295321,False,False,False
5968,49,16,3722,1999288.2877167573,7214304.308384736,False,False,False
5969,49,17,3723,1998336.0778693014,7205811.863376235,False,True,False
5970,49,18,3724,1997386.3280762872,7197328.433038486,False,True,False
5971,49,19,3725,1996439.029130701,7188853.9922297,True,True,False
5972,49,20,3726,1995494.1718717073,7180388.515897181,False,False,False
5973,49,21,3727,1994551.7471843613,7171931.979076908,False,False,False
5974,49,22,3728,1993611.745999324,7163484.356893112,False,False,False
5975,49,23,3729,1992674.1592925806,7155045.62455785,False,True,False
5976,49,24,3730,1991738.9780851584,7146615.757370576,False,True,False
5977,49,25,3731,1990806.193442849,7138194.730717726,False,False,False
5978,49,26,3732,1989875.7964759322,7129782.520072312,True,True,False
5979,49,27,3733,1988947.7783388996,7121379.1009934945,True,False,False
5980,49,28,3734,1988022.1302301846,7112984.44912618,False,False,False
5981,49,29,3735,1987098.8433918909,7104598.5402006,False,False,False
5982,49,30,3736,1986177.909109523,7096221.350031916,False,True,False
5983,49,31,3737,1985259.3187117209,7087852.854519807,False,True,False
5984,49,32,3738,1984343.0635699956,7079493.029648077,False,False,False
5985,49,33,3739,1983429.135098466,7071141.85148424,False,True,False
5986,49,34,3740,1982517.5247535973,7062799.29617914,True,True,False
5987,49,35,3741,1981608.224033945,7054465.339966534,True,True,False
5988,49,36,3742,1980701.2244798958,7046139.959162721,False,False,False
5989,49,37,3743,1979796.517673412,7037823.130166137,False,False,False
5990,49,38,3744,1978894.0952377785,7029514.829456969,False,False,False
5991,49,39,3745,1977993.9488373557,7021215.033596774,False,False,False
5992,49,40,3746,1977096.0701773237,7012923.719228085,True,True,False
5993,49,41,3747,1976200.4510034379,7004640.863074031,False,False,False
5994,49,42,3748,1975307.0831017839,6996366.441937977,False,False,False
5995,49,43,3749,1974415.9582985304,6988100.432703104,True,True,False
5996,49,44,3750,1973527.0684596908,6979842.81233208,True,True,False
5997,49,45,3751,1972640.4054908776,6971593.557866656,True,False,False
5998,49,46,3752,1971755.9613370681,6963352.646427299,True,False,False
5999,49,47,3753,1970873.7279823667,6955120.055212838,True,True,False
6000,49,48,3754,1969993.6974497654,6946895.761500077,True,False,False
6001,49,49,3755,1969115.8618009144,6938679.742643441,True,False,False
6002,49,50,3756,1968240.2131358883,6930471.976074608,True,False,False
6003,49,51,3757,1967366.7435929568,6922272.439302155,True,False,False
6004,49,52,3758,1966495.4453483527,6914081.109911197,True,False,False
6005,49,53,3759,1965626.310616049,6905897.965563009,True,False,False
6006,49,54,3760,1964759.3316475314,6897722.983994715,True,True,False
6007,49,55,3761,1963894.5007315737,6889556.143018888,False,False,False
6008,49,56,3762,1963031.8101940171,6881397.420523224,False,False,False
6009,49,57,3763,1962171.2523975482,6873246.7944702,False,False,False
6010,49,58,3764,1961312.8197414808,6865104.2428966975,False,True,False
6011,49,59,3765,1960456.504661538,6856969.74391369,True,True,False
6012,49,60,3766,1959602.2996296345,6848843.275705872,False,False,False
6013,49,61,3767,1958750.1971536658,6840724.816531344,False,False,False
6014,49,62,3768,1957900.1897772918,6832614.344721246,False,False,False
6015,49,63,3769,1957052.2700797275,6824511.838679439,False,False,False
6016,49,64,3770,1956206.430675531,6816417.276882162,False,False,False
6017,49,65,3771,1955362.6642143964,6808330.637877701,False,False,False
6018,49,66,3772,1954520.9633809472,6800251.900286055,True,False,False
6019,49,67,3773,1953681.3208945289,6792181.042798598,True,True,False
6020,49,68,3774,1952843.7295090065,6784118.04417777,False,False,False
6021,49,69,3775,1952008.182012562,6776062.883256728,False,False,False
6022,49,70,3776,1951174.671227491,6768015.538939039,False,True,False
6023,49,71,3777,1950343.1900100047,6759975.990198347,False,True,False
6024,49,72,3778,1949513.7312500312,6751944.21607806,False,True,False
6025,49,73,3779,1948686.287871018,6743920.195691008,True,True,False
6026,49,74,3780,1947860.8528297374,6735903.908219165,False,False,False
6027,49,75,3781,1947037.419116089,6727895.332913294,False,False,False
6028,49,76,3782,1946215.979752911,6719894.4490926545,False,False,False
6029,49,77,3783,1945396.5277957858,6711901.236144689,False,False,False
6030,49,78,3784,1944579.0563328506,6703915.6735246945,False,False,False
6031,49,79,3785,1943763.5584846076,6695937.740755544,False,False,False
6032,49,80,3786,1942950.0274037381,6687967.417427344,False,True,False
6033,49,81,3787,1942138.456274914,6680004.68319716,False,False,False
6034,49,82,3788,1941328.8383146147,6672049.517788688,False,False,False
6035,49,83,3789,1940521.166770941,6664101.900991972,True,False,False
6036,49,84,3790,1939715.434923435,6656161.812663087,False,True,False
6037,49,85,3791,1938911.636082898,6648229.23272385,False,True,False
6038,49,86,3792,1938109.7635912085,6640304.141161514,False,False,False
6039,49,87,3793,1937309.8108211472,6632386.518028486,False,False,False
6040,49,88,3794,1936511.7711762153,6624476.3434420135,False,True,False
6041,49,89,3795,1935715.6380904624,6616573.59758391,False,False,False
6042,49,90,3796,1934921.405028308,6608678.260700254,False,True,False
6043,49,91,3797,1934129.0654843687,6600790.313101096,True,True,False
6044,49,92,3798,1933338.6129832866,6592909.735160181,True,False,False
6045,49,93,3799,1932550.0410795552,6585036.507314655,True,False,False
6046,49,94,3800,1931763.3433573518,6577170.610064778,True,False,False
6047,49,95,3801,1930978.513430367,6569312.02397365,False,True,False
6048,49,96,3802,1930195.5449416363,6561460.729666922,False,True,False
6049,49,97,3803,1929414.4315633734,6553616.707832516,False,False,False
6050,49,98,3804,1928635.166996805,6545779.939220344,False,True,False
6051,49,99,3805,1927857.7449720055,6537950.404642033,True,True,False
6052,49,100,3806,1927082.1592477337,6530128.0849706605,True,True,False
6053,49,101,3807,1926548.6086833936,6523298.299211799,False,False,False
6077,50,1,3808,2023675.0139610337,7338586.162218025,False,False,False
6078,50,2,3809,2021498.6359743634,7333182.281724732,False,False,False
6079,50,3,3810,2020500.8183106354,7324564.407922841,False,False,False
6080,50,4,3811,2019506.537727034,7315954.727229256,False,False,False
6081,50,5,3812,2018514.8647373163,7307354.387517135,False,False,False
6082,50,6,3813,2017525.7894212985,7298763.362491054,False,False,False
6083,50,7,3814,2016539.3019093212,7290181.6259502135,True,False,False
6084,50,8,3815,2015555.392381931,7281609.151787973,True,True,False
6085,50,9,3816,2014574.051069564,7273045.913991417,False,True,False
6086,50,10,3817,2013595.2682522312,7264491.886640863,False,False,False
6087,50,11,3818,2012619.0342592075,7255947.04390945,False,False,False
6088,50,12,3819,2011645.3394687222,7247411.36006265,False,False,False
6089,50,13,3820,2010674.1743076514,7238884.809457846,False,False,False
6090,50,14,3821,2009705.5292512141,7230367.366543879,False,False,False
6091,50,15,3822,2008739.3948226692,7221859.005860609,False,False,False
6092,50,16,3823,2007775.761593015,7213359.702038471,False,True,False
6093,50,17,3824,2006814.6201806916,7204869.429798038,True,True,False
6094,50,18,3825,2005855.9612512852,7196388.163949601,True,True,False
6095,50,19,3826,2004899.7755172339,7187915.8793927105,True,True,False
6096,50,20,3827,2003946.0537375384,7179452.551115772,False,True,False
6097,50,21,3828,2002994.7867174686,7170998.154195604,False,True,False
6098,50,22,3829,2002045.9653082823,7162552.663797029,False,True,False
6099,50,23,3830,2001099.580406934,7154116.055172433,False,True,False
6100,50,24,3831,2000155.6229557972,7145688.303661354,False,True,False
6101,50,25,3832,1999214.0839423807,7137269.3846900705,False,True,False
6102,50,26,3833,1998274.954399051,7128859.273771178,True,True,False
6103,50,27,3834,1997338.2254027557,7120457.9465031875,False,False,False
6104,50,28,3835,1996403.8880747475,7112065.378570099,False,False,False
6105,50,29,3836,1995471.9335803152,7103681.545741016,False,False,False
6106,50,30,3837,1994542.3531285084,7095306.423869717,False,False,False
6107,50,31,3838,1993615.137971872,7086939.988894271,False,True,False
6108,50,32,3839,1992690.2794061797,7078582.216836623,False,False,False
6109,50,33,3840,1991767.7687701674,7070233.083802206,False,False,False
6110,50,34,3841,1990847.5974452721,7061892.565979548,False,False,False
6111,50,35,3842,1989929.7568553698,7053560.639639861,True,True,False
6112,50,36,3843,1989014.238466519,7045237.281136663,True,True,False
6113,50,37,3844,1988101.0337867,7036922.466905384,False,False,False
6114,50,38,3845,1987190.1343655628,7028616.1734629925,False,False,False
6115,50,39,3846,1986281.531794173,7020318.377407576,False,False,False
6116,50,40,3847,1985375.2177047594,7012029.055418002,True,True,False
6117,50,41,3848,1984471.1837704652,7003748.184253507,False,True,False
6118,50,42,3849,1983569.4217051002,6995475.740753332,True,True,False
6119,50,43,3850,1982669.923262895,6987211.701836334,True,True,False
6120,50,44,3851,1981772.6802382553,6978956.04450062,False,False,False
6121,50,45,3852,1980877.6844655215,6970708.7458231915,False,False,False
6122,50,46,3853,1979984.9278187258,6962469.7829595255,False,False,False
6123,50,47,3854,1979094.4022113555,6954239.133143274,False,True,False
6124,50,48,3855,1978206.0995961132,6946016.773685839,False,False,False
6125,50,49,3856,1977320.0119646832,6937802.681976042,False,False,False
6126,50,50,3857,1976436.131347498,6929596.835479749,False,False,False
6127,50,51,3858,1975554.4498135014,6921399.211739521,False,False,False
6128,50,52,3859,1974674.9594699254,6913209.788374244,False,False,False
6129,50,53,3860,1973797.6524620554,6905028.543078779,True,True,False
6130,50,54,3861,1972922.5209730056,6896855.453623613,True,True,False
6131,50,55,3862,1972049.5572234916,6888690.497854505,False,False,False
6132,50,56,3863,1971178.7534716087,6880533.653692128,False,False,False
6133,50,57,3864,1970310.102012607,6872384.899131733,False,False,False
6134,50,58,3865,1969443.5951786737,6864244.212242795,False,False,False
6135,50,59,3866,1968579.2253387084,6856111.571168674,True,True,False
6136,50,60,3867,1967716.9848981116,6847986.954126269,True,False,False
6137,50,61,3868,1966856.866298564,6839870.33940568,False,False,False
6138,50,62,3869,1965998.862017815,6831761.705369875,False,False,False
6139,50,63,3870,1965142.964569466,6823661.030454338,False,False,False
6140,50,64,3871,1964289.1665027626,6815568.293166754,False,False,False
6141,50,65,3872,1963437.460402381,6807483.472086665,False,False,False
6142,50,66,3873,1962587.8388882221,6799406.545865137,False,False,False
6143,50,67,3874,1961740.2946152017,6791337.493224444,True,True,False
6144,50,68,3875,1960894.820273048,6783276.292957726,True,True,False
6145,50,69,3876,1960051.4085860942,6775222.923928668,False,True,False
6146,50,70,3877,1959210.0523130759,6767177.365071185,False,True,False
6147,50,71,3878,1958370.7442469331,6759139.595389088,False,False,False
6148,50,72,3879,1957533.4772146058,6751109.593955775,False,False,False
6149,50,73,3880,1956698.2440768378,6743087.339913904,True,True,False
6150,50,74,3881,1955865.0377279778,6735072.81247508,False,False,False
6151,50,75,3882,1955033.8510957863,6727065.990919539,False,False,False
6152,50,76,3883,1954204.6771412382,6719066.854595834,False,False,False
6153,50,77,3884,1953377.5088583312,6711075.382920537,False,False,False
6154,50,78,3885,1952552.3392738923,6703091.555377904,False,False,False
6155,50,79,3886,1951729.1614473907,6695115.351519591,False,False,False
6156,50,80,3887,1950907.968470745,6687146.750964331,False,True,False
6157,50,81,3888,1950088.753468137,6679185.7333976375,True,False,False
6158,50,82,3889,1949271.5095958253,6671232.278571503,True,False,False
6159,50,83,3890,1948456.2300419596,6663286.366304091,True,True,False
6160,50,84,3891,1947642.908026396,6655347.976479445,False,True,False
6161,50,85,3892,1946831.5368005165,6647417.089047181,False,True,False
6162,50,86,3893,1946022.1096470456,6639493.684022195,False,False,False
6163,50,87,3894,1945214.6198798695,6631577.741484375,False,False,False
6164,50,88,3895,1944409.0608438593,6623669.241578294,False,True,False
6165,50,89,3896,1943605.4259146925,6615768.16451293,False,False,False
6166,50,90,3897,1942803.7084986756,6607874.490561371,False,False,False
6167,50,91,3898,1942003.9020325688,6599988.200060524,True,True,False
6168,50,92,3899,1941205.9999834131,6592109.273410839,True,True,False
6169,50,93,3900,1940409.9958483567,6584237.691076004,False,False,False
6170,50,94,3901,1939615.883154483,6576373.433582682,True,True,False
6171,50,95,3902,1938823.6554586408,6568516.481520218,False,True,False
6172,50,96,3903,1938033.306347273,6560666.81554035,False,True,False
6173,50,97,3904,1937244.8294362505,6552824.416356958,False,True,False
6174,50,98,3905,1936458.2183707056,6544989.264745752,True,True,False
6175,50,99,3906,1935673.4668248626,6537161.341544007,True,False,False
6176,50,100,3907,1934890.5685018762,6529340.627650312,True,True,False
6177,50,101,3908,1934262.758204149,6521887.640233974,True,True,False
6201,51,1,3909,2031453.8632272247,7339441.809040107,False,False,False
6202,51,2,3910,2030110.644671101,7332198.408850269,False,False,False
6203,51,3,3911,2029104.5001805774,7323581.674684944,False,False,False
6204,51,4,3912,2028100.9968122677,7314974.298928672,False,False,False
6205,51,5,3913,2027100.1245092475,7306376.255236478,False,False,False
6206,51,6,3914,2026101.873265851,7297787.517358194,False,False,False
6207,51,7,3915,2025106.2331273484,7289208.0591379795,True,True,False
6208,51,8,3916,2024113.1941896249,7280637.854513888,False,True,False
6209,51,9,3917,2023122.7465988623,7272076.877517388,False,False,False
6210,51,10,3918,2022134.880551221,7263525.102272932,False,False,False
6211,51,11,3919,2021149.5862925274,7254982.502997492,False,False,False
6212,51,12,3920,2020166.8541179618,7246449.054000109,False,False,False
6213,51,13,3921,2019186.6743717485,7237924.729681458,False,False,False
6214,51,14,3922,2018209.0374468483,7229409.504533406,False,False,False
6215,51,15,3923,2017233.933784657,7220903.353138565,False,False,False
6216,51,16,3924,2016261.353874697,7212406.250169849,True,True,False
6217,51,17,3925,2015291.2882543227,7203918.1703900555,True,False,False
6218,51,18,3926,2014323.72750842,7195439.088651428,False,False,False
6219,51,19,3927,2013358.6622691096,7186968.97989521,False,False,False
6220,51,20,3928,2012396.083215456,7178507.819151254,False,False,False
6221,51,21,3929,2011435.9810731732,7170055.581537543,False,False,False
6222,51,22,3930,2010478.3466143373,7161612.242259823,False,True,False
6223,51,23,3931,2009523.1706570995,7153177.776611148,False,True,False
6224,51,24,3932,2008570.4440653992,7144752.159971475,False,True,False
6225,51,25,3933,2007620.1577486838,7136335.367807241,True,True,False
6226,51,26,3934,2006672.3026616254,7127927.375670973,True,True,False
6227,51,27,3935,2005726.8698038433,7119528.159200833,False,False,False
6228,51,28,3936,2004783.850219628,7111137.694120265,False,False,False
6229,51,29,3937,2003843.234997664,7102755.956237546,False,False,False
6230,51,30,3938,2002905.015270761,7094382.921445396,False,True,False
6231,51,31,3939,2001969.1822155786,7086018.565720588,False,True,False
6232,51,32,3940,2001035.7270523622,7077662.865123533,False,False,False
6233,51,33,3941,2000104.6410446735,7069315.795797903,False,False,False
6234,51,34,3942,1999175.9154991256,7060977.333970207,False,False,False
6235,51,35,3943,1998249.5417651222,7052647.455949423,False,False,False
6236,51,36,3944,1997325.511234595,7044326.138126607,True,True,False
6237,51,37,3945,1996403.815341746,7036013.356974493,True,False,False
6238,51,38,3946,1995484.4455627878,7027709.089047113,True,False,False
6239,51,39,3947,1994567.3934156923,7019413.310979424,True,False,False
6240,51,40,3948,1993652.6504599333,7011125.999486909,True,True,False
6241,51,41,3949,1992740.2082962384,7002847.131365207,True,True,False
6242,51,42,3950,1991830.0585663368,6994576.683489744,True,False,False
6243,51,43,3951,1990922.192952712,6986314.632815345,False,False,False
6244,51,44,3952,1990016.6031783563,6978060.956375858,False,False,False
6245,51,45,3953,1989113.2810065257,6969815.631283814,False,False,False
6246,51,46,3954,1988212.2182404979,6961578.634730016,False,True,False
6247,51,47,3955,1987313.4067233305,6953349.943983207,False,True,False
6248,51,48,3956,1986416.8383376237,6945129.536389684,False,False,False
6249,51,49,3957,1985522.5050052803,6936917.3893729495,False,False,False
6250,51,50,3958,1984630.3986872716,6928713.480433347,False,False,False
6251,51,51,3959,1983740.5113834038,6920517.787147697,False,False,False
6252,51,52,3960,1982852.835132084,6912330.287168947,False,False,False
6253,51,53,3961,1981967.3620100918,6904150.95822582,True,True,False
6254,51,54,3962,1981084.084132347,6895979.778122456,False,False,False
6255,51,55,3963,1980202.9936516862,6887816.724738062,False,False,False
6256,51,56,3964,1979324.0827586332,6879661.776026569,False,False,False
6257,51,57,3965,1978447.343681177,6871514.910016278,False,False,False
6258,51,58,3966,1977572.7686845488,6863376.104809527,False,False,False
6259,51,59,3967,1976700.3500710018,6855245.338582339,True,True,False
6260,51,60,3968,1975830.0801795893,6847122.58958408,True,False,False
6261,51,61,3969,1974961.9513859493,6839007.836137132,False,False,False
6262,51,62,3970,1974095.9561020867,6830901.0566365365,False,False,False
6263,51,63,3971,1973232.0867761597,6822802.229549681,False,False,False
6264,51,64,3972,1972370.3358922652,6814711.333415953,False,False,False
6265,51,65,3973,1971510.6959702268,6806628.346846416,False,False,False
6266,51,66,3974,1970653.1595653875,6798553.248523474,False,False,False
6267,51,67,3975,1969797.7192683965,6790486.017200536,False,False,False
6268,51,68,3976,1968944.3677050045,6782426.631701719,True,True,False
6269,51,69,3977,1968093.0975358582,6774375.070921488,False,True,False
6270,51,70,3978,1967243.901456293,6766331.3138243565,False,False,False
6271,51,71,3979,1966396.7721961336,6758295.339444564,False,False,False
6272,51,72,3980,1965551.7025194906,6750267.126885751,False,False,False
6273,51,73,3981,1964708.6852245585,6742246.65532064,True,True,False
6274,51,74,3982,1963867.7131434202,6734233.90399073,True,False,False
6275,51,75,3983,1963028.779141848,6726228.852205974,False,True,False
6276,51,76,3984,1962191.8761191068,6718231.479344473,False,True,False
6277,51,77,3985,1961356.9970077612,6710241.764852163,False,True,False
6278,51,78,3986,1960524.1347734807,6702259.688242505,False,True,False
6279,51,79,3987,1959693.2824148485,6694285.229096183,False,True,False
6280,51,80,3988,1958864.4329631694,6686318.3670607945,True,True,False
6281,51,81,3989,1958037.5794822834,6678359.081850546,True,False,False
6282,51,82,3990,1957212.715068375,6670407.35324596,True,True,False
6283,51,83,3991,1956389.8328497868,6662463.161093567,False,True,False
6284,51,84,3992,1955568.9259868346,6654526.485305604,False,False,False
6285,51,85,3993,1954749.9876716249,6646597.305859725,False,True,False
6286,51,86,3994,1953933.0111278682,6638675.602798706,False,True,False
6287,51,87,3995,1953117.9896107006,6630761.3562301425,False,False,False
6288,51,88,3996,1952304.9164065027,6622854.546326162,False,True,False
6289,51,89,3997,1951493.7848327185,6614955.153323144,False,True,False
6290,51,90,3998,1950684.5882376805,6607063.15752141,True,False,False
6291,51,91,3999,1949877.32000043,6599178.539284959,True,False,False
6292,51,92,4000,1949071.973530545,6591301.279041157,True,True,False
6293,51,93,4001,1948268.5422679624,6583431.357280476,True,True,False
6294,51,94,4002,1947467.019682807,6575568.754556188,True,True,False
6295,51,95,4003,1946667.3992752198,6567713.451484114,False,False,False
6296,51,96,4004,1945869.674575185,6559865.428742312,False,False,False
6297,51,97,4005,1945073.839142363,6552024.667070825,True,False,False
6298,51,98,4006,1944279.8865659202,6544191.147271371,True,False,False
6299,51,99,4007,1943487.810464363,6536364.850207117,False,False,False
6300,51,100,4008,1942697.6044853705,6528545.756802358,False,True,False
6301,51,101,4009,1941912.9457265707,6520737.052153326,True,False,False
6302,51,102,4010,1943054.5398845768,6516295.109571671,False,False,False
6325,52,1,4011,2038069.0260182822,7339057.0953309275,False,False,False
6326,52,2,4012,2038683.002117022,7331174.947501977,False,False,False
6327,52,3,4013,2037706.1835599237,7322589.84009364,False,False,False
6328,52,4,4014,2036693.465333227,7313984.789900321,False,False,False
6329,52,5,4015,2035683.4016028184,7305389.062777245,False,False,False
6330,52,6,4016,2034675.9822778075,7296802.6325198505,False,False,False
6331,52,7,4017,2033671.197318648,7288225.473017639,True,True,False
6332,52,8,4018,2032669.036736816,7279657.558253698,False,False,False
6333,52,9,4019,2031669.4905944895,7271098.862304265,False,False,False
6334,52,10,4020,2030672.549004227,7262549.359338267,False,False,False
6335,52,11,4021,2029678.202128652,7254009.023616866,False,False,False
6336,52,12,4022,2028686.4401801408,7245477.829493035,False,False,False
6337,52,13,4023,2027697.2534205092,7236955.751411087,False,True,False
6338,52,14,4024,2026710.6321607013,7228442.763906258,False,True,False
6339,52,15,4025,2025726.5667604872,7219938.841604263,True,True,False
6340,52,16,4026,2024745.047628153,7211443.959220847,True,True,False
6341,52,17,4027,2023766.0652202023,7202958.091561374,False,False,False
6342,52,18,4028,2022789.610041054,7194481.213520376,False,False,False
6343,52,19,4029,2021815.6726427446,7186013.30008114,False,False,False
6344,52,20,4030,2020844.243624632,7177554.326315275,False,False,False
6345,52,21,4031,2019875.3136331034,7169104.267382295,False,False,False
6346,52,22,4032,2018908.8733612814,7160663.098529189,False,False,False
6347,52,23,4033,2017944.9135487373,7152230.795090016,False,False,False
6348,52,24,4034,2016983.4249812025,7143807.332485472,True,True,False
6349,52,25,4035,2016024.3984902825,7135392.686222497,True,True,False
6350,52,26,4036,2015067.8249531772,7126986.831893846,False,True,False
6351,52,27,4037,2014113.695292397,7118589.745177695,False,True,False
6352,52,28,4038,2013162.0004754846,7110201.4018372195,False,True,False
6353,52,29,4039,2012212.7315147396,7101821.777720205,False,True,False
6354,52,30,4040,2011265.8794669418,7093450.848758635,False,True,False
6355,52,31,4041,2010321.4354330811,7085088.590968303,False,True,False
6356,52,32,4042,2009379.3905580842,7076734.9804484,False,False,False
6357,52,33,4043,2008439.7360305472,7068389.993381131,False,False,False
6358,52,34,4044,2007502.4630824695,7060053.606031319,False,False,False
6359,52,35,4045,2006567.5629889867,7051725.794746019,False,False,False
6360,52,36,4046,2005635.02706811,7043406.53595412,True,False,False
6361,52,37,4047,2004704.8466804645,7035095.806165969,False,False,False
6362,52,38,4048,2003777.0132290293,7026793.581972978,False,True,False
6363,52,39,4049,2002851.518158882,7018499.840047254,False,True,False
6364,52,40,4050,2001928.3529569407,7010214.557141207,True,True,False
6365,52,41,4051,2001007.5091517137,7001937.710087186,True,True,False
6366,52,42,4052,2000088.978313047,6993669.27579709,True,True,False
6367,52,43,4053,1999172.7520518713,6985409.2312619975,False,False,False
6368,52,44,4054,1998258.8220199586,6977157.553551816,False,False,False
6369,52,45,4055,1997347.1799096724,6968914.219814882,False,False,False
6370,52,46,4056,1996437.8174537264,6960679.207277615,False,False,False
6371,52,47,4057,1995530.726424938,6952452.493244141,False,True,False
6372,52,48,4058,1994625.8986359923,6944234.055095946,False,False,False
6373,52,49,4059,1993723.3259391962,6936023.870291486,False,False,False
6374,52,50,4060,1992823.0002262471,6927821.916365875,False,False,False
6375,52,51,4061,1991924.9134279941,6919628.170930476,False,True,False
6376,52,52,4062,1991029.0575142053,6911442.611672578,True,True,False
6377,52,53,4063,1990135.4244933324,6903265.216355042,True,True,False
6378,52,54,4064,1989244.0064122833,6895095.962815932,False,False,False
6379,52,55,4065,1988354.7953561917,6886934.828968198,False,False,False
6380,52,56,4066,1987467.7834481886,6878781.792799289,False,False,False
6381,52,57,4067,1986582.9628491777,6870636.832370838,False,False,False
6382,52,58,4068,1985700.3257576104,6862499.925818313,False,False,False
6383,52,59,4069,1984819.8644092637,6854371.051350669,True,True,False
6384,52,60,4070,1983941.5710770187,6846250.187250007,True,False,False
6385,52,61,4071,1983065.4380706397,6838137.311871251,False,False,False
6386,52,62,4072,1982191.45773656,6830032.403641803,False,False,False
6387,52,63,4073,1981319.6224576596,6821935.441061204,False,False,False
6388,52,64,4074,1980449.924653056,6813846.402700812,False,False,False
6389,52,65,4075,1979582.356777888,6805765.267203466,False,False,False
6390,52,66,4076,1978716.9113231027,6797692.013283163,False,False,False
6391,52,67,4077,1977853.5808152482,6789626.619724731,False,False,False
6392,52,68,4078,1976992.3578162608,6781569.065383487,True,True,False
6393,52,69,4079,1976133.234923262,6773519.329184957,False,True,False
6394,52,70,4080,1975276.2047683473,6765477.390124501,False,True,False
6395,52,71,4081,1974421.2600183864,6757443.227267033,False,False,False
6396,52,72,4082,1973568.393374816,6749416.819746689,False,False,False
6397,52,73,4083,1972717.5975734424,6741398.146766511,True,True,False
6398,52,74,4084,1971868.8653842364,6733387.187598134,False,True,False
6399,52,75,4085,1971022.1896111374,6725383.921581486,False,True,False
6400,52,76,4086,1970177.5630918548,6717388.328124446,False,False,False
6401,52,77,4087,1969334.9786976732,6709400.386702568,False,False,False
6402,52,78,4088,1968494.4293332542,6701420.076858762,True,True,False
6403,52,79,4089,1967655.9079364473,6693447.378202979,True,True,False
6404,52,80,4090,1966819.4074780943,6685482.270411924,True,False,False
6405,52,81,4091,1965984.9209618408,6677524.733228734,True,False,False
6406,52,82,4092,1965152.4414239435,6669574.746462701,False,True,False
6407,52,83,4093,1964321.9619330864,6661632.289988951,False,False,False
6408,52,84,4094,1963493.4755901913,6653697.3437481625,False,False,False
6409,52,85,4095,1962666.9755282314,6645769.887746253,False,False,False
6410,52,86,4096,1961842.4549120488,6637849.902054106,False,True,False
6411,52,87,4097,1961019.906938171,6629937.366807267,False,False,False
6412,52,88,4098,1960199.3248346283,6622032.262205649,True,False,False
6413,52,89,4099,1959380.701860775,6614134.568513252,True,True,False
6414,52,90,4100,1958564.0313071068,6606244.266057875,True,False,False
6415,52,91,4101,1957749.3064950877,6598361.335230808,False,False,False
6416,52,92,4102,1956936.5207769673,6590485.7564865835,False,False,False
6417,52,93,4103,1956125.667535609,6582617.510342665,True,True,False
6418,52,94,4104,1955316.7401843162,6574756.577379175,True,False,False
6419,52,95,4105,1954509.7321666554,6566902.938238616,True,False,False
6420,52,96,4106,1953704.6369562868,6559056.573625589,True,False,False
6421,52,97,4107,1952901.4480567933,6551217.464306516,True,False,False
6422,52,98,4108,1952100.1590015085,6543385.591109362,False,True,False
6423,52,99,4109,1951300.7633533513,6535560.934923378,False,True,False
6424,52,100,4110,1950503.2547046565,6527743.476698789,False,True,False
6425,52,101,4111,1949707.6266770079,6519933.197446571,True,False,False
6426,52,102,4112,1949683.7542393687,6515069.537001758,True,False,False
6450,53,2,4113,2044390.3940168025,7328619.127984124,False,False,False
6451,53,3,4114,2045720.2329016386,7321231.94940498,False,True,False
6452,53,4,4115,2045283.9255996998,7312986.207056137,False,True,False
6453,53,5,4116,2044264.6783950452,7304392.817015591,False,True,False
6454,53,6,4117,2043248.0989010888,7295808.714816648,False,False,False
6455,53,7,4118,2042234.1769937247,7287233.874394491,True,True,False
6456,53,8,4119,2041222.9026002747,7278668.269777618,True,True,False
6457,53,9,4120,2040214.2656991633,7270111.87508739,False,False,False
6458,53,10,4121,2039208.2563195978,7261564.66453755,False,False,False
6459,53,11,4122,2038204.864541249,7253026.612433828,False,False,False
6460,53,12,4123,2037204.0804939338,7244497.693173462,False,False,False
6461,53,13,4124,2036205.8943573036,7235977.881244763,False,True,False
6462,53,14,4125,2035210.2963605311,7227467.151226684,True,True,False
6463,53,15,4126,2034217.276782,7218965.477788383,True,False,False
6464,53,16,4127,2033226.8259490004,7210472.835688782,False,False,False
6465,53,17,4128,2032238.9342374222,7201989.199776147,False,False,False
6466,53,18,4129,2031253.5920714529,7193514.5449876515,False,False,False
6467,53,19,4130,2030270.789923278,7185048.84634895,False,False,False
6468,53,20,4131,2029290.518312783,7176592.078973761,False,False,False
6469,53,21,4132,2028312.7678072564,7168144.218063445,False,False,False
6470,53,22,4133,2027337.529021098,7159705.238906576,False,True,False
6471,53,23,4134,2026364.7926155252,7151275.116878545,True,True,False
6472,53,24,4135,2025394.549298287,7142853.82744112,True,True,False
6473,53,25,4136,2024426.7898233721,7134441.346142059,False,False,False
6474,53,26,4137,2023461.504990729,7126037.648614684,False,True,False
6475,53,27,4138,2022498.6856459784,7117642.7105774935,False,True,False
6476,53,28,4139,2021538.3226801371,7109256.507833726,False,True,False
6477,53,29,4140,2020580.4070293342,7100879.016270991,False,True,False
6478,53,30,4141,2019624.9296745386,7092510.211860855,False,True,False
6479,53,31,4142,2018671.8816412806,7084150.070658436,False,True,False
6480,53,32,4143,2017721.2539993834,7075798.568802028,False,True,False
6481,53,33,4144,2016773.0378626888,7067455.682512684,False,True,False
6482,53,34,4145,2015827.2243887894,7059121.388093851,False,True,False
6483,53,35,4146,2014883.8047787624,7050795.661930952,False,True,False
6484,53,36,4147,2013942.7702769046,7042478.480491035,True,True,False
6485,53,37,4148,2013004.112170469,7034169.820322348,True,True,False
6486,53,38,4149,2012067.821789404,7025869.658054003,True,True,False
6487,53,39,4150,2011133.8905060957,7017577.970395547,True,False,False
6488,53,40,4151,2010202.3097351068,7009294.73413662,True,True,False
6489,53,41,4152,2009273.0709329257,7001019.926146574,True,True,False
6490,53,42,4153,2008346.165597711,6992753.523374084,True,True,False
6491,53,43,4154,2007421.5852690388,6984495.502846784,True,True,False
6492,53,44,4155,2006499.3215276545,6976245.841670906,False,False,False
6493,53,45,4156,2005579.365995223,6968004.517030909,False,False,False
6494,53,46,4157,2004661.7103340847,6959771.506189104,False,False,False
6495,53,47,4158,2003746.3462470088,6951546.786485299,False,True,False
6496,53,48,4159,2002833.265476952,6943330.335336445,False,False,False
6497,53,49,4160,2001922.4598068162,6935122.1302362485,False,False,False
6498,53,50,4161,2001013.92105921,6926922.148754858,False,True,False
6499,53,51,4162,2000107.6410962115,6918730.368538475,False,True,False
6500,53,52,4163,1999203.6118191304,6910546.767309006,True,False,False
6501,53,53,4164,1998301.825168277,6902371.322863724,False,False,False
6502,53,54,4165,1997402.2731227262,6894204.013074914,False,False,False
6503,53,55,4166,1996504.9477000893,6886044.815889509,False,False,False
6504,53,56,4167,1995609.8409562828,6877893.709328775,False,False,False
6505,53,57,4168,1994716.9449853033,6869750.671487943,False,False,False
6506,53,58,4169,1993826.2519189978,6861615.680535878,False,False,False
6507,53,59,4170,1992937.7539268425,6853488.714714739,True,True,False
6508,53,60,4171,1992051.4432157187,6845369.752339632,True,False,False
6509,53,61,4172,1991167.3120296912,6837258.771798295,False,False,False
6510,53,62,4173,1990285.3526497902,6829155.751550735,False,False,False
6511,53,63,4174,1989405.5573937905,6821060.670128925,False,False,False
6512,53,64,4175,1988527.9186159982,6812973.506136445,False,False,False
6513,53,65,4176,1987652.428707032,6804894.238248184,False,False,False
6514,53,66,4177,1986779.0800936138,6796822.845209982,False,False,False
6515,53,67,4178,1985907.8652383522,6788759.305838333,False,False,False
6516,53,68,4179,1985038.776639536,6780703.5990200415,True,False,False
6517,53,69,4180,1984171.8068309214,6772655.703711911,True,False,False
6518,53,70,4181,1983306.9483815283,6764615.598940422,True,True,False
6519,53,71,4182,1982444.19389543,6756583.263801414,True,True,False
6520,53,72,4183,1981583.536011553,6748558.677459762,True,True,False
6521,53,73,4184,1980724.9674034682,6740541.819149081,True,True,False
6522,53,74,4185,1979868.4807791943,6732532.668171395,False,True,False
6523,53,75,4186,1979014.068880994,6724531.203896836,False,True,False
6524,53,76,4187,1978161.7244851768,6716537.405763318,False,False,False
6525,53,77,4188,1977311.4404018996,6708551.253276265,True,False,False
6526,53,78,4189,1976463.2094749713,6700572.726008261,True,False,False
6527,53,79,4190,1975617.0245816584,6692601.8035987755,False,False,False
6528,53,80,4191,1974772.8786324898,6684638.465753852,False,False,False
6529,53,81,4192,1973930.7645710667,6676682.692245811,True,False,False
6530,53,82,4193,1973090.6753738688,6668734.462912931,False,True,False
6531,53,83,4194,1972252.604050068,6660793.757659186,False,False,False
6532,53,84,4195,1971416.5436413372,6652860.556453914,False,False,False
6533,53,85,4196,1970582.4872216636,6644934.839331547,False,False,False
6534,53,86,4197,1969750.4278971658,6637016.586391302,True,True,False
6535,53,87,4198,1968920.358805906,6629105.777796903,True,False,False
6536,53,88,4199,1968092.2731177078,6621202.393776272,True,False,False
6537,53,89,4200,1967266.1640339755,6613306.414621269,False,True,False
6538,53,90,4201,1966442.024787512,6605417.820687376,False,True,False
6539,53,91,4202,1965619.848642339,6597536.592393435,False,True,False
6540,53,92,4203,1964799.6288935205,6589662.710221339,False,False,False
6541,53,93,4204,1963981.3588669845,6581796.15471578,True,True,False
6542,53,94,4205,1963165.0319193464,6573936.906483945,False,True,False
6543,53,95,4206,1962350.641437738,6566084.946195246,True,False,False
6544,53,96,4207,1961538.1808396291,6558240.25458104,True,False,False
6545,53,97,4208,1960727.6435726583,6550402.812434356,False,True,False
6546,53,98,4209,1959919.0231144617,6542572.600609616,False,True,False
6547,53,99,4210,1959112.3129725016,6534749.600022364,False,False,False
6548,53,100,4211,1958307.5066839003,6526933.79164899,False,False,False
6549,53,101,4212,1957504.5978152694,6519125.1565264715,False,False,False
6550,53,102,4213,1957218.5339617894,6513669.809732968,False,False,False
6575,54,3,4214,2050816.477858352,7317641.672021455,False,False,False
6576,54,4,4215,2052099.570052258,7311306.403343178,False,False,False
6577,54,5,4216,2052791.329939613,7303348.032899048,False,True,False
6578,54,6,4217,2051818.2056110445,7294805.771147131,False,True,False
6579,54,7,4218,2050795.1546943139,7286233.270131488,False,False,False
6580,54,8,4219,2049774.774387802,7277669.995913229,True,True,False
6581,54,9,4220,2048757.0545864366,7269115.922659179,False,False,False
6582,54,10,4221,2047741.9852363246,7260571.024628285,False,False,False
6583,54,11,4222,2046729.5563344331,7252035.276171168,True,False,False
6584,54,12,4223,2045719.7579282706,7243508.65172969,True,True,False
6585,54,13,4224,2044712.5801155702,7234991.12583651,True,True,False
6586,54,14,4225,2043708.0130439748,7226482.673114645,True,False,False
6587,54,15,4226,2042706.0469107286,7217983.268277038,False,False,False
6588,54,16,4227,2041706.6719623634,7209492.8861261355,False,False,False
6589,54,17,4228,2040709.8784943959,7201011.50155344,False,False,False
6590,54,18,4229,2039715.6568510206,7192539.089539096,False,False,False
6591,54,19,4230,2038723.997424807,7184075.62515148,False,False,False
6592,54,20,4231,2037734.8906564012,7175621.083546742,False,False,False
6593,54,21,4232,2036748.327034227,7167175.439968425,False,False,False
6594,54,22,4233,2035764.297094191,7158738.66974702,True,True,False
6595,54,23,4234,2034782.791419386,7150310.748299575,True,False,False
6596,54,24,4235,2033803.8006398035,7141891.65112926,False,False,False
6597,54,25,4236,2032827.3154320437,7133481.353824975,False,False,False
6598,54,26,4237,2031853.3265190253,7125079.832060941,False,False,False
6599,54,27,4238,2030881.824669704,7116687.061596274,False,False,False
6600,54,28,4239,2029912.8006987884,7108303.01827462,False,True,False
6601,54,29,4240,2028946.2454664574,7099927.678023723,False,True,False
6602,54,30,4241,2027982.1498780851,7091561.016855041,False,False,False
6603,54,31,4242,2027020.504883961,7083203.010863341,False,True,False
6604,54,32,4243,2026061.3014790153,7074853.636226321,False,False,False
6605,54,33,4244,2025104.5307025497,7066512.869204201,False,False,False
6606,54,34,4245,2024150.183637961,7058180.686139349,False,False,False
6607,54,35,4246,2023198.2514124766,7049857.063455883,False,True,False
6608,54,36,4247,2022248.7251968875,7041541.977659293,False,True,False
6609,54,37,4248,2021301.5962052818,7033235.405336057,True,True,False
6610,54,38,4249,2020356.8556947813,7024937.323153255,True,False,False
6611,54,39,4250,2019414.4949652827,7016647.7078581955,False,False,False
6612,54,40,4251,2018474.5053591977,7008366.536278052,True,True,True
6613,54,41,4252,2017536.878261194,7000093.785319457,False,True,True
6614,54,42,4253,2016601.605097942,6991829.431968167,True,True,False
6615,54,43,4254,2015668.6773378607,6983573.453288667,True,True,False
6616,54,44,4255,2014738.0864908646,6975325.826423802,True,True,False
6617,54,45,4256,2013809.8241081156,6967086.528594441,True,True,False
6618,54,46,4257,2012883.8817817746,6958855.537099078,False,False,False
6619,54,47,4258,2011960.2511447528,6950632.829313484,False,True,False
6620,54,48,4259,2011038.9238704715,6942418.382690358,False,True,False
6621,54,49,4260,2010119.8916726147,6934212.174758956,False,True,False
6622,54,50,4261,2009203.1463048912,6926014.183124735,False,True,False
6623,54,51,4262,2008288.679560793,6917824.385469004,True,False,False
6624,54,52,4263,2007376.4832733602,6909642.759548583,True,False,False
6625,54,53,4264,2006466.549314942,6901469.283195424,False,False,False
6626,54,54,4265,2005558.8695969642,6893303.934316298,False,False,False
6627,54,55,4266,2004653.4360696976,6885146.690892422,False,False,False
6628,54,56,4267,2003750.2407220239,6876997.53097913,False,False,False
6629,54,57,4268,2002849.2755812097,6868856.432705529,False,False,False
6630,54,58,4269,2001950.5327126766,6860723.374274152,False,False,False
6631,54,59,4270,2001054.0042197756,6852598.333960626,False,True,False
6632,54,60,4271,2000159.682243564,6844481.290113334,True,False,False
6633,54,61,4272,1999267.55896258,6836372.22115308,True,False,False
6634,54,62,4273,1998377.6265926233,6828271.105572755,False,False,False
6635,54,63,4274,1997489.8773865348,6820177.921937013,False,False,False
6636,54,64,4275,1996604.3036339784,6812092.648881934,False,False,False
6637,54,65,4276,1995720.8976612235,6804015.265114692,False,False,False
6638,54,66,4277,1994839.6518309324,6795945.749413254,False,False,False
6639,54,67,4278,1993960.5585419426,6787884.0806260165,False,False,False
6640,54,68,4279,1993083.6102290577,6779830.237671529,True,False,False
6641,54,69,4280,1992208.7993628369,6771784.199538139,True,False,False
6642,54,70,4281,1991336.1184493846,6763745.945283679,True,False,False
6643,54,71,4282,1990465.5600301411,6755715.454035178,True,False,False
6644,54,72,4283,1989597.1166816803,6747692.704988507,False,True,False
6645,54,73,4284,1988730.7810155018,6739677.677408086,True,True,False
6646,54,74,4285,1987866.545677828,6731670.350626584,True,False,False
6647,54,75,4286,1987004.403349403,6723670.704044572,True,True,False
6648,54,76,4287,1986144.3467452922,6715678.717130269,True,True,False
6649,54,77,4288,1985286.3686146804,6707694.369419171,True,True,False
6650,54,78,4289,1984430.4617406775,6699717.640513803,False,False,False
6651,54,79,4290,1983576.6189401206,6691748.510083396,False,False,False
6652,54,80,4291,1982724.833063378,6683786.957863562,False,False,False
6653,54,81,4292,1981875.096994157,6675832.963656029,True,False,False
6654,54,82,4293,1981027.4036493099,6667886.507328332,False,False,False
6655,54,83,4294,1980181.7459786457,6659947.568813495,False,False,False
6656,54,84,4295,1979338.1169647356,6652016.128109775,False,False,False
6657,54,85,4296,1978496.5096227296,6644092.165280326,False,False,False
6658,54,86,4297,1977656.9170001666,6636175.660452945,True,True,False
6659,54,87,4298,1976819.3321767887,6628266.593819754,False,False,False
6660,54,88,4299,1975983.7482643577,6620364.945636931,False,False,False
6661,54,89,4300,1975150.15840647,6612470.696224403,False,False,False
6662,54,90,4301,1974318.5557783763,6604583.825965574,False,False,False
6663,54,91,4302,1973488.9335867998,6596704.315307048,False,True,False
6664,54,92,4303,1972661.2850697567,6588832.144758321,False,True,False
6665,54,93,4304,1971835.6034963778,6580967.29489152,True,False,False
6666,54,94,4305,1971011.8821667323,6573109.74634113,True,True,False
6667,54,95,4306,1970190.1144116505,6565259.479803684,True,True,False
6668,54,96,4307,1969370.293592549,6557416.47603752,True,False,False
6669,54,97,4308,1968552.4131012585,6549580.715862485,False,True,False
6670,54,98,4309,1967736.4663598503,6541752.180159674,False,False,False
6671,54,99,4310,1966922.4468204656,6533930.8498711465,False,False,False
6672,54,100,4311,1966110.3479651446,6526116.705999665,False,False,False
6673,54,101,4312,1965300.1633056584,6518309.729608425,False,False,False
6674,54,102,4313,1964864.6572597404,6512242.067352961,False,False,False
6701,55,5,4314,2058425.5601390772,7300727.306617735,False,False,False
6702,55,6,4315,2059754.6619930977,7293417.387915655,False,False,False
6703,55,7,4316,2059354.1129936252,7285223.667149041,False,False,False
6704,55,8,4317,2058324.6347384783,7276662.7435452845,True,True,False
6705,55,9,4318,2057297.8399609437,7268111.011868973,True,True,False
6706,55,10,4319,2056273.7185242833,7259568.446424591,True,True,False
6707,55,11,4320,2055252.2603430129,7251035.021608024,True,True,False
6708,55,12,4321,2054233.4553825818,7242510.711906097,True,True,False
6709,55,13,4322,2053217.293659053,7233995.491896165,True,False,False
6710,55,14,4323,2052203.765238788,7225489.336245647,False,False,False
6711,55,15,4324,2051192.860238133,7216992.219711624,False,False,False
6712,55,16,4325,2050184.5688231075,7208504.117140389,False,False,False
6713,55,17,4326,2049178.8812090945,7200025.003467038,False,False,False
6714,55,18,4327,2048175.7876605338,7191554.853715032,False,False,False
6715,55,19,4328,2047175.2784906176,7183093.642995778,False,False,False
6716,55,20,4329,2046177.3440609882,7174641.346508203,False,False,False
6717,55,21,4330,2045181.9747814382,7166197.939538364,False,True,False
6718,55,22,4331,2044189.1611096123,7157763.397459001,True,True,False
6719,55,23,4332,2043198.893550711,7149337.695729136,False,False,False
6720,55,24,4333,2042211.1626571978,7140920.809893674,False,False,False
6721,55,25,4334,2041225.9590285074,7132512.715582977,False,False,False
6722,55,26,4335,2040243.273310758,7124113.388512475,False,False,False
6723,55,27,4336,2039263.0961964622,7115722.804482257,False,False,False
6724,55,28,4337,2038285.4184242429,7107340.939376658,False,False,False
6725,55,29,4338,2037310.2307785505,7098967.769163887,False,True,False
6726,55,30,4339,2036337.5240893816,7090603.2698956,False,True,False
6727,55,31,4340,2035367.2892320016,7082247.417706541,False,True,False
6728,55,32,4341,2034399.517126666,7073900.18881411,False,True,False
6729,55,33,4342,2033434.1987383473,7065561.559518006,False,False,False
6730,55,34,4343,2032471.3250764608,7057231.506199828,False,True,False
6731,55,35,4344,2031510.887194597,7048910.005322686,False,True,False
6732,55,36,4345,2030552.8761902475,7040597.033430829,True,False,False
6733,55,37,4346,2029597.2832045436,7032292.567149244,True,False,True
6734,55,38,4347,2028644.0994219887,7023996.583183306,False,False,True
6735,55,39,4348,2027693.3160701948,7015709.0583183775,False,True,True
6736,55,40,4349,2026744.924419624,7007429.969419441,True,True,True
6737,55,41,4350,2025798.9157833275,6999159.293430732,True,True,True
6738,55,42,4351,2024855.281516687,6990897.007375368,True,False,False
6739,55,43,4352,2023914.0130171636,6982643.088354968,False,False,False
6740,55,44,4353,2022975.101724039,6974397.513549301,False,False,False
6741,55,45,4354,2022038.539118168,6966160.260215919,True,True,False
6742,55,46,4355,2021104.3167217253,6957931.305689796,True,True,False
6743,55,47,4356,2020172.4260979611,6949710.627382948,False,True,False
6744,55,48,4357,2019242.8588509501,6941498.20278411,False,True,False
6745,55,49,4358,2018315.6066253507,6933294.009458349,False,True,False
6746,55,50,4359,2017390.66110616,6925098.025046731,False,False,False
6747,55,51,4360,2016468.0140184737,6916910.227265953,True,False,False
6748,55,52,4361,2015547.657127246,6908730.593908008,False,False,False
6749,55,53,4362,2014629.5822370525,6900559.102839824,False,False,False
6750,55,54,4363,2013713.7811918533,6892395.732002919,False,False,False
6751,55,55,4364,2012800.2458747607,6884240.45941307,False,False,False
6752,55,56,4365,2011888.968207804,6876093.2631599605,False,False,False
6753,55,57,4366,2010979.9401516991,6867954.1214068215,False,False,False
6754,55,58,4367,2010073.1537056216,6859823.012390138,False,False,False
6755,55,59,4368,2009168.6009069746,6851699.914419266,False,True,False
6756,55,60,4369,2008266.2738311668,6843584.805876131,True,True,False
6757,55,61,4370,2007366.1645913848,6835477.665214874,True,False,False
6758,55,62,4371,2006468.2653383734,6827378.470961528,False,False,False
6759,55,63,4372,2005572.5682602099,6819287.201713689,False,False,False
6760,55,64,4373,2004679.0655820891,6811203.836140185,False,False,False
6761,55,65,4374,2003787.7495661003,6803128.352980761,False,False,False
6762,55,66,4375,2002898.6125110143,6795060.731045728,False,False,False
6763,55,67,4376,2002011.646752067,6787000.949215684,False,False,False
6764,55,68,4377,2001126.8446607438,6778948.98644114,False,False,False
6765,55,69,4378,2000244.1986445698,6770904.821742258,True,False,False
6766,55,70,4379,1999363.7011468986,6762868.434208485,True,False,False
6767,55,71,4380,1998485.3446467023,6754839.802998263,False,False,False
6768,55,72,4381,1997609.1216583631,6746818.907338721,True,True,False
6769,55,73,4382,1996735.0247314698,6738805.726525333,True,False,False
6770,55,74,4383,1995863.0464506086,6730800.239921643,False,False,False
6771,55,75,4384,1994993.1794351637,6722802.426958938,False,False,False
6772,55,76,4385,1994125.416339113,6714812.267135937,False,False,False
6773,55,77,4386,1993259.7498508277,6706829.740018499,True,True,False
6774,55,78,4387,1992396.1726928721,6698854.825239308,True,True,False
6775,55,79,4388,1991534.677621809,6690887.502497582,False,False,False
6776,55,80,4389,1990675.2574279984,6682927.751558759,False,False,False
6777,55,81,4390,1989817.9049354068,6674975.552254213,True,False,False
6778,55,82,4391,1988962.61300141,6667030.884480946,False,False,False
6779,55,83,4392,1988109.374516602,6659093.728201296,False,False,False
6780,55,84,4393,1987258.1824046052,6651164.0634426465,True,False,False
6781,55,85,4394,1986409.0296218772,6643241.870297124,True,False,False
6782,55,86,4395,1985561.9091575255,6635327.128921324,True,True,False
6783,55,87,4396,1984716.814033118,6627419.819536001,True,True,False
6784,55,88,4397,1983873.7373024987,6619519.922425805,False,False,False
6785,55,89,4398,1983032.6720516006,6611627.417938971,False,False,False
6786,55,90,4399,1982193.611398266,6603742.2864870485,False,False,False
6787,55,91,4400,1981356.5484920596,6595864.508544621,False,False,False
6788,55,92,4401,1980521.4765140929,6587994.064649009,False,True,False
6789,55,93,4402,1979688.3886768392,6580130.93540001,False,False,False
6790,55,94,4403,1978857.2782239586,6572275.101459604,True,False,False
6791,55,95,4404,1978028.1384301202,6564426.543551681,True,True,False
6792,55,96,4405,1977200.9626008237,6556585.242461767,True,True,False
6793,55,97,4406,1976375.7440722287,6548751.179036761,True,True,False
6794,55,98,4407,1975552.4762109763,6540924.334184632,False,False,False
6795,55,99,4408,1974731.1524140204,6533104.688874177,False,False,False
6796,55,100,4409,1973911.7661084544,6525292.2241347395,False,False,False
6797,55,101,4410,1973094.3107513422,6517486.921055944,False,False,False
6798,55,102,4411,1972607.6083382105,6509930.329206959,True,False,False
6799,55,103,4412,1973197.0576216711,6502027.569237107,True,True,False
6800,55,104,4413,1973401.2116187997,6494421.925219449,False,True,False
6801,55,105,4414,1973565.2318063264,6488316.031779523,False,False,False
6826,56,6,4415,2064811.6392458268,7289778.484466568,False,False,False
6827,56,7,4416,2066069.708867276,7283515.869284559,False,False,False
6828,56,8,4417,2066803.8514973468,7275595.627782509,False,False,False
6829,56,9,4418,2065836.6045586444,7267097.149622825,False,True,False
6830,56,10,4419,2064803.4389844784,7258556.936797053,False,True,False
6831,56,11,4420,2063772.9594327281,7250025.855579721,False,True,False
6832,56,12,4421,2062745.1557870354,7241503.880502975,True,True,False
6833,56,13,4422,2061720.0179820426,7232990.986189194,True,False,False
6834,56,14,4423,2060697.5360030788,7224487.147350558,False,False,False
6835,56,15,4424,2059677.6998858396,7215992.338788623,False,False,False
6836,56,16,4425,2058660.4997160747,7207506.535393878,False,False,False
6837,56,17,4426,2057645.9256292765,7199029.71214533,False,False,False
6838,56,18,4427,2056633.967810372,7190561.84411009,False,False,False
6839,56,19,4428,2055624.6164934149,7182102.906442943,False,False,False
6840,56,20,4429,2054617.8619612807,7173652.874385925,False,False,False
6841,56,21,4430,2053613.6945453666,7165211.723267929,True,True,False
6842,56,22,4431,2052612.1046252898,7156779.428504265,True,False,False
6843,56,23,4432,2051613.0826285887,7148355.965596272,False,False,False
6844,56,24,4433,2050616.6190304307,7139941.310130899,False,False,False
6845,56,25,4434,2049622.7043533153,7131535.437780302,False,False,False
6846,56,26,4435,2048631.3291667853,7123138.324301437,False,False,False
6847,56,27,4436,2047642.4840871352,7114749.945535671,False,False,False
6848,56,28,4437,2046656.159777127,7106370.277408366,False,False,False
6849,56,29,4438,2045672.3469457035,7097999.295928493,False,False,False
6850,56,30,4439,2044691.0363477063,7089636.977188239,False,True,False
6851,56,31,4440,2043712.218783594,7081283.297362605,False,False,False
6852,56,32,4441,2042735.8850991642,7072938.232709029,False,True,False
6853,56,33,4442,2041762.0261852774,7064601.759566988,False,True,False
6854,56,34,4443,2040790.6329775814,7056273.854357616,True,True,False
6855,56,35,4444,2039821.69645624,7047954.493583319,True,False,True
6856,56,36,4445,2038855.2076456589,7039643.653827407,True,False,True
6857,56,37,4446,2037891.1576142216,7031341.311753685,False,False,True
6858,56,38,4447,2036929.5374740197,7023047.44410611,False,True,False
6859,56,39,4448,2035970.3383805887,7014762.027708392,False,True,False
6860,56,40,4449,2035013.5515326452,7006485.039463638,False,False,False
6861,56,41,4450,2034059.1681718263,6998216.456353967,True,True,True
6862,56,42,4451,2033107.1795824298,6989956.255440145,True,False,False
6863,56,43,4452,2032157.5770911563,6981704.413861229,False,False,False
6864,56,44,4453,2031210.352066856,6973460.908834192,False,False,False
6865,56,45,4454,2030265.4959202732,6965225.717653567,False,False,False
6866,56,46,4455,2029323.0001037943,6956998.817691067,True,True,False
6867,56,47,4456,2028382.8561111998,6948780.186395265,True,True,False
6868,56,48,4457,2027445.0554774145,6940569.801291199,False,True,False
6869,56,49,4458,2026509.5897782617,6932367.639980041,True,False,False
6870,56,50,4459,2025576.450630218,6924173.680138732,True,False,False
6871,56,51,4460,2024645.629690172,6915987.899519646,True,False,False
6872,56,52,4461,2023717.1186551799,6907810.275950218,True,False,False
6873,56,53,4462,2022790.9092622302,6899640.7873326205,False,False,False
6874,56,54,4463,2021866.993288004,6891479.411643411,False,False,False
6875,56,55,4464,2020945.362548637,6883326.126933184,False,False,False
6876,56,56,4465,2020026.0088994892,6875180.911326228,False,False,False
6877,56,57,4466,2019108.9242349088,6867043.743020204,False,False,False
6878,56,58,4467,2018194.1004880026,6858914.600285786,False,False,False
6879,56,59,4468,2017281.5296304072,6850793.461466346,False,False,False
6880,56,60,4469,2016371.2036720589,6842680.304977597,True,True,False
6881,56,61,4470,2015463.1146609706,6834575.109307288,True,False,False
6882,56,62,4471,2014557.254683005,6826477.853014851,False,False,False
6883,56,63,4472,2013653.6158616515,6818388.514731091,False,False,False
6884,56,64,4473,2012752.190357806,6810307.073157846,False,False,False
6885,56,65,4474,2011852.970369552,6802233.507067663,False,False,False
6886,56,66,4475,2010955.9481319385,6794167.795303494,False,False,False
6887,56,67,4476,2010061.1159167655,6786109.916778348,False,False,False
6888,56,68,4477,2009168.4660323712,6778059.8504749965,False,False,False
6889,56,69,4478,2008277.9908234125,6770017.57544563,False,False,False
6890,56,70,4479,2007389.682670658,6761983.070811571,True,False,False
6891,56,71,4480,2006503.5339907748,6753956.315762935,True,True,False
6892,56,72,4481,2005619.5372361182,6745937.289558338,True,True,False
6893,56,73,4482,2004737.6848945264,6737925.971524564,False,False,False
6894,56,74,4483,2003857.9694891118,6729922.3410562845,False,False,False
6895,56,75,4484,2002980.3835780576,6721926.377615725,False,False,False
6896,56,76,4485,2002104.9197544137,6713938.06073237,False,False,False
6897,56,77,4486,2001231.570645893,6705957.370002657,False,False,False
6898,56,78,4487,2000360.3289146733,6697984.2850896865,True,True,False
6899,56,79,4488,1999491.187257197,6690018.785722899,True,True,False
6900,56,80,4489,1998624.1384039707,6682060.851697795,True,True,False
6901,56,81,4490,1997759.1751193728,6674110.462875625,True,False,False
6902,56,82,4491,1996896.290201455,6666167.599183093,False,False,False
6903,56,83,4492,1996035.47648175,6658232.240612084,True,False,False
6904,56,84,4493,1995176.7268250766,6650304.367219344,True,False,False
6905,56,85,4494,1994320.0341293528,6642383.959126198,False,False,False
6906,56,86,4495,1993465.3913254011,6634470.99651827,False,False,False
6907,56,87,4496,1992612.7913767628,6626565.45964518,True,True,False
6908,56,88,4497,1991762.2272795099,6618667.3288202705,False,False,False
6909,56,89,4498,1990913.6920620576,6610776.584420311,False,False,False
6910,56,90,4499,1990067.178784982,6602893.2068852205,False,False,False
6911,56,91,4500,1989222.6805408353,6595017.176717788,False,False,False
6912,56,92,4501,1988380.1904539636,6587148.474483378,False,True,False
6913,56,93,4502,1987539.7016803252,6579287.0808096705,False,True,False
6914,56,94,4503,1986701.2074073113,6571432.976386378,True,True,False
6915,56,95,4504,1985864.7008535678,6563586.141964954,True,True,False
6916,56,96,4505,1985030.1752688177,6555746.5583583405,False,True,False
6917,56,97,4506,1984197.6239336843,6547914.206440684,True,False,False
6918,56,98,4507,1983367.0401595177,6540089.067147058,False,False,False
6919,56,99,4508,1982538.4172882184,6532271.121473211,False,False,False
6920,56,100,4509,1981711.7486920678,6524460.350475272,False,False,False
6921,56,101,4510,1980887.0277735542,6516656.735269507,False,False,False
6922,56,102,4511,1980064.2479652038,6508860.257032046,True,False,False
6923,56,103,4512,1979243.4027294123,6501070.896998612,False,True,False
6924,56,104,4513,1978424.4855582733,6493288.636464253,False,False,False
6925,56,105,4514,1977694.1028650901,6485567.852362461,False,False,False
6926,56,106,4515,1977713.056837547,6477874.122279347,True,False,False
6927,56,107,4516,1977918.002175473,6470124.769289264,False,False,False
6928,56,108,4517,1978115.7278339572,6462654.946423234,False,False,False
6929,56,109,4518,1978266.0759655114,6456979.281288015,False,False,False
6952,57,8,4519,2072367.29703889,7272912.0150846075,False,False,False
6953,57,9,4520,2073693.981646724,7265678.967140654,False,False,False
6954,57,10,4521,2073331.1294492856,7257536.502672539,False,False,False
6955,57,11,4522,2072291.6365004925,7249007.784977596,False,True,False
6956,57,12,4523,2071254.8421027767,7240488.164376347,True,True,True
6957,57,13,4524,2070220.7361096144,7231977.615536546,True,True,False
6958,57,14,4525,2069189.3084255487,7223476.113215471,True,False,False
6959,57,15,4526,2068160.549005874,7214983.632259477,True,False,False
6960,57,16,4527,2067134.447856316,7206500.1476036,False,False,False
6961,57,17,4528,2066110.9950327235,7198025.634271094,False,False,False
6962,57,18,4529,2065090.1806407503,7189560.067373056,False,False,False
6963,57,19,4530,2064071.994835553,7181103.422107972,False,False,False
6964,57,20,4531,2063056.427821481,7172655.673761324,False,True,False
6965,57,21,4532,2062043.4698517716,7164216.7977051595,True,True,False
6966,57,22,4533,2061033.1112282504,7155786.769397694,False,False,False
6967,57,23,4534,2060025.3423010292,7147365.5643829005,False,False,False
6968,57,24,4535,2059020.153468209,7138953.158290098,False,False,False
6969,57,25,4536,2058017.5351755852,7130549.526833552,False,False,False
6970,57,26,4537,2057017.4779163534,7122154.645812074,False,False,False
6971,57,27,4538,2056019.9722308188,7113768.491108621,False,False,False
6972,57,28,4539,2055025.0087061068,7105391.038689886,False,False,False
6973,57,29,4540,2054032.577975876,7097022.26460593,False,False,False
6974,57,30,4541,2053042.6707200347,7088662.144989768,False,True,False
6975,57,31,4542,2052055.2776644554,7080310.656056987,False,True,False
6976,57,32,4543,2051070.389580698,7071967.774105354,False,True,False
6977,57,33,4544,2050087.9972857267,7063633.4755144315,True,True,False
6978,57,34,4545,2049108.0916416382,7055307.736745202,True,False,True
6979,57,35,4546,2048130.663555382,7046990.534339665,True,False,True
6980,57,36,4547,2047155.7039784922,7038681.8449204825,False,False,False
6981,57,37,4548,2046183.2039068155,7030381.645190597,False,False,False
6982,57,38,4549,2045213.1543802405,7022089.911932831,False,True,False
6983,57,39,4550,2044245.5464824336,7013806.6220095465,False,False,False
6984,57,40,4551,2043280.3713405735,7005531.752362258,False,False,False
6985,57,41,4552,2042317.6201250877,6997265.280011263,True,True,True
6986,57,42,4553,2041357.284049392,6989007.182055277,True,True,True
6987,57,43,4554,2040399.3543696317,6980757.435671078,False,False,False
6988,57,44,4555,2039443.8223844236,6972516.018113126,False,False,False
6989,57,45,4556,2038490.6794346008,6964282.906713213,False,False,False
6990,57,46,4557,2037539.9169029596,6956058.078880114,True,True,False
6991,57,47,4558,2036591.5262140073,6947841.512099194,True,True,False
6992,57,48,4559,2035645.4988337127,6939633.183932105,True,True,False
6993,57,49,4560,2034701.8262692583,6931433.072016395,True,False,False
6994,57,50,4561,2033760.500068792,6923241.154065159,True,False,False
6995,57,51,4562,2032821.511821185,6915057.407866719,False,False,False
6996,57,52,4563,2031884.8531557873,6906881.811284236,True,False,False
6997,57,53,4564,2030950.5157421867,6898714.342255401,True,False,False
6998,57,54,4565,2030018.4912899702,6890554.978792071,True,False,False
6999,57,55,4566,2029088.7715484856,6882403.698979934,False,False,False
7000,57,56,4567,2028161.3483066051,6874260.480978164,False,False,False
7001,57,57,4568,2027236.2133924928,6866125.303019104,False,False,False
7002,57,58,4569,2026313.358673369,6857998.143407892,False,False,False
7003,57,59,4570,2025392.7760552817,6849878.980522169,False,False,False
7004,57,60,4571,2024474.4574828765,6841767.792811712,True,True,False
7005,57,61,4572,2023558.3949391672,6833664.558798136,True,False,False
7006,57,62,4573,2022644.5804453124,6825569.257074528,True,False,False
7007,57,63,4574,2021733.0060603882,6817481.866305168,True,False,False
7008,57,64,4575,2020823.6638811675,6809402.365225147,True,False,False
7009,57,65,4576,2019916.5460418963,6801330.732640096,True,False,False
7010,57,66,4577,2019011.6447140765,6793266.947425831,True,False,False
7011,57,67,4578,2018108.9521062432,6785210.988528053,True,False,False
7012,57,68,4579,2017208.4604637532,6777162.834962018,True,False,False
7013,57,69,4580,2016310.1620685654,6769122.465812223,True,False,False
7014,57,70,4581,2015414.0492390296,6761089.860232096,True,False,False
7015,57,71,4582,2014520.1143296724,6753064.997443682,True,True,False
7016,57,72,4583,2013628.349730988,6745047.85673733,False,False,False
7017,57,73,4584,2012738.7478692264,6737038.417471379,False,False,False
7018,57,74,4585,2011851.3012061876,6729036.659071865,False,False,False
7019,57,75,4586,2010966.0022390168,6721042.561032197,False,False,False
7020,57,76,4587,2010082.8434999934,6713056.102912869,False,False,False
7021,57,77,4588,2009201.8175563326,6705077.264341146,False,False,False
7022,57,78,4589,2008322.9170099823,6697106.025010764,False,False,False
7023,57,79,4590,2007446.134497421,6689142.364681633,False,False,False
7024,57,80,4591,2006571.4626894584,6681186.263179543,True,True,False
7025,57,81,4592,2005698.8942910384,6673237.700395865,True,True,False
7026,57,82,4593,2004828.4220410418,6665296.65628725,True,True,False
7027,57,83,4594,2003960.0387120908,6657363.110875336,True,False,False
7028,57,84,4595,2003093.737110356,6649437.044246477,False,False,False
7029,57,85,4596,2002229.5100753612,6641518.436551433,False,False,False
7030,57,86,4597,2001367.350479796,6633607.268005065,False,False,False
7031,57,87,4598,2000507.2512293225,6625703.518886099,True,True,False
7032,57,88,4599,1999649.205262387,6617807.16953679,False,False,False
7033,57,89,4600,1998793.2055500338,6609918.20036267,False,False,False
7034,57,90,4601,1997939.2450957194,6602036.5918322485,False,False,False
7035,57,91,4602,1997087.316935125,6594162.324476738,False,False,False
7036,57,92,4603,1996237.4141359755,6586295.378889782,False,False,False
7037,57,93,4604,1995389.5297978553,6578435.735727156,False,False,False
7038,57,94,4605,1994543.6570520296,6570583.375706519,True,True,False
7039,57,95,4606,1993699.789061261,6562738.27960711,True,True,False
7040,57,96,4607,1992857.919019634,6554900.428269494,True,False,False
7041,57,97,4608,1992018.0401523758,6547069.802595295,True,False,False
7042,57,98,4609,1991180.14571568,6539246.383546898,True,False,False
7043,57,99,4610,1990344.2289965325,6531430.152147203,True,False,False
7044,57,100,4611,1989510.2833125372,6523621.08947936,False,False,False
7045,57,101,4612,1988678.3020117427,6515819.17668648,False,False,False
7046,57,102,4613,1987848.2784724715,6508024.394971392,True,True,False
7047,57,103,4614,1987020.2061031486,6500236.725596367,False,True,False
7048,57,104,4615,1986194.0783421337,6492456.1498828605,False,False,False
7049,57,105,4616,1985369.8886575527,6484682.64921126,True,False,False
7050,57,106,4617,1984547.6305471286,6476916.2050206,True,True,False
7051,57,107,4618,1983727.2975380188,6469156.798808338,False,False,False
7052,57,108,4619,1982908.8831866486,6461404.412130061,False,False,False
7053,57,109,4620,1982286.3867140769,6453759.674910913,False,False,False
7054,57,110,4621,1982357.9710955806,6447182.955640836,True,True,False
7077,58,9,4622,2078713.8356873684,7261991.6841709865,False,False,False
7078,58,10,4623,2080418.0576036144,7255517.820317129,False,False,False
7079,58,11,4624,2080808.2744746315,7247980.816748825,True,True,True
7080,58,12,4625,2079762.4973221684,7239463.570437815,True,True,True
7081,58,13,4626,2078719.4310978618,7230955.386814467,True,True,False
7082,58,14,4627,2077679.065625724,7222456.240681485,True,True,False
7083,58,15,4628,2076641.3907808948,7213966.106930385,True,True,False
7084,58,16,4629,2075606.3964893273,7205484.960541057,True,True,False
7085,58,17,4630,2074574.0727274686,7197012.776581363,True,False,False
7086,58,18,4631,2073544.4095219471,7188549.530206694,False,False,False
7087,58,19,4632,2072517.396949265,7180095.1966595845,True,True,False
7088,58,20,4633,2071493.0251354827,7171649.7512692725,True,True,False
7089,58,21,4634,2070471.2842559204,7163213.169451302,True,False,False
7090,58,22,4635,2069452.1645348477,7154785.426707117,False,False,False
7091,58,23,4636,2068435.6562451844,7146366.498623643,False,False,False
7092,58,24,4637,2067421.7497082,7137956.360872884,False,False,False
7093,58,25,4638,2066410.4352932177,7129554.989211548,False,False,False
7094,58,26,4639,2065401.7034173165,7121162.359480603,False,False,False
7095,58,27,4640,2064395.54454504,7112778.4476049105,False,False,False
7096,58,28,4641,2063391.949188104,7104403.229592826,False,False,False
7097,58,29,4642,2062390.9079051085,7096036.681535804,False,False,False
7098,58,30,4643,2061392.411301252,7087678.779607996,False,True,False
7099,58,31,4644,2060396.4500280442,7079329.500065876,False,True,False
7100,58,32,4645,2059403.0147830246,7070988.819247857,False,False,False
7101,58,33,4646,2058412.0963094833,7062656.713573885,True,False,True
7102,58,34,4647,2057423.685396179,7054333.159545095,False,False,True
7103,58,35,4648,2056437.7728770669,7046018.133743384,True,False,False
7104,58,36,4649,2055454.3496310217,7037711.612831077,False,False,False
7105,58,37,4650,2054473.406581564,7029413.573550522,False,False,False
7106,58,38,4651,2053494.9346965929,7021123.99272373,False,True,False
7107,58,39,4652,2052518.924988114,7012842.847251994,False,False,False
7108,58,40,4653,2051545.3685119762,7004570.1141155325,False,False,False
7109,58,41,4654,2050574.2563676035,6996305.770373122,True,False,False
7110,58,42,4655,2049605.5796977354,6988049.79316171,True,True,True
7111,58,43,4656,2048639.3296881635,6979802.159696076,False,True,False
7112,58,44,4657,2047675.4975674748,6971562.847268462,False,False,False
7113,58,45,4658,2046714.0746067914,6963331.833248213,True,True,False
7114,58,46,4659,2045755.052119518,6955109.09508142,True,True,False
7115,58,47,4660,2044798.4214610867,6946894.610290557,False,False,False
7116,58,48,4661,2043844.174028708,6938688.356474148,False,True,False
7117,58,49,4662,2042892.3012611156,6930490.311306398,False,True,False
7118,58,50,4663,2041942.7946383245,6922300.452536834,True,False,False
7119,58,51,4664,2040995.6456813798,6914118.757990002,False,False,False
7120,58,52,4665,2040050.8459521146,6905945.205565066,False,False,False
7121,58,53,4666,2039108.3870529064,6897779.7732355045,False,False,False
7122,58,54,4667,2038168.2606264374,6889622.439048743,True,False,False
7123,58,55,4668,2037230.4583554522,6881473.18112584,True,False,False
7124,58,56,4669,2036294.9719625222,6873331.977661119,True,False,False
7125,58,57,4670,2035361.793209809,6865198.80692186,True,False,False
7126,58,58,4671,2034430.9138988317,6857073.647247947,True,False,False
7127,58,59,4672,2033502.3258702303,6848956.477051544,True,False,False
7128,58,60,4673,2032576.0210035378,6840847.274816764,True,True,False
7129,58,61,4674,2031651.9912169506,6832746.019099328,True,False,False
7130,58,62,4675,2030730.2284670996,6824652.688526264,True,False,False
7131,58,63,4676,2029810.7247488245,6816567.261795554,False,False,False
7132,58,64,4677,2028893.4720949489,6808489.717675828,False,False,False
7133,58,65,4678,2027978.4625760578,6800420.035006036,False,False,False
7134,58,66,4679,2027065.6883002748,6792358.192695123,False,False,False
7135,58,67,4680,2026155.1414130447,6784304.169721724,False,False,False
7136,58,68,4681,2025246.8140969125,6776257.945133836,False,False,False
7137,58,69,4682,2024340.6985713074,6768219.498048511,False,False,False
7138,58,70,4683,2023436.7870923285,6760188.807651533,False,False,False
7139,58,71,4684,2022535.0719525297,6752165.8531971155,True,True,False
7140,58,72,4685,2021635.5454807072,6744150.614007591,False,False,False
7141,58,73,4686,2020738.20004169,6736143.069473096,False,False,False
7142,58,74,4687,2019843.0280361287,6728143.1990512805,False,False,False
7143,58,75,4688,2018950.0219002888,6720150.982266975,False,False,False
7144,58,76,4689,2018059.1741058454,6712166.398711915,False,False,False
7145,58,77,4690,2017170.477159673,6704189.428044433,False,False,False
7146,58,78,4691,2016283.9236036486,6696220.049989143,False,False,False
7147,58,79,4692,2015399.5060144453,6688258.244336664,False,False,False
7148,58,80,4693,2014517.217003331,6680303.990943311,True,False,False
7149,58,81,4694,2013637.0492159715,6672357.269730796,True,True,False
7150,58,82,4695,2012758.9953322315,6664418.060685952,True,True,False
7151,58,83,4696,2011883.0480659767,6656486.343860419,False,True,False
7152,58,84,4697,2011009.200164879,6648562.099370371,False,False,False
7153,58,85,4698,2010137.444410223,6640645.307396219,False,False,False
7154,58,86,4699,2009267.7736167128,6632735.948182326,False,False,False
7155,58,87,4700,2008400.1806322811,6624834.0020367205,True,True,False
7156,58,88,4701,2007534.658337898,6616939.4493308095,False,False,False
7157,58,89,4702,2006671.1996473833,6609052.270499105,False,False,False
7158,58,90,4703,2005809.7975072179,6601172.446038929,False,False,False
7159,58,91,4704,2004950.4448963602,6593299.956510146,False,False,False
7160,58,92,4705,2004093.1348260567,6585434.782534882,False,False,False
7161,58,93,4706,2003237.8603396628,6577576.904797245,True,False,False
7162,58,94,4707,2002384.6145124573,6569726.304043043,True,False,False
7163,58,95,4708,2001533.3904514618,6561882.961079525,True,True,False
7164,58,96,4709,2000684.1812952633,6554046.856775104,True,True,False
7165,58,97,4710,1999836.9802138307,6546217.972059075,True,True,False
7166,58,98,4711,1998991.7804083414,6538396.287921362,True,False,False
7167,58,99,4712,1998148.5751110034,6530581.785412234,True,False,False
7168,58,100,4713,1997307.357584879,6522774.445642054,True,False,False
7169,58,101,4714,1996468.1211237134,6514974.249780998,False,False,False
7170,58,102,4715,1995630.8590517594,6507181.179058801,True,True,False
7171,58,103,4716,1994795.5647236067,6499395.214764501,False,False,False
7172,58,104,4717,1993962.2315240123,6491616.338246155,False,False,False
7173,58,105,4718,1993130.8528677304,6483844.5309106,True,False,False
7174,58,106,4719,1992301.422199343,6476079.774223192,False,True,False
7175,58,107,4720,1991473.9329930958,6468322.049707538,False,False,False
7176,58,108,4721,1990648.3787527282,6460571.338945254,False,False,False
7177,58,109,4722,1989824.7530113126,6452827.623575695,False,False,False
7178,58,110,4723,1989097.5908625328,6446537.138782835,False,False,False
7202,59,10,4724,2090309.5671742177,7252534.880045318,False,False,False
7203,59,11,4725,2089322.8563151222,7246944.957896243,False,False,False
7204,59,12,4726,2088268.104469024,7238430.105654374,False,False,True
7205,59,13,4727,2087216.0860341357,7229924.306954329,True,False,False
7206,59,14,4728,2086166.7907541904,7221427.53664459,False,False,False
7207,59,15,4729,2085120.208424428,7212939.769662149,False,False,False
7208,59,16,4730,2084076.328891276,7204460.981032111,True,True,False
7209,59,17,4731,2083035.1420520286,7195991.145867245,True,True,False
7210,59,18,4732,2081996.6378545354,7187530.2393676,True,True,False
7211,59,19,4733,2080960.8062968855,7179078.236820059,True,True,False
7212,59,20,4734,2079927.6374270981,7170635.113597962,True,False,False
7213,59,21,4735,2078897.1213428122,7162200.845160671,True,False,False
7214,59,22,4736,2077869.2481909818,7153775.407053168,True,True,False
7215,59,23,4737,2076844.008167572,7145358.774905659,True,True,False
7216,59,24,4738,2075821.3915172569,7136950.924433172,True,True,False
7217,59,25,4739,2074801.3885331198,7128551.831435137,True,False,False
7218,59,26,4740,2073783.9895563542,7120161.471795024,True,False,False
7219,59,27,4741,2072769.1849759736,7111779.821479912,True,False,False
7220,59,28,4742,2071756.965228513,7103406.856540114,True,True,False
7221,59,29,4743,2070747.3207977407,7095042.553108791,True,True,False
7222,59,30,4744,2069740.2422143691,7086686.887401545,True,True,False
7223,59,31,4745,2068735.7200557685,7078339.835716046,True,False,False
7224,59,32,4746,2067733.744945683,7070001.374431652,True,False,False
7225,59,33,4747,2066734.3075539442,7061671.48000901,True,False,True
7226,59,34,4748,2065737.3985961962,7053350.128989688,True,False,False
7227,59,35,4749,2064743.0088336149,7045037.297995794,True,False,False
7228,59,36,4750,2063751.1290726291,7036732.963729603,True,False,False
7229,59,37,4751,2062761.7501646515,7028437.102973179,True,False,False
7230,59,38,4752,2061774.8630058002,7020149.692588002,True,True,False
7231,59,39,4753,2060790.458536633,7011870.709514602,False,False,False
7232,59,40,4754,2059808.5277418776,7003600.13077219,False,False,False
7233,59,41,4755,2058829.061650163,6995337.933458302,True,False,False
7234,59,42,4756,2057852.0513337576,6987084.094748414,True,False,True
7235,59,43,4757,2056877.487908306,6978838.591895595,True,True,False
7236,59,44,4758,2055905.3625325665,6970601.402230152,True,True,False
7237,59,45,4759,2054935.6664081537,6962372.503159262,True,True,False
7238,59,46,4760,2053968.3907792808,6954151.872166622,False,False,False
7239,59,47,4761,2053003.526932504,6945939.48681209,False,False,False
7240,59,48,4762,2052041.0661964717,6937735.324731336,False,False,False
7241,59,49,4763,2051080.9999416668,6929539.3636355065,False,True,False
7242,59,50,4764,2050123.3195801647,6921351.581310844,True,True,False
7243,59,51,4765,2049168.016565379,6913171.955618374,True,False,False
7244,59,52,4766,2048215.082391818,6905000.4644935485,False,False,False
7245,59,53,4767,2047264.5085948394,6896837.085945899,False,False,False
7246,59,54,4768,2046316.2867504084,6888681.798058692,False,False,False
7247,59,55,4769,2045370.4084748554,6880534.578988625,False,False,False
7248,59,56,4770,2044426.8654246384,6872395.406965433,False,False,False
7249,59,57,4771,2043485.6492961026,6864264.260291608,False,False,False
7250,59,58,4772,2042546.751825246,6856141.117342036,False,False,False
7251,59,59,4773,2041610.1647874862,6848025.956563667,False,True,False
7252,59,60,4774,2040675.8799974264,6839918.756475203,False,True,False
7253,59,61,4775,2039743.889308623,6831819.495666755,True,False,False
7254,59,62,4776,2038814.1846133587,6823728.152799521,True,False,False
7255,59,63,4777,2037886.7578424145,6815644.706605464,True,False,False
7256,59,64,4778,2036961.6009648417,6807569.135886991,True,False,False
7257,59,65,4779,2036038.705987738,6799501.419516633,False,False,False
7258,59,66,4780,2035118.0649560257,6791441.536436711,False,False,False
7259,59,67,4781,2034199.669952228,6783389.46565906,False,False,False
7260,59,68,4782,2033283.5130962525,6775345.1862646565,False,False,False
7261,59,69,4783,2032369.5865451673,6767308.677403351,False,False,False
7262,59,70,4784,2031457.8824929907,6759279.918293537,False,False,False
7263,59,71,4785,2030548.3931704713,6751258.888221844,True,True,False
7264,59,72,4786,2029641.110844875,6743245.566542827,False,False,False
7265,59,73,4787,2028736.0278197739,6735239.932678668,False,False,False
7266,59,74,4788,2027833.1364348342,6727241.96611886,False,False,False
7267,59,75,4789,2026932.429065607,6719251.646419908,False,False,False
7268,59,76,4790,2026033.8981233211,6711268.953205033,False,False,False
7269,59,77,4791,2025137.5360546748,6703293.866163857,False,False,False
7270,59,78,4792,2024243.3353416328,6695326.365052121,False,False,False
7271,59,79,4793,2023351.2885012212,6687366.429691381,False,False,False
7272,59,80,4794,2022461.388085325,6679414.039968707,True,False,False
7273,59,81,4795,2021573.6266804892,6671469.175836399,True,True,False
7274,59,82,4796,2020687.9969077148,6663531.817311692,True,False,False
7275,59,83,4797,2019804.4914222672,6655601.944476457,True,True,False
7276,59,84,4798,2018923.1029134744,6647679.537476921,True,True,False
7277,59,85,4799,2018043.824104532,6639764.576523384,False,False,False
7278,59,86,4800,2017166.6477523108,6631857.041889914,False,False,False
7279,59,87,4801,2016291.5666471645,6623956.913914086,True,True,False
7280,59,88,4802,2015418.5736127363,6616064.172996673,True,False,False
7281,59,89,4803,2014547.6615057685,6608178.799601389,False,False,False
7282,59,90,4804,2013678.823215917,6600300.774254601,False,False,False
7283,59,91,4805,2012812.0516655596,6592430.077545039,True,False,False
7284,59,92,4806,2011947.339809612,6584566.690123533,True,False,False
7285,59,93,4807,2011084.680635343,6576710.592702728,True,False,False
7286,59,94,4808,2010224.0671621903,6568861.766056824,False,False,False
7287,59,95,4809,2009365.4924415764,6561020.191021278,True,True,False
7288,59,96,4810,2008508.949556731,6553185.848492562,True,True,False
7289,59,97,4811,2007654.4316225057,6545358.71942787,False,True,False
7290,59,98,4812,2006801.9317852012,6537538.784844861,False,True,False
7291,59,99,4813,2005951.4432223854,6529726.025821401,True,True,False
7292,59,100,4814,2005102.9591427173,6521920.423495258,True,False,False
7293,59,101,4815,2004256.4727857744,6514121.959063897,False,False,False
7294,59,102,4816,2003411.9774218765,6506330.613784167,True,True,False
7295,59,103,4817,2002569.466351913,6498546.368972064,False,False,False
7296,59,104,4818,2001728.9329071715,6490769.2060024645,True,False,False
7297,59,105,4819,2000890.3704491674,6482999.106308864,True,False,False
7298,59,106,4820,2000053.7723694737,6475236.051383133,False,True,False
7299,59,107,4821,1999219.1320895546,6467480.02277524,False,True,False
7300,59,108,4822,1998386.4430605958,6459731.00209301,False,False,False
7301,59,109,4823,1997555.6987633412,6451988.971001876,False,False,False
7302,59,110,4824,1996840.4631750016,6445919.986445757,False,False,False
7326,60,10,4825,2098812.2603636407,7252040.958810897,False,False,False
7327,60,11,4826,2097835.3650138304,7245900.215478172,False,False,False
7328,60,12,4827,2096771.6465988455,7237387.777048236,False,False,True
7329,60,13,4828,2095710.6840372754,7228884.382942464,True,False,True
7330,60,14,4829,2094652.466992828,7220390.0080554485,True,False,False
7331,60,15,4830,2093596.9851810967,7211904.627370007,False,False,False
7332,60,16,4831,2092544.228369234,7203428.215956766,False,False,False
7333,60,17,4832,2091494.1863756315,7194960.748973762,True,True,True
7334,60,18,4833,2090446.8490696072,7186502.201666002,True,True,True
7335,60,19,4834,2089402.206371085,7178052.549365075,True,True,False
7336,60,20,4835,2088360.2482502828,7169611.767488722,True,True,False
7337,60,21,4836,2087320.9647274036,7161179.83154045,True,True,False
7338,60,22,4837,2086284.3458723263,7152756.717109116,True,True,False
7339,60,23,4838,2085250.3818042995,7144342.399868514,False,True,False
7340,60,24,4839,2084219.0626916375,7135936.855577001,False,True,False
7341,60,25,4840,2083190.3787514193,7127540.06007708,False,True,False
7342,60,26,4841,2082164.3202491899,7119151.989295,True,True,False
7343,60,27,4842,2081140.8774986602,7110772.6192403855,True,True,False
7344,60,28,4843,2080120.0408614157,7102401.926005819,True,True,False
7345,60,29,4844,2079101.8007466216,7094039.8857664745,True,False,False
7346,60,30,4845,2078086.147610732,7085686.474779717,True,False,False
7347,60,31,4846,2077073.071957202,7077341.66938471,True,False,False
7348,60,32,4847,2076062.5643362012,7069005.446002061,True,False,True
7349,60,33,4848,2075054.6153443295,7060677.781133418,False,False,True
7350,60,34,4849,2074049.2156243331,7052358.651361089,True,False,False
7351,60,35,4850,2073046.3558648273,7044048.033347685,False,True,False
7352,60,36,4851,2072046.0268000138,7035745.903835732,False,True,False
7353,60,37,4852,2071048.2192094103,7027452.239647303,False,True,False
7354,60,38,4853,2070052.9239175704,7019167.017683639,True,True,False
7355,60,39,4854,2069060.131793815,7010890.214924803,True,True,False
7356,60,40,4855,2068069.8337519607,7002621.808429289,False,False,False
7357,60,41,4856,2067082.0207500523,6994361.775333675,False,False,False
7358,60,42,4857,2066096.683790095,6986110.092852256,True,True,True
7359,60,43,4858,2065113.813917791,6977866.738276674,True,True,False
7360,60,44,4859,2064133.402222276,6969631.688975592,True,True,False
7361,60,45,4860,2063155.4398358602,6961404.922394291,False,False,False
7362,60,46,4861,2062179.9179337665,6953186.416054357,False,False,False
7363,60,47,4862,2061206.8277338773,6944976.147553311,False,False,False
7364,60,48,4863,2060236.160496475,6936774.094564258,False,False,False
7365,60,49,4864,2059267.907523993,6928580.234835544,False,False,False
7366,60,50,4865,2058302.0601607598,6920394.546190411,False,True,False
7367,60,51,4866,2057338.6097927543,6912217.006526642,True,True,False
7368,60,52,4867,2056377.5478473522,6904047.593816234,False,True,False
7369,60,53,4868,2055418.865793084,6895886.28610505,False,False,False
7370,60,54,4869,2054462.5551393894,6887733.061512477,False,False,False
7371,60,55,4870,2053508.6074363734,6879587.898231087,False,False,False
7372,60,56,4871,2052557.014274567,6871450.774526331,False,False,False
7373,60,57,4872,2051607.7672846855,6863321.668736147,False,False,False
7374,60,58,4873,2050660.8581373943,6855200.559270694,False,False,False
7375,60,59,4874,2049716.2785430711,6847087.424611977,False,True,False
7376,60,60,4875,2048774.0202515698,6838982.243313543,False,True,False
7377,60,61,4876,2047834.0750519899,6830884.994000143,True,False,False
7378,60,62,4877,2046896.434772448,6822795.655367411,True,False,False
7379,60,63,4878,2045961.091279842,6814714.206181545,False,False,False
7380,60,64,4879,2045028.036479629,6806640.625278981,True,False,False
7381,60,65,4880,2044097.262315598,6798574.891566086,False,False,False
7382,60,66,4881,2043168.7607696427,6790516.984018813,False,False,False
7383,60,67,4882,2042242.5238615398,6782466.881682422,False,False,False
7384,60,68,4883,2041318.5436487305,6774424.5636711465,False,False,False
7385,60,69,4884,2040396.8122260969,6766390.009167871,False,False,False
7386,60,70,4885,2039477.3217257436,6758363.197423847,False,False,False
7387,60,71,4886,2038560.064316784,6750344.10775836,True,True,False
7388,60,72,4887,2037645.0322051218,6742332.71955844,True,False,False
7389,60,73,4888,2036732.2176332383,6734329.012278543,False,False,False
7390,60,74,4889,2035821.6128799813,6726332.9654402565,False,False,False
7391,60,75,4890,2034913.2102603517,6718344.558631997,False,False,False
7392,60,76,4891,2034007.002125296,6710363.771508697,False,False,False
7393,60,77,4892,2033102.9808614978,6702390.583791525,False,False,False
7394,60,78,4893,2032201.1388911707,6694424.975267572,False,False,False
7395,60,79,4894,2031301.468671854,6686466.925789566,False,False,False
7396,60,80,4895,2030403.9626962084,6678516.415275564,True,False,False
7397,60,81,4896,2029508.613491814,6670573.423708692,True,True,False
7398,60,82,4897,2028615.4136209686,6662637.93113681,False,False,False
7399,60,83,4898,2027724.3556804906,6654709.917672253,False,False,False
7400,60,84,4899,2026835.4323015178,6646789.363491535,True,True,False
7401,60,85,4900,2025948.6361493117,6638876.248835053,True,True,False
7402,60,86,4901,2025063.9599230627,6630970.554006825,True,True,False
7403,60,87,4902,2024181.3963556958,6623072.259374184,True,True,False
7404,60,88,4903,2023300.938213677,6615181.345367501,True,True,False
7405,60,89,4904,2022422.578296822,6607297.792479915,False,False,False
7406,60,90,4905,2021546.3094381078,6599421.581267049,True,False,False
7407,60,91,4906,2020672.1245034805,6591552.692346719,True,False,False
7408,60,92,4907,2019800.0163916717,6583691.106398681,False,False,False
7409,60,93,4908,2018929.978034008,6575836.804164345,False,False,False
7410,60,94,4909,2018062.0023942299,6567989.766446492,False,False,False
7411,60,95,4910,2017196.0824683043,6560149.974109026,True,True,False
7412,60,96,4911,2016332.211284246,6552317.408076683,True,False,False
7413,60,97,4912,2015470.3819019322,6544492.04933477,True,True,False
7414,60,98,4913,2014610.5874129247,6536673.8789289,False,False,False
7415,60,99,4914,2013752.820940292,6528862.877964719,True,True,False
7416,60,100,4915,2012897.0756384297,6521059.0276076505,True,True,False
7417,60,101,4916,2012043.3446928833,6513262.309082618,True,False,False
7418,60,102,4917,2011191.6213201764,6505472.703673812,True,True,False
7419,60,103,4918,2010341.898767634,6497690.192724389,True,False,False
7420,60,104,4919,2009494.1703132088,6489914.75763625,True,False,False
7421,60,105,4920,2008648.429265312,6482146.3798697535,False,False,False
7422,60,106,4921,2007804.6689626412,6474385.040943481,False,False,False
7423,60,107,4922,2006962.8827740103,6466630.722433967,False,True,False
7424,60,108,4923,2006123.0640981828,6458883.405975458,False,True,False
7425,60,109,4924,2005285.2063637038,6451143.073259647,False,False,False
7426,60,110,4925,2004581.0198686218,6445295.625403154,True,False,False
7450,61,10,4926,2107351.857901356,7251535.793389517,False,False,False
7451,61,11,4927,2106345.783594742,7244846.59660825,False,False,False
7452,61,12,4928,2105273.1067990586,7236336.591696656,False,False,True
7453,61,13,4929,2104203.2082578456,7227835.621819982,False,False,True
7454,61,14,4930,2103136.077555043,7219343.661919253,True,False,False
7455,61,15,4931,2102071.7043268536,7210860.687023441,False,False,True
7456,61,16,4932,2101010.078261407,7202386.672249046,False,False,True
7457,61,17,4933,2099951.189098446,7193921.592799676,False,False,True
7458,61,18,4934,2098895.026629004,7185465.423965637,False,True,True
7459,61,19,4935,2097841.5806950866,7177018.141123534,True,False,True
7460,61,20,4936,2096790.841189359,7168579.719735856,False,False,True
7461,61,21,4937,2095742.7980548302,7160150.135350566,False,False,True
7462,61,22,4938,2094697.4412845457,7151729.3636007,True,False,False
7463,61,23,4939,2093654.7609212785,7143317.380203983,True,False,True
7464,61,24,4940,2092614.7470572218,7134914.160962406,True,False,True
7465,61,25,4941,2091577.3898336885,7126519.681761846,True,True,False
7466,61,26,4942,2090542.6794408057,7118133.918571669,True,True,True
7467,61,27,4943,2089510.6061172197,7109756.847444338,False,False,True
7468,61,28,4944,2088481.1601497964,7101388.4445150215,True,False,True
7469,61,29,4945,2087454.3318733263,7093028.6860012105,False,False,True
7470,61,30,4946,2086430.1116702352,7084677.54820233,False,False,True
7471,61,31,4947,2085408.4899702899,7076335.007499355,True,True,True
7472,61,32,4948,2084389.4572503108,7068001.040354442,True,True,True
7473,61,33,4949,2083373.004033886,7059675.6233105315,True,True,False
7474,61,34,4950,2082359.120891089,7051358.732990983,True,True,False
7475,61,35,4951,2081347.798438193,7043050.346099197,True,True,False
7476,61,36,4952,2080339.0273373928,7034750.439418248,True,False,False
7477,61,37,4953,2079332.7982965254,7026458.989810514,False,False,False
7478,61,38,4954,2078329.1020687968,7018175.974217299,False,False,False
7479,61,39,4955,2077327.9294525043,7009901.369658465,True,True,False
7480,61,40,4956,2076329.2712907672,7001635.15323209,True,True,False
7481,61,41,4957,2075333.1184712546,6993377.302114089,True,True,False
7482,61,42,4958,2074339.4619259175,6985127.793557853,True,True,True
7483,61,43,4959,2073348.2926307253,6976886.604893888,True,True,False
7484,61,44,4960,2072359.6016053967,6968653.713529476,False,False,False
7485,61,45,4961,2071373.3799131415,6960429.096948307,False,False,False
7486,61,46,4962,2070389.6186603967,6952212.7327101305,False,False,False
7487,61,47,4963,2069408.3089965703,6944004.598450398,False,False,False
7488,61,48,4964,2068429.4421137823,6935804.671879926,False,False,False
7489,61,49,4965,2067453.0092466124,6927612.930784546,False,False,False
7490,61,50,4966,2066479.0016718435,6919429.353024761,False,False,False
7491,61,51,4967,2065507.4107082118,6911253.916535393,True,False,False
7492,61,52,4968,2064538.227716158,6903086.599325252,False,True,False
7493,61,53,4969,2063571.444097577,6894927.379476798,False,True,False
7494,61,54,4970,2062607.0512955752,6886776.235145799,False,True,False
7495,61,55,4971,2061645.0407942233,6878633.144560991,False,False,False
7496,61,56,4972,2060685.4041183146,6870498.0860237675,False,False,False
7497,61,57,4973,2059728.1328331234,6862371.037907813,False,False,False
7498,61,58,4974,2058773.2185441675,6854251.978658801,False,False,False
7499,61,59,4975,2057820.6528969686,6846140.886794057,False,True,False
7500,61,60,4976,2056870.4275768185,6838037.740902225,False,False,False
7501,61,61,4977,2055922.534308542,6829942.519642957,True,False,False
7502,61,62,4978,2054976.9648562667,6821855.201746579,False,False,False
7503,61,63,4979,2054033.7110231929,6813775.766013784,False,False,False
7504,61,64,4980,2053092.7646513612,6805704.191315287,True,False,False
7505,61,65,4981,2052154.117621426,6797640.456591529,False,False,False
7506,61,66,4982,2051217.7618524316,6789584.540852357,False,False,False
7507,61,67,4983,2050283.6893015844,6781536.423176722,False,False,False
7508,61,68,4984,2049351.8919640314,6773496.082712327,False,False,False
7509,61,69,4985,2048422.3618726395,6765463.49867536,False,False,False
7510,61,70,4986,2047495.0910977751,6757438.650350167,False,False,False
7511,61,71,4987,2046570.071747083,6749421.517088937,False,True,False
7512,61,72,4988,2045647.2959652757,6741412.078311411,True,False,False
7513,61,73,4989,2044726.7559339122,6733410.313504568,False,False,False
7514,61,74,4990,2043808.443871187,6725416.202222332,False,False,False
7515,61,75,4991,2042892.3520317173,6717429.72408525,False,False,False
7516,61,76,4992,2041978.4727063319,6709450.858780225,False,False,False
7517,61,77,4993,2041066.798221862,6701479.586060192,False,False,False
7518,61,78,4994,2040157.3209409337,6693515.885743833,False,False,False
7519,61,79,4995,2039250.0332617592,6685559.737715278,False,False,False
7520,61,80,4996,2038344.9276179352,6677611.121923819,True,False,False
7521,61,81,4997,2037441.9964782367,6669670.018383615,False,True,False
7522,61,82,4998,2036541.2323464158,6661736.407173395,False,False,False
7523,61,83,4999,2035642.627760999,6653810.268436179,False,False,False
7524,61,84,5000,2034746.1752950917,6645891.58237899,False,False,False
7525,61,85,5001,2033851.8675561734,6637980.32927257,False,False,False
7526,61,86,5002,2032959.6971859096,6630076.489451094,False,False,False
7527,61,87,5003,2032069.6568599478,6622180.043311872,True,False,False
7528,61,88,5004,2031181.739287729,6614290.971315112,True,True,False
7529,61,89,5005,2030295.9372122923,6606409.253983586,True,False,False
7530,61,90,5006,2029412.2434100846,6598534.871902388,True,False,False
7531,61,91,5007,2028530.6506907707,6590667.805718655,False,False,False
7532,61,92,5008,2027651.151897042,6582808.036141278,False,False,False
7533,61,93,5009,2026773.7399044319,6574955.543940642,False,False,False
7534,61,94,5010,2025898.407621128,6567110.309948346,True,True,False
7535,61,95,5011,2025025.1479877867,6559272.3150569275,True,True,False
7536,61,96,5012,2024153.9539773494,6551441.540219617,False,False,False
7537,61,97,5013,2023284.818594862,6543617.966450038,True,True,False
7538,61,98,5014,2022417.7348772902,6535801.574821966,False,True,False
7539,61,99,5015,2021552.6958933426,6527992.346469051,True,False,False
7540,61,100,5016,2020689.6947432894,6520190.262584561,False,True,False
7541,61,101,5017,2019828.7245587853,6512395.304421106,False,True,False
7542,61,102,5018,2018969.7785026943,6504607.453290403,True,True,False
7543,61,103,5019,2018112.849768913,6496826.690562995,True,False,False
7544,61,104,5020,2017257.9315821957,6489052.997667992,True,False,False
7545,61,105,5021,2016405.0171979847,6481286.35609283,True,False,False
7546,61,106,5022,2015554.0999022343,6473526.747383,False,False,False
7547,61,107,5023,2014705.1730112433,6465774.153141811,False,True,False
7548,61,108,5024,2013858.229871484,6458028.555030114,False,True,False
7549,61,109,5025,2013013.2638594345,6450289.934766077,True,False,False
7550,61,110,5026,2012318.768905834,6444664.1019134745,True,True,False
7574,62,10,5027,2115907.5405867477,7251020.529716247,False,False,False
7575,62,11,5028,2114854.0951142055,7243784.108455237,False,False,False
7576,62,12,5029,2113772.468189244,7235276.556731761,False,False,False
7577,62,13,5030,2112693.6418783623,7226778.0306825945,False,False,True
7578,62,14,5031,2111617.605685995,7218288.50529553,True,False,True
7579,62,15,5032,2110544.349169207,7209807.955646031,False,False,True
7580,62,16,5033,2109473.8619373622,7201336.356896782,False,False,False
7581,62,17,5034,2108406.133651806,7192873.684297305,False,False,False
7582,62,18,5035,2107341.154025539,7184419.913183533,True,True,False
7583,62,19,5036,2106278.912822897,7175975.018977409,True,False,False
7584,62,20,5037,2105219.3998592393,7167538.977186475,False,False,True
7585,62,21,5038,2104162.605000628,7159111.76340348,False,False,True
7586,62,22,5039,2103108.5181635185,7150693.353305974,False,False,True
7587,62,23,5040,2102057.1293144496,7142283.7226559045,False,False,True
7588,62,24,5041,2101008.4284697333,7133882.847299218,False,False,True
7589,62,25,5042,2099962.4056951543,7125490.703165486,True,False,True
7590,62,26,5043,2098919.0511056604,7117107.266267493,False,True,True
7591,62,27,5044,2097878.3548650662,7108732.5127008585,False,True,False
7592,62,28,5045,2096840.3071857519,7100366.418643634,False,False,False
7593,62,29,5046,2095804.8983283662,7092008.960355938,True,False,False
7594,62,30,5047,2094772.1186015336,7083660.114179568,True,False,False
7595,62,31,5048,2093741.9583615616,7075319.856537604,True,True,False
7596,62,32,5049,2092714.408012148,7066988.163934049,True,True,False
7597,62,33,5050,2091689.4580040968,7058665.01295344,False,False,False
7598,62,34,5051,2090667.098835027,7050350.380260479,False,False,False
7599,62,35,5052,2089647.3210490951,7042044.242599662,False,False,False
7600,62,36,5053,2088630.1152367052,7033746.5767949065,True,False,False
7601,62,37,5054,2087615.4720342369,7025457.359749177,True,False,False
7602,62,38,5055,2086603.3821237613,7017176.568444123,True,False,False
7603,62,39,5056,2085593.836232769,7008904.179939722,True,True,False
7604,62,40,5057,2084586.8251338948,7000640.17137391,True,True,False
7605,62,41,5058,2083582.3396446446,6992384.5199622195,True,True,False
7606,62,42,5059,2082580.370627128,6984137.202997422,True,False,True
7607,62,43,5060,2081580.9089877864,6975898.197849177,True,True,True
7608,62,44,5061,2080583.9456771319,6967667.481963673,True,True,True
7609,62,45,5062,2079589.4716894797,6959445.032863274,False,True,False
7610,62,46,5063,2078597.4780626846,6951230.828146168,False,False,False
7611,62,47,5064,2077607.955877885,6943024.845486028,False,False,False
7612,62,48,5065,2076620.8962592392,6934827.0626316555,False,False,False
7613,62,49,5066,2075636.290373673,6926637.457406634,False,False,False
7614,62,50,5067,2074654.1294306219,6918456.007709003,False,False,False
7615,62,51,5068,2073674.4046817797,6910282.691510884,True,False,False
7616,62,52,5069,2072697.1074208447,6902117.4868581835,False,False,False
7617,62,53,5070,2071722.228983275,6893960.371870218,False,False,False
7618,62,54,5071,2070749.7607460332,6885811.324739403,False,True,False
7619,62,55,5072,2069779.6941273492,6877670.323730909,False,True,False
7620,62,56,5073,2068812.020586468,6869537.347182329,False,True,False
7621,62,57,5074,2067846.731623413,6861412.373503355,False,False,False
7622,62,58,5075,2066883.8187787423,6853295.381175438,False,False,False
7623,62,59,5076,2065923.2736333085,6845186.348751478,False,True,False
7624,62,60,5077,2064965.0878080244,6837085.254855484,False,False,False
7625,62,61,5078,2064009.2529636254,6828992.07818226,True,False,False
7626,62,62,5079,2063055.7608004352,6820906.797497075,False,False,False
7627,62,63,5080,2062104.6030581337,6812829.391635367,False,False,False
7628,62,64,5081,2061155.771515526,6804759.839502382,True,False,False
7629,62,65,5082,2060209.2579903135,6796698.120072906,True,False,False
7630,62,66,5083,2059265.0543388661,6788644.212390913,True,False,False
7631,62,67,5084,2058323.1524559958,6780598.095569275,False,False,False
7632,62,68,5085,2057383.5442747325,6772559.748789445,False,False,False
7633,62,69,5086,2056446.221766101,6764529.151301137,False,False,False
7634,62,70,5087,2055511.1769388993,6756506.282422043,False,False,False
7635,62,71,5088,2054578.4018394803,6748491.121537495,False,True,False
7636,62,72,5089,2053647.888551532,6740483.648100196,True,True,False
7637,62,73,5090,2052719.62919586,6732483.841629873,False,False,False
7638,62,74,5091,2051793.6159301754,6724491.6817130195,False,False,False
7639,62,75,5092,2050869.8409488762,6716507.148002581,False,False,False
7640,62,76,5093,2049948.2964828415,6708530.220217642,False,False,False
7641,62,77,5094,2049028.9747992125,6700560.878143148,False,False,False
7642,62,78,5095,2048111.8682011913,6692599.101629594,False,False,False
7643,62,79,5096,2047196.9690278268,6684644.870592765,False,False,False
7644,62,80,5097,2046284.2696538111,6676698.1650133915,True,False,False
7645,62,81,5098,2045373.7624892755,6668758.964936915,True,True,False
7646,62,82,5099,2044465.439979583,6660827.250473156,False,False,False
7647,62,83,5100,2043559.2946051282,6652903.00179605,False,False,False
7648,62,84,5101,2042655.3188811382,6644986.19914336,False,False,False
7649,62,85,5102,2041753.5053574706,6637076.822816381,False,False,False
7650,62,86,5103,2040853.8466184156,6629174.853179672,False,False,False
7651,62,87,5104,2039956.3352824992,6621280.2706607655,True,False,False
7652,62,88,5105,2039060.9640022893,6613393.055749896,True,True,False
7653,62,89,5106,2038167.7254642001,6605513.188999702,True,False,False
7654,62,90,5107,2037276.612388299,6597640.65102498,False,False,False
7655,62,91,5108,2036387.6175281177,6589775.422502385,False,False,False
7656,62,92,5109,2035500.7336704566,6581917.484170177,False,False,False
7657,62,93,5110,2034615.9536352027,6574066.816827919,True,False,False
7658,62,94,5111,2033733.2702751374,6566223.40133624,True,True,False
7659,62,95,5112,2032852.6764757505,6558387.218616538,False,True,False
7660,62,96,5113,2031974.165155058,6550558.249650737,False,True,False
7661,62,97,5114,2031097.7292634146,6542736.475480993,True,True,False
7662,62,98,5115,2030223.3617833336,6534921.877209459,True,True,False
7663,62,99,5116,2029351.0557293042,6527114.43599799,True,False,False
7664,62,100,5117,2028480.804147612,6519314.133067905,False,False,False
7665,62,101,5118,2027612.6001161612,6511520.9496997185,True,True,False
7666,62,102,5119,2026746.4367442934,6503734.867232872,True,True,False
7667,62,103,5120,2025882.3071726153,6495955.867065488,False,False,False
7668,62,104,5121,2025020.2045728206,6488183.930654106,False,False,False
7669,62,105,5122,2024160.122147516,6480419.039513434,True,False,False
7670,62,106,5123,2023302.0531300497,6472661.175216078,True,False,False
7671,62,107,5124,2022445.9907843384,6464910.319392312,True,False,False
7672,62,108,5125,2021591.928404696,6457166.453729806,True,True,False
7673,62,109,5126,2020739.8593156668,6449429.559973384,False,False,False
7674,62,110,5127,2020052.9457864165,6444025.486731698,False,False,False
7698,63,10,5128,2124471.376023199,7250495.6057862155,False,False,False
7699,63,11,5129,2123360.282661159,7242712.758242853,False,False,False
7700,63,12,5130,2122269.71392137,7234207.679340368,False,False,False
7701,63,13,5131,2121181.9681135314,7225711.616680441,False,False,False
7702,63,14,5132,2120097.03466283,7217224.545297984,True,False,False
7703,63,15,5133,2119014.903047452,7208746.440315256,True,False,False
7704,63,16,5134,2117935.5627982547,7200277.276941474,True,False,False
7705,63,17,5135,2116859.0034984373,7191817.030472385,True,False,False
7706,63,18,5136,2115785.214783221,7183365.676289877,True,True,False
7707,63,19,5137,2114714.1863395255,7174923.189861554,True,True,False
7708,63,20,5138,2113645.907905649,7166489.546740334,True,True,False
7709,63,21,5139,2112580.3692709547,7158064.722564071,False,True,False
7710,63,22,5140,2111517.560275554,7149648.693055132,True,True,False
7711,63,23,5141,2110457.470809995,7141241.43402001,True,True,False
7712,63,24,5142,2109400.090814952,7132842.92134893,True,True,False
7713,63,25,5143,2108345.410280918,7124453.131015457,True,True,False
7714,63,26,5144,2107293.419247901,7116072.039076106,True,True,False
7715,63,27,5145,2106244.107805121,7107699.621669954,False,True,False
7716,63,28,5146,2105197.466090706,7099335.85501826,True,True,False
7717,63,29,5147,2104153.484291397,7090980.715424062,True,True,False
7718,63,30,5148,2103112.1526422487,7082634.179271826,False,True,False
7719,63,31,5149,2102073.4614263377,7074296.223027043,True,True,False
7720,63,32,5150,2101037.400974469,7065966.823235868,False,True,False
7721,63,33,5151,2100003.961664885,7057645.956524726,False,False,False
7722,63,34,5152,2098973.1339229797,7049333.599599966,False,False,False
7723,63,35,5153,2097944.908221011,7041029.72924746,False,False,False
7724,63,36,5154,2096919.2750778184,7032734.322332259,False,False,False
7725,63,37,5155,2095896.22505854,7024447.355798219,False,False,False
7726,63,38,5156,2094875.7487743334,7016168.806667626,False,True,False
7727,63,39,5157,2093857.8368820974,7007898.6520408485,True,True,False
7728,63,40,5158,2092842.4800841971,6999636.869095972,True,False,False
7729,63,41,5159,2091829.6691281898,6991383.435088428,True,True,False
7730,63,42,5160,2090819.3948065536,6983138.327350657,True,True,False
7731,63,43,5161,2089811.6479564162,6974901.523291747,False,False,False
7732,63,44,5162,2088806.4194592894,6966673.000397069,True,False,True
7733,63,45,5163,2087803.7002408009,6958452.736227951,True,True,False
7734,63,46,5164,2086803.4812704308,6950240.7084212955,False,True,False
7735,63,47,5165,2085805.7535612506,6942036.894689267,False,False,False
7736,63,48,5166,2084810.5081696622,6933841.272818917,False,False,False
7737,63,49,5167,2083817.7361951377,6925653.820671872,False,False,False
7738,63,50,5168,2082827.4287799655,6917474.5161839565,False,False,False
7739,63,51,5169,2081839.5771089958,6909303.337364891,True,False,False
7740,63,52,5170,2080854.1724093833,6901140.262297915,False,False,False
7741,63,53,5171,2079871.2059503405,6892985.269139485,False,False,False
7742,63,54,5172,2078890.6690428867,6884838.336118929,False,False,False
7743,63,55,5173,2077912.5530396001,6876699.441538108,False,False,False
7744,63,56,5174,2076936.8493343722,6868568.5637710765,False,True,False
7745,63,57,5175,2075963.5493621638,6860445.681263799,False,True,False
7746,63,58,5176,2074992.6445987625,6852330.772533764,False,False,False
7747,63,59,5177,2074024.1265605406,6844223.816169703,False,True,False
7748,63,60,5178,2073057.9868042187,6836124.790831237,True,True,False
7749,63,61,5179,2072094.2169266266,6828033.675248589,True,False,False
7750,63,62,5180,2071132.8085644676,6819950.448222224,False,False,False
7751,63,63,5181,2070173.7533940852,6811875.08862256,False,False,False
7752,63,64,5182,2069217.0431312297,6803807.5753896525,False,False,False
7753,63,65,5183,2068262.6695308292,6795747.887532849,True,False,False
7754,63,66,5184,2067310.6243867583,6787696.004130525,True,False,False
7755,63,67,5185,2066360.8995316112,6779651.904329714,False,False,False
7756,63,68,5186,2065413.4868364776,6771615.567345855,False,False,False
7757,63,69,5187,2064468.3782107155,6763586.972462449,False,False,False
7758,63,70,5188,2063525.56560173,6755566.099030758,False,False,False
7759,63,71,5189,2062585.040994752,6747552.92646951,False,False,False
7760,63,72,5190,2061646.796412616,6739547.434264596,True,True,False
7761,63,73,5191,2060710.8239155472,6731549.601968747,True,True,False
7762,63,74,5192,2059777.11560094,6723559.4092012625,False,False,False
7763,63,75,5193,2058845.663603143,6715576.835647709,False,False,False
7764,63,76,5194,2057916.4600932496,6707601.861059595,False,False,False
7765,63,77,5195,2056989.4972788796,6699634.465254107,False,False,False
7766,63,78,5196,2056064.7674039728,6691674.628113804,False,False,False
7767,63,79,5197,2055142.26274858,6683722.329586324,True,False,False
7768,63,80,5198,2054221.9756286505,6675777.549684097,True,False,False
7769,63,81,5199,2053303.898395831,6667840.268484054,True,True,False
7770,63,82,5200,2052388.0234372574,6659910.466127347,False,False,False
7771,63,83,5201,2051474.3431753512,6651988.122819049,False,False,False
7772,63,84,5202,2050562.8500676197,6644073.218827883,False,False,False
7773,63,85,5203,2049653.5366064524,6636165.734485927,False,False,False
7774,63,86,5204,2048746.3953189214,6628265.650188356,True,False,False
7775,63,87,5205,2047841.4187665868,6620372.946393121,True,False,False
7776,63,88,5206,2046938.5995452956,6612487.603620721,False,True,False
7777,63,89,5207,2046037.930284989,6604609.602453886,True,True,False
7778,63,90,5208,2045139.4036495076,6596738.923537319,True,False,False
7779,63,91,5209,2044243.0123363987,6588875.547577425,False,False,False
7780,63,92,5210,2043348.7490767238,6581019.455342021,False,False,False
7781,63,93,5211,2042456.6066348695,6573170.627660092,True,False,False
7782,63,94,5212,2041566.5778083587,6565329.045421493,False,True,False
7783,63,95,5213,2040678.6554276624,6557494.689576702,False,True,False
7784,63,96,5214,2039792.832356014,6549667.541136548,False,False,False
7785,63,97,5215,2038909.1014892228,6541847.581171933,False,True,False
7786,63,98,5216,2038027.4557554924,6534034.7908135755,True,True,False
7787,63,99,5217,2037147.888115236,6526229.151251772,True,False,False
7788,63,100,5218,2036270.3915608968,6518430.643736084,False,False,False
7789,63,101,5219,2035394.9591167658,6510639.24957513,True,True,False
7790,63,102,5220,2034521.583838805,6502854.950136292,False,True,False
7791,63,103,5221,2033650.2588144687,6495077.726845479,False,True,False
7792,63,104,5222,2032780.9771625262,6487307.561186854,False,True,False
7793,63,105,5223,2031913.7320328876,6479544.434702593,False,False,False
7794,63,106,5224,2031048.5166064303,6471788.328992629,False,False,False
7795,63,107,5225,2030185.324094822,6464039.225714393,True,True,False
7796,63,108,5226,2029324.1477403555,6456297.106582573,True,True,False
7797,63,109,5227,2028464.980815771,6448561.95336885,True,True,False
7798,63,110,5228,2027782.288076935,6443379.895347641,False,False,False
7821,64,9,5229,2137283.5227119755,7253986.969511568,False,False,False
7822,64,10,5230,2133030.771234098,7249952.773361952,False,False,False
7823,64,11,5231,2131864.329357365,7241632.553249575,False,False,False
7824,64,12,5232,2130764.8271800242,7233129.966763794,False,False,False
7825,64,13,5233,2129668.170210472,7224636.387017919,False,False,False
7826,64,14,5234,2128574.347794907,7216151.789094296,False,False,False
7827,64,15,5235,2127483.3493329,7207676.1481623305,True,False,False
7828,64,16,5236,2126395.164277055,7199209.439478086,True,False,False
7829,64,17,5237,2125309.7821326833,7190751.638383865,True,False,False
7830,64,18,5238,2124227.1924574827,7182302.720307825,True,False,False
7831,64,19,5239,2123147.3848612052,7173862.66076355,True,True,False
7832,64,20,5240,2122070.3490053443,7165431.435349656,True,True,False
7833,64,21,5241,2120996.074602809,7157009.019749421,True,True,False
7834,64,22,5242,2119924.551417615,7148595.389730342,True,True,False
7835,64,23,5243,2118855.7692645625,7140190.521143773,True,False,False
7836,64,24,5244,2117789.7180089317,7131794.38992452,False,False,False
7837,64,25,5245,2116726.387566168,7123406.972090457,False,True,False
7838,64,26,5246,2115665.767901579,7115028.243742138,True,True,False
7839,64,27,5247,2114607.8490300253,7106658.181062411,True,False,False
7840,64,28,5248,2113552.621015622,7098296.760316021,True,False,False
7841,64,29,5249,2112500.0739714336,7089943.957849255,False,True,False
7842,64,30,5250,2111450.1980591808,7081599.750089541,True,False,False
7843,64,31,5251,2110402.9834889392,7073264.113545081,True,False,False
7844,64,32,5252,2109358.4205188486,7064937.024804474,False,True,False
7845,64,33,5253,2108316.499454821,7056618.460536333,False,False,False
7846,64,34,5254,2107277.210650249,7048308.397488942,False,False,False
7847,64,35,5255,2106240.544505719,7040006.812489849,False,False,False
7848,64,36,5256,2105206.4914687253,7031713.682445537,False,False,False
7849,64,37,5257,2104175.0420333887,7023428.984341025,False,True,False
7850,64,38,5258,2103146.1867401702,7015152.695239536,True,True,False
7851,64,39,5259,2102119.9161755964,7006884.792282107,True,False,False
7852,64,40,5260,2101096.22097198,6998625.252687258,False,False,False
7853,64,41,5261,2100075.091807144,6990374.053750614,False,False,False
7854,64,42,5262,2099056.5194041478,6982131.172844559,True,True,False
7855,64,43,5263,2098040.4945310173,6973896.587417889,True,True,False
7856,64,44,5264,2097027.0080004737,6965670.274995443,False,False,True
7857,64,45,5265,2096016.0506696678,6957452.21317777,True,False,True
7858,64,46,5266,2095007.6134399115,6949242.379640782,True,True,False
7859,64,47,5267,2094001.6872564158,6941040.752135399,True,False,False
7860,64,48,5268,2092998.263108028,6932847.3084872095,False,False,False
7861,64,49,5269,2091997.3320269734,6924662.026596132,False,False,False
7862,64,50,5270,2090998.8850885928,6916484.884436067,False,False,False
7863,64,51,5271,2090002.913411092,6908315.860054573,True,False,False
7864,64,52,5272,2089009.408155281,6900154.931572521,False,False,False
7865,64,53,5273,2088018.3605243263,6892002.077183757,False,False,False
7866,64,54,5274,2087029.7617634975,6883857.275154783,False,False,False
7867,64,55,5275,2086043.603159916,6875720.503824408,False,False,False
7868,64,56,5276,2085059.8760423125,6867591.741603439,False,False,False
7869,64,57,5277,2084078.5717807775,6859470.966974333,False,True,False
7870,64,58,5278,2083099.681786518,6851358.158490896,False,True,False
7871,64,59,5279,2082123.1975116162,6843253.294777935,True,False,False
7872,64,60,5280,2081149.1104487865,6835156.3545309575,True,True,False
7873,64,61,5281,2080177.412131141,6827067.316515836,True,False,False
7874,64,62,5282,2079208.094131946,6818986.159568493,True,False,False
7875,64,63,5283,2078241.1480643936,6810912.862594592,False,False,False
7876,64,64,5284,2077276.5655813627,6802847.404569222,False,False,False
7877,64,65,5285,2076314.3383751868,6794789.76453657,True,False,False
7878,64,66,5286,2075354.4581774266,6786739.921609618,True,False,False
7879,64,67,5287,2074396.916758638,6778697.854969851,True,False,False
7880,64,68,5288,2073441.705928147,6770663.543866913,True,False,False
7881,64,69,5289,2072488.8175338204,6762636.967618331,True,False,False
7882,64,70,5290,2071538.2434618447,6754618.105609197,True,False,False
7883,64,71,5291,2070589.9756365037,6746606.937291864,True,False,False
7884,64,72,5292,2069644.0060199534,6738603.442185649,False,False,False
7885,64,73,5293,2068700.3266120062,6730607.599876533,True,True,False
7886,64,74,5294,2067758.9294499108,6722619.390016854,False,False,False
7887,64,75,5295,2066819.8066081365,6714638.792325023,False,False,False
7888,64,76,5296,2065882.9501981575,6706665.786585225,False,False,False
7889,64,77,5297,2064948.3523682395,6698700.352647113,False,False,False
7890,64,78,5298,2064016.0053032273,6690742.4704255285,True,False,False
7891,64,79,5299,2063085.9012243345,6682792.119900215,True,False,False
7892,64,80,5300,2062158.032388933,6674849.281115516,False,False,False
7893,64,81,5301,2061232.3910903474,6666913.934180088,True,True,False
7894,64,82,5302,2060308.9696576467,6658986.059266632,False,False,False
7895,64,83,5303,2059387.760455439,6651065.63661159,False,False,False
7896,64,84,5304,2058468.7558836704,6643152.6465148665,True,False,False
7897,64,85,5305,2057551.94837742,6635247.069339552,True,False,False
7898,64,86,5306,2056637.3304067,6627348.885511641,True,False,False
7899,64,87,5307,2055724.8944762584,6619458.07551975,False,False,False
7900,64,88,5308,2054814.6331253771,6611574.619914846,False,False,False
7901,64,89,5309,2053906.538927677,6603698.4993099645,False,True,False
7902,64,90,5310,2053000.6044909244,6595829.69437994,True,True,False
7903,64,91,5311,2052096.822456834,6587968.185861135,False,False,False
7904,64,92,5312,2051195.185500877,6580113.9545511585,False,False,False
7905,64,93,5313,2050295.6863320912,6572266.981308604,True,False,False
7906,64,94,5314,2049398.3176928887,6564427.247052791,False,True,False
7907,64,95,5315,2048503.072358868,6556594.732763473,False,True,False
7908,64,96,5316,2047609.9431386269,6548769.419480591,False,False,False
7909,64,97,5317,2046718.9228735755,6540951.288304007,False,False,False
7910,64,98,5318,2045830.0044377511,6533140.320393234,True,True,False
7911,64,99,5319,2044943.1807376347,6525336.496967177,True,False,False
7912,64,100,5320,2044058.4447119678,6517539.799303876,True,False,False
7913,64,101,5321,2043175.7893315724,6509750.208740247,True,True,False
7914,64,102,5322,2042295.20759917,6501967.706671815,False,False,False
7915,64,103,5323,2041416.6925492012,6494192.274552479,False,False,False
7916,64,104,5324,2040540.2372476512,6486423.893894234,False,True,False
7917,64,105,5325,2039665.8347918706,6478662.546266922,False,True,False
7918,64,106,5326,2038793.4783104013,6470908.213297997,False,True,False
7919,64,107,5327,2037923.1609628014,6463160.87667225,False,True,False
7920,64,108,5328,2037054.8759394735,6455420.518131577,False,True,False
7921,64,109,5329,2036188.6164614907,6447687.119474727,True,True,False
7922,64,110,5330,2035504.5416495374,6442727.532304102,True,True,False
7945,65,9,5331,2143139.975615245,7253613.26624932,False,False,False
7946,65,10,5332,2141477.523760527,7249052.597442937,False,False,False
7947,65,11,5333,2140366.2183576417,7240543.500808482,False,False,False
7948,65,12,5334,2139257.791182645,7232043.426297685,False,False,False
7949,65,13,5335,2138152.231448947,7223552.348953483,False,False,False
7950,65,14,5336,2137049.528424027,7215070.243905973,False,False,False
7951,65,15,5337,2135949.671429097,7206597.086372033,True,False,False
7952,65,16,5338,2134852.6498387693,7198132.851654894,False,False,False
7953,65,17,5339,2133758.4530807273,7189677.515143746,False,False,False
7954,65,18,5340,2132667.070635397,7181231.052313325,True,True,False
7955,65,19,5341,2131578.492035621,7172793.438723521,True,True,False
7956,65,20,5342,2130492.7068663347,7164364.650018972,False,True,False
7957,65,21,5343,2129409.704764249,7155944.661928674,False,True,False
7958,65,22,5344,2128329.4754175283,7147533.450265579,False,True,False
7959,65,23,5345,2127252.0085654743,7139130.9909262145,False,True,False
7960,65,24,5346,2126177.2939982163,7130737.259890282,False,False,False
7961,65,25,5347,2125105.321556396,7122352.233220262,False,True,False
7962,65,26,5348,2124036.08113086,7113975.887061062,False,False,False
7963,65,27,5349,2122969.5626623514,7105608.197639594,False,False,False
7964,65,28,5350,2121905.7561412076,7097249.141264411,False,False,False
7965,65,29,5351,2120844.6516070557,7088898.694325331,False,False,False
7966,65,30,5352,2119786.239148513,7080556.833293052,True,False,False
7967,65,31,5353,2118730.5089028897,7072223.534718785,False,False,False
7968,65,32,5354,2117677.451055891,7063898.775233862,False,True,False
7969,65,33,5355,2116627.0558413262,7055582.531549394,False,True,False
7970,65,34,5356,2115579.3135408154,7047274.780455878,False,False,False
7971,65,35,5357,2114534.214483497,7038975.498822838,False,True,False
7972,65,36,5358,2113491.7490457487,7030684.663598469,False,True,False
7973,65,37,5359,2112451.907650892,7022402.251809256,False,True,False
7974,65,38,5360,2111414.6807689155,7014128.24055963,True,False,False
7975,65,39,5361,2110380.058916192,7005862.607031591,False,False,False
7976,65,40,5362,2109348.0326552,6997605.328484377,False,False,False
7977,65,41,5363,2108318.5925942427,6989356.382254081,False,False,False
7978,65,42,5364,2107291.729387179,6981115.745753315,False,False,False
7979,65,43,5365,2106267.433733143,6972883.396470861,True,True,False
7980,65,44,5366,2105245.6963762795,6964659.311971295,False,False,False
7981,65,45,5367,2104226.508105471,6956443.4698946895,False,False,True
7982,65,46,5368,2103209.8597540697,6948235.847956213,False,True,True
7983,65,47,5369,2102195.7421996337,6940036.423945826,True,True,False
7984,65,48,5370,2101184.1463636635,6931845.175727908,True,False,False
7985,65,49,5371,2100175.0632113377,6923662.08124096,True,False,False
7986,65,50,5372,2099168.483751256,6915487.118497218,False,False,False
7987,65,51,5373,2098164.399035179,6907320.265582357,True,False,False
7988,65,52,5374,2097162.800157774,6899161.500655121,False,False,False
7989,65,53,5375,2096163.678256358,6891010.801947024,False,False,False
7990,65,54,5376,2095167.0245106472,6882868.147762003,False,False,False
7991,65,55,5377,2094172.830142505,6874733.516476082,False,False,False
7992,65,56,5378,2093181.086415694,6866606.8865370555,False,False,False
7993,65,57,5379,2092191.7846356276,6858488.236464161,False,False,False
7994,65,58,5380,2091204.9161491238,6850377.544847765,False,True,False
7995,65,59,5381,2090220.472344163,6842274.79034901,True,True,False
7996,65,60,5382,2089238.4446496458,6834179.951699533,False,True,False
7997,65,61,5383,2088258.824535151,6826093.007701118,False,False,False
7998,65,62,5384,2087281.603510698,6818013.937225399,True,False,False
7999,65,63,5385,2086306.7731265095,6809942.719213526,False,False,False
8000,65,64,5386,2085334.3249727753,6801879.332675874,False,False,False
8001,65,65,5387,2084364.250679421,6793823.756691706,True,False,False
8002,65,66,5388,2083396.5419158714,6785775.970408883,False,False,False
8003,65,67,5389,2082431.1903908246,6777735.953043556,False,False,False
8004,65,68,5390,2081468.1878520215,6769703.683879832,False,False,False
8005,65,69,5391,2080507.5260860152,6761679.1422695145,False,False,False
8006,65,70,5392,2079549.196917951,6753662.307631743,False,False,False
8007,65,71,5393,2078593.1922113388,6745653.159452751,True,False,False
8008,65,72,5394,2077639.5038678295,6737651.67728552,True,False,False
8009,65,73,5395,2076688.123826996,6729657.840749507,True,True,False
8010,65,74,5396,2075739.0440661134,6721671.629530331,True,False,False
8011,65,75,5397,2074792.25659994,6713693.023379493,False,False,False
8012,65,76,5398,2073847.753480502,6705722.002114059,True,False,False
8013,65,77,5399,2072905.5267968767,6697758.545616398,True,False,False
8014,65,78,5400,2071965.5686749811,6689802.633833871,True,False,False
8015,65,79,5401,2071027.8712773577,6681854.246778543,True,False,False
8016,65,80,5402,2070092.4268029646,6673913.364526897,True,False,False
8017,65,81,5403,2069159.2274869683,6665979.967219559,True,True,False
8018,65,82,5404,2068228.265600531,6658054.035060988,True,True,False
8019,65,83,5405,2067299.5334506112,6650135.5483192215,True,False,False
8020,65,84,5406,2066373.0233797512,6642224.48732558,True,False,False
8021,65,85,5407,2065448.7277658803,6634320.832474373,False,False,False
8022,65,86,5408,2064526.6390221082,6626424.564222648,True,False,False
8023,65,87,5409,2063606.7495965257,6618535.6630898975,False,False,False
8024,65,88,5410,2062689.0519720062,6610654.109657781,False,False,False
8025,65,89,5411,2061773.538666006,6602779.884569855,False,False,False
8026,65,90,5412,2060860.2022303687,6594912.968531301,True,True,False
8027,65,91,5413,2059949.0352511301,6587053.342308654,True,False,False
8028,65,92,5414,2059040.0303483221,6579200.986729524,False,False,False
8029,65,93,5415,2058133.1801757836,6571355.882682344,True,False,False
8030,65,94,5416,2057228.477420965,6563518.011116079,False,True,False
8031,65,95,5417,2056325.9148047417,6555687.35303999,False,True,False
8032,65,96,5418,2055425.485081223,6547863.889523345,False,True,False
8033,65,97,5419,2054527.1810375648,6540047.6016951585,False,False,False
8034,65,98,5420,2053630.9954937843,6532238.470743938,True,True,False
8035,65,99,5421,2052736.9213025742,6524436.477917433,True,True,False
8036,65,100,5422,2051844.9513491197,6516641.60452234,True,False,False
8037,65,101,5423,2050955.0785509136,6508853.831924092,False,True,False
8038,65,102,5424,2050067.2958575785,6501073.141546558,False,True,False
8039,65,103,5425,2049181.596250684,6493299.514871821,False,True,False
8040,65,104,5426,2048297.9727435687,6485532.933439906,False,True,False
8041,65,105,5427,2047416.4183811639,6477773.378848532,False,False,False
8042,65,106,5428,2046536.9262398123,6470020.832752867,False,True,False
8043,65,107,5429,2045659.4894270992,6462275.276865264,False,True,False
8044,65,108,5430,2044784.1010816733,6454536.692955025,False,False,False
8045,65,109,5431,2043910.7543730764,6446805.062848147,False,True,False
8046,65,110,5432,2043215.2340437458,6442068.801288086,False,True,False
8069,66,9,5433,2151095.1168851606,7253098.770167987,False,False,False
8070,66,10,5434,2149986.1770180454,7247952.163753775,False,False,False
8071,66,11,5435,2148865.932850092,7239445.608307047,False,False,False
8072,66,12,5436,2147748.589179746,7230948.065291841,False,False,False
8073,66,13,5437,2146634.1351415934,7222459.509799481,False,False,False
8074,66,14,5438,2145522.559924656,7213979.917008146,False,False,False
8075,66,15,5439,2144413.852772054,7205509.262182515,True,False,False
8076,66,16,5440,2143308.002980668,7197047.520673302,True,False,False
8077,66,17,5441,2142204.9999008123,7188594.667916902,True,True,False
8078,66,18,5442,2141104.8329359,7180150.679434959,True,True,False
8079,66,19,5443,2140007.491542118,7171715.530833976,False,False,False
8080,66,20,5444,2138912.965228101,7163289.197804927,False,False,False
8081,66,21,5445,2137821.243554608,7154871.656122853,False,False,False
8082,66,22,5446,2136732.3161342056,7146462.881646468,False,False,False
8083,66,23,5447,2135646.1726309448,7138062.85031777,False,True,False
8084,66,24,5448,2134562.802760051,7129671.538161669,False,True,False
8085,66,25,5449,2133482.196287605,7121288.9212855715,False,True,False
8086,66,26,5450,2132404.3430302353,7112914.975879025,False,False,False
8087,66,27,5451,2131329.23285481,7104549.678213321,False,False,False
8088,66,28,5452,2130256.8556781276,7096193.004641118,False,False,False
8089,66,29,5453,2129187.2014666144,7087844.931596061,True,False,False
8090,66,30,5454,2128120.2602360216,7079505.43559243,True,False,False
8091,66,31,5455,2127056.0220511253,7071174.493224718,False,False,False
8092,66,32,5456,2125994.4770254316,7062852.081167309,False,False,False
8093,66,33,5457,2124935.615320876,7054538.176174083,False,True,False
8094,66,34,5458,2123879.4271475337,7046232.755078057,False,True,False
8095,66,35,5459,2122825.902763327,7037935.794791017,False,True,False
8096,66,36,5460,2121775.032473737,7029647.272303154,False,False,False
8097,66,37,5461,2120726.806631514,7021367.164682707,True,False,False
8098,66,38,5462,2119681.2156363963,7013095.4490756,True,False,False
8099,66,39,5463,2118638.249934823,7004832.102705083,False,False,False
8100,66,40,5464,2117597.9000196555,6996577.102871395,False,False,False
8101,66,41,5465,2116560.156429899,6988330.426951369,False,False,False
8102,66,42,5466,2115525.009750424,6980092.052398131,False,False,False
8103,66,43,5467,2114492.4506116915,6971861.95674072,True,True,False
8104,66,44,5468,2113462.46968948,6963640.117583744,False,True,False
8105,66,45,5469,2112435.0577046163,6955426.51260704,False,False,False
8106,66,46,5470,2111410.2054227027,6947221.119565333,False,False,True
8107,66,47,5471,2110387.903653854,6939023.916287876,False,True,True
8108,66,48,5472,2109368.1432524277,6930834.880678135,True,True,True
8109,66,49,5473,2108350.915116765,6922653.990713438,True,True,False
8110,66,50,5474,2107336.210188926,6914481.224444632,True,False,False
8111,66,51,5475,2106324.0194544313,6906316.559995764,True,False,False
8112,66,52,5476,2105314.3339420035,6898159.975563736,False,False,False
8113,66,53,5477,2104307.1447233125,6890011.4494179785,False,False,False
8114,66,54,5478,2103302.442912719,6881870.959900125,False,False,False
8115,66,55,5479,2102300.2196670254,6873738.48542367,False,False,False
8116,66,56,5480,2101300.4661852205,6865614.0044736685,False,False,False
8117,66,57,5481,2100303.173708235,6857497.495606387,False,False,False
8118,66,58,5482,2099308.333518692,6849388.937448998,True,False,False
8119,66,59,5483,2098315.9369406626,6841288.3086992465,True,True,False
8120,66,60,5484,2097325.97533942,6833195.588125147,False,True,False
8121,66,61,5485,2096338.4401212023,6825110.7545646485,False,True,False
8122,66,62,5486,2095353.3227329664,6817033.786925344,True,True,False
8123,66,63,5487,2094370.614662153,6808964.66418412,True,False,False
8124,66,64,5488,2093390.3074364497,6800903.365386885,False,False,False
8125,66,65,5489,2092412.3926235535,6792849.869648229,True,False,False
8126,66,66,5490,2091436.8618309398,6784804.156151125,True,False,False
8127,66,67,5491,2090463.7067056282,6776766.204146638,False,False,False
8128,66,68,5492,2089492.918933953,6768735.992953591,False,False,False
8129,66,69,5493,2088524.4902413352,6760713.501958276,False,False,False
8130,66,70,5494,2087558.4123920535,6752698.710614155,False,False,False
8131,66,71,5495,2086594.6771890204,6744691.598441555,False,False,False
8132,66,72,5496,2085633.2764735566,6736692.145027373,False,False,False
8133,66,73,5497,2084674.2021251698,6728700.330024769,True,True,False
8134,66,74,5498,2083717.4460613336,6720716.133152879,True,False,False
8135,66,75,5499,2082763.0002372668,6712739.53419652,True,False,False
8136,66,76,5500,2081810.856645717,6704770.513005892,True,False,False
8137,66,77,5501,2080861.007316742,6696809.049496295,False,False,False
8138,66,78,5502,2079913.4443174994,6688855.123647832,False,False,False
8139,66,79,5503,2078968.159752026,6680908.715505132,False,False,False
8140,66,80,5504,2078025.145761033,6672969.805177049,False,False,False
8141,66,81,5505,2077084.394521691,6665038.372836379,True,False,False
8142,66,82,5506,2076145.8982474217,6657114.39871959,False,True,False
8143,66,83,5507,2075209.6491876915,6649197.863126528,True,True,False
8144,66,84,5508,2074275.6396278047,6641288.746420142,True,True,False
8145,66,85,5509,2073343.8618886976,6633387.029026196,True,True,False
8146,66,86,5510,2072414.3083267363,6625492.691433008,True,True,False
8147,66,87,5511,2071486.9713335137,6617605.7141911555,False,False,False
8148,66,88,5512,2070561.84333565,6609726.077913215,False,False,False
8149,66,89,5513,2069638.9167945918,6601853.763273477,False,False,False
8150,66,90,5514,2068718.184206416,6593988.751007692,False,True,False
8151,66,91,5515,2067799.6381016308,6586131.021912772,True,True,False
8152,66,92,5516,2066883.2710449842,6578280.556846555,True,False,False
8153,66,93,5517,2065969.0756352649,6570437.336727503,True,False,False
8154,66,94,5518,2065057.0445051133,6562601.342534466,False,True,False
8155,66,95,5519,2064147.17032083,6554772.555306403,False,False,False
8156,66,96,5520,2063239.4457821846,6546950.956142111,False,True,False
8157,66,97,5521,2062333.863622226,6539136.526199982,False,False,False
8158,66,98,5522,2061430.416607098,6531329.246697726,False,True,False
8159,66,99,5523,2060529.0975358502,6523529.098912116,True,True,False
8160,66,100,5524,2059629.8992402542,6515736.06417874,True,True,False
8161,66,101,5525,2058732.8145846194,6507950.123891727,True,True,False
8162,66,102,5526,2057837.8364656114,6500171.259503506,False,True,False
8163,66,103,5527,2056944.9578120685,6492399.45252454,False,True,False
8164,66,104,5528,2056054.1715848255,6484634.684523089,False,True,False
8165,66,105,5529,2055165.4707765304,6476876.9371249415,False,True,False
8166,66,106,5530,2054278.84841147,6469126.19201318,False,True,False
8167,66,107,5531,2053394.2975453907,6461382.430927912,False,True,False
8168,66,108,5532,2052511.8112653268,6453645.635666046,False,True,False
8169,66,109,5533,2051631.3826894222,6445915.78808103,True,True,False
8170,66,110,5534,2050904.0287265293,6441404.632305821,True,True,False
8193,67,9,5535,2159520.364253754,7252545.234595681,False,False,False
8194,67,10,5536,2158492.6303816703,7246842.877892776,False,False,False
8195,67,11,5537,2157363.4560563327,7238338.88318697,False,False,False
8196,67,12,5538,2156237.204455146,7229843.891150022,False,False,False
8197,67,13,5539,2155113.864634142,7221357.876921965,False,False,False
8198,67,14,5540,2153993.425704153,7212880.815729409,False,False,False
8199,67,15,5541,2152875.876830469,7204412.682885125,True,False,False
8200,67,16,5542,2151761.2072325065,7195953.453787656,True,True,False
8201,67,17,5543,2150649.4061834672,7187503.1039209105,False,True,False
8202,67,18,5544,2149540.463010013,7179061.60885375,False,False,False
8203,67,19,5545,2148434.3670919305,7170628.944239625,False,False,False
8204,67,20,5546,2147331.107861809,7162205.085816141,False,False,False
8205,67,21,5547,2146230.674804712,7153790.009404699,False,False,False
8206,67,22,5548,2145133.0574578578,7145383.690910087,False,False,False
8207,67,23,5549,2144038.245410296,7136986.106320091,False,False,False
8208,67,24,5550,2142946.228302596,7128597.231705122,False,False,False
8209,67,25,5551,2141856.9958265233,7120217.043217822,False,True,False
8210,67,26,5552,2140770.537724735,7111845.517092686,False,False,False
8211,67,27,5553,2139686.8437904646,7103482.629645684,False,False,False
8212,67,28,5554,2138605.903867212,7095128.35727387,True,False,False
8213,67,29,5555,2137527.7078484423,7086782.676455038,True,False,False
8214,67,30,5556,2136452.245677278,7078445.56374731,False,False,False
8215,67,31,5557,2135379.507346198,7070116.9957887875,False,False,False
8216,67,32,5558,2134309.4828967396,7061796.949297189,False,True,False
8217,67,33,5559,2133242.1624191995,7053485.401069459,False,True,False
8218,67,34,5560,2132177.536052339,7045182.327981416,False,False,False
8219,67,35,5561,2131115.5939830905,7036887.706987396,False,False,False
8220,67,36,5562,2130056.326446267,7028601.515119886,False,False,False
8221,67,37,5563,2128999.723724273,7020323.729489151,True,False,False
8222,67,38,5564,2127945.7761468193,7012054.327282901,False,False,False
8223,67,39,5565,2126894.474090634,7003793.285765912,False,False,False
8224,67,40,5566,2125845.807979185,6995540.582279694,False,False,False
8225,67,41,5567,2124799.768282395,6987296.194242128,False,False,False
8226,67,42,5568,2123756.3455163646,6979060.099147106,False,False,False
8227,67,43,5569,2122715.5302430973,6970832.27456421,True,False,False
8228,67,44,5570,2121677.31307022,6962612.698138346,False,True,False
8229,67,45,5571,2120641.684650717,6954401.347589398,False,False,False
8230,67,46,5572,2119608.6356826522,6946198.200711911,False,False,False
8231,67,47,5573,2118578.1569089056,6938003.235374712,False,False,False
8232,67,48,5574,2117550.239116903,6929816.429520613,True,False,True
8233,67,49,5575,2116524.873138352,6921637.761166035,True,True,True
8234,67,50,5576,2115502.049848979,6913467.208400708,True,False,False
8235,67,51,5577,2114481.760168269,6905304.749387311,True,False,False
8236,67,52,5578,2113463.9950592034,6897150.362361164,False,False,False
8237,67,53,5579,2112448.745528004,6889004.02562988,False,False,False
8238,67,54,5580,2111436.0026238784,6880865.717573045,False,False,False
8239,67,55,5581,2110425.7574387626,6872735.416641893,False,False,False
8240,67,56,5582,2109418.001107071,6864613.101358979,False,False,False
8241,67,57,5583,2108412.7248054477,6856498.750317865,False,False,False
8242,67,58,5584,2107409.919752513,6848392.342182782,True,False,False
8243,67,59,5585,2106409.5772086214,6840293.855688331,False,True,False
8244,67,60,5586,2105411.6884756126,6832203.269639154,False,False,False
8245,67,61,5587,2104416.244896571,6824120.562909622,False,False,False
8246,67,62,5588,2103423.2378555816,6816045.714443516,False,True,False
8247,67,63,5589,2102432.6587774893,6807978.703253727,True,True,False
8248,67,64,5590,2101444.499127666,6799919.508421931,False,False,False
8249,67,65,5591,2100458.7504117666,6791868.109098299,False,False,False
8250,67,66,5592,2099475.404175497,6783824.484501157,True,False,False
8251,67,67,5593,2098494.4520043824,6775788.613916726,False,False,False
8252,67,68,5594,2097515.8855235325,6767760.476698773,False,False,False
8253,67,69,5595,2096539.6963974135,6759740.05226834,False,False,False
8254,67,70,5596,2095565.876329617,6751727.320113437,False,False,False
8255,67,71,5597,2094594.4170626365,6743722.259788727,False,False,False
8256,67,72,5598,2093625.310377637,6735724.850915248,False,False,False
8257,67,73,5599,2092658.5480942365,6727735.073180105,True,True,False
8258,67,74,5600,2091694.1220702797,6719752.906336184,True,False,False
8259,67,75,5601,2090732.024201618,6711778.330201849,False,False,False
8260,67,76,5602,2089772.246421893,6703811.324660666,False,False,False
8261,67,77,5603,2088814.7807023132,6695851.869661097,False,False,False
8262,67,78,5604,2087859.619051442,6687899.945216219,False,False,False
8263,67,79,5605,2086906.7535149832,6679955.531403444,False,False,False
8264,67,80,5606,2085956.1761755636,6672018.6083642095,True,False,False
8265,67,81,5607,2085007.8791525252,6664089.156303736,True,False,False
8266,67,82,5608,2084061.8546017127,6656167.155490702,False,False,False
8267,67,83,5609,2083118.094715265,6648252.586256995,False,False,False
8268,67,84,5610,2082176.591721408,6640345.428997412,False,False,False
8269,67,85,5611,2081237.337884247,6632445.664169388,True,False,False
8270,67,86,5612,2080300.325503564,6624553.272292732,True,True,False
8271,67,87,5613,2079365.5469146136,6616668.233949327,True,True,False
8272,67,88,5614,2078432.9944879184,6608790.529782881,False,False,False
8273,67,89,5615,2077502.660629074,6600920.140498638,False,False,False
8274,67,90,5616,2076574.5377785447,6593057.04686312,False,False,False
8275,67,91,5617,2075648.6184114676,6585201.229703844,False,True,False
8276,67,92,5618,2074724.8950374557,6577352.669909067,True,True,False
8277,67,93,5619,2073803.3602004033,6569511.348427518,True,True,False
8278,67,94,5620,2072884.0064782924,6561677.2462681215,True,True,False
8279,67,95,5621,2071966.8264829975,6553850.344499747,False,False,False
8280,67,96,5622,2071051.8128600973,6546030.624250942,False,True,False
8281,67,97,5623,2070138.9582886843,6538218.066709659,False,True,False
8282,67,98,5624,2069228.2554811742,6530412.653123027,False,True,False
8283,67,99,5625,2068319.6971831203,6522614.36479706,True,True,False
8284,67,100,5626,2067413.2761730258,6514823.183096418,True,True,False
8285,67,101,5627,2066508.9852621616,6507039.089444142,True,True,False
8286,67,102,5628,2065606.8172943776,6499262.065321416,True,False,False
8287,67,103,5629,2064706.7651459258,6491492.092267296,True,True,False
8288,67,104,5630,2063808.821725276,6483729.151878463,True,True,False
8289,67,105,5631,2062912.979972937,6475973.225808973,True,True,False
8290,67,106,5632,2062019.2328612753,6468224.295770024,True,True,False
8291,67,107,5633,2061127.5733943402,6460482.343529679,True,True,False
8292,67,108,5634,2060237.994607687,6452747.350912638,True,True,False
8293,67,109,5635,2059350.4895682,6445019.2997999955,True,True,False
8317,68,9,5637,2168031.2747165766,7251977.050805669,False,False,False
8318,68,10,5638,2166996.867044479,7245724.747394114,False,False,False
8319,68,11,5639,2165858.7712317216,7237223.3329439815,False,False,False
8320,68,12,5640,2164723.6203261954,7228730.911329763,False,False,False
8321,68,13,5641,2163591.403305649,7220247.457740527,False,False,False
8322,68,14,5642,2162462.1092029903,7211772.947451618,False,False,False
8323,68,15,5643,2161335.7271059514,7203307.355824241,False,False,False
8324,68,16,5644,2160212.2461567437,7194850.658305079,True,True,False
8325,68,17,5645,2159091.6555517227,7186402.830425861,False,False,False
8326,68,18,5646,2157973.944541056,7177963.847803004,False,False,False
8327,68,19,5647,2156859.102428394,7169533.686137199,False,False,False
8328,68,20,5648,2155747.1185705326,7161112.321213006,False,False,False
8329,68,21,5649,2154637.9823770965,7152699.728898493,False,False,False
8330,68,22,5650,2153531.6833102074,7144295.885144824,False,False,False
8331,68,23,5651,2152428.210884168,7135900.765985887,False,False,False
8332,68,24,5652,2151327.554665137,7127514.3475379,False,False,False
8333,68,25,5653,2150229.704270816,7119136.605999041,False,True,False
8334,68,26,5654,2149134.6493701334,7110767.51764905,False,True,False
8335,68,27,5655,2148042.3796829325,7102407.058848874,False,False,False
8336,68,28,5656,2146952.8849796597,7094055.20604028,True,False,False
8337,68,29,5657,2145866.1550810556,7085711.935745478,False,False,False
8338,68,30,5658,2144782.179857855,7077377.224566748,False,False,False
8339,68,31,5659,2143700.949230476,7069051.0491860965,False,True,False
8340,68,32,5660,2142622.4531687223,7060733.386364844,False,True,False
8341,68,33,5661,2141546.681691485,7052424.212943304,False,True,False
8342,68,34,5662,2140473.6248664428,7044123.505840395,False,True,False
8343,68,35,5663,2139403.272809769,7035831.24205328,False,False,False
8344,68,36,5664,2138335.615685838,7027547.398657021,True,False,False
8345,68,37,5665,2137270.643706935,7019271.952804199,True,False,False
8346,68,38,5666,2136208.347132967,7011004.881724593,False,False,False
8347,68,39,5667,2135148.716271177,7002746.162724789,False,False,False
8348,68,40,5668,2134091.7414758587,6994495.773187844,False,False,False
8349,68,41,5669,2133037.4131480744,6986253.69057295,False,False,False
8350,68,42,5670,2131985.7217353745,6978019.892415068,False,False,False
8351,68,43,5671,2130936.6577315195,6969794.356324577,True,False,False
8352,68,44,5672,2129890.2116762046,6961577.059986957,True,True,False
8353,68,45,5673,2128846.3741547815,6953367.981162429,True,True,False
8354,68,46,5674,2127805.1357979905,6945167.097685603,True,False,False
8355,68,47,5675,2126766.4872816876,6936974.387465167,True,False,False
8356,68,48,5676,2125730.419326575,6928789.828483526,True,False,False
8357,68,49,5677,2124696.922697938,6920613.398796478,True,True,True
8358,68,50,5678,2123665.988205375,6912445.07653289,True,True,False
8359,68,51,5679,2122637.6067025396,6904284.839894351,True,True,False
8360,68,52,5680,2121611.769086876,6896132.667154842,True,True,False
8361,68,53,5681,2120588.466299361,6887988.536660423,False,True,False
8362,68,54,5682,2119567.6893242486,6879852.426828896,False,False,False
8363,68,55,5683,2118549.4291888084,6871724.316149489,False,False,False
8364,68,56,5684,2117533.6769630807,6863604.183182516,False,False,False
8365,68,57,5685,2116520.4237596155,6855492.006559079,False,False,False
8366,68,58,5686,2115509.660733229,6847387.764980732,True,False,False
8367,68,59,5687,2114501.3790807514,6839291.43721918,False,True,False
8368,68,60,5688,2113495.5700407824,6831203.00211594,False,False,False
8369,68,61,5689,2112492.224893443,6823122.438582052,False,False,False
8370,68,62,5690,2111491.3349601347,6815049.725597748,False,False,False
8371,68,63,5691,2110492.891603301,6806984.842212147,True,True,False
8372,68,64,5692,2109496.8862261786,6798927.767542959,True,True,False
8373,68,65,5693,2108503.3102725684,6790878.480776154,False,True,False
8374,68,66,5694,2107512.1552265934,6782836.961165676,True,True,False
8375,68,67,5695,2106523.412612466,6774803.188033135,False,True,False
8376,68,68,5696,2105537.0739942533,6766777.140767483,False,False,False
8377,68,69,5697,2104553.130975648,6758758.798824755,False,False,False
8378,68,70,5698,2103571.5751997344,6750748.141727732,False,False,False
8379,68,71,5699,2102592.3983487636,6742745.149065659,False,False,False
8380,68,72,5700,2101615.592143925,6734749.800493948,False,False,False
8381,68,73,5701,2100641.1483451193,6726762.075733889,True,True,False
8382,68,74,5702,2099669.05875074,6718781.954572338,False,False,False
8383,68,75,5703,2098699.315197444,6710809.416861451,False,False,False
8384,68,76,5704,2097731.9095599363,6702844.442518377,False,False,False
8385,68,77,5705,2096766.833750749,6694887.011524967,False,False,False
8386,68,78,5706,2095804.0797200236,6686937.103927509,False,False,False
8387,68,79,5707,2094843.6394552954,6678994.699836411,True,False,False
8388,68,80,5708,2093885.5049812766,6671059.779425949,True,False,False
8389,68,81,5709,2092929.668359647,6663132.322933956,False,False,False
8390,68,82,5710,2091976.1216888388,6655212.310661567,False,False,False
8391,68,83,5711,2091024.8571038276,6647299.72297292,False,False,False
8392,68,84,5712,2090075.8667759243,6639394.540294883,True,False,False
8393,68,85,5713,2089129.1429125655,6631496.743116785,True,False,False
8394,68,86,5714,2088184.6777571093,6623606.311990138,False,False,False
8395,68,87,5715,2087242.4635886303,6615723.2275283495,True,True,False
8396,68,88,5716,2086302.4927217155,6607847.470406476,False,True,False
8397,68,89,5717,2085364.7575062646,6599979.021360926,False,True,False
8398,68,90,5718,2084429.250327285,6592117.861189212,False,False,False
8399,68,91,5719,2083495.9636046994,6584263.970749664,False,False,False
8400,68,92,5720,2082564.8897931413,6576417.330961174,False,False,False
8401,68,93,5721,2081636.0213817628,6568577.922802936,True,True,False
8402,68,94,5722,2080709.3508940379,6560745.7273141695,True,True,False
8403,68,95,5723,2079784.8708875687,6552920.725593859,True,True,False
8404,68,96,5724,2078862.5739538935,6545102.898800498,True,True,False
8405,68,97,5725,2077942.4527182952,6537292.228151832,False,True,False
8406,68,98,5726,2077024.4998396111,6529488.694924594,False,False,False
8407,68,99,5727,2076108.708010045,6521692.280454241,False,False,False
8408,68,100,5728,2075195.069954979,6513902.966134712,True,True,False
8409,68,101,5729,2074283.5784327877,6506120.73341817,True,True,False
8410,68,102,5730,2073374.2262346537,6498345.563814742,True,True,False
8411,68,103,5731,2072467.0061843842,6490577.438892272,True,False,False
8412,68,104,5732,2071561.911138226,6482816.340276073,True,True,False
8413,68,105,5733,2070658.9339846894,6475062.249648668,False,True,False
8414,68,106,5734,2069758.0676443619,6467315.148749555,False,True,False
8415,68,107,5735,2068859.305069735,6459575.019374948,False,True,False
8416,68,108,5736,2067962.639245024,6451841.843377541,True,True,False
8417,68,109,5737,2067068.0631859906,6444115.602666261,True,False,False
8418,68,110,5738,2066466.4298499804,6436592.907696324,True,False,False
8419,68,111,5739,2067557.674220247,6429699.647346788,False,True,False
8420,68,112,5740,2068674.7954860267,6424359.865336891,False,False,False
8441,69,9,5741,2176572.2001429214,7251397.748493231,False,False,False
8442,69,10,5742,2175498.8702337295,7244597.779846057,False,False,False
8443,69,11,5743,2174351.8616655846,7236098.965127664,False,False,False
8444,69,12,5744,2173207.820144001,7227609.13334219,False,False,False
8445,69,13,5745,2172066.7345687132,7219128.259728076,False,False,False
8446,69,14,5746,2170928.5938949804,7210656.31960972,False,False,False
8447,69,15,5747,2169793.38713324,7202193.288397075,True,False,False
8448,69,16,5748,2168661.103348765,7193739.141585273,True,True,False
8449,69,17,5749,2167531.73166133,7185293.854754199,False,False,False
8450,69,18,5750,2166405.261244873,7176857.403568125,False,False,False
8451,69,19,5751,2165281.6813271604,7168429.763775288,False,False,False
8452,69,20,5752,2164160.981189463,7160010.911207528,False,False,False
8453,69,21,5753,2163043.1501662154,7151600.821779879,False,False,False
8454,69,22,5754,2161928.177644703,7143199.471490195,False,False,False
8455,69,23,5755,2160816.0530647286,7134806.836418762,False,False,False
8456,69,24,5756,2159706.7659182968,7126422.892727914,False,False,False
8457,69,25,5757,2158600.3057492906,7118047.61666166,False,False,False
8458,69,26,5758,2157496.662153159,7109680.984545294,False,True,False
8459,69,27,5759,2156395.8247765987,7101322.97278504,False,False,False
8460,69,28,5760,2155297.7833172465,7092973.557867659,True,False,False
8461,69,29,5761,2154202.527523363,7084632.716360083,False,False,False
8462,69,30,5762,2153110.047193532,7076300.424909053,False,True,False
8463,69,31,5763,2152020.33217635,7067976.660240743,False,True,False
8464,69,32,5764,2150933.3723701253,7059661.399160398,False,False,False
8465,69,33,5765,2149849.157722577,7051354.618551975,False,False,False
8466,69,34,5766,2148767.6782305352,7043056.29537777,False,True,False
8467,69,35,5767,2147688.9239396453,7034766.406678074,True,True,False
8468,69,36,5768,2146612.884944073,7026484.929570799,True,False,False
8469,69,37,5769,2145539.551386212,7018211.841251135,False,False,False
8470,69,38,5770,2144468.9134563943,7009947.1189911915,False,False,False
8471,69,39,5771,2143400.961392599,7001690.740139652,False,False,False
8472,69,40,5772,2142335.685480172,6993442.682121413,False,False,False
8473,69,41,5773,2141273.076051536,6985202.92243724,False,False,False
8474,69,42,5774,2140213.123485911,6976971.438663423,False,False,False
8475,69,43,5775,2139155.818209035,6968748.208451442,False,False,False
8476,69,44,5776,2138101.150692885,6960533.209527615,True,True,False
8477,69,45,5777,2137049.111455399,6952326.419692742,True,True,False
8478,69,46,5778,2135999.691060206,6944127.816821801,False,False,False
8479,69,47,5779,2134952.880116351,6935937.378863587,False,False,False
8480,69,48,5780,2133908.6692780238,6927755.083840378,False,False,False
8481,69,49,5781,2132867.0492442953,6919580.909847606,True,False,True
8482,69,50,5782,2131828.010758845,6911414.835053541,True,False,False
8483,69,51,5783,2130791.544609702,6903256.837698933,True,False,False
8484,69,52,5784,2129757.6416289774,6895106.896096695,True,False,False
8485,69,53,5785,2128726.2926926077,6886964.988631593,True,True,False
8486,69,54,5786,2127697.488720093,6878831.093759903,False,True,False
8487,69,55,5787,2126671.2206742414,6870705.190009088,False,True,False
8488,69,56,5788,2125647.4795609126,6862587.255977492,False,False,False
8489,69,57,5789,2124626.256428767,6854477.270334009,False,False,False
8490,69,58,5790,2123607.5423690085,6846375.211817764,True,True,False
8491,69,59,5791,2122591.32851514,6838281.059237812,False,True,False
8492,69,60,5792,2121577.606042712,6830194.791472798,False,False,False
8493,69,61,5793,2120566.366169079,6822116.387470675,False,False,False
8494,69,62,5794,2119557.6001531505,6814045.8262483785,False,False,False
8495,69,63,5795,2118551.299295151,6805983.086891507,False,False,False
8496,69,64,5796,2117547.4549363786,6797928.148554028,True,False,False
8497,69,65,5797,2116546.0584589625,6789880.9904579725,False,False,False
8498,69,66,5798,2115547.101285631,6781841.591893137,True,False,False
8499,69,67,5799,2114550.574879466,6773809.932216748,False,False,False
8500,69,68,5800,2113556.4707436776,6765785.990853206,False,False,False
8501,69,69,5801,2112564.780421365,6757769.74729375,False,False,False
8502,69,70,5802,2111575.495495287,6749761.181096186,False,False,False
8503,69,71,5803,2110588.6075876313,6741760.271884571,False,True,False
8504,69,72,5804,2109604.1083597885,6733766.999348926,False,True,False
8505,69,73,5805,2108621.989512123,6725781.343244951,True,True,False
8506,69,74,5806,2107642.2427837476,6717803.2833937155,False,False,False
8507,69,75,5807,2106664.8599523013,6709832.799681382,False,False,False
8508,69,76,5808,2105689.832833728,6701869.872058921,False,False,False
8509,69,77,5809,2104717.153282054,6693914.480541808,False,False,False
8510,69,78,5810,2103746.8131891675,6685966.605209745,False,False,False
8511,69,79,5811,2102778.804484608,6678026.22620639,True,False,False
8512,69,80,5812,2101813.119135342,6670093.323739046,False,False,False
8513,69,81,5813,2100849.7491455525,6662167.87807842,False,False,False
8514,69,82,5814,2099888.6865564263,6654249.869558292,False,False,False
8515,69,83,5815,2098929.923445942,6646339.27857529,True,False,False
8516,69,84,5816,2097973.451928657,6638436.085588569,True,False,False
8517,69,85,5817,2097019.2641555038,6630540.2711195685,False,False,False
8518,69,86,5818,2096067.3523135784,6622651.815751716,False,False,False
8519,69,87,5819,2095117.7086259364,6614770.700130167,True,False,False
8520,69,88,5820,2094170.325351387,6606896.904961536,True,False,False
8521,69,89,5821,2093225.1947842934,6599030.41101361,False,True,False
8522,69,90,5822,2092282.3092543662,6591171.199115103,False,True,False
8523,69,91,5823,2091341.6611264667,6583319.250155372,False,True,False
8524,69,92,5824,2090403.242800405,6575474.545084155,True,True,False
8525,69,93,5825,2089467.0467107454,6567637.064911323,True,True,False
8526,69,94,5826,2088533.0653266083,6559806.790706583,False,True,False
8527,69,95,5827,2087601.2911514738,6551983.70359926,False,False,False
8528,69,96,5828,2086671.716722992,6544167.784777997,True,False,False
8529,69,97,5829,2085744.3346127858,6536359.015490524,True,True,False
8530,69,98,5830,2084819.1374262641,6528557.377043384,False,False,False
8531,69,99,5831,2083896.1178024288,6520762.850801691,False,False,False
8532,69,100,5832,2082975.2684136874,6512975.418188862,True,False,False
8533,69,101,5833,2082056.5819656667,6505195.060686373,True,True,False
8534,69,102,5834,2081140.051197024,6497421.759833503,True,True,False
8535,69,103,5835,2080225.6688792668,6489655.49722708,True,False,False
8536,69,104,5836,2079313.427816564,6481896.254521241,True,True,False
8537,69,105,5837,2078403.3208455676,6474144.0134271765,True,True,False
8538,69,106,5838,2077495.340835229,6466398.755712878,True,False,False
8539,69,107,5839,2076589.4806866217,6458660.463202912,True,True,False
8540,69,108,5840,2075685.733332759,6450929.117778154,True,True,False
8541,69,109,5841,2074784.0917384205,6443204.70137556,False,True,False
8542,69,110,5842,2073884.5488999728,6435487.195987912,False,True,False
8543,69,111,5843,2072987.097845195,6427776.583663587,False,True,False
8544,69,112,5844,2073216.6859218597,6420585.490007585,False,True,False
8545,69,113,5845,2074471.1919161854,6414569.714470294,False,False,False
8565,70,9,5846,2185126.690676503,7250808.372617286,False,False,False
8566,70,10,5847,2183998.623211086,7243461.982890797,False,False,False
8567,70,11,5848,2182842.7106814394,7234965.787341255,False,False,False
8568,70,12,5849,2181689.7872936474,7226478.564751851,False,False,False
8569,70,13,5850,2180539.8418697063,7218000.290410698,False,False,False
8570,70,14,5851,2179392.863287494,7209530.939691571,True,False,False
8571,70,15,5852,2178248.8404804245,7201070.488053493,True,False,False
8572,70,16,5853,2177107.7624371005,7192618.911040358,True,True,False
8573,70,17,5854,2175969.6182009825,7184176.184280529,True,False,False
8574,70,18,5855,2174834.3968700385,7175742.283486419,False,False,False
8575,70,19,5856,2173702.0875964207,7167317.184454157,False,False,False
8576,70,20,5857,2172572.679586124,7158900.863063144,False,False,False
8577,70,21,5858,2171446.1620986597,7150493.295275696,False,False,False
8578,70,22,5859,2170322.5244467286,7142094.457136662,False,False,False
8579,70,23,5860,2169201.7559958897,7133704.3247730285,False,False,False
8580,70,24,5861,2168083.8461642438,7125322.874393547,False,False,False
8581,70,25,5862,2166968.7844221084,7116950.082288358,False,False,False
8582,70,26,5863,2165856.560291699,7108585.924828614,False,True,False
8583,70,27,5864,2164747.1633468173,7100230.378466098,False,True,False
8584,70,28,5865,2163640.5832125293,7091883.4197328705,True,False,False
8585,70,29,5866,2162536.8095648633,7083545.025240883,False,False,False
8586,70,30,5867,2161435.8321304927,7075215.171681609,False,True,False
8587,70,31,5868,2160337.6406864314,7066893.835825703,False,False,False
8588,70,32,5869,2159242.225059732,7058580.994522614,False,False,False
8589,70,33,5870,2158149.5751271755,7050276.624700231,False,False,False
8590,70,34,5871,2157059.68081498,7041980.703364513,False,False,False
8591,70,35,5872,2155972.532098496,7033693.207599153,True,True,False
8592,70,36,5873,2154888.1190019106,7025414.114565209,False,True,False
8593,70,37,5874,2153806.431597956,7017143.401500751,False,False,False
8594,70,38,5875,2152727.4600076163,7008881.045720513,False,False,False
8595,70,39,5876,2151651.1943998365,7000627.024615537,False,False,False
8596,70,40,5877,2150577.624991236,6992381.315652837,False,False,False
8597,70,41,5878,2149506.7420458216,6984143.896375032,False,False,False
8598,70,42,5879,2148438.5358747058,6975914.744400029,False,False,False
8599,70,43,5880,2147372.9968358222,6967693.837420655,False,False,False
8600,70,44,5881,2146310.115333648,6959481.1532043405,True,True,False
8601,70,45,5882,2145249.8818189264,6951276.669592752,False,False,False
8602,70,46,5883,2144192.286788389,6943080.364501484,False,False,False
8603,70,47,5884,2143137.320784483,6934892.21591971,False,False,False
8604,70,48,5885,2142084.9743951,6926712.201909846,False,False,False
8605,70,49,5886,2141035.238253305,6918540.300607226,True,False,True
8606,70,50,5887,2139988.103037069,6910376.490219774,True,False,False
8607,70,51,5888,2138943.559469003,6902220.749027667,False,False,False
8608,70,52,5889,2137901.598316093,6894073.055383012,False,False,False
8609,70,53,5890,2136862.2103894386,6885933.387709535,True,False,False
8610,70,54,5891,2135825.386543991,6877801.724502234,True,False,False
8611,70,55,5892,2134791.117678297,6869678.044327082,True,True,False
8612,70,56,5893,2133759.3947342387,6861562.325820691,True,True,False
8613,70,57,5894,2132730.208696781,6853454.547689993,True,True,False
8614,70,58,5895,2131703.550593719,6845354.6887119515,True,True,False
8615,70,59,5896,2130679.411495421,6837262.727733207,True,True,False
8616,70,60,5897,2129657.7825145866,6829178.643669791,False,False,False
8617,70,61,5898,2128638.654805993,6821102.415506816,False,False,False
8618,70,62,5899,2127622.019566251,6813034.02229815,False,False,False
8619,70,63,5900,2126607.8680335605,6804973.4431661265,False,False,False
8620,70,64,5901,2125596.1914874655,6796920.657301218,True,False,False
8621,70,65,5902,2124586.9812486176,6788875.643961758,False,False,False
8622,70,66,5903,2123580.2286785305,6780838.382473615,True,False,False
8623,70,67,5904,2122575.9251793474,6772808.852229901,True,False,False
8624,70,68,5905,2121574.062193602,6764787.032690674,False,False,False
8625,70,69,5906,2120574.631203983,6756772.903382637,False,False,False
8626,70,70,5907,2119577.6237331075,6748766.443898839,False,False,False
8627,70,71,5908,2118583.031343281,6740767.633898389,False,False,False
8628,70,72,5909,2117590.845636272,6732776.453106153,False,True,False
8629,70,73,5910,2116601.0582530852,6724792.881312466,True,True,False
8630,70,74,5911,2115613.6608737344,6716816.898372841,False,True,False
8631,70,75,5912,2114628.645217014,6708848.484207687,False,True,False
8632,70,76,5913,2113646.0030402807,6700887.618802009,False,True,False
8633,70,77,5914,2112665.726139227,6692934.282205136,False,True,False
8634,70,78,5915,2111687.806347664,6684988.454530427,False,True,False
8635,70,79,5916,2110712.235537302,6677050.115954981,True,True,False
8636,70,80,5917,2109739.0056175324,6669119.24671939,False,True,False
8637,70,81,5918,2108768.1085352115,6661195.8271274185,False,True,False
8638,70,82,5919,2107799.5362744466,6653279.837545742,False,True,False
8639,70,83,5920,2106833.2808563844,6645371.258403676,True,True,False
8640,70,84,5921,2105869.334338998,6637470.070192896,False,True,False
8641,70,85,5922,2104907.688816875,6629576.2534671575,False,True,False
8642,70,86,5923,2103948.336421015,6621689.788842028,False,False,False
8643,70,87,5924,2102991.269318615,6613810.656994624,False,False,False
8644,70,88,5925,2102036.4797128686,6605938.8386633275,True,False,False
8645,70,89,5926,2101083.9598427606,6598074.314647521,False,True,False
8646,70,90,5927,2100133.7019828623,6590217.065807331,False,True,False
8647,70,91,5928,2099185.698443132,6582367.073063351,False,True,False
8648,70,92,5929,2098239.9415687136,6574524.317396373,True,True,False
8649,70,93,5930,2097296.4237397383,6566688.779847149,False,True,False
8650,70,94,5931,2096355.137371126,6558860.441516096,False,True,False
8651,70,95,5932,2095416.07491239,6551039.283563066,False,True,False
8652,70,96,5933,2094479.2288474417,6543225.287207068,False,False,False
8653,70,97,5934,2093544.591694398,6535418.433726015,True,True,False
8654,70,98,5935,2092612.1560053872,6527618.704456472,True,True,False
8655,70,99,5936,2091681.9143663596,6519826.0807934,True,False,False
8656,70,100,5937,2090753.8593968956,6512040.544189898,True,False,False
8657,70,101,5938,2089827.9837500204,6504262.076156958,True,True,False
8658,70,102,5939,2088904.2801120149,6496490.658263205,True,True,False
8659,70,103,5940,2087982.7412022292,6488726.272134654,True,True,False
8660,70,104,5941,2087063.3597728997,6480968.899454461,True,True,False
8661,70,105,5942,2086146.128608963,6473218.521962673,True,True,False
8662,70,106,5943,2085231.0405278772,6465475.121455986,True,False,False
8663,70,107,5944,2084318.0883794369,6457738.679787494,True,True,False
8664,70,108,5945,2083407.2650455981,6450009.178866452,True,True,False
8665,70,109,5946,2082498.5634402942,6442286.600658038,True,True,False
8666,70,110,5947,2081591.9765092619,6434570.927183095,True,True,False
8667,70,111,5948,2080687.4972298644,6426862.1405179035,False,True,False
8668,70,112,5949,2079785.1186109171,6419160.222793955,False,False,False
8669,70,113,5950,2079175.5611454842,6411661.041319758,False,False,False
8670,70,114,5951,2080254.6366647102,6404787.257790921,True,True,False
8671,70,115,5952,2081361.2339239626,6399461.63902788,False,False,False
8689,71,9,5953,2193672.874033119,7250195.975611883,False,False,False
8690,71,10,5954,2192496.1092728437,7242317.3642242355,False,False,False
8691,71,11,5955,2191331.3016372216,7233823.807241469,False,False,False
8692,71,12,5956,2190169.505194424,7225339.213176495,False,False,False
8693,71,13,5957,2189010.708688986,7216863.557367434,True,False,False
8694,71,14,5958,2187854.9009216796,7208396.815237743,True,False,False
8695,71,15,5959,2186702.0707491627,7199938.962295837,False,False,False
8696,71,16,5960,2185552.2070836425,7191489.9741346855,False,True,False
8697,71,17,5961,2184405.2988925255,7183049.826431424,True,True,False
8698,71,18,5962,2183261.335198082,7174618.494946954,False,False,False
8699,71,19,5963,2182120.3050771067,7166195.955525565,False,False,False
8700,71,20,5964,2180982.197660586,7157782.184094542,False,False,False
8701,71,21,5965,2179847.002133365,7149377.156663799,False,False,False
8702,71,22,5966,2178714.7077338146,7140980.849325469,False,False,False
8703,71,23,5967,2177585.30375351,7132593.238253545,False,False,False
8704,71,24,5968,2176458.7795369015,7124214.299703498,False,False,False
8705,71,25,5969,2175335.1244809893,7115844.010011896,False,False,False
8706,71,26,5970,2174214.3280350105,7107482.345596036,False,False,False
8707,71,27,5971,2173096.379700115,7099129.282953575,True,True,False
8708,71,28,5972,2171981.269029051,7090784.798662151,True,True,False
8709,71,29,5973,2170868.9856258533,7082448.869379032,False,True,False
8710,71,30,5974,2169759.51914553,7074121.471840729,False,True,False
8711,71,31,5975,2168652.8592937556,7065802.582862649,False,False,False
8712,71,32,5976,2167548.9958265624,7057492.179338729,False,False,False
8713,71,33,5977,2166447.918550036,7049190.238241073,False,False,False
8714,71,34,5978,2165349.6173200146,7040896.736619601,False,False,False
8715,71,35,5979,2164254.082041789,7032611.651601689,True,True,False
8716,71,36,5980,2163161.302669801,7024334.9603918195,False,True,False
8717,71,37,5981,2162071.2692073532,7016066.640271217,False,True,False
8718,71,38,5982,2160983.9717063094,7007806.668597516,False,True,False
8719,71,39,5983,2159899.4002668075,6999555.022804404,False,True,False
8720,71,40,5984,2158817.545036969,6991311.680401275,False,True,False
8721,71,41,5985,2157738.3962126076,6983076.61897289,False,False,False
8722,71,42,5986,2156661.944036951,6974849.816179024,False,False,False
8723,71,43,5987,2155588.1788003505,6966631.249754142,False,False,False
8724,71,44,5988,2154517.0908400044,6958420.897507039,True,True,False
8725,71,45,5989,2153448.670539676,6950218.737320523,False,False,False
8726,71,46,5990,2152382.9083294175,6942024.747151075,False,False,False
8727,71,47,5991,2151319.7946852944,6933838.90502851,False,False,False
8728,71,48,5992,2150259.3201291114,6925661.18905564,False,False,False
8729,71,49,5993,2149201.4752281415,6917491.577407963,False,False,True
8730,71,50,5994,2148146.2505948567,6909330.048333324,True,False,False
8731,71,51,5995,2147093.6368866595,6901176.580151581,False,False,False
8732,71,52,5996,2146043.624805618,6893031.151254294,False,False,False
8733,71,53,5997,2144996.2050982006,6884893.740104403,False,False,False
8734,71,54,5998,2143951.368555015,6876764.325235888,True,False,False
8735,71,55,5999,2142909.106010549,6868642.885253475,True,False,False
8736,71,56,6000,2141869.408342908,6860529.398832299,False,False,False
8737,71,57,6001,2140832.266473566,6852423.844717597,False,True,False
8738,71,58,6002,2139797.671367102,6844326.201724393,True,True,False
8739,71,59,6003,2138765.614030951,6836236.448737183,True,True,False
8740,71,60,6004,2137736.085515157,6828154.564709624,True,True,False
8741,71,61,6005,2136709.076912115,6820080.5286642285,True,True,False
8742,71,62,6006,2135684.579356331,6812014.319692054,True,True,False
8743,71,63,6007,2134662.5840241695,6803955.916952397,True,True,False
8744,71,64,6008,2133643.082133616,6795905.299672487,True,False,False
8745,71,65,6009,2132626.0649440275,6787862.44714719,True,False,False
8746,71,66,6010,2131611.5237558973,6779827.338738695,False,False,False
8747,71,67,6011,2130599.449910613,6771799.95387623,True,False,False
8748,71,68,6012,2129589.8347902177,6763780.272055756,False,False,False
8749,71,69,6013,2128582.669817178,6755768.272839664,False,False,False
8750,71,70,6014,2127577.946454145,6747763.935856489,False,False,False
8751,71,71,6015,2126575.656203727,6739767.24080062,False,False,False
8752,71,72,6016,2125575.7906082524,6731778.167431998,False,True,False
8753,71,73,6017,2124578.341249545,6723796.695575828,True,False,False
8754,71,74,6018,2123583.299748695,6715822.8051222935,True,False,False
8755,71,75,6019,2122590.657765831,6707856.476026271,False,False,False
8756,71,76,6020,2121600.406999896,6699897.688307039,False,False,False
8757,71,77,6021,2120612.5391884255,6691946.422047994,False,False,False
8758,71,78,6022,2119627.0461073243,6684002.657396374,True,False,False
8759,71,79,6023,2118643.919570647,6676066.374562965,True,False,False
8760,71,80,6024,2117663.15143038,6668137.55382184,False,False,False
8761,71,81,6025,2116684.733576221,6660216.175510059,False,False,False
8762,71,82,6026,2115708.6579353684,6652302.220027409,False,True,False
8763,71,83,6027,2114734.916472304,6644395.667836116,True,False,False
8764,71,84,6028,2113763.5011885795,6636496.499460581,False,False,False
8765,71,85,6029,2112794.4041226082,6628604.6954871,False,True,False
8766,71,86,6030,2111827.617349451,6620720.236563601,False,True,False
8767,71,87,6031,2110863.132980613,6612843.103399361,False,True,False
8768,71,88,6032,2109900.9431638326,6604973.2767647505,True,True,False
8769,71,89,6033,2108941.0400828766,6597110.7374909585,False,True,False
8770,71,90,6034,2107983.415957337,6589255.466469736,False,False,False
8771,71,91,6035,2107028.0630424274,6581407.444653114,True,True,False
8772,71,92,6036,2106074.973628782,6573566.653053157,True,True,False
8773,71,93,6037,2105124.1400422556,6565733.0727416985,False,True,False
8774,71,94,6038,2104175.5546437223,6557906.684850077,False,True,False
8775,71,95,6039,2103229.209828883,6550087.470568872,False,True,False
8776,71,96,6040,2102285.0980280642,6542275.411147665,False,True,False
8777,71,97,6041,2101343.2117060274,6534470.487894751,False,True,False
8778,71,98,6042,2100403.543361773,6526672.682176926,True,True,False
8779,71,99,6043,2099466.0855283467,6518881.9754191935,True,True,False
8780,71,100,6044,2098530.8307726546,6511098.349104539,True,True,False
8781,71,101,6045,2097597.7716952665,6503321.784773661,True,True,False
8782,71,102,6046,2096666.900930233,6495552.264024737,False,True,False
8783,71,103,6047,2095738.2111448946,6487789.768513161,True,True,False
8784,71,104,6048,2094811.6950396982,6480034.279951302,True,True,False
8785,71,105,6049,2093887.3453480117,6472285.780108261,True,True,False
8786,71,106,6050,2092965.154835941,6464544.250809627,True,False,False
8787,71,107,6051,2092045.1163021459,6456809.673937226,False,True,False
8788,71,108,6052,2091127.222577663,6449082.031428879,False,True,False
8789,71,109,6053,2090211.4665257223,6441361.305278166,False,False,False
8790,71,110,6054,2089297.8410415703,6433647.477534194,True,True,True
8791,71,111,6055,2088386.3390522918,6425940.5303013325,True,True,True
8792,71,112,6056,2087476.9535166363,6418240.445739013,True,False,True
8793,71,113,6057,2086569.677424839,6410547.20606145,True,False,False
8794,71,114,6058,2085664.5037984492,6402860.79353745,True,True,False
8795,71,115,6059,2085884.7403445628,6395690.79416094,False,False,False
8796,71,116,6060,2087127.2874710178,6389691.750007651,False,False,False
8813,72,9,6061,2202109.34251596,7249220.404640464,False,False,False
8814,72,10,6062,2200991.311750156,7241163.931595816,True,False,False
8815,72,11,6063,2199817.617925503,7232673.032538297,True,False,False
8816,72,12,6064,2198646.9573000423,7224191.086286917,True,False,False
8817,72,13,6065,2197479.3185411226,7215718.068230113,True,True,False
8818,72,14,6066,2196314.690372683,7207253.953841348,False,True,False
8819,72,15,6067,2195153.061574904,7198798.718678739,False,False,False
8820,72,16,6068,2193994.4209838603,7190352.338384645,False,False,False
8821,72,17,6069,2192838.7574911793,7181914.788685282,True,True,False
8822,72,18,6070,2191686.060043696,7173486.045390337,True,True,False
8823,72,19,6071,2190536.3176431158,7165066.084392588,True,True,False
8824,72,20,6072,2189389.5193456784,7156654.881667507,True,False,False
8825,72,21,6073,2188245.6542618214,7148252.413272889,False,False,False
8826,72,22,6074,2187104.7115558507,7139858.655348466,False,False,False
8827,72,23,6075,2185966.680445609,7131473.584115542,False,False,False
8828,72,24,6076,2184831.5502021518,7123097.175876591,False,False,False
8829,72,25,6077,2183699.31014942,7114729.40701492,False,False,False
8830,72,26,6078,2182569.94966392,7106370.253994263,False,False,False
8831,72,27,6079,2181443.4581744,7098019.693358438,True,True,False
8832,72,28,6080,2180319.8251615395,7089677.701730965,True,True,False
8833,72,29,6081,2179199.0401576264,7081344.255814701,False,True,False
8834,72,30,6082,2178081.092746247,7073019.332391487,False,False,False
8835,72,31,6083,2176965.9725619783,7064702.908321771,True,False,False
8836,72,32,6084,2175853.669290074,7056394.960544274,True,False,False
8837,72,33,6085,2174744.1726661636,7048095.466075596,True,False,False
8838,72,34,6086,2173637.472475943,7039804.402009895,True,False,False
8839,72,35,6087,2172533.558554878,7031521.7455185065,True,False,False
8840,72,36,6088,2171432.420787901,7023247.473849616,False,False,False
8841,72,37,6089,2170334.049109114,7014981.564327893,False,False,False
8842,72,38,6090,2169238.433501495,7006723.9943541465,False,False,False
8843,72,39,6091,2168145.563996602,6998474.741404978,False,False,False
8844,72,40,6092,2167055.4306742847,6990233.783032441,False,True,False
8845,72,41,6093,2165968.0236623925,6982001.096863696,False,True,False
8846,72,42,6094,2164883.33313649,6973776.660600677,False,False,False
8847,72,43,6095,2163801.3493195693,6965560.452019733,True,False,False
8848,72,44,6096,2162722.0624817703,6957352.448971313,True,True,False
8849,72,45,6097,2161645.462940097,6949152.629379631,False,False,False
8850,72,46,6098,2160571.5410581394,6940960.971242302,False,False,False
8851,72,47,6099,2159500.287245797,6932777.452630047,False,False,False
8852,72,48,6100,2158431.6919590035,6924602.051686356,False,False,False
8853,72,49,6101,2157365.745699453,6916434.746627136,False,False,True
8854,72,50,6102,2156302.439014329,6908275.5157404095,True,False,False
8855,72,51,6103,2155241.762496037,6900124.337385984,False,False,False
8856,72,52,6104,2154183.706781935,6891981.189995121,False,False,False
8857,72,53,6105,2153128.262554067,6883846.052070231,False,False,False
8858,72,54,6106,2152075.4205389055,6875718.902184533,False,False,False
8859,72,55,6107,2151025.171507081,6867599.718981749,True,False,False
8860,72,56,6108,2149977.5062731276,6859488.481175803,True,False,False
8861,72,57,6109,2148932.4156952254,6851385.167550467,False,True,False
8862,72,58,6110,2147889.8906749426,6843289.756959092,True,True,False
8863,72,59,6111,2146849.922156978,6835202.228324263,True,True,False
8864,72,60,6112,2145812.501128915,6827122.560637513,True,True,False
8865,72,61,6113,2144777.618620965,6819050.732958998,True,True,False
8866,72,62,6114,2143745.2657057215,6810986.724417209,False,False,False
8867,72,63,6115,2142715.433497911,6802930.514208647,True,True,False
8868,72,64,6116,2141688.113154146,6794882.081597536,True,True,False
8869,72,65,6117,2140663.295872685,6786841.4059155155,True,True,False
8870,72,66,6118,2139640.9728931873,6778808.466561335,False,False,False
8871,72,67,6119,2138621.1354964725,6770783.2430005735,True,False,False
8872,72,68,6120,2137603.775004281,6762765.714765325,False,False,False
8873,72,69,6121,2136588.882779041,6754755.861453908,False,False,False
8874,72,70,6122,2135576.4502236242,6746753.662730579,False,False,False
8875,72,71,6123,2134566.4687811215,6738759.09832523,False,False,False
8876,72,72,6124,2133558.929934605,6730772.148033109,False,True,False
8877,72,73,6125,2132553.8252068963,6722792.791714525,True,False,False
8878,72,74,6126,2131551.146160342,6714821.009294559,False,False,False
8879,72,75,6127,2130550.884396581,6706856.780762779,False,False,False
8880,72,76,6128,2129553.0315563213,6698900.086172962,False,False,False
8881,72,77,6129,2128557.5793191153,6690950.905642804,False,False,False
8882,72,78,6130,2127564.519403136,6683009.219353635,True,False,False
8883,72,79,6131,2126573.843564955,6675075.00755015,False,False,False
8884,72,80,6132,2125585.5435993248,6667148.250540131,False,False,False
8885,72,81,6133,2124599.611338957,6659228.928694152,False,False,False
8886,72,82,6134,2123616.0386543088,6651317.022445322,False,True,False
8887,72,83,6135,2122634.8174533653,6643412.512289001,True,True,False
8888,72,84,6136,2121655.939681425,6635515.37878253,True,False,False
8889,72,85,6137,2120679.397320891,6627625.602544969,False,False,False
8890,72,86,6138,2119705.1823910535,6619743.164256801,False,False,False
8891,72,87,6139,2118733.286947887,6611868.044659695,False,False,False
8892,72,88,6140,2117763.703083836,6604000.224556219,True,False,False
8893,72,89,6141,2116796.422927614,6596139.68480957,True,False,False
8894,72,90,6142,2115831.438643992,6588286.406343334,True,True,False
8895,72,91,6143,2114868.7424335987,6580440.370141197,True,True,False
8896,72,92,6144,2113908.326532717,6572601.557246695,False,False,False
8897,72,93,6145,2112950.1832130817,6564769.948762959,False,False,False
8898,72,94,6146,2111994.3047816786,6556945.525852438,False,False,False
8899,72,95,6147,2111040.68358055,6549128.269736658,False,False,False
8900,72,96,6148,2110089.311986592,6541318.161695965,False,False,False
8901,72,97,6149,2109140.1824113643,6533515.183069255,False,True,False
8902,72,98,6150,2108193.2873008884,6525719.315253734,True,True,False
8903,72,99,6151,2107248.619135462,6517930.539704664,False,True,False
8904,72,100,6152,2106306.1704294616,6510148.837935101,True,True,False
8905,72,101,6153,2105365.9337311527,6502374.191515665,True,True,False
8906,72,102,6154,2104427.901622503,6494606.582074272,True,True,False
8907,72,103,6155,2103492.0667189904,6486845.991295893,True,True,False
8908,72,104,6156,2102558.421669419,6479092.400922305,True,True,False
8909,72,105,6157,2101626.9591557323,6471345.792751864,True,True,False
8910,72,106,6158,2100697.6718928264,6463606.148639235,False,False,False
8911,72,107,6159,2099770.5526283714,6455873.450495165,False,False,False
8912,72,108,6160,2098845.5941426265,6448147.680286238,False,True,False
8913,72,109,6161,2097922.789248259,6440428.820034638,False,False,False
8914,72,110,6162,2097002.130790165,6432716.8518179,False,True,True
8915,72,111,6163,2096083.6116452918,6425011.757768692,False,True,False
8916,72,112,6164,2095167.2247224597,6417313.520074556,True,True,True
8917,72,113,6165,2094252.9629621855,6409622.1209776895,True,True,True
8918,72,114,6166,2093340.8193365098,6401937.542774704,False,True,True
8919,72,115,6167,2092430.7868488203,6394259.767816391,False,True,True
8920,72,116,6168,2091813.4529941757,6386783.926980626,False,False,False
8921,72,117,6169,2092880.525132096,6379929.492502446,False,False,False
8922,72,118,6170,2093976.7326608722,6374617.944002108,False,False,False
8937,73,9,6171,2210612.6741380375,7248069.977022929,True,True,False
8938,73,10,6172,2209484.214009252,7240001.692808325,True,True,False
8939,73,11,6173,2208301.642973718,7231513.470994825,True,True,False
8940,73,12,6174,2207122.127098858,7223034.191806743,True,True,False
8941,73,13,6175,2205945.654975114,7214563.830683157,False,True,False
8942,73,14,6176,2204772.2152498686,7206102.363147844,False,False,False
8943,73,15,6177,2203601.7966270964,7197649.764808931,False,False,False
8944,73,16,6178,2202434.387867017,7189206.011358477,False,False,False
8945,73,17,6179,2201269.9777857456,7180771.078572097,False,False,False
8946,73,18,6180,2200108.5552549516,7172344.942308566,False,False,False
8947,73,19,6181,2198950.1092015165,7163927.578509445,False,True,False
8948,73,20,6182,2197794.628607197,7155518.963198703,True,True,False
8949,73,21,6183,2196642.102508288,7147119.072482322,True,False,False
8950,73,22,6184,2195492.519995288,7138727.882547933,True,False,False
8951,73,23,6185,2194345.870212568,7130345.369664434,False,False,False
8952,73,24,6186,2193202.1423580456,7121971.51018162,False,False,False
8953,73,25,6187,2192061.3256828557,7113606.280529817,False,False,False
8954,73,26,6188,2190923.4094910272,7105249.6572194975,True,True,False
8955,73,27,6189,2189788.383139162,7096901.616840926,True,True,False
8956,73,28,6190,2188656.236036113,7088562.136063798,False,False,False
8957,73,29,6191,2187526.9576426726,7080231.19163685,True,True,False
8958,73,30,6192,2186400.537471253,7071908.760387537,True,True,False
8959,73,31,6193,2185276.965085574,7063594.819221644,True,False,False
8960,73,32,6194,2184156.230100357,7055289.345122935,True,False,False
8961,73,33,6195,2183038.322181011,7046992.315152814,False,False,False
8962,73,34,6196,2181923.2310433323,7038703.706449941,False,False,False
8963,73,35,6197,2180810.946453198,7030423.496229904,False,False,False
8964,73,36,6198,2179701.458226264,7022151.661784864,False,False,False
8965,73,37,6199,2178594.75622767,7013888.180483208,False,False,False
8966,73,38,6200,2177490.8303717347,7005633.0297691915,False,False,False
8967,73,39,6201,2176389.670621671,6997386.187162611,False,False,False
8968,73,40,6202,2175291.2669892837,6989147.630258452,False,False,False
8969,73,41,6203,2174195.609534684,6980917.3367265435,False,True,False
8970,73,42,6204,2173102.6883660005,6972695.284311236,False,True,False
8971,73,43,6205,2172012.493639089,6964481.450831053,True,False,False
8972,73,44,6206,2170925.015557254,6956275.8141783485,False,True,False
8973,73,45,6207,2169840.2443709606,6948078.352318994,False,False,False
8974,73,46,6208,2168758.170377555,6939889.04329203,False,False,False
8975,73,47,6209,2167678.783920989,6931707.865209339,False,False,False
8976,73,48,6210,2166602.075391541,6923534.7962553315,False,False,False
8977,73,49,6211,2165528.0352255395,6915369.814686593,False,False,True
8978,73,50,6212,2164456.6539050946,6907212.898831586,True,False,True
8979,73,51,6213,2163387.921957825,6899064.0270903185,False,False,False
8980,73,52,6214,2162321.829956589,6890923.177934011,False,False,False
8981,73,53,6215,2161258.3685192154,6882790.329904789,False,False,False
8982,73,54,6216,2160197.528308246,6874665.461615371,False,True,False
8983,73,55,6217,2159139.3000306613,6866548.551748738,True,True,False
8984,73,56,6218,2158083.674437628,6858439.579057824,True,True,False
8985,73,57,6219,2157030.642324237,6850338.522365208,True,True,False
8986,73,58,6220,2155980.194529243,6842245.360562798,True,True,False
8987,73,59,6221,2154932.3219348104,6834160.072611528,True,True,False
8988,73,60,6222,2153887.0154662617,6826082.637541044,False,False,False
8989,73,61,6223,2152844.26609182,6818013.03444939,False,False,False
8990,73,62,6224,2151804.064822363,6809951.2425027285,False,False,False
8991,73,63,6225,2150766.4027111703,6801897.24093501,False,False,False
8992,73,64,6226,2149731.27085368,6793851.009047683,True,False,False
8993,73,65,6227,2148698.66038724,6785812.526209411,True,True,False
8994,73,66,6228,2147668.5624908665,6777781.771855739,False,True,False
8995,73,67,6229,2146640.9683850002,6769758.725488824,True,False,False
8996,73,68,6230,2145615.8693312677,6761743.366677131,False,False,False
8997,73,69,6231,2144593.256632242,6753735.675055138,True,False,False
8998,73,70,6232,2143573.1216312046,6745735.630323052,True,False,False
8999,73,71,6233,2142555.455711911,6737743.212246512,True,True,False
9000,73,72,6234,2141540.2502983576,6729758.40065629,True,True,False
9001,73,73,6235,2140527.4968545474,6721781.175448025,True,False,False
9002,73,74,6236,2139517.186884262,6713811.516581923,False,False,False
9003,73,75,6237,2138509.311930831,6705849.404082479,False,False,False
9004,73,76,6238,2137503.863576905,6697894.818038183,False,False,False
9005,73,77,6239,2136500.8334442275,6689947.7386012515,False,False,False
9006,73,78,6240,2135500.213193415,6682008.14598734,True,False,False
9007,73,79,6241,2134501.9945237334,6674076.020475272,False,False,False
9008,73,80,6242,2133506.169172871,6666151.342406742,False,False,False
9009,73,81,6243,2132512.7289167256,6658234.092186074,False,False,False
9010,73,82,6244,2131521.665569184,6650324.25027991,False,False,False
9011,73,83,6245,2130532.970981903,6642421.797216959,False,True,False
9012,73,84,6246,2129546.6370440973,6634526.713587729,True,True,False
9013,73,85,6247,2128562.6556823244,6626638.980044234,False,True,False
9014,73,86,6248,2127581.018860272,6618758.577299741,False,False,False
9015,73,87,6249,2126601.7185785472,6610885.486128522,False,False,False
9016,73,88,6250,2125624.7468744665,6603019.687365545,True,False,False
9017,73,89,6251,2124650.0958218486,6595161.161906239,True,False,False
9018,73,90,6252,2123677.757530808,6587309.890706224,True,True,False
9019,73,91,6253,2122707.724147548,6579465.85478105,True,False,False
9020,73,92,6254,2121739.9878541585,6571629.035205934,True,False,False
9021,73,93,6255,2120774.540868413,6563799.413115499,True,False,False
9022,73,94,6256,2119811.375443568,6555976.969703521,True,False,False
9023,73,95,6257,2118850.4838681594,6548161.686222673,True,False,False
9024,73,96,6258,2117891.858465811,6540353.543984266,True,False,False
9025,73,97,6259,2116935.4915950317,6532552.524357989,True,True,False
9026,73,98,6260,2115981.375649021,6524758.608771674,True,False,False
9027,73,99,6261,2115029.5030554757,6516971.778711028,True,False,False
9028,73,100,6262,2114079.8662763964,6509192.015719393,True,True,False
9029,73,101,6263,2113132.457807894,6501419.301397486,True,True,False
9030,73,102,6264,2112187.2701800014,6493653.617403166,True,True,False
9031,73,103,6265,2111244.2959564826,6485894.945451176,True,True,False
9032,73,104,6266,2110303.5277346442,6478143.267312901,True,True,False
9033,73,105,6267,2109364.9581451514,6470398.564816135,True,True,False
9034,73,106,6268,2108428.579851838,6462660.819844816,False,True,False
9035,73,107,6269,2107494.3855515267,6454930.014338804,True,True,False
9036,73,108,6270,2106562.3679738413,6447206.130293634,True,True,False
9037,73,109,6271,2105632.5198810287,6439489.149760278,False,True,False
9038,73,110,6272,2104704.834067776,6431779.054844901,False,True,True
9039,73,111,6273,2103779.303361033,6424075.827708641,False,False,False
9040,73,112,6274,2102855.92061983,6416379.450567351,True,True,False
9041,73,113,6275,2101934.6787351053,6408689.905691382,True,False,False
9042,73,114,6276,2101015.5706295264,6401007.175405348,False,False,False
9043,73,115,6277,2100098.589257314,6393331.242087881,False,True,True
9044,73,116,6278,2099183.727604072,6385662.088171422,False,True,True
9045,73,117,6279,2098270.978686614,6377999.696141972,False,False,False
9046,73,118,6280,2098445.073950575,6371133.80986485,False,False,False
9061,74,9,6281,2219113.7104843943,7246910.723642514,False,False,False
9062,74,10,6282,2217974.799451662,7238830.655717691,True,True,False
9063,74,11,6283,2216783.360244379,7230345.130427031,True,False,False
9064,74,12,6284,2215594.9981140886,7221868.53751226,False,False,False
9065,74,13,6285,2214409.701574603,7213400.852463393,False,False,False
9066,74,14,6286,2213227.459197029,7204942.050854846,False,False,False
9067,74,15,6287,2212048.2596094115,7196492.108345063,False,False,False
9068,74,16,6288,2210872.0914963847,7188051.000676111,False,False,False
9069,74,17,6289,2209698.943598827,7179618.703673309,False,False,False
9070,74,18,6290,2208528.8047135095,7171195.193244823,False,False,False
9071,74,19,6291,2207361.66369276,7162780.4453813145,False,False,False
9072,74,20,6292,2206197.509444117,7154374.436155524,False,True,False
9073,74,21,6293,2205036.3309299955,7145977.141721946,False,False,False
9074,74,22,6294,2203878.11716735,7137588.538316389,True,False,False
9075,74,23,6295,2202722.8572273413,7129208.602255659,True,False,False
9076,74,24,6296,2201570.540235005,7120837.309937165,False,False,False
9077,74,25,6297,2200421.1553689255,7112474.63783853,True,True,False
9078,74,26,6298,2199274.6918609124,7104120.562517267,True,True,False
9079,74,27,6299,2198131.138995668,7095775.060610381,False,False,False
9080,74,28,6300,2196990.4861104772,7087438.108834015,True,False,False
9081,74,29,6301,2195852.722594881,7079109.683983096,True,False,False
9082,74,30,6302,2194717.8378903633,7070789.762930964,False,True,False
9083,74,31,6303,2193585.821490037,7062478.322629024,False,True,False
9084,74,32,6304,2192456.6629383285,7054175.340106379,False,False,False
9085,74,33,6305,2191330.351830674,7045880.792469499,False,False,False
9086,74,34,6306,2190206.877813207,7037594.6569018345,False,False,False
9087,74,35,6307,2189086.230582455,7029316.910663502,False,False,False
9088,74,36,6308,2187968.399885036,7021047.5310909245,False,False,False
9089,74,37,6309,2186853.375517359,7012786.495596463,False,False,False
9090,74,38,6310,2185741.1473253206,7004533.78166811,False,False,False
9091,74,39,6311,2184631.705204016,6996289.366869117,False,False,False
9092,74,40,6312,2183525.039097438,6988053.228837672,False,False,False
9093,74,41,6313,2182421.1389981876,6979825.345286555,False,False,False
9094,74,42,6314,2181319.9949471825,6971605.694002792,False,True,False
9095,74,43,6315,2180221.5970333703,6963394.252847337,True,True,False
9096,74,44,6316,2179125.9353934405,6955190.999754727,False,True,False
9097,74,45,6317,2178033.0002115415,6946995.912732755,False,False,False
9098,74,46,6318,2176942.781718999,6938808.969862137,False,False,False
9099,74,47,6319,2175855.2701940336,6930630.149296188,False,False,False
9100,74,48,6320,2174770.455961485,6922459.4292604895,False,False,False
9101,74,49,6321,2173688.3293925337,6914296.788052575,False,False,False
9102,74,50,6322,2172608.88090443,6906142.204041601,True,False,True
9103,74,51,6323,2171532.100960218,6897995.655668014,False,False,False
9104,74,52,6324,2170457.980068466,6889857.121443259,False,False,False
9105,74,53,6325,2169386.508783001,6881726.579949442,True,True,False
9106,74,54,6326,2168317.677702638,6873604.009839011,True,True,False
9107,74,55,6327,2167251.477470918,6865489.389834461,True,False,False
9108,74,56,6328,2166187.8987758434,6857382.698727991,False,False,False
9109,74,57,6329,2165126.93234962,6849283.915381227,True,False,False
9110,74,58,6330,2164068.5689683915,6841193.0187248895,True,True,False
9111,74,59,6331,2163012.7994519905,6833109.987758493,False,False,False
9112,74,60,6332,2161959.6146636754,6825034.80155004,False,False,False
9113,74,61,6333,2160909.0055098813,6816967.439235712,False,False,False
9114,74,62,6334,2159860.962939965,6808907.880019581,False,False,False
9115,74,63,6335,2158815.4779459587,6800856.103173282,False,False,False
9116,74,64,6336,2157772.541562315,6792812.088035743,False,False,False
9117,74,65,6337,2156732.144865667,6784775.814012864,True,False,False
9118,74,66,6338,2155694.2789745783,6776747.260577227,True,True,False
9119,74,67,6339,2154658.9350493024,6768726.407267807,True,False,False
9120,74,68,6340,2153626.1042915387,6760713.233689671,True,False,False
9121,74,69,6341,2152595.777944193,6752707.719513696,True,True,False
9122,74,70,6342,2151567.947291143,6744709.844476261,True,True,False
9123,74,71,6343,2150542.603656994,6736719.588378971,True,True,False
9124,74,72,6344,2149519.7384068496,6728736.931088369,True,False,False
9125,74,73,6345,2148499.3429460777,6720761.852535646,False,False,False
9126,74,74,6346,2147481.4087200756,6712794.332716354,False,False,False
9127,74,75,6347,2146465.9272140427,6704834.351690137,False,False,False
9128,74,76,6348,2145452.8899527495,6696881.889580429,False,False,False
9129,74,77,6349,2144442.2885003123,6688936.92657419,False,False,False
9130,74,78,6350,2143434.114459965,6680999.442921612,True,False,False
9131,74,79,6351,2142428.359473839,6673069.418935866,False,True,False
9132,74,80,6352,2141425.0152227376,6665146.8349928,False,False,False
9133,74,81,6353,2140424.0734259156,6657231.67153068,False,False,False
9134,74,82,6354,2139425.5258408594,6649323.909049906,False,False,False
9135,74,83,6355,2138429.36426307,6641423.528112754,False,False,False
9136,74,84,6356,2137435.5805258458,6633530.509343101,True,False,False
9137,74,85,6357,2136444.1665000683,6625644.833426145,False,True,False
9138,74,86,6358,2135455.114093987,6617766.481108158,False,True,False
9139,74,87,6359,2134468.4152530083,6609895.433196193,False,True,False
9140,74,88,6360,2133484.061959486,6602031.670557848,True,True,False
9141,74,89,6361,2132502.046232507,6594175.174120988,True,True,False
9142,74,90,6362,2131522.3601276907,6586325.9248734815,True,True,False
9143,74,91,6363,2130544.9957369776,6578483.903862938,True,True,False
9144,74,92,6364,2129569.9451884245,6570649.092196465,True,False,False
9145,74,93,6365,2128597.2006460032,6562821.471040386,True,False,False
9146,74,94,6366,2127626.7543093944,6555001.021620004,True,False,False
9147,74,95,6367,2126658.598413792,6547187.725219339,False,False,False
9148,74,96,6368,2125692.7252296973,6539381.5631808685,True,False,False
9149,74,97,6369,2124729.127062726,6531582.5169052845,True,True,False
9150,74,98,6370,2123767.7962534083,6523790.567851231,True,True,False
9151,74,99,6371,2122808.7251769938,6516005.697535068,True,False,False
9152,74,100,6372,2121851.906243259,6508227.887530603,False,True,False
9153,74,101,6373,2120897.3318963093,6500457.1194688715,True,True,False
9154,74,102,6374,2119944.994614394,6492693.3750378555,True,True,False
9155,74,103,6375,2118994.8869097102,6484936.635982267,True,True,False
9156,74,104,6376,2118047.0013282183,6477186.884103294,True,True,False
9157,74,105,6377,2117101.330449448,6469444.101258352,True,True,False
9158,74,106,6378,2116157.866886319,6461708.269360855,True,True,False
9159,74,107,6379,2115216.6032849485,6453979.370379959,True,False,False
9160,74,108,6380,2114277.532324472,6446257.386340342,True,False,False
9161,74,109,6381,2113340.6467168573,6438542.2993219495,True,True,True
9162,74,110,6382,2112405.939206727,6430834.091459766,True,True,True
9163,74,111,6383,2111473.4025711697,6423132.74494358,True,False,False
9164,74,112,6384,2110543.0296195694,6415438.242017748,True,True,False
9165,74,113,6385,2109614.813193423,6407750.564980957,False,False,False
9166,74,114,6386,2108688.7461661636,6400069.696186005,False,False,False
9167,74,115,6387,2107764.821442983,6392395.618039554,False,False,False
9168,74,116,6388,2106843.031960663,6384728.313001914,False,False,True
9169,74,117,6389,2105923.370687392,6377067.763586803,False,False,True
9170,74,118,6390,2105027.7803255706,6369433.217318323,False,False,False
9171,74,119,6391,2106282.542144226,6364818.550660422,False,False,False
9185,75,9,6392,2227612.4348871415,7245742.652348221,True,False,False
9186,75,10,6393,2226463.0515144356,7237650.828232789,True,True,False
9187,75,11,6394,2225262.753235299,7229168.0187036,False,True,False
9188,75,12,6395,2224065.553904032,7220694.131232201,False,True,False
9189,75,13,6396,2222871.441958099,7212229.141359859,False,False,False
9190,75,14,6397,2221680.405892607,7203773.02471194,False,False,False
9191,75,15,6398,2220492.4342599497,7195325.756997515,False,False,False
9192,75,16,6399,2219307.5156694544,7186887.314008964,False,False,False
9193,75,17,6400,2218125.6387870316,7178457.671621608,False,False,False
9194,75,18,6401,2216946.7923348295,7170036.805793313,False,False,False
9195,75,19,6402,2215770.965090888,7161624.692564134,False,False,False
9196,75,20,6403,2214598.145888797,7153221.308055912,False,True,False
9197,75,21,6404,2213428.323617357,7144826.628471904,False,False,False
9198,75,22,6405,2212261.4872202403,7136440.630096446,False,False,False
9199,75,23,6406,2211097.625695658,7128063.289294507,True,False,False
9200,75,24,6407,2209936.7280960255,7119694.582511405,True,False,False
9201,75,25,6408,2208778.7835276374,7111334.486272376,True,True,False
9202,75,26,6409,2207623.7811503327,7102982.977182253,True,False,False
9203,75,27,6410,2206471.7101771743,7094640.031925062,True,False,False
9204,75,28,6411,2205322.559874127,7086305.627263696,True,False,False
9205,75,29,6412,2204176.3195597334,7077979.740039538,False,False,False
9206,75,30,6413,2203032.978604797,7069662.347172115,False,False,False
9207,75,31,6414,2201892.5264320686,7061353.425658716,False,True,False
9208,75,32,6415,2200754.9525159304,7053052.952574081,False,False,False
9209,75,33,6416,2199620.246382083,7044760.905070014,False,False,False
9210,75,34,6417,2198488.3976072418,7036477.260375046,False,False,False
9211,75,35,6418,2197359.395818822,7028201.995794093,False,False,False
9212,75,36,6419,2196233.230694643,7019935.088708097,False,False,False
9213,75,37,6420,2195109.8919626186,7011676.516573698,False,False,False
9214,75,38,6421,2193989.36940046,7003426.256922873,False,False,False
9215,75,39,6422,2192871.6528353756,6995184.28736261,False,False,False
9216,75,40,6423,2191756.7321437793,6986950.585574571,False,False,False
9217,75,41,6424,2190644.5972509896,6978725.129314736,False,False,False
9218,75,42,6425,2189535.2381309434,6970507.8964130925,False,False,False
9219,75,43,6426,2188428.6448059035,6962298.864773286,True,True,False
9220,75,44,6427,2187324.807346172,6954098.012372294,True,True,False
9221,75,45,6428,2186223.7158698034,6945905.317260098,False,True,False
9222,75,46,6429,2185125.3605423216,6937720.757559346,False,False,False
9223,75,47,6430,2184029.7315764395,6929544.311465041,False,False,False
9224,75,48,6431,2182936.819231775,6921375.957244207,False,False,False
9225,75,49,6432,2181846.613814579,6913215.673235566,False,False,False
9226,75,50,6433,2180759.105677454,6905063.437849227,True,False,True
9227,75,51,6434,2179674.2852190854,6896919.229566343,True,False,False
9228,75,52,6435,2178592.1428839667,6888783.026938829,True,True,False
9229,75,53,6436,2177512.6691621286,6880654.808589002,True,True,False
9230,75,54,6437,2176435.854588873,6872534.55320932,False,False,False
9231,75,55,6438,2175361.689744507,6864422.2395620085,False,False,False
9232,75,56,6439,2174290.1652540765,6856317.846478805,False,False,False
9233,75,57,6440,2173221.2717871056,6848221.352860618,False,False,False
9234,75,58,6441,2172155.0000573327,6840132.737677219,True,True,False
9235,75,59,6442,2171091.340822458,6832051.979966954,True,False,False
9236,75,60,6443,2170030.2848838787,6823979.058836428,True,False,False
9237,75,61,6444,2168971.8230864406,6815913.953460193,True,False,False
9238,75,62,6445,2167915.946318179,6807856.643080466,False,False,False
9239,75,63,6446,2166862.645510071,6799807.107006819,False,False,False
9240,75,64,6447,2165811.911635785,6791765.3246158715,False,False,False
9241,75,65,6448,2164763.7357114283,6783731.275351015,True,False,False
9242,75,66,6449,2163718.1087953066,6775704.938722104,True,True,False
9243,75,67,6450,2162675.0219876757,6767686.294305157,True,True,False
9244,75,68,6451,2161634.4664304988,6759675.321742083,True,True,False
9245,75,69,6452,2160596.4333072053,6751672.000740366,True,True,False
9246,75,70,6453,2159560.913842451,6743676.311072804,True,False,False
9247,75,71,6454,2158527.8993018814,6735688.232577201,True,False,False
9248,75,72,6455,2157497.380991892,6727707.745156088,True,False,False
9249,75,73,6456,2156469.3502593953,6719734.82877643,False,False,False
9250,75,74,6457,2155443.79849159,6711769.463469367,False,False,False
9251,75,75,6458,2154420.717115724,6703811.6293299,False,False,False
9252,75,76,6459,2153400.097598869,6695861.306516633,False,False,False
9253,75,77,6460,2152381.931447691,6687918.475251486,True,False,False
9254,75,78,6461,2151366.210208219,6679983.115819422,True,True,False
9255,75,79,6462,2150352.9254656285,6672055.208568166,False,True,False
9256,75,80,6463,2149342.068844009,6664134.733907932,False,False,False
9257,75,81,6464,2148333.6320061465,6656221.672311155,False,False,False
9258,75,82,6465,2147327.6066532996,6648316.004312209,False,False,False
9259,75,83,6466,2146323.984524986,6640417.710507146,False,False,False
9260,75,84,6467,2145322.7573987567,6632526.77155343,True,False,False
9261,75,85,6468,2144323.917089986,6624643.168169654,True,False,False
9262,75,86,6469,2143327.455451654,6616766.881135286,True,False,False
9263,75,87,6470,2142333.364374133,6608897.891290401,True,False,False
9264,75,88,6471,2141341.635784976,6601036.17953543,True,True,False
9265,75,89,6472,2140352.2616487085,6593181.7268308615,True,False,False
9266,75,90,6473,2139365.233966615,6585334.514197031,False,True,False
9267,75,91,6474,2138380.544776534,6577494.522713815,True,True,False
9268,75,92,6475,2137398.1861526524,6569661.733520413,False,True,False
9269,75,93,6476,2136418.150205298,6561836.127815055,False,True,False
9270,75,94,6477,2135440.429080739,6554017.686854772,True,False,False
9271,75,95,6478,2134465.0149609796,6546206.391955134,True,False,False
9272,75,96,6479,2133491.9000635585,6538402.224489986,True,False,False
9273,75,97,6480,2132521.0766413547,6530605.165891211,False,True,False
9274,75,98,6481,2131552.5369823817,6522815.197648479,True,True,False
9275,75,99,6482,2130586.2734095966,6515032.301308984,True,False,False
9276,75,100,6483,2129622.2782807034,6507256.45847722,True,True,False
9277,75,101,6484,2128660.543987956,6499487.650814703,True,True,False
9278,75,102,6485,2127701.0629579676,6491725.860039759,True,True,False
9279,75,103,6486,2126743.8276515217,6483971.067927253,True,True,False
9280,75,104,6487,2125788.830563376,6476223.25630836,True,True,False
9281,75,105,6488,2124836.0642220783,6468482.407070327,True,True,False
9282,75,106,6489,2123885.5211897753,6460748.502156212,True,True,False
9283,75,107,6490,2122937.1940620285,6453021.523564676,False,False,False
9284,75,108,6491,2121991.0754676266,6445301.453349716,False,False,False
9285,75,109,6492,2121047.1580684055,6437588.273620442,False,True,True
9286,75,110,6493,2120105.434559061,6429881.966540846,False,True,False
9287,75,111,6494,2119165.897666968,6422182.514329555,True,True,False
9288,75,112,6495,2118228.540152002,6414489.899259607,True,True,False
9289,75,113,6496,2117293.354806359,6406804.103658213,False,False,False
9290,75,114,6497,2116360.334454376,6399125.109906536,False,False,False
9291,75,115,6498,2115429.471952357,6391452.900439445,False,False,False
9292,75,116,6499,2114500.760188392,6383787.457745302,False,False,False
9293,75,117,6500,2113574.1920821904,6376128.764365728,False,False,True
9294,75,118,6501,2112649.7605848997,6368476.802895379,True,False,False
9295,75,119,6502,2112510.018120748,6363178.28121044,True,True,False
9309,76,9,6503,2236108.830713923,7244565.771042311,False,False,False
9310,76,10,6504,2234948.9536703588,7236462.218315265,False,False,False
9311,76,11,6505,2233739.805479808,7227982.143745733,False,False,False
9312,76,12,6506,2232533.778062282,7219510.980847571,False,True,False
9313,76,13,6507,2231330.859779184,7211048.705213625,False,False,False
9314,76,14,6508,2230131.039049904,7202595.292520504,False,False,False
9315,76,15,6509,2228934.30435146,7194150.718528208,False,False,False
9316,76,16,6510,2227740.6442181487,7185714.959079745,False,False,False
9317,76,17,6511,2226550.047241191,7177287.990100736,False,False,False
9318,76,18,6512,2225362.5020683818,7168869.787599062,False,False,False
9319,76,19,6513,2224177.997403745,7160460.327664451,False,False,False
9320,76,20,6514,2222996.52200719,7152059.5864681415,False,True,False
9321,76,21,6515,2221818.06469417,7143667.540262485,False,False,False
9322,76,22,6516,2220642.614335341,7135284.165380583,False,False,False
9323,76,23,6517,2219470.159856226,7126909.4382359125,False,False,False
9324,76,24,6518,2218300.6902368837,7118543.3353219675,True,False,False
9325,76,25,6519,2217134.1945115724,7110185.833211894,True,True,False
9326,76,26,6520,2215970.661768424,7101836.908558117,True,False,False
9327,76,27,6521,2214810.0811491148,7093496.538091993,True,False,False
9328,76,28,6522,2213652.441848543,7085164.698623438,False,False,False
9329,76,29,6523,2212497.733114504,7076841.367040579,False,False,False
9330,76,30,6524,2211345.944247372,7068526.520309405,False,False,False
9331,76,31,6525,2210197.0645997846,7060220.135473386,False,True,False
9332,76,32,6526,2209051.083576322,7051922.189653164,False,True,False
9333,76,33,6527,2207907.990633198,7043632.66004616,False,False,False
9334,76,34,6528,2206767.7752779494,7035351.52392626,False,True,False
9335,76,35,6529,2205630.427069125,7027078.758643447,False,True,False
9336,76,36,6530,2204495.9356159805,7018814.341623477,False,False,False
9337,76,37,6531,2203364.290578174,7010558.2503675185,False,False,False
9338,76,38,6532,2202235.481665466,7002310.462451808,False,False,False
9339,76,39,6533,2201109.498637415,6994070.955527352,False,False,False
9340,76,40,6534,2199986.331303084,6985839.707319536,False,False,False
9341,76,41,6535,2198865.9695207435,6977616.695627825,False,False,False
9342,76,42,6536,2197748.403197578,6969401.898325415,False,False,False
9343,76,43,6537,2196633.6222893936,6961195.293358919,False,False,False
9344,76,44,6538,2195521.6168003306,6952996.858748008,True,True,False
9345,76,45,6539,2194412.3767825733,6944806.572585111,False,True,False
9346,76,46,6540,2193305.892336068,6936624.413035079,False,True,False
9347,76,47,6541,2192202.1536082393,6928450.358334851,False,True,False
9348,76,48,6542,2191101.1507937047,6920284.386793157,False,True,False
9349,76,49,6543,2190002.874134002,6912126.476790156,False,False,False
9350,76,50,6544,2188907.313917305,6903976.606777161,True,False,True
9351,76,51,6545,2187814.460478154,6895834.755276291,True,True,True
9352,76,52,6546,2186724.3041971796,6887700.900880166,True,True,False
9353,76,53,6547,2185636.8355008303,6879575.022251597,False,False,False
9354,76,54,6548,2184552.0448611067,6871457.098123255,False,False,False
9355,76,55,6549,2183469.9227952873,6863347.107297387,False,False,False
9356,76,56,6550,2182390.4598656716,6855245.028645492,False,False,False
9357,76,57,6551,2181313.6466793073,6847150.841108002,False,False,False
9358,76,58,6552,2180239.473887734,6839064.523693993,True,True,False
9359,76,59,6553,2179167.932186721,6830986.055480882,False,False,False
9360,76,60,6554,2178099.012316007,6822915.415614108,False,False,False
9361,76,61,6555,2177032.7050590483,6814852.583306837,True,False,False
9362,76,62,6556,2175969.001242758,6806797.537839679,True,False,False
9363,76,63,6557,2174907.891737257,6798750.258560365,True,False,False
9364,76,64,6558,2173849.367455622,6790710.724883452,False,False,False
9365,76,65,6559,2172793.419353634,6782678.9162900625,True,True,False
9366,76,66,6560,2171740.0384295327,6774654.812327535,True,True,False
9367,76,67,6561,2170689.2157237683,6766638.392609178,True,True,False
9368,76,68,6562,2169640.942318759,6758629.636813968,True,True,False
9369,76,69,6563,2168595.209338646,6750628.524686235,True,True,False
9370,76,70,6564,2167552.007949055,6742635.03603542,True,False,False
9371,76,71,6565,2166511.329356855,6734649.150735747,True,False,False
9372,76,72,6566,2165473.1648099185,6726670.848725959,False,False,False
9373,76,73,6567,2164437.5055968924,6718700.110009038,False,False,False
9374,76,74,6568,2163404.3430469544,6710736.914651906,False,False,False
9375,76,75,6569,2162373.668529586,6702781.242785163,False,False,False
9376,76,76,6570,2161345.473454341,6694833.074602803,True,False,False
9377,76,77,6571,2160319.7492706105,6686892.390361929,True,True,False
9378,76,78,6572,2159296.4874674026,6678959.170382475,False,True,False
9379,76,79,6573,2158275.6795731094,6671033.395046957,False,False,False
9380,76,80,6574,2157257.3171552834,6663115.04480017,False,False,False
9381,76,81,6575,2156241.3918204173,6655204.100148922,False,False,False
9382,76,82,6576,2155227.895213717,6647300.541661785,False,False,False
9383,76,83,6577,2154216.8190188846,6639404.349968798,True,False,False
9384,76,84,6578,2153208.1549578984,6631515.505761222,True,False,False
9385,76,85,6579,2152201.894790794,6623633.989791251,True,False,False
9386,76,86,6580,2151198.03031545,6615759.782871773,False,True,False
9387,76,87,6581,2150196.5533673735,6607892.865876087,True,True,False
9388,76,88,6582,2149197.4558194857,6600033.219737647,True,True,False
9389,76,89,6583,2148200.7295819097,6592180.825449803,False,False,False
9390,76,90,6584,2147206.3666017633,6584335.664065544,False,True,False
9391,76,91,6585,2146214.358862947,6576497.716697225,True,False,False
9392,76,92,6586,2145224.698385937,6568666.964516337,False,False,False
9393,76,93,6587,2144237.3772275806,6560843.3887532195,False,True,False
9394,76,94,6588,2143252.3874808913,6553026.970696833,False,True,False
9395,76,95,6589,2142269.721274843,6545217.691694493,False,False,False
9396,76,96,6590,2141289.3707741713,6537415.53315162,True,False,False
9397,76,97,6591,2140311.328179172,6529620.476531483,True,True,False
9398,76,98,6592,2139335.585725499,6521832.503354976,True,False,False
9399,76,99,6593,2138362.135683973,6514051.595200327,True,False,False
9400,76,100,6594,2137390.970360376,6506277.733702895,False,True,False
9401,76,101,6595,2136422.0820952635,6498510.900554896,True,True,False
9402,76,102,6596,2135455.463263768,6490751.077505173,True,True,False
9403,76,103,6597,2134491.106275404,6482998.246358945,True,True,False
9404,76,104,6598,2133529.0035738805,6475252.388977564,True,True,False
9405,76,105,6599,2132569.1476369086,6467513.487278293,False,True,False
9406,76,106,6600,2131611.530976012,6459781.52323404,True,True,True
9407,76,107,6601,2130656.146136341,6452056.478873137,False,False,True
9408,76,108,6602,2129702.9856964867,6444338.336279104,False,True,True
9409,76,109,6603,2128752.0422682925,6436627.077590398,False,True,True
9410,76,110,6604,2127803.308496675,6428922.6850002,False,False,False
9411,76,111,6605,2126856.777059436,6421225.140756162,True,True,False
9412,76,112,6606,2125912.4406670844,6413534.42716019,True,True,False
9413,76,113,6607,2124970.292062657,6405850.5265681995,True,True,False
9414,76,114,6608,2124030.3240215345,6398173.421389898,True,True,False
9415,76,115,6609,2123092.5293512694,6390503.094088547,False,False,False
9416,76,116,6610,2122156.900891404,6382839.527180743,False,False,False
9417,76,117,6611,2121223.431513299,6375182.703236183,True,False,False
9418,76,118,6612,2120292.1141199563,6367532.604877442,True,True,False
9419,76,119,6613,2119809.8557358915,6361249.165853903,False,True,False
9433,77,9,6614,2244602.881368165,7243380.087680123,False,False,False
9434,77,10,6615,2243432.489428176,7235264.83397931,False,False,False
9435,77,11,6616,2242214.5005469653,7226787.513526936,False,False,False
9436,77,12,6617,2240999.6542179445,7218319.094291452,False,True,False
9437,77,13,6618,2239787.938726737,7209859.551917579,False,True,False
9438,77,14,6619,2238579.342417295,7201408.862133489,False,True,False
9439,77,15,6620,2237373.853691547,7192967.000750411,False,False,False
9440,77,16,6621,2236171.461009035,7184533.943662277,False,False,False
9441,77,17,6622,2234972.152886564,7176109.666845326,False,False,False
9442,77,18,6623,2233775.917897852,7167694.146357726,False,False,False
9443,77,19,6624,2232582.7446731804,7159287.358339209,False,False,False
9444,77,20,6625,2231392.6218990474,7150889.279010689,False,True,False
9445,77,21,6626,2230205.538317825,7142499.884673901,False,True,False
9446,77,22,6627,2229021.4827274214,7134119.15171102,False,False,False
9447,77,23,6628,2227840.443980937,7125747.056584304,False,False,False
9448,77,24,6629,2226662.410986332,7117383.575835732,True,True,False
9449,77,25,6630,2225487.372706094,7109028.686086634,True,True,False
9450,77,26,6631,2224315.318156902,7100682.364037328,True,False,False
9451,77,27,6632,2223146.2364093056,7092344.586466774,False,False,False
9452,77,28,6633,2221980.1165873883,7084015.3302322,False,False,False
9453,77,29,6634,2220816.9478684547,7075694.572268762,False,False,False
9454,77,30,6635,2219656.719482701,7067382.289589184,False,False,False
9455,77,31,6636,2218499.4207128966,7059078.459283404,False,False,False
9456,77,32,6637,2217345.040894072,7050783.05851823,False,True,False
9457,77,33,6638,2216193.569413199,7042496.064536995,False,False,False
9458,77,34,6639,2215044.995708879,7034217.454659203,False,True,False
9459,77,35,6640,2213899.3092710357,7025947.206280187,False,False,False
9460,77,36,6641,2212756.4996406045,7017685.296870769,False,False,False
9461,77,37,6642,2211616.5564092253,7009431.703976929,False,False,False
9462,77,38,6643,2210479.469218944,7001186.4052194515,False,False,False
9463,77,39,6644,2209345.2277619056,6992949.378293594,False,False,False
9464,77,40,6645,2208213.8217800586,6984720.600968749,False,False,False
9465,77,41,6646,2207085.2410648544,6976500.051088126,False,False,False
9466,77,42,6647,2205959.475456957,6968287.706568405,False,False,False
9467,77,43,6648,2204836.514845943,6960083.545399407,False,False,False
9468,77,44,6649,2203716.349170019,6951887.545643773,True,True,False
9469,77,45,6650,2202598.968415726,6943699.685436642,False,False,False
9470,77,46,6651,2201484.362617657,6935519.94298531,False,False,False
9471,77,47,6652,2200372.521858168,6927348.296568923,False,False,False
9472,77,48,6653,2199263.4362671003,6919184.724538152,True,True,False
9473,77,49,6654,2198157.0960214944,6911029.20531487,True,True,False
9474,77,50,6655,2197053.4913453157,6902881.717391838,True,True,False
9475,77,51,6656,2195952.612509175,6894742.239332381,True,True,True
9476,77,52,6657,2194854.4498300557,6886610.749770095,True,False,True
9477,77,53,6658,2193758.9936710363,6878487.2274085,False,False,False
9478,77,54,6659,2192666.234441026,6870371.651020768,False,False,False
9479,77,55,6660,2191576.1625944898,6862263.999449391,False,False,False
9480,77,56,6661,2190488.7686311845,6854164.251605861,False,False,False
9481,77,57,6662,2189404.043095892,6846072.386470398,False,False,False
9482,77,58,6663,2188321.976578157,6837988.383091619,True,True,False
9483,77,59,6664,2187242.5597120225,6829912.220586248,True,False,False
9484,77,60,6665,2186165.783175774,6821843.878138798,False,False,False
9485,77,61,6666,2185091.637691677,6813783.335001297,False,False,False
9486,77,62,6667,2184020.114025724,6805730.570492972,False,False,False
9487,77,63,6668,2182951.2029873785,6797685.563999947,True,False,False
9488,77,64,6669,2181884.8954293234,6789648.294974969,True,True,False
9489,77,65,6670,2180821.182247208,6781618.742937092,True,True,False
9490,77,66,6671,2179760.054379401,6773596.887471403,True,False,False
9491,77,67,6672,2178701.5028067417,6765582.708228722,True,False,False
9492,77,68,6673,2177645.518552293,6757576.18492531,True,True,False
9493,77,69,6674,2176592.0926811015,6749577.29734259,False,True,False
9494,77,70,6675,2175541.2162999497,6741586.025326852,False,False,False
9495,77,71,6676,2174492.880557119,6733602.348788981,True,False,False
9496,77,72,6677,2173447.076642148,6725626.247704157,True,False,False
9497,77,73,6678,2172403.795785599,6717657.702111588,False,False,False
9498,77,74,6679,2171363.029258816,6709696.692114219,False,False,False
9499,77,75,6680,2170324.7683736966,6701743.197878462,False,False,False
9500,77,76,6681,2169289.0044824556,6693797.199633914,True,False,False
9501,77,77,6682,2168255.7289773957,6685858.677673081,False,True,False
9502,77,78,6683,2167224.933290677,6677927.612351104,False,False,False
9503,77,79,6684,2166196.6088940892,6670003.984085484,False,False,False
9504,77,80,6685,2165170.747298826,6662087.773355821,True,False,False
9505,77,81,6686,2164147.340055259,6654178.960703517,True,False,False
9506,77,82,6687,2163126.3787527173,6646277.52673154,True,True,False
9507,77,83,6688,2162107.855019262,6638383.452104146,True,True,False
9508,77,84,6689,2161091.760521468,6630496.717546587,True,True,False
9509,77,85,6690,2160078.0869642044,6622617.303844885,True,True,False
9510,77,86,6691,2159066.8260904197,6614745.191845543,True,True,False
9511,77,87,6692,2158057.9696809216,6606880.3624552945,True,False,False
9512,77,88,6693,2157051.509554168,6599022.796640831,False,False,False
9513,77,89,6694,2156047.4375660466,6591172.47542856,False,False,False
9514,77,90,6695,2155045.7456096727,6583329.379904335,False,True,False
9515,77,91,6696,2154046.4256151724,6575493.491213192,True,True,False
9516,77,92,6697,2153049.469549475,6567664.790559108,False,False,False
9517,77,93,6698,2152054.8694161093,6559843.259204745,False,False,False
9518,77,94,6699,2151062.6172549934,6552028.878471192,False,True,False
9519,77,95,6700,2150072.705142233,6544221.629737704,False,True,False
9520,77,96,6701,2149085.125189917,6536421.494441473,False,False,False
9521,77,97,6702,2148099.869545917,6528628.454077363,True,True,False
9522,77,98,6703,2147116.9303936837,6520842.49019767,False,False,False
9523,77,99,6704,2146136.2999520544,6513063.58441187,True,True,False
9524,77,100,6705,2145157.9704750474,6505291.718386374,True,True,False
9525,77,101,6706,2144181.934251671,6497526.873844289,True,True,False
9526,77,102,6707,2143208.183605728,6489769.032565167,False,True,False
9527,77,103,6708,2142236.710895618,6482018.176384777,True,True,False
9528,77,104,6709,2141267.5085141505,6474274.28719484,True,True,False
9529,77,105,6710,2140300.5688883485,6466537.346942815,False,True,False
9530,77,106,6711,2139335.8844792624,6458807.337631657,True,True,True
9531,77,107,6712,2138373.447781778,6451084.241319557,True,True,False
9532,77,108,6713,2137413.251324434,6443368.040119739,False,True,False
9533,77,109,6714,2136455.287669229,6435658.716200195,False,False,False
9534,77,110,6715,2135499.549411442,6427956.251783478,False,True,False
9535,77,111,6716,2134546.029179448,6420260.629146452,True,True,False
9536,77,112,6717,2133594.7196345315,6412571.830620072,False,False,False
9537,77,113,6718,2132645.6134707094,6404889.83858914,False,False,False
9538,77,114,6719,2131698.7034145496,6397214.635492087,True,True,False
9539,77,115,6720,2130753.982224991,6389546.203820757,True,True,False
9540,77,116,6721,2129811.442693168,6381884.526120142,True,True,False
9541,77,117,6722,2128871.0776422294,6374229.584988208,True,True,False
9542,77,118,6723,2127932.879927169,6366581.363075627,True,True,False
9543,77,119,6724,2127227.9980211365,6359291.071977605,False,True,False
9544,77,120,6725,2130016.1183627504,6354597.880472985,False,False,False
9557,78,9,6726,2253094.570289275,7242185.610269875,False,False,False
9558,78,10,6727,2251913.6423328,7234058.683291487,False,False,False
9559,78,11,6728,2250686.822041782,7225584.136072836,False,False,False
9560,78,12,6729,2249463.1660358505,7217118.4795488,False,False,False
9561,78,13,6730,2248242.6625251365,7208661.689416259,False,False,False
9562,78,14,6731,2247025.2997784424,7200213.7414552495,False,True,False
9563,78,15,6732,2245811.0661228835,7191774.611528552,False,True,False
9564,78,16,6733,2244599.9499435285,7183344.275581319,False,True,False
9565,78,17,6734,2243391.9396830467,7174922.70964069,False,False,False
9566,78,18,6735,2242187.023841353,7166509.88981544,False,False,False
9567,78,19,6736,2240985.1909752586,7158105.792295582,False,False,False
9568,78,20,6737,2239786.4296981227,7149710.393352006,False,False,False
9569,78,21,6738,2238590.728679509,7141323.669336128,False,True,False
9570,78,22,6739,2237398.076644841,7132945.5966794845,False,False,False
9571,78,23,6740,2236208.4623750634,7124576.151893412,False,False,False
9572,78,24,6741,2235021.8747063046,7116215.311568653,True,True,False
9573,78,25,6742,2233838.30252954,7107863.052375009,True,True,False
9574,78,26,6743,2232657.734790259,7099519.351060987,True,False,False
9575,78,27,6744,2231480.160488138,7091184.184453412,True,False,False
9576,78,28,6745,2230305.5686767083,7082857.529457129,False,False,False
9577,78,29,6746,2229133.948463033,7074539.36305459,False,False,False
9578,78,30,6747,2227965.2890073825,7066229.662305538,False,False,False
9579,78,31,6748,2226799.5795229143,7057928.404346656,False,False,False
9580,78,32,6749,2225636.8092753533,7049635.566391203,False,True,False
9581,78,33,6750,2224476.9675826766,7041351.125728679,False,True,False
9582,78,34,6751,2223320.043814799,7033075.059724485,False,True,False
9583,78,35,6752,2222166.0273932605,7024807.345819585,False,False,False
9584,78,36,6753,2221014.9077909174,7016547.961530144,False,False,False
9585,78,37,6754,2219866.6745316335,7008296.884447207,False,False,False
9586,78,38,6755,2218721.317189978,7000054.092236361,False,False,False
9587,78,39,6756,2217578.825390919,6991819.562637404,False,False,False
9588,78,40,6757,2216439.188809524,6983593.273464001,False,False,False
9589,78,41,6758,2215302.3971706606,6975375.202603361,False,False,False
9590,78,42,6759,2214168.440248702,6967165.328015898,False,False,False
9591,78,43,6760,2213037.3078672295,6958963.627734925,False,False,False
9592,78,44,6761,2211908.9898987417,6950770.079866301,True,True,False
9593,78,45,6762,2210783.4762643636,6942584.662588124,True,False,False
9594,78,46,6763,2209660.756933558,6934407.354150407,False,False,False
9595,78,47,6764,2208540.8219238403,6926238.132874744,True,False,False
9596,78,48,6765,2207423.6613004934,6918076.977154016,True,False,False
9597,78,49,6766,2206309.265176285,6909923.86545204,True,False,False
9598,78,50,6767,2205197.623711189,6901778.77630329,False,False,False
9599,78,51,6768,2204088.7271121037,6893641.688312553,True,False,False
9600,78,52,6769,2202982.56563258,6885512.580154632,False,False,True
9601,78,53,6770,2201879.129572544,6877391.430574023,False,False,False
9602,78,54,6771,2200778.4092780254,6869278.218384629,False,False,False
9603,78,55,6772,2199680.3951408844,6861172.922469427,False,False,False
9604,78,56,6773,2198585.077598549,6853075.521780168,False,False,False
9605,78,57,6774,2197492.4471337427,6844985.99533708,False,False,False
9606,78,58,6775,2196402.4942742204,6836904.322228569,False,True,False
9607,78,59,6776,2195315.209592507,6828830.481610903,True,True,False
9608,78,60,6777,2194230.583705635,6820764.452707917,False,False,False
9609,78,61,6778,2193148.607274885,6812706.214810723,False,False,False
9610,78,62,6779,2192069.2710055304,6804655.747277408,False,False,False
9611,78,63,6780,2190992.5656465753,6796613.029532726,True,True,False
9612,78,64,6781,2189918.4819905087,6788578.041067837,True,True,False
9613,78,65,6782,2188847.0108730444,6780550.761439977,True,False,False
9614,78,66,6783,2187778.1431728764,6772531.1702721985,True,False,False
9615,78,67,6784,2186711.8698114273,6764519.247253051,True,False,False
9616,78,68,6785,2185648.1817526,6756514.972136331,True,True,False
9617,78,69,6786,2184587.070002533,6748518.324740765,True,True,False
9618,78,70,6787,2183528.52560936,6740529.284949731,True,False,False
9619,78,71,6788,2182472.5396629632,6732547.832710988,True,False,False
9620,78,72,6789,2181419.1032947344,6724573.948036379,True,False,False
9621,78,73,6790,2180368.2076773387,6716607.611001564,True,False,False
9622,78,74,6791,2179319.844024472,6708648.801745733,True,False,False
9623,78,75,6792,2178274.0035906304,6700697.500471328,False,False,False
9624,78,76,6793,2177230.6776708746,6692753.687443769,True,False,False
9625,78,77,6794,2176189.8576005977,6684817.342991179,False,True,False
9626,78,78,6795,2175151.5347552933,6676888.447504124,True,False,False
9627,78,79,6796,2174115.7005503285,6668966.981435309,True,False,False
9628,78,80,6797,2173082.3464407134,6661052.925299347,True,False,False
9629,78,81,6798,2172051.4639208796,6653146.2596724555,True,True,False
9630,78,82,6799,2171023.044524451,6645246.965192212,True,True,False
9631,78,83,6800,2169997.0798240216,6637355.022557279,True,False,False
9632,78,84,6801,2168973.561430938,6629470.412527138,True,False,False
9633,78,85,6802,2167952.480995075,6621593.115921827,False,False,False
9634,78,86,6803,2166933.8302046186,6613723.113621685,False,False,False
9635,78,87,6804,2165917.6007858496,6605860.386567078,False,False,False
9636,78,88,6805,2164903.784502928,6598004.915758149,False,False,False
9637,78,89,6806,2163892.3731576763,6590156.682254563,False,False,False
9638,78,90,6807,2162883.3585893717,6582315.66717524,False,True,False
9639,78,91,6808,2161876.7326745316,6574481.851698097,True,False,False
9640,78,92,6809,2160872.4873267026,6566655.2170598125,False,False,False
9641,78,93,6810,2159870.6144962567,6558835.744555556,False,False,False
9642,78,94,6811,2158871.1061701793,6551023.415538742,False,True,False
9643,78,95,6812,2157873.9543718672,6543218.211420777,False,True,False
9644,78,96,6813,2156879.1511609233,6535420.113670824,True,True,False
9645,78,97,6814,2155886.688632951,6527629.103815525,True,True,False
9646,78,98,6815,2154896.5589193595,6519845.163438782,False,True,False
9647,78,99,6816,2153908.754187155,6512068.274181509,False,True,False
9648,78,100,6817,2152923.2666387497,6504298.417741364,True,True,False
9649,78,101,6818,2151940.0885117585,6496535.575872539,True,True,False
9650,78,102,6819,2150959.2120788065,6488779.730385486,False,True,False
9651,78,103,6820,2149980.6296473327,6481030.863146708,True,True,False
9652,78,104,6821,2149004.3335593953,6473288.956078493,True,True,False
9653,78,105,6822,2148030.3161914824,6465553.991158691,False,True,False
9654,78,106,6823,2147058.569954319,6457825.95042047,False,True,True
9655,78,107,6824,2146089.0872926745,6450104.815952083,True,True,False
9656,78,108,6825,2145121.860685182,6442390.569896635,False,False,False
9657,78,109,6826,2144156.882644143,6434683.194451849,False,False,False
9658,78,110,6827,2143194.145715344,6426982.671869832,True,True,False
9659,78,111,6828,2142233.6424778756,6419288.98445683,True,False,False
9660,78,112,6829,2141275.3655439424,6411602.114573035,False,False,False
9661,78,113,6830,2140319.3075586855,6403922.044632323,False,False,False
9662,78,114,6831,2139365.4611999984,6396248.757102031,False,True,False
9663,78,115,6832,2138413.81917835,6388582.234502746,False,True,False
9664,78,116,6833,2137464.3742366023,6380922.459408058,False,False,False
9665,78,117,6834,2136517.1191498367,6373269.414444364,False,False,False
9666,78,118,6835,2135572.0467251725,6365623.082290606,False,False,False
9667,78,119,6836,2134629.149801597,6357983.445678087,False,False,False
9668,78,120,6837,2135078.492087277,6353249.351976888,False,False,False
9681,79,9,6838,2261583.8809528686,7240982.346872449,False,False,False
9682,79,10,6839,2260392.395965534,7232843.774370516,False,False,False
9683,79,11,6840,2259156.7536054268,7224372.019460994,False,False,False
9684,79,12,6841,2257924.297216768,7215909.144656238,False,False,False
9685,79,13,6842,2256695.01493448,7207455.125705627,False,False,False
9686,79,14,6843,2255468.894952502,7199009.938441354,False,False,False
9687,79,15,6844,2254245.925523418,7190573.558778035,False,False,False
9688,79,16,6845,2253026.0949581075,7182145.962712348,False,True,False
9689,79,17,6846,2251809.3916253797,7173727.126322645,False,False,False
9690,79,18,6847,2250595.8039516257,7165317.025768583,False,False,False
9691,79,19,6848,2249385.32042046,7156915.637290768,False,False,False
9692,79,20,6849,2248177.9295723774,7148522.937210354,False,False,False
9693,79,21,6850,2246973.620004403,7140138.901928724,False,True,False
9694,79,22,6851,2245772.3803697466,7131763.507927072,False,True,False
9695,79,23,6852,2244574.1993774627,7123396.731766093,True,False,False
9696,79,24,6853,2243379.065792113,7115038.5500855865,True,True,False
9697,79,25,6854,2242186.9684334244,7106688.939604115,False,False,False
9698,79,26,6855,2240997.896175959,7098347.87711863,False,False,False
9699,79,27,6856,2239811.8379487786,7090015.3395041535,True,False,False
9700,79,28,6857,2238628.782735119,7081691.30371338,False,False,False
9701,79,29,6858,2237448.71957206,7073375.746776361,False,False,False
9702,79,30,6859,2236271.6375501985,7065068.645800135,False,False,False
9703,79,31,6860,2235097.525813332,7056769.977968393,False,False,False
9704,79,32,6861,2233926.37355813,7048479.720541124,False,False,False
9705,79,33,6862,2232758.1700338256,7040197.850854284,False,True,False
9706,79,34,6863,2231592.90454189,7031924.346319437,False,True,False
9707,79,35,6864,2230430.566435727,7023659.184423428,False,False,False
9708,79,36,6865,2229271.1451203567,7015402.342728045,False,False,False
9709,79,37,6866,2228114.630052108,7007153.798869672,False,False,False
9710,79,38,6867,2226961.010738313,6998913.530558969,False,False,False
9711,79,39,6868,2225810.2767370003,6990681.515580526,False,False,False
9712,79,40,6869,2224662.4176565944,6982457.731792547,False,False,False
9713,79,41,6870,2223517.4231556137,6974242.157126495,False,False,False
9714,79,42,6871,2222375.282942373,6966034.7695868015,False,False,False
9715,79,43,6872,2221235.9867746886,6957835.547250503,False,False,False
9716,79,44,6873,2220099.524459582,6949644.468266947,False,True,False
9717,79,45,6874,2218965.885852989,6941461.510857448,True,False,False
9718,79,46,6875,2217835.0608594706,6933286.653314981,True,False,False
9719,79,47,6876,2216707.039431925,6925119.87400386,True,False,False
9720,79,48,6877,2215581.8115713005,6916961.151359403,False,False,False
9721,79,49,6878,2214459.3673263146,6908810.4638876505,False,False,False
9722,79,50,6879,2213339.6967931665,6900667.790165017,False,False,False
9723,79,51,6880,2212222.790115265,6892533.108838007,True,False,False
9724,79,52,6881,2211108.637482944,6884406.398622878,True,False,True
9725,79,53,6882,2209997.2291331915,6876287.6383053465,False,False,False
9726,79,54,6883,2208888.555349372,6868176.806740287,False,False,False
9727,79,55,6884,2207782.606460956,6860073.8828514125,False,False,False
9728,79,56,6885,2206679.37284325,6851978.845630963,False,False,False
9729,79,57,6886,2205578.84491713,6843891.674139435,False,False,False
9730,79,58,6887,2204481.0131487697,6835812.347505244,False,False,False
9731,79,59,6888,2203385.8680493827,6827740.844924447,True,True,False
9732,79,60,6889,2202293.400174954,6819677.145660431,False,False,False
9733,79,61,6890,2201203.6001259834,6811621.22904364,False,False,False
9734,79,62,6891,2200116.4585472243,6803573.0744712455,True,True,False
9735,79,63,6892,2199031.966127427,6795532.661406867,True,True,False
9736,79,64,6893,2197950.1135990825,6787499.96938031,True,False,False
9737,79,65,6894,2196870.8917381703,6779474.97798722,True,False,False
9738,79,66,6895,2195794.291363905,6771457.666888842,False,False,False
9739,79,67,6896,2194720.303338487,6763448.015811705,True,False,False
9740,79,68,6897,2193648.9185668533,6755446.004547342,False,True,False
9741,79,69,6898,2192580.127996431,6747451.612952015,False,True,False
9742,79,70,6899,2191513.9226168925,6739464.8209464215,False,False,False
9743,79,71,6900,2190450.2934599128,6731485.608515413,False,False,False
9744,79,72,6901,2189389.231598925,6723513.955707723,False,False,False
9745,79,73,6902,2188330.7281488827,6715549.842635679,True,False,False
9746,79,74,6903,2187274.7742660223,6707593.2494749315,True,False,False
9747,79,75,6904,2186221.3611476235,6699644.156464177,True,False,False
9748,79,76,6905,2185170.4800317762,6691702.543904881,True,False,False
9749,79,77,6906,2184122.1221971456,6683768.392161002,True,True,False
9750,79,78,6907,2183076.278962741,6675841.681658731,True,False,False
9751,79,79,6908,2182032.941687686,6667922.392886203,True,True,False
9752,79,80,6909,2180992.1017709873,6660010.506393257,False,True,False
9753,79,81,6910,2179953.750651311,6652106.002791132,False,True,False
9754,79,82,6911,2178917.879806754,6644208.86275223,False,False,False
9755,79,83,6912,2177884.4807546213,6636319.067009835,True,False,False
9756,79,84,6913,2176853.5450512012,6628436.596357857,False,False,False
9757,79,85,6914,2175825.0642915475,6620561.431650568,False,False,False
9758,79,86,6915,2174799.0301092556,6612693.553802343,False,False,False
9759,79,87,6916,2173775.4341762513,6604832.943787389,False,False,False
9760,79,88,6917,2172754.2682025637,6596979.582639505,False,False,False
9761,79,89,6918,2171735.52393612,6589133.451451812,False,False,False
9762,79,90,6919,2170719.1931625255,6581294.5313765025,False,True,False
9763,79,91,6920,2169705.2677048547,6573462.803624585,True,False,False
9764,79,92,6921,2168693.7394234366,6565638.249465623,False,False,False
9765,79,93,6922,2167684.600215649,6557820.850227505,False,False,False
9766,79,94,6923,2166677.8420157097,6550010.587296172,False,True,False
9767,79,95,6924,2165673.456794466,6542207.442115378,False,False,False
9768,79,96,6925,2164671.4365591942,6534411.396186434,True,True,False
9769,79,97,6926,2163671.773353393,6526622.431067978,True,True,False
9770,79,98,6927,2162674.4592565834,6518840.528375709,False,True,False
9771,79,99,6928,2161679.4863841017,6511065.669782163,False,False,False
9772,79,100,6929,2160686.8468869072,6503297.837016447,False,True,False
9773,79,101,6930,2159696.5329513783,6495537.0118640205,True,True,False
9774,79,102,6931,2158708.536799116,6487783.176166438,False,True,False
9775,79,103,6932,2157722.8506867504,6480036.311821122,False,True,False
9776,79,104,6933,2156739.4669057433,6472296.400781108,True,True,False
9777,79,105,6934,2155758.3777821977,6464563.425054828,False,True,False
9778,79,106,6935,2154779.575676661,6456837.366705858,False,False,True
9779,79,107,6936,2153803.0529839387,6449118.207852692,True,True,True
9780,79,108,6937,2152828.8021329045,6441405.930668506,False,False,False
9781,79,109,6938,2151856.815586309,6433700.517380928,False,False,False
9782,79,110,6939,2150887.0858405954,6426001.950271799,True,True,False
9783,79,111,6940,2149919.6054257117,6418310.211676953,True,True,False
9784,79,112,6941,2148954.366904929,6410625.283985984,False,False,False
9785,79,113,6942,2147991.362874653,6402947.149642019,False,False,False
9786,79,114,6943,2147030.5859642494,6395275.791141485,False,False,False
9787,79,115,6944,2146072.028835855,6387611.191033887,False,True,False
9788,79,116,6945,2145115.684184202,6379953.331921597,False,False,False
9789,79,117,6946,2144161.5447364408,6372302.196459609,False,False,False
9790,79,118,6947,2143209.6032519583,6364657.767355333,False,False,False
9791,79,119,6948,2142259.852522206,6357020.027368353,False,False,False
9792,79,120,6949,2141960.4106243495,6351410.801015075,False,False,False
9805,80,9,6950,2270070.796870988,7239770.305601203,False,False,False
9806,80,10,6951,2268868.7339442777,7231620.115387071,False,False,False
9807,80,11,6952,2267624.278915445,7223151.171820675,False,False,False
9808,80,12,6953,2266383.031497613,7214691.097701897,False,False,False
9809,80,13,6954,2265144.97975079,7206239.868832908,False,False,False
9810,80,14,6955,2263910.111794333,7197797.461098366,False,False,False
9811,80,15,6956,2262678.415806585,7189363.850465028,False,False,False
9812,80,16,6957,2261449.8800245137,7180939.0129813915,False,True,False
9813,80,17,6958,2260224.4927433524,7172522.924777309,False,True,False
9814,80,18,6959,2259002.2423162437,7164115.56206363,False,False,False
9815,80,19,6960,2257783.1171538862,7155716.901131825,False,False,False
9816,80,20,6961,2256567.1057241815,7147326.91835362,False,False,False
9817,80,21,6962,2255354.1965518882,7138945.590180636,False,True,False
9818,80,22,6963,2254144.3782182746,7130572.893144038,False,True,False
9819,80,23,6964,2252937.639360774,7122208.803854148,True,True,False
9820,80,24,6965,2251733.9686726453,7113853.2990001105,False,True,False
9821,80,25,6966,2250533.3549026344,7105506.355349525,False,False,False
9822,80,26,6967,2249335.786854635,7097167.949748101,True,False,False
9823,80,27,6968,2248141.253387361,7088838.059119285,True,False,False
9824,80,28,6969,2246949.743414006,7080516.660463948,False,False,False
9825,80,29,6970,2245761.245901926,7072203.730859993,False,False,False
9826,80,30,6971,2244575.749872301,7063899.247462035,False,False,False
9827,80,31,6972,2243393.2443998177,7055603.187501048,False,False,False
9828,80,32,6973,2242213.718612348,7047315.528284033,False,False,False
9829,80,33,6974,2241037.161690625,7039036.247193661,False,True,False
9830,80,34,6975,2239863.5628679283,7030765.321687923,False,True,False
9831,80,35,6976,2238692.9114297694,7022502.729299837,False,False,False
9832,80,36,6977,2237525.1967135775,7014248.447637061,False,False,False
9833,80,37,6978,2236360.4081083885,7006002.4543815935,False,False,False
9834,80,38,6979,2235198.53505454,6997764.727289423,False,False,False
9835,80,39,6980,2234039.5670433594,6989535.244190207,False,False,False
9836,80,40,6981,2232883.4936168655,6981313.982986934,False,False,False
9837,80,41,6982,2231730.3043674626,6973100.921655601,False,False,False
9838,80,42,6983,2230579.988937644,6964896.038244893,False,False,False
9839,80,43,6984,2229432.53701969,6956699.310875849,False,False,False
9840,80,44,6985,2228287.938355379,6948510.717741548,False,True,False
9841,80,45,6986,2227146.182735686,6940330.2371067805,True,False,False
9842,80,46,6987,2226007.2600004976,6932157.847307738,True,False,False
9843,80,47,6988,2224871.1600383213,6923993.526751692,False,False,False
9844,80,48,6989,2223737.872785995,6915837.253916677,False,False,False
9845,80,49,6990,2222607.3882284067,6907689.007351176,False,False,False
9846,80,50,6991,2221479.696398207,6899548.765673818,False,False,False
9847,80,51,6992,2220354.7873755298,6891416.507573048,False,False,False
9848,80,52,6993,2219232.651287714,6883292.21180684,True,False,True
9849,80,53,6994,2218113.278309024,6875175.857202367,False,False,True
9850,80,54,6995,2216996.6586603755,6867067.422655727,False,False,False
9851,80,55,6996,2215882.782609062,6858966.887131599,False,False,False
9852,80,56,6997,2214771.6404684824,6850874.229662966,False,False,False
9853,80,57,6998,2213663.2225978733,6842789.429350815,False,False,False
9854,80,58,6999,2212557.5194020397,6834712.46536382,False,False,False
9855,80,59,7000,2211454.5213310877,6826643.316938063,True,True,False
9856,80,60,7001,2210354.218880165,6818581.963376725,False,False,False
9857,80,61,7002,2209256.602589193,6810528.3840497965,True,True,False
9858,80,62,7003,2208161.6630426096,6802482.558393777,True,True,False
9859,80,63,7004,2207069.3908691118,6794444.465911402,True,False,False
9860,80,64,7005,2205979.776741396,6786414.08617132,True,False,False
9861,80,65,7006,2204892.811375904,6778391.398807837,False,False,False
9862,80,66,7007,2203808.48553257,6770376.383520614,False,False,False
9863,80,67,7008,2202726.79001457,6762369.020074374,True,False,False
9864,80,68,7009,2201647.7156680683,6754369.28829863,False,True,False
9865,80,69,7010,2200571.2533819745,6746377.168087401,False,True,False
9866,80,70,7011,2199497.394087694,6738392.639398916,False,True,False
9867,80,71,7012,2198426.128758883,6730415.682255356,False,True,False
9868,80,72,7013,2197357.4484112076,6722446.276742554,False,True,False
9869,80,73,7014,2196291.3441021005,6714484.403009733,False,True,False
9870,80,74,7015,2195227.8069305224,6706530.041269223,False,True,False
9871,80,75,7016,2194166.8280367237,6698583.171796192,True,True,False
9872,80,76,7017,2193108.3986020074,6690643.774928357,True,True,False
9873,80,77,7018,2192052.5098484955,6682711.831065737,True,True,False
9874,80,78,7019,2190999.153038895,6674787.320670362,True,True,False
9875,80,79,7020,2189948.319476267,6666870.224266017,False,True,False
9876,80,80,7021,2188900.0005037948,6658960.522437965,False,False,False
9877,80,81,7022,2187854.187504557,6651058.195832685,False,False,False
9878,80,82,7023,2186810.8719013017,6643163.225157614,True,False,False
9879,80,83,7024,2185770.0451562176,6635275.591180866,True,False,False
9880,80,84,7025,2184731.6987707126,6627395.274730993,False,False,False
9881,80,85,7026,2183695.8242851924,6619522.256696695,False,False,False
9882,80,86,7027,2182662.4132788377,6611656.518026593,False,False,False
9883,80,87,7028,2181631.4573693834,6603798.039728946,False,False,False
9884,80,88,7029,2180602.948212905,6595946.802871409,False,False,False
9885,80,89,7030,2179576.8775035995,6588102.7885807585,False,False,False
9886,80,90,7031,2178553.23697357,6580265.978042669,False,True,False
9887,80,91,7032,2177532.0183926146,6572436.352501429,True,False,False
9888,80,92,7033,2176513.2135680085,6564613.893259701,True,False,False
9889,80,93,7034,2175496.814344303,6556798.581678286,False,False,False
9890,80,94,7035,2174482.8126031086,6548990.399175842,False,True,False
9891,80,95,7036,2173471.200262888,6541189.327228664,False,False,False
9892,80,96,7037,2172461.9692787514,6533395.347370426,True,False,False
9893,80,97,7038,2171455.1116422527,6525608.44119194,True,False,False
9894,80,98,7039,2170450.6193811824,6517828.590340902,False,False,False
9895,80,99,7040,2169448.484559368,6510055.776521657,False,False,False
9896,80,100,7041,2168448.699276471,6502289.981494959,True,False,False
9897,80,101,7042,2167451.255667789,6494531.187077726,True,True,False
9898,80,102,7043,2166456.1459040553,6486779.375142802,False,False,False
9899,80,103,7044,2165463.3621912445,6479034.527618712,False,False,False
9900,80,104,7045,2164472.896770375,6471296.626489434,True,True,False
9901,80,105,7046,2163484.7419173135,6463565.653794169,False,False,False
9902,80,106,7047,2162498.8899425855,6455841.591627082,False,False,True
9903,80,107,7048,2161515.3331911806,6448124.422137099,True,True,True
9904,80,108,7049,2160534.064042361,6440414.127527641,True,False,False
9905,80,109,7050,2159555.0749094756,6432710.690056435,False,False,False
9906,80,110,7051,2158578.3582397685,6425014.092035239,True,True,False
9907,80,111,7052,2157603.9065141953,6417324.315829644,True,True,False
9908,80,112,7053,2156631.712247235,6409641.343858837,False,False,False
9909,80,113,7054,2155661.7679867055,6401965.158595367,False,False,False
9910,80,114,7055,2154694.0663135834,6394295.742564934,False,False,False
9911,80,115,7056,2153728.599841818,6386633.07834615,False,True,False
9912,80,116,7057,2152765.361218155,6378977.148570325,False,False,False
9913,80,117,7058,2151804.3431219505,6371327.935921242,False,False,False
9914,80,118,7059,2150845.5382650006,6363685.423134935,False,False,False
9915,80,119,7060,2149888.939391356,6356049.5929994695,False,False,False
9916,80,120,7061,2149307.9934421503,6349441.066861186,False,False,False
9929,81,9,7062,2278555.3015923044,7238549.49462178,False,False,False
9930,81,10,7063,2277342.639923745,7230387.714563609,False,False,False
9931,81,11,7064,2276089.3816859643,7221921.601332677,False,False,False
9932,81,12,7065,2274839.352651663,7213464.346825177,False,False,False
9933,81,13,7066,2273592.5408062227,7205015.926896373,False,False,False
9934,81,14,7067,2272348.9341947087,7196576.31748368,False,False,False
9935,81,15,7068,2271108.520921508,7188145.4946062965,False,False,False
9936,81,16,7069,2269871.289149961,7179723.434364829,True,False,False
9937,81,17,7070,2268637.2271020073,7171310.11294093,True,True,False
9938,81,18,7071,2267406.3230578215,7162905.506596931,True,True,False
9939,81,19,7072,2266178.565355461,7154509.591675466,False,True,False
9940,81,20,7073,2264953.9423905136,7146122.344599109,False,True,False
9941,81,21,7074,2263732.4426157447,7137743.741870032,False,True,False
9942,81,22,7075,2262514.0545407506,7129373.76006962,True,False,False
9943,81,23,7076,2261298.766731615,7121012.37585813,True,True,False
9944,81,24,7077,2260086.567810563,7112659.56597433,False,False,False
9945,81,25,7078,2258877.446455623,7104315.307235143,False,False,False
9946,81,26,7079,2257671.3914002874,7095979.576535299,True,True,False
9947,81,27,7080,2256468.3914331784,7087652.350846983,True,True,False
9948,81,28,7081,2255268.4353977162,7079333.60721948,True,False,False
9949,81,29,7082,2254071.512191784,7071023.322778842,False,False,False
9950,81,30,7083,2252877.610767405,7062721.474727526,False,False,False
9951,81,31,7084,2251686.720130412,7054428.040344081,False,False,False
9952,81,32,7085,2250498.829340126,7046142.996982762,False,False,False
9953,81,33,7086,2249313.9275090354,7037866.3220732305,False,True,False
9954,81,34,7087,2248132.003802477,7029597.993120197,False,True,False
9955,81,35,7088,2246953.047438317,7021337.987703096,False,True,False
9956,81,36,7089,2245777.0476866392,7013086.2834757315,False,False,False
9957,81,37,7090,2244603.993869432,7004842.858165978,False,False,False
9958,81,38,7091,2243433.8753602775,6996607.689575414,False,False,False
9959,81,39,7092,2242266.681584046,6988380.7555790255,False,False,False
9960,81,40,7093,2241102.4020165876,6980162.034124851,False,False,False
9961,81,41,7094,2239941.026184431,6971951.503233674,False,False,False
9962,81,42,7095,2238782.5436644806,6963749.140998695,False,False,False
9963,81,43,7096,2237626.944083718,6955554.925585207,False,False,False
9964,81,44,7097,2236474.2171189077,6947368.835230274,False,True,False
9965,81,45,7098,2235324.3524962952,6939190.8482424235,True,True,False
9966,81,46,7099,2234177.3399913223,6931020.9430013085,True,False,False
9967,81,47,7100,2233033.1694283322,6922859.097957416,True,False,False
9968,81,48,7101,2231891.8306802786,6914705.291631733,True,False,False
9969,81,49,7102,2230753.3136684443,6906559.502615451,False,False,False
9970,81,50,7103,2229617.6083621522,6898421.709569638,False,False,False
9971,81,51,7104,2228484.704778485,6890291.891224948,False,False,False
9972,81,52,7105,2227354.5929820025,6882170.026381297,True,False,False
9973,81,53,7106,2226227.263084466,6874056.093907577,False,False,True
9974,81,54,7107,2225102.705244558,6865950.072741324,False,False,True
9975,81,55,7108,2223980.909667609,6857851.941888447,False,False,False
9976,81,56,7109,2222861.866605324,6849761.680422902,False,False,False
9977,81,57,7110,2221745.566355513,6841679.267486401,False,False,False
9978,81,58,7111,2220631.99926182,6833604.682288123,False,False,False
9979,81,59,7112,2219521.1557134567,6825537.904104407,True,True,False
9980,81,60,7113,2218413.0261449357,6817478.912278448,True,True,False
9981,81,61,7114,2217307.601035809,6809427.686220036,True,True,False
9982,81,62,7115,2216204.8709104056,6801384.205405224,True,False,False
9983,81,63,7116,2215104.826337569,6793348.449376078,True,False,False
9984,81,64,7117,2214007.4579304038,6785320.3977403445,False,False,False
9985,81,65,7118,2212912.756346014,6777300.030171203,False,False,False
9986,81,66,7119,2211820.7122852528,6769287.326406958,True,True,False
9987,81,67,7120,2210731.316492468,6761282.266250762,True,True,False
9988,81,68,7121,2209644.559755251,6753284.8295703195,False,True,False
9989,81,69,7122,2208560.432904185,6745294.996297635,False,True,False
9990,81,70,7123,2207478.9268126027,6737312.746428697,False,False,False
9991,81,71,7124,2206400.0323963356,6729338.060023227,False,False,False
9992,81,72,7125,2205323.740613472,6721370.917204385,False,False,False
9993,81,73,7126,2204250.0424641124,6713411.298158504,True,False,False
9994,81,74,7127,2203178.928990133,6705459.183134817,True,False,False
9995,81,75,7128,2202110.3912749393,6697514.552445164,True,False,False
9996,81,76,7129,2201044.4204432345,6689577.386463756,True,False,False
9997,81,77,7130,2199981.007660781,6681647.665626867,False,False,False
9998,81,78,7131,2198920.144134168,6673725.370432591,False,False,False
9999,81,79,7132,2197861.8211105745,6665810.481440557,False,False,False
10000,81,80,7133,2196806.02987754,6657902.979271679,False,False,False
10001,81,81,7134,2195752.7617627387,6650002.844607888,False,False,False
10002,81,82,7135,2194702.0081337444,6642110.058191852,True,False,False
10003,81,83,7136,2193653.760397809,6634224.600826736,True,False,False
10004,81,84,7137,2192608.010001636,6626346.453375922,False,False,False
10005,81,85,7138,2191564.748431157,6618475.596762765,False,False,False
10006,81,86,7139,2190523.9672113084,6610612.011970332,False,False,False
10007,81,87,7140,2189485.6579058124,6602755.680041128,False,False,False
10008,81,88,7141,2188449.8121169587,6594906.582076872,False,False,False
10009,81,89,7142,2187416.4214853835,6587064.699238202,False,False,False
10010,81,90,7143,2186385.477689857,6579230.012744469,False,True,False
10011,81,91,7144,2185356.9724470675,6571402.503873443,False,False,False
10012,81,92,7145,2184330.8975114087,6563582.153961084,True,False,False
10013,81,93,7146,2183307.244674764,6555768.944401299,False,False,False
10014,81,94,7147,2182286.0057663033,6547962.856645665,True,True,False
10015,81,95,7148,2181267.1726522683,6540163.872203216,True,False,False
10016,81,96,7149,2180250.7372357654,6532371.972640183,True,False,False
10017,81,97,7150,2179236.6914565647,6524587.139579733,False,False,False
10018,81,98,7151,2178225.027290887,6516809.354701764,False,False,False
10019,81,99,7152,2177215.7367512076,6509038.599742625,False,False,False
10020,81,100,7153,2176208.8118860503,6501274.856494898,False,False,False
10021,81,101,7154,2175204.244779788,6493518.106807151,True,True,False
10022,81,102,7155,2174202.0275524417,6485768.3325837,False,False,False
10023,81,103,7156,2173202.152359486,6478025.515784376,False,False,False
10024,81,104,7157,2172204.6113916477,6470289.638424285,True,True,False
10025,81,105,7158,2171209.396874714,6462560.6825735625,True,False,False
10026,81,106,7159,2170216.5010693367,6454838.6303571705,False,False,True
10027,81,107,7160,2169225.9162708395,6447123.463954633,True,True,True
10028,81,108,7161,2168237.634809025,6439415.165599822,True,True,False
10029,81,109,7162,2167251.6490479885,6431713.71758072,True,True,False
10030,81,110,7163,2166267.9513859237,6424019.102239199,True,True,False
10031,81,111,7164,2165286.534254939,6416331.301970781,False,False,False
10032,81,112,7165,2164307.390120867,6408650.299224426,False,False,False
10033,81,113,7166,2163330.5114830844,6400976.0765022915,False,False,False
10034,81,114,7167,2162355.890874321,6393308.616359518,False,True,False
10035,81,115,7168,2161383.520860484,6385647.901404003,False,True,False
10036,81,116,7169,2160413.394040468,6377993.914296176,False,False,False
10037,81,117,7170,2159445.5030459845,6370346.637748779,True,False,False
10038,81,118,7171,2158479.840541372,6362706.05452665,False,False,False
10039,81,119,7172,2157516.3992234264,6355072.147446496,False,False,False
10040,81,120,7173,2156675.16866708,6347575.820190593,False,False,False
10041,81,121,7174,2158684.0401900737,6342976.959804156,False,False,False
10053,82,9,7175,2287037.378702353,7237319.922151892,False,False,False
10054,82,10,7176,2285814.0975956726,7229146.580174131,False,False,False
10055,82,11,7177,2284552.0456679077,7220683.316229117,False,False,False
10056,82,12,7178,2283293.24448876,7212228.900216571,False,False,False
10057,82,13,7179,2282037.6819692766,7203783.308045139,False,False,False
10058,82,14,7180,2280785.3460805193,7195346.515705293,False,False,False
10059,82,15,7181,2279536.224853207,7186918.4992689695,True,False,False
10060,82,16,7182,2278290.30637734,7178499.234889186,True,False,False
10061,82,17,7183,2277047.5788018447,7170088.698799677,False,False,False
10062,82,18,7184,2275808.0303342105,7161686.867314547,True,False,False
10063,82,19,7185,2274571.6492401343,7153293.716827877,True,True,False
10064,82,20,7186,2273338.4238431645,7144909.2238133885,True,True,False
10065,82,21,7187,2272108.342524349,7136533.364824081,False,True,False
10066,82,22,7188,2270881.393721888,7128166.11649185,True,True,False
10067,82,23,7189,2269657.565930783,7119807.455527174,False,True,False
10068,82,24,7190,2268436.847702496,7111457.358718714,True,False,False
10069,82,25,7191,2267219.2276446056,7103115.802933005,True,True,False
10070,82,26,7192,2266004.694420468,7094782.765114076,True,True,False
10071,82,27,7193,2264793.236748881,7086458.222283112,True,True,False
10072,82,28,7194,2263584.8434037454,7078142.15153811,True,True,False
10073,82,29,7195,2262379.5032137386,7069834.530053534,True,False,False
10074,82,30,7196,2261177.205061979,7061535.335079965,True,False,False
10075,82,31,7197,2259977.937885704,7053244.543943768,False,False,False
10076,82,32,7198,2258781.6906759385,7044962.1340467585,False,True,False
10077,82,33,7199,2257588.452477179,7036688.082865847,False,True,False
10078,82,34,7200,2256398.2123870673,7028422.3679527175,False,False,False
10079,82,35,7201,2255210.9595560753,7020164.966933492,False,True,False
10080,82,36,7202,2254026.683187189,7011915.857508391,False,True,False
10081,82,37,7203,2252845.3725355905,7003675.017451421,False,False,False
10082,82,38,7204,2251667.0169083565,6995442.424610019,False,False,False
10083,82,39,7205,2250491.6056641354,6987218.056904747,False,False,False
10084,82,40,7206,2249319.1282128515,6979001.892328961,False,False,False
10085,82,41,7207,2248149.5740153957,6970793.908948487,False,False,False
10086,82,42,7208,2246982.9325833214,6962594.084901296,False,False,False
10087,82,43,7209,2245819.1934785456,6954402.398397188,False,False,False
10088,82,44,7210,2244658.3463130514,6946218.827717477,True,False,False
10089,82,45,7211,2243500.380748588,6938043.3512146585,True,True,False
10090,82,46,7212,2242345.286496382,6929875.947312111,False,True,False
10091,82,47,7213,2241193.053316838,6921716.59450378,False,False,False
10092,82,48,7214,2240043.671019256,6913565.271353863,True,False,False
10093,82,49,7215,2238897.1294615376,6905421.956496491,False,False,False
10094,82,50,7216,2237753.418549901,6897286.628635432,False,False,False
10095,82,51,7217,2236612.5282385997,6889159.266543782,False,False,False
10096,82,52,7218,2235474.4485296365,6881039.8490636535,True,False,False
10097,82,53,7219,2234339.1694724862,6872928.355105882,True,False,True
10098,82,54,7220,2233206.6811638162,6864824.763649698,False,False,True
10099,82,55,7221,2232076.9737472115,6856729.053742472,False,False,False
10100,82,56,7222,2230950.037412896,6848641.204499364,False,False,False
10101,82,57,7223,2229825.862397467,6840561.195103064,False,False,False
10102,82,58,7224,2228704.4389836187,6832489.004803478,False,False,False
10103,82,59,7225,2227585.7574998764,6824424.6129174335,True,False,False
10104,82,60,7226,2226469.80832033,6816367.998828389,True,True,False
10105,82,61,7227,2225356.5818643663,6808319.141986147,True,True,False
10106,82,62,7228,2224246.0685964096,6800278.021906562,True,False,False
10107,82,63,7229,2223138.259025657,6792244.618171244,False,False,False
10108,82,64,7230,2222033.143705822,6784218.910427273,False,True,False
10109,82,65,7231,2220930.713234875,6776200.8783869315,False,True,False
10110,82,66,7232,2219830.9582547867,6768190.501827387,True,True,False
10111,82,67,7233,2218733.869451275,6760187.760590447,False,False,False
10112,82,68,7234,2217639.4375535534,6752192.63458224,False,True,False
10113,82,69,7235,2216547.6533340793,6744205.103772963,False,True,False
10114,82,70,7236,2215458.5076083043,6736225.148196596,False,True,False
10115,82,71,7237,2214371.9912344287,6728252.747950617,False,False,False
10116,82,72,7238,2213288.095113155,6720287.883195734,False,False,False
10117,82,73,7239,2212206.8101874436,6712330.534155608,True,False,False
10118,82,74,7240,2211128.1274422714,6704380.681116584,False,False,False
10119,82,75,7241,2210052.037904391,6696438.304427411,False,False,False
10120,82,76,7242,2208978.5326420916,6688503.384498979,True,False,False
10121,82,77,7243,2207907.6027649613,6680575.901804049,False,False,False
10122,82,78,7244,2206839.2394236536,6672655.836876978,False,False,False
10123,82,79,7245,2205773.433809649,6664743.170313468,False,False,False
10124,82,80,7246,2204710.177155029,6656837.882770287,False,False,False
10125,82,81,7247,2203649.460732238,6648939.954965014,False,False,False
10126,82,82,7248,2202591.275853859,6641049.367675775,True,False,False
10127,82,83,7249,2201535.613872383,6633166.101740978,False,False,False
10128,82,84,7250,2200482.466179986,6625290.138059054,False,False,False
10129,82,85,7251,2199431.8242083006,6617421.457588207,False,False,False
10130,82,86,7252,2198383.679428195,6609560.041346152,False,False,False
10131,82,87,7253,2197338.023349551,6601705.870409856,False,False,False
10132,82,88,7254,2196294.847521044,6593858.92591529,False,False,False
10133,82,89,7255,2195254.14352992,6586019.189057167,False,True,False
10134,82,90,7256,2194215.903001788,6578186.641088699,False,True,False
10135,82,91,7257,2193180.117600396,6570361.263321344,False,True,False
10136,82,92,7258,2192146.7790274164,6562543.037124561,True,True,False
10137,82,93,7259,2191115.8790222392,6554731.943925551,True,True,False
10138,82,94,7260,2190087.409361757,6546927.965209015,True,True,False
10139,82,95,7261,2189061.3618601523,6539131.082516912,False,False,False
10140,82,96,7262,2188037.7283686935,6531341.277448225,False,False,False
10141,82,97,7263,2187016.5007755253,6523558.531658682,False,False,False
10142,82,98,7264,2185997.6710054628,6515782.826860551,False,False,False
10143,82,99,7265,2184981.231019789,6508014.144822394,False,True,False
10144,82,100,7266,2183967.1728160456,6500252.467368799,False,True,False
10145,82,101,7267,2182955.4884278406,6492497.776380185,True,True,False
10146,82,102,7268,2181946.1699246406,6484750.053792525,False,False,False
10147,82,103,7269,2180939.2094115736,6477009.281597134,False,False,False
10148,82,104,7270,2179934.5990292304,6469275.441840427,True,True,False
10149,82,105,7271,2178932.3309534723,6461548.516623688,True,False,False
10150,82,106,7272,2177932.3973952285,6453828.488102829,False,False,False
10151,82,107,7273,2176934.790600309,6446115.338488171,True,True,True
10152,82,108,7274,2175939.5028492105,6438409.050044209,True,True,False
10153,82,109,7275,2174946.5264569195,6430709.605089377,False,False,False
10154,82,110,7276,2173955.853772731,6423016.985995829,True,True,False
10155,82,111,7277,2172967.477180051,6415331.175189205,True,False,False
10156,82,112,7278,2171981.3890962163,6407652.15514841,False,False,False
10157,82,113,7279,2170997.581972303,6399979.908405393,False,True,False
10158,82,114,7280,2170016.048292943,6392314.417544912,False,True,False
10159,82,115,7281,2169036.7805761406,6384655.665204318,False,False,False
10160,82,116,7282,2168059.77137309,6377003.634073343,False,False,False
10161,82,117,7283,2167085.01326799,6369358.306893864,True,False,False
10162,82,118,7284,2166112.498877871,6361719.666459686,True,False,False
10163,82,119,7285,2165142.220852408,6354087.695616346,True,False,False
10164,82,120,7286,2164174.171873746,6346462.377260856,True,False,False
10165,82,121,7287,2164216.7537509007,6341482.453840422,True,False,False
10177,83,9,7288,2295517.011823724,7236081.596461119,False,False,False
10178,83,10,7289,2294283.09068903,7227896.720543996,False,False,False
10179,83,11,7290,2293012.2546492014,7219436.324793239,False,False,False
10180,83,12,7291,2291744.6908555226,7210984.766117456,False,False,False
10181,83,13,7292,2290480.3871449973,7202542.02047898,False,False,False
10182,83,14,7293,2289219.331414979,7194108.06392164,True,False,False
10183,83,15,7294,2287961.511622803,7185682.872570396,True,False,False
10184,83,16,7295,2286706.9157854184,7177266.422630959,False,False,False
10185,83,17,7296,2285455.5319790235,7168858.690389454,False,False,False
10186,83,18,7297,2284207.3483387046,7160459.652212035,False,False,False
10187,83,19,7298,2282962.3530580774,7152069.2845445275,False,False,False
10188,83,20,7299,2281720.534388931,7143687.563912081,True,False,False
10189,83,21,7300,2280481.8806408728,7135314.466918797,True,False,False
10190,83,22,7301,2279246.3801809787,7126949.97024738,True,True,False
10191,83,23,7302,2278014.021433444,7118594.050658797,True,True,False
10192,83,24,7303,2276784.792879237,7110246.684991899,True,True,False
10193,83,25,7304,2275558.683055755,7101907.850163093,False,True,False
10194,83,26,7305,2274335.680556485,7093577.5231659915,False,False,False
10195,83,27,7306,2273115.7740306617,7085255.6810710635,True,False,False
10196,83,28,7307,2271898.9521829346,7076942.301025274,False,True,False
10197,83,29,7308,2270685.2037730324,7068637.360251783,False,True,False
10198,83,30,7309,2269474.5176154315,7060340.83604956,True,True,False
10199,83,31,7310,2268266.8825790277,7052052.705793074,True,True,False
10200,83,32,7311,2267062.2875868077,7043772.946931942,True,True,False
10201,83,33,7312,2265860.7216155264,7035501.5369906,False,False,False
10202,83,34,7313,2264662.173695387,7027238.453567978,False,False,False
10203,83,35,7314,2263466.6329097133,7018983.674337144,False,False,False
10204,83,36,7315,2262274.088394642,7010737.177045003,False,True,False
10205,83,37,7316,2261084.5293388,7002498.939511938,False,True,False
10206,83,38,7317,2259897.9449829953,6994268.939631517,False,False,False
10207,83,39,7318,2258714.324619904,6986047.155370142,False,False,False
10208,83,40,7319,2257533.657593765,6977833.564766736,True,False,False
10209,83,41,7320,2256355.9333000677,6969628.14593242,True,False,False
10210,83,42,7321,2255181.141185254,6961430.877050197,True,False,False
10211,83,43,7322,2254009.270746412,6953241.736374626,True,False,False
10212,83,44,7323,2252840.3115309794,6945060.702231505,True,False,False
10213,83,45,7324,2251674.253136441,6936887.753017575,False,False,False
10214,83,46,7325,2250511.085210038,6928722.867200176,False,True,False
10215,83,47,7326,2249350.79744847,6920566.023316967,False,False,False
10216,83,48,7327,2248193.3795976066,6912417.199975585,True,False,False
10217,83,49,7328,2247038.8214521953,6904276.3758533625,False,False,False
10218,83,50,7329,2245887.1128555774,6896143.529697005,False,False,False
10219,83,51,7330,2244738.243699397,6888018.640322295,False,False,False
10220,83,52,7331,2243592.2039233237,6879901.686613784,False,False,False
10221,83,53,7332,2242448.9835147653,6871792.647524476,True,False,True
10222,83,54,7333,2241308.5725085936,6863691.502075563,False,False,False
10223,83,55,7334,2240170.960986862,6855598.2293560915,False,False,False
10224,83,56,7335,2239036.139078532,6847512.808522674,False,False,False
10225,83,57,7336,2237904.0969591993,6839435.218799208,False,False,False
10226,83,58,7337,2236774.8248508233,6831365.439476553,True,False,False
10227,83,59,7338,2235648.313021453,6823303.449912276,True,True,False
10228,83,60,7339,2234524.551784965,6815249.229530319,True,True,False
10229,83,61,7340,2233403.5315007893,6807202.7578207385,True,True,False
10230,83,62,7341,2232285.242573652,6799164.014339395,True,True,False
10231,83,63,7342,2231169.6754533104,6791132.978707695,False,True,False
10232,83,64,7343,2230056.820634289,6783109.630612273,False,True,False
10233,83,65,7344,2228946.6686556265,6775093.949804726,False,False,False
10234,83,66,7345,2227839.210100613,6767085.916101332,True,True,False
10235,83,67,7346,2226734.435596537,6759085.5093827555,True,True,False
10236,83,68,7347,2225632.335814432,6751092.709593778,False,False,False
10237,83,69,7348,2224532.9014688246,6743107.496743025,False,False,False
10238,83,70,7349,2223436.1233174833,6735129.850902672,False,True,False
10239,83,71,7350,2222341.9921611706,6727159.752208173,False,True,False
10240,83,72,7351,2221250.498843395,6719197.180858007,True,False,False
10241,83,73,7352,2220161.634250169,6711242.117113374,True,False,False
10242,83,74,7353,2219075.3893097625,6703294.5412979545,False,False,False
10243,83,75,7354,2217991.7549924604,6695354.433797607,False,False,False
10244,83,76,7355,2216910.722310328,6687421.775060127,True,False,False
10245,83,77,7356,2215832.2823169646,6679496.545594967,True,False,False
10246,83,78,7357,2214756.426107273,6671578.725972969,False,False,False
10247,83,79,7358,2213683.144817223,6663668.296826106,False,False,False
10248,83,80,7359,2212612.4296236127,6655765.23884721,False,False,False
10249,83,81,7360,2211544.271743845,6647869.532789728,False,False,False
10250,83,82,7361,2210478.662435688,6639981.159467431,True,False,False
10251,83,83,7362,2209415.5929970546,6632100.099754188,False,False,False
10252,83,84,7363,2208355.0547657683,6624226.334583687,False,False,False
10253,83,85,7364,2207297.03911934,6616359.844949178,False,False,False
10254,83,86,7365,2206241.537474745,6608500.611903231,False,False,False
10255,83,87,7366,2205188.541288198,6600648.6165574705,False,False,False
10256,83,88,7367,2204138.042054932,6592803.840082322,False,False,False
10257,83,89,7368,2203090.03130898,6584966.26370677,False,True,False
10258,83,90,7369,2202044.5006229556,6577135.868718103,False,True,False
10259,83,91,7370,2201001.4416078352,6569312.636461651,False,True,False
10260,83,92,7371,2199960.845912743,6561496.548340565,True,True,False
10261,83,93,7372,2198922.7052247394,6553687.585815543,True,True,False
10262,83,94,7373,2197887.011268605,6545885.7304046,False,False,False
10263,83,95,7374,2196853.755806631,6538090.963682822,False,False,False
10264,83,96,7375,2195822.9306384088,6530303.267282119,False,False,False
10265,83,97,7376,2194794.5276006237,6522522.622890985,False,False,False
10266,83,98,7377,2193768.5385668445,6514749.012254259,False,True,False
10267,83,99,7378,2192744.955447321,6506982.417172877,False,True,False
10268,83,100,7379,2191723.7701887786,6499222.819503652,False,False,False
10269,83,101,7380,2190704.9747742135,6491470.201159016,True,False,False
10270,83,102,7381,2189688.561222695,6483724.5441068,True,False,False
10271,83,103,7382,2188674.5215891637,6475985.830369988,False,False,False
10272,83,104,7383,2187662.847964229,6468254.042026493,True,True,False
10273,83,105,7384,2186653.5324739786,6460529.161208916,True,False,False
10274,83,106,7385,2185646.567279777,6452811.170104321,False,False,False
10275,83,107,7386,2184641.944578071,6445100.050954,False,False,True
10276,83,108,7387,2183639.656600198,6437395.786053251,True,True,False
10277,83,109,7388,2182639.6956121926,6429698.357751137,False,False,False
10278,83,110,7389,2181642.053914595,6422007.74845028,True,True,False
10279,83,111,7390,2180646.7238422628,6414323.940606613,True,True,False
10280,83,112,7391,2179653.6977641787,6406646.916729167,True,True,False
10281,83,113,7392,2178662.9680832685,6398976.659379855,True,True,False
10282,83,114,7393,2177674.52723621,6391313.151173231,False,False,False
10283,83,115,7394,2176688.3676932524,6383656.3747762805,False,False,False
10284,83,116,7395,2175704.481958025,6376006.312908202,False,False,False
10285,83,117,7396,2174722.8625673675,6368362.948340179,False,False,False
10286,83,118,7397,2173743.5020911344,6360726.2638951745,False,False,False
10287,83,119,7398,2172766.3931320254,6353096.2424476985,True,False,False
10288,83,120,7399,2171791.5283254,6345472.866923611,True,False,False
10289,83,121,7400,2171364.0997495595,6339545.920185425,False,False,False
10301,84,9,7401,2303994.184616288,7234834.525870715,True,False,False
10302,84,10,7402,2302749.602970228,7226638.144049724,False,False,False
10303,84,11,7403,2301469.9924549824,7218180.635359196,False,False,False
10304,84,12,7404,2300193.6756355497,7209731.952819898,False,False,False
10305,84,13,7405,2298920.640275186,7201292.072448131,True,False,False
10306,84,14,7406,2297650.8741978286,7192860.970341372,True,False,False
10307,84,15,7407,2296384.36528772,7184438.622677892,False,False,False
10308,84,16,7408,2295121.1014890457,7176025.005716408,False,False,False
10309,84,17,7409,2293861.070805562,7167620.0957957,False,False,False
10310,84,18,7410,2292604.2613002365,7159223.869334275,False,False,False
10311,84,19,7411,2291350.661094885,7150836.30282998,False,False,False
10312,84,20,7412,2290100.258369818,7142457.372859667,False,False,False
10313,84,21,7413,2288853.041363479,7134087.056078841,True,True,False
10314,84,22,7414,2287608.998372098,7125725.329221287,True,True,False
10315,84,23,7415,2286368.1177493352,7117372.169098735,True,True,False
10316,84,24,7416,2285130.3879059376,7109027.5526005095,False,False,False
10317,84,25,7417,2283895.797309392,7100691.456693172,False,False,False
10318,84,26,7418,2282664.334483583,7092363.858420181,False,False,False
10319,84,27,7419,2281435.9880084503,7084044.734901562,True,False,False
10320,84,28,7420,2280210.746519655,7075734.063333543,False,False,False
10321,84,29,7421,2278988.5987082394,7067431.820988225,False,False,False
10322,84,30,7422,2277769.5333202984,7059137.985213247,False,False,False
10323,84,31,7423,2276553.539156644,7050852.533431441,False,True,False
10324,84,32,7424,2275340.6050724825,7042575.443140502,True,False,False
10325,84,33,7425,2274130.719977083,7034306.691912661,True,False,False
10326,84,34,7426,2272923.872833459,7026046.257394339,True,False,False
10327,84,35,7427,2271720.052658043,7017794.117305833,True,False,False
10328,84,36,7428,2270519.248520368,7009550.249440969,True,False,False
10329,84,37,7429,2269321.4495427525,7001314.631666796,True,True,False
10330,84,38,7430,2268126.644899985,6993087.241923251,True,True,False
10331,84,39,7431,2266934.8238190124,6984868.058222835,True,False,False
10332,84,40,7432,2265745.9755786275,6976657.058650294,True,False,False
10333,84,41,7433,2264560.089509164,6968454.221362306,False,False,False
10334,84,42,7434,2263377.1549921883,6960259.524587149,True,False,False
10335,84,43,7435,2262197.161460199,6952072.946624391,True,False,False
10336,84,44,7436,2261020.0983963204,6943894.465844582,True,False,False
10337,84,45,7437,2259845.9553340087,6935724.060688936,True,False,False
10338,84,46,7438,2258674.721856753,6927561.709669013,True,True,False
10339,84,47,7439,2257506.3875977774,6919407.391366425,False,True,False
10340,84,48,7440,2256340.9422397506,6911261.084432504,True,False,False
10341,84,49,7441,2255178.3755144957,6903122.76758802,False,False,False
10342,84,50,7442,2254018.677202699,6894992.419622865,True,False,False
10343,84,51,7443,2252861.8371336223,6886870.019395738,True,False,False
10344,84,52,7444,2251707.845184822,6878755.545833869,True,False,False
10345,84,53,7445,2250556.6912818635,6870648.977932695,True,False,True
10346,84,54,7446,2249408.3653980396,6862550.294755575,True,False,False
10347,84,55,7447,2248262.857554092,6854459.475433486,True,False,False
10348,84,56,7448,2247120.157817935,6846376.499164722,True,False,False
10349,84,57,7449,2245980.256304381,6838301.345214619,True,False,False
10350,84,58,7450,2244843.143174865,6830233.99291524,True,True,False
10351,84,59,7451,2243708.8086371734,6822174.421665101,False,True,False
10352,84,60,7452,2242577.2429451765,6814122.610928864,True,False,False
10353,84,61,7453,2241448.436398561,6806078.540237065,True,False,False
10354,84,62,7454,2240322.3793425625,6798042.189185823,True,True,False
10355,84,63,7455,2239199.0621677004,6790013.537436537,True,True,False
10356,84,64,7456,2238078.47530952,6781992.564715634,False,False,False
10357,84,65,7457,2236960.6092483294,6773979.250814256,False,False,False
10358,84,66,7458,2235845.4545089393,6765973.575588,False,False,False
10359,84,67,7459,2234733.0016604117,6757975.518956626,True,True,False
10360,84,68,7460,2233623.241315798,6749985.060903783,False,False,False
10361,84,69,7461,2232516.1641318924,6742002.181476731,False,False,False
10362,84,70,7462,2231411.760808976,6734026.860786072,True,False,False
10363,84,71,7463,2230310.022090569,6726059.079005464,True,True,False
10364,84,72,7464,2229210.9387631817,6718098.816371354,True,True,False
10365,84,73,7465,2228114.501656068,6710146.053182716,False,False,False
10366,84,74,7466,2227020.7016409836,6702200.769800755,False,False,False
10367,84,75,7467,2225929.529631937,6694262.946648678,False,False,False
10368,84,76,7468,2224840.976584955,6686332.564211387,True,False,False
10369,84,77,7469,2223755.033497839,6678409.603035234,True,False,False
10370,84,78,7470,2222671.6914099264,6670494.043727755,False,False,False
10371,84,79,7471,2221590.9414018565,6662585.866957409,False,False,False
10372,84,80,7472,2220512.7745953347,6654685.053453303,False,False,False
10373,84,81,7473,2219437.1821528994,6646791.584004941,False,False,False
10374,84,82,7474,2218364.1552776885,6638905.439461972,True,False,False
10375,84,83,7475,2217293.685213213,6631026.600733911,False,False,False
10376,84,84,7476,2216225.7632431244,6623155.048789904,False,False,False
10377,84,85,7477,2215160.3806909896,6615290.764658461,False,False,False
10378,84,86,7478,2214097.528920066,6607433.729427205,False,False,False
10379,84,87,7479,2213037.199333078,6599583.924242617,False,False,False
10380,84,88,7480,2211979.383371991,6591741.33030978,False,True,False
10381,84,89,7481,2210924.072517794,6583905.928892149,False,True,False
10382,84,90,7482,2209871.258290278,6576077.701311273,False,True,False
10383,84,91,7483,2208820.9322478194,6568256.628946573,False,True,False
10384,84,92,7484,2207773.0859871632,6560442.693235065,True,True,False
10385,84,93,7485,2206727.7111432077,6552635.875671154,True,True,False
10386,84,94,7486,2205684.799388789,6544836.157806359,False,False,False
10387,84,95,7487,2204644.3424344724,6537043.521249081,False,False,False
10388,84,96,7488,2203606.332028338,6529257.947664355,False,False,False
10389,84,97,7489,2202570.7599557736,6521479.418773628,False,False,False
10390,84,98,7490,2201537.618039266,6513707.916354493,False,True,False
10391,84,99,7491,2200506.898138194,6505943.42224047,False,False,False
10392,84,100,7492,2199478.5921486216,6498185.918320758,False,False,False
10393,84,101,7493,2198452.6920030997,6490435.386540012,False,False,False
10394,84,102,7494,2197429.189670456,6482691.808898093,True,False,False
10395,84,103,7495,2196408.0771555984,6474955.167449848,False,False,False
10396,84,104,7496,2195389.3464993155,6467225.444304858,True,True,False
10397,84,105,7497,2194372.9897780744,6459502.621627239,True,False,False
10398,84,106,7498,2193358.999103826,6451786.681635382,False,False,False
10399,84,107,7499,2192347.366623811,6444077.606601732,False,False,True
10400,84,108,7500,2191338.0845203595,6436375.378852568,True,True,False
10401,84,109,7501,2190331.1450107037,6428679.980767771,False,True,False
10402,84,110,7502,2189326.5403467817,6420991.3947805995,True,True,False
10403,84,111,7503,2188324.2628150475,6413309.603377462,False,True,False
10404,84,112,7504,2187324.304736283,6405634.589097699,False,False,False
10405,84,113,7505,2186326.6584654073,6397966.334533346,True,True,False
10406,84,114,7506,2185331.316391291,6390304.822328943,False,False,False
10407,84,115,7507,2184338.2709365715,6382650.035181274,False,False,False
10408,84,116,7508,2183347.5145574654,6375001.955839186,False,False,False
10409,84,117,7509,2182359.039743586,6367360.567103342,False,False,False
10410,84,118,7510,2181372.839017762,6359725.851826027,False,False,False
10411,84,119,7511,2180388.9049358554,6352097.792910909,False,False,False
10412,84,120,7512,2179407.2300865827,6344476.373312838,False,False,False
10413,84,121,7513,2178733.369605146,6337542.314308342,True,True,False
10425,85,9,7514,2312468.8807773953,7233578.718753393,True,False,False
10426,85,10,7515,2311213.6182433255,7225370.859118763,True,False,False
10427,85,11,7516,2309925.2429478015,7216916.256311866,False,False,False
10428,85,12,7517,2308640.1827496244,7208470.468666445,True,False,False
10429,85,13,7518,2307358.4253385994,7200033.472253071,True,False,False
10430,85,14,7519,2306079.9584655385,7191605.243223163,False,False,False
10431,85,15,7520,2304804.7699418864,7183185.7578086,False,False,False
10432,85,16,7521,2303532.847639352,7174774.992321371,False,False,False
10433,85,17,7522,2302264.1794895367,7166372.923153216,False,False,False
10434,85,18,7523,2300998.753483576,7157979.526775267,False,False,False
10435,85,19,7524,2299736.55767177,7149594.779737682,False,False,False
10436,85,20,7525,2298477.5801632297,7141218.6586693125,True,True,False
10437,85,21,7526,2297221.8091255166,7132851.140277327,True,True,False
10438,85,22,7527,2295969.2327842885,7124492.201346874,False,False,False
10439,85,23,7528,2294719.839422948,7116141.818740736,True,True,False
10440,85,24,7529,2293473.617382294,7107799.969398973,True,False,False
10441,85,25,7530,2292230.555060174,7099466.630338572,False,False,False
10442,85,26,7531,2290990.640911138,7091141.778653138,False,False,False
10443,85,27,7532,2289753.8634461006,7082825.3915125,True,False,False
10444,85,28,7533,2288520.211231997,7074517.446162421,False,False,False
10445,85,29,7534,2287289.6728914487,7066217.919924222,False,False,False
10446,85,30,7535,2286062.237102428,7057926.790194467,False,False,False
10447,85,31,7536,2284837.8925979277,7049644.034444632,False,False,False
10448,85,32,7537,2283616.6281656274,7041369.6302207485,False,False,False
10449,85,33,7538,2282398.4326475686,7033103.555143096,False,False,False
10450,85,34,7539,2281183.2949398286,7024845.786905865,False,False,False
10451,85,35,7540,2279971.203992199,7016596.303276822,False,False,False
10452,85,36,7541,2278762.1488078632,7008355.082096999,False,False,False
10453,85,37,7542,2277556.118443079,7000122.1012803465,False,False,False
10454,85,38,7543,2276353.1020068633,6991897.338813438,False,True,False
10455,85,39,7544,2275153.088660676,6983680.772755128,False,True,False
10456,85,40,7545,2273956.0676181116,6975472.381236241,False,False,False
10457,85,41,7546,2272762.028144586,6967272.142459255,False,False,False
10458,85,42,7547,2271570.959557033,6959080.0346979825,False,False,False
10459,85,43,7548,2270382.851223597,6950896.036297255,True,False,False
10460,85,44,7549,2269197.692563331,6942720.125672611,False,False,False
10461,85,45,7550,2268015.473045895,6934552.281309993,False,False,False
10462,85,46,7551,2266836.1821912583,6926392.48176543,True,False,False
10463,85,47,7552,2265659.809569401,6918240.70566472,True,True,False
10464,85,48,7553,2264486.3448000243,6910096.931703142,True,True,False
10465,85,49,7554,2263315.7775522517,6901961.138645151,True,False,False
10466,85,50,7555,2262148.0975443427,6893833.305324044,True,False,False
10467,85,51,7556,2260983.294543405,6885713.410641708,False,False,False
10468,85,52,7557,2259821.3583651036,6877601.433568276,True,False,False
10469,85,53,7558,2258662.2788733817,6869497.353141846,True,False,True
10470,85,54,7559,2257506.045980176,6861401.148468192,False,False,False
10471,85,55,7560,2256352.6496451367,6853312.79872045,False,False,False
10472,85,56,7561,2255202.0798753477,6845232.283138833,True,False,False
10473,85,57,7562,2254054.3267250513,6837159.581030347,True,True,False
10474,85,58,7563,2252909.380295375,6829094.671768489,False,True,False
10475,85,59,7564,2251767.230734057,6821037.534792955,False,False,False
10476,85,60,7565,2250627.8682351736,6812988.149609356,True,False,False
10477,85,61,7566,2249491.2830388756,6804946.495788943,False,False,False
10478,85,62,7567,2248357.465431117,6796912.552968292,False,True,False
10479,85,63,7568,2247226.4057433894,6788886.300849054,True,False,False
10480,85,64,7569,2246098.0943524614,6780867.719197652,False,False,False
10481,85,65,7570,2244972.5216801167,6772856.787845006,False,False,False
10482,85,66,7571,2243849.6781928902,6764853.486686253,False,False,False
10483,85,67,7572,2242729.5544018173,6756857.795680461,True,True,False
10484,85,68,7573,2241612.140862169,6748869.694850375,False,False,False
10485,85,69,7574,2240497.4281732063,6740889.164282115,True,False,False
10486,85,70,7575,2239385.40697792,6732916.184124909,True,False,False
10487,85,71,7576,2238276.067962783,6724950.734590844,False,False,False
10488,85,72,7577,2237169.401857503,6716992.795954555,True,True,False
10489,85,73,7578,2236065.3994347705,6709042.348552985,False,True,False
10490,85,74,7579,2234964.0515100164,6701099.372785113,False,True,False
10491,85,75,7580,2233865.3489411655,6693163.849111672,False,False,False
10492,85,76,7581,2232769.282628395,6685235.758054891,True,False,False
10493,85,77,7582,2231675.843513896,6677315.080198241,True,False,False
10494,85,78,7583,2230585.0225816285,6669401.796186157,False,False,False
10495,85,79,7584,2229496.8108570892,6661495.886723782,False,False,False
10496,85,80,7585,2228411.199407071,6653597.33257671,False,False,False
10497,85,81,7586,2227328.179339433,6645706.114570719,False,False,False
10498,85,82,7587,2226247.7418028656,6637822.213591519,True,False,False
10499,85,83,7588,2225169.877986657,6629945.610584491,False,False,False
10500,85,84,7589,2224094.5791204674,6622076.286554445,False,False,False
10501,85,85,7590,2223021.8364740987,6614214.22256534,False,False,False
10502,85,86,7591,2221951.641357268,6606359.3997400515,False,True,False
10503,85,87,7592,2220883.9851193824,6598511.7992601255,False,True,False
10504,85,88,7593,2219818.859149315,6590671.402365505,False,True,False
10505,85,89,7594,2218756.2548751854,6582838.190354296,False,True,False
10506,85,90,7595,2217696.1637641364,6575012.144582521,False,False,False
10507,85,91,7596,2216638.577322114,6567193.246463867,False,False,False
10508,85,92,7597,2215583.4870936526,6559381.47746944,True,False,False
10509,85,93,7598,2214530.884661658,6551576.819127523,False,True,False
10510,85,94,7599,2213480.7616471914,6543779.253023337,False,True,False
10511,85,95,7600,2212433.1097092577,6535988.760798785,False,False,False
10512,85,96,7601,2211387.9205445903,6528205.324152232,False,False,False
10513,85,97,7602,2210345.1858874466,6520428.924838251,False,False,False
10514,85,98,7603,2209304.897509392,6512659.544667392,False,True,False
10515,85,99,7604,2208267.0472190976,6504897.165505931,False,False,False
10516,85,100,7605,2207231.626862131,6497141.769275656,False,False,False
10517,85,101,7606,2206198.628320751,6489393.3379536215,False,False,False
10518,85,102,7607,2205168.043513707,6481651.853571906,True,False,False
10519,85,103,7608,2204139.8643960343,6473917.298217393,True,False,False
10520,85,104,7609,2203114.082958851,6466189.654031544,True,True,False
10521,85,105,7610,2202090.691229166,6458468.903210144,True,False,False
10522,85,106,7611,2201069.681269671,6450755.0280030975,True,False,True
10523,85,107,7612,2200051.0451785508,6443048.010714191,True,True,True
10524,85,108,7613,2199034.775089284,6435347.833700865,True,True,False
10525,85,109,7614,2198020.8631704506,6427654.479373986,True,True,False
10526,85,110,7615,2197009.3016255386,6419967.930197635,True,False,False
10527,85,111,7616,2196000.0826927484,6412288.168688873,False,False,False
10528,85,112,7617,2194993.1986448085,6404615.177417514,False,False,False
10529,85,113,7618,2193988.6417887816,6396948.939005915,True,True,False
10530,85,114,7619,2192986.404465878,6389289.436128752,True,True,False
10531,85,115,7620,2191986.4790512677,6381636.651512801,False,False,False
10532,85,116,7621,2190988.8579538977,6373990.567936717,False,False,False
10533,85,117,7622,2189993.5336163035,6366351.168230816,False,False,False
10534,85,118,7623,2189000.4985144297,6358718.435276875,True,False,False
10535,85,119,7624,2188009.7451574435,6351092.352007888,True,False,False
10536,85,120,7625,2187021.2660875577,6343472.901407886,True,False,False
10537,85,121,7626,2186057.9811474537,6335879.843933373,True,True,False
10538,85,122,7627,2187275.054473858,6331272.814813768,False,False,False
10549,86,9,7628,2320941.084042093,7232314.183533123,False,False,False
10550,86,10,7629,2319675.1203502337,7224094.874229332,True,False,False
10551,86,11,7630,2318377.9900278323,7215643.196086633,True,False,False
10552,86,12,7631,2317084.1961559216,7207200.322049921,True,False,False
10553,86,13,7632,2315793.7263511536,7198766.228244335,True,False,False
10554,86,14,7633,2314506.568291512,7190340.890875515,False,False,False
10555,86,15,7634,2313222.709715934,7181924.286229234,False,False,False
10556,86,16,7635,2311942.1384239444,7173516.390671046,False,False,False
10557,86,17,7636,2310664.842275281,7165117.180645932,False,False,False
10558,86,18,7637,2309390.809189529,7156726.632677935,False,False,False
10559,86,19,7638,2308120.027145761,7148344.723369812,False,True,False
10560,86,20,7639,2306852.4841821697,7139971.429402666,True,True,False
10561,86,21,7640,2305588.1683957144,7131606.727535638,False,False,False
10562,86,22,7641,2304327.06794176,7123250.594605507,False,False,False
10563,86,23,7642,2303069.1710337293,7114903.007526382,False,True,False
10564,86,24,7643,2301814.4659427456,7106563.943289327,True,True,False
10565,86,25,7644,2300562.940997289,7098233.378962054,False,False,False
10566,86,26,7645,2299314.5845828485,7089911.291688547,False,False,False
10567,86,27,7646,2298069.3851415785,7081597.658688743,True,False,False
10568,86,28,7647,2296827.3311719573,7073292.45725818,False,False,False
10569,86,29,7648,2295588.41122845,7064995.664767687,False,False,False
10570,86,30,7649,2294352.6139211715,7056707.258663016,False,False,False
10571,86,31,7650,2293119.9279155512,7048427.216464545,False,False,False
10572,86,32,7651,2291890.341932005,7040155.5157669075,False,False,False
10573,86,33,7652,2290663.8447456015,7031892.134238696,False,False,False
10574,86,34,7653,2289440.4251857405,7023637.049622125,False,False,False
10575,86,35,7654,2288220.0721358242,7015390.239732701,False,False,False
10576,86,36,7655,2287002.774532939,7007151.682458904,False,False,False
10577,86,37,7656,2285788.5213675313,6998921.355761858,False,False,False
10578,86,38,7657,2284577.3016830944,6990699.237675015,False,False,False
10579,86,39,7658,2283369.104575849,6982485.306303842,False,True,False
10580,86,40,7659,2282163.919194435,6974279.539825493,False,True,False
10581,86,41,7660,2280961.7347395946,6966081.916488502,False,True,False
10582,86,42,7661,2279762.54046387,6957892.414612459,True,False,False
10583,86,43,7662,2278566.325671291,6949711.012587709,True,False,False
10584,86,44,7663,2277373.079717076,6941537.688875038,False,False,False
10585,86,45,7664,2276182.792007325,6933372.422005348,False,False,False
10586,86,46,7665,2274995.451998724,6925215.190579377,True,False,False
10587,86,47,7666,2273811.0491982438,6917065.973267374,True,False,False
10588,86,48,7667,2272629.5731628435,6908924.748808797,True,True,False
10589,86,49,7668,2271451.0134991813,6900791.496012013,False,False,False
10590,86,50,7669,2270275.359863318,6892666.193753994,False,False,False
10591,86,51,7670,2269102.6019604295,6884548.820980021,False,False,False
10592,86,52,7671,2267932.7295445185,6876439.356703379,True,False,False
10593,86,53,7672,2266765.7324181288,6868337.780005075,False,False,True
10594,86,54,7673,2265601.600432063,6860244.070033514,False,False,False
10595,86,55,7674,2264440.3234850974,6852158.206004239,False,False,False
10596,86,56,7675,2263281.891523705,6844080.167199608,True,False,False
10597,86,57,7676,2262126.2945417785,6836009.9329685345,True,True,False
10598,86,58,7677,2260973.522580351,6827947.482726167,True,False,False
10599,86,59,7678,2259823.5657273256,6819892.795953618,True,False,False
10600,86,60,7679,2258676.4141172,6811845.85219768,True,False,False
10601,86,61,7680,2257532.057930798,6803806.631070527,False,True,False
10602,86,62,7681,2256390.487395002,6795775.112249446,False,True,False
10603,86,63,7682,2255251.6927824863,6787751.275476545,True,False,False
10604,86,64,7683,2254115.6644114484,6779735.100558471,False,False,False
10605,86,65,7684,2252982.392645352,6771726.567366141,False,False,False
10606,86,66,7685,2251851.867892663,6763725.6558344485,False,True,False
10607,86,67,7686,2250724.080606589,6755732.345962006,True,True,False
10608,86,68,7687,2249599.021284826,6747746.6178108575,True,False,False
10609,86,69,7688,2248476.680469298,6739768.451506194,True,False,False
10610,86,70,7689,2247357.0487459055,6731797.827236115,False,False,False
10611,86,71,7690,2246240.116744273,6723834.725251319,False,False,False
10612,86,72,7691,2245125.875137499,6715879.125864863,True,True,False
10613,86,73,7692,2244014.3146419055,6707931.009451875,False,True,False
10614,86,74,7693,2242905.4260167927,6699990.356449299,False,True,False
10615,86,75,7694,2241799.200064193,6692057.147355612,False,True,False
10616,86,76,7695,2240695.6276286263,6684131.362730604,True,False,False
10617,86,77,7696,2239594.6995968586,6676212.983195041,True,False,False
10618,86,78,7697,2238496.4068976636,6668301.989430479,True,True,False
10619,86,79,7698,2237400.74050158,6660398.362178959,False,True,False
10620,86,80,7699,2236307.6914206753,6652502.082242756,False,True,False
10621,86,81,7700,2235217.2507083146,6644613.130484127,True,True,False
10622,86,82,7701,2234129.40945892,6636731.487825053,True,True,False
10623,86,83,7702,2233044.158807742,6628857.135246986,False,True,False
10624,86,84,7703,2231961.4899306293,6620990.053790585,False,True,False
10625,86,85,7704,2230881.394043796,6613130.22455547,False,True,False
10626,86,86,7705,2229803.862403598,6605277.62869998,False,True,False
10627,86,87,7706,2228728.8863063026,6597432.2474409025,False,True,False
10628,86,88,7707,2227656.457087867,6589594.0620532455,False,True,False
10629,86,89,7708,2226586.5661237147,6581763.05386997,False,False,False
10630,86,90,7709,2225519.204828512,6573939.204281759,False,False,False
10631,86,91,7710,2224454.3646559487,6566122.494736767,False,False,False
10632,86,92,7711,2223392.03709852,6558312.906740373,True,False,False
10633,86,93,7712,2222332.213687308,6550510.421854937,False,False,False
10634,86,94,7713,2221274.8859917675,6542715.0216995785,False,True,False
10635,86,95,7714,2220220.04561951,6534926.687949889,False,True,False
10636,86,96,7715,2219167.684216092,6527145.4023377495,False,True,False
10637,86,97,7716,2218117.7934648013,6519371.146651056,False,True,False
10638,86,98,7717,2217070.36508645,6511603.902733488,False,True,False
10639,86,99,7718,2216025.3908391627,6503843.652484284,False,False,False
10640,86,100,7719,2214982.862518171,6496090.377857996,False,False,False
10641,86,101,7720,2213942.771955607,6488344.060864256,False,False,False
10642,86,102,7721,2212905.111020298,6480604.6835675575,False,False,False
10643,86,103,7722,2211869.871617566,6472872.228087006,True,False,False
10644,86,104,7723,2210837.045689021,6465146.676596104,True,True,False
10645,86,105,7724,2209806.625212363,6457428.011322508,False,True,True
10646,86,106,7725,2208778.6022011847,6449716.214547811,True,False,True
10647,86,107,7726,2207752.9687047703,6442011.268607318,True,True,False
10648,86,108,7727,2206729.716807899,6434313.155889805,False,True,False
10649,86,109,7728,2205708.8386306525,6426621.85883732,True,True,False
10650,86,110,7729,2204690.326328218,6418937.3599449275,False,False,False
10651,86,111,7730,2203674.172090696,6411259.641760513,False,False,False
10652,86,112,7731,2202660.36814291,6403588.686884553,False,False,False
10653,86,113,7732,2201648.9067442142,6395924.47796989,False,False,False
10654,86,114,7733,2200639.7801883062,6388266.997721517,True,True,False
10655,86,115,7734,2199632.980803039,6380616.228896365,False,False,False
10656,86,116,7735,2198628.500950233,6372972.154303077,True,False,False
10657,86,117,7736,2197626.333025491,6365334.756801796,True,False,False
10658,86,118,7737,2196626.4694580147,6357704.019303952,True,False,False
10659,86,119,7738,2195628.902710424,6350079.9247720465,False,False,False
10660,86,120,7739,2194633.625278568,6342462.456219436,False,False,False
10661,86,121,7740,2193640.6296913526,6334851.596710125,False,False,False
10662,86,122,7741,2193453.764473621,6329580.674705503,False,False,False
10673,87,9,7742,2329410.778183332,7231040.928684934,False,False,False
10674,87,10,7743,2328134.093170924,7222810.197910155,False,False,False
10675,87,11,7744,2326828.21763307,7214361.4631691845,False,False,False
10676,87,12,7745,2325525.699850205,7205921.521413239,False,False,False
10677,87,13,7746,2324226.5273661246,7197490.348822311,True,False,False
10678,87,14,7747,2322930.6877862806,7189067.921656552,True,False,False
10679,87,15,7748,2321638.1687773997,7180654.216255921,True,False,False
10680,87,16,7749,2320348.958067112,7172249.209039817,False,False,False
10681,87,17,7750,2319063.0434435816,7163852.876506746,False,False,False
10682,87,18,7751,2317780.412755134,7155465.195233941,False,True,False
10683,87,19,7752,2316501.0539098973,7147086.141877029,False,True,False
10684,87,20,7753,2315224.954875432,7138715.693169674,True,False,False
10685,87,21,7754,2313952.1036783746,7130353.825923231,False,False,False
10686,87,22,7755,2312682.4884040803,7122000.517026405,False,False,False
10687,87,23,7756,2311416.097196266,7113655.743444891,False,False,False
10688,87,24,7757,2310152.918256658,7105319.482221056,True,True,False
10689,87,25,7758,2308892.9398446423,7096991.710473574,True,True,False
10690,87,26,7759,2307636.1502769175,7088672.4053971,False,False,False
10691,87,27,7760,2306382.5379271484,7080361.544261935,True,False,False
10692,87,28,7761,2305132.0912256255,7072059.10441368,False,False,False
10693,87,29,7762,2303884.7986589223,7063765.0632729195,False,False,False
10694,87,30,7763,2302640.6487695584,7055479.3983348645,False,False,False
10695,87,31,7764,2301399.6301556653,7047202.087169045,False,False,False
10696,87,32,7765,2300161.731470654,7038933.107418972,False,False,False
10697,87,33,7766,2298926.941422879,7030672.436801811,False,False,False
10698,87,34,7767,2297695.2487753197,7022420.053108054,False,False,False
10699,87,35,7768,2296466.6423452445,7014175.934201204,False,False,False
10700,87,36,7769,2295241.1110038925,7005940.058017449,False,False,False
10701,87,37,7770,2294018.643676153,6997712.402565336,False,False,False
10702,87,38,7771,2292799.229340243,6989492.945925457,False,False,False
10703,87,39,7772,2291582.8570273947,6981281.66625014,False,False,False
10704,87,40,7773,2290369.5158215365,6973078.541763117,False,False,False
10705,87,41,7774,2289159.194858982,6964883.550759231,False,True,False
10706,87,42,7775,2287951.8833281244,6956696.6716041,True,False,False
10707,87,43,7776,2286747.57046912,6948517.882733824,True,False,False
10708,87,44,7777,2285546.245573591,6940347.162654673,True,False,False
10709,87,45,7778,2284347.897984316,6932184.489942771,True,False,False
10710,87,46,7779,2283152.517094932,6924029.8432438085,True,False,False
10711,87,47,7780,2281960.0923496326,6915883.201272715,False,False,False
10712,87,48,7781,2280770.6132428735,6907744.542813367,True,True,False
10713,87,49,7782,2279584.069319073,6899613.846718296,True,False,False
10714,87,50,7783,2278400.4501723237,6891491.091908378,False,False,False
10715,87,51,7784,2277219.7454460985,6883376.257372527,True,False,False
10716,87,52,7785,2276041.9448329625,6875269.322167423,True,False,True
10717,87,53,7786,2274867.038074285,6867170.265417198,False,False,True
10718,87,54,7787,2273695.014959956,6859079.066313142,False,False,False
10719,87,55,7788,2272525.865328101,6850995.704113422,False,False,False
10720,87,56,7789,2271359.579064803,6842920.158142787,True,False,False
10721,87,57,7790,2270196.1461038203,6834852.40779227,False,True,False
10722,87,58,7791,2269035.5564263104,6826792.432518913,False,False,False
10723,87,59,7792,2267877.8000605553,6818740.211845473,True,False,False
10724,87,60,7793,2266722.8670816873,6810695.725360137,True,True,False
10725,87,61,7794,2265570.747611419,6802658.952716252,False,True,False
10726,87,62,7795,2264421.4318177695,6794629.87363201,False,True,False
10727,87,63,7796,2263274.9099148028,6786608.467890211,True,False,False
10728,87,64,7797,2262131.172162357,6778594.7153379535,False,False,False
10729,87,65,7798,2260990.208865782,6770588.595886367,True,False,False
10730,87,66,7799,2259852.010375676,6762590.089510331,True,True,False
10731,87,67,7800,2258716.567087629,6754599.176248199,True,False,False
10732,87,68,7801,2257583.869441957,6746615.836201547,False,False,False
10733,87,69,7802,2256453.907923453,6738640.04953486,False,False,False
10734,87,70,7803,2255326.673061125,6730671.7964753015,False,False,False
10735,87,71,7804,2254202.1554279467,6722711.057312421,False,False,False
10736,87,72,7805,2253080.3456406044,6714757.812397893,True,False,False
10737,87,73,7806,2251961.234359248,6706812.042145245,False,True,False
10738,87,74,7807,2250844.8122872408,6698873.7270295955,False,False,False
10739,87,75,7808,2249731.0701709143,6690942.847587398,True,True,False
10740,87,76,7809,2248619.9987993226,6683019.384416168,True,True,False
10741,87,77,7810,2247511.589004,6675103.318174216,False,True,False
10742,87,78,7811,2246405.831658719,6667194.6295804065,True,True,False
10743,87,79,7812,2245302.717679249,6659293.299413881,True,False,False
10744,87,80,7813,2244202.238023121,6651399.308513808,True,False,False
10745,87,81,7814,2243104.383689387,6643512.637779125,True,False,False
10746,87,82,7815,2242009.1457183873,6635633.268168289,False,False,False
10747,87,83,7816,2240916.515191517,6627761.180699007,False,False,False
10748,87,84,7817,2239826.483230992,6619896.356448012,False,False,False
10749,87,85,7818,2238739.0409996235,6612038.7765507735,False,False,False
10750,87,86,7819,2237654.1797005804,6604188.422201286,False,False,False
10751,87,87,7820,2236571.890577172,6596345.27465179,False,True,False
10752,87,88,7821,2235492.164912613,6588509.315212543,False,False,False
10753,87,89,7822,2234414.9940298074,6580680.525251558,False,False,False
10754,87,90,7823,2233340.3692911193,6572858.886194384,False,False,False
10755,87,91,7824,2232268.282098155,6565044.379523823,True,False,False
10756,87,92,7825,2231198.7238915414,6557236.986779722,True,False,False
10757,87,93,7826,2230131.6861507106,6549436.689558725,False,True,False
10758,87,94,7827,2229067.1603936777,6541643.4695140105,False,True,False
10759,87,95,7828,2228005.138176831,6533857.308355078,False,True,False
10760,87,96,7829,2226945.6110947146,6526078.187847497,False,True,False
10761,87,97,7830,2225888.5707798162,6518306.089812671,False,True,False
10762,87,98,7831,2224834.008902357,6510540.996127614,False,True,False
10763,87,99,7832,2223781.917170081,6502782.888724693,False,True,False
10764,87,100,7833,2222732.2873280467,6495031.749591414,False,False,False
10765,87,101,7834,2221685.11115842,6487287.560770186,False,False,False
10766,87,102,7835,2220640.380480269,6479550.304358085,True,False,False
10767,87,103,7836,2219598.0871493593,6471819.962506622,True,False,False
10768,87,104,7837,2218558.2230579513,6464096.517421524,True,True,False
10769,87,105,7838,2217520.780134598,6456379.9513625,False,True,True
10770,87,106,7839,2216485.7503439453,6448670.246643015,True,True,True
10771,87,107,7840,2215453.1256865337,6440967.385630061,True,True,False
10772,87,108,7841,2214422.8981985985,6433271.350743942,True,False,False
10773,87,109,7842,2213395.0599518744,6425582.124458039,True,False,False
10774,87,110,7843,2212369.6030534026,6417899.689298599,False,False,False
10775,87,111,7844,2211346.5196453338,6410224.027844509,False,False,False
10776,87,112,7845,2210325.801904737,6402555.12272707,False,False,False
10777,87,113,7846,2209307.4420434088,6394892.956629782,False,False,False
10778,87,114,7847,2208291.432307681,6387237.51228814,True,True,False
10779,87,115,7848,2207277.7649782365,6379588.772489396,False,True,False
10780,87,116,7849,2206266.4323699176,6371946.720072342,True,False,False
10781,87,117,7850,2205257.426831539,6364311.337927132,False,False,False
10782,87,118,7851,2204250.740745708,6356682.608995009,False,False,False
10783,87,119,7852,2203246.3665286335,6349060.516268152,False,False,False
10784,87,120,7853,2202244.2966299495,6341445.042789417,False,False,False
10785,87,121,7854,2201244.5235325303,6333836.171652159,False,False,False
10786,87,122,7855,2200706.1300507816,6327588.1688751755,False,False,False
10797,88,9,7856,2337877.9470121595,7229758.962734688,False,False,False
10798,88,10,7857,2336590.5206236276,7221516.838740308,False,False,False
10799,88,11,7858,2335275.909739537,7213071.0660953075,False,False,False
10800,88,12,7859,2333964.6778660305,7204634.075249176,False,False,False
10801,88,13,7860,2332656.8124743495,7196205.84243703,False,False,False
10802,88,14,7861,2331352.3010977097,7187786.343973828,False,False,False
10803,88,15,7862,2330051.1313309213,7179375.556253985,True,False,False
10804,88,16,7863,2328753.2908300166,7170973.455751047,True,False,False
10805,88,17,7864,2327458.7673118743,7162580.019017307,True,False,False
10806,88,18,7865,2326167.5485538533,7154195.22268348,True,True,False
10807,88,19,7866,2324879.6223934214,7145819.043458338,True,True,False
10808,88,20,7867,2323594.976727792,7137451.458128374,True,False,False
10809,88,21,7868,2322313.599513565,7129092.4435574515,False,False,False
10810,88,22,7869,2321035.478766363,7120741.976686451,False,False,False
10811,88,23,7870,2319760.602560479,7112400.034532951,False,False,False
10812,88,24,7871,2318488.959028517,7104066.594190867,True,False,False
10813,88,25,7872,2317220.5363610447,7095741.632830122,True,True,False
10814,88,26,7873,2315955.322806244,7087425.127696306,True,False,False
10815,88,27,7874,2314693.306669562,7079117.056110352,True,False,False
10816,88,28,7875,2313434.476313368,7070817.395468185,False,False,False
10817,88,29,7876,2312178.820156612,7062526.123240405,False,False,False
10818,88,30,7877,2310926.3266744856,7054243.216971952,False,False,False
10819,88,31,7878,2309676.9843980847,7045968.654281774,False,False,False
10820,88,32,7879,2308430.7819140744,7037702.412862509,False,False,False
10821,88,33,7880,2307187.7078643604,7029444.470480154,False,False,False
10822,88,34,7881,2305947.7509457534,7021194.804973745,False,False,False
10823,88,35,7882,2304710.899909646,7012953.394255033,False,False,False
10824,88,36,7883,2303477.143561687,7004720.216308163,False,False,False
10825,88,37,7884,2302246.4707614584,6996495.24918936,False,False,False
10826,88,38,7885,2301018.870422154,6988278.471026617,False,False,False
10827,88,39,7886,2299794.3315102616,6980069.860019363,False,False,False
10828,88,40,7887,2298572.843045249,6971869.394438167,False,False,False
10829,88,41,7888,2297354.3940992462,6963677.052624417,True,True,False
10830,88,42,7889,2296138.9737967392,6955492.812990009,True,True,False
10831,88,43,7890,2294926.571314254,6947316.65401705,True,True,False
10832,88,44,7891,2293717.1758800573,6939148.55425754,False,False,False
10833,88,45,7892,2292510.7767738434,6930988.492333064,False,False,False
10834,88,46,7893,2291307.3633264387,6922836.446934494,False,False,False
10835,88,47,7894,2290106.924919495,6914692.396821695,False,False,False
10836,88,48,7895,2288909.450985194,6906556.320823206,False,True,False
10837,88,49,7896,2287714.9310059515,6898428.197835951,True,False,False
10838,88,50,7897,2286523.3545141187,6890308.006824938,True,False,False
10839,88,51,7898,2285334.7110916963,6882195.726822972,True,False,True
10840,88,52,7899,2284148.9903700366,6874091.3369303495,False,False,True
10841,88,53,7900,2282966.1820295607,6865994.816314559,False,False,False
10842,88,54,7901,2281786.275799471,6857906.144210015,False,False,False
10843,88,55,7902,2280609.2614574647,6849825.299917743,False,False,False
10844,88,56,7903,2279435.1288294536,6841752.262805086,True,False,False
10845,88,57,7904,2278263.8677892815,6833687.012305454,False,True,False
10846,88,58,7905,2277095.46825845,6825629.527917997,False,False,False
10847,88,59,7906,2275929.920205834,6817579.789207348,True,False,False
10848,88,60,7907,2274767.2136474177,6809537.775803311,True,True,False
10849,88,61,7908,2273607.338646011,6801503.467400618,True,False,False
10850,88,62,7909,2272450.285310987,6793476.843758612,False,True,False
10851,88,63,7910,2271296.043798008,6785457.884700995,True,False,False
10852,88,64,7911,2270144.60430876,6777446.570115535,True,False,False
10853,88,65,7912,2268995.957090687,6769442.87995379,True,False,False
10854,88,66,7913,2267850.092436729,6761446.79423085,False,True,False
10855,88,67,7914,2266707.000685056,6753458.293025042,False,False,False
10856,88,68,7915,2265566.672218815,6745477.356477658,False,False,False
10857,88,69,7916,2264429.097465864,6737503.964792716,False,False,False
10858,88,70,7917,2263294.2668985217,6729538.098236647,False,False,False
10859,88,71,7918,2262162.1710333102,6721579.7371380655,False,False,False
10860,88,72,7919,2261032.800430701,6713628.861887475,True,False,False
10861,88,73,7920,2259906.1456948677,6705685.452937015,False,True,False
10862,88,74,7921,2258782.1974734315,6697749.490800195,False,True,False
10863,88,75,7922,2257660.946457218,6689820.956051638,True,True,False
10864,88,76,7923,2256542.383380007,6681899.829326808,False,True,False
10865,88,77,7924,2255426.4990182924,6673986.091321752,False,False,False
10866,88,78,7925,2254313.2841910357,6666079.72279286,False,False,False
10867,88,79,7926,2253202.729759426,6658180.70455657,True,False,False
10868,88,80,7927,2252094.8266266417,6650289.017489153,True,False,False
10869,88,81,7928,2250989.565737611,6642404.642526429,True,False,False
10870,88,82,7929,2249886.938078777,6634527.560663523,False,False,False
10871,88,83,7930,2248786.9346778616,6626657.752954619,False,False,False
10872,88,84,7931,2247689.546603633,6618795.200512702,False,False,False
10873,88,85,7932,2246594.764965675,6610939.884509302,False,False,False
10874,88,86,7933,2245502.580914155,6603091.786174257,False,False,False
10875,88,87,7934,2244412.9856395987,6595250.886795458,False,True,False
10876,88,88,7935,2243325.9703726587,6587417.167718612,False,False,False
10877,88,89,7936,2242241.5263838936,6579590.610346984,False,False,False
10878,88,90,7937,2241159.6449835417,6571771.19614116,False,False,False
10879,88,91,7938,2240080.317521299,6563958.90661881,True,False,False
10880,88,92,7939,2239003.5353860976,6556153.723354428,False,False,False
10881,88,93,7940,2237929.2900058883,6548355.627979121,False,True,False
10882,88,94,7941,2236857.5728474203,6540564.602180338,False,False,False
10883,88,95,7942,2235788.3754160265,6532780.627701654,False,False,False
10884,88,96,7943,2234721.6892554075,6525003.686342528,False,False,False
10885,88,97,7944,2233657.505947417,6517233.759958063,True,False,False
10886,88,98,7945,2232595.817111852,6509470.830458774,True,False,False
10887,88,99,7946,2231536.61440624,6501714.879810359,True,True,False
10888,88,100,7947,2230479.8895256305,6493965.890033458,True,True,False
10889,88,101,7948,2229425.6342023853,6486223.843203434,True,True,False
10890,88,102,7949,2228373.840205975,6478488.721450127,True,False,False
10891,88,103,7950,2227324.49934277,6470760.506957641,True,False,False
10892,88,104,7951,2226277.603455841,6463039.181964112,True,True,False
10893,88,105,7952,2225233.1444247505,6455324.728761469,False,True,True
10894,88,106,7953,2224191.1141653564,6447617.129695232,True,True,False
10895,88,107,7954,2223151.5046296106,6439916.3671642635,False,False,False
10896,88,108,7955,2222114.30780536,6432222.423620565,False,False,False
10897,88,109,7956,2221079.5157161485,6424535.281569037,True,False,False
10898,88,110,7957,2220047.120421023,6416854.923567273,True,False,False
10899,88,111,7958,2219017.114014336,6409181.332225332,True,False,False
10900,88,112,7959,2217989.488625555,6401514.490205524,False,False,False
10901,88,113,7960,2216964.2364190663,6393854.380222184,True,False,False
10902,88,114,7961,2215941.34959399,6386200.985041464,True,True,False
10903,88,115,7962,2214920.820383983,6378554.287481112,True,True,False
10904,88,116,7963,2213902.641057058,6370914.270410257,True,True,False
10905,88,117,7964,2212886.8039153893,6363280.916749205,False,False,False
10906,88,118,7965,2211873.3012951305,6355654.209469207,False,False,False
10907,88,119,7966,2210862.125566231,6348034.131592265,False,False,False
10908,88,120,7967,2209853.2691322495,6340420.666190918,False,False,False
10909,88,121,7968,2208846.72443017,6332813.79638802,False,False,False
10910,88,122,7969,2208077.3133548363,6325564.721672178,False,False,False
10911,88,123,7970,2210820.8165503703,6320861.617216906,False,False,False
10921,89,9,7971,2346342.5743779507,7228468.294258898,False,False,False
10922,89,10,7972,2345044.386665036,7220214.805348966,False,False,False
10923,89,11,7973,2343721.050361481,7211772.013450686,False,True,False
10924,89,12,7974,2342401.114274947,7203337.992100169,False,True,False
10925,89,13,7975,2341084.5658044224,7194912.717587964,False,True,False
10926,89,14,7976,2339771.392411187,7186496.166284102,False,True,False
10927,89,15,7977,2338461.5816184334,7178088.314637751,False,True,False
10928,89,16,7978,2337155.1210108884,7169689.139176864,False,True,False
10929,89,17,7979,2335851.9982344406,7161298.616507823,False,True,False
10930,89,18,7980,2334552.2009957684,7152916.723315085,False,True,False
10931,89,19,7981,2333255.717061971,7144543.436360855,True,True,False
10932,89,20,7982,2331962.534260202,7136178.732484722,True,False,False
10933,89,21,7983,2330672.6404773067,7127822.588603326,True,False,False
10934,89,22,7984,2329386.023659459,7119474.981710019,False,False,False
10935,89,23,7985,2328102.671811806,7111135.888874502,False,False,False
10936,89,24,7986,2326822.5729981107,7102805.287242527,False,False,False
10937,89,25,7987,2325545.7153403983,7094483.154035535,True,True,False
10938,89,26,7988,2324272.0870186067,7086169.466550314,True,False,False
10939,89,27,7989,2323001.6762702377,7077864.202158685,False,False,False
10940,89,28,7990,2321734.4713900103,7069567.338307168,False,False,False
10941,89,29,7991,2320470.4607295203,7061278.852516648,False,False,False
10942,89,30,7992,2319209.632696896,7052998.722382041,False,False,False
10943,89,31,7993,2317951.9757564636,7044726.92557198,False,False,False
10944,89,32,7994,2316697.4784284076,7036463.439828484,False,False,False
10945,89,33,7995,2315446.1292884387,7028208.242966652,False,False,False
10946,89,34,7996,2314197.916967464,7019961.312874298,False,False,False
10947,89,35,7997,2312952.830151257,7011722.627511686,False,False,False
10948,89,36,7998,2311710.857580129,7003492.164911176,False,False,False
10949,89,37,7999,2310471.9880486093,6995269.903176923,False,False,False
10950,89,38,8000,2309236.21040512,6987055.820484555,False,False,False
10951,89,39,8001,2308003.5135516566,6978849.895080866,False,False,False
10952,89,40,8002,2306773.8864434715,6970652.1052835025,False,False,False
10953,89,41,8003,2305547.3180887597,6962462.4294806495,True,False,False
10954,89,42,8004,2304323.797548344,6954280.8461307315,True,False,False
10955,89,43,8005,2303103.313935363,6946107.333762094,False,True,False
10956,89,44,8006,2301885.8564149686,6937941.870972711,False,True,False
10957,89,45,8007,2300671.4142040126,6929784.43642987,False,False,False
10958,89,46,8008,2299459.9765707455,6921635.00886988,False,False,False
10959,89,47,8009,2298251.532834516,6913493.567097764,False,False,False
10960,89,48,8010,2297046.0723654665,6905360.089986962,False,True,False
10961,89,49,8011,2295843.5845842413,6897234.556479028,False,False,False
10962,89,50,8012,2294644.0589616834,6889116.945583354,False,False,False
10963,89,51,8013,2293447.4850185495,6881007.236376851,True,False,True
10964,89,52,8014,2292253.852325209,6872905.408003662,False,False,True
10965,89,53,8015,2291063.1505013607,6864811.439674886,False,False,False
10966,89,54,8016,2289875.3692157436,6856725.310668271,False,False,False
10967,89,55,8017,2288690.49818585,6848647.000327931,False,False,False
10968,89,56,8018,2287508.527177644,6840576.488064057,True,False,False
10969,89,57,8019,2286329.446005274,6832513.753352635,False,True,False
10970,89,58,8020,2285153.2445308026,6824458.775735164,True,False,False
10971,89,59,8021,2283979.9126639203,6816411.53481836,True,True,False
10972,89,60,8022,2282809.4403616725,6808372.010273893,False,True,False
10973,89,61,8023,2281641.8176281867,6800340.181838087,True,True,False
10974,89,62,8024,2280477.0345143983,6792316.029311661,True,True,False
10975,89,63,8025,2279315.0811177804,6784299.532559438,True,True,False
10976,89,64,8026,2278155.9475820772,6776290.671510072,False,True,False
10977,89,65,8027,2276999.624097036,6768289.426155784,False,True,False
10978,89,66,8028,2275846.100898143,6760295.776552073,False,True,False
10979,89,67,8029,2274695.3682663594,6752309.702817444,False,True,False
10980,89,68,8030,2273547.4165278603,6744331.185133157,False,True,False
10981,89,69,8031,2272402.2360537774,6736360.203742945,False,True,False
10982,89,70,8032,2271259.8172599385,6728396.738952739,False,True,False
10983,89,71,8033,2270120.150606613,6720440.771130419,True,True,False
10984,89,72,8034,2268983.22659826,6712492.280705529,True,True,False
10985,89,73,8035,2267849.0357832704,6704551.248169033,False,True,False
10986,89,74,8036,2266717.568753723,6696617.654073037,False,False,False
10987,89,75,8037,2265588.8161451286,6688691.47903054,True,False,False
10988,89,76,8038,2264462.7686361885,6680772.703715168,False,True,False
10989,89,77,8039,2263339.416948547,6672861.308860906,False,True,False
10990,89,78,8040,2262218.7518465454,6664957.275261867,False,False,False
10991,89,79,8041,2261100.764136982,6657060.583771999,True,False,False
10992,89,80,8042,2259985.4446688723,6649171.215304873,True,False,False
10993,89,81,8043,2258872.784333206,6641289.150833388,True,False,False
10994,89,82,8044,2257762.7740627136,6633414.371389551,False,False,False
10995,89,83,8045,2256655.4048316297,6625546.858064208,False,False,False
10996,89,84,8046,2255550.6676554573,6617686.5920068035,False,False,False
10997,89,85,8047,2254448.553590736,6609833.554425108,False,False,False
10998,89,86,8048,2253349.053734811,6601987.726585026,False,False,False
10999,89,87,8049,2252252.159225604,6594149.089810279,False,True,False
11000,89,88,8050,2251157.861241384,6586317.625482221,False,False,False
11001,89,89,8051,2250066.1510005416,6578493.315039554,False,False,False
11002,89,90,8052,2248977.0197613644,6570676.139978112,False,False,False
11003,89,91,8053,2247890.458821813,6562866.0818505995,True,False,False
11004,89,92,8054,2246806.4595192997,6555063.122266367,False,True,False
11005,89,93,8055,2245725.0132304644,6547267.242891167,True,True,False
11006,89,94,8056,2244646.1113709635,6539478.42544691,True,False,False
11007,89,95,8057,2243569.7453952422,6531696.651711432,True,False,False
11008,89,96,8058,2242495.906796328,6523921.903518268,True,False,False
11009,89,97,8059,2241424.5871056085,6516154.162756406,True,False,False
11010,89,98,8060,2240355.777892623,6508393.411370053,False,False,False
11011,89,99,8061,2239289.470764848,6500639.631358415,False,False,False
11012,89,100,8062,2238225.6573674884,6492892.8047754485,True,False,False
11013,89,101,8063,2237164.329383265,6485152.913729654,True,True,False
11014,89,102,8064,2236105.4785322156,6477419.940383824,False,True,False
11015,89,103,8065,2235049.096571475,6469693.866954828,False,True,False
11016,89,104,8066,2233995.1752950824,6461974.675713387,True,True,False
11017,89,105,8067,2232943.7065337715,6454262.348983842,True,False,True
11018,89,106,8068,2231894.6821547714,6446556.869143933,True,True,False
11019,89,107,8069,2230848.0940616,6438858.218624575,False,False,False
11020,89,108,8070,2229803.934193873,6431166.37990964,False,False,False
11021,89,109,8071,2228762.1945270975,6423481.335535724,False,False,False
11022,89,110,8072,2227722.8670724807,6415803.068091947,False,False,False
11023,89,111,8073,2226685.9438767307,6408131.560219712,True,False,False
11024,89,112,8074,2225651.417021864,6400466.7946125055,True,False,False
11025,89,113,8075,2224619.278625011,6392808.754015659,True,False,False
11026,89,114,8076,2223589.520838224,6385157.421226176,True,True,False
11027,89,115,8077,2222562.1358482884,6377512.779092463,True,True,False
11028,89,116,8078,2221537.115876533,6369874.810514141,True,True,False
11029,89,117,8079,2220514.4531786386,6362243.498441853,True,True,False
11030,89,118,8080,2219494.140044455,6354618.825877015,False,False,False
11031,89,119,8081,2218476.168797812,6347000.775871627,False,False,False
11032,89,120,8082,2217460.531796338,6339389.331528066,False,False,False
11033,89,121,8083,2216447.2214312744,6331784.475998869,False,False,False
11034,89,122,8084,2215436.230127294,6324186.192486519,False,False,False
11035,89,123,8085,2215847.053332745,6319470.144240301,False,False,False
11045,90,9,8086,2354804.644168574,7227168.931884483,False,False,False
11046,90,10,8087,2353495.6752905073,7218904.106415223,False,False,False
11047,90,11,8088,2352163.623551574,7210464.313870681,False,False,False
11048,90,12,8089,2350834.993186691,7202033.280558133,False,True,False
11049,90,13,8090,2349509.7715228936,7193610.982823825,False,True,False
11050,90,14,8091,2348187.945949828,7185197.397093164,False,False,False
11051,90,15,8092,2346869.5039193635,7176792.499870334,False,False,False
11052,90,16,8093,2345554.4329452226,7168396.2677379865,False,False,False
11053,90,17,8094,2344242.7206025943,7160008.677356857,False,False,False
11054,90,18,8095,2342934.354527771,7151629.705465434,False,False,False
11055,90,19,8096,2341629.322417772,7143259.328879619,True,True,False
11056,90,20,8097,2340327.6120299776,7134897.524492373,True,False,False
11057,90,21,8098,2339029.211181765,7126544.269273394,True,False,False
11058,90,22,8099,2337734.107750143,7118199.540268748,True,False,False
11059,90,23,8100,2336442.2896713954,7109863.314600563,True,False,False
11060,90,24,8101,2335153.744940721,7101535.5694666775,True,False,False
11061,90,25,8102,2333868.4616118814,7093216.282140307,True,True,False
11062,90,26,8103,2332586.4277968467,7084905.42996971,True,True,False
11063,90,27,8104,2331307.631665446,7076602.990377866,True,True,False
11064,90,28,8105,2330032.061445021,7068308.940862146,True,False,False
11065,90,29,8106,2328759.705420081,7060023.25899397,True,True,False
11066,90,30,8107,2327490.551931961,7051745.922418511,True,False,False
11067,90,31,8108,2326224.589378481,7043476.908854328,True,False,False
11068,90,32,8109,2324961.806213608,7035216.196093093,True,False,False
11069,90,33,8110,2323702.1909471243,7026963.761999235,True,False,False
11070,90,34,8111,2322445.7321442906,7018719.584509626,True,False,False
11071,90,35,8112,2321192.4184255176,7010483.641633286,True,False,False
11072,90,36,8113,2319942.2384660398,7002255.911451046,True,False,False
11073,90,37,8114,2318695.1809955863,6994036.372115231,True,False,False
11074,90,38,8115,2317451.2347980607,6985825.001849361,False,False,False
11075,90,39,8116,2316210.3887112164,6977621.778947842,False,False,False
11076,90,40,8117,2314972.6316263424,6969426.681775637,False,False,False
11077,90,41,8118,2313737.9524879423,6961239.688767985,False,False,False
11078,90,42,8119,2312506.340293424,6953060.778430065,True,False,False
11079,90,43,8120,2311277.784092785,6944889.92933672,False,False,False
11080,90,44,8121,2310052.272988301,6936727.120132136,False,True,False
11081,90,45,8122,2308829.7961342214,6928572.329529535,False,True,False
11082,90,46,8123,2307610.3427364645,6920425.536310907,False,True,False
11083,90,47,8124,2306393.9020523084,6912286.719326675,False,False,False
11084,90,48,8125,2305180.4633900966,6904155.857495411,False,True,False
11085,90,49,8126,2303970.016108931,6896032.929803543,False,False,False
11086,90,50,8127,2302762.549618383,6887917.91530506,True,False,False
11087,90,51,8128,2301558.0533781927,6879810.793121225,True,True,True
11088,90,52,8129,2300356.5168979783,6871711.542440269,True,False,False
11089,90,53,8130,2299157.929736943,6863620.142517115,False,False,False
11090,90,54,8131,2297962.2815035884,6855536.572673082,False,False,False
11091,90,55,8132,2296769.561855427,6847460.812295603,False,False,False
11092,90,56,8133,2295579.7604986946,6839392.84083793,True,True,False
11093,90,57,8134,2294392.867188072,6831332.637818869,True,True,False
11094,90,58,8135,2293208.8717263974,6823280.182822476,True,True,False
11095,90,59,8136,2292027.7639643955,6815235.4554977985,False,True,False
11096,90,60,8137,2290849.533800393,6807198.435558562,False,False,False
11097,90,61,8138,2289674.1711800466,6799169.10278293,True,False,False
11098,90,62,8139,2288501.666096069,6791147.4370132,True,True,False
11099,90,63,8140,2287332.0085879583,6783133.418155546,False,False,False
11100,90,64,8141,2286165.1887417263,6775127.026179727,False,False,False
11101,90,65,8142,2285001.1966896337,6767128.241118829,False,False,False
11102,90,66,8143,2283840.02260992,6759137.043068986,False,False,False
11103,90,67,8144,2282681.656726543,6751153.412189109,False,False,False
11104,90,68,8145,2281526.089308914,6743177.328700618,False,False,False
11105,90,69,8146,2280373.3106716396,6735208.7728871815,False,False,False
11106,90,70,8147,2279223.31117426,6727247.725094446,False,False,False
11107,90,71,8148,2278076.0812209956,6719294.165729755,False,False,False
11108,90,72,8149,2276931.611260487,6711348.075261917,True,False,False
11109,90,73,8150,2275789.891785547,6703409.434220923,False,True,False
11110,90,74,8151,2274650.9133329033,6695478.223197684,True,True,False
11111,90,75,8152,2273514.6664829515,6687554.422843778,True,False,False
11112,90,76,8153,2272381.1418595067,6679638.013871195,False,False,False
11113,90,77,8154,2271250.330129556,6671728.977052072,False,True,False
11114,90,78,8155,2270122.222003014,6663827.2932184385,False,True,False
11115,90,79,8156,2268996.8082324774,6655932.943261968,True,True,False
11116,90,80,8157,2267874.079612987,6648045.9081337135,False,False,False
11117,90,81,8158,2266754.0269817836,6640166.168843872,True,False,False
11118,90,82,8159,2265636.641218072,6632293.706461518,True,False,False
11119,90,83,8160,2264521.9132427825,6624428.502114361,False,False,False
11120,90,84,8161,2263409.834018338,6616570.536988495,False,False,False
11121,90,85,8162,2262300.3945484166,6608719.792328155,False,False,False
11122,90,86,8163,2261193.585877722,6600876.24943547,False,True,False
11123,90,87,8164,2260089.3990917546,6593039.889670212,False,True,False
11124,90,88,8165,2258987.8253165768,6585210.694449566,False,False,False
11125,90,89,8166,2257888.8557185903,6577388.6452478655,False,False,False
11126,90,90,8167,2256792.481504308,6569573.723596375,False,False,False
11127,90,91,8168,2255698.693920131,6561765.9110830445,True,True,False
11128,90,92,8169,2254607.4842521236,6553965.189352248,True,True,False
11129,90,93,8170,2253518.843825794,6546171.540104588,True,False,False
11130,90,94,8171,2252432.764005871,6538384.945096607,True,False,False
11131,90,95,8172,2251349.2361960886,6530605.386140611,False,False,False
11132,90,96,8173,2250268.251838967,6522832.845104381,False,False,False
11133,90,97,8174,2249189.802415599,6515067.303910974,False,False,False
11134,90,98,8175,2248113.879445432,6507308.744538483,False,False,False
11135,90,99,8176,2247040.4744860595,6499557.149019793,False,False,False
11136,90,100,8177,2245969.5791330063,6491812.4994423725,False,False,False
11137,90,101,8178,2244901.1850195182,6484074.777948029,False,False,False
11138,90,102,8179,2243835.2838163576,6476343.966732693,False,False,False
11139,90,103,8180,2242771.8672315916,6468620.04804618,False,False,False
11140,90,104,8181,2241710.927010388,6460903.004191975,True,True,False
11141,90,105,8182,2240652.454934811,6453192.817527002,True,True,True
11142,90,106,8183,2239596.442823617,6445489.470461406,True,True,False
11143,90,107,8184,2238542.8825320527,6437792.945458323,False,False,False
11144,90,108,8185,2237491.765951656,6430103.2250336725,False,False,False
11145,90,109,8186,2236443.0850100545,6422420.291755929,False,False,False
11146,90,110,8187,2235396.8316707695,6414744.1282458985,False,False,False
11147,90,111,8188,2234352.9979330185,6407074.717176509,False,False,False
11148,90,112,8189,2233311.575831521,6399412.04127259,False,False,False
11149,90,113,8190,2232272.5574363004,6391756.083310659,True,True,False
11150,90,114,8191,2231235.9348524963,6384106.82611871,True,True,False
11151,90,115,8192,2230201.700220169,6376464.252575994,False,False,False
11152,90,116,8193,2229169.8457141137,6368828.345612797,False,False,False
11153,90,117,8194,2228140.3635436655,6361199.088210254,True,True,False
11154,90,118,8195,2227113.245952515,6353576.463400121,True,True,False
11155,90,119,8196,2226088.4852185217,6345960.454264566,True,True,False
11156,90,120,8197,2225066.073653528,6338351.043935959,True,True,False
11157,90,121,8198,2224046.0036031744,6330748.215596684,True,True,False
11158,90,122,8199,2223028.2674467172,6323151.952478896,True,True,False
11159,90,123,8200,2222679.051143236,6317573.49327257,False,False,False
11168,91,8,8201,2367995.532989723,7229677.524075563,False,False,False
11169,91,9,8202,2363288.8342957417,7225882.211709929,False,False,False
11170,91,10,8203,2361944.370534258,7217584.750667869,False,True,False
11171,91,11,8204,2360603.613401113,7209147.9760401305,False,True,False
11172,91,12,8205,2359266.2987493854,7200719.949264213,False,True,False
11173,91,13,8206,2357932.4138344643,7192300.646742354,False,True,False
11174,91,14,8207,2356601.9459746624,7183890.044955601,False,False,False
11175,91,15,8208,2355274.8825508277,7175488.120463445,False,False,False
11176,91,16,8209,2353951.211005971,7167094.8499035,False,False,False
11177,91,17,8210,2352630.918844882,7158710.209991133,False,False,False
11178,91,18,8211,2351313.9936337564,7150334.177519145,False,False,False
11179,91,19,8212,2350000.4229998267,7141966.7293574,True,True,False
11180,91,20,8213,2348690.1946309875,7133607.8424525075,True,False,False
11181,91,21,8214,2347383.2962754364,7125257.493827482,False,False,False
11182,91,22,8215,2346079.7157413005,7116915.660581391,False,False,False
11183,91,23,8216,2344779.4408962843,7108582.319889037,False,False,False
11184,91,24,8217,2343482.4596673036,7100257.449000619,True,False,False
11185,91,25,8218,2342188.7600401337,7091941.025241391,True,False,False
11186,91,26,8219,2340898.3300590524,7083633.026011343,True,True,False
11187,91,27,8220,2339611.1578264935,7075333.428784882,False,True,False
11188,91,28,8221,2338327.2315026927,7067042.2111104755,False,True,False
11189,91,29,8222,2337046.539305344,7058759.350610359,True,True,False
11190,91,30,8223,2335769.0695092576,7050484.824980189,False,False,False
11191,91,31,8224,2334494.810446014,7042218.611988737,False,False,False
11192,91,32,8225,2333223.7505036304,7033960.68947756,False,False,False
11193,91,33,8226,2331955.87812622,7025711.0353606865,False,False,False
11194,91,34,8227,2330691.18181366,7017469.6276243,False,False,False
11195,91,35,8228,2329429.6501212604,7009236.444326411,False,False,False
11196,91,36,8229,2328171.2716594324,7001011.463596579,False,False,False
11197,91,37,8230,2326916.035093364,6992794.663635551,True,False,False
11198,91,38,8231,2325663.9291426903,6984586.022714988,True,False,False
11199,91,39,8232,2324414.9425811805,6976385.519177145,False,False,False
11200,91,40,8233,2323169.0642364053,6968193.131434558,False,False,False
11201,91,41,8234,2321926.2829894302,6960008.837969745,False,False,False
11202,91,42,8235,2320686.587774493,6951832.617334905,True,False,False
11203,91,43,8236,2319449.967578692,6943664.448151603,False,False,False
11204,91,44,8237,2318216.4114416754,6935504.309110474,False,False,False
11205,91,45,8238,2316985.9084553313,6927352.178970938,False,False,False
11206,91,46,8239,2315758.447763483,6919208.036560875,False,True,False
11207,91,47,8240,2314534.0185615793,6911071.86077635,False,True,False
11208,91,48,8241,2313312.610096397,6902943.63058131,False,True,False
11209,91,49,8242,2312094.2116657374,6894823.325007282,False,True,False
11210,91,50,8243,2310878.812618129,6886710.923153098,True,True,False
11211,91,51,8244,2309666.4023525296,6878606.404184596,False,True,True
11212,91,52,8245,2308456.970318034,6870509.747334318,True,False,True
11213,91,53,8246,2307250.5060135806,6862420.931901247,False,False,False
11214,91,54,8247,2306046.998987659,6854339.937250504,False,False,False
11215,91,55,8248,2304846.4388380274,6846266.742813064,False,False,False
11216,91,56,8249,2303648.81521142,6838201.328085469,True,True,False
11217,91,57,8250,2302454.117803267,6830143.672629566,True,True,False
11218,91,58,8251,2301262.33635741,6822093.756072195,False,True,False
11219,91,59,8252,2300073.4606658216,6814051.558104935,False,False,False
11220,91,60,8253,2298887.480568329,6806017.058483825,True,False,False
11221,91,61,8254,2297704.3859523353,6797990.237029059,True,True,False
11222,91,62,8255,2296524.1667525466,6789971.073624754,True,True,False
11223,91,63,8256,2295346.812950696,6781959.548218635,False,False,False
11224,91,64,8257,2294172.314575277,6773955.64082179,False,False,False
11225,91,65,8258,2293000.6617012722,6765959.331508387,False,False,False
11226,91,66,8259,2291831.844449885,6757970.600415407,False,False,False
11227,91,67,8260,2290665.852988277,6749989.427742374,False,False,False
11228,91,68,8261,2289502.677529303,6742015.793751089,False,False,False
11229,91,69,8262,2288342.3083312474,6734049.67876537,False,False,False
11230,91,70,8263,2287184.735697568,6726091.063170768,False,False,False
11231,91,71,8264,2286029.949976634,6718139.927414333,True,False,False
11232,91,72,8265,2284877.9415614735,6710196.252004325,True,False,False
11233,91,73,8266,2283728.7008895148,6702260.017509969,False,False,False
11234,91,74,8267,2282582.218442337,6694331.204561187,True,True,False
11235,91,75,8268,2281438.4847454145,6686409.79384835,False,False,False
11236,91,76,8269,2280297.4903678726,6678495.766122008,False,False,False
11237,91,77,8270,2279159.2259222353,6670589.102192654,False,False,False
11238,91,78,8271,2278023.6820641807,6662689.782930442,False,False,False
11239,91,79,8272,2276890.849492299,6654797.789264957,True,True,False
11240,91,80,8273,2275760.7189478427,6646913.102184954,False,True,False
11241,91,81,8274,2274633.2812144933,6639035.702738113,False,False,False
11242,91,82,8275,2273508.527118117,6631165.572030778,True,False,False
11243,91,83,8276,2272386.447526528,6623302.691227718,True,False,False
11244,91,84,8277,2271267.0333492514,6615447.0415518815,False,False,False
11245,91,85,8278,2270150.275537289,6607598.604284147,False,False,False
11246,91,86,8279,2269036.1650828863,6599757.360763077,False,True,False
11247,91,87,8280,2267924.6930193002,6591923.292384675,False,False,False
11248,91,88,8281,2266815.850420569,6584096.380602148,False,False,False
11249,91,89,8282,2265709.628401283,6576276.606925665,False,False,False
11250,91,90,8283,2264606.01811636,6568463.952922111,True,True,False
11251,91,91,8284,2263505.0107608163,6560658.400214851,True,True,False
11252,91,92,8285,2262406.5975695443,6552859.930483494,True,True,False
11253,91,93,8286,2261310.769817092,6545068.525463662,False,False,False
11254,91,94,8287,2260217.5188174373,6537284.166946743,False,False,False
11255,91,95,8288,2259126.8359237723,6529506.836779662,False,False,False
11256,91,96,8289,2258038.712528283,6521736.516864656,False,False,False
11257,91,97,8290,2256953.1400619326,6513973.189159028,False,False,False
11258,91,98,8291,2255870.1099942494,6506216.83567493,False,False,False
11259,91,99,8292,2254789.6138331075,6498467.438479132,False,False,False
11260,91,100,8293,2253711.643124519,6490724.979692775,False,False,False
11261,91,101,8294,2252636.1894524205,6482989.441491162,False,False,False
11262,91,102,8295,2251563.244438464,6475260.806103534,False,False,False
11263,91,103,8296,2250492.7997418083,6467539.055812834,False,False,False
11264,91,104,8297,2249424.847058914,6459824.172955494,True,True,True
11265,91,105,8298,2248359.3781233355,6452116.139921187,True,True,True
11266,91,106,8299,2247296.3847055174,6444414.93915265,True,False,False
11267,91,107,8300,2246235.8586125923,6436720.553145415,False,False,False
11268,91,108,8301,2245177.791688179,6429032.964447622,False,False,False
11269,91,109,8302,2244122.1758121816,6421352.155659785,False,False,False
11270,91,110,8303,2243069.002900593,6413678.1094345795,False,False,False
11271,91,111,8304,2242018.264905292,6406010.808476624,False,False,False
11272,91,112,8305,2240969.9538138546,6398350.235542277,True,True,False
11273,91,113,8306,2239924.061649351,6390696.373439387,True,True,False
11274,91,114,8307,2238880.5804701587,6383049.205027133,False,False,False
11275,91,115,8308,2237839.502369765,6375408.713215757,False,False,False
11276,91,116,8309,2236800.819476579,6367774.8809663905,False,False,False
11277,91,117,8310,2235764.523953739,6360147.691290834,False,False,False
11278,91,118,8311,2234730.6079989253,6352527.127251332,True,False,False
11279,91,119,8312,2233699.0638441727,6344913.171960387,True,False,False
11280,91,120,8313,2232669.8837556834,6337305.808580542,False,False,False
11281,91,121,8314,2231643.0600336427,6329705.0203241715,False,False,False
11282,91,122,8315,2230618.585012034,6322110.790453285,False,False,False
11283,91,123,8316,2229979.014040646,6315540.219561593,False,False,False
11292,92,8,8317,2373780.5074587893,7229530.166447548,False,True,False
11293,92,9,8318,2371743.3853173647,7224699.24510505,False,True,False
11294,92,10,8319,2370390.456469565,7216256.746885178,False,True,False
11295,92,11,8320,2369041.0040402133,7207823.008693136,False,False,False
11296,92,12,8321,2367695.0151497363,7199398.006908618,False,False,False
11297,92,13,8322,2366352.476982183,7190981.717990127,False,True,False
11298,92,14,8323,2365013.3767848336,7182574.118474617,False,True,False
11299,92,15,8324,2363677.7018678174,7174175.184977183,False,False,False
11300,92,16,8325,2362345.4396037334,7165784.894190663,False,False,False
11301,92,17,8326,2361016.5774272643,7157403.22288534,False,False,False
11302,92,18,8327,2359691.102834808,7149030.14790858,False,False,False
11303,92,19,8328,2358369.0033841003,7140665.646184501,True,True,False
11304,92,20,8329,2357050.2666938426,7132309.694713624,False,False,False
11305,92,21,8330,2355734.8804433364,7123962.270572536,False,False,False
11306,92,22,8331,2354422.8323721183,7115623.350913591,False,False,False
11307,92,23,8332,2353114.110279592,7107292.912964514,True,False,False
11308,92,24,8333,2351808.7020246754,7098970.934028136,True,False,False
11309,92,25,8334,2350506.5955254366,7090657.391482017,True,False,False
11310,92,26,8335,2349207.7787587424,7082352.262778139,False,True,False
11311,92,27,8336,2347912.2397599015,7074055.525442582,False,False,False
11312,92,28,8337,2346619.9666223214,7065767.157075183,False,False,False
11313,92,29,8338,2345330.9474971513,7057487.13534924,False,False,False
11314,92,30,8339,2344045.170592946,7049215.438011163,False,False,False
11315,92,31,8340,2342762.6241753185,7040952.042880176,False,False,False
11316,92,32,8341,2341483.296566597,7032696.92784798,False,False,False
11317,92,33,8342,2340207.1761454944,7024450.070878459,False,False,False
11318,92,34,8343,2338934.2513467656,7016211.450007339,False,False,False
11319,92,35,8344,2337664.510660879,7007981.043341904,False,False,False
11320,92,36,8345,2336397.9426336824,6999758.829060661,False,False,False
11321,92,37,8346,2335134.5358660785,6991544.785413036,False,False,False
11322,92,38,8347,2333874.2790136933,6983338.8907190785,True,False,False
11323,92,39,8348,2332617.160786558,6975141.123369132,True,False,False
11324,92,40,8349,2331363.1699487837,6966951.461823553,False,False,False
11325,92,41,8350,2330112.2953182436,6958769.884612386,False,False,False
11326,92,42,8351,2328864.5257662525,6950596.370335074,True,False,False
11327,92,43,8352,2327619.85021726,6942430.897660154,False,False,False
11328,92,44,8353,2326378.257648528,6934273.4453249555,False,False,False
11329,92,45,8354,2325139.7370898277,6926123.992135309,False,False,False
11330,92,46,8355,2323904.2776231267,6917982.51696525,False,False,False
11331,92,47,8356,2322671.8683822863,6909848.998756699,False,False,False
11332,92,48,8357,2321442.498552754,6901723.416519217,False,False,False
11333,92,49,8358,2320216.1573712653,6893605.749329672,True,False,False
11334,92,50,8359,2318992.83412554,6885495.9763319595,True,False,False
11335,92,51,8360,2317772.5181539883,6877394.076736718,False,True,False
11336,92,52,8361,2316555.198845412,6869300.029821044,True,False,True
11337,92,53,8362,2315340.8656387134,6861213.814928202,False,False,False
11338,92,54,8363,2314129.5080226013,6853135.411467335,False,False,False
11339,92,55,8364,2312921.1155353035,6845064.798913184,False,False,False
11340,92,56,8365,2311715.6777642774,6837001.956805817,True,True,False
11341,92,57,8366,2310513.1843459276,6828946.864750329,True,True,False
11342,92,58,8367,2309313.6249653175,6820899.502416586,False,False,False
11343,92,59,8368,2308116.989355892,6812859.849538918,True,False,False
11344,92,60,8369,2306923.2672991958,6804827.885915876,True,False,False
11345,92,61,8370,2305732.448624596,6796803.59140992,False,True,False
11346,92,62,8371,2304544.5232090056,6788786.945947193,True,False,False
11347,92,63,8372,2303359.48097661,6780777.929517197,True,False,False
11348,92,64,8373,2302177.3118985966,6772776.522172559,False,False,False
11349,92,65,8374,2300998.0059928806,6764782.704028749,False,False,False
11350,92,66,8375,2299821.55332384,6756796.455263802,False,False,False
11351,92,67,8376,2298647.9440020486,6748817.756118068,False,False,False
11352,92,68,8377,2297477.1681840084,6740846.586893952,False,False,False
11353,92,69,8378,2296309.2160718925,6732882.927955611,False,False,False
11354,92,70,8379,2295144.077913276,6724926.759728729,False,False,False
11355,92,71,8380,2293981.7440008842,6716978.062700253,True,False,False
11356,92,72,8381,2292822.2046723305,6709036.817418107,False,False,False
11357,92,73,8382,2291665.4503098615,6701103.004490963,False,False,False
11358,92,74,8383,2290511.4713401045,6693176.604587955,True,True,False
11359,92,75,8384,2289360.258233811,6685257.598438449,False,False,False
11360,92,76,8385,2288211.8015056117,6677345.966831763,False,False,False
11361,92,77,8386,2287066.091713763,6669441.690616935,False,False,False
11362,92,78,8387,2285923.119459901,6661544.750702457,False,False,False
11363,92,79,8388,2284782.8753887964,6653655.128056024,True,False,False
11364,92,80,8389,2283645.350188112,6645772.803704287,True,True,False
11365,92,81,8390,2282510.5345881544,6637897.758732606,False,False,False
11366,92,82,8391,2281378.4193616416,6630029.974284795,False,False,False
11367,92,83,8392,2280248.995323456,6622169.43156288,True,False,False
11368,92,84,8393,2279122.2533304133,6614316.111826857,False,False,False
11369,92,85,8394,2277998.184281023,6606469.996394435,False,False,False
11370,92,86,8395,2276876.7791152536,6598631.066640811,False,True,False
11371,92,87,8396,2275758.028814304,6590799.303998414,True,False,False
11372,92,88,8397,2274641.9244003664,6582974.689956666,True,False,False
11373,92,89,8398,2273528.4569364013,6575157.206061748,True,True,False
11374,92,90,8399,2272417.617525907,6567346.833916361,True,True,False
11375,92,91,8400,2271309.397312694,6559543.55517948,False,False,False
11376,92,92,8401,2270203.787480661,6551747.351566129,True,True,False
11377,92,93,8402,2269100.779253567,6543958.204847138,False,False,False
11378,92,94,8403,2268000.3638948146,6536176.096848918,False,False,False
11379,92,95,8404,2266902.5327072255,6528401.009453218,False,False,False
11380,92,96,8405,2265807.277032823,6520632.9245969,False,False,False
11381,92,97,8406,2264714.588252614,6512871.824271695,False,False,False
11382,92,98,8407,2263624.4577863715,6505117.69052401,False,False,False
11383,92,99,8408,2262536.8770924225,6497370.505454654,False,False,False
11384,92,100,8409,2261451.837667432,6489630.251218641,False,False,False
11385,92,101,8410,2260369.3310461915,6481896.910024946,False,False,False
11386,92,102,8411,2259289.3488014094,6474170.464136304,False,False,False
11387,92,103,8412,2258211.882543501,6466450.895868954,True,False,True
11388,92,104,8413,2257136.9239203795,6458738.187592445,True,False,True
11389,92,105,8414,2256064.4646172523,6451032.321729399,True,True,False
11390,92,106,8415,2254994.496356412,6443333.280755294,True,False,False
11391,92,107,8416,2253927.010897037,6435641.0471982425,False,False,False
11392,92,108,8417,2252862.0000349856,6427955.6036387775,False,False,False
11393,92,109,8418,2251799.455602595,6420276.932709625,False,False,False
11394,92,110,8419,2250739.3694684845,6412605.017095509,False,False,False
11395,92,111,8420,2249681.7335373526,6404939.839532905,False,False,False
11396,92,112,8421,2248626.539749785,6397281.382809855,True,True,False
11397,92,113,8422,2247573.780082052,6389629.629765735,True,False,False
11398,92,114,8423,2246523.4465459203,6381984.56329105,False,False,False
11399,92,115,8424,2245475.531188455,6374346.166327225,False,False,False
11400,92,116,8425,2244430.0260918313,6366714.421866382,False,False,False
11401,92,117,8426,2243386.9233731385,6359089.312951158,False,False,False
11402,92,118,8427,2242346.215184196,6351470.822674463,False,False,False
11403,92,119,8428,2241307.89371136,6343858.93417929,True,False,False
11404,92,120,8429,2240271.95117534,6336253.630658517,True,False,False
11405,92,121,8430,2239238.37983101,6328654.895354683,True,False,False
11406,92,122,8431,2238207.171967226,6321062.71155979,True,False,False
11407,92,123,8432,2237300.627311191,6313608.38020887,False,False,False
11408,92,124,8433,2239268.6478240043,6309008.608299724,False,False,False
11416,93,8,8434,2381618.749997167,7229323.8283367995,False,False,False
11417,93,9,8435,2380195.5522770113,7223359.535639324,False,False,False
11418,93,10,8436,2378833.91720896,7214920.1038946975,False,False,False
11419,93,11,8437,2377475.7796380045,7206489.420612855,False,False,False
11420,93,12,8438,2376121.126613225,7198067.46223038,False,False,False
11421,93,13,8439,2374769.9452476343,7189654.20526231,False,False,False
11422,93,14,8440,2373422.222717788,7181249.626301811,False,True,False
11423,93,15,8441,2372077.9462633966,7172853.702019818,False,False,False
11424,93,16,8442,2370737.103186947,7164466.409164697,False,False,False
11425,93,17,8443,2369399.680853314,7156087.724561906,False,False,False
11426,93,18,8444,2368065.6666893926,7147717.625113648,True,True,False
11427,93,19,8445,2366735.0481837145,7139356.087798556,True,True,False
11428,93,20,8446,2365407.8128860793,7131003.089671328,False,False,False
11429,93,21,8447,2364083.948407185,7122658.607862419,False,False,False
11430,93,22,8448,2362763.442418259,7114322.619577689,False,False,False
11431,93,23,8449,2361446.282650696,7105995.102098086,True,False,False
11432,93,24,8450,2360132.456895695,7097676.032779314,False,False,False
11433,93,25,8451,2358821.953003899,7089365.389051507,True,True,False
11434,93,26,8452,2357514.758885041,7081063.1484189,True,True,False
11435,93,27,8453,2356210.862507586,7072769.288459495,False,False,False
11436,93,28,8454,2354910.2518983837,7064483.786824769,False,False,False
11437,93,29,8455,2353612.915142316,7056206.621239333,False,False,False
11438,93,30,8456,2352318.840381952,7047937.769500598,False,False,False
11439,93,31,8457,2351028.0158172026,7039677.209478497,False,False,False
11440,93,32,8458,2349740.429704981,7031424.919115126,False,False,False
11441,93,33,8459,2348456.0703588594,7023180.876424473,False,False,False
11442,93,34,8460,2347174.9261487373,7014945.059492068,False,False,False
11443,93,35,8461,2345896.985500503,7006717.446474694,False,False,False
11444,93,36,8462,2344622.2368957,6998498.015600073,False,False,False
11445,93,37,8463,2343350.6688712044,6990286.745166548,False,False,False
11446,93,38,8464,2342082.270018889,6982083.613542789,False,False,False
11447,93,39,8465,2340817.028985303,6973888.599167488,True,False,False
11448,93,40,8466,2339554.9344713464,6965701.680549051,True,False,False
11449,93,41,8467,2338295.9752319534,6957522.836265295,True,False,False
11450,93,42,8468,2337040.140075769,6949352.044963146,True,False,False
11451,93,43,8469,2335787.4178648335,6941189.285358354,False,False,False
11452,93,44,8470,2334537.7975142743,6933034.536235175,False,False,False
11453,93,45,8471,2333291.267991986,6924887.776446091,False,False,False
11454,93,46,8472,2332047.8183183265,6916748.984911506,False,False,False
11455,93,47,8473,2330807.437565806,6908618.14061947,False,False,False
11456,93,48,8474,2329570.1148587847,6900495.222625357,False,False,False
11457,93,49,8475,2328335.839373167,6892380.210051606,True,False,False
11458,93,50,8476,2327104.600336103,6884273.082087415,False,False,False
11459,93,51,8477,2325876.3870256855,6876173.817988465,False,True,False
11460,93,52,8478,2324651.188770658,6868082.397076612,True,False,True
11461,93,53,8479,2323428.9949501157,6859998.7987396335,True,False,False
11462,93,54,8480,2322209.7949932157,6851923.002430928,False,True,False
11463,93,55,8481,2320993.5783788846,6843854.987669227,True,True,False
11464,93,56,8482,2319780.334635528,6835794.734038334,True,True,False
11465,93,57,8483,2318570.0533407484,6827742.2211868325,False,True,False
11466,93,58,8484,2317362.724121055,6819697.428827805,True,False,False
11467,93,59,8485,2316158.336651587,6811660.336738582,True,False,False
11468,93,60,8486,2314956.8806558237,6803630.924760427,False,False,False
11469,93,61,8487,2313758.345905316,6795609.172798304,False,True,False
11470,93,62,8488,2312562.722219401,6787595.060820573,False,False,False
11471,93,63,8489,2311369.999464933,6779588.568858743,True,False,False
11472,93,64,8490,2310180.167556002,6771589.677007191,False,False,False
11473,93,65,8491,2308993.2164536724,6763598.365422891,False,False,False
11474,93,66,8492,2307809.136165707,6755614.614325166,False,False,False
11475,93,67,8493,2306627.9167462992,6747638.403995395,False,False,False
11476,93,68,8494,2305449.548295811,6739669.714776777,False,False,False
11477,93,69,8495,2304274.020960504,6731708.527074035,False,False,False
11478,93,70,8496,2303101.324932283,6723754.821353203,False,False,False
11479,93,71,8497,2301931.450448427,6715808.578141308,True,False,False
11480,93,72,8498,2300764.3877913402,6707869.778026169,False,False,False
11481,93,73,8499,2299600.127288288,6699938.401656086,False,False,False
11482,93,74,8500,2298438.659311145,6692014.429739622,True,True,False
11483,93,75,8501,2297279.974276139,6684097.843045333,True,False,False
11484,93,76,8502,2296124.062643603,6676188.622401515,False,False,False
11485,93,77,8503,2294970.91491772,6668286.748695947,False,False,False
11486,93,78,8504,2293820.5216462794,6660392.202875661,False,False,False
11487,93,79,8505,2292672.8734204285,6652504.965946655,False,True,False
11488,93,80,8506,2291527.960874425,6644625.018973679,True,True,False
11489,93,81,8507,2290385.774685397,6636752.343079968,False,False,False
11490,93,82,8508,2289246.3055730993,6628886.919446999,False,False,False
11491,93,83,8509,2288109.5442996747,6621028.729314258,True,False,False
11492,93,84,8510,2286975.481669413,6613177.75397897,True,False,False
11493,93,85,8511,2285844.1085285177,6605333.974795883,True,True,False
11494,93,86,8512,2284715.415764865,6597497.373177012,True,True,False
11495,93,87,8513,2283589.3943077764,6589667.930591393,True,True,False
11496,93,88,8514,2282466.035127782,6581845.628564867,True,True,False
11497,93,89,8515,2281345.329236392,6574030.448679811,False,True,False
11498,93,90,8516,2280227.2676858655,6566222.37257493,False,False,False
11499,93,91,8517,2279111.841568985,6558421.381945,True,False,False
11500,93,92,8518,2277999.042018829,6550627.458540641,True,True,False
11501,93,93,8519,2276888.860208548,6542840.584168081,False,False,False
11502,93,94,8520,2275781.2873511403,6535060.740688933,False,False,False
11503,93,95,8521,2274676.314699232,6527287.910019953,False,False,False
11504,93,96,8522,2273573.9335448565,6519522.07413281,False,False,False
11505,93,97,8523,2272474.135219233,6511763.215053863,False,False,False
11506,93,98,8524,2271376.9110925524,6504011.314863927,False,False,False
11507,93,99,8525,2270282.252573762,6496266.355698053,False,False,False
11508,93,100,8526,2269190.151110347,6488528.319745291,False,False,False
11509,93,101,8527,2268100.598188121,6480797.189248476,False,False,False
11510,93,102,8528,2267013.5853310144,6473072.946504008,True,False,False
11511,93,103,8529,2265929.1041008607,6465355.573861605,True,False,True
11512,93,104,8530,2264847.146097193,6457645.05372411,False,False,False
11513,93,105,8531,2263767.7029570313,6449941.368547259,False,True,False
11514,93,106,8532,2262690.7663546796,6442244.500839451,True,True,False
11515,93,107,8533,2261616.32800152,6434554.433161551,False,False,False
11516,93,108,8534,2260544.3796458095,6426871.148126658,False,False,False
11517,93,109,8535,2259474.9130724785,6419194.628399887,False,False,False
11518,93,110,8536,2258407.920102928,6411524.8566981675,False,False,False
11519,93,111,8537,2257343.392594834,6403861.8157900125,False,True,False
11520,93,112,8538,2256281.322441943,6396205.488495314,True,True,False
11521,93,113,8539,2255221.7015738827,6388555.857685137,False,False,False
11522,93,114,8540,2254164.5219559614,6380912.906281495,False,False,False
11523,93,115,8541,2253109.7755889744,6373276.617257146,False,False,False
11524,93,116,8542,2252057.4545090115,6365646.973635385,False,False,False
11525,93,117,8543,2251007.550787266,6358023.958489836,False,False,False
11526,93,118,8544,2249960.0565298432,6350407.554944242,False,False,False
11527,93,119,8545,2248914.9638775703,6342797.746172259,False,False,False
11528,93,120,8546,2247872.2650058107,6335194.515397247,False,False,False
11529,93,121,8547,2246831.9521242734,6327597.845892075,True,False,False
11530,93,122,8548,2245794.017476831,6320007.7209789185,True,False,False
11531,93,123,8549,2244745.9567540027,6312441.48995902,False,False,False
11532,93,124,8550,2243109.5261039627,6308141.851569292,False,False,False
11540,94,8,8551,2390077.9589492287,7229092.520627583,False,False,False
11541,94,9,8552,2388645.067931054,7222011.1773486715,False,False,False
11542,94,10,8553,2387274.7369044246,7213574.830573035,False,False,False
11543,94,11,8554,2385907.924402825,7205147.220631283,False,False,False
11544,94,12,8555,2384544.617404301,7196728.324017152,False,False,False
11545,94,13,8556,2383184.8029511357,7188318.117302505,False,False,False
11546,94,14,8557,2381828.4681494664,7179916.577136978,False,True,False
11547,94,15,8558,2380475.600168888,7171523.680247627,False,False,False
11548,94,16,8559,2379126.1862420747,7163139.4034386035,False,False,False
11549,94,17,8560,2377780.213664397,7154763.723590822,False,False,False
11550,94,18,8561,2376437.669793539,7146396.617661594,True,False,False
11551,94,19,8562,2375098.5420491262,7138038.062684324,True,True,False
11552,94,20,8563,2373762.817912347,7129688.035768167,True,False,False
11553,94,21,8564,2372430.4849255863,7121346.514097686,True,False,False
11554,94,22,8565,2371101.530692053,7113013.474932539,True,False,False
11555,94,23,8566,2369775.9428754174,7104688.895607139,True,False,False
11556,94,24,8567,2368453.7091994435,7096372.753530336,False,False,False
11557,94,25,8568,2367134.8174476326,7088065.0261850795,False,True,False
11558,94,26,8569,2365819.2554628635,7079765.691128115,True,False,False
11559,94,27,8570,2364507.0111470358,7071474.725989655,False,False,False
11560,94,28,8571,2363198.0724607194,7063192.108473037,False,False,False
11561,94,29,8572,2361892.427422799,7054917.816354442,False,False,False
11562,94,30,8573,2360590.064110134,7046651.827482549,False,False,False
11563,94,31,8574,2359290.9706572033,7038394.119778242,False,False,False
11564,94,32,8575,2357995.1352557717,7030144.671234271,False,False,False
11565,94,33,8576,2356702.5461545405,7021903.4599149665,False,False,False
11566,94,34,8577,2355413.191658816,7013670.46395591,False,False,False
11567,94,35,8578,2354127.0601301678,7005445.661563634,False,False,False
11568,94,36,8579,2352844.139986101,6997229.031015312,False,False,False
11569,94,37,8580,2351564.41969972,6989020.550658457,False,False,False
11570,94,38,8581,2350287.887799403,6980820.198910611,False,False,False
11571,94,39,8582,2349014.5328684715,6972627.954259039,False,False,False
11572,94,40,8583,2347744.3435448734,6964443.795260441,True,False,False
11573,94,41,8584,2346477.30852085,6956267.700540645,True,False,False
11574,94,42,8585,2345213.4165426265,6948099.648794297,True,False,False
11575,94,43,8586,2343952.6564100883,6939939.618784595,True,False,False
11576,94,44,8587,2342695.016976469,6931787.589342955,True,False,False
11577,94,45,8588,2341440.487148035,6923643.539368749,False,False,False
11578,94,46,8589,2340189.055883775,6915507.447828994,False,False,False
11579,94,47,8590,2338940.712195093,6907379.293758066,False,False,False
11580,94,48,8591,2337695.4451454985,6899259.056257421,False,False,False
11581,94,49,8592,2336453.2438503057,6891146.7144952845,True,False,False
11582,94,50,8593,2335214.0974763287,6883042.247706382,True,True,False
11583,94,51,8594,2333977.995241581,6874945.635191654,True,True,False
11584,94,52,8595,2332744.9264149787,6866856.856317961,True,True,True
11585,94,53,8596,2331514.8803160433,6858775.890517809,True,True,True
11586,94,54,8597,2330287.8463146095,6850702.717289074,True,True,True
11587,94,55,8598,2329063.81383053,6842637.316194703,True,True,False
11588,94,56,8599,2327842.7723333873,6834579.666862456,True,True,False
11589,94,57,8600,2326624.7113422067,6826529.748984625,True,False,False
11590,94,58,8601,2325409.6204251675,6818487.542317742,True,False,False
11591,94,59,8602,2324197.4891993213,6810453.026682323,True,False,False
11592,94,60,8603,2322988.3073303103,6802426.181962598,True,False,False
11593,94,61,8604,2321782.0645320825,6794406.988106214,True,True,False
11594,94,62,8605,2320578.7505666185,6786395.425124001,True,False,False
11595,94,63,8606,2319378.3552436554,6778391.47308966,True,False,False
11596,94,64,8607,2318180.868420406,6770395.112139544,False,False,False
11597,94,65,8608,2316986.280001293,6762406.322472348,False,False,False
11598,94,66,8609,2315794.579937676,6754425.084348875,False,False,False
11599,94,67,8610,2314605.758227581,6746451.378091753,False,False,False
11600,94,68,8611,2313419.804915435,6738485.184085186,False,False,False
11601,94,69,8612,2312236.7100918,6730526.482774676,True,False,False
11602,94,70,8613,2311056.4638931104,6722575.25466679,True,False,False
11603,94,71,8614,2309879.05650141,6714631.480328873,True,False,False
11604,94,72,8615,2308704.4781440943,6706695.140388807,False,False,False
11605,94,73,8616,2307532.7190936487,6698766.215534754,False,False,False
11606,94,74,8617,2306363.7696673977,6690844.686514898,False,True,False
11607,94,75,8618,2305197.620227243,6682930.534137181,True,True,False
11608,94,76,8619,2304034.2611794164,6675023.739269082,False,False,False
11609,94,77,8620,2302873.6829742286,6667124.28283733,False,False,False
11610,94,78,8621,2301715.8761058133,6659232.145827675,False,False,False
11611,94,79,8622,2300560.8311118884,6651347.309284631,False,True,False
11612,94,80,8623,2299408.5385735016,6643469.754311238,True,True,False
11613,94,81,8624,2298258.989114792,6635599.462068805,False,False,False
11614,94,82,8625,2297112.1734027425,6627736.4137766715,False,False,False
11615,94,83,8626,2295968.082146943,6619880.590711952,False,True,False
11616,94,84,8627,2294826.706099347,6612031.9742093235,True,True,False
11617,94,85,8628,2293688.0360540356,6604190.545660748,True,True,False
11618,94,86,8629,2292552.0628469805,6596356.286515249,True,True,False
11619,94,87,8630,2291418.777355808,6588529.178278672,True,True,False
11620,94,88,8631,2290288.1704995683,6580709.202513449,False,True,False
11621,94,89,8632,2289160.233238503,6572896.340838358,False,True,False
11622,94,90,8633,2288034.9565738114,6565090.57492828,False,True,False
11623,94,91,8634,2286912.331547427,6557291.886513986,False,True,False
11624,94,92,8635,2285792.349241788,6549500.257381873,True,True,False
11625,94,93,8636,2284675.000779609,6541715.669373758,False,False,False
11626,94,94,8637,2283560.277323664,6533938.104386643,False,False,False
11627,94,95,8638,2282448.1700765546,6526167.544372457,False,False,False
11628,94,96,8639,2281338.670280496,6518403.971337876,False,False,False
11629,94,97,8640,2280231.7692170944,6510647.367344044,False,False,False
11630,94,98,8641,2279127.4582071286,6502897.714506391,False,False,False
11631,94,99,8642,2278025.728610334,6495154.994994372,False,False,False
11632,94,100,8643,2276926.5718251863,6487419.19103126,False,False,False
11633,94,101,8644,2275829.979288689,6479690.284893922,False,False,False
11634,94,102,8645,2274735.942476158,6471968.258912597,True,False,True
11635,94,103,8646,2273644.4529010146,6464253.095470663,False,False,True
11636,94,104,8647,2272555.5021145707,6456544.777004429,False,False,False
11637,94,105,8648,2271469.0817058263,6448843.286002917,True,False,False
11638,94,106,8649,2270385.183301255,6441148.60500763,True,True,False
11639,94,107,8650,2269303.7985646073,6433460.716612349,False,False,False
11640,94,108,8651,2268224.9191966974,6425779.603462909,False,False,False
11641,94,109,8652,2267148.5369352046,6418105.24825699,False,False,False
11642,94,110,8653,2266074.643554474,6410437.63374389,False,False,False
11643,94,111,8654,2265003.230865311,6402776.742724332,False,True,False
11644,94,112,8655,2263934.2907147845,6395122.558050233,True,False,False
11645,94,113,8656,2262867.814986029,6387475.062624505,False,False,False
11646,94,114,8657,2261803.79559805,6379834.239400835,False,False,False
11647,94,115,8658,2260742.2245055255,6372200.0713834865,False,False,False
11648,94,116,8659,2259683.093698614,6364572.54162709,False,False,False
11649,94,117,8660,2258626.39520276,6356951.633236423,False,False,False
11650,94,118,8661,2257572.1210785056,6349337.329366219,False,False,False
11651,94,119,8662,2256520.2634212985,6341729.613220955,False,False,False
11652,94,120,8663,2255470.814361302,6334128.468054652,False,False,False
11653,94,121,8664,2254423.766063209,6326533.877170665,False,False,False
11654,94,122,8665,2253379.1107260543,6318945.823921485,True,False,False
11655,94,123,8666,2252048.592584027,6312465.312953696,False,False,False
11663,95,7,8667,2402630.6302206125,7232976.957926203,False,False,False
11664,95,8,8668,2398590.926550419,7228802.325658722,False,False,False
11665,95,9,8669,2397091.91641476,7220654.179203644,False,False,False
11666,95,10,8670,2395712.8997475835,7212220.935845651,False,False,False
11667,95,11,8671,2394337.4225824145,7203796.417629045,False,False,False
11668,95,12,8672,2392965.471826573,7195380.60110501,False,False,False
11669,95,13,8673,2391597.034451926,7186973.462902501,False,False,False
11670,95,14,8674,2390232.0974944937,7178574.979727887,False,True,False
11671,95,15,8675,2388870.648054063,7170185.128364627,False,False,False
11672,95,16,8676,2387512.6732937987,7161803.885672934,False,False,False
11673,95,17,8677,2386158.160439863,7153431.228589427,True,False,False
11674,95,18,8678,2384807.0967810317,7145067.134126804,True,False,False
11675,95,19,8679,2383459.469668316,7136711.579373509,True,True,False
11676,95,20,8680,2382115.2665145914,7128364.541493404,False,False,False
11677,95,21,8681,2380774.4747942183,7120025.997725436,False,False,False
11678,95,22,8682,2379437.082042678,7111695.925383311,True,False,False
11679,95,23,8683,2378103.075856202,7103374.301855172,True,False,False
11680,95,24,8684,2376772.443891407,7095061.104603268,True,True,False
11681,95,25,8685,2375445.1738649346,7086756.311163644,True,True,False
11682,95,26,8686,2374121.2535530925,7078459.899145792,True,False,False
11683,95,27,8687,2372800.6707914923,7070171.846232374,True,False,False
11684,95,28,8688,2371483.413474701,7061892.130178868,False,False,False
11685,95,29,8689,2370169.469555886,7053620.72881327,False,False,False
11686,95,30,8690,2368858.8270464647,7045357.620035778,False,False,False
11687,95,31,8691,2367551.4740157607,7037102.781818469,False,False,False
11688,95,32,8692,2366247.3985906555,7028856.192204997,False,False,False
11689,95,33,8693,2364946.58895525,7020617.829310285,False,False,False
11690,95,34,8694,2363649.0333505217,7012387.671320213,False,False,False
11691,95,35,8695,2362354.7200739887,7004165.696491308,False,False,False
11692,95,36,8696,2361063.637479375,6995951.88315044,False,False,False
11693,95,37,8697,2359775.773976277,6987746.209694524,False,False,False
11694,95,38,8698,2358491.1180298347,6979548.654590214,False,False,False
11695,95,39,8699,2357209.6581604024,6971359.196373589,False,False,False
11696,95,40,8700,2355931.3829432228,6963177.813649897,True,False,False
11697,95,41,8701,2354656.2810081057,6955004.485093195,True,False,False
11698,95,42,8702,2353384.341039104,6946839.189446105,True,False,False
11699,95,43,8703,2352115.5517741977,6938681.905519486,True,False,False
11700,95,44,8704,2350849.902004974,6930532.612192165,True,False,False
11701,95,45,8705,2349587.3805763177,6922391.2884106245,True,False,False
11702,95,46,8706,2348327.976386093,6914257.913188726,True,False,False
11703,95,47,8707,2347071.6783848386,6906132.465607422,True,False,False
11704,95,48,8708,2345818.4755754573,6898014.924814439,True,False,False
11705,95,49,8709,2344568.3570129103,6889905.27002405,True,False,False
11706,95,50,8710,2343321.311803913,6881803.480516724,True,True,False
11707,95,51,8711,2342077.3291066363,6873709.535638893,False,True,False
11708,95,52,8712,2340836.3981304034,6865623.41480264,False,False,False
11709,95,53,8713,2339598.5081353947,6857545.097485425,True,True,False
11710,95,54,8714,2338363.6484323516,6849474.563229816,True,True,True
11711,95,55,8715,2337131.808382285,6841411.791643213,True,True,True
11712,95,56,8716,2335902.9773961804,6833356.762397542,True,True,False
11713,95,57,8717,2334677.144934714,6825309.455229015,True,True,False
11714,95,58,8718,2333454.3005079576,6817269.849937838,False,True,False
11715,95,59,8719,2332234.4336751024,6809237.926387948,False,False,False
11716,95,60,8720,2331017.5340441684,6801213.66450672,False,False,False
11717,95,61,8721,2329803.5912717273,6793197.044284736,False,True,False
11718,95,62,8722,2328592.5950626195,6785188.045775474,False,False,False
11719,95,63,8723,2327384.5351696815,6777186.6490950715,True,False,False
11720,95,64,8724,2326179.401393465,6769192.834422048,True,False,False
11721,95,65,8725,2324977.1835819664,6761206.581997039,True,False,False
11722,95,66,8726,2323777.871630353,6753227.872122534,True,False,False
11723,95,67,8727,2322581.455480695,6745256.685162619,False,False,False
11724,95,68,8728,2321387.925121694,6737293.00154271,True,False,False
11725,95,69,8729,2320197.2705884213,6729336.801749295,True,False,False
11726,95,70,8730,2319009.4819620494,6721388.066329679,False,False,False
11727,95,71,8731,2317824.549369591,6713446.775891726,False,False,False
11728,95,72,8732,2316642.4629836357,6705512.911103594,False,False,False
11729,95,73,8733,2315463.2130220947,6697586.452693497,False,False,False
11730,95,74,8734,2314286.7897479404,6689667.381449441,True,True,False
11731,95,75,8735,2313113.183468951,6681755.678218973,True,True,False
11732,95,76,8736,2311942.384537457,6673851.3239089325,False,False,False
11733,95,77,8737,2310774.3833500897,6665954.299485202,False,False,False
11734,95,78,8738,2309609.1703475276,6658064.585972455,False,False,False
11735,95,79,8739,2308446.736014251,6650182.164453913,False,False,False
11736,95,80,8740,2307287.070878293,6642307.016071101,True,True,False
11737,95,81,8741,2306130.165510994,6634439.122023592,False,False,False
11738,95,82,8742,2304976.010526758,6626578.4635687815,False,False,False
11739,95,83,8743,2303824.5965828095,6618725.022021626,True,True,False
11740,95,84,8744,2302675.914378954,6610878.778754419,True,False,False
11741,95,85,8745,2301529.954657339,6603039.715196534,True,False,False
11742,95,86,8746,2300386.708202215,6595207.812834201,True,False,False
11743,95,87,8747,2299246.1658397,6587383.053210258,True,False,False
11744,95,88,8748,2298108.3184375474,6579565.41792392,True,False,False
11745,95,89,8749,2296973.15690491,6571754.888630546,True,True,False
11746,95,90,8750,2295840.672192111,6563951.447041386,True,True,False
11747,95,91,8751,2294710.8552904134,6556155.074923385,True,True,False
11748,95,92,8752,2293583.697231792,6548365.75409891,True,True,False
11749,95,93,8753,2292459.189088707,6540583.466445539,False,True,False
11750,95,94,8754,2291337.321973877,6532808.193895842,False,False,False
11751,95,95,8755,2290218.0870400607,6525039.918437128,False,False,False
11752,95,96,8756,2289101.475479827,6517278.622111229,False,False,False
11753,95,97,8757,2287987.4785253406,6509524.287014285,False,False,False
11754,95,98,8758,2286876.08744814,6501776.895296489,False,False,False
11755,95,99,8759,2285767.2935589207,6494036.429161899,False,False,False
11756,95,100,8760,2284661.0882073166,6486302.870868181,False,False,False
11757,95,101,8761,2283557.4627816877,6478576.202726412,False,False,False
11758,95,102,8762,2282456.408708907,6470856.407100841,True,False,True
11759,95,103,8763,2281357.9174541445,6463143.466408684,False,False,False
11760,95,104,8764,2280261.9805206605,6455437.363119897,False,False,False
11761,95,105,8765,2279168.5894495933,6447738.07975695,True,True,False
11762,95,106,8766,2278077.7358197547,6440045.598894623,True,True,False
11763,95,107,8767,2276989.4112474197,6432359.903159788,False,False,False
11764,95,108,8768,2275903.6073861225,6424680.975231191,False,False,False
11765,95,109,8769,2274820.3159264536,6417008.79783923,False,False,False
11766,95,110,8770,2273739.528595856,6409343.353765763,False,False,False
11767,95,111,8771,2272661.2371584256,6401684.625843873,True,True,False
11768,95,112,8772,2271585.433414707,6394032.596957674,True,True,False
11769,95,113,8773,2270512.1092015,6386387.250042092,False,False,False
11770,95,114,8774,2269441.25639166,6378748.56808266,False,False,False
11771,95,115,8775,2268372.8668939006,6371116.534115304,False,False,False
11772,95,116,8776,2267306.932652601,6363491.131226151,False,False,False
11773,95,117,8777,2266243.445647611,6355872.342551302,False,False,False
11774,95,118,8778,2265182.397894058,6348260.151276647,False,False,False
11775,95,119,8779,2264123.781442159,6340654.5406376375,False,False,False
11776,95,120,8780,2263067.588377028,6333055.493919113,False,False,False
11777,95,121,8781,2262013.810818486,6325462.994455079,False,False,False
11778,95,122,8782,2260961.4895291324,6317878.302743604,True,False,False
11779,95,123,8783,2258924.401746417,6313115.653636448,True,False,False
11787,96,7,8784,2408687.291962044,7232796.260110817,True,False,False
11788,96,8,8785,2406927.347493176,7227727.408615136,True,False,False
11789,96,9,8786,2405536.0819034744,7219288.550223657,False,False,False
11790,96,10,8787,2404148.389969897,7210858.428686625,False,False,False
11791,96,11,8788,2402764.2584641045,7202437.020535182,False,False,False
11792,96,12,8789,2401383.6742230034,7194024.302378222,False,False,False
11793,96,13,8790,2400006.6241483516,7185620.250902064,False,False,False
11794,96,14,8791,2398633.0952063664,7177224.8428700855,False,True,False
11795,96,15,8792,2397263.0744273267,7168838.055122419,False,False,False
11796,96,16,8793,2395896.548905196,7160459.864575594,True,False,False
11797,96,17,8794,2394533.5057972274,7152090.248222203,True,False,False
11798,96,18,8795,2393173.9323235867,7143729.183130599,False,False,False
11799,96,19,8796,2391817.8157669716,7135376.646444526,True,True,False
11800,96,20,8797,2390465.1434722347,7127032.615382821,False,False,False
11801,96,21,8798,2389115.902846009,7118697.067239066,False,False,False
11802,96,22,8799,2387770.081356336,7110369.979381287,False,False,False
11803,96,23,8800,2386427.6665322976,7102051.3292515995,True,True,False
11804,96,24,8801,2385088.645963651,7093741.094365918,False,True,False
11805,96,25,8802,2383753.007300464,7085439.252313623,False,False,False
11806,96,26,8803,2382420.738252751,7077145.780757229,True,False,False
11807,96,27,8804,2381091.8265901213,7068860.65743209,True,False,False
11808,96,28,8805,2379766.260141415,7060583.860146076,True,False,False
11809,96,29,8806,2378444.026794357,7052315.366779247,True,False,False
11810,96,30,8807,2377125.1144952024,7044055.155283567,True,False,False
11811,96,31,8808,2375809.5112483865,7035803.203682558,True,False,False
11812,96,32,8809,2374497.205116183,7027559.490071025,False,False,False
11813,96,33,8810,2373188.1842183582,7019323.992614726,False,False,False
11814,96,34,8811,2371882.436731829,7011096.689550086,False,False,False
11815,96,35,8812,2370579.9508903255,7002877.559183861,False,False,False
11816,96,36,8813,2369280.7149840556,6994666.579892864,False,False,False
11817,96,37,8814,2367984.7173593687,6986463.730123657,False,False,False
11818,96,38,8815,2366691.946418426,6978268.988392239,False,False,False
11819,96,39,8816,2365402.39061887,6970082.333283758,False,False,False
11820,96,40,8817,2364116.038473499,6961903.7434522165,True,False,False
11821,96,41,8818,2362832.87854994,6953733.197620159,True,False,False
11822,96,42,8819,2361552.8994703293,6945570.674578399,True,False,False
11823,96,43,8820,2360276.08991099,6937416.153185713,False,False,False
11824,96,44,8821,2359002.438602115,6929269.612368554,False,False,False
11825,96,45,8822,2357731.9343274506,6921131.031120753,False,False,False
11826,96,46,8823,2356464.565923985,6913000.388503245,False,False,False
11827,96,47,8824,2355200.322281634,6904877.663643773,False,False,False
11828,96,48,8825,2353939.1923429347,6896762.8357366,True,False,False
11829,96,49,8826,2352681.1651027347,6888655.884042235,False,False,False
11830,96,50,8827,2351426.229607893,6880556.787887128,False,True,False
11831,96,51,8828,2350174.3749569715,6872465.526663424,False,False,False
11832,96,52,8829,2348925.590299936,6864382.0798286535,False,False,False
11833,96,53,8830,2347679.8648378607,6856306.426905455,True,True,False
11834,96,54,8831,2346437.1878226274,6848238.547481317,False,True,False
11835,96,55,8832,2345197.548556632,6840178.421208288,True,True,True
11836,96,56,8833,2343960.936392495,6832126.027802699,True,False,False
11837,96,57,8834,2342727.3407327663,6824081.3470449,True,False,False
11838,96,58,8835,2341496.7510296414,6816044.358778975,True,True,False
11839,96,59,8836,2340269.156784671,6808015.042912496,True,True,False
11840,96,60,8837,2339044.547548479,6799993.379416222,False,True,False
11841,96,61,8838,2337822.9129204783,6791979.348323853,False,True,False
11842,96,62,8839,2336604.242548592,6783972.929731747,True,False,False
11843,96,63,8840,2335388.526128973,6775974.103798675,True,False,False
11844,96,64,8841,2334175.753405727,6767982.850745552,False,False,False
11845,96,65,8842,2332965.9141706396,6759999.150855142,False,False,False
11846,96,66,8843,2331758.9982629004,6752022.984471843,True,False,False
11847,96,67,8844,2330554.995568835,6744054.332001399,True,False,False
11848,96,68,8845,2329353.896021634,6736093.173910649,True,False,False
11849,96,69,8846,2328155.6896010824,6728139.490727264,False,False,False
11850,96,70,8847,2326960.366333301,6720193.263039506,False,False,False
11851,96,71,8848,2325767.9162904765,6712254.471495939,False,False,False
11852,96,72,8849,2324578.3295906,6704323.09680522,False,False,False
11853,96,73,8850,2323391.59639721,6696399.119735804,False,False,False
11854,96,74,8851,2322207.7069191304,6688482.521115731,True,True,False
11855,96,75,8852,2321026.6514102165,6680573.2818323355,True,False,False
11856,96,76,8853,2319848.4201690974,6672671.382832022,False,False,False
11857,96,77,8854,2318673.0035389215,6664776.805120027,False,False,False
11858,96,78,8855,2317500.39190711,6656889.529760145,False,False,False
11859,96,79,8856,2316330.5757051036,6649009.53787449,True,False,False
11860,96,80,8857,2315163.5454081115,6641136.810643273,True,True,False
11861,96,81,8858,2313999.2915348704,6633271.329304537,False,False,False
11862,96,82,8859,2312837.804647396,6625413.075153901,True,False,False
11863,96,83,8860,2311679.075350738,6617562.029544368,True,True,False
11864,96,84,8861,2310523.094292745,6609718.173886039,False,False,False
11865,96,85,8862,2309369.852163816,6601881.489645889,True,False,False
11866,96,86,8863,2308219.3396966676,6594051.95834754,True,False,False
11867,96,87,8864,2307071.5476660957,6586229.561571009,False,False,False
11868,96,88,8865,2305926.4668887397,6578414.280952485,False,False,False
11869,96,89,8866,2304784.0882228483,6570606.098184085,False,False,False
11870,96,90,8867,2303644.402568048,6562804.99501363,True,False,False
11871,96,91,8868,2302507.400865113,6555010.953244404,True,True,False
11872,96,92,8869,2301373.074095735,6547223.954734936,True,True,False
11873,96,93,8870,2300241.4132822943,6539443.981398754,False,True,False
11874,96,94,8871,2299112.4094876368,6531671.01520417,False,True,False
11875,96,95,8872,2297986.053814848,6523905.038174044,False,True,False
11876,96,96,8873,2296862.3374070292,6516146.032385566,False,False,False
11877,96,97,8874,2295741.251447076,6508393.979970022,False,False,False
11878,96,98,8875,2294622.7871574583,6500648.863112579,False,False,False
11879,96,99,8876,2293506.935800001,6492910.664052048,False,False,False
11880,96,100,8877,2292393.6886756695,6485179.365080675,False,False,False
11881,96,101,8878,2291283.037124349,6477454.948543923,True,False,True
11882,96,102,8879,2290174.9725246336,6469737.39684023,True,False,True
11883,96,103,8880,2289069.4862936125,6462026.692420815,False,False,False
11884,96,104,8881,2287966.5698866574,6454322.817789449,False,False,False
11885,96,105,8882,2286866.2147972137,6446625.755502232,True,True,False
11886,96,106,8883,2285768.412556589,6438935.488167393,True,False,False
11887,96,107,8884,2284673.1547337486,6431251.998445059,False,False,False
11888,96,108,8885,2283580.4329351084,6423575.269047054,False,False,False
11889,96,109,8886,2282490.2388043283,6415905.2827366805,False,False,False
11890,96,110,8887,2281402.564022111,6408242.022328501,False,False,False
11891,96,111,8888,2280317.4003059966,6400585.470688145,False,False,False
11892,96,112,8889,2279234.739410167,6392935.610732077,True,True,False
11893,96,113,8890,2278154.5731252413,6385292.425427409,False,False,False
11894,96,114,8891,2277076.89327808,6377655.89779168,False,False,False
11895,96,115,8892,2276001.6917315875,6370026.010892645,False,False,False
11896,96,116,8893,2274928.9603845156,6362402.747848091,False,False,False
11897,96,117,8894,2273858.6911712713,6354786.091825602,False,False,False
11898,96,118,8895,2272790.87606172,6347176.026042382,False,False,False
11899,96,119,8896,2271725.5070609967,6339572.533765031,False,False,False
11900,96,120,8897,2270662.5762093146,6331975.598309364,False,False,False
11901,96,121,8898,2269602.0755817746,6324385.203040189,False,False,False
11902,96,122,8899,2268260.993503717,6317730.087597819,False,False,False
11911,97,7,8900,2416812.9801130546,7232546.624212797,False,False,False
11912,97,8,8901,2415377.49998364,7226350.005812307,True,False,False
11913,97,9,8902,2413977.548612815,7217914.2994767465,True,False,False
11914,97,10,8903,2412581.1918428517,7209487.318118462,False,False,False
11915,97,11,8904,2411188.4163750065,7201069.038326939,False,False,False
11916,97,12,8905,2409799.2089760895,7192659.436769057,False,False,False
11917,97,13,8906,2408413.5564780603,7184258.490188757,False,False,False
11918,97,14,8907,2407031.4457776393,7175866.1754067,False,True,False
11919,97,15,8908,2405652.8638359094,7167482.469319953,False,False,False
11920,97,16,8909,2404277.797677933,7159107.34890163,True,False,False
11921,97,17,8910,2402906.2343923594,7150740.791200576,False,False,False
11922,97,18,8911,2401538.1611310444,7142382.773341041,True,False,False
11923,97,19,8912,2400173.5651086695,7134033.272522337,True,True,False
11924,97,20,8913,2398812.433602362,7125692.266018531,False,False,False
11925,97,21,8914,2397454.7539513186,7117359.7311781095,False,False,False
11926,97,22,8915,2396100.513556436,7109035.645423659,True,True,False
11927,97,23,8916,2394749.699879938,7100719.986251548,True,True,False
11928,97,24,8917,2393402.3004450058,7092412.731231593,False,False,False
11929,97,25,8918,2392058.3028354184,7084113.8580067605,False,False,False
11930,97,26,8919,2390717.6946951863,7075823.34429285,False,False,False
11931,97,27,8920,2389380.4637281923,7067541.167878162,False,False,False
11932,97,28,8921,2388046.597697833,7059267.30662319,False,False,False
11933,97,29,8922,2386716.084426668,7051001.738460325,False,False,False
11934,97,30,8923,2385388.9117960627,7042744.44139353,False,False,False
11935,97,31,8924,2384065.0677458416,7034495.393498029,True,False,False
11936,97,32,8925,2382744.540273941,7026254.572920018,True,False,False
11937,97,33,8926,2381427.3174360623,7018021.957876337,False,False,False
11938,97,34,8927,2380113.3873453294,7009797.526654185,False,False,False
11939,97,35,8928,2378802.738171953,7001581.257610806,False,False,False
11940,97,36,8929,2377495.358142886,6993373.129173188,False,False,False
11941,97,37,8930,2376191.235541494,6985173.119837778,False,False,False
11942,97,38,8931,2374890.358707221,6976981.20817016,False,False,False
11943,97,39,8932,2373592.716035257,6968797.372804778,False,False,False
11944,97,40,8933,2372298.29597621,6960621.592444633,True,False,False
11945,97,41,8934,2371007.0870357826,6952453.845860993,True,False,False
11946,97,42,8935,2369719.0777744465,6944294.111893091,False,False,False
11947,97,43,8936,2368434.256807118,6936142.369447853,False,False,False
11948,97,44,8937,2367152.612802846,6927998.597499585,False,False,False
11949,97,45,8938,2365874.134484489,6919862.7750897035,False,False,False
11950,97,46,8939,2364598.810628402,6911734.8813264435,False,False,False
11951,97,47,8940,2363326.6300641247,6903614.895384561,True,False,False
11952,97,48,8941,2362057.5816740696,6895502.7965050815,True,False,False
11953,97,49,8942,2360791.654393216,6887398.563994975,False,False,False
11954,97,50,8943,2359528.8372088005,6879302.17722691,True,True,False
11955,97,51,8944,2358269.119160018,6871213.615638952,True,False,False
11956,97,52,8945,2357012.4893377125,6863132.858734299,True,True,False
11957,97,53,8946,2355758.9368840847,6855059.886081002,True,True,False
11958,97,54,8947,2354508.4509923905,6846994.677311674,False,True,False
11959,97,55,8948,2353261.0209066444,6838937.212123242,True,True,True
11960,97,56,8949,2352016.635921328,6830887.470276648,True,False,True
11961,97,57,8950,2350775.285381098,6822845.431596602,False,False,False
11962,97,58,8951,2349536.958680495,6814811.075971294,False,False,False
11963,97,59,8952,2348301.645263658,6806784.383352123,True,False,False
11964,97,60,8953,2347069.3346240367,6798765.333753456,False,True,False
11965,97,61,8954,2345840.0163041083,6790753.907252316,False,True,False
11966,97,62,8955,2344613.679895097,6782750.083988169,True,True,False
11967,97,63,8956,2343390.315036692,6774753.844162618,False,False,False
11968,97,64,8957,2342169.911416773,6766765.168039166,False,False,False
11969,97,65,8958,2340952.458771128,6758784.035942936,False,False,False
11970,97,66,8959,2339737.9468831858,6750810.42826044,False,False,False
11971,97,67,8960,2338526.3655837383,6742844.325439281,False,False,False
11972,97,68,8961,2337317.7047506752,6734885.7079879185,True,False,False
11973,97,69,8962,2336111.95430871,6726934.556475424,True,False,False
11974,97,70,8963,2334909.1042291177,6718990.851531197,False,False,False
11975,97,71,8964,2333709.144529466,6711054.573844734,False,False,False
11976,97,72,8965,2332512.0652733548,6703125.704165366,False,False,False
11977,97,73,8966,2331317.8565701544,6695204.223302008,False,False,False
11978,97,74,8967,2330126.5085747433,6687290.112122909,True,True,False
11979,97,75,8968,2328938.0114872544,6679383.351555406,False,False,False
11980,97,76,8969,2327752.3555528154,6671483.922585676,True,False,False
11981,97,77,8970,2326569.531061295,6663591.80625848,True,True,False
11982,97,78,8971,2325389.528347052,6655706.983676937,True,True,False
11983,97,79,8972,2324212.337788682,6647829.436002263,True,True,False
11984,97,80,8973,2323037.9498087694,6639959.144453529,True,True,False
11985,97,81,8974,2321866.354873638,6632096.090307437,True,True,False
11986,97,82,8975,2320697.5434931084,6624240.254898047,True,True,False
11987,97,83,8976,2319531.5062202485,6616391.619616576,False,True,False
11988,97,84,8977,2318368.2336511365,6608550.165911122,False,False,False
11989,97,85,8978,2317207.7164246147,6600715.875286465,False,False,False
11990,97,86,8979,2316049.9452220523,6592888.729303788,True,False,False
11991,97,87,8980,2314894.910767108,6585068.7095804885,False,False,False
11992,97,88,8981,2313742.603825494,6577255.797789909,False,False,False
11993,97,89,8982,2312593.015204738,6569449.975661112,False,False,False
11994,97,90,8983,2311446.135753952,6561651.224978662,False,False,False
11995,97,91,8984,2310301.956363602,6553859.527582384,True,True,False
11996,97,92,8985,2309160.467965277,6546074.865367137,True,False,False
11997,97,93,8986,2308021.661531457,6538297.220282582,True,False,False
11998,97,94,8987,2306885.5280752927,6530526.574332956,True,False,False
11999,97,95,8988,2305752.058650373,6522762.909576852,False,True,False
12000,97,96,8989,2304621.244350505,6515006.208126992,False,False,False
12001,97,97,8990,2303493.0763094905,6507256.452149993,False,False,False
12002,97,98,8991,2302367.5457009044,6499513.623866158,False,False,False
12003,97,99,8992,2301244.643737875,6491777.705549239,False,False,False
12004,97,100,8993,2300124.361672865,6484048.679526239,True,False,True
12005,97,101,8994,2299006.690797458,6476326.528177173,True,False,True
12006,97,102,8995,2297891.6224421374,6468611.233934844,False,False,False
12007,97,103,8996,2296779.1479760776,6460902.779284647,False,False,False
12008,97,104,8997,2295669.25880693,6453201.146764342,False,False,False
12009,97,105,8998,2294561.9463806087,6445506.318963831,True,True,False
12010,97,106,8999,2293457.2021810855,6437818.2785249585,True,False,False
12011,97,107,9000,2292355.0177301774,6430137.008141276,True,False,False
12012,97,108,9001,2291255.3845873433,6422462.490557863,True,False,False
12013,97,109,9002,2290158.2943494734,6414794.708571076,False,False,False
12014,97,110,9003,2289063.7386506894,6407133.645028366,False,False,False
12015,97,111,9004,2287971.7091621384,6399479.282828061,False,False,False
12016,97,112,9005,2286882.1975917937,6391831.604919156,True,True,False
12017,97,113,9006,2285795.195684251,6384190.594301106,True,False,False
12018,97,114,9007,2284710.695220533,6376556.234023615,False,False,False
12019,97,115,9008,2283628.688017888,6368928.50718644,False,False,False
12020,97,116,9009,2282549.165929596,6361307.396939183,False,False,False
12021,97,117,9010,2281472.1208447716,6353692.886481077,False,False,False
12022,97,118,9011,2280397.5446881717,6346084.959060799,False,False,False
12023,97,119,9012,2279325.4294200004,6338483.597976258,False,False,False
12024,97,120,9013,2278255.76703572,6330888.786574397,False,False,False
12025,97,121,9014,2277188.5495658577,6323300.508250991,False,False,False
12026,97,122,9015,2275351.4813787537,6318386.187643408,False,False,False
12035,98,7,9016,2425308.302887881,7232276.798450858,False,False,False
12036,98,8,9017,2423824.927413177,7224963.971983955,False,False,False
12037,98,9,9018,2422416.3007988636,7216531.436079361,True,False,False
12038,98,10,9019,2421011.2896781485,7208107.613211862,True,False,False
12039,98,11,9020,2419609.880682205,7199692.480029543,False,False,False
12040,98,12,9021,2418212.060508057,7191286.013257537,False,False,False
12041,98,13,9022,2416817.8159181816,7182888.189697683,False,False,False
12042,98,14,9023,2415427.1337401117,7174498.986228196,True,True,False
12043,98,15,9024,2414040.0008660443,7166118.379803321,True,False,False
12044,98,16,9025,2412656.4042524435,7157746.347453039,True,False,False
12045,98,17,9026,2411276.330919661,7149382.866282695,False,False,False
12046,98,18,9027,2409899.7679515434,7141027.913472709,True,True,False
12047,98,19,9028,2408526.702495055,7132681.466278208,False,True,False
12048,98,20,9029,2407157.1217598943,7124343.50202876,False,False,False
12049,98,21,9030,2405791.01301812,7116013.998128003,False,False,False
12050,98,22,9031,2404428.363603775,7107692.932053348,True,True,False
12051,98,23,9032,2403069.1609125133,7099380.281355647,True,True,False
12052,98,24,9033,2401713.392401234,7091076.023658906,False,False,False
12053,98,25,9034,2400361.045587712,7082780.136659917,False,False,False
12054,98,26,9035,2399012.1080502365,7074492.598128005,False,False,False
12055,98,27,9036,2397666.5674272496,7066213.385904661,False,False,False
12056,98,28,9037,2396324.4114169846,7057942.477903274,False,False,False
12057,98,29,9038,2394985.627777113,7049679.8521087915,False,False,False
12058,98,30,9039,2393650.2043243903,7041425.4865774335,False,False,False
12059,98,31,9040,2392318.128934302,7033179.359436364,False,False,False
12060,98,32,9041,2390989.3895407207,7024941.44888341,True,False,False
12061,98,33,9042,2389663.974135554,7016711.733186737,True,False,False
12062,98,34,9043,2388341.8707684046,7008490.190684566,True,False,False
12063,98,35,9044,2387023.0675462256,7000276.799784859,False,False,False
12064,98,36,9045,2385707.552632985,6992071.538965026,False,False,False
12065,98,37,9046,2384395.3142493265,6983874.386771627,False,False,False
12066,98,38,9047,2383086.3406722383,6975685.321820068,True,False,False
12067,98,39,9048,2381780.6202347153,6967504.322794334,True,False,False
12068,98,40,9049,2380478.141325437,6959331.36844665,True,False,False
12069,98,41,9050,2379178.892388436,6951166.437597236,False,False,False
12070,98,42,9051,2377882.861922772,6943009.509133988,False,False,False
12071,98,43,9052,2376590.038482212,6934860.5620121965,False,False,False
12072,98,44,9053,2375300.4106749077,6926719.5752542615,False,False,False
12073,98,45,9054,2374013.96716308,6918586.527949406,False,False,False
12074,98,46,9055,2372730.696662697,6910461.399253389,False,False,False
12075,98,47,9056,2371450.5879431693,6902344.168388221,True,False,False
12076,98,48,9057,2370173.629827029,6894234.814641896,False,False,False
12077,98,49,9058,2368899.8111896263,6886133.31736808,True,False,False
12078,98,50,9059,2367629.1209588214,6878039.655985871,True,True,False
12079,98,51,9060,2366361.5481146746,6869953.809979485,False,True,False
12080,98,52,9061,2365097.08168915,6861875.758898015,False,True,False
12081,98,53,9062,2363835.7107658098,6853805.48235512,False,False,False
12082,98,54,9063,2362577.4244795158,6845742.960028774,False,True,False
12083,98,55,9064,2361322.2120161355,6837688.171660996,True,True,False
12084,98,56,9065,2360070.062612242,6829641.097057561,True,True,True
12085,98,57,9066,2358820.965554827,6821601.71608774,False,False,True
12086,98,58,9067,2357574.9101810055,6813570.008684043,False,False,True
12087,98,59,9068,2356331.8858777285,6805545.954841928,True,False,False
12088,98,60,9069,2355091.8820814975,6797529.534619555,True,True,False
12089,98,61,9070,2353854.8882780774,6789520.728137502,True,False,False
12090,98,62,9071,2352620.894002214,6781519.515578537,True,True,False
12091,98,63,9072,2351389.8888373547,6773525.8771873135,False,True,False
12092,98,64,9073,2350161.862415367,6765539.793270129,False,True,False
12093,98,65,9074,2348936.8044162616,6757561.244194682,False,False,False
12094,98,66,9075,2347714.7045679204,6749590.210389769,False,False,False
12095,98,67,9076,2346495.552645819,6741626.672345082,False,False,False
12096,98,68,9077,2345279.338472755,6733670.610610918,True,False,False
12097,98,69,9078,2344066.0519185835,6725722.005797917,True,False,False
12098,98,70,9079,2342855.682899942,6717780.838576855,True,False,False
12099,98,71,9080,2341648.2213799893,6709847.089678331,True,False,False
12100,98,72,9081,2340443.6573681394,6701920.73989256,True,False,False
12101,98,73,9082,2339241.980919799,6694001.770069113,True,False,False
12102,98,74,9083,2338043.182136107,6686090.161116659,True,True,False
12103,98,75,9084,2336847.251163676,6678185.894002719,True,False,False
12104,98,76,9085,2335654.1781943343,6670288.949753434,True,True,False
12105,98,77,9086,2334463.9534648694,6662399.3094533095,False,True,False
12106,98,78,9087,2333276.5672567766,6654516.954244961,False,False,False
12107,98,79,9088,2332092.009896005,6646641.865328896,False,True,False
12108,98,80,9089,2330910.2717527077,6638774.023963256,True,True,False
12109,98,81,9090,2329731.343240993,6630913.411463579,True,False,False
12110,98,82,9091,2328555.2148186783,6623060.009202558,False,False,False
12111,98,83,9092,2327381.876987042,6615213.798609811,False,False,False
12112,98,84,9093,2326211.320290582,6607374.761171634,False,False,False
12113,98,85,9094,2325043.5353167737,6599542.87843078,False,False,False
12114,98,86,9095,2323878.512695828,6591718.131986205,True,False,False
12115,98,87,9096,2322716.243100454,6583900.503492848,False,False,False
12116,98,88,9097,2321556.717245619,6576089.974661396,False,False,False
12117,98,89,9098,2320399.9258883153,6568286.527258049,False,False,False
12118,98,90,9099,2319245.8598273257,6560490.1431042915,False,False,False
12119,98,91,9100,2318094.50990299,6552700.8040766725,False,True,False
12120,98,92,9101,2316945.8669969724,6544918.492106561,False,False,False
12121,98,93,9102,2315799.9220320354,6537143.189179925,False,False,False
12122,98,94,9103,2314656.6659718105,6529374.87733712,True,False,False
12123,98,95,9104,2313516.0898205684,6521613.538672645,True,False,False
12124,98,96,9105,2312378.1846229997,6513859.155334921,False,False,False
12125,98,97,9106,2311242.941463985,6506111.709526085,False,False,False
12126,98,98,9107,2310110.351468378,6498371.183501748,True,False,True
12127,98,99,9108,2308980.4058007835,6490637.559570787,True,False,True
12128,98,100,9109,2307853.095665335,6482910.820095119,True,False,True
12129,98,101,9110,2306728.4123054803,6475190.947489488,False,False,False
12130,98,102,9111,2305606.3470037654,6467477.924221245,False,False,False
12131,98,103,9112,2304486.891081618,6459771.7328101285,False,False,False
12132,98,104,9113,2303370.0358991325,6452072.355828054,False,False,False
12133,98,105,9114,2302255.7728548627,6444379.775898898,True,True,False
12134,98,106,9115,2301144.093385605,6436693.975698289,True,False,False
12135,98,107,9116,2300034.988966195,6429014.937953383,False,False,False
12136,98,108,9117,2298928.451109295,6421342.645442651,True,False,False
12137,98,109,9118,2297824.4713651887,6413677.080995704,True,False,False
12138,98,110,9119,2296723.041321578,6406018.227493031,True,False,False
12139,98,111,9120,2295624.152603375,6398366.067865833,True,False,False
12140,98,112,9121,2294527.7968725036,6390720.585095789,False,True,False
12141,98,113,9122,2293433.965827693,6383081.762214864,True,False,False
12142,98,114,9123,2292342.651204285,6375449.582305098,False,False,False
12143,98,115,9124,2291253.8447740283,6367824.028498402,False,False,False
12144,98,116,9125,2290167.538344884,6360205.083976358,False,False,False
12145,98,117,9126,2289083.72376083,6352592.731970012,False,False,False
12146,98,118,9127,2288002.3929016637,6344986.955759668,False,False,False
12147,98,119,9128,2286923.537682812,6337387.738674705,False,False,False
12148,98,120,9129,2285847.1500551356,6329795.064093353,False,False,False
12149,98,121,9130,2284496.04292516,6322969.645567117,False,True,False
12150,98,122,9131,2280592.9296676684,6318867.153628576,False,False,False
12158,99,6,9132,2437297.462782128,7236126.677873071,False,False,False
12159,99,7,9133,2433765.6211587014,7231857.208071425,False,False,False
12160,99,8,9134,2432269.6140229087,7223569.316340959,False,False,False
12161,99,9,9135,2430852.322758351,7215139.9691961445,False,False,False
12162,99,10,9136,2429438.667827892,7206719.323085502,True,False,False
12163,99,11,9137,2428028.635792937,7198307.354715991,True,False,False
12164,99,12,9138,2426622.213281042,7189904.040871262,True,False,False
12165,99,13,9139,2425219.386985515,7181509.358411317,True,False,False
12166,99,14,9140,2423820.143665014,7173123.284272178,True,True,False
12167,99,15,9141,2422424.4701431533,7164745.7954655625,False,False,False
12168,99,16,9142,2421032.353308114,7156376.869078543,False,False,False
12169,99,17,9143,2419643.7801122502,7148016.482273247,True,False,False
12170,99,18,9144,2418258.737571703,7139664.612286504,True,True,False
12171,99,19,9145,2416877.212766021,7131321.236429542,False,False,False
12172,99,20,9146,2415499.1928377734,7122986.332087664,False,False,False
12173,99,21,9147,2414124.664992174,7114659.8767199125,False,False,False
12174,99,22,9148,2412753.6164967073,7106341.8478587875,True,True,False
12175,99,23,9149,2411386.0346807507,7098032.223109885,True,True,False
12176,99,24,9150,2410021.906935209,7089730.980151618,False,False,False
12177,99,25,9151,2408661.220712144,7081438.096734884,False,False,False
12178,99,26,9152,2407303.9635244086,7073153.550682767,False,False,False
12179,99,27,9153,2405950.1229452863,7064877.319890213,False,False,False
12180,99,28,9154,2404599.686608129,7056609.382323733,False,False,False
12181,99,29,9155,2403252.6422060025,7048349.716021089,False,False,False
12182,99,30,9156,2401908.9774913266,7040098.2990909945,False,False,False
12183,99,31,9157,2400568.6802755287,7031855.109712796,False,False,False
12184,99,32,9158,2399231.738428688,7023620.1261362,False,False,False
12185,99,33,9159,2397898.1398791918,7015393.326680933,False,False,False
12186,99,34,9160,2396567.872613388,7007174.689736479,True,False,False
12187,99,35,9161,2395240.9246752462,6998964.193761751,True,False,False
12188,99,36,9162,2393917.284166013,6990761.817284813,True,False,False
12189,99,37,9163,2392596.9392438745,6982567.538902581,True,False,False
12190,99,38,9164,2391279.8781236243,6974381.337280529,True,False,False
12191,99,39,9165,2389966.089076328,6966203.191152387,False,False,False
12192,99,40,9166,2388655.5604289914,6958033.079319859,True,False,False
12193,99,41,9167,2387348.2805642346,6949870.980652347,False,False,False
12194,99,42,9168,2386044.2379199616,6941716.874086622,False,False,False
12195,99,43,9169,2384743.420989042,6933570.738626587,False,False,False
12196,99,44,9170,2383445.818318985,6925432.553342958,False,False,False
12197,99,45,9171,2382151.41851162,6917302.297372986,False,False,False
12198,99,46,9172,2380860.210222782,6909179.949920179,True,False,False
12199,99,47,9173,2379572.182161994,6901065.490254032,True,False,False
12200,99,48,9174,2378287.3230921556,6892958.897709721,True,False,False
12201,99,49,9175,2377005.621829231,6884860.151687841,True,False,False
12202,99,50,9176,2375727.067241942,6876769.231654131,False,True,False
12203,99,51,9177,2374451.64825146,6868686.117139187,False,True,False
12204,99,52,9178,2373179.3538311026,6860610.787738199,False,False,False
12205,99,53,9179,2371910.1730060307,6852543.223110672,False,False,False
12206,99,54,9180,2370644.09485295,6844483.402980148,False,True,False
12207,99,55,9181,2369381.1084998096,6836431.307133948,True,False,False
12208,99,56,9182,2368121.20312551,6828386.915422898,True,True,False
12209,99,57,9183,2366864.3679596055,6820350.20776105,False,True,False
12210,99,58,9184,2365610.592282015,6812321.164125441,False,False,True
12211,99,59,9185,2364359.865422729,6804299.764555791,True,True,True
12212,99,60,9186,2363112.1767615257,6796285.989154276,True,True,True
12213,99,61,9187,2361867.51572768,6788279.818085246,True,False,True
12214,99,62,9188,2360625.871799684,6780281.231574954,True,False,True
12215,99,63,9189,2359387.2345049623,6772290.209911323,False,False,False
12216,99,64,9190,2358151.593419591,6764306.73344366,False,True,False
12217,99,65,9191,2356918.938168023,6756330.782582419,False,True,False
12218,99,66,9192,2355689.2584228055,6748362.337798922,False,True,False
12219,99,67,9193,2354462.543904313,6740401.379625131,True,True,False
12220,99,68,9194,2353238.784380469,6732447.88865337,True,True,False
12221,99,69,9195,2352017.969666476,6724501.845536086,False,False,False
12222,99,70,9196,2350800.0896245483,6716563.230985591,True,False,False
12223,99,71,9197,2349585.1341636446,6708632.0257738065,True,False,False
12224,99,72,9198,2348373.0932391994,6700708.210732039,False,False,False
12225,99,73,9199,2347163.956852864,6692791.766750695,True,False,False
12226,99,74,9200,2345957.7150522415,6684882.674779055,True,True,False
12227,99,75,9201,2344754.3579306277,6676980.915825045,False,True,False
12228,99,76,9202,2343553.8756267536,6669086.470954947,False,True,False
12229,99,77,9203,2342356.258324526,6661199.321293198,False,False,False
12230,99,78,9204,2341161.4962527766,6653319.448022116,False,False,False
12231,99,79,9205,2339969.5796850063,6645446.832381694,False,False,False
12232,99,80,9206,2338780.4989391337,6637581.455669321,True,True,False
12233,99,81,9207,2337594.244377246,6629723.29923957,True,False,False
12234,99,82,9208,2336410.806405352,6621872.344503954,False,False,False
12235,99,83,9209,2335230.1754731336,6614028.5729306815,False,False,False
12236,99,84,9210,2334052.342073701,6606191.966044434,False,False,False
12237,99,85,9211,2332877.2967433515,6598362.50542612,False,False,False
12238,99,86,9212,2331705.030061328,6590540.17271265,True,False,False
12239,99,87,9213,2330535.532649574,6582724.9495966965,False,False,False
12240,99,88,9214,2329368.795172503,6574916.81782647,False,False,False
12241,99,89,9215,2328204.808336757,6567115.759205496,False,False,False
12242,99,90,9216,2327043.562890971,6559321.7555923555,False,False,False
12243,99,91,9217,2325885.049625542,6551534.788900498,False,True,False
12244,99,92,9218,2324729.259372393,6543754.841097995,False,True,False
12245,99,93,9219,2323576.183004748,6535981.8942073,False,False,False
12246,99,94,9220,2322425.8114368967,6528215.9303050535,False,False,False
12247,99,95,9221,2321278.1356239733,6520456.931521837,True,False,False
12248,99,96,9222,2320133.146561724,6512704.880041963,False,False,False
12249,99,97,9223,2318990.835286289,6504959.758103249,True,False,False
12250,99,98,9224,2317851.1928739734,6497221.547996796,True,False,True
12251,99,99,9225,2316714.2104410296,6489490.232066774,False,False,False
12252,99,100,9226,2315579.8791434364,6481765.792710195,False,False,False
12253,99,101,9227,2314448.1901766784,6474048.212376708,False,False,False
12254,99,102,9228,2313319.134775531,6466337.473568367,False,False,False
12255,99,103,9229,2312192.7042138446,6458633.5588394385,False,False,False
12256,99,104,9230,2311068.889804327,6450936.450796159,True,True,False
12257,99,105,9231,2309947.6828983347,6443246.132096552,True,True,False
12258,99,106,9232,2308829.074885658,6435562.585450188,False,False,False
12259,99,107,9233,2307713.0571943126,6427885.793617994,False,False,False
12260,99,108,9234,2306599.6212903294,6420215.739412029,True,False,False
12261,99,109,9235,2305488.7586775473,6412552.405695293,True,False,False
12262,99,110,9236,2304380.46089741,6404895.77538149,False,False,False
12263,99,111,9237,2303274.7195287542,6397245.831434847,True,False,False
12264,99,112,9238,2302171.5261876136,6389602.556869905,True,True,False
12265,99,113,9239,2301070.8725270107,6381965.934751296,True,True,False
12266,99,114,9240,2299972.750236762,6374335.948193559,True,True,False
12267,99,115,9241,2298877.151043273,6366712.580360919,True,True,False
12268,99,116,9242,2297784.0667093406,6359095.814467098,True,True,False
12269,99,117,9243,2296693.4890339603,6351485.633775116,False,False,False
12270,99,118,9244,2295605.409852125,6343882.021597062,False,False,False
12271,99,119,9245,2294519.8210346354,6336284.9612939395,False,False,False
12272,99,120,9246,2293436.7144879024,6328694.436275432,True,True,False
12273,99,121,9247,2291735.285147353,6323620.32857843,True,True,False
12282,100,6,9248,2443769.5594235603,7235905.260202638,False,False,False
12283,100,7,9249,2442141.16005825,7230600.9005244095,False,False,False
12284,100,8,9250,2440711.5440950426,7222166.04814239,False,False,False
12285,100,9,9251,2439285.598828849,7213739.908039709,False,False,False
12286,100,10,9252,2437863.3106847764,7205322.456905821,False,False,False
12287,100,11,9253,2436444.6661547846,7196913.671506833,True,False,False
12288,100,12,9254,2435029.65179728,7188513.528685168,True,False,False
12289,100,13,9255,2433618.254236713,7180122.00535926,False,False,False
12290,100,14,9256,2432210.4601631816,7171739.078523204,True,True,False
12291,100,15,9257,2430806.256332031,7163364.725246431,True,False,False
12292,100,16,9258,2429405.6295634625,7154998.922673388,False,False,False
12293,100,17,9259,2428008.5667421403,7146641.648023229,True,False,False
12294,100,18,9260,2426615.0548168058,7138292.878589458,True,True,False
12295,100,19,9261,2425225.0807998907,7129952.591739645,False,False,False
12296,100,20,9262,2423838.6317671346,7121620.764915095,False,False,False
12297,100,21,9263,2422455.6948572067,7113297.375630515,False,False,False
12298,100,22,9264,2421076.257271325,7104982.401473723,True,True,False
12299,100,23,9265,2419700.306272887,7096675.820105325,False,False,False
12300,100,24,9266,2418327.829187092,7088377.609258395,False,False,False
12301,100,25,9267,2416958.8134005773,7080087.746738172,False,False,False
12302,100,26,9268,2415593.246361047,7071806.21042175,False,False,False
12303,100,27,9269,2414231.1155769126,7063532.9782577725,False,False,False
12304,100,28,9270,2412872.408616927,7055268.0282661235,False,False,False
12305,100,29,9271,2411517.1131098284,7047011.338537617,False,False,False
12306,100,30,9272,2410165.2167439843,7038762.887233699,False,False,False
12307,100,31,9273,2408816.7072670353,7030522.652586152,False,False,False
12308,100,32,9274,2407471.5724855475,7022290.612896784,False,False,False
12309,100,33,9275,2406129.800264659,7014066.746537136,False,False,False
12310,100,34,9276,2404791.3785277363,7005851.031948183,True,False,False
12311,100,35,9277,2403456.2952560303,6997643.447640027,True,True,False
12312,100,36,9278,2402124.5384883345,6989443.972191627,False,True,False
12313,100,37,9279,2400796.0963206463,6981252.584250491,False,True,False
12314,100,38,9280,2399470.956905827,6973069.26253237,False,True,False
12315,100,39,9281,2398149.1084532724,6964893.985820999,False,True,False
12316,100,40,9282,2396830.5392285762,6956726.732967779,True,True,False
12317,100,41,9283,2395515.237553205,6948567.482891511,False,False,False
12318,100,42,9284,2394203.1918041627,6940416.214578096,False,True,False
12319,100,43,9285,2392894.390413677,6932272.9070802545,False,True,False
12320,100,44,9286,2391588.8218688644,6924137.539517246,False,True,False
12321,100,45,9287,2390286.474711418,6916010.091074583,True,True,False
12322,100,46,9288,2388987.337537285,6907890.5410037525,True,True,False
12323,100,47,9289,2387691.398996352,6899778.868621935,True,True,False
12324,100,48,9290,2386398.6477921293,6891675.053311726,True,True,False
12325,100,49,9291,2385109.0726814396,6883579.074520867,False,True,False
12326,100,50,9292,2383822.662474111,6875490.911761955,False,True,False
12327,100,51,9293,2382539.406032664,6867410.544612185,False,True,False
12328,100,52,9294,2381259.29227201,6859337.952713065,False,False,False
12329,100,53,9295,2379982.3101591473,6851273.115770155,False,False,False
12330,100,54,9296,2378708.4487128593,6843216.01355278,True,True,False
12331,100,55,9297,2377437.6970034125,6835166.6258937875,True,True,False
12332,100,56,9298,2376170.044152267,6827124.932689253,True,False,False
12333,100,57,9299,2374905.4793317695,6819090.913898236,True,True,False
12334,100,58,9300,2373643.9917648733,6811064.549542496,True,False,False
12335,100,59,9301,2372385.5707248366,6803045.819706239,True,True,False
12336,100,60,9302,2371130.2055349397,6795034.704535862,False,True,True
12337,100,61,9303,2369877.885568194,6787031.184239677,False,False,True
12338,100,62,9304,2368628.6002470595,6779035.239087662,True,False,True
12339,100,63,9305,2367382.3390431586,6771046.849411188,True,False,True
12340,100,64,9306,2366139.0914769997,6763065.99560279,False,False,False
12341,100,65,9307,2364898.8471176918,6755092.658115876,False,False,False
12342,100,66,9308,2363661.5955826705,6747126.817464496,False,False,False
12343,100,67,9309,2362427.3265374214,6739168.454223084,False,False,False
12344,100,68,9310,2361196.029695207,6731217.5490262015,True,True,False
12345,100,69,9311,2359967.694816793,6723274.082568282,False,True,False
12346,100,70,9312,2358742.311710181,6715338.035603391,False,True,False
12347,100,71,9313,2357519.870230338,6707409.388944967,True,True,False
12348,100,72,9314,2356300.3602789296,6699488.123465591,True,True,False
12349,100,73,9315,2355083.771804058,6691574.220096718,True,True,False
12350,100,74,9316,2353870.0947999954,6683667.659828442,False,True,False
12351,100,75,9317,2352659.3193069263,6675768.423709255,False,False,False
12352,100,76,9318,2351451.435410686,6667876.4928458,False,False,False
12353,100,77,9319,2350246.4332425045,6659991.848402632,False,False,False
12354,100,78,9320,2349044.3029787485,6652114.471601967,False,False,False
12355,100,79,9321,2347845.0348406695,6644244.343723462,False,False,False
12356,100,80,9322,2346648.6190941497,6636381.446103953,False,True,False
12357,100,81,9323,2345455.0460494524,6628525.760137239,True,True,False
12358,100,82,9324,2344264.3060609708,6620677.267273825,True,False,False
12359,100,83,9325,2343076.3895269847,6612835.949020715,False,False,False
12360,100,84,9326,2341891.286889409,6605001.786941145,False,False,False
12361,100,85,9327,2340708.988633556,6597174.762654378,False,False,False
12362,100,86,9328,2339529.485287885,6589354.857835453,True,False,False
12363,100,87,9329,2338352.7674237695,6581542.05421497,True,False,False
12364,100,88,9330,2337178.825655252,6573736.333578844,False,False,False
12365,100,89,9331,2336007.650638811,6565937.677768091,False,False,False
12366,100,90,9332,2334839.2330731177,6558146.068678589,False,False,False
12367,100,91,9333,2333673.5636988105,6550361.488260864,False,False,False
12368,100,92,9334,2332510.633298255,6542583.918519854,False,True,False
12369,100,93,9335,2331350.4326953157,6534813.34151469,False,False,False
12370,100,94,9336,2330192.952755123,6527049.739358472,False,False,False
12371,100,95,9337,2329038.18438385,6519293.094218044,True,False,False
12372,100,96,9338,2327886.118528481,6511543.388313781,True,False,False
12373,100,97,9339,2326736.7461765865,6503800.603919354,True,False,False
12374,100,98,9340,2325590.0583561016,6496064.723361534,False,False,True
12375,100,99,9341,2324446.046135101,6488335.729019945,False,False,False
12376,100,100,9342,2323304.7006215793,6480613.6033268785,False,False,False
12377,100,101,9343,2322166.0129632317,6472898.32876705,False,False,False
12378,100,102,9344,2321029.974347234,6465189.887877399,False,False,False
12379,100,103,9345,2319896.576000026,6457488.263246875,False,False,False
12380,100,104,9346,2318765.8091871007,6449793.437516225,True,True,False
12381,100,105,9347,2317637.665212783,6442105.39337776,True,False,False
12382,100,106,9348,2316512.135420023,6434424.1135751875,False,False,False
12383,100,107,9349,2315389.2111901827,6426749.580903357,False,False,False
12384,100,108,9350,2314268.883942826,6419081.778208079,False,False,False
12385,100,109,9351,2313151.1451355102,6411420.688385908,False,False,False
12386,100,110,9352,2312035.98626358,6403766.294383932,False,False,False
12387,100,111,9353,2310923.3988599614,6396118.579199577,False,False,False
12388,100,112,9354,2309813.3744949554,6388477.52588039,False,False,False
12389,100,113,9355,2308705.904776039,6380843.117523843,True,True,False
12390,100,114,9356,2307600.981347659,6373215.337277126,True,True,False
12391,100,115,9357,2306498.5958910338,6365594.1683369465,False,False,False
12392,100,116,9358,2305398.7401239565,6357979.593949331,True,True,False
12393,100,117,9359,2304301.40580059,6350371.597409408,True,True,False
12394,100,118,9360,2303206.584711279,6342770.162061244,True,True,False
12395,100,119,9361,2302114.2686823495,6335175.271297601,True,False,False
12396,100,120,9362,2300767.437733848,6328199.33051628,True,True,False
12397,100,121,9363,2297064.105432391,6324098.310967077,False,False,False
12406,101,6,9364,2452050.3167010853,7235614.321310658,False,False,False
12407,101,7,9365,2450588.982018928,7229185.791612168,False,False,False
12408,101,8,9366,2449150.701953064,7220754.176695281,False,False,False
12409,101,9,9367,2447716.11338895,7212331.261870426,False,False,False
12410,101,10,9368,2446285.2026822693,7203917.023886811,False,False,False
12411,101,11,9369,2444857.9562558555,7195511.439569954,False,False,False
12412,101,12,9370,2443434.3605992836,7187114.485821327,False,False,False
12413,101,13,9371,2442014.4022684647,7178726.139618046,False,False,False
12414,101,14,9372,2440598.067885248,7170346.378012531,False,True,False
12415,101,15,9373,2439185.3441370227,7161975.178132203,True,False,False
12416,101,16,9374,2437776.217776319,7153612.517179133,True,False,False
12417,101,17,9375,2436370.67562042,7145258.372429748,True,False,False
12418,101,18,9376,2434968.70455097,7136912.721234501,True,True,False
12419,101,19,9377,2433570.291513588,7128575.541017547,True,True,False
12420,101,20,9378,2432175.423517486,7120246.809276437,True,False,False
12421,101,21,9379,2430784.087635085,7111926.503581802,True,False,False
12422,101,22,9380,2429396.271001635,7103614.601577035,True,True,False
12423,101,23,9381,2428011.9608148434,7095311.080977982,True,False,False
12424,101,24,9382,2426631.1443345007,7087015.919572639,True,False,False
12425,101,25,9383,2425253.8088821084,7078729.095220831,False,False,False
12426,101,26,9384,2423879.941840511,7070450.585853908,False,False,False
12427,101,27,9385,2422509.5306535307,7062180.369474451,False,False,False
12428,101,28,9386,2421142.5628256076,7053918.42415596,False,False,False
12429,101,29,9387,2419779.025921436,7045664.728042537,False,False,False
12430,101,30,9388,2418418.9075656077,7037419.259348616,False,False,False
12431,101,31,9389,2417062.1954422584,7029181.996358642,False,False,False
12432,101,32,9390,2415708.8772947127,7020952.917426764,False,False,False
12433,101,33,9391,2414358.9409251367,7012732.000976575,False,False,False
12434,101,34,9392,2413012.374194186,7004519.225500774,True,False,False
12435,101,35,9393,2411669.165020665,6996314.569560899,False,True,False
12436,101,36,9394,2410329.301381183,6988118.0117870215,False,False,False
12437,101,37,9395,2408992.7713098116,6979929.530877474,False,True,False
12438,101,38,9396,2407659.562897748,6971749.10559853,False,True,False
12439,101,39,9397,2406329.6642929786,6963576.714784145,False,True,False
12440,101,40,9398,2405003.063699948,6955412.337335652,True,True,False
12441,101,41,9399,2403679.749379226,6947255.952221481,False,True,False
12442,101,42,9400,2402359.7096471773,6939107.538476879,False,True,False
12443,101,43,9401,2401042.932875639,6930967.07520362,False,False,False
12444,101,44,9402,2399729.407491592,6922834.54156973,True,False,False
12445,101,45,9403,2398419.1219768445,6914709.916809202,True,False,False
12446,101,46,9404,2397112.0648677056,6906593.180221722,True,False,False
12447,101,47,9405,2395808.2247546725,6898484.311172383,False,False,False
12448,101,48,9406,2394507.5902821156,6890383.289091421,False,True,False
12449,101,49,9407,2393210.1501479615,6882290.0934739355,False,True,False
12450,101,50,9408,2391915.893103385,6874204.703879605,False,False,False
12451,101,51,9409,2390624.8079525,6866127.099932435,False,True,False
12452,101,52,9410,2389336.883552052,6858057.261320473,False,True,False
12453,101,53,9411,2388052.108811113,6849995.167795543,False,True,False
12454,101,54,9412,2386770.472690781,6841940.799172977,True,False,False
12455,101,55,9413,2385491.9642038783,6833894.135331347,True,True,False
12456,101,56,9414,2384216.5724146534,6825855.156212203,False,False,False
12457,101,57,9415,2382944.2864384823,6817823.841819807,True,True,False
12458,101,58,9416,2381675.0954415794,6809800.172220868,True,True,False
12459,101,59,9417,2380408.9886407014,6801784.127544278,False,False,False
12460,101,60,9418,2379145.955302856,6793775.687980862,False,True,False
12461,101,61,9419,2377885.984745018,6785774.833783102,False,False,False
12462,101,62,9420,2376629.066333839,6777781.545264895,False,False,False
12463,101,63,9421,2375375.189485365,6769795.8028012905,True,False,True
12464,101,64,9422,2374124.343664752,6761817.586828229,True,False,False
12465,101,65,9423,2372876.5183859887,6753846.877842288,False,False,False
12466,101,66,9424,2371631.7032116144,6745883.656400446,False,False,False
12467,101,67,9425,2370389.887752445,6737927.903119812,False,False,False
12468,101,68,9426,2369151.061667296,6729979.598677369,True,False,False
12469,101,69,9427,2367915.2146627116,6722038.723809752,False,False,False
12470,101,70,9428,2366682.3364926907,6714105.259312975,False,False,False
12471,101,71,9429,2365452.4169584205,6706179.186042188,False,False,False
12472,101,72,9430,2364225.4459080063,6698260.484911443,True,True,False
12473,101,73,9431,2363001.413236209,6690349.136893432,True,True,False
12474,101,74,9432,2361780.3088841783,6682445.12301926,True,False,False
12475,101,75,9433,2360562.1228391905,6674548.424378192,True,False,False
12476,101,76,9434,2359346.845134392,6666659.022117406,False,False,False
12477,101,77,9435,2358134.465848534,6658776.897441768,False,False,False
12478,101,78,9436,2356924.975105723,6650902.031613589,False,False,False
12479,101,79,9437,2355718.363075159,6643034.405952372,False,False,False
12480,101,80,9438,2354514.6199708865,6635174.001834596,False,False,False
12481,101,81,9439,2353313.7360515413,6627320.8006934635,False,True,False
12482,101,82,9440,2352115.7016200996,6619474.784018675,True,True,False
12483,101,83,9441,2350920.50702363,6611635.933356198,False,False,False
12484,101,84,9442,2349728.142653048,6603804.230308019,False,False,False
12485,101,85,9443,2348538.5989428684,6595979.656531933,False,False,False
12486,101,86,9444,2347351.8663709643,6588162.193741299,False,False,False
12487,101,87,9445,2346167.935458323,6580351.823704812,True,False,False
12488,101,88,9446,2344986.796768807,6572548.52824628,False,False,False
12489,101,89,9447,2343808.440908914,6564752.289244397,False,False,False
12490,101,90,9448,2342632.8585275435,6556963.088632509,False,False,False
12491,101,91,9449,2341460.0403157547,6549180.908398396,False,False,False
12492,101,92,9450,2340289.97700654,6541405.730584054,False,True,False
12493,101,93,9451,2339122.659374586,6533637.53728545,False,False,False
12494,101,94,9452,2337958.0782360467,6525876.31065233,False,False,False
12495,101,95,9453,2336796.224448312,6518122.032887974,True,False,False
12496,101,96,9454,2335637.0889097815,6510374.686248985,True,False,False
12497,101,97,9455,2334480.6625596355,6502634.253045082,False,False,True
12498,101,98,9456,2333326.9363776133,6494900.715638857,False,False,True
12499,101,99,9457,2332175.9013837874,6487174.056445581,False,False,False
12500,101,100,9458,2331027.548638343,6479454.257932977,False,False,False
12501,101,101,9459,2329881.8692413555,6471741.302621006,False,False,False
12502,101,102,9460,2328738.854332574,6464035.173081662,False,False,False
12503,101,103,9461,2327598.4950912013,6456335.8519387515,True,False,False
12504,101,104,9462,2326460.78273568,6448643.321867676,True,True,False
12505,101,105,9463,2325325.708523474,6440957.56559524,True,False,False
12506,101,106,9464,2324193.2637508605,6433278.5658994205,False,False,False
12507,101,107,9465,2323063.4397527124,6425606.305609173,False,False,False
12508,101,108,9466,2321936.2279022913,6417940.767604221,False,False,False
12509,101,109,9467,2320811.619611037,6410281.934814834,False,False,False
12510,101,110,9468,2319689.6063283603,6402629.790221651,False,False,False
12511,101,111,9469,2318570.179541433,6394984.316855452,False,False,False
12512,101,112,9470,2317453.33077499,6387345.497796964,False,False,False
12513,101,113,9471,2316339.0515911165,6379713.316176648,True,True,False
12514,101,114,9472,2315227.333589052,6372087.755174515,True,True,False
12515,101,115,9473,2314118.1684049857,6364468.798019909,True,False,False
12516,101,116,9474,2313011.547711859,6356856.427991309,False,False,False
12517,101,117,9475,2311907.463219163,6349250.628416139,False,True,False
12518,101,118,9476,2310805.9066727464,6341651.382670563,False,True,False
12519,101,119,9477,2309706.8698546123,6334058.674179293,False,True,False
12520,101,120,9478,2308096.357005233,6328820.156624723,True,True,False
12530,102,6,9479,2460572.9879099745,7235305.920589094,False,False,False
12531,102,7,9480,2459034.005318601,7227762.070555191,False,False,False
12532,102,8,9481,2457587.071961923,7219333.711354406,False,False,False
12533,102,9,9482,2456143.8508584592,7210914.039996179,False,False,False
12534,102,10,9483,2454704.328294798,7202503.033289771,False,False,False
12535,102,11,9484,2453268.490624967,7194100.668120353,False,False,False
12536,102,12,9485,2451836.324270028,7185706.9214487085,False,False,False
12537,102,13,9486,2450407.8157176743,7177321.770310895,False,False,False
12538,102,14,9487,2448982.951521818,7168945.191817924,False,True,False
12539,102,15,9488,2447561.718302204,7160577.163155451,False,False,False
12540,102,16,9489,2446144.102744004,7152217.661583431,False,False,False
12541,102,17,9490,2444730.0915974285,7143866.664435821,True,True,False
12542,102,18,9491,2443319.67167733,7135524.149120266,True,True,False
12543,102,19,9492,2441912.8298628205,7127190.093117763,True,True,False
12544,102,20,9493,2440509.553096883,7118864.4739823695,False,False,False
12545,102,21,9494,2439109.8283859896,7110547.269340877,False,False,False
12546,102,22,9495,2437713.6427997234,7102238.456892499,True,True,False
12547,102,23,9496,2436320.9834703966,7093938.014408588,False,True,False
12548,102,24,9497,2434931.8375926823,7085645.919732285,True,False,False
12549,102,25,9498,2433546.1924232375,7077362.150778248,True,False,False
12550,102,26,9499,2432164.0352803343,7069086.685532339,True,False,False
12551,102,27,9500,2430785.353543499,7060819.50205131,False,False,False
12552,102,28,9501,2429410.1346531385,7052560.578462513,False,False,False
12553,102,29,9502,2428038.3661101866,7044309.892963595,False,False,False
12554,102,30,9503,2426670.035475744,7036067.423822198,False,False,False
12555,102,31,9504,2425305.1303707166,7027833.149375671,False,False,False
12556,102,32,9505,2423943.638475467,7019607.048030754,False,False,False
12557,102,33,9506,2422585.547529463,7011389.098263306,True,False,False
12558,102,34,9507,2421230.8453309233,7003179.278617997,True,False,False
12559,102,35,9508,2419879.5197364786,6994977.567708026,False,True,False
12560,102,36,9509,2418531.55866082,6986783.94421482,False,False,False
12561,102,37,9510,2417186.950076363,6978598.386887753,False,False,False
12562,102,38,9511,2415845.6820129054,6970420.874543861,False,False,False
12563,102,39,9512,2414507.7425572895,6962251.38606754,False,False,False
12564,102,40,9513,2413173.1198530723,6954089.900410284,True,False,False
12565,102,41,9514,2411841.802100186,6945936.396590385,False,False,False
12566,102,42,9515,2410513.7775546145,6937790.85369265,False,False,False
12567,102,43,9516,2409189.0345280617,6929653.250868142,True,False,False
12568,102,44,9517,2407867.561387629,6921523.567333864,True,False,False
12569,102,45,9518,2406549.346555488,6913401.782372521,False,False,False
12570,102,46,9519,2405234.3785085655,6905287.875332208,True,False,False
12571,102,47,9520,2403922.645778218,6897181.825626165,True,True,False
12572,102,48,9521,2402614.136949922,6889083.61273247,False,True,False
12573,102,49,9522,2401308.840662954,6880993.216193807,False,False,False
12574,102,50,9523,2400006.7456100825,6872910.615617152,False,False,False
12575,102,51,9524,2398707.840537255,6864835.790673545,True,False,False
12576,102,52,9525,2397412.1142432922,6856768.721097766,True,False,False
12577,102,53,9526,2396119.5555795813,6848709.386688131,True,True,False
12578,102,54,9527,2394830.1534497715,6840657.767306187,True,True,False
12579,102,55,9528,2393543.896809476,6832613.842876448,True,True,False
12580,102,56,9529,2392260.7746659666,6824577.593386139,True,False,False
12581,102,57,9530,2390980.776077882,6816548.998884938,True,False,False
12582,102,58,9531,2389703.890154929,6808528.039484711,True,True,False
12583,102,59,9532,2388430.106057591,6800514.695359245,False,True,False
12584,102,60,9533,2387159.4129968337,6792508.946743992,False,True,False
12585,102,61,9534,2385891.8002338195,6784510.773935819,False,False,False
12586,102,62,9535,2384627.257079618,6776520.157292746,True,False,False
12587,102,63,9536,2383365.7728949203,6768537.077233689,False,False,True
12588,102,64,9537,2382107.337089755,6760561.51423821,True,False,True
12589,102,65,9538,2380851.9391232096,6752593.448846264,True,False,True
12590,102,66,9539,2379599.5685031465,6744632.86165794,True,False,False
12591,102,67,9540,2378350.2147859284,6736679.733333222,False,False,False
12592,102,68,9541,2377103.867576141,6728734.044591732,True,False,False
12593,102,69,9542,2375860.516526318,6720795.77621249,False,False,False
12594,102,70,9543,2374620.1513366727,6712864.909033652,False,False,False
12595,102,71,9544,2373382.761754823,6704941.423952279,False,False,False
12596,102,72,9545,2372148.337575524,6697025.30192409,False,True,False
12597,102,73,9546,2370916.8686404047,6689116.523963209,True,False,False
12598,102,74,9547,2369688.3448376977,6681215.071141947,False,False,False
12599,102,75,9548,2368462.7561019794,6673320.924590517,True,False,False
12600,102,76,9549,2367240.0924139093,6665434.0654968405,True,False,False
12601,102,77,9550,2366020.3437999664,6657554.475106286,True,False,False
12602,102,78,9551,2364803.5003321967,6649682.134721429,True,False,False
12603,102,79,9552,2363589.552127949,6641817.025701826,True,False,False
12604,102,80,9553,2362378.4893496316,6633959.129463776,True,False,False
12605,102,81,9554,2361170.3022044487,6626108.427480077,True,True,False
12606,102,82,9555,2359964.980944155,6618264.901279804,True,False,False
12607,102,83,9556,2358762.5158648067,6610428.532448075,False,False,False
12608,102,84,9557,2357562.89730651,6602599.302625814,False,False,False
12609,102,85,9558,2356366.115653178,6594777.193509529,False,False,False
12610,102,86,9559,2355172.1613322855,6586962.186851077,True,False,False
12611,102,87,9560,2353981.0248146267,6579154.264457433,True,False,False
12612,102,88,9561,2352792.6966140703,6571353.408190483,False,False,False
12613,102,89,9562,2351607.1672873255,6563559.599966765,False,False,False
12614,102,90,9563,2350424.4274337003,6555772.821757282,False,False,False
12615,102,91,9564,2349244.4676948655,6547993.055587241,False,False,False
12616,102,92,9565,2348067.2787546203,6540220.283535873,False,True,False
12617,102,93,9566,2346892.8513386576,6532454.487736163,False,False,False
12618,102,94,9567,2345721.176214335,6524695.650374667,False,False,False
12619,102,95,9568,2344552.244190441,6516943.753691282,True,False,False
12620,102,96,9569,2343386.0461169686,6509198.7799790185,True,False,False
12621,102,97,9570,2342222.572884887,6501460.711583802,True,False,True
12622,102,98,9571,2341061.8154259156,6493729.530904228,True,False,False
12623,102,99,9572,2339903.764712301,6486005.220391378,True,False,False
12624,102,100,9573,2338748.411756592,6478287.762548582,True,False,False
12625,102,101,9574,2337595.7476114193,6470577.13993122,True,False,False
12626,102,102,9575,2336445.7633692767,6462873.3351465,True,False,False
12627,102,103,9576,2335298.4501623004,6455176.330853251,True,False,False
12628,102,104,9577,2334153.799162052,6447486.109761715,True,True,False
12629,102,105,9578,2333011.8015793054,6439802.65463333,False,True,False
12630,102,106,9579,2331872.44866383,6432125.948280526,False,True,False
12631,102,107,9580,2330735.731704178,6424455.973566524,False,False,False
12632,102,108,9581,2329601.642027474,6416792.713405117,False,True,False
12633,102,109,9582,2328470.1709992043,6409136.150760469,False,False,False
12634,102,110,9583,2327341.3100230084,6401486.268646918,False,True,False
12635,102,111,9584,2326215.05054047,6393843.050128768,False,True,False
12636,102,112,9585,2325091.3840309135,6386206.478320072,False,False,False
12637,102,113,9586,2323970.3020111965,6378576.536384466,True,True,False
12638,102,114,9587,2322851.79603551,6370953.207534918,False,False,False
12639,102,115,9588,2321735.8576951716,6363336.475033572,True,False,False
12640,102,116,9589,2320622.478618427,6355726.322191531,False,False,False
12641,102,117,9590,2319511.650470254,6348122.732368654,False,False,False
12642,102,118,9591,2318403.364952157,6340525.688973376,False,True,False
12643,102,119,9592,2317071.2432321627,6333417.597342731,False,True,False
12644,102,120,9593,2313556.9177926863,6329298.684843818,False,False,False
12653,103,5,9594,2471994.840237144,7239126.252096777,False,False,False
12654,103,6,9595,2468966.7255718657,7234710.706893274,False,False,False
12655,103,7,9596,2467476.214309027,7226329.746803142,False,False,False
12656,103,8,9597,2466020.6385282106,7217904.661522039,False,False,False
12657,103,9,9598,2464568.795698573,7209488.251772186,False,False,False
12658,103,10,9599,2463120.672037929,7201080.494423116,False,False,False
12659,103,11,9600,2461676.253831825,7192681.366419935,False,False,False
12660,103,12,9601,2460235.527433133,7184290.844782992,False,False,False
12661,103,13,9602,2458798.47926164,7175908.906607542,False,False,False
12662,103,14,9603,2457365.0958036445,7167535.5290634455,False,True,False
12663,103,15,9604,2455935.3636115585,7159170.689394841,False,True,False
12664,103,16,9605,2454509.2693035062,7150814.364919825,False,False,False
12665,103,17,9606,2453086.799562934,7142466.533030148,False,True,False
12666,103,18,9607,2451667.9411382107,7134127.171190881,True,False,False
12667,103,19,9608,2450252.6808422464,7125796.256940124,True,False,False
12668,103,20,9609,2448841.005552097,7117473.767888676,False,False,False
12669,103,21,9610,2447432.9022085913,7109159.681719743,False,False,False
12670,103,22,9611,2446028.3578159367,7100853.97618862,True,True,False
12671,103,23,9612,2444627.359441351,7092556.62912238,False,True,False
12672,103,24,9613,2443229.8942146823,7084267.61841958,False,False,False
12673,103,25,9614,2441835.949328036,7075986.922049945,False,False,False
12674,103,26,9615,2440445.5120354053,7067714.518054081,True,False,False
12675,103,27,9616,2439058.569652302,7059450.384543163,True,False,False
12676,103,28,9617,2437675.109555392,7051194.4996986305,False,False,False
12677,103,29,9618,2436295.119182131,7042946.84177191,False,False,False
12678,103,30,9619,2434918.586030407,7034707.389084091,False,False,False
12679,103,31,9620,2433545.49765818,7026476.120025663,False,False,False
12680,103,32,9621,2432175.8416831293,7018253.013056189,False,False,False
12681,103,33,9622,2430809.6057822984,7010038.046704027,True,False,False
12682,103,34,9623,2429446.7776917443,7001831.199566055,False,False,False
12683,103,35,9624,2428087.3452061946,6993632.450307354,False,True,False
12684,103,36,9625,2426731.2961786957,6985441.7776609445,False,False,False
12685,103,37,9626,2425378.6185202734,6977259.1604274735,False,False,False
12686,103,38,9627,2424029.3001995934,6969084.57747495,False,False,False
12687,103,39,9628,2422683.3292426197,6960918.007738462,False,False,False
12688,103,40,9629,2421340.693732281,6952759.430219869,True,False,False
12689,103,41,9630,2420001.3818081385,6944608.8239875585,False,False,False
12690,103,42,9631,2418665.38166605,6936466.168176127,True,False,False
12691,103,43,9632,2417332.6815578463,6928331.441986129,True,False,False
12692,103,44,9633,2416003.269791001,6920204.624683786,False,False,False
12693,103,45,9634,2414677.13472831,6912085.69560072,False,False,False
12694,103,46,9635,2413354.2647875636,6903974.634133672,False,False,False
12695,103,47,9636,2412034.6484412313,6895871.4197442215,True,True,False
12696,103,48,9637,2410718.274216144,6887776.031958534,True,False,False
12697,103,49,9638,2409405.130693175,6879688.4503670735,True,False,False
12698,103,50,9639,2408095.2065069308,6871608.654624342,True,False,False
12699,103,51,9640,2406788.490345437,6863536.6244485965,True,False,False
12700,103,52,9641,2405484.970949832,6855472.339621605,False,False,False
12701,103,53,9642,2404184.637114056,6847415.77998837,False,False,False
12702,103,54,9643,2402887.477684551,6839366.925456851,True,False,False
12703,103,55,9644,2401593.4815599555,6831325.755997725,True,True,False
12704,103,56,9645,2400302.6376908026,6823292.251644108,False,True,False
12705,103,57,9646,2399014.935079225,6815266.392491291,False,True,False
12706,103,58,9647,2397730.362778656,6807248.15869651,True,True,False
12707,103,59,9648,2396448.9098935346,6799237.530478638,True,True,False
12708,103,60,9649,2395170.565579015,6791234.488117979,False,True,False
12709,103,61,9650,2393895.3190406743,6783239.011955977,False,False,False
12710,103,62,9651,2392623.159534225,6775251.082394983,True,False,False
12711,103,63,9652,2391354.076365228,6767270.679897978,False,False,False
12712,103,64,9653,2390088.0588888084,6759297.784988346,False,False,False
12713,103,65,9654,2388825.0965093714,6751332.3782496145,False,False,True
12714,103,66,9655,2387565.178680324,6743374.440325195,True,True,True
12715,103,67,9656,2386308.294903794,6735423.951918138,True,True,False
12716,103,68,9657,2385054.434730353,6727480.893790898,True,False,False
12717,103,69,9658,2383803.587758743,6719545.246765072,False,False,False
12718,103,70,9659,2382555.743635602,6711616.991721167,False,False,False
12719,103,71,9660,2381310.8920551916,6703696.1095983405,False,True,False
12720,103,72,9661,2380069.0227591293,6695782.581394173,False,True,False
12721,103,73,9662,2378830.1255361205,6687876.388164418,True,False,False
12722,103,74,9663,2377594.1902216896,6679977.511022764,False,False,False
12723,103,75,9664,2376361.20669792,6672085.931140587,False,False,False
12724,103,76,9665,2375131.164893189,6664201.629746728,False,False,False
12725,103,77,9666,2373904.0547819086,6656324.588127249,False,False,False
12726,103,78,9667,2372679.866384264,6648454.787625183,False,False,False
12727,103,79,9668,2371458.5897659594,6640592.209640321,False,False,False
12728,103,80,9669,2370240.2150379606,6632736.83562897,False,False,False
12729,103,81,9670,2369024.7323562433,6624888.647103707,False,True,False
12730,103,82,9671,2367812.1319215377,6617047.625633172,True,True,False
12731,103,83,9672,2366602.403979081,6609213.752841808,True,False,False
12732,103,84,9673,2365395.5388183678,6601387.010409663,False,False,False
12733,103,85,9674,2364191.5267729014,6593567.3800721355,False,False,False
12734,103,86,9675,2362990.3582199514,6585754.843619767,True,False,False
12735,103,87,9676,2361792.0235803076,6577949.382897996,False,False,False
12736,103,88,9677,2360596.513318037,6570150.979806951,False,False,False
12737,103,89,9678,2359403.8179402472,6562359.616301209,False,False,False
12738,103,90,9679,2358213.927996842,6554575.274389594,False,False,False
12739,103,91,9680,2357026.834080289,6546797.936134932,False,True,False
12740,103,92,9681,2355842.5268253796,6539027.583653838,False,True,False
12741,103,93,9682,2354660.996908997,6531264.199116513,False,False,False
12742,103,94,9683,2353482.2350498843,6523507.764746496,False,False,False
12743,103,95,9684,2352306.2320084088,6515758.262820467,True,False,False
12744,103,96,9685,2351132.9785863375,6508015.675668022,False,False,True
12745,103,97,9686,2349962.4656266067,6500279.9856714485,True,False,True
12746,103,98,9687,2348794.6840130943,6492551.175265534,False,False,False
12747,103,99,9688,2347629.6246703947,6484829.226937337,False,False,False
12748,103,100,9689,2346467.2785635977,6477114.123225962,False,False,False
12749,103,101,9690,2345307.636698064,6469405.846722368,False,False,False
12750,103,102,9691,2344150.6901192027,6461704.380069159,True,False,False
12751,103,103,9692,2342996.4299122547,6454009.705960346,True,True,False
12752,103,104,9693,2341844.847202075,6446321.807141172,True,True,False
12753,103,105,9694,2340695.933152913,6438640.666407881,False,False,False
12754,103,106,9695,2339549.678968202,6430966.266607522,False,True,False
12755,103,107,9696,2338406.0758903385,6423298.590637739,False,True,False
12756,103,108,9697,2337265.1152004767,6415637.621446559,False,True,False
12757,103,109,9698,2336126.788218315,6407983.342032207,False,True,False
12758,103,110,9699,2334991.086301886,6400335.735442879,False,True,False
12759,103,111,9700,2333858.0008473466,6392694.784776556,False,True,False
12760,103,112,9701,2332727.523288775,6385060.473180801,True,True,False
12761,103,113,9702,2331599.6450979616,6377432.783852542,True,True,False
12762,103,114,9703,2330474.3577842056,6369811.7000378985,False,False,False
12763,103,115,9704,2329351.6528941137,6362197.205031963,True,False,False
12764,103,116,9705,2328231.522011399,6354589.282178613,True,False,False
12765,103,117,9706,2327113.9567566738,6346987.914870307,False,False,False
12766,103,118,9707,2325998.9487872594,6339393.086547889,False,True,False
12767,103,119,9708,2324449.6667255946,6333987.103470033,False,True,False
12777,104,5,9709,2478950.7066671606,7238857.773534571,False,False,False
12778,104,6,9710,2477383.568182223,7233319.309362344,True,False,False
12779,104,7,9711,2475915.593384049,7224888.829853159,True,False,False
12780,104,8,9712,2474451.38610035,7216467.036647762,False,False,False
12781,104,9,9713,2472990.93241206,7208053.906600718,False,False,False
12782,104,10,9714,2471534.2184685497,7199649.4166421285,False,False,False
12783,104,11,9715,2470081.2304872083,7191253.543777272,False,False,False
12784,104,12,9716,2468631.954753037,7182866.265086317,False,False,False
12785,104,13,9717,2467186.3776182383,7174487.557723982,False,False,False
12786,104,14,9718,2465744.485501813,7166117.398919219,False,False,False
12787,104,15,9719,2464306.264889155,7157755.765974916,False,True,False
12788,104,16,9720,2462871.7023316557,7149402.636267549,False,False,False
12789,104,17,9721,2461440.7844463056,7141057.987246911,False,True,False
12790,104,18,9722,2460013.4979153005,7132721.796435761,True,False,False
12791,104,19,9723,2458589.8294856516,7124394.041429532,False,False,False
12792,104,20,9724,2457169.765968797,7116074.699896034,False,False,False
12793,104,21,9725,2455753.294240216,7107763.749575117,False,True,False
12794,104,22,9726,2454340.4012390454,7099461.168278395,True,True,False
12795,104,23,9727,2452931.0739677055,7091166.933888924,False,False,False
12796,104,24,9728,2451525.299491514,7082881.0243609045,False,False,False
12797,104,25,9729,2450123.0649383194,7074603.417719377,False,False,False
12798,104,26,9730,2448724.3574981242,7066334.092059929,False,False,False
12799,104,27,9731,2447329.164422718,7058073.025548391,True,False,False
12800,104,28,9732,2445937.47302531,7049820.1964205345,True,False,False
12801,104,29,9733,2444549.270680164,7041575.582981796,False,False,False
12802,104,30,9734,2443164.5448222393,7033339.163606956,False,False,False
12803,104,31,9735,2441783.2829468325,7025110.916739864,False,False,False
12804,104,32,9736,2440405.472609214,7016890.82089314,True,False,False
12805,104,33,9737,2439031.1014242843,7008678.8546478925,True,False,False
12806,104,34,9738,2437660.1570662134,7000474.996653418,False,False,False
12807,104,35,9739,2436292.627268097,6992279.225626924,False,True,False
12808,104,36,9740,2434928.4998216094,6984091.520353232,False,False,False
12809,104,37,9741,2433567.762576657,6975911.859684503,False,False,False
12810,104,38,9742,2432210.403441041,6967740.222539952,False,False,False
12811,104,39,9743,2430856.41038011,6959576.587905558,False,False,False
12812,104,40,9744,2429505.7714164327,6951420.934833804,True,False,False
12813,104,41,9745,2428158.4746294576,6943273.242443367,True,False,False
12814,104,42,9746,2426814.5081551783,6935133.489918864,True,False,False
12815,104,43,9747,2425473.8601858113,6927001.656510572,False,False,False
12816,104,44,9748,2424136.51896946,6918877.721534139,False,False,False
12817,104,45,9749,2422802.472809796,6910761.664370326,False,False,False
12818,104,46,9750,2421471.7100657295,6902653.464464731,True,True,False
12819,104,47,9751,2420144.219151093,6894553.101327508,True,True,False
12820,104,48,9752,2418819.98853432,6886460.554533096,False,False,False
12821,104,49,9753,2417499.006738132,6878375.80371998,False,False,False
12822,104,50,9754,2416181.2623392176,6870298.828590376,False,False,False
12823,104,51,9755,2414866.743967925,6862229.608910007,False,False,False
12824,104,52,9756,2413555.440307953,6854168.124507812,False,False,False
12825,104,53,9757,2412247.340096038,6846114.355275684,False,False,False
12826,104,54,9758,2410942.4321216503,6838068.28116823,True,False,False
12827,104,55,9759,2409640.7052266956,6830029.882202484,True,True,False
12828,104,56,9760,2408342.148305203,6821999.138457654,False,False,False
12829,104,57,9761,2407046.750303033,6813976.0300748665,False,False,False
12830,104,58,9762,2405754.5002175784,6805960.53725691,False,False,False
12831,104,59,9763,2404465.387097467,6797952.640267977,True,False,False
12832,104,60,9764,2403179.40004227,6789952.319433407,True,True,False
12833,104,61,9765,2401896.5282022073,6781959.555139426,True,True,False
12834,104,62,9766,2400616.760777862,6773974.327832915,True,True,False
12835,104,63,9767,2399340.08701989,6765996.618021127,False,False,False
12836,104,64,9768,2398066.496228735,6758026.406271473,False,False,False
12837,104,65,9769,2396795.9777543447,6750063.673211231,False,False,False
12838,104,66,9770,2395528.520995889,6742108.399527344,False,False,True
12839,104,67,9771,2394264.115401481,6734160.565966128,True,True,False
12840,104,68,9772,2393002.7504678955,6726220.153333069,True,True,False
12841,104,69,9773,2391744.4157402986,6718287.142492534,False,False,False
12842,104,70,9774,2390489.100811969,6710361.5143675655,False,True,False
12843,104,71,9775,2389236.7953240247,6702443.249939618,False,True,False
12844,104,72,9776,2387987.488965157,6694532.330248326,False,False,False
12845,104,73,9777,2386741.171471358,6686628.736391251,True,False,False
12846,104,74,9778,2385497.832625654,6678732.449523666,False,False,False
12847,104,75,9779,2384257.462257842,6670843.450858298,False,False,False
12848,104,76,9780,2383020.0502442247,6662961.721665087,False,False,False
12849,104,77,9781,2381785.586507349,6655087.243270976,False,False,False
12850,104,78,9782,2380554.061015747,6647219.997059647,False,False,False
12851,104,79,9783,2379325.4637836763,6639359.964471317,False,False,False
12852,104,80,9784,2378099.784870865,6631507.127002468,False,False,False
12853,104,81,9785,2376877.0143822567,6623661.466205655,False,False,False
12854,104,82,9786,2375657.142467756,6615822.963689252,True,True,False
12855,104,83,9787,2374440.159321978,6607991.601117232,True,True,False
12856,104,84,9788,2373226.0551840006,6600167.360208926,False,False,False
12857,104,85,9789,2372014.820337113,6592350.222738819,False,False,False
12858,104,86,9790,2370806.4451085706,6584540.170536307,True,False,False
12859,104,87,9791,2369600.919869351,6576737.185485469,False,False,False
12860,104,88,9792,2368398.2350339117,6568941.249524863,False,False,False
12861,104,89,9793,2367198.381059945,6561152.344647279,False,False,False
12862,104,90,9794,2366001.3484481405,6553370.452899535,False,False,False
12863,104,91,9795,2364807.127741948,6545595.556382244,False,False,False
12864,104,92,9796,2363615.709527337,6537827.6372496085,False,True,False
12865,104,93,9797,2362427.0844325647,6530066.677709188,False,False,False
12866,104,94,9798,2361241.243127941,6522312.660021692,True,False,False
12867,104,95,9799,2360058.1763255973,6514565.566500748,True,False,True
12868,104,96,9800,2358877.8747792537,6506825.379512703,False,False,True
12869,104,97,9801,2357700.329283992,6499092.081476407,False,False,False
12870,104,98,9802,2356525.530676026,6491365.654862986,False,False,False
12871,104,99,9803,2355353.4698324786,6483646.082195637,False,False,False
12872,104,100,9804,2354184.1376711535,6475933.3460494215,False,False,False
12873,104,101,9805,2353017.525150315,6468227.429051047,False,False,False
12874,104,102,9806,2351853.623268464,6460528.313878666,True,False,False
12875,104,103,9807,2350692.4230641187,6452835.983261647,False,True,False
12876,104,104,9808,2349533.915615596,6445150.419980402,True,False,False
12877,104,105,9809,2348378.0920407926,6437471.606866142,False,False,False
12878,104,106,9810,2347224.9434969733,6429799.526800692,False,True,False
12879,104,107,9811,2346074.4611805496,6422134.162716286,False,True,False
12880,104,108,9812,2344926.6363268713,6414475.497595357,False,False,False
12881,104,109,9813,2343781.460210013,6406823.514470332,False,False,False
12882,104,110,9814,2342638.9241425656,6399178.1964234365,False,False,False
12883,104,111,9815,2341499.019475424,6391539.526586496,False,True,False
12884,104,112,9816,2340361.737597583,6383907.488140718,True,False,False
12885,104,113,9817,2339227.069935925,6376282.064316514,True,False,False
12886,104,114,9818,2338095.0079550226,6368663.238393288,False,False,False
12887,104,115,9819,2336965.543156927,6361050.993699246,False,False,False
12888,104,116,9820,2335838.6670809747,6353445.313611191,True,False,False
12889,104,117,9821,2334714.371303578,6345846.181554336,True,True,False
12890,104,118,9822,2333403.152072226,6338622.361526567,False,True,False
12891,104,119,9823,2330071.292618622,6334468.139752829,False,False,False
12901,105,5,9824,2487326.223296559,7238526.461980356,False,False,False
12902,105,6,9825,2485828.7429639306,7231866.486079569,True,False,False
12903,105,7,9826,2484352.1269797757,7223439.329249665,True,False,False
12904,105,8,9827,2482879.2991687725,7215020.846228206,False,False,False
12905,105,9,9828,2481410.2455434464,7206611.013930939,False,False,False
12906,105,10,9829,2479944.9521850506,7198209.809348758,False,False,False
12907,105,11,9830,2478483.4052431425,7189817.2095474005,False,False,False
12908,105,12,9831,2477025.5909351776,7181433.191667092,False,False,False
12909,105,13,9832,2475571.4955460937,7173057.732922269,False,False,False
12910,105,14,9833,2474121.10542791,7164690.810601239,False,False,False
12911,105,15,9834,2472674.406999322,7156332.40206587,False,True,False
12912,105,16,9835,2471231.3867452997,7147982.484751286,False,True,False
12913,105,17,9836,2469792.03121669,7139641.03616556,False,True,False
12914,105,18,9837,2468356.3270298247,7131308.033889385,True,True,False
12915,105,19,9838,2466924.2608661233,7122983.4555757865,False,False,False
12916,105,20,9839,2465495.8194717094,7114667.278949801,False,False,False
12917,105,21,9840,2464070.9896570193,7106359.4818082,False,True,False
12918,105,22,9841,2462649.7582964185,7098060.04201914,True,True,False
12919,105,23,9842,2461232.112327826,7089768.937521905,True,False,False
12920,105,24,9843,2459818.038752329,7081486.1463265745,False,False,False
12921,105,25,9844,2458407.5246338095,7073211.646513747,False,False,False
12922,105,26,9845,2457000.557098575,7064945.416234225,False,False,False
12923,105,27,9846,2455597.12333498,7056687.4337087395,False,False,False
12924,105,28,9847,2454197.210593068,7048437.677227628,True,False,False
12925,105,29,9848,2452800.806184197,7040196.125150561,True,False,False
12926,105,30,9849,2451407.897480681,7031962.7559062475,True,False,False
12927,105,31,9850,2450018.4719154323,7023737.547992138,False,False,False
12928,105,32,9851,2448632.516981597,7015520.479974141,True,False,False
12929,105,33,9852,2447250.0202322076,7007311.530486325,False,False,False
12930,105,34,9853,2445870.9692798243,6999110.678230654,False,False,False
12931,105,35,9854,2444495.351796187,6990917.90197667,False,True,False
12932,105,36,9855,2443123.155511868,6982733.180561245,False,False,False
12933,105,37,9856,2441754.3682159265,6974556.492888265,False,False,False
12934,105,38,9857,2440388.9777555643,6966387.817928381,False,False,False
12935,105,39,9858,2439026.972035786,6958227.134718691,False,False,False
12936,105,40,9859,2437668.339019063,6950074.422362501,True,True,False
12937,105,41,9860,2436313.066724993,6941929.660029024,True,True,False
12938,105,42,9861,2434961.143229969,6933792.82695311,True,False,False
12939,105,43,9862,2433612.5566668496,6925663.902434966,True,False,False
12940,105,44,9863,2432267.295224629,6917542.865839898,True,False,False
12941,105,45,9864,2430925.3471481074,6909429.69659802,True,True,False
12942,105,46,9865,2429586.7007375704,6901324.374204001,True,True,False
12943,105,47,9866,2428251.344348465,6893226.878216776,True,False,False
12944,105,48,9867,2426919.266391081,6885137.188259296,True,False,False
12945,105,49,9868,2425590.455330231,6877055.28401825,False,False,False
12946,105,50,9869,2424264.8996849377,6868981.145243804,False,False,False
12947,105,51,9870,2422942.5880281166,6860914.75174934,False,False,False
12948,105,52,9871,2421623.5089862677,6852856.083411182,False,False,False
12949,105,53,9872,2420307.6512391674,6844805.120168339,False,False,False
12950,105,54,9873,2418995.0035195583,6836761.842022251,True,False,False
12951,105,55,9874,2417685.5546128456,6828726.229036521,False,True,False
12952,105,56,9875,2416379.2933567953,6820698.261336663,False,False,False
12953,105,57,9876,2415076.2086412315,6812677.919109832,False,False,False
12954,105,58,9877,2413776.28940774,6804665.182604593,False,False,False
12955,105,59,9878,2412479.524649369,6796660.032130638,False,True,False
12956,105,60,9879,2411185.903410335,6788662.448058547,True,True,False
12957,105,61,9880,2409895.4147857344,6780672.410819544,True,False,False
12958,105,62,9881,2408608.0479212473,6772689.90090523,True,True,False
12959,105,63,9882,2407323.7920128484,6764714.8988673305,False,True,False
12960,105,64,9883,2406042.636306527,6756747.385317473,False,True,False
12961,105,65,9884,2404764.570097995,6748787.340926907,False,False,False
12962,105,66,9885,2403489.5827324074,6740834.746426281,False,False,True
12963,105,67,9886,2402217.6636040807,6732889.582605387,False,False,True
12964,105,68,9887,2400948.8021562146,6724951.830312911,True,True,False
12965,105,69,9888,2399682.987880614,6717021.47045621,True,False,False
12966,105,70,9889,2398420.2103174133,6709098.484001041,True,True,False
12967,105,71,9890,2397160.4590548035,6701182.851971352,False,False,False
12968,105,72,9891,2395903.72372876,6693274.555449018,False,False,False
12969,105,73,9892,2394649.9940227745,6685373.575573614,True,False,False
12970,105,74,9893,2393399.2596675847,6677479.893542172,False,False,False
12971,105,75,9894,2392151.510440909,6669593.490608946,False,False,False
12972,105,76,9895,2390906.7361671827,6661714.348085187,False,False,False
12973,105,77,9896,2389664.9267172934,6653842.447338895,False,False,False
12974,105,78,9897,2388426.0720083243,6645977.769794586,False,False,False
12975,105,79,9898,2387190.16200329,6638120.2969330745,False,False,False
12976,105,80,9899,2385957.186710881,6630270.010291228,False,False,False
12977,105,81,9900,2384727.1361852097,6622426.891461744,False,False,False
12978,105,82,9901,2383500.000525554,6614590.922092922,False,False,False
12979,105,83,9902,2382275.7698761052,6606762.083888428,True,True,False
12980,105,84,9903,2381054.43442572,6598940.358607077,True,False,False
12981,105,85,9904,2379835.9844076675,6591125.728062607,True,False,False
12982,105,86,9905,2378620.4100993844,6583318.174123455,True,False,False
12983,105,87,9906,2377407.701822229,6575517.678712518,False,False,False
12984,105,88,9907,2376197.849941236,6567724.2238069475,False,False,False
12985,105,89,9908,2374990.844864876,6559937.791437932,False,False,False
12986,105,90,9909,2373786.677044813,6552158.36369046,False,False,False
12987,105,91,9910,2372585.336975664,6544385.922703109,False,False,False
12988,105,92,9911,2371386.8151947646,6536620.450667828,False,True,False
12989,105,93,9912,2370191.102281931,6528861.929829725,True,False,False
12990,105,94,9913,2368998.188859225,6521110.342486836,True,False,True
12991,105,95,9914,2367808.0655907197,6513365.670989919,False,False,True
12992,105,96,9915,2366620.7231822726,6505627.897742248,False,False,False
12993,105,97,9916,2365436.1523812907,6497897.005199383,False,False,False
12994,105,98,9917,2364254.343976504,6490172.9758689655,False,False,False
12995,105,99,9918,2363075.288797739,6482455.792310516,False,False,False
12996,105,100,9919,2361898.977715692,6474745.4371352,False,False,False
12997,105,101,9920,2360725.401641705,6467041.893005648,True,False,False
12998,105,102,9921,2359554.551527546,6459345.14263572,True,True,False
12999,105,103,9922,2358386.4183651814,6451655.16879032,True,True,False
13000,105,104,9923,2357220.9931865647,6443971.954285179,True,False,False
13001,105,105,9924,2356058.2670634105,6436295.481986641,False,False,False
13002,105,106,9925,2354898.231106983,6428625.7348114755,False,False,False
13003,105,107,9926,2353740.8764678775,6420962.695726668,False,False,False
13004,105,108,9927,2352586.194335807,6413306.347749211,False,False,False
13005,105,109,9928,2351434.1759393928,6405656.673945899,False,False,False
13006,105,110,9929,2350284.812545946,6398013.65743315,False,True,False
13007,105,111,9930,2349138.095461263,6390377.281376776,False,True,False
13008,105,112,9931,2347994.0160294175,6382747.528991815,True,False,False
13009,105,113,9932,2346852.5656325514,6375124.383542293,True,False,False
13010,105,114,9933,2345713.735690666,6367507.828341068,False,False,False
13011,105,115,9934,2344577.517661422,6359897.846749609,False,False,False
13012,105,116,9935,2343443.903039937,6352294.42217781,True,False,False
13013,105,117,9936,2342312.883358577,6344697.538083784,True,False,False
13014,105,118,9937,2340804.0251422515,6339121.960948947,True,False,False
13025,106,5,9938,2495870.167858766,7238179.438234373,False,False,False
13026,106,6,9939,2494271.045660738,7230405.07061324,False,False,False
13027,106,7,9940,2492785.799574765,7221981.254584111,True,False,False
13028,106,8,9941,2491304.3622660968,7213566.0998068405,True,False,False
13029,106,9,9942,2489826.719679187,7205159.583258615,True,False,False
13030,106,10,9943,2488352.857827497,7196761.681991385,False,False,False
13031,106,11,9944,2486882.7627930804,7188372.373131578,False,False,False
13032,106,12,9945,2485416.420726168,7179991.633879754,False,False,False
13033,106,13,9946,2483953.8178447564,7171619.441510302,False,False,False
13034,106,14,9947,2482494.9404342035,7163255.773371131,False,False,False
13035,106,15,9948,2481039.774846822,7154900.606883352,False,False,False
13036,106,16,9949,2479588.3075014753,7146553.919540976,False,True,False
13037,106,17,9950,2478140.524883181,7138215.688910602,True,True,False
13038,106,18,9951,2476696.4135427154,7129885.892631105,True,False,False
13039,106,19,9952,2475255.9600962163,7121564.50841334,False,False,False
13040,106,20,9953,2473819.151224797,7113251.514039836,False,False,False
13041,106,21,9954,2472385.9736741544,7104946.887364488,False,False,False
13042,106,22,9955,2470956.414254187,7096650.606312264,False,False,False
13043,106,23,9956,2469530.4598386097,7088362.648878906,True,False,False
13044,106,24,9957,2468108.0973645765,7080082.993130619,False,False,False
13045,106,25,9958,2466689.3138323016,7071811.617203785,True,False,False
13046,106,26,9959,2465274.0963046853,7063548.499304667,True,False,False
13047,106,27,9960,2463862.431906945,7055293.617709119,True,False,False
13048,106,28,9961,2462454.307826241,7047046.950762287,True,False,False
13049,106,29,9962,2461049.711311315,7038808.4768783115,True,False,False
13050,106,30,9963,2459648.629672122,7030578.174540057,True,False,False
13051,106,31,9964,2458251.0502794716,7022356.022298798,True,False,False
13052,106,32,9965,2456856.9605646697,7014141.998773961,True,True,False
13053,106,33,9966,2455466.3480191557,7005936.082652822,False,True,False
13054,106,34,9967,2454079.2001941595,6997738.252690212,False,True,False
13055,106,35,9968,2452695.5047003394,6989548.48770826,False,True,False
13056,106,36,9969,2451315.2492074408,6981366.766596096,False,False,False
13057,106,37,9970,2449938.421443945,6973193.068309562,False,False,False
13058,106,38,9971,2448565.0091967257,6965027.3718709545,False,False,False
13059,106,39,9972,2447195.000310711,6956869.656368724,True,False,False
13060,106,40,9973,2445828.3826885386,6948719.900957225,True,False,False
13061,106,41,9974,2444465.1442902214,6940578.084856417,False,True,False
13062,106,42,9975,2443105.273132814,6932444.187351598,False,False,False
13063,106,43,9976,2441748.757290079,6924318.1877931375,False,True,False
13064,106,44,9977,2440395.5848921537,6916200.065596202,False,True,False
13065,106,45,9978,2439045.7441252302,6908089.800240476,False,True,False
13066,106,46,9979,2437699.223231222,6899987.371269912,False,False,False
13067,106,47,9980,2436356.0105074444,6891892.758292452,False,False,False
13068,106,48,9981,2435016.0943062925,6883805.940979754,True,False,False
13069,106,49,9982,2433679.4630349237,6875726.899066941,False,False,False
13070,106,50,9983,2432346.1051549385,6867655.612352321,False,False,False
13071,106,51,9984,2431016.009182068,6859592.060697155,False,False,False
13072,106,52,9985,2429689.163685861,6851536.224025354,False,False,False
13073,106,53,9986,2428365.5572893736,6843488.082323253,False,False,False
13074,106,54,9987,2427045.17866886,6835447.615639334,True,False,False
13075,106,55,9988,2425728.01655347,6827414.804083975,False,True,False
13076,106,56,9989,2424414.05972494,6819389.627829193,False,False,False
13077,106,57,9990,2423103.297017295,6811372.067108383,False,False,False
13078,106,58,9991,2421795.7173165483,6803362.102216079,False,False,False
13079,106,59,9992,2420491.309560403,6795359.713507684,True,True,False
13080,106,60,9993,2419190.0627379557,6787364.8813992245,True,False,False
13081,106,61,9994,2417891.9658894027,6779377.586367103,False,False,False
13082,106,62,9995,2416597.0081057507,6771397.808947848,True,False,False
13083,106,63,9996,2415305.178528524,6763425.529737862,True,False,False
13084,106,64,9997,2414016.466349479,6755460.729393174,False,True,False
13085,106,65,9998,2412730.8608103166,6747503.388629207,False,True,False
13086,106,66,9999,2411448.351202401,6739553.488220516,False,False,False
13087,106,67,10000,2410168.9268664727,6731611.009000539,False,False,True
13088,106,68,10001,2408892.5771923736,6723675.93186139,True,True,True
13089,106,69,10002,2407619.2916187663,6715748.23775358,True,True,False
13090,106,70,10003,2406349.059632858,6707827.907685792,True,True,False
13091,106,71,10004,2405081.870770125,6699914.922724644,True,False,False
13092,106,72,10005,2403817.7146140444,6692009.263994445,True,False,False
13093,106,73,10006,2402556.580795816,6684110.912676966,True,False,False
13094,106,74,10007,2401298.458994101,6676219.85001119,True,False,False
13095,106,75,10008,2400043.3389347475,6668336.0572931,True,False,False
13096,106,76,10009,2398791.2103905315,6660459.515875421,True,False,False
13097,106,77,10010,2397542.0631808904,6652590.207167401,False,False,False
13098,106,78,10011,2396295.88717166,6644728.1126345815,False,False,False
13099,106,79,10012,2395052.672274816,6636873.213798559,False,False,False
13100,106,80,10013,2393812.408448215,6629025.492236754,False,False,False
13101,106,81,10014,2392575.085695339,6621184.9295822,False,False,False
13102,106,82,10015,2391340.694065038,6613351.507523293,False,False,False
13103,106,83,10016,2390109.223651279,6605525.207803592,False,True,False
13104,106,84,10017,2388880.664592893,6597706.012221559,False,False,False
13105,106,85,10018,2387655.007073326,6589893.902630364,True,False,False
13106,106,86,10019,2386432.241320389,6582088.860937659,True,False,False
13107,106,87,10020,2385212.357606014,6574290.869105338,True,False,False
13108,106,88,10021,2383995.3462460074,6566499.909149339,True,False,False
13109,106,89,10022,2382781.197599807,6558715.963139404,False,False,False
13110,106,90,10023,2381569.9020702383,6550939.013198865,False,False,False
13111,106,91,10024,2380361.450103278,6543169.041504446,False,False,False
13112,106,92,10025,2379155.8321878114,6535406.03028602,True,True,False
13113,106,93,10026,2377953.0388554,6527649.961826394,True,False,False
13114,106,94,10027,2376753.06068004,6519900.818461123,False,False,True
13115,106,95,10028,2375555.8882779344,6512158.582578255,False,False,False
13116,106,96,10029,2374361.512307256,6504423.236618161,False,False,False
13117,106,97,10030,2373169.9234679188,6496694.763073281,False,False,False
13118,106,98,10031,2371981.1125013474,6488973.144487945,False,False,False
13119,106,99,10032,2370795.0701902527,6481258.363458148,False,False,False
13120,106,100,10033,2369611.7873583985,6473550.4026313415,False,False,False
13121,106,101,10034,2368431.2548703835,6465849.244706231,True,False,False
13122,106,102,10035,2367253.463631413,6458154.872432568,False,True,False
13123,106,103,10036,2366078.4045870807,6450467.268610938,True,False,False
13124,106,104,10037,2364906.0687231454,6442786.416092558,True,False,False
13125,106,105,10038,2363736.4470653133,6435112.297779072,False,False,False
13126,106,106,10039,2362569.5306790187,6427444.896622354,False,False,False
13127,106,107,10040,2361405.310669209,6419784.195624294,False,False,False
13128,106,108,10041,2360243.778180129,6412130.177836606,False,False,False
13129,106,109,10042,2359084.924395111,6404482.826360625,False,False,False
13130,106,110,10043,2357928.7405363554,6396842.124347105,True,True,False
13131,106,111,10044,2356775.217864726,6389208.0549960155,True,False,False
13132,106,112,10045,2355624.34767954,6381580.601556359,True,False,False
13133,106,113,10046,2354476.121318356,6373959.747325954,False,False,False
13134,106,114,10047,2353330.530156771,6366345.475651264,False,False,False
13135,106,115,10048,2352187.565608215,6358737.769927174,False,False,False
13136,106,116,10049,2351047.219123744,6351136.613596814,False,False,False
13137,106,117,10050,2349759.677659777,6343812.338856722,False,False,False
13138,106,118,10051,2346607.1547079994,6339606.540368845,True,False,False
13148,107,4,10052,2506721.5644567516,7241975.264971352,False,False,False
13149,107,5,10053,2504211.1161774504,7237359.802435168,False,False,False
13150,107,6,10054,2502710.4607397974,7228935.072650099,False,False,False
13151,107,7,10055,2501216.595690199,7220514.615494763,False,False,False
13152,107,8,10056,2499726.5599673134,7212102.806973752,True,False,False
13153,107,9,10057,2498240.339447851,7203699.624125941,True,False,False
13154,107,10,10058,2496757.920077813,7195305.044064598,True,False,False
13155,107,11,10059,2495279.2878720765,7186919.043977089,True,False,False
13156,107,12,10060,2493804.4289139714,7178541.601124554,False,False,False
13157,107,13,10061,2492333.329354879,7170172.6928415885,False,False,False
13158,107,14,10062,2490865.975413814,7161812.296535948,True,False,False
13159,107,15,10063,2489402.3533770232,7153460.3896882385,True,False,False
13160,107,16,10064,2487942.4495975818,7145116.949851593,True,False,False
13161,107,17,10065,2486486.2504949914,7136781.954651387,True,True,False
13162,107,18,10066,2485033.742554783,7128455.381784921,True,True,False
13163,107,19,10067,2483584.9123281236,7120137.20902112,True,False,False
13164,107,20,10068,2482139.7464314215,7111827.414200241,False,False,False
13165,107,21,10069,2480698.2315459414,7103525.975233557,False,False,False
13166,107,22,10070,2479260.354417414,7095232.870103074,False,False,False
13167,107,23,10071,2477826.1018556524,7086948.076861232,True,False,False
13168,107,24,10072,2476395.4607341774,7078671.57363059,True,False,False
13169,107,25,10073,2474968.4179898286,7070403.338603561,True,False,False
13170,107,26,10074,2473544.9606223977,7062143.3500421,False,False,False
13171,107,27,10075,2472125.0756942523,7053891.586277417,False,False,False
13172,107,28,10076,2470708.7503299634,7045648.025709687,True,False,False
13173,107,29,10077,2469295.9717159425,7037412.646807757,True,False,False
13174,107,30,10078,2467886.7271000715,7029185.428108878,False,False,False
13175,107,31,10079,2466481.0037913434,7020966.348218388,True,False,False
13176,107,32,10080,2465078.7891595014,7012755.385809449,True,False,False
13177,107,33,10081,2463680.0706346785,7004552.51962276,True,False,False
13178,107,34,10082,2462284.8357070475,6996357.728466265,True,True,False
13179,107,35,10083,2460893.0719264643,6988170.99121489,False,True,False
13180,107,36,10084,2459504.766902119,6979992.2868102435,False,False,False
13181,107,37,10085,2458119.9083021884,6971821.594260354,True,False,False
13182,107,38,10086,2456738.4838534906,6963658.892639386,True,False,False
13183,107,39,10087,2455360.4813411413,6955504.161087364,True,False,False
13184,107,40,10088,2453985.888608215,6947357.3788098935,False,False,False
13185,107,41,10089,2452614.6935554044,6939218.525077913,False,True,False
13186,107,42,10090,2451246.8841406875,6931087.579227387,False,True,False
13187,107,43,10091,2449882.4483789904,6922964.520659049,False,True,False
13188,107,44,10092,2448521.3743418586,6914849.32883815,False,False,False
13189,107,45,10093,2447163.6501571285,6906741.98329417,False,False,False
13190,107,46,10094,2445809.264008599,6898642.4636205435,False,False,False
13191,107,47,10095,2444458.204135708,6890550.749474428,False,False,False
13192,107,48,10096,2443110.4588332092,6882466.820576402,True,False,False
13193,107,49,10097,2441766.0164508526,6874390.656710234,False,False,False
13194,107,50,10098,2440424.8653930696,6866322.237722598,False,False,False
13195,107,51,10099,2439086.99411865,6858261.543522816,False,False,False
13196,107,52,10100,2437752.391140438,6850208.554082611,False,False,False
13197,107,53,10101,2436421.045025014,6842163.24943584,True,False,False
13198,107,54,10102,2435092.9443923873,6834125.609678235,True,True,False
13199,107,55,10103,2433768.0779156885,6826095.614967153,False,True,False
13200,107,56,10104,2432446.434320868,6818073.245521318,False,False,False
13201,107,57,10105,2431128.0023863865,6810058.481620564,False,False,False
13202,107,58,10106,2429812.770942922,6802051.303605602,False,False,False
13203,107,59,10107,2428500.728873064,6794051.691877732,True,True,False
13204,107,60,10108,2427191.865111021,6786059.626898637,False,False,False
13205,107,61,10109,2425886.168642323,6778075.089190094,False,False,False
13206,107,62,10110,2424583.6285035326,6770098.0593337575,False,False,False
13207,107,63,10111,2423284.2337819496,6762128.517970901,True,False,False
13208,107,64,10112,2421987.973615325,6754166.445802157,True,False,False
13209,107,65,10113,2420694.8371915733,6746211.823587305,False,True,False
13210,107,66,10114,2419404.813748489,6738264.632144999,False,True,False
13211,107,67,10115,2418117.8925734595,6730324.852352538,False,False,False
13212,107,68,10116,2416834.06300319,6722392.465145632,True,False,True
13213,107,69,10117,2415553.3144234177,6714467.451518143,True,True,False
13214,107,70,10118,2414275.6362686404,6706549.792521872,False,True,False
13215,107,71,10119,2413001.018021838,6698639.469266293,False,False,False
13216,107,72,10120,2411729.4492141977,6690736.462918347,True,False,False
13217,107,73,10121,2410460.9194248463,6682840.754702178,True,False,False
13218,107,74,10122,2409195.4182805754,6674952.325898914,False,False,False
13219,107,75,10123,2407932.9354555765,6667071.15784644,False,False,False
13220,107,76,10124,2406673.4606711743,6659197.231939149,True,False,False
13221,107,77,10125,2405416.9836955597,6651330.529627728,True,False,False
13222,107,78,10126,2404163.49434353,6643471.03241891,False,False,False
13223,107,79,10127,2402912.982476226,6635618.7218752615,False,False,False
13224,107,80,10128,2401665.438000873,6627773.579614945,False,False,False
13225,107,81,10129,2400420.8508705245,6619935.587311502,False,False,False
13226,107,82,10130,2399179.2110838024,6612104.726693618,False,False,False
13227,107,83,10131,2397940.5086846487,6604280.979544897,False,True,False
13228,107,84,10132,2396704.7337620677,6596464.3277036445,False,True,False
13229,107,85,10133,2395471.876449876,6588654.753062644,True,False,False
13230,107,86,10134,2394241.9269264583,6580852.237568931,False,False,False
13231,107,87,10135,2393014.875414511,6573056.763223571,True,False,False
13232,107,88,10136,2391790.7121808054,6565268.312081459,True,False,False
13233,107,89,10137,2390569.4275359367,6557486.866251069,True,False,False
13234,107,90,10138,2389351.0118340845,6549712.407894261,True,False,False
13235,107,91,10139,2388135.455472771,6541944.919226059,True,True,False
13236,107,92,10140,2386922.7488926216,6534184.382514431,True,True,True
13237,107,93,10141,2385712.8825771264,6526430.780080079,False,True,True
13238,107,94,10142,2384505.847052404,6518684.094296214,False,False,True
13239,107,95,10143,2383301.632886968,6510944.30758837,False,False,False
13240,107,96,10144,2382100.2306914916,6503211.40243416,False,False,False
13241,107,97,10145,2380901.631118577,6495485.361363088,False,False,False
13242,107,98,10146,2379705.8248625244,6487766.166956329,False,False,False
13243,107,99,10147,2378512.8026591046,6480053.801846529,False,False,False
13244,107,100,10148,2377322.5552853313,6472348.248717578,False,False,False
13245,107,101,10149,2376135.0735592325,6464649.490304436,True,False,False
13246,107,102,10150,2374950.3483396308,6456957.509392891,True,True,False
13247,107,103,10151,2373768.370525919,6449272.28881938,True,False,False
13248,107,104,10152,2372589.131057835,6441593.811470777,True,False,False
13249,107,105,10153,2371412.6209152476,6433922.060284179,True,False,False
13250,107,106,10154,2370238.8311179336,6426257.018246722,False,False,False
13251,107,107,10155,2369067.752725363,6418598.6683953665,False,False,False
13252,107,108,10156,2367899.376836481,6410946.993816713,False,False,False
13253,107,109,10157,2366733.694589498,6403301.977646776,True,True,False
13254,107,110,10158,2365570.6971616712,6395663.603070815,True,True,False
13255,107,111,10159,2364410.3757690974,6388031.853323115,False,False,False
13256,107,112,10160,2363252.7216665,6380406.711686798,False,False,False
13257,107,113,10161,2362097.7261470202,6372788.161493638,False,False,False
13258,107,114,10162,2360945.3805420124,6365176.186123836,False,False,False
13259,107,115,10163,2359795.676220836,6357570.769005864,False,False,False
13260,107,116,10164,2358648.604590648,6349971.893616242,False,False,False
13261,107,117,10165,2357164.9432375245,6344225.178314773,False,False,False
13272,108,4,10166,2514199.0195873547,7241653.797545308,False,False,False
13273,108,5,10167,2512653.3096144274,7235882.241110539,False,False,False
13274,108,6,10168,2511146.972711327,7227456.501923666,False,False,False
13275,108,7,10169,2509644.4998900667,7219039.421666465,False,False,False
13276,108,8,10170,2508145.876889955,7210630.977365406,False,False,False
13277,108,9,10171,2506651.089520292,7202231.146121294,False,False,False
13278,108,10,10172,2505160.123659952,7193839.905108977,False,False,False
13279,108,11,10173,2503672.9652569597,7185457.231577002,True,False,False
13280,108,12,10174,2502189.6003280757,7177083.1028473405,True,True,False
13281,108,13,10175,2500710.0149583844,7168717.496315039,True,True,False
13282,108,14,10176,2499234.195300883,7160360.389447954,True,False,False
13283,108,15,10177,2497762.127576071,7152011.759786412,False,True,False
13284,108,16,10178,2496293.7980715507,7143671.5849429285,True,True,False
13285,108,17,10179,2494829.1931416225,7135339.842601892,True,True,False
13286,108,18,10180,2493368.2992068846,7127016.510519274,False,True,False
13287,108,19,10181,2491911.1027538436,7118701.566522303,True,True,False
13288,108,20,10182,2490457.5903345128,7110394.9885092,False,False,False
13289,108,21,10183,2489007.7485660277,7102096.754448859,True,False,False
13290,108,22,10184,2487561.5641302555,7093806.842380564,True,False,False
13291,108,23,10185,2486119.0237734136,7085525.230413678,True,False,False
13292,108,24,10186,2484680.114305681,7077251.896727364,False,False,False
13293,108,25,10187,2483244.8226008257,7068986.8195702825,False,False,False
13294,108,26,10188,2481813.1355958236,7060729.977260319,False,False,False
13295,108,27,10189,2480385.040290486,7052481.348184273,False,False,False
13296,108,28,10190,2478960.5237470875,7044240.910797574,False,False,False
13297,108,29,10191,2477539.573089997,7036008.643624018,False,False,False
13298,108,30,10192,2476122.1755053103,7027784.525255456,False,False,False
13299,108,31,10193,2474708.3182404893,7019568.534351511,True,False,False
13300,108,32,10194,2473297.988603997,7011360.649639319,False,False,False
13301,108,33,10195,2471891.173964942,7003160.849913219,False,False,False
13302,108,34,10196,2470487.861752718,6994969.114034498,True,True,False
13303,108,35,10197,2469088.0394566557,6986785.420931096,True,False,False
13304,108,36,10198,2467691.694625665,6978609.749597326,True,False,False
13305,108,37,10199,2466298.814867893,6970442.079093619,True,False,False
13306,108,38,10200,2464909.387850371,6962282.388546228,False,False,False
13307,108,39,10201,2463523.401298675,6954130.657146961,False,False,False
13308,108,40,10202,2462140.8429965824,6945986.864152921,False,False,False
13309,108,41,10203,2460761.700785732,6937850.988886206,False,False,False
13310,108,42,10204,2459385.9625652856,6929723.010733678,False,True,False
13311,108,43,10205,2458013.6162916007,6921602.9091466535,False,False,False
13312,108,44,10206,2456644.6499778884,6913490.663640678,False,False,False
13313,108,45,10207,2455279.051693888,6905386.253795222,False,False,False
13314,108,46,10208,2453916.8095655404,6897289.659253441,False,False,False
13315,108,47,10209,2452557.911774661,6889200.859721903,False,False,False
13316,108,48,10210,2451202.3465586146,6881119.834970325,True,False,False
13317,108,49,10211,2449850.102209999,6873046.564831317,True,False,False
13318,108,50,10212,2448501.1670763204,6864981.029200124,False,False,False
13319,108,51,10213,2447155.529559682,6856923.2080343515,False,False,False
13320,108,52,10214,2445813.1781164655,6848873.081353733,False,False,False
13321,108,53,10215,2444474.10125702,6840830.629239842,True,False,False
13322,108,54,10216,2443138.287545354,6832795.831835877,False,True,False
13323,108,55,10217,2441805.725598822,6824768.669346373,False,False,False
13324,108,56,10218,2440476.4040878243,6816749.122036958,False,False,False
13325,108,57,10219,2439150.311735499,6808737.170234113,False,False,False
13326,108,58,10220,2437827.437317422,6800732.794324909,False,False,False
13327,108,59,10221,2436507.769661307,6792735.974756767,True,True,False
13328,108,60,10222,2435191.2976467055,6784746.692037202,False,False,False
13329,108,61,10223,2433878.010204715,6776764.926733578,False,False,False
13330,108,62,10224,2432567.8963176818,6768790.659472867,False,False,False
13331,108,63,10225,2431260.945018911,6760823.870941391,False,False,False
13332,108,64,10226,2429957.1453923746,6752864.541884606,True,False,False
13333,108,65,10227,2428656.4865724267,6744912.653106823,True,False,False
13334,108,66,10228,2427358.957743515,6736968.185471,False,True,False
13335,108,67,10229,2426064.548139898,6729031.119898476,False,True,False
13336,108,68,10230,2424773.247045363,6721101.437368754,True,False,True
13337,108,69,10231,2423485.043792944,6713179.118919244,True,True,False
13338,108,70,10232,2422199.927764645,6705264.145645042,False,False,False
13339,108,71,10233,2420917.888391166,6697356.49869867,False,False,False
13340,108,72,10234,2419638.9151516226,6689456.159289884,True,False,False
13341,108,73,10235,2418362.997573277,6681563.108685389,False,False,False
13342,108,74,10236,2417090.125231269,6673677.328208648,False,False,False
13343,108,75,10237,2415820.287748339,6665798.799239627,False,False,False
13344,108,76,10238,2414553.4747945713,6657927.503214574,False,False,False
13345,108,77,10239,2413289.67608712,6650063.421625787,True,False,False
13346,108,78,10240,2412028.88138995,6642206.5360213835,True,False,False
13347,108,79,10241,2410771.0805135714,6634356.828005084,True,False,False
13348,108,80,10242,2409516.2633147826,6626514.279235966,True,False,False
13349,108,81,10243,2408264.419696411,6618678.871428259,False,False,False
13350,108,82,10244,2407015.539607053,6610850.58635111,False,False,False
13351,108,83,10245,2405769.613040822,6603029.405828359,False,False,False
13352,108,84,10246,2404526.6300370963,6595215.3117383225,True,True,False
13353,108,85,10247,2403286.580680262,6587408.28601357,True,False,False
13354,108,86,10248,2402049.455099468,6579608.310640703,False,False,False
13355,108,87,10249,2400815.2434683745,6571815.367660137,True,False,False
13356,108,88,10250,2399583.9360049088,6564029.439165886,False,False,False
13357,108,89,10251,2398355.5229710164,6556250.507305333,False,False,False
13358,108,90,10252,2397129.994672422,6548478.554279037,True,False,False
13359,108,91,10253,2395907.3414583816,6540713.562340497,True,True,True
13360,108,92,10254,2394687.553721449,6532955.513795946,False,False,True
13361,108,93,10255,2393470.6218972313,6525204.391004139,False,True,False
13362,108,94,10256,2392256.5364641547,6517460.1763761295,False,True,False
13363,108,95,10257,2391045.287943228,6509722.852375085,False,True,False
13364,108,96,10258,2389836.8668978075,6501992.401516048,False,True,False
13365,108,97,10259,2388631.2639333657,6494268.806365744,False,True,False
13366,108,98,10260,2387428.4696972594,6486552.049542355,False,False,False
13367,108,99,10261,2386228.474878501,6478842.113715341,False,False,False
13368,108,100,10262,2385031.2702075294,6471138.981605211,False,False,False
13369,108,101,10263,2383836.846455983,6463442.635983322,True,False,False
13370,108,102,10264,2382645.194436475,6455753.059671675,True,True,False
13371,108,103,10265,2381456.3050023727,6448070.235542711,True,False,False
13372,108,104,10266,2380270.1690475685,6440394.146519126,False,False,False
13373,108,105,10267,2379086.7775062663,6432724.775573631,True,False,False
13374,108,106,10268,2377906.121352757,6425062.105728784,True,False,False
13375,108,107,10269,2376728.1916012033,6417406.120056777,False,False,False
13376,108,108,10270,2375552.9793054205,6409756.801679242,False,False,False
13377,108,109,10271,2374380.475558667,6402114.133767051,True,True,False
13378,108,110,10272,2373210.671493423,6394478.099540106,False,False,False
13379,108,111,10273,2372043.5582811837,6386848.682267172,False,False,False
13380,108,112,10274,2370879.127132244,6379225.865265655,False,False,False
13381,108,113,10275,2369717.369295495,6371609.6319014095,False,False,False
13382,108,114,10276,2368558.2760582077,6363999.965588567,False,False,False
13383,108,115,10277,2367401.838745834,6356396.849789313,False,False,False
13384,108,116,10278,2366137.852587387,6348986.855202597,False,False,False
13385,108,117,10279,2363164.427784849,6344713.751557256,False,False,False
13396,109,4,10280,2522637.300761783,7241282.612791159,False,False,False
13397,109,5,10281,2521095.520064677,7234391.699726198,False,False,False
13398,109,6,10282,2519580.566128788,7225969.368214022,False,False,False
13399,109,7,10283,2518069.496781336,7217555.682830412,False,False,False
13400,109,8,10284,2516562.2976942724,7209150.620664406,False,False,False
13401,109,9,10285,2515058.954609825,7200754.158878999,False,False,False
13402,109,10,10286,2513559.453340069,7192366.274710851,False,False,False
13403,109,11,10287,2512063.77976651,7183986.945469949,False,False,False
13404,109,12,10288,2510571.9198396634,7175616.148539326,False,True,False
13405,109,13,10289,2509083.859578644,7167253.861374745,False,True,False
13406,109,14,10290,2507599.58507075,7158900.061504384,False,True,False
13407,109,15,10291,2506119.0824710573,7150554.726528555,False,True,False
13408,109,16,10292,2504642.338002012,7142217.834119388,True,False,False
13409,109,17,10293,2503169.3379530287,7133889.3620205205,False,False,False
13410,109,18,10294,2501700.06868009,7125569.288046825,False,False,False
13411,109,19,10295,2500234.516605349,7117257.590084093,True,True,False
13412,109,20,10296,2498772.6682167337,7108954.246088741,True,True,False
13413,109,21,10297,2497314.5100675575,7100659.2340875175,True,True,False
13414,109,22,10298,2495860.028776132,7092372.53217721,False,False,False
13415,109,23,10299,2494409.211025374,7084094.118524347,False,False,False
13416,109,24,10300,2492962.0435624286,7075823.971364925,False,False,False
13417,109,25,10301,2491518.5131982877,7067562.06900409,False,False,False
13418,109,26,10302,2490078.606807408,7059308.389815877,False,False,False
13419,109,27,10303,2488642.3113273378,7051062.912242905,False,False,False
13420,109,28,10304,2487209.6137583475,7042825.6147961095,False,False,False
13421,109,29,10305,2485780.501163053,7034596.4760544235,False,False,False
13422,109,30,10306,2484354.9606660535,7026375.474664549,False,False,False
13423,109,31,10307,2482932.9794535646,7018162.5893406235,True,False,False
13424,109,32,10308,2481514.544773054,7009957.798863961,False,False,False
13425,109,33,10309,2480099.6439328855,7001761.082082785,False,False,False
13426,109,34,10310,2478688.2643019566,6993572.417911926,False,True,False
13427,109,35,10311,2477280.3933093487,6985391.785332569,True,False,False
13428,109,36,10312,2475876.018443971,6977219.163391957,True,False,False
13429,109,37,10313,2474475.127254211,6969054.531203132,True,False,False
13430,109,38,10314,2473077.707347588,6960897.867944657,True,False,False
13431,109,39,10315,2471683.7463904084,6952749.152860347,False,False,False
13432,109,40,10316,2470293.23210742,6944608.365258996,False,False,False
13433,109,41,10317,2468906.152281474,6936475.484514106,False,True,False
13434,109,42,10318,2467522.4947531866,6928350.490063629,False,True,False
13435,109,43,10319,2466142.247420601,6920233.361409687,False,False,False
13436,109,44,10320,2464765.398238859,6912124.078118322,False,False,False
13437,109,45,10321,2463391.9352198644,6904022.619819219,False,False,False
13438,109,46,10322,2462021.846431955,6895928.966205451,False,False,False
13439,109,47,10323,2460655.1199995806,6887843.09703321,False,False,False
13440,109,48,10324,2459291.7441029716,6879764.992121559,False,False,False
13441,109,49,10325,2457931.706977824,6871694.631352164,True,False,False
13442,109,50,10326,2456574.9969149735,6863631.994669031,False,False,False
13443,109,51,10327,2455221.60226008,6855577.06207827,False,False,False
13444,109,52,10328,2453871.5114133134,6847529.813647811,False,False,False
13445,109,53,10329,2452524.7128290376,6839490.2295071725,True,False,False
13446,109,54,10330,2451181.195015501,6831458.289847194,False,True,False
13447,109,55,10331,2449840.9465345275,6823433.974919798,False,False,False
13448,109,56,10332,2448503.956001206,6815417.265037728,False,False,False
13449,109,57,10333,2447170.212083591,6807408.140574293,False,False,False
13450,109,58,10334,2445839.7035023947,6799406.581963148,False,False,False
13451,109,59,10335,2444512.419030689,6791412.569698005,True,True,False
13452,109,60,10336,2443188.347493605,6783426.08433242,False,False,False
13453,109,61,10337,2441867.4777680375,6775447.106479534,False,False,False
13454,109,62,10338,2440549.798782349,6767475.616811829,False,False,False
13455,109,63,10339,2439235.299516077,6759511.596060892,False,False,False
13456,109,64,10340,2437923.968999646,6751555.025017164,False,False,False
13457,109,65,10341,2436615.796314073,6743605.8845297,True,False,False
13458,109,66,10342,2435310.770590686,6735664.155505941,True,False,False
13459,109,67,10343,2434008.881010834,6727729.818911466,True,True,False
13460,109,68,10344,2432710.116805612,6719802.85576975,True,True,True
13461,109,69,10345,2431414.4672555686,6711883.2471619425,False,True,True
13462,109,70,10346,2430121.9216904356,6703970.974226621,False,False,True
13463,109,71,10347,2428832.469488847,6696066.018159553,True,False,False
13464,109,72,10348,2427546.100078063,6688168.360213477,True,False,False
13465,109,73,10349,2426262.8029336995,6680277.981697861,False,False,False
13466,109,74,10350,2424982.567579451,6672394.863978671,False,False,False
13467,109,75,10351,2423705.383586824,6664518.988478151,False,False,True
13468,109,76,10352,2422431.2405748707,6656650.336674577,False,False,True
13469,109,77,10353,2421160.128209917,6648788.890102046,False,False,True
13470,109,78,10354,2419892.0362053015,6640934.630350236,False,False,False
13471,109,79,10355,2418626.954321111,6633087.539064196,False,False,False
13472,109,80,10356,2417364.872363922,6625247.597944105,True,False,False
13473,109,81,10357,2416105.7801865367,6617414.788745057,True,False,False
13474,109,82,10358,2414849.6676877285,6609589.093276836,True,False,False
13475,109,83,10359,2413596.524811986,6601770.493403696,True,False,False
13476,109,84,10360,2412346.3415492564,6593958.97104414,True,True,False
13477,109,85,10361,2411099.1079346957,6586154.508170696,True,True,False
13478,109,86,10362,2409854.814048413,6578357.086809709,False,False,False
13479,109,87,10363,2408613.4500152282,6570566.689041112,True,False,False
13480,109,88,10364,2407375.0060044164,6562783.296998213,True,False,False
13481,109,89,10365,2406139.4722294696,6555006.892867484,True,False,False
13482,109,90,10366,2404906.8389478447,6547237.458888339,True,False,False
13483,109,91,10367,2403677.0964607256,6539474.977352929,True,True,True
13484,109,92,10368,2402450.2351127816,6531719.430605921,False,True,False
13485,109,93,10369,2401226.245291925,6523970.801044291,False,True,False
13486,109,94,10370,2400005.1174290753,6516229.071117104,False,False,False
13487,109,95,10371,2398786.841997922,6508494.223325327,False,False,False
13488,109,96,10372,2397571.4095146884,6500766.240221596,False,False,False
13489,109,97,10373,2396358.810537902,6493045.104410016,False,True,False
13490,109,98,10374,2395149.0356681556,6485330.798545962,False,True,False
13491,109,99,10375,2393942.075547884,6477623.305335855,False,True,False
13492,109,100,10376,2392737.9208611315,6469922.607536982,False,True,False
13493,109,101,10377,2391536.562333323,6462228.68795727,True,True,False
13494,109,102,10378,2390337.990731043,6454541.529455091,True,True,False
13495,109,103,10379,2389142.1968618054,6446861.114939062,False,False,False
13496,109,104,10380,2387949.171573835,6439187.427367833,False,False,False
13497,109,105,10381,2386758.9057558407,6431520.449749915,False,False,False
13498,109,106,10382,2385571.390336802,6423860.165143434,True,False,False
13499,109,107,10383,2384386.6162857455,6416206.556655974,True,False,False
13500,109,108,10384,2383204.5746115283,6408559.607444355,True,False,False
13501,109,109,10385,2382025.2563626226,6400919.300714459,True,True,False
13502,109,110,10386,2380848.6526269,6393285.619721001,False,False,False
13503,109,111,10387,2379674.754531423,6385658.547767367,False,False,False
13504,109,112,10388,2378503.553242225,6378038.068205391,False,False,False
13505,109,113,10389,2377335.0399641073,6370424.164435192,False,False,False
13506,109,114,10390,2376169.205940426,6362816.819904953,False,False,False
13507,109,115,10391,2375006.0424528844,6355216.0181107465,False,False,False
13508,109,116,10392,2373536.033630194,6349297.007911524,False,False,False
13519,110,3,10393,2535708.519236098,7244941.690967943,False,False,False
13520,110,4,10394,2531187.2540850807,7240887.161385094,False,False,False
13521,110,5,10395,2529534.7852032706,7232892.587198334,False,False,False
13522,110,6,10396,2528011.225589061,7224473.681347548,False,False,False
13523,110,7,10397,2526491.57101413,7216063.408763917,False,False,False
13524,110,8,10398,2524975.8070834144,7207661.746599297,False,False,False
13525,110,9,10399,2523463.9194723996,7199268.672079119,False,False,False
13526,110,10,10400,2521955.8939266982,7190884.162502095,False,False,False
13527,110,11,10401,2520451.7162616267,7182508.195239903,False,False,False
13528,110,12,10402,2518951.3723617825,7174140.747736885,False,False,False
13529,110,13,10403,2517454.848180637,7165781.797509749,False,True,False
13530,110,14,10404,2515962.129740115,7157431.322147256,False,False,False
13531,110,15,10405,2514473.2031301875,7149089.299309926,False,False,False
13532,110,16,10406,2512988.0545084653,7140755.706729747,True,False,False
13533,110,17,10407,2511506.6700997925,7132430.5222098585,False,False,False
13534,110,18,10408,2510029.0361958495,7124113.723624261,False,False,False
13535,110,19,10409,2508555.1391547485,7115805.288917541,False,False,False
13536,110,20,10410,2507084.9654006446,7107505.196104542,True,False,False
13537,110,21,10411,2505618.501423337,7099213.423270106,True,True,False
13538,110,22,10412,2504155.7337778825,7090929.948568758,True,True,False
13539,110,23,10413,2502696.649084207,7082654.750224429,False,False,False
13540,110,24,10414,2501241.2340267207,7074387.806530168,False,False,False
13541,110,25,10415,2499789.475353936,7066129.095847844,False,False,False
13542,110,26,10416,2498341.359878089,7057878.5966078695,False,False,False
13543,110,27,10417,2496896.874474763,7049636.287308911,False,False,False
13544,110,28,10418,2495456.006082514,7041402.146517617,False,False,False
13545,110,29,10419,2494018.7417024975,7033176.152868319,False,False,False
13546,110,30,10420,2492585.068398104,7024958.2850627685,False,False,False
13547,110,31,10421,2491154.9732945906,7016748.521869835,True,False,False
13548,110,32,10422,2489728.4435787136,7008546.842125259,False,False,False
13549,110,33,10423,2488305.4664983754,7000353.224731345,False,False,False
13550,110,34,10424,2486886.02936226,6992167.6486567035,True,True,False
13551,110,35,10425,2485470.119539476,6983990.092935972,True,False,False
13552,110,36,10426,2484057.724459208,6975820.536669546,True,False,False
13553,110,37,10427,2482648.8316103625,6967658.959023296,False,False,False
13554,110,38,10428,2481243.428541219,6959505.339228314,True,False,False
13555,110,39,10429,2479841.502859083,6951359.656580623,True,False,False
13556,110,40,10430,2478443.042229945,6943221.890440941,False,True,False
13557,110,41,10431,2477048.0343781356,6935092.020234375,False,True,False
13558,110,42,10432,2475656.4670859887,6926970.025450182,False,False,False
13559,110,43,10433,2474268.3281935034,6918855.8856415,True,False,False
13560,110,44,10434,2472883.605598008,6910749.580425079,True,False,False
13561,110,45,10435,2471502.287253832,6902651.089481025,False,False,False
13562,110,46,10436,2470124.361171971,6894560.392552532,False,False,False
13563,110,47,10437,2468749.8154197647,6886477.469445639,False,False,False
13564,110,48,10438,2467378.6381205646,6878402.300028944,True,False,False
13565,110,49,10439,2466010.8174534175,6870334.86423338,True,False,False
13566,110,50,10440,2464646.341652738,6862275.142051929,False,False,False
13567,110,51,10441,2463285.199007997,6854223.1135393875,False,False,False
13568,110,52,10442,2461927.3778633974,6846178.7588121025,False,False,False
13569,110,53,10443,2460572.8666175655,6838142.058047719,True,False,False
13570,110,54,10444,2459221.6537232352,6830112.991484948,False,True,False
13571,110,55,10445,2457873.7276869398,6822091.539423278,False,False,False
13572,110,56,10446,2456529.077068702,6814077.682222758,False,False,False
13573,110,57,10447,2455187.6904817293,6806071.40030375,False,False,False
13574,110,58,10448,2453849.5565921096,6798072.674146659,False,False,False
13575,110,59,10449,2452514.664118509,6790081.484291706,True,True,False
13576,110,60,10450,2451183.0018318733,6782097.811338682,False,False,False
13577,110,61,10451,2449854.558555127,6774121.635946686,False,False,False
13578,110,62,10452,2448529.3231628826,6766152.938833917,False,False,False
13579,110,63,10453,2447207.2845811397,6758191.7007774,False,False,False
13580,110,64,10454,2445888.4317870014,6750237.90261277,False,False,False
13581,110,65,10455,2444572.7538083773,6742291.525234014,False,True,False
13582,110,66,10456,2443260.2397236987,6734352.549593244,True,True,False
13583,110,67,10457,2441950.878661635,6726420.9567004545,True,True,False
13584,110,68,10458,2440644.6598008038,6718496.727623306,False,False,False
13585,110,69,10459,2439341.5723694935,6710579.843486853,False,True,False
13586,110,70,10460,2438041.6056453814,6702670.285473348,True,False,True
13587,110,71,10461,2436744.748955255,6694768.034821981,True,False,False
13588,110,72,10462,2435450.991674736,6686873.072828678,False,False,False
13589,110,73,10463,2434160.3232280063,6678985.38084583,False,False,True
13590,110,74,10464,2432872.733087533,6671104.940282107,False,False,True
13591,110,75,10465,2431588.210773799,6663231.732602195,False,False,True
13592,110,76,10466,2430306.7458550334,6655365.7393265935,False,False,True
13593,110,77,10467,2429028.3279469456,6647506.94203137,False,False,True
13594,110,78,10468,2427752.9467124552,6639655.322347952,False,False,True
13595,110,79,10469,2426480.5918614333,6631810.861962888,False,False,True
13596,110,80,10470,2425211.2531504375,6623973.542617632,False,False,True
13597,110,81,10471,2423944.9203824513,6616143.346108326,False,False,False
13598,110,82,10472,2422681.583406628,6608320.254285567,False,False,False
13599,110,83,10473,2421421.2321180296,6600504.249054198,True,False,False
13600,110,84,10474,2420163.856457375,6592695.3123730775,False,False,False
13601,110,85,10475,2418909.446410787,6584893.426254872,True,True,False
13602,110,86,10476,2417657.9920095336,6577098.572765841,True,True,False
13603,110,87,10477,2416409.4833297874,6569310.734025601,True,False,False
13604,110,88,10478,2415163.91049237,6561529.892206936,True,False,True
13605,110,89,10479,2413921.2636625096,6553756.029535564,False,False,True
13606,110,90,10480,2412681.533049591,6545989.128289935,False,True,True
13607,110,91,10481,2411444.7089069146,6538229.1708010165,True,True,True
13608,110,92,10482,2410210.781531456,6530476.139452075,True,True,False
13609,110,93,10483,2408979.741263619,6522730.016678479,False,True,False
13610,110,94,10484,2407751.578487006,6514990.784967467,False,True,False
13611,110,95,10485,2406526.283628172,6507258.426857978,False,False,False
13612,110,96,10486,2405303.8471563933,6499532.924940398,False,False,False
13613,110,97,10487,2404084.2595834327,6491814.26185639,False,False,False
13614,110,98,10488,2402867.511463304,6484102.42029866,False,False,False
13615,110,99,10489,2401653.5933920457,6476397.38301078,False,False,False
13616,110,100,10490,2400442.4960074862,6468699.13278696,True,False,False
13617,110,101,10491,2399234.2099890173,6461007.652471865,True,True,False
13618,110,102,10492,2398028.7260573693,6453322.924960396,True,False,False
13619,110,103,10493,2396826.0349743823,6445644.933197497,False,False,False
13620,110,104,10494,2395626.1275427854,6437973.66017796,False,False,False
13621,110,105,10495,2394428.9946059715,6430309.088946214,False,False,False
13622,110,106,10496,2393234.6270477795,6422651.20259614,False,False,False
13623,110,107,10497,2392043.01579227,6414999.984270856,False,False,False
13624,110,108,10498,2390854.1518035135,6407355.4171625385,True,False,False
13625,110,109,10499,2389668.0260853674,6399717.484512226,True,True,False
13626,110,110,10500,2388484.629681264,6392086.1696096,False,False,False
13627,110,111,10501,2387303.9536739974,6384461.455792822,False,False,False
13628,110,112,10502,2386125.9891855074,6376843.32644832,False,False,False
13629,110,113,10503,2384950.7273766715,6369231.76501061,False,False,False
13630,110,114,10504,2383778.159447093,6361626.754962093,False,False,False
13631,110,115,10505,2382535.0194080346,6354145.734233186,False,False,False
13632,110,116,10506,2379743.03449802,6349789.63838414,False,False,False
13643,111,3,10507,2541551.9579950585,7244669.77536462,False,False,False
13644,111,4,10508,2539507.183469489,7239809.018905602,False,False,False
13645,111,5,10509,2537971.089617481,7231384.913448993,False,False,False
13646,111,6,10510,2536438.935732617,7222969.451196721,False,False,False
13647,111,7,10511,2534910.707281901,7214562.60929019,False,False,False
13648,111,8,10512,2533386.3898035907,7206164.364944313,False,False,False
13649,111,9,10513,2531865.96890677,7197774.695447207,False,False,False
13650,111,10,10514,2530349.4302709205,7189393.578159885,False,False,False
13651,111,11,10515,2528836.759645499,7181020.990515952,False,False,False
13652,111,12,10516,2527327.942849518,7172656.910021302,False,True,False
13653,111,13,10517,2525822.9657711308,7164301.314253834,False,True,False
13654,111,14,10518,2524321.8143672114,7155954.180863121,False,False,False
13655,111,15,10519,2522824.474662951,7147615.487570146,True,False,False
13656,111,16,10520,2521330.932751443,7139285.212166974,True,False,False
13657,111,17,10521,2519841.17479328,7130963.332516485,False,False,False
13658,111,18,10522,2518355.1870161546,7122649.826552055,False,False,False
13659,111,19,10523,2516872.955714454,7114344.6722772885,True,False,False
13660,111,20,10524,2515394.4672488677,7106047.8477657,True,False,False
13661,111,21,10525,2513919.7080459907,7097759.331160447,False,False,False
13662,111,22,10526,2512448.664597933,7089479.100674025,True,True,False
13663,111,23,10527,2510981.323461932,7081207.134588001,True,True,False
13664,111,24,10528,2509517.6712599667,7072943.411252697,True,True,False
13665,111,25,10529,2508057.694678371,7064687.909086937,False,False,False
13666,111,26,10530,2506601.380467457,7056440.606577736,False,False,False
13667,111,27,10531,2505148.7154411385,7048201.482280042,False,False,False
13668,111,28,10532,2503699.6864765533,7039970.514816433,False,False,False
13669,111,29,10533,2502254.280513687,7031747.682876863,False,False,False
13670,111,30,10534,2500812.484555011,7023532.965218352,True,False,False
13671,111,31,10535,2499374.285665111,7015326.340664738,True,False,False
13672,111,32,10536,2497939.6709703202,7007127.788106385,False,False,False
13673,111,33,10537,2496508.6276583625,6998937.286499917,True,False,False
13674,111,34,10538,2495081.1429779865,6990754.814867929,True,True,False
13675,111,35,10539,2493657.2042386136,6982580.352298739,False,False,False
13676,111,36,10540,2492236.7988099796,6974413.877946107,True,False,False
13677,111,37,10541,2490819.9141217847,6966255.3710289495,False,False,False
13678,111,38,10542,2489406.537663343,6958104.810831094,False,False,False
13679,111,39,10543,2487996.6569832345,6949962.176701004,True,True,False
13680,111,40,10544,2486590.2596889595,6941827.4480515085,True,True,False
13681,111,41,10545,2485187.333446597,6933700.604359539,True,False,False
13682,111,42,10546,2483787.8659804664,6925581.62516588,True,False,False
13683,111,43,10547,2482391.845072783,6917470.490074876,True,False,False
13684,111,44,10548,2480999.2585633313,6909367.178754211,True,False,False
13685,111,45,10549,2479610.094349124,6901271.670934608,True,False,False
13686,111,46,10550,2478224.3403840754,6893183.9464096,True,False,False
13687,111,47,10551,2476841.98467867,6885103.985035261,True,False,False
13688,111,48,10552,2475463.0152996383,6877031.766729944,True,True,False
13689,111,49,10553,2474087.420369631,6868967.271474043,True,True,False
13690,111,50,10554,2472715.1880668974,6860910.479309723,True,True,False
13691,111,51,10555,2471346.306624964,6852861.370340667,True,False,False
13692,111,52,10556,2469980.7643323196,6844819.924731841,False,False,False
13693,111,53,10557,2468618.5495320987,6836786.122709221,True,True,False
13694,111,54,10558,2467259.650621767,6828759.944559569,True,True,False
13695,111,55,10559,2465904.056052811,6820741.370630159,False,False,False
13696,111,56,10560,2464551.7543304283,6812730.38132855,False,False,False
13697,111,57,10561,2463202.7340132203,6804726.95712232,False,False,False
13698,111,58,10562,2461856.9837128907,6796731.078538848,False,False,False
13699,111,59,10563,2460514.4920939375,6788742.726165046,True,True,False
13700,111,60,10564,2459175.247873354,6780761.880647124,False,False,False
13701,111,61,10565,2457839.2398203313,6772788.522690357,False,False,False
13702,111,62,10566,2456506.4567559618,6764822.633058831,False,False,False
13703,111,63,10567,2455176.8875529408,6756864.192575216,False,False,False
13704,111,64,10568,2453850.5211352776,6748913.182120518,False,True,False
13705,111,65,10569,2452527.3464780026,6740969.582633844,False,True,False
13706,111,66,10570,2451207.3526068795,6733033.375112169,True,False,False
13707,111,67,10571,2449890.528598116,6725104.540610106,True,False,False
13708,111,68,10572,2448576.8635780816,6717183.060239658,True,False,False
13709,111,69,10573,2447266.3467230247,6709268.915169991,False,True,False
13710,111,70,10574,2445958.967258788,6701362.086627211,True,True,True
13711,111,71,10575,2444654.7144605317,6693462.555894123,True,True,True
13712,111,72,10576,2443353.5776524567,6685570.30431,False,False,True
13713,111,73,10577,2442055.546207526,6677685.313270362,False,False,True
13714,111,74,10578,2440760.6095471936,6669807.564226753,False,False,False
13715,111,75,10579,2439468.757141131,6661937.038686488,False,False,False
13716,111,76,10580,2438179.9785069595,6654073.71821246,False,False,False
13717,111,77,10581,2436894.2632099777,6646217.584422896,False,False,False
13718,111,78,10582,2435611.6008628975,6638368.618991141,False,False,False
13719,111,79,10583,2434331.981125581,6630526.803645428,False,False,False
13720,111,80,10584,2433055.393704774,6622692.120168666,False,False,True
13721,111,81,10585,2431781.8283538455,6614864.550398209,False,False,True
13722,111,82,10586,2430511.2748725293,6607044.076225647,False,False,True
13723,111,83,10587,2429243.723106667,6599230.679596585,True,False,True
13724,111,84,10588,2427979.162947947,6591424.342510414,False,False,True
13725,111,85,10589,2426717.584333658,6583625.047020108,False,False,False
13726,111,86,10590,2425458.9772464274,6575832.77523201,False,True,False
13727,111,87,10591,2424203.331713976,6568047.509305596,True,True,True
13728,111,88,10592,2422950.6378088673,6560269.231453293,True,True,True
13729,111,89,10593,2421700.8856482594,6552497.923940237,False,True,False
13730,111,90,10594,2420454.065393658,6544733.569084082,False,True,False
13731,111,91,10595,2419210.167250671,6536976.149254775,False,True,False
13732,111,92,10596,2417969.18146877,6529225.646874354,True,True,False
13733,111,93,10597,2416731.098341044,6521482.044416742,True,True,False
13734,111,94,10598,2415495.9082039604,6513745.324407526,False,True,False
13735,111,95,10599,2414263.6014371295,6506015.469423763,True,False,False
13736,111,96,10600,2413034.168463064,6498292.4620937705,False,False,False
13737,111,97,10601,2411807.599746948,6490576.285096917,False,False,False
13738,111,98,10602,2410583.8857963993,6482866.921163422,False,False,False
13739,111,99,10603,2409363.01716124,6475164.353074155,False,False,False
13740,111,100,10604,2408144.984433265,6467468.563660413,True,False,False
13741,111,101,10605,2406929.7782460107,6459779.535803759,True,True,False
13742,111,102,10606,2405717.3892745334,6452097.25243578,True,False,False
13743,111,103,10607,2404507.808235176,6444421.696537915,False,False,False
13744,111,104,10608,2403301.0258853473,6436752.851141244,False,False,False
13745,111,105,10609,2402097.0330232996,6429090.699326285,False,False,False
13746,111,106,10610,2400895.8204879025,6421435.224222814,False,False,False
13747,111,107,10611,2399697.379158428,6413786.409009655,False,False,False
13748,111,108,10612,2398501.6999543267,6406144.236914486,True,True,False
13749,111,109,10613,2397308.7738350136,6398508.691213653,False,True,False
13750,111,110,10614,2396118.5917996517,6390879.755231969,False,False,False
13751,111,111,10615,2394931.1448869333,6383257.412342518,False,False,False
13752,111,112,10616,2393746.424174872,6375641.645966474,False,False,False
13753,111,113,10617,2392564.4207805884,6368032.439572902,False,False,False
13754,111,114,10618,2391385.1258600987,6360429.776678573,False,False,False
13755,111,115,10619,2390101.858364618,6354239.049648921,False,False,False
13767,112,3,10620,2549498.567897566,7244293.12763073,False,False,False
13768,112,4,10621,2547949.115005968,7238289.319372181,False,False,False
13769,112,5,10622,2546404.4179386147,7229868.688446255,False,False,False
13770,112,6,10623,2544863.6812436953,7221456.687679853,False,False,False
13771,112,7,10624,2543326.8903216016,7213053.2942780815,False,False,False
13772,112,8,10625,2541794.030644254,7204658.485519145,False,False,False
13773,112,9,10626,2540265.0877546677,7196272.238754092,False,False,False
13774,112,10,10627,2538740.0472665317,7187894.531406473,False,False,False
13775,112,11,10628,2537218.894863776,7179525.340972068,False,True,False
13776,112,12,10629,2535701.616300158,7171164.645018571,True,True,False
13777,112,13,10630,2534188.197398838,7162812.42118529,True,False,False
13778,112,14,10631,2532678.62405197,7154468.647182863,False,False,False
13779,112,15,10632,2531172.882220283,7146133.30079296,True,False,False
13780,112,16,10633,2529670.9579326767,7137806.359867977,False,False,False
13781,112,17,10634,2528172.8372858115,7129487.80233075,False,False,False
13782,112,18,10635,2526678.5064437073,7121177.606174274,True,False,False
13783,112,19,10636,2525187.9516373407,7112875.749461396,True,False,False
13784,112,20,10637,2523701.1591642476,7104582.210324536,False,False,False
13785,112,21,10638,2522218.115388127,7096296.966965401,False,False,False
13786,112,22,10639,2520738.806738454,7088019.997654685,False,False,False
13787,112,23,10640,2519263.219710079,7079751.280731808,False,False,False
13788,112,24,10641,2517791.340862853,7071490.794604611,True,True,False
13789,112,25,10642,2516323.1568212346,7063238.517749078,False,False,False
13790,112,26,10643,2514858.654273912,7054994.42870907,False,False,False
13791,112,27,10644,2513397.8199734236,7046758.506096025,False,False,False
13792,112,28,10645,2511940.640735782,7038530.728588682,False,False,False
13793,112,29,10646,2510487.1034401013,7030311.074932829,False,False,False
13794,112,30,10647,2509037.1950282212,7022099.523940988,True,False,False
13795,112,31,10648,2507590.902504345,7013896.054492177,False,False,False
13796,112,32,10649,2506148.2129346705,7005700.6455316115,True,False,False
13797,112,33,10650,2504709.113447026,6997513.276070431,True,False,False
13798,112,34,10651,2503273.591230511,6989333.9251854615,False,True,False
13799,112,35,10652,2501841.633535136,6981162.572018896,False,False,False
13800,112,36,10653,2500413.22767147,6972999.195778076,True,False,False
13801,112,37,10654,2498988.3610102828,6964843.775735179,False,False,False
13802,112,38,10655,2497567.020982199,6956696.291226986,False,True,False
13803,112,39,10656,2496149.1950773424,6948556.7216546,False,True,False
13804,112,40,10657,2494734.870844999,6940425.046483186,False,False,False
13805,112,41,10658,2493324.0358932638,6932301.245241711,False,False,False
13806,112,42,10659,2491916.6778887073,6924185.297522676,False,False,False
13807,112,43,10660,2490512.7845560326,6916077.182981864,False,False,False
13808,112,44,10661,2489112.3436777373,6907976.881338076,False,False,False
13809,112,45,10662,2487715.3430937827,6899884.372372872,True,False,False
13810,112,46,10663,2486321.77070126,6891799.6359303305,True,False,False
13811,112,47,10664,2484931.6144540603,6883722.651916755,False,False,False
13812,112,48,10665,2483544.8623625464,6875653.4003004655,True,False,False
13813,112,49,10666,2482161.5024932306,6867591.861111516,True,False,False
13814,112,50,10667,2480781.5229684454,6859538.0144414455,False,True,False
13815,112,51,10668,2479404.9119660305,6851491.84044304,True,True,False
13816,112,52,10669,2478031.6577190077,6843453.319330076,True,True,False
13817,112,53,10670,2476661.7485152674,6835422.431377061,True,True,False
13818,112,54,10671,2475295.1726972517,6827399.156919006,True,True,False
13819,112,55,10672,2473931.918661647,6819383.476351164,False,False,False
13820,112,56,10673,2472571.974859068,6811375.370128787,False,False,False
13821,112,57,10674,2471215.329793754,6803374.818766889,False,False,False
13822,112,58,10675,2469861.9720232603,6795381.802840001,False,False,False
13823,112,59,10676,2468511.8901581555,6787396.302981922,True,True,False
13824,112,60,10677,2467165.0728617194,6779418.299885482,False,False,False
13825,112,61,10678,2465821.508849644,6771447.774302306,False,False,False
13826,112,62,10679,2464481.1868897327,6763484.707042571,False,False,False
13827,112,63,10680,2463144.0958016096,6755529.078974769,False,True,False
13828,112,64,10681,2461810.224456421,6747580.871025477,False,True,False
13829,112,65,10682,2460479.561776546,6739640.06417911,False,False,False
13830,112,66,10683,2459152.096735305,6731706.639477688,True,False,False
13831,112,67,10684,2457827.8183566746,6723780.57802062,False,False,False
13832,112,68,10685,2456506.7157149995,6715861.86096445,True,False,False
13833,112,69,10686,2455188.7779347072,6707950.469522637,True,False,False
13834,112,70,10687,2453873.9941900284,6700046.384965322,False,False,False
13835,112,71,10688,2452562.3537047165,6692149.5886191,True,True,False
13836,112,72,10689,2451253.8457517675,6684260.061866787,False,False,False
13837,112,73,10690,2449948.4596531447,6676377.786147211,False,False,False
13838,112,74,10691,2448646.1847795034,6668502.742954953,False,False,False
13839,112,75,10692,2447347.010549918,6660634.913840154,False,False,False
13840,112,76,10693,2446050.926431611,6652774.280408274,False,False,False
13841,112,77,10694,2444757.9219396855,6644920.824319878,False,False,False
13842,112,78,10695,2443467.9866368542,6637074.527290401,False,False,False
13843,112,79,10696,2442181.1101331767,6629235.371089936,False,False,False
13844,112,80,10697,2440897.282085793,6621403.337543025,False,False,False
13845,112,81,10698,2439616.492198665,6613578.408528411,False,False,False
13846,112,82,10699,2438338.730222313,6605760.565978848,False,False,False
13847,112,83,10700,2437063.9859535554,6597949.791880874,True,False,False
13848,112,84,10701,2435792.249235257,6590146.068274587,False,False,True
13849,112,85,10702,2434523.5099560684,6582349.377253442,False,False,True
13850,112,86,10703,2433257.7580501763,6574559.700964025,False,False,True
13851,112,87,10704,2431994.9834970487,6566777.021605856,True,True,True
13852,112,88,10705,2430735.1763211847,6559001.321431162,True,False,False
13853,112,89,10706,2429478.3265918694,6551232.58274467,False,True,False
13854,112,90,10707,2428224.4244229198,6543470.787903403,False,False,False
13855,112,91,10708,2426973.4599724473,6535715.919316456,False,False,False
13856,112,92,10709,2425725.423442608,6527967.959444808,False,False,False
13857,112,93,10710,2424480.305079365,6520226.890801094,True,True,False
13858,112,94,10711,2423238.0951722423,6512492.695949416,True,True,False
13859,112,95,10712,2421998.7840540903,6504765.3575051185,True,True,False
13860,112,96,10713,2420762.3621008457,6497044.858134609,True,True,False
13861,112,97,10714,2419528.819731298,6489331.180555121,True,True,False
13862,112,98,10715,2418298.147406852,6481624.307534549,False,False,False
13863,112,99,10716,2417070.3356312965,6473924.221891215,False,False,False
13864,112,100,10717,2415845.374950574,6466230.906493685,True,False,False
13865,112,101,10718,2414623.255952547,6458544.344260557,True,True,False
13866,112,102,10719,2413403.9692667746,6450864.518160275,False,False,False
13867,112,103,10720,2412187.5055642803,6443191.4112109225,False,False,False
13868,112,104,10721,2410973.855557332,6435525.0064800205,False,False,False
13869,112,105,10722,2409763.0099992114,6427865.287084345,False,True,False
13870,112,106,10723,2408554.959684,6420212.236189719,False,True,False
13871,112,107,10724,2407349.6954463487,6412565.8370108185,False,True,False
13872,112,108,10725,2406147.208161264,6404926.072810986,True,True,False
13873,112,109,10726,2404947.4887438887,6397292.926902027,False,True,False
13874,112,110,10727,2403750.528149283,6389666.382644035,False,False,False
13875,112,111,10728,2402556.317372211,6382046.42344517,False,False,False
13876,112,112,10729,2401364.847446926,6374433.032761507,False,False,False
13877,112,113,10730,2400176.109446957,6366826.194096807,False,False,False
13878,112,114,10731,2398990.0944848997,6359225.8910023635,False,False,False
13879,112,115,10732,2398213.538249351,6352594.38739305,False,False,False
13891,113,3,10733,2557042.501289368,7243066.376903437,False,False,False
13892,113,4,10734,2556388.043554865,7236761.060702207,False,False,False
13893,113,5,10735,2554834.7548421808,7228343.9222040055,False,False,False
13894,113,6,10736,2553285.446850469,7219935.400760882,False,False,False
13895,113,7,10737,2551740.104913854,7211535.473641867,False,False,False
13896,113,8,10738,2550198.7144382577,7203144.118188716,False,False,False
13897,113,9,10739,2548661.2609009687,7194761.311815634,False,False,False
13898,113,10,10740,2547127.729850214,7186387.03200897,False,True,False
13899,113,11,10741,2545598.1069047344,7178021.256326901,True,True,False
13900,113,12,10742,2544072.3777533597,7169663.962399153,True,False,False
13901,113,13,10743,2542550.528154591,7161315.127926699,True,False,False
13902,113,14,10744,2541032.5439361823,7152974.730681466,True,False,False
13903,113,15,10745,2539518.4109947304,7144642.748506046,True,False,False
13904,113,16,10746,2538008.1152952607,7136319.159313393,True,False,False
13905,113,17,10747,2536501.6428708206,7128003.941086549,True,False,False
13906,113,18,10748,2534998.979822076,7119697.07187834,True,False,False
13907,113,19,10749,2533500.1123169065,7111398.5298111,False,False,False
13908,113,20,10750,2532005.0265900088,7103108.293076377,False,False,False
13909,113,21,10751,2530513.708942498,7094826.33993465,False,False,False
13910,113,22,10752,2529026.145741517,7086552.648715049,False,False,False
13911,113,23,10753,2527542.3234198415,7078287.197815073,False,False,False
13912,113,24,10754,2526062.228475496,7070029.965700294,True,True,False
13913,113,25,10755,2524585.8474713657,7061780.930904098,False,False,False
13914,113,26,10756,2523113.167034815,7053540.072027392,False,False,False
13915,113,27,10757,2521644.173857306,7045307.367738342,False,False,False
13916,113,28,10758,2520178.854694023,7037082.79677207,False,False,False
13917,113,29,10759,2518717.196363497,7028866.33793041,False,False,False
13918,113,30,10760,2517259.1857472337,7020657.970081613,True,False,False
13919,113,31,10761,2515804.809789341,7012457.6721600825,True,False,False
13920,113,32,10762,2514354.0554961665,7004265.423166101,True,False,False
13921,113,33,10763,2512906.909935933,6996081.202165568,False,False,False
13922,113,34,10764,2511463.3602383705,6987904.988289715,False,True,False
13923,113,35,10765,2510023.3935943646,6979736.760734857,False,False,False
13924,113,36,10766,2508586.9972555935,6971576.498762112,True,False,False
13925,113,37,10767,2507154.1585341766,6963424.18169713,True,True,False
13926,113,38,10768,2505724.864802322,6955279.788929863,True,True,False
13927,113,39,10769,2504299.103491977,6947143.29991426,False,False,False
13928,113,40,10770,2502876.8620944787,6939014.69416804,False,False,False
13929,113,41,10771,2501458.1281602117,6930893.9512723945,False,False,False
13930,113,42,10772,2500042.8892982667,6922781.050871765,False,False,False
13931,113,43,10773,2498631.133176097,6914675.972673569,False,False,False
13932,113,44,10774,2497222.8475191826,6906578.696447937,False,False,False
13933,113,45,10775,2495818.020110695,6898489.202027476,False,False,False
13934,113,46,10776,2494416.6387911635,6890407.469306984,False,False,False
13935,113,47,10777,2493018.691458143,6882333.478243234,False,False,False
13936,113,48,10778,2491624.166065888,6874267.208854689,True,False,False
13937,113,49,10779,2490233.050625026,6866208.641221267,False,False,False
13938,113,50,10780,2488845.3332022317,6858157.755484094,False,False,False
13939,113,51,10781,2487461.0019199043,6850114.531845251,False,False,False
13940,113,52,10782,2486080.044955851,6842078.950567509,False,False,False
13941,113,53,10783,2484702.4505429673,6834050.991974118,True,False,False
13942,113,54,10784,2483328.206968922,6826030.636448532,True,True,False
13943,113,55,10785,2481957.3025758415,6818017.864434176,True,True,False
13944,113,56,10786,2480589.725760006,6810012.656434194,True,False,False
13945,113,57,10787,2479225.4649715303,6802014.993011225,True,False,False
13946,113,58,10788,2477864.5087140654,6794024.854787138,False,True,False
13947,113,59,10789,2476506.845544488,6786042.222442819,True,True,False
13948,113,60,10790,2475152.4640726023,6778067.0767179085,False,False,False
13949,113,61,10791,2473801.352960834,6770099.398410568,False,True,False
13950,113,62,10792,2472453.500923936,6762139.168377255,False,True,False
13951,113,63,10793,2471108.8967286907,6754186.367532475,False,True,False
13952,113,64,10794,2469767.5291936137,6746240.9768485585,False,False,False
13953,113,65,10795,2468429.387188661,6738302.97735541,False,False,False
13954,113,66,10796,2467094.459634939,6730372.350140296,True,False,False
13955,113,67,10797,2465762.735504419,6722449.076347591,False,False,False
13956,113,68,10798,2464434.2038196432,6714533.137178576,False,False,False
13957,113,69,10799,2463108.853653445,6706624.513891172,True,False,False
13958,113,70,10800,2461786.6741286647,6698723.187799746,True,False,False
13959,113,71,10801,2460467.6544178664,6690829.14027486,True,True,False
13960,113,72,10802,2459151.783743063,6682942.352743064,False,True,False
13961,113,73,10803,2457839.051375433,6675062.806686653,False,False,False
13962,113,74,10804,2456529.44663505,6667190.483643447,False,False,False
13963,113,75,10805,2455222.9588906053,6659325.365206579,False,False,False
13964,113,76,10806,2453919.577559138,6651467.433024251,False,False,False
13965,113,77,10807,2452619.292105764,6643616.668799539,False,False,False
13966,113,78,10808,2451322.0920434087,6635773.054290155,False,False,False
13967,113,79,10809,2450027.9669325375,6627936.571308228,False,False,False
13968,113,80,10810,2448736.906380895,6620107.20172009,False,False,False
13969,113,81,10811,2447448.9000432384,6612284.927446066,False,False,False
13970,113,82,10812,2446163.9376210775,6604469.730460235,False,False,False
13971,113,83,10813,2444882.0088624177,6596661.5927902395,True,False,False
13972,113,84,10814,2443603.103561495,6588860.496517057,False,False,False
13973,113,85,10815,2442327.2115585296,6581066.423774788,False,False,False
13974,113,86,10816,2441054.322739461,6573279.356750445,False,False,False
13975,113,87,10817,2439784.4270357043,6565499.27768375,False,False,False
13976,113,88,10818,2438517.5144238924,6557726.168866897,True,True,False
13977,113,89,10819,2437253.5749256294,6549960.01264438,False,True,False
13978,113,90,10820,2435992.598607243,6542200.791412745,False,False,False
13979,113,91,10821,2434734.5755795366,6534448.487620408,False,False,False
13980,113,92,10822,2433479.4959975462,6526703.0837674495,False,False,False
13981,113,93,10823,2432227.3500602953,6518964.562405386,False,True,False
13982,113,94,10824,2430978.128010556,6511232.90613699,False,False,False
13983,113,95,10825,2429731.820134606,6503508.0976160625,False,False,False
13984,113,96,10826,2428488.4167619944,6495790.119547254,False,False,False
13985,113,97,10827,2427247.908265299,6488078.954685844,True,True,False
13986,113,98,10828,2426010.285059898,6480374.585837542,True,False,False
13987,113,99,10829,2424775.53760373,6472676.995858291,False,False,False
13988,113,100,10830,2423543.656397064,6464986.167654074,True,False,False
13989,113,101,10831,2422314.6319822734,6457302.084180696,True,True,False
13990,113,102,10832,2421088.4549435964,6449624.728443608,False,False,False
13991,113,103,10833,2419865.1159069175,6441954.083497693,False,False,False
13992,113,104,10834,2418644.6055395394,6434290.132447082,False,False,False
13993,113,105,10835,2417426.9145499533,6426632.85844495,False,True,False
13994,113,106,10836,2416212.0336876214,6418982.244693321,False,False,False
13995,113,107,10837,2414999.9537427505,6411338.274442886,False,True,False
13996,113,108,10838,2413790.6655460764,6403700.930992795,True,True,False
13997,113,109,10839,2412584.159968639,6396070.19769048,True,True,False
13998,113,110,10840,2411380.427921569,6388446.05793145,False,False,False
13999,113,111,10841,2410179.4603558704,6380828.495159108,False,False,False
14000,113,112,10842,2408981.2482622024,6373217.492864564,False,False,False
14001,113,113,10843,2407785.782670675,6365613.034586438,False,False,False
14002,113,114,10844,2406593.0546506234,6358015.1039106855,False,False,False
14003,113,115,10845,2405499.3901831093,6350515.293019895,False,False,False
14004,113,116,10846,2407152.560616819,6345847.00895435,False,False,False
14015,114,3,10847,2563906.451772609,7240583.89937384,False,False,False
14016,114,4,10848,2564804.50748674,7235209.787497677,False,False,False
14017,114,5,10849,2563262.0850480627,7226810.624781714,False,False,False
14018,114,6,10850,2561704.2173252194,7218405.600449119,False,False,False
14019,114,7,10851,2560150.3358831215,7210009.157341008,True,False,False
14020,114,8,10852,2558600.426062035,7201621.272862942,True,False,False
14021,114,9,10853,2557054.47327386,7193241.924492519,True,True,False
14022,114,10,10854,2555512.4630017006,7184871.089779103,True,True,False
14023,114,11,10855,2553974.380799441,7176508.7463435205,True,True,False
14024,114,12,10856,2552440.212291316,7168154.871877764,False,True,False
14025,114,13,10857,2550909.943171496,7159809.4441447025,False,False,False
14026,114,14,10858,2549383.559203667,7151472.440977789,True,False,False
14027,114,15,10859,2547861.046220614,7143143.840280768,True,False,False
14028,114,16,10860,2546342.3901238125,7134823.620027386,True,False,False
14029,114,17,10861,2544827.576883019,7126511.75826111,True,False,False
14030,114,18,10862,2543316.59253586,7118208.233094843,False,False,False
14031,114,19,10863,2541809.423187437,7109913.022710615,False,False,False
14032,114,20,10864,2540306.05500992,7101626.105359344,False,False,False
14033,114,21,10865,2538806.474242153,7093347.459360506,False,False,False
14034,114,22,10866,2537310.6671892563,7085077.063101883,False,False,False
14035,114,23,10867,2535818.620222236,7076814.895039274,False,False,False
14036,114,24,10868,2534330.319777598,7068560.933696224,True,True,False
14037,114,25,10869,2532845.752356956,7060315.157663724,True,True,False
14038,114,26,10870,2531364.90452665,7052077.545599964,False,False,False
14039,114,27,10871,2529887.762917366,7043848.076230045,False,False,False
14040,114,28,10872,2528414.314223756,7035626.728345696,False,False,False
14041,114,29,10873,2526944.5452040643,7027413.480805016,False,False,False
14042,114,30,10874,2525478.442679751,7019208.312532194,False,False,False
14043,114,31,10875,2524015.993535123,7011011.202517248,True,False,False
14044,114,32,10876,2522557.184716967,7002822.1298157405,True,False,False
14045,114,33,10877,2521102.0032341825,6994641.073548528,False,False,False
14046,114,34,10878,2519650.436157419,6986468.012901482,False,True,False
14047,114,35,10879,2518202.4706187155,6978302.927125231,False,False,False
14048,114,36,10880,2516758.0938111437,6970145.795534898,False,False,False
14049,114,37,10881,2515317.2929884484,6961996.597509818,False,True,False
14050,114,38,10882,2513880.0554647003,6953855.3124933075,True,False,False
14051,114,39,10883,2512446.368613941,6945721.919992383,False,False,False
14052,114,40,10884,2511016.219869836,6937596.399577501,False,False,False
14053,114,41,10885,2509589.5967253307,6929478.730882313,False,False,False
14054,114,42,10886,2508166.4867323027,6921368.893603396,False,False,False
14055,114,43,10887,2506746.8775012237,6913266.867500002,False,False,False
14056,114,44,10888,2505330.7567008217,6905172.632393804,False,False,False
14057,114,45,10889,2503918.1120577403,6897086.168168638,False,False,False
14058,114,46,10890,2502508.93135621,6889007.454770255,False,False,False
14059,114,47,10891,2501103.202437711,6880936.472206062,False,False,False
14060,114,48,10892,2499700.9132006476,6872873.200544888,True,False,False
14061,114,49,10893,2498302.0516000185,6864817.6199167175,False,False,False
14062,114,50,10894,2496906.605647093,6856769.710512452,False,False,False
14063,114,51,10895,2495514.563409086,6848729.452583654,False,False,False
14064,114,52,10896,2494125.9130088408,6840696.826442309,False,False,False
14065,114,53,10897,2492740.642624507,6832671.812460592,False,True,False
14066,114,54,10898,2491358.7404892263,6824654.3910705885,True,True,False
14067,114,55,10899,2489980.1948908167,6816644.5427640965,True,True,False
14068,114,56,10900,2488604.9941714616,6808642.248092347,False,True,False
14069,114,57,10901,2487233.1267274,6800647.487665786,True,True,False
14070,114,58,10902,2485864.5810086154,6792660.242153832,True,True,False
14071,114,59,10903,2484499.345518536,6784680.492284628,True,True,False
14072,114,60,10904,2483137.4088137248,6776708.218844815,False,True,False
14073,114,61,10905,2481778.7595035816,6768743.402679284,False,True,False
14074,114,62,10906,2480423.3862500414,6760786.024690964,False,False,False
14075,114,63,10907,2479071.2777672783,6752836.065840563,False,False,False
14076,114,64,10908,2477722.422821407,6744893.507146337,False,False,False
14077,114,65,10909,2476376.810230193,6736958.329683882,False,False,False
14078,114,66,10910,2475034.4288627594,6729030.514585874,True,False,False
14079,114,67,10911,2473695.2676392943,6721110.043041862,False,False,False
14080,114,68,10912,2472359.315530766,6713196.896298018,False,False,False
14081,114,69,10913,2471026.561558636,6705291.05565693,False,False,False
14082,114,70,10914,2469696.9947945774,6697392.502477359,True,False,False
14083,114,71,10915,2468370.604360188,6689501.218174028,True,False,False
14084,114,72,10916,2467047.3794267136,6681617.184217377,False,True,False
14085,114,73,10917,2465727.30921477,6673740.382133366,False,False,False
14086,114,74,10918,2464410.3829940623,6665870.793503222,False,False,False
14087,114,75,10919,2463096.5900831157,6658008.399963243,False,False,False
14088,114,76,10920,2461785.919848999,6650153.183204568,False,False,False
14089,114,77,10921,2460478.3617070545,6642305.124972947,False,False,False
14090,114,78,10922,2459173.905120629,6634464.207068538,False,False,False
14091,114,79,10923,2457872.539600806,6626630.411345677,False,False,False
14092,114,80,10924,2456574.254706139,6618803.719712678,False,False,False
14093,114,81,10925,2455279.0400423906,6610984.114131596,False,False,False
14094,114,82,10926,2453986.8852622663,6603171.576618022,True,False,False
14095,114,83,10927,2452697.7800651584,6595366.0892408695,True,False,False
14096,114,84,10928,2451411.7141968817,6587567.634122164,False,False,False
14097,114,85,10929,2450128.6774494224,6579776.1934368275,False,False,False
14098,114,86,10930,2448848.6596606774,6571991.749412457,False,False,False
14099,114,87,10931,2447571.6507142046,6564214.284329146,False,False,False
14100,114,88,10932,2446297.6405389686,6556443.780519228,True,True,False
14101,114,89,10933,2445026.6191090913,6548680.22036711,False,False,False
14102,114,90,10934,2443758.576443603,6540923.586309055,False,False,False
14103,114,91,10935,2442493.5026061935,6533173.860832952,False,False,False
14104,114,92,10936,2441231.38770497,6525431.026478137,False,False,False
14105,114,93,10937,2439972.22189221,6517695.065835182,False,True,False
14106,114,94,10938,2438715.9953641216,6509965.961545688,False,False,False
14107,114,95,10939,2437462.6983606,6502243.696302078,False,False,False
14108,114,96,10940,2436212.3211649912,6494528.252847402,False,False,False
14109,114,97,10941,2434964.8541038516,6486819.61397514,False,True,False
14110,114,98,10942,2433720.287546713,6479117.762528983,True,True,False
14111,114,99,10943,2432478.61190585,6471422.681402658,False,False,False
14112,114,100,10944,2431239.8176360433,6463734.353539712,True,True,False
14113,114,101,10945,2430003.895234352,6456052.761933321,True,True,False
14114,114,102,10946,2428770.8352398793,6448377.889626098,False,False,False
14115,114,103,10947,2427540.628233549,6440709.719709881,False,False,False
14116,114,104,10948,2426313.2648378736,6433048.23532556,False,True,False
14117,114,105,10949,2425088.7357167313,6425393.419662866,False,True,False
14118,114,106,10950,2423867.031575143,6417745.25596019,False,False,False
14119,114,107,10951,2422648.143159045,6410103.727504378,False,False,False
14120,114,108,10952,2421432.0612550727,6402468.817630541,False,False,False
14121,114,109,10953,2420218.7766903387,6394840.509721888,True,True,False
14122,114,110,10954,2419008.2803322147,6387218.787209498,False,False,False
14123,114,111,10955,2417800.563088112,6379603.633572162,True,False,False
14124,114,112,10956,2416595.6159052704,6371995.032336185,True,False,False
14125,114,113,10957,2415393.4297705404,6364392.967075181,True,False,False
14126,114,114,10958,2414193.9957101718,6356797.421409926,True,False,False
14127,114,115,10959,2412997.3047896014,6349208.379008126,True,False,False
14128,114,116,10960,2412808.978288336,6344088.891265911,True,False,False
14140,115,4,10961,2572777.897145339,7232839.625086077,True,False,False
14141,115,5,10962,2571686.393320688,7225268.806284154,True,False,False
14142,115,6,10963,2570119.977484501,7216867.29679901,True,False,False
14143,115,7,10964,2568557.568097873,7208474.355379935,True,True,False
14144,115,8,10965,2566999.1504357574,7200089.959496517,False,True,False
14145,115,9,10966,2565444.709845006,7191714.086689995,False,True,False
14146,115,10,10967,2563894.2317439397,7183346.714572989,False,False,False
14147,115,11,10968,2562347.7016219175,7174987.820829208,False,False,False
14148,115,12,10969,2560805.105038917,7166637.383213147,False,True,False
14149,115,13,10970,2559266.427625107,7158295.379549792,False,True,False
14150,115,14,10971,2557731.6550804297,7149961.787734357,False,True,False
14151,115,15,10972,2556200.7731741904,7141636.585731969,True,True,False
14152,115,16,10973,2554673.7677446366,7133319.751577402,True,False,False
14153,115,17,10974,2553150.6246985504,7125011.263374779,False,False,False
14154,115,18,10975,2551631.3300108467,7116711.099297289,False,False,False
14155,115,19,10976,2550115.86972416,7108419.237586913,False,False,False
14156,115,20,10977,2548604.229948451,7100135.656554134,False,False,False
14157,115,21,10978,2547096.3968606014,7091860.334577664,False,False,False
14158,115,22,10979,2545592.3567040223,7083593.250104159,False,False,False
14159,115,23,10980,2544092.09578826,7075334.381647946,False,False,False
14160,115,24,10981,2542595.600488604,7067083.707790747,False,False,False
14161,115,25,10982,2541102.8572457023,7058841.207181399,True,True,False
14162,115,26,10983,2539613.8525651717,7050606.858535578,True,True,False
14163,115,27,10984,2538128.573017223,7042380.640635542,False,False,False
14164,115,28,10985,2536647.005236272,7034162.532329846,False,False,False
14165,115,29,10986,2535169.135920571,7025952.512533072,False,False,False
14166,115,30,10987,2533694.951831831,7017750.56022556,False,False,False
14167,115,31,10988,2532224.4397948477,7009556.654453156,True,False,False
14168,115,32,10989,2530757.586697134,7001370.774326914,False,False,False
14169,115,33,10990,2529294.3794885576,6993192.899022863,False,False,False
14170,115,34,10991,2527834.8051809696,6985023.007781725,False,True,False
14171,115,35,10992,2526378.850847848,6976861.079908657,False,False,False
14172,115,36,10993,2524926.5036239354,6968707.094772979,False,True,False
14173,115,37,10994,2523477.7507048873,6960561.031807938,False,True,False
14174,115,38,10995,2522032.5793469106,6952422.870510413,True,False,False
14175,115,39,10996,2520590.9768664194,6944292.590440696,True,False,False
14176,115,40,10997,2519152.9306396805,6936170.171222199,False,False,False
14177,115,41,10998,2517718.428102469,6928055.5925412215,False,False,False
14178,115,42,10999,2516287.4567497224,6919948.834146684,False,False,False
14179,115,43,11000,2514860.004135199,6911849.875849879,False,False,False
14180,115,44,11001,2513436.057871139,6903758.697524217,False,False,False
14181,115,45,11002,2512015.605627927,6895675.279104971,False,False,False
14182,115,46,11003,2510598.635133753,6887599.6005890425,False,False,False
14183,115,47,11004,2509185.1341742855,6879531.64203468,True,False,False
14184,115,48,11005,2507775.090592336,6871471.38356127,True,False,False
14185,115,49,11006,2506368.4922875324,6863418.805349053,False,False,False
14186,115,50,11007,2504965.327215995,6855373.887638901,False,False,False
14187,115,51,11008,2503565.583390009,6847336.610732073,False,False,False
14188,115,52,11009,2502169.248877704,6839306.954989953,False,True,False
14189,115,53,11010,2500776.3118027356,6831284.900833825,False,True,False
14190,115,54,11011,2499386.7603439656,6823270.42874462,False,False,False
14191,115,55,11012,2498000.58273515,6815263.519262685,True,False,False
14192,115,56,11013,2496617.767264625,6807264.152987527,False,False,False
14193,115,57,11014,2495238.3022749913,6799272.310577605,False,False,False
14194,115,58,11015,2493862.176162814,6791287.9727500575,True,True,False
14195,115,59,11016,2492489.3773783073,6783311.120280486,True,True,False
14196,115,60,11017,2491119.894425035,6775341.734002716,True,False,False
14197,115,61,11018,2489753.7158596064,6767379.794808564,False,False,False
14198,115,62,11019,2488390.8302913746,6759425.2836476,False,False,False
14199,115,63,11020,2487031.226382139,6751478.181526922,False,False,False
14200,115,64,11021,2485674.892845849,6743538.469510912,False,False,False
14201,115,65,11022,2484321.8184483084,6735606.128721022,True,False,False
14202,115,66,11023,2482971.992006883,6727681.140335536,True,False,False
14203,115,67,11024,2481625.402390209,6719763.48558934,False,False,False
14204,115,68,11025,2480282.038517907,6711853.145773703,False,False,False
14205,115,69,11026,2478941.8893602923,6703950.102236042,False,False,False
14206,115,70,11027,2477604.943938091,6696054.336379702,False,False,False
14207,115,71,11028,2476271.1913221586,6688165.829663729,True,False,False
14208,115,72,11029,2474940.620633194,6680284.5636026515,False,True,False
14209,115,73,11030,2473613.221041467,6672410.519766256,False,False,False
14210,115,74,11031,2472288.9817665345,6664543.679779366,False,False,False
14211,115,75,11032,2470967.89207697,6656684.025321612,False,False,False
14212,115,76,11033,2469649.9412900857,6648831.538127233,False,False,False
14213,115,77,11034,2468335.118771665,6640986.199984842,False,False,False
14214,115,78,11035,2467023.413935687,6633147.992737218,False,False,False
14215,115,79,11036,2465714.816244062,6625316.89828108,False,False,False
14216,115,80,11037,2464409.3152063647,6617492.898566874,False,False,False
14217,115,81,11038,2463106.900379568,6609675.97559857,False,False,False
14218,115,82,11039,2461807.5613677804,6601866.11143344,True,False,False
14219,115,83,11040,2460511.287821985,6594063.288181841,False,False,False
14220,115,84,11041,2459218.0694397795,6586267.488007007,False,False,False
14221,115,85,11042,2457927.895965117,6578478.69312485,False,True,False
14222,115,86,11043,2456640.7571880533,6570696.885803726,False,True,False
14223,115,87,11044,2455356.64294449,6562922.048364254,False,True,False
14224,115,88,11045,2454075.5431159195,6555154.163179084,True,True,False
14225,115,89,11046,2452797.4476291793,6547393.212672708,True,True,False
14226,115,90,11047,2451522.3464561957,6539639.1793212425,False,False,False
14227,115,91,11048,2450250.2296137423,6531892.04565223,False,False,False
14228,115,92,11049,2448981.087163189,6524151.794244428,False,True,False
14229,115,93,11050,2447714.90921026,6516418.407727622,False,True,False
14230,115,94,11051,2446451.6859047883,6508691.8687824,False,False,False
14231,115,95,11052,2445191.407440476,6500972.160139965,False,False,False
14232,115,96,11053,2443934.064054655,6493259.264581931,False,False,False
14233,115,97,11054,2442679.646028045,6485553.164940136,False,False,False
14234,115,98,11055,2441428.1436845213,6477853.844096409,True,True,False
14235,115,99,11056,2440179.547390875,6470161.2849824205,True,True,False
14236,115,100,11057,2438933.8475565827,6462475.470579432,True,True,False
14237,115,101,11058,2437691.0346335713,6454796.383918158,True,False,False
14238,115,102,11059,2436451.0991159906,6447124.008078516,True,False,False
14239,115,103,11060,2435214.0315399803,6439458.326189466,True,True,False
14240,115,104,11061,2433979.8224834446,6431799.3214288065,True,True,False
14241,115,105,11062,2432748.462565826,6424146.977022975,False,True,False
14242,115,106,11063,2431519.942447877,6416501.276246874,True,False,False
14243,115,107,11064,2430294.252831441,6408862.202423667,False,False,False
14244,115,108,11065,2429071.3844592283,6401229.738924583,False,False,False
14245,115,109,11066,2427851.3281145943,6393603.869168744,True,True,False
14246,115,110,11067,2426634.0746213235,6385984.576622962,True,True,False
14247,115,111,11068,2425419.6148434076,6378371.844801554,True,False,False
14248,115,112,11069,2424207.939684833,6370765.65726617,False,False,False
14249,115,113,11070,2422999.0400893628,6363165.997625576,False,False,False
14250,115,114,11071,2421792.9070403245,6355572.849535503,False,False,False
14251,115,115,11072,2420589.531560399,6347986.196698436,False,False,False
14252,115,116,11073,2419936.6232417086,6341867.477425377,True,False,False
14264,116,4,11074,2580695.97937225,7229931.67810821,True,False,False
14265,116,5,11075,2580107.6644691955,7223718.476861222,False,False,False
14266,116,6,11076,2578532.712189308,7215320.499909911,False,True,False
14267,116,7,11077,2576961.7864707503,7206931.077807773,False,True,False
14268,116,8,11078,2575394.8725235043,7198550.1880886555,False,False,False
14269,116,9,11079,2573831.955629716,7190177.808357664,False,False,False
14270,116,10,11080,2572273.02114326,7181813.916290918,False,False,False
14271,116,11,11081,2570718.0544893094,7173458.489635232,False,False,False
14272,116,12,11082,2569167.0411639153,7165111.506207825,False,False,False
14273,116,13,11083,2567619.9667335777,7156772.943896058,False,False,False
14274,116,14,11084,2566076.816834827,7148442.780657116,False,False,False
14275,116,15,11085,2564537.5771738114,7140120.994517746,True,True,False
14276,116,16,11086,2563002.233525876,7131807.563573975,True,False,False
14277,116,17,11087,2561470.7717351564,7123502.465990793,False,False,False
14278,116,18,11088,2559943.1777141686,7115205.68000192,False,False,False
14279,116,19,11089,2558419.437443402,7106917.183909494,False,False,False
14280,116,20,11090,2556899.5369709223,7098636.95608381,False,False,False
14281,116,21,11091,2555383.4624119634,7090364.974963019,False,False,False
14282,116,22,11092,2553871.1999485386,7082101.219052876,False,False,False
14283,116,23,11093,2552362.7358290404,7073845.66692646,False,False,False
14284,116,24,11094,2550858.0563678527,7065598.297223887,False,False,False
14285,116,25,11095,2549357.1479449593,7057359.088652049,False,False,False
14286,116,26,11096,2547859.9970055604,7049128.019984344,True,True,False
14287,116,27,11097,2546366.5900596865,7040905.070060394,True,True,False
14288,116,28,11098,2544876.913681821,7032690.217785791,False,True,False
14289,116,29,11099,2543390.9545105197,7024483.4421318155,False,False,False
14290,116,30,11100,2541908.699248035,7016284.722135177,True,False,False
14291,116,31,11101,2540430.1346599464,7008094.036897754,True,False,False
14292,116,32,11102,2538955.247574784,6999911.365586316,False,False,False
14293,116,33,11103,2537484.02488367,6991736.687432263,False,False,False
14294,116,34,11104,2536016.4535399433,6983569.981731387,False,True,False
14295,116,35,11105,2534552.520558806,6975411.227843564,False,True,False
14296,116,36,11106,2533092.213016957,6967260.4051925475,False,True,False
14297,116,37,11107,2531635.518052236,6959117.493265672,False,False,False
14298,116,38,11108,2530182.42286327,6950982.471613609,False,False,False
14299,116,39,11109,2528732.9147091205,6942855.319850116,True,False,False
14300,116,40,11110,2527286.980908928,6934736.017651771,False,False,False
14301,116,41,11111,2525844.6088415734,6926624.544757718,False,False,False
14302,116,42,11112,2524405.7859453233,6918520.880969431,False,False,False
14303,116,43,11113,2522970.4997174917,6910425.006150441,False,False,False
14304,116,44,11114,2521538.7377141,6902336.900226098,False,False,False
14305,116,45,11115,2520110.487549534,6894256.543183313,False,False,False
14306,116,46,11116,2518685.7368962117,6886183.915070328,False,False,False
14307,116,47,11117,2517264.4734842484,6878118.995996437,True,False,False
14308,116,48,11118,2515846.685101125,6870061.766131772,False,False,False
14309,116,49,11119,2514432.359591357,6862012.205707036,False,False,False
14310,116,50,11120,2513021.48485617,6853970.295013277,False,False,False
14311,116,51,11121,2511614.048853175,6845936.014401617,False,False,False
14312,116,52,11122,2510210.03959604,6837909.344283046,False,True,False
14313,116,53,11123,2508809.445154178,6829890.26512815,False,False,False
14314,116,54,11124,2507412.253652423,6821878.757466894,False,False,False
14315,116,55,11125,2506018.453270715,6813874.801888364,True,False,False
14316,116,56,11126,2504628.0322437873,6805878.379040545,False,False,False
14317,116,57,11127,2503240.97886085,6797889.469630077,False,False,False
14318,116,58,11128,2501857.281465289,6789908.054422023,False,True,False
14319,116,59,11129,2500476.9284543484,6781934.114239619,False,True,False
14320,116,60,11130,2499099.9082788327,6773967.629964073,True,False,False
14321,116,61,11131,2497726.2094427957,6766008.582534299,True,False,False
14322,116,62,11132,2496355.8205032484,6758056.952946702,False,False,False
14323,116,63,11133,2494988.730069849,6750112.722254951,False,False,False
14324,116,64,11134,2493624.926804613,6742175.871569738,False,False,False
14325,116,65,11135,2492264.399421615,6734246.382058548,True,False,False
14326,116,66,11136,2490907.1366866943,6726324.234945461,False,False,False
14327,116,67,11137,2489553.127417165,6718409.411510885,False,False,False
14328,116,68,11138,2488202.3604815244,6710501.893091349,False,False,False
14329,116,69,11139,2486854.8247991675,6702601.661079295,False,False,False
14330,116,70,11140,2485510.5093401,6694708.696922814,False,False,False
14331,116,71,11141,2484169.4031246523,6686822.9821254695,True,False,False
14332,116,72,11142,2482831.4952232023,6678944.498246042,False,True,False
14333,116,73,11143,2481496.7747558914,6671073.226898327,False,True,False
14334,116,74,11144,2480165.230892347,6663209.149750913,False,False,False
14335,116,75,11145,2478836.8528514067,6655352.248526942,False,False,False
14336,116,76,11146,2477511.6299008424,6647502.50500393,False,False,False
14337,116,77,11147,2476189.5513570895,6639659.901013526,False,False,False
14338,116,78,11148,2474870.6065849755,6631824.418441285,False,False,False
14339,116,79,11149,2473554.784997448,6623996.03922649,False,False,False
14340,116,80,11150,2472242.0760553097,6616174.745361899,False,False,False
14341,116,81,11151,2470932.4692669543,6608360.51889356,True,False,False
14342,116,82,11152,2469625.9541880987,6600553.341920592,True,False,False
14343,116,83,11153,2468322.520421523,6592753.19659496,False,True,False
14344,116,84,11154,2467022.157616811,6584960.065121284,False,True,False
14345,116,85,11155,2465724.8554700874,6577173.929756626,False,True,False
14346,116,86,11156,2464430.603723768,6569394.772810262,False,True,False
14347,116,87,11157,2463139.3921662946,6561622.576643514,False,False,False
14348,116,88,11158,2461851.2106318907,6553857.323669504,False,False,False
14349,116,89,11159,2460566.0490003037,6546098.996352966,True,True,False
14350,116,90,11160,2459283.8971965555,6538347.577210051,True,True,False
14351,116,91,11161,2458004.7451906945,6530603.048808106,False,False,False
14352,116,92,11162,2456728.58299755,6522865.393765475,False,True,False
14353,116,93,11163,2455455.4006764824,6515134.594751305,False,False,False
14354,116,94,11164,2454185.188331143,6507410.634485342,False,False,False
14355,116,95,11165,2452917.936109231,6499693.495737728,False,False,False
14356,116,96,11166,2451653.6342022507,6491983.161328803,False,False,False
14357,116,97,11167,2450392.272845275,6484279.614128909,False,False,False
14358,116,98,11168,2449133.8423167053,6476582.837058185,False,False,False
14359,116,99,11169,2447878.332938038,6468892.813086381,True,True,False
14360,116,100,11170,2446625.7350736265,6461209.525232663,True,True,False
14361,116,101,11171,2445376.0391304507,6453532.9565654,True,True,False
14362,116,102,11172,2444129.2355578863,6445863.090201989,True,True,False
14363,116,103,11173,2442885.3148474703,6438199.909308654,True,True,False
14364,116,104,11174,2441644.267532679,6430543.397100264,True,False,False
14365,116,105,11175,2440406.0841886923,6422893.53684012,True,False,False
14366,116,106,11176,2439170.755432177,6415250.311839782,True,False,False
14367,116,107,11177,2437938.2719210554,6407613.705458877,True,False,False
14368,116,108,11178,2436708.624354288,6399983.7011049045,True,False,False
14369,116,109,11179,2435481.803471648,6392360.282233056,True,False,False
14370,116,110,11180,2434257.8000535024,6384743.4323460115,True,True,False
14371,116,111,11181,2433036.6049205973,6377133.1349937795,True,True,False
14372,116,112,11182,2431818.2089338326,6369529.373773482,True,False,False
14373,116,113,11183,2430602.6029940555,6361932.132329201,False,False,False
14374,116,114,11184,2429389.77804184,6354341.394351762,False,False,False
14375,116,115,11185,2428179.7250572755,6346757.143578571,False,False,False
14376,116,116,11186,2427246.695544445,6339585.688965533,False,False,False
14377,116,117,11187,2429967.170605106,6334754.69592551,False,False,False
14388,117,4,11188,2587367.7419308773,7227474.712900737,False,True,False
14389,117,5,11189,2588481.783310514,7222125.473934197,False,True,False
14390,117,6,11190,2586942.406345244,7213765.219925846,False,True,False
14391,117,7,11191,2585362.975958733,7205379.3347181445,False,False,False
14392,117,8,11192,2583787.577333425,7197001.9686828675,False,False,False
14393,117,9,11193,2582216.1956871017,7188633.099489244,False,False,False
14394,117,10,11194,2580648.816309531,7180272.704877099,False,False,False
14395,117,11,11195,2579085.4245620393,7171920.76265659,False,False,False
14396,117,12,11196,2577526.0058770827,7163577.250707908,True,False,False
14397,117,13,11197,2575970.545757827,7155242.146980987,True,False,False
14398,117,14,11198,2574419.029777721,7146915.429495233,True,False,False
14399,117,15,11199,2572871.4435800826,7138597.076339232,True,True,False
14400,117,16,11200,2571327.7728776815,7130287.065670469,True,True,False
14401,117,17,11201,2569788.003452329,7121985.37571506,True,False,False
14402,117,18,11202,2568252.121154463,7113691.984767465,True,False,False
14403,117,19,11203,2566720.1119027482,7105406.8711902015,False,False,False
14404,117,20,11204,2565191.961683669,7097130.01341358,False,False,False
14405,117,21,11205,2563667.6565511297,7088861.389935431,False,False,False
14406,117,22,11206,2562147.1826260537,7080600.979320833,False,False,False
14407,117,23,11207,2560630.5260959934,7072348.760201815,False,False,False
14408,117,24,11208,2559117.6732147313,7064104.711277115,False,False,False
14409,117,25,11209,2557608.610301896,7055868.8113119025,False,False,False
14410,117,26,11210,2556103.3237425713,7047641.039137492,False,False,False
14411,117,27,11211,2554601.799986914,7039421.373651109,True,False,False
14412,117,28,11212,2553104.025549767,7031209.793815578,True,True,False
14413,117,29,11213,2551609.9870102922,7023006.2786591,False,True,False
14414,117,30,11214,2550119.6710115774,7014810.807274962,True,False,False
14415,117,31,11215,2548633.064260277,7006623.358821285,False,False,False
14416,117,32,11216,2547150.153526233,6998443.912520758,False,False,False
14417,117,33,11217,2545670.9256421076,6990272.447660378,False,False,False
14418,117,34,11218,2544195.3675030177,6982108.94359119,False,True,False
14419,117,35,11219,2542723.4660661723,6973953.379728025,False,True,False
14420,117,36,11220,2541255.2083505085,6965805.735549249,False,False,False
14421,117,37,11221,2539790.5814363356,6957665.990596506,False,False,False
14422,117,38,11222,2538329.572464977,6949534.124474453,False,False,False
14423,117,39,11223,2536872.168638417,6941410.116850525,True,False,False
14424,117,40,11224,2535418.357218951,6933293.947454662,True,False,False
14425,117,41,11225,2533968.125528834,6925185.596079061,False,False,False
14426,117,42,11226,2532521.4609499355,6917085.042577942,False,False,False
14427,117,43,11227,2531078.350923395,6908992.266867275,False,False,False
14428,117,44,11228,2529638.7829492795,6900907.248924553,False,False,False
14429,117,45,11229,2528202.744586249,6892829.968788519,False,False,False
14430,117,46,11230,2526770.2234512083,6884760.406558952,False,False,False
14431,117,47,11231,2525341.2072189846,6876698.542396389,True,False,False
14432,117,48,11232,2523915.6836219872,6868644.35652191,True,False,False
14433,117,49,11233,2522493.6404498783,6860597.829216865,False,False,False
14434,117,50,11234,2521075.065549249,6852558.940822662,False,False,False
14435,117,51,11235,2519659.946823285,6844527.671740503,False,True,False
14436,117,52,11236,2518248.2722314536,6836504.002431151,False,True,False
14437,117,53,11237,2516840.029789174,6828487.913414706,False,False,False
14438,117,54,11238,2515435.207567501,6820479.385270341,False,False,False
14439,117,55,11239,2514033.793692808,6812478.398636081,True,False,False
14440,117,56,11240,2512635.776346474,6804484.934208571,False,False,False
14441,117,57,11241,2511241.1437645643,6796498.972742821,False,False,False
14442,117,58,11242,2509849.884237526,6788520.495051996,False,True,False
14443,117,59,11243,2508461.9861098775,6780549.482007177,False,True,False
14444,117,60,11244,2507077.437779901,6772585.91453711,False,False,False
14445,117,61,11245,2505696.22769934,6764629.7736280095,True,False,False
14446,117,62,11246,2504318.344373092,6756681.040323294,False,False,False
14447,117,63,11247,2502943.7763589155,6748739.695723384,True,False,False
14448,117,64,11248,2501572.5122671244,6740805.72098546,True,False,False
14449,117,65,11249,2500204.5407602955,6732879.09732324,True,False,False
14450,117,66,11250,2498839.8505529747,6724959.806006755,True,False,False
14451,117,67,11251,2497478.43041138,6717047.828362116,False,False,False
14452,117,68,11252,2496120.2691531153,6709143.1457713125,False,False,False
14453,117,69,11253,2494765.3556468813,6701245.739671957,False,False,False
14454,117,70,11254,2493413.678812186,6693355.591557095,False,False,False
14455,117,71,11255,2492065.2276190626,6685472.6829749625,True,False,False
14456,117,72,11256,2490719.991087785,6677596.995528778,True,False,False
14457,117,73,11257,2489377.9582885886,6669728.510876521,False,True,False
14458,117,74,11258,2488039.1183413886,6661867.210730702,False,True,False
14459,117,75,11259,2486703.4604155044,6654013.076858174,False,False,False
14460,117,76,11260,2485370.9737293855,6646166.091079881,False,False,False
14461,117,77,11261,2484041.6475503338,6638326.235270676,False,False,False
14462,117,78,11262,2482715.4711942337,6630493.491359086,False,False,False
14463,117,79,11263,2481392.4340252844,6622667.841327107,True,False,False
14464,117,80,11264,2480072.525455729,6614849.267209981,True,True,False
14465,117,81,11265,2478755.7349455883,6607037.751096009,True,True,False
14466,117,82,11266,2477442.052002395,6599233.275126311,True,False,False
14467,117,83,11267,2476131.466180934,6591435.821494643,False,True,False
14468,117,84,11268,2474823.967082979,6583645.372447164,False,False,False
14469,117,85,11269,2473519.54435703,6575861.910282258,False,False,False
14470,117,86,11270,2472218.187698062,6568085.417350292,False,False,False
14471,117,87,11271,2470919.886847263,6560315.87605344,False,False,False
14472,117,88,11272,2469624.631591783,6552553.268845468,False,False,False
14473,117,89,11273,2468332.4117644792,6544797.578231514,False,False,False
14474,117,90,11274,2467043.217243665,6537048.786767924,True,True,False
14475,117,91,11275,2465757.037952861,6529306.877062004,True,True,False
14476,117,92,11276,2464473.8638605466,6521571.8317718515,True,True,False
14477,117,93,11277,2463193.6849799147,6513843.633606138,True,False,False
14478,117,94,11278,2461916.491368626,6506122.265323926,True,False,False
14479,117,95,11279,2460642.2731285645,6498407.709734446,True,False,False
14480,117,96,11280,2459371.020405601,6490699.949696925,False,False,False
14481,117,97,11281,2458102.723389345,6482998.9681203645,True,False,False
14482,117,98,11282,2456837.3723129155,6475304.747963374,True,False,False
14483,117,99,11283,2455574.9574526954,6467617.2722339425,True,False,False
14484,117,100,11284,2454315.4691281016,6459936.52398927,True,True,False
14485,117,101,11285,2453058.8977013505,6452262.486335564,True,True,False
14486,117,102,11286,2451805.2335772244,6444595.142427841,False,False,False
14487,117,103,11287,2450554.46720284,6436934.47546975,False,False,False
14488,117,104,11288,2449306.589067422,6429280.468713364,False,False,False
14489,117,105,11289,2448061.589702071,6421633.105459012,False,False,False
14490,117,106,11290,2446819.459679542,6413992.369055062,True,False,False
14491,117,107,11291,2445580.1896140147,6406358.242897748,True,False,False
14492,117,108,11292,2444343.770160873,6398730.710430994,False,False,False
14493,117,109,11293,2443110.1920164824,6391109.755146203,False,False,False
14494,117,110,11294,2441879.4459179672,6383495.360582087,False,False,False
14495,117,111,11295,2440651.5226429957,6375887.510324472,True,True,False
14496,117,112,11296,2439426.4130095574,6368286.188006123,True,False,False
14497,117,113,11297,2438204.107875748,6360691.377306556,False,False,False
14498,117,114,11298,2436984.598139559,6353103.061951857,False,False,False
14499,117,115,11299,2435767.874738655,6345521.225714488,False,False,False
14500,117,116,11300,2434553.9286501696,6337945.852413134,False,False,False
14501,117,117,11301,2434925.3816218628,6333198.95216613,False,False,False
14513,118,5,11302,2596424.976472082,7219636.2607499175,False,False,False
14514,118,6,11303,2595349.044902678,7212201.467035261,False,False,False
14515,118,7,11304,2593761.1215633,7203819.136248904,False,False,False
14516,118,8,11305,2592177.2499179025,7195445.311366735,False,False,False
14517,118,9,11306,2590597.415120244,7187079.9701223215,False,False,False
14518,118,10,11307,2589021.602396328,7178723.090319443,False,False,False
14519,118,11,11308,2587449.7970439703,7170374.649831822,True,False,False
14520,118,12,11309,2585881.9844323723,7162034.626602833,True,False,False
14521,118,13,11310,2584318.1500016954,7153702.998645228,False,False,False
14522,118,14,11311,2582758.279262639,7145379.744040851,False,False,False
14523,118,15,11312,2581202.357796021,7137064.840940346,False,False,False
14524,118,16,11313,2579650.3712523603,7128758.2675629025,False,True,False
14525,118,17,11314,2578102.305351466,7120460.002195958,False,True,False
14526,118,18,11315,2576558.145882024,7112170.023194936,True,False,False
14527,118,19,11316,2575017.878701191,7103888.308982962,True,False,False
14528,118,20,11317,2573481.4897341905,7095614.838050588,True,False,False
14529,118,21,11318,2571948.964973908,7087349.5889555365,True,False,False
14530,118,22,11319,2570420.290480494,7079092.540322414,True,False,False
14531,118,23,11320,2568895.452380969,7070843.670842429,True,False,False
14532,118,24,11321,2567374.4368688255,7062602.959273162,True,False,False
14533,118,25,11322,2565857.2302036406,7054370.384438253,False,False,False
14534,118,26,11323,2564343.8187106876,7046145.925227174,False,False,False
14535,118,27,11324,2562834.188780548,7037929.560594935,False,False,False
14536,118,28,11325,2561328.3268687325,7029721.269561836,True,False,False
14537,118,29,11326,2559826.2194952974,7021521.031213187,True,True,False
14538,118,30,11327,2558327.8532444695,7013328.824699073,True,True,False
14539,118,31,11328,2556833.21476427,7005144.629234065,False,False,False
14540,118,32,11329,2555342.290766141,6996968.424096978,False,False,False
14541,118,33,11330,2553855.0680245794,6988800.188630606,False,True,False
14542,118,34,11331,2552371.533376766,6980639.902241464,False,True,False
14543,118,35,11332,2550891.673722202,6972487.544399529,False,False,False
14544,118,36,11333,2549415.4760223483,6964343.094638001,False,False,False
14545,118,37,11334,2547942.9273002627,6956206.532553027,False,False,False
14546,118,38,11335,2546474.014640248,6948077.837803458,False,False,False
14547,118,39,11336,2545008.72518749,6939956.990110598,True,False,False
14548,118,40,11337,2543547.0461477116,6931843.9692579545,True,False,False
14549,118,41,11338,2542088.964786819,6923738.755090981,False,False,False
14550,118,42,11339,2540634.468430556,6915641.327516834,False,False,False
14551,118,43,11340,2539183.5444641574,6907551.666504132,False,False,False
14552,118,44,11341,2537736.1803320097,6899469.752082692,False,False,False
14553,118,45,11342,2536292.363537305,6891395.564343301,False,False,False
14554,118,46,11343,2534852.0816417066,6883329.083437463,False,False,False
14555,118,47,11344,2533415.322265015,6875270.289577151,True,False,False
14556,118,48,11345,2531982.07308483,6867219.163034582,True,False,False
14557,118,49,11346,2530552.3218362187,6859175.684141955,False,False,False
14558,118,50,11347,2529126.0563113936,6851139.833291233,False,True,False
14559,118,51,11348,2527703.264359379,6843111.590933876,True,True,False
14560,118,52,11349,2526283.933885689,6835090.937580625,True,False,False
14561,118,53,11350,2524868.052852003,6827077.853801268,False,False,False
14562,118,54,11351,2523455.6092758495,6819072.320224385,False,False,False
14563,118,55,11352,2522046.591230285,6811074.317537122,True,False,False
14564,118,56,11353,2520640.986843578,6803083.826484966,False,False,False
14565,118,57,11354,2519238.784298896,6795100.827871495,False,True,False
14566,118,58,11355,2517839.971833995,6787125.302558164,False,True,False
14567,118,59,11356,2516444.537740907,6779157.231464059,False,True,False
14568,118,60,11357,2515052.4703656356,6771196.5955656795,False,True,False
14569,118,61,11358,2513663.758107849,6763243.375896691,True,False,False
14570,118,62,11359,2512278.3894205755,6755297.5535477325,True,False,False
14571,118,63,11360,2510896.3528099037,6747359.109666145,True,False,False
14572,118,64,11361,2509517.6368346848,6739428.02545578,False,False,False
14573,118,65,11362,2508142.2301062294,6731504.282176762,False,False,False
14574,118,66,11363,2506770.1212880206,6723587.861145262,True,False,False
14575,118,67,11364,2505401.2990954113,6715678.743733271,True,False,False
14576,118,68,11365,2504035.752295341,6707776.911368408,False,False,False
14577,118,69,11366,2502673.4697060417,6699882.345533646,False,False,False
14578,118,70,11367,2501314.4401967493,6691995.027767145,False,False,False
14579,118,71,11368,2499958.6526874234,6684114.9396619955,False,False,False
14580,118,72,11369,2498606.096148458,6676242.062866023,True,False,False
14581,118,73,11370,2497256.759600401,6668376.379081562,True,False,False
14582,118,74,11371,2495910.632113676,6660517.870065239,True,True,False
14583,118,75,11372,2494567.7028083047,6652666.517627757,True,True,False
14584,118,76,11373,2493227.960853625,6644822.303633683,True,True,False
14585,118,77,11374,2491891.3954680236,6636985.210001243,True,True,False
14586,118,78,11375,2490557.9959186586,6629155.218702087,True,True,False
14587,118,79,11376,2489227.7515211897,6621332.311761105,True,True,False
14588,118,80,11377,2487900.6516395104,6613516.471256196,False,True,False
14589,118,81,11378,2486576.6856854795,6605707.679318068,False,True,False
14590,118,82,11379,2485255.8431186546,6597905.91813002,True,True,False
14591,118,83,11380,2483938.1134460308,6590111.169927756,True,True,False
14592,118,84,11381,2482623.486221776,6582323.41699915,True,False,False
14593,118,85,11382,2481311.9510469716,6574542.641684058,True,False,False
14594,118,86,11383,2480003.497569355,6566768.826374108,False,False,False
14595,118,87,11384,2478698.115483061,6559001.953512492,True,False,False
14596,118,88,11385,2477395.7945283647,6551242.005593775,True,False,False
14597,118,89,11386,2476096.524491433,6543488.965163669,True,True,False
14598,118,90,11387,2474800.2952040676,6535742.814818859,True,True,False
14599,118,91,11388,2473507.0965434588,6528003.53720679,True,True,False
14600,118,92,11389,2472216.9184319307,6520271.115025462,False,True,False
14601,118,93,11390,2470929.750836702,6512545.531023231,False,False,False
14602,118,94,11391,2469645.5837696344,6504826.767998627,False,False,False
14603,118,95,11392,2468364.4072869914,6497114.808800134,True,False,False
14604,118,96,11393,2467086.2114891936,6489409.636326019,True,False,False
14605,118,97,11394,2465810.9865205833,6481711.233524108,True,False,False
14606,118,98,11395,2464538.7225691774,6474019.583391615,False,False,False
14607,118,99,11396,2463269.409866436,6466334.668974938,True,False,False
14608,118,100,11397,2462003.0386870243,6458656.473369465,True,True,False
14609,118,101,11398,2460739.599348577,6450984.979719386,True,False,False
14610,118,102,11399,2459479.0822114665,6443320.171217497,False,False,False
14611,118,103,11400,2458221.4776785714,6435662.031105015,False,False,False
14612,118,104,11401,2456966.7761950456,6428010.542671383,False,False,False
14613,118,105,11402,2455714.9682480884,6420365.689254087,False,False,False
14614,118,106,11403,2454466.044366721,6412727.454238467,False,False,False
14615,118,107,11404,2453219.9951215563,6405095.82105752,False,False,False
14616,118,108,11405,2451976.81112458,6397470.773191721,False,False,False
14617,118,109,11406,2450736.4830289218,6389852.2941688495,False,False,False
14618,118,110,11407,2449499.0015286393,6382240.367563782,False,False,False
14619,118,111,11408,2448264.357358494,6374634.97699832,True,True,False
14620,118,112,11409,2447032.5412937338,6367036.106141012,False,False,False
14621,118,113,11410,2445803.544149879,6359443.7387069585,False,False,False
14622,118,114,11411,2444577.356782501,6351857.858457637,False,False,False
14623,118,115,11412,2443353.9700870137,6344278.449200727,False,False,False
14624,118,116,11413,2442133.374998453,6336705.494789917,False,False,False
14625,118,117,11414,2441640.7706912057,6331086.679224659,False,False,False
14637,119,5,11415,2601804.8586093932,7217325.6347915,False,False,False
14638,119,6,11416,2602026.010874847,7210401.793417145,False,False,False
14639,119,7,11417,2601973.1170101753,7202151.000993338,False,False,False
14640,119,8,11418,2600563.875373709,7193880.226271664,False,False,False
14641,119,9,11419,2598975.5990763474,7185518.430338146,True,False,False
14642,119,10,11420,2597391.364601085,7177165.082649329,True,False,False
14643,119,11,11421,2595811.1571825673,7168820.161142736,True,False,False
14644,119,12,11422,2594234.9621270755,7160483.643825153,False,False,False
14645,119,13,11423,2592662.7648121044,7152155.508772364,False,False,False
14646,119,14,11424,2591094.550685934,7143835.734128872,False,False,False
14647,119,15,11425,2589530.30526721,7135524.298107611,False,False,False
14648,119,16,11426,2587970.0141445305,7127221.178989685,False,False,False
14649,119,17,11427,2586413.6629760284,7118926.355124081,False,True,False
14650,119,18,11428,2584861.237488957,7110639.804927406,False,True,False
14651,119,19,11429,2583312.723479288,7102361.506883608,False,False,False
14652,119,20,11430,2581768.1068113013,7094091.4395437,False,False,False
14653,119,21,11431,2580227.37341718,7085829.5815255055,False,False,False
14654,119,22,11432,2578690.509296616,7077575.911513378,False,False,False
14655,119,23,11433,2577157.5005164077,7069330.408257932,False,False,False
14656,119,24,11434,2575628.333210068,7061093.050575779,True,False,False
14657,119,25,11435,2574102.99357743,7052863.817349273,True,False,False
14658,119,26,11436,2572581.4678842616,7044642.687526231,True,False,False
14659,119,27,11437,2571063.7424618746,7036429.64011967,True,False,False
14660,119,28,11438,2569549.8037067424,7028224.654207558,False,False,False
14661,119,29,11439,2568039.6380801215,7020027.708932551,False,False,False
14662,119,30,11440,2566533.2321076686,7011838.783501712,True,True,False
14663,119,31,11441,2565030.57237907,7003657.857186288,False,True,False
14664,119,32,11442,2563531.64554766,6995484.909321416,False,True,False
14665,119,33,11443,2562036.43833006,6987319.919305894,False,True,False
14666,119,34,11444,2560544.9375058026,6979162.866601914,False,False,False
14667,119,35,11445,2559057.1299169706,6971013.7307348065,False,False,False
14668,119,36,11446,2557573.0024678316,6962872.491292801,False,False,False
14669,119,37,11447,2556092.5421244767,6954739.127926744,False,False,False
14670,119,38,11448,2554615.7359144655,6946613.620349886,False,False,False
14671,119,39,11449,2553142.570926466,6938495.948337606,True,False,False
14672,119,40,11450,2551673.0343099055,6930386.091727171,True,False,False
14673,119,41,11451,2550207.113274616,6922284.03041749,False,False,False
14674,119,42,11452,2548744.795090491,6914189.74436886,False,False,False
14675,119,43,11453,2547286.06708713,6906103.213602725,True,False,False
14676,119,44,11454,2545830.9166535065,6898024.41820145,True,False,False
14677,119,45,11455,2544379.331237617,6889953.338308033,True,False,False
14678,119,46,11456,2542931.2983461465,6881889.954125912,True,False,False
14679,119,47,11457,2541486.8055441324,6873834.245918686,True,False,False
14680,119,48,11458,2540045.840454626,6865786.194009907,False,False,False
14681,119,49,11459,2538608.3907583645,6857745.778782804,True,True,False
14682,119,50,11460,2537174.444193439,6849712.980680076,True,True,False
14683,119,51,11461,2535743.988554965,6841687.780203651,True,False,False
14684,119,52,11462,2534317.0116947605,6833670.157914433,True,False,False
14685,119,53,11463,2532893.501521022,6825660.094432077,True,False,False
14686,119,54,11464,2531473.445998,6817657.570434759,True,False,False
14687,119,55,11465,2530056.8331456836,6809662.566658938,True,False,False
14688,119,56,11466,2528643.6510394826,6801675.063899125,True,False,False
14689,119,57,11467,2527233.887809912,6793695.043007645,True,True,False
14690,119,58,11468,2525827.5316422796,6785722.484894433,True,False,False
14691,119,59,11469,2524424.5707763773,6777757.370526763,True,False,False
14692,119,60,11470,2523024.99350617,6769799.680929059,True,True,False
14693,119,61,11471,2521628.788179491,6761849.3971826425,True,False,False
14694,119,62,11472,2520235.9431977374,6753906.500425527,False,False,False
14695,119,63,11473,2518846.447015567,6745970.97185217,False,False,False
14696,119,64,11474,2517460.2881406005,6738042.792713271,False,False,False
14697,119,65,11475,2516077.4551331196,6730121.944315532,False,False,False
14698,119,66,11476,2514697.9366057725,6722208.408021441,False,False,False
14699,119,67,11477,2513321.721223283,6714302.165249061,True,False,False
14700,119,68,11478,2511948.79770215,6706403.197471792,True,True,False
14701,119,69,11479,2510579.1548103667,6698511.486218165,True,False,False
14702,119,70,11480,2509212.7813671245,6690627.013071608,False,False,False
14703,119,71,11481,2507849.666242532,6682749.759670257,False,False,False
14704,119,72,11482,2506489.7983573247,6674879.7077067075,True,False,False
14705,119,73,11483,2505133.1666825893,6667016.838927831,True,False,False
14706,119,74,11484,2503779.760239477,6659161.135134522,False,True,False
14707,119,75,11485,2502429.5680989246,6651312.57818152,False,True,False
14708,119,76,11486,2501082.5793813826,6643471.149977179,False,False,False
14709,119,77,11487,2499738.783256536,6635636.832483262,False,False,False
14710,119,78,11488,2498398.168943028,6627809.607714724,False,False,False
14711,119,79,11489,2497060.725708196,6619989.457739508,False,False,False
14712,119,80,11490,2495726.442867793,6612176.364678325,False,False,False
14713,119,81,11491,2494395.309785727,6604370.310704474,False,False,False
14714,119,82,11492,2493067.3158737887,6596571.278043597,False,False,False
14715,119,83,11493,2491742.4505913914,6588779.248973499,False,False,False
14716,119,84,11494,2490420.7034453033,6580994.205823932,False,False,False
14717,119,85,11495,2489102.0639893916,6573216.130976403,True,False,False
14718,119,86,11496,2487786.521824359,6565445.006863944,True,False,False
14719,119,87,11497,2486474.066597488,6557680.8159709405,True,False,False
14720,119,88,11498,2485164.6880023833,6549923.540832906,False,False,False
14721,119,89,11499,2483858.375778718,6542173.1640362935,False,True,False
14722,119,90,11500,2482555.119711981,6534429.668218297,False,False,False
14723,119,91,11501,2481254.9096332276,6526693.036066639,True,False,False
14724,119,92,11502,2479957.735418826,6518963.250319382,True,True,False
14725,119,93,11503,2478663.5869902107,6511240.293764737,True,True,False
14726,119,94,11504,2477372.4543136396,6503524.149240851,False,False,False
14727,119,95,11505,2476084.3273999454,6495814.799635618,False,False,False
14728,119,96,11506,2474799.1963042933,6488112.227886499,False,False,False
14729,119,97,11507,2473517.0511259423,6480416.416980297,False,False,False
14730,119,98,11508,2472237.8820079993,6472727.349952994,False,False,False
14731,119,99,11509,2470961.6791371875,6465045.009889537,True,False,False
14732,119,100,11510,2469688.4327436048,6457369.379923661,True,True,False
14733,119,101,11511,2468418.1331004896,6449700.443237687,True,False,False
14734,119,102,11512,2467150.7705239886,6442038.183062348,False,False,False
14735,119,103,11513,2465886.335372922,6434382.582676572,False,False,False
14736,119,104,11514,2464624.8180485545,6426733.625407327,False,False,False
14737,119,105,11515,2463366.2089943634,6419091.29462941,False,False,False
14738,119,106,11516,2462110.4986958164,6411455.573765266,False,False,False
14739,119,107,11517,2460857.677680138,6403826.446284806,False,False,False
14740,119,108,11518,2459607.7365160882,6396203.895705224,False,False,False
14741,119,109,11519,2458360.665813739,6388587.905590795,False,False,False
14742,119,110,11520,2457116.456224253,6380978.459552723,False,False,False
14743,119,111,11521,2455875.098439659,6373375.541248928,True,True,False
14744,119,112,11522,2454636.583192637,6365779.1343838805,False,False,False
14745,119,113,11523,2453400.901256299,6358189.222708409,False,False,False
14746,119,114,11524,2452168.043443971,6350605.790019537,False,False,False
14747,119,115,11525,2450938.000608978,6343028.820160289,False,False,False
14748,119,116,11526,2449710.7636444326,6335458.297019514,False,False,False
14749,119,117,11527,2448884.8541648514,6328801.428977417,False,False,False
14763,120,7,11528,2606564.368439355,7198730.01546626,False,False,False
14764,120,8,11529,2606772.3054962517,7192040.051585747,True,False,False
14765,120,9,11530,2606921.7322177845,7183759.671874152,True,False,False
14766,120,10,11531,2605758.088165257,7175598.691941374,False,False,False
14767,120,11,11532,2604169.4902690495,7167257.306614213,False,False,False
14768,120,12,11533,2602584.92430198,7158924.312350301,False,False,False
14769,120,13,11534,2601004.3755792095,7150599.687288677,False,False,False
14770,120,14,11535,2599427.8294869317,7142283.4096367275,False,False,False
14771,120,15,11536,2597855.271481954,7133975.457669893,False,False,False
14772,120,16,11537,2596286.68709128,7125675.8097314155,False,False,False
14773,120,17,11538,2594722.06191169,7117384.444232045,False,False,False
14774,120,18,11539,2593161.3816093327,7109101.33964979,False,True,False
14775,120,19,11540,2591604.6319193123,7100826.474529634,False,False,False
14776,120,20,11541,2590051.7986452845,7092559.827483274,False,False,False
14777,120,21,11542,2588502.8676590496,7084301.377188845,False,False,False
14778,120,22,11543,2586957.8249001526,7076051.102390661,False,False,False
14779,120,23,11544,2585416.6563754845,7067808.981898945,False,False,False
14780,120,24,11545,2583879.3481588876,7059574.994589571,False,False,False
14781,120,25,11546,2582345.886390761,7051349.119403796,False,False,False
14782,120,26,11547,2580816.2572776703,7043131.335348,False,False,False
14783,120,27,11548,2579290.4470919613,7034921.621493425,True,False,False
14784,120,28,11549,2577768.442171376,7026719.956975918,True,True,False
14785,120,29,11550,2576250.2289186674,7018526.320995658,True,True,False
14786,120,30,11551,2574735.7938012215,7010340.692816927,True,True,False
14787,120,31,11552,2573225.123350682,7002163.051767825,False,True,False
14788,120,32,11553,2571718.2041625734,6993993.377240035,False,True,False
14789,120,33,11554,2570215.02289593,6985831.648688557,False,True,False
14790,120,34,11555,2568715.566272927,6977677.845631461,False,True,False
14791,120,35,11556,2567219.8210785156,6969531.947649626,False,True,False
14792,120,36,11557,2565727.774160056,6961393.934386513,False,False,False
14793,120,37,11558,2564239.4124269555,6953263.785547884,False,False,False
14794,120,38,11559,2562754.722850312,6945141.480901574,False,False,False
14795,120,39,11560,2561273.692462557,6937027.000277233,True,False,False
14796,120,40,11561,2559796.3083570986,6928920.323566093,False,False,False
14797,120,41,11562,2558322.557687973,6920821.4307207065,False,False,False
14798,120,42,11563,2556852.427669491,6912730.3017547075,True,False,False
14799,120,43,11564,2555385.9055758957,6904646.916742582,True,False,False
14800,120,44,11565,2553922.9787410144,6896571.255819396,True,False,False
14801,120,45,11566,2552463.6345579172,6888503.299180587,True,False,False
14802,120,46,11567,2551007.860478578,6880443.027081697,False,False,False
14803,120,47,11568,2549555.644013535,6872390.419838154,True,False,False
14804,120,48,11569,2548106.972731556,6864345.457825024,True,True,False
14805,120,49,11570,2546661.834259306,6856308.121476767,True,True,False
14806,120,50,11571,2545220.216281014,6848278.39128702,True,False,False
14807,120,51,11572,2543782.1065381486,6840256.247808336,False,False,False
14808,120,52,11573,2542347.4928290867,6832241.671651979,False,False,False
14809,120,53,11574,2540916.3630087916,6824234.643487663,False,False,False
14810,120,54,11575,2539488.7049884927,6816235.144043347,False,False,False
14811,120,55,11576,2538064.5067353616,6808243.154104982,False,False,False
14812,120,56,11577,2536643.7562721977,6800258.654516285,True,True,False
14813,120,57,11578,2535226.4416771103,6792281.626178525,True,True,False
14814,120,58,11579,2533812.5510832057,6784312.05005028,False,False,False
14815,120,59,11580,2532402.0726782805,6776349.907147207,False,False,False
14816,120,60,11581,2530994.9947045017,6768395.178541828,False,True,False
14817,120,61,11582,2529591.3054581103,6760447.845363302,True,True,False
14818,120,62,11583,2528190.9932891107,6752507.888797193,False,False,False
14819,120,63,11584,2526794.0466009662,6744575.290085264,False,False,False
14820,120,64,11585,2525400.4538503056,6736650.030525222,False,False,False
14821,120,65,11586,2524010.203546612,6728732.09147054,False,False,False
14822,120,66,11587,2522623.2842519386,6720821.454330198,False,False,False
14823,120,67,11588,2521239.6845806027,6712918.100568489,False,True,False
14824,120,68,11589,2519859.393198899,6705022.011704784,False,True,False
14825,120,69,11590,2518482.398824808,6697133.16931333,True,True,False
14826,120,70,11591,2517108.6902277037,6689251.555023025,True,False,False
14827,120,71,11592,2515738.2562280665,6681377.1505171945,True,False,False
14828,120,72,11593,2514371.0856972025,6673509.937533392,True,False,False
14829,120,73,11594,2513007.167556954,6665649.897863178,True,True,False
14830,120,74,11595,2511646.490779421,6657797.013351905,False,True,False
14831,120,75,11596,2510289.0443866802,6649951.265898508,False,True,False
14832,120,76,11597,2508934.8174505085,6642112.637455298,False,False,False
14833,120,77,11598,2507583.7990921033,6634281.110027743,False,False,False
14834,120,78,11599,2506235.9784818143,6626456.665674263,False,False,False
14835,120,79,11600,2504891.3448388632,6618639.286506022,False,False,False
14836,120,80,11601,2503549.887431081,6610828.9546867255,False,False,False
14837,120,81,11602,2502211.5955746314,6603025.652432407,False,False,False
14838,120,82,11603,2500876.4586337493,6595229.362011218,False,False,False
14839,120,83,11604,2499544.4660204737,6587440.065743234,False,False,False
14840,120,84,11605,2498215.6071943813,6579657.7460002545,False,False,False
14841,120,85,11606,2496889.8716623276,6571882.385205581,True,False,False
14842,120,86,11607,2495567.248978188,6564113.965833824,True,False,False
14843,120,87,11608,2494247.7287425925,6556352.470410714,False,False,False
14844,120,88,11609,2492931.3006026777,6548597.881512886,False,False,False
14845,120,89,11610,2491617.9542518235,6540850.1817676835,False,True,False
14846,120,90,11611,2490307.6794294054,6533109.3538529575,False,False,False
14847,120,91,11612,2489000.465920539,6525375.380496881,False,False,False
14848,120,92,11613,2487696.303555832,6517648.244477745,False,False,False
14849,120,93,11614,2486395.1822111337,6509927.928623741,True,True,False
14850,120,94,11615,2485097.0918072895,6502214.415812807,True,True,False
14851,120,95,11616,2483802.022309893,6494507.688972406,False,False,False
14852,120,96,11617,2482509.9637290463,6486807.731079336,False,False,False
14853,120,97,11618,2481220.906119113,6479114.525159539,False,False,False
14854,120,98,11619,2479934.8395784814,6471428.054287907,False,False,False
14855,120,99,11620,2478651.7542493236,6463748.301588096,True,True,False
14856,120,100,11621,2477371.6403173557,6456075.250232343,True,True,False
14857,120,101,11622,2476094.4880116065,6448408.88344125,False,False,False
14858,120,102,11623,2474820.2876041797,6440749.184483624,False,False,False
14859,120,103,11624,2473549.0294100204,6433096.136676269,False,False,False
14860,120,104,11625,2472280.703786685,6425449.723383814,False,False,False
14861,120,105,11626,2471015.301134112,6417809.928018521,False,False,False
14862,120,106,11627,2469752.8118943903,6410176.734040092,False,False,False
14863,120,107,11628,2468493.226551534,6402550.124955494,False,False,False
14864,120,108,11629,2467236.5356312585,6394930.084318776,False,False,False
14865,120,109,11630,2465982.729700751,6387316.59573088,False,False,False
14866,120,110,11631,2464731.7993684537,6379709.64283946,False,False,False
14867,120,111,11632,2463483.735283838,6372109.209338704,True,True,False
14868,120,112,11633,2462238.5281371865,6364515.278969143,False,False,False
14869,120,113,11634,2460996.1686593746,6356927.835517493,False,False,False
14870,120,114,11635,2459756.647621652,6349346.862816453,False,False,False
14871,120,115,11636,2458519.955835427,6341772.344744534,False,True,False
14872,120,116,11637,2457286.0841520536,6334204.26522589,False,True,False
14873,120,117,11638,2456135.057529649,6326715.3310007565,False,True,False
14874,120,118,11639,2457649.0767025365,6322054.314277621,False,True,False
14889,121,9,11640,2611313.256682441,7179810.834292141,False,False,False
14890,121,10,11641,2611502.406165853,7173643.840374154,False,False,False
14891,121,11,11642,2611747.031147079,7165444.656017348,False,False,False
14892,121,12,11643,2610931.8563415213,7157356.642196357,False,False,False
14893,121,13,11644,2609342.9677365553,7149035.544162933,False,False,False
14894,121,14,11645,2607758.101148093,7140722.780484158,False,False,False
14895,121,15,11646,2606177.2419714336,7132418.329498201,False,False,False
14896,121,16,11647,2604600.375672314,7124122.169610655,False,False,False
14897,121,17,11648,2603027.487786493,7115834.279294255,False,False,False
14898,121,18,11649,2601458.5639193337,7107554.637088621,False,True,False
14899,121,19,11650,2599893.5897454,7099283.221599993,False,True,False
14900,121,20,11651,2598332.5510080415,7091020.011500953,False,False,False
14901,121,21,11652,2596775.433518991,7082764.985530164,False,False,False
14902,121,22,11653,2595222.223157965,7074518.1224921215,False,False,False
14903,121,23,11654,2593672.90587226,7066279.401256867,False,False,False
14904,121,24,11655,2592127.4676763583,7058048.800759734,False,False,False
14905,121,25,11656,2590585.8946515317,7049826.300001099,False,False,False
14906,121,26,11657,2589048.1729454543,7041611.878046117,False,True,False
14907,121,27,11658,2587514.2887718105,7033405.514024451,True,True,False
14908,121,28,11659,2585984.2284099096,7025207.187130031,True,True,False
14909,121,29,11660,2584457.9782043034,7017016.876620784,False,False,False
14910,121,30,11661,2582935.5245644064,7008834.561818393,True,True,False
14911,121,31,11662,2581416.8539641164,7000660.2221080335,True,False,False
14912,121,32,11663,2579901.9529414396,6992493.836938118,False,False,False
14913,121,33,11664,2578390.8080981188,6984335.385820059,False,True,False
14914,121,34,11665,2576883.4060992613,6976184.848328006,False,False,False
14915,121,35,11666,2575379.7336729737,6968042.204098594,False,True,False
14916,121,36,11667,2573879.777609995,6959907.432830701,False,True,False
14917,121,37,11668,2572383.524763334,6951780.514285202,False,True,False
14918,121,38,11669,2570890.9620479112,6943661.428284721,False,False,False
14919,121,39,11670,2569402.076440198,6935550.154713378,True,False,False
14920,121,40,11671,2567916.854977865,6927446.67351656,False,False,False
14921,121,41,11672,2566435.2847594256,6919350.964700653,True,False,False
14922,121,42,11673,2564957.3529438875,6911263.008332838,True,False,False
14923,121,43,11674,2563483.0467504067,6903182.784540809,False,False,False
14924,121,44,11675,2562012.3534579366,6895110.273512553,False,False,False
14925,121,45,11676,2560545.260404891,6887045.45549612,False,False,False
14926,121,46,11677,2559081.7549887965,6878988.310799358,False,True,False
14927,121,47,11678,2557621.824665961,6870938.81978971,False,True,False
14928,121,48,11679,2556165.4569511316,6862896.9628939405,False,True,False
14929,121,49,11680,2554712.6394171612,6854862.720597934,False,False,False
14930,121,50,11681,2553263.3596946816,6846836.073446438,False,False,False
14931,121,51,11682,2551817.6054717675,6838817.002042838,False,False,False
14932,121,52,11683,2550375.364493614,6830805.487048931,False,False,False
14933,121,53,11684,2548936.6245622076,6822801.509184682,False,False,False
14934,121,54,11685,2547501.373536007,6814805.049228012,False,False,False
14935,121,55,11686,2546069.5993296187,6806816.088014539,True,False,False
14936,121,56,11687,2544641.2899134806,6798834.606437388,True,True,False
14937,121,57,11688,2543216.4333135467,6790860.585446931,False,False,False
14938,121,58,11689,2541795.017610969,6782894.006050586,False,False,False
14939,121,59,11690,2540377.0309417867,6774934.849312564,False,False,False
14940,121,60,11691,2538962.46149662,6766983.096353674,False,False,False
14941,121,61,11692,2537551.297520356,6759038.72835108,True,True,False
14942,121,62,11693,2536143.527311844,6751101.726538087,False,False,False
14943,121,63,11694,2534739.1392235975,6743172.072203917,False,False,False
14944,121,64,11695,2533338.121661482,6735249.746693493,False,False,False
14945,121,65,11696,2531940.4630844244,6727334.7314072,False,False,False
14946,121,66,11697,2530546.1520041106,6719427.007800707,False,True,False
14947,121,67,11698,2529155.1769846883,6711526.5573847,False,True,False
14948,121,68,11699,2527767.5266424757,6703633.361724708,False,False,False
14949,121,69,11700,2526383.18964567,6695747.402440861,False,False,False
14950,121,70,11701,2525002.1547140544,6687868.661207678,False,False,False
14951,121,71,11702,2523624.4106187103,6679997.119753869,False,False,False
14952,121,72,11703,2522249.9461817346,6672132.759862105,True,False,False
14953,121,73,11704,2520878.750275951,6664275.563368805,True,True,False
14954,121,74,11705,2519510.811824628,6656425.512163953,True,False,False
14955,121,75,11706,2518146.1198012037,6648582.588190842,False,False,False
14956,121,76,11707,2516784.663228997,6640746.773445909,False,False,False
14957,121,77,11708,2515426.4311809405,6632918.049978493,False,False,False
14958,121,78,11709,2514071.4127792995,6625096.399890642,False,False,False
14959,121,79,11710,2512719.5971954004,6617281.805336918,False,False,False
14960,121,80,11711,2511370.97364936,6609474.248524167,False,False,False
14961,121,81,11712,2510025.531409812,6601673.711711326,False,False,False
14962,121,82,11713,2508683.259793645,6593880.177209226,False,False,False
14963,121,83,11714,2507344.1481657317,6586093.627380374,False,False,False
14964,121,84,11715,2506008.185938664,6578314.044638769,False,False,False
14965,121,85,11716,2504675.362572495,6570541.41144967,True,False,False
14966,121,86,11717,2503345.667574472,6562775.710329435,False,False,False
14967,121,87,11718,2502019.0904987813,6555016.923845291,False,False,False
14968,121,88,11719,2500695.6209462904,6547265.0346151525,False,False,False
14969,121,89,11720,2499375.248564287,6539520.025307405,False,True,False
14970,121,90,11721,2498057.9630462327,6531781.8786407355,False,False,False
14971,121,91,11722,2496743.754131503,6524050.577383905,False,False,False
14972,121,92,11723,2495432.61160514,6516326.10435558,False,False,False
14973,121,93,11724,2494124.5252976026,6508608.442424115,False,False,False
14974,121,94,11725,2492819.4850845183,6500897.574507384,True,True,False
14975,121,95,11726,2491517.480886437,6493193.483572555,True,True,False
14976,121,96,11727,2490218.502668586,6485496.15263593,True,False,False
14977,121,97,11728,2488922.540440628,6477805.564762741,False,False,False
14978,121,98,11729,2487629.584256418,6470121.703066946,False,False,False
14979,121,99,11730,2486339.624213766,6462444.55071106,True,True,False
14980,121,100,11731,2485052.650454195,6454774.090905959,False,False,False
14981,121,101,11732,2483768.6531627085,6447110.306910685,False,False,False
14982,121,102,11733,2482487.6225675503,6439453.182032275,False,False,False
14983,121,103,11734,2481209.5489399754,6431802.699625547,False,False,False
14984,121,104,11735,2479934.4225940146,6424158.843092943,False,False,False
14985,121,105,11736,2478662.233886245,6416521.595884335,False,False,False
14986,121,106,11737,2477392.9732155604,6408890.9414968295,False,False,False
14987,121,107,11738,2476126.6310229427,6401266.863474601,False,False,False
14988,121,108,11739,2474863.197791236,6393649.345408691,False,False,False
14989,121,109,11740,2473602.664044924,6386038.370936849,False,False,False
14990,121,110,11741,2472345.020349901,6378433.92374333,False,False,False
14991,121,111,11742,2471090.257313255,6370835.98755873,True,True,False
14992,121,112,11743,2469838.3655830454,6363244.5461597955,True,False,False
14993,121,113,11744,2468589.335848082,6355659.583369254,False,True,False
14994,121,114,11745,2467343.1588377096,6348081.083055628,False,True,False
14995,121,115,11746,2466099.8253215887,6340509.02913306,False,True,False
14996,121,116,11747,2464859.3261094834,6332943.405561146,False,False,False
14997,121,117,11748,2463621.6520510456,6325384.196344741,False,False,False
14998,121,118,11749,2463370.5355482083,6320237.939331226,False,False,False
15015,122,11,11750,2616043.2134093414,7160934.665312721,False,False,False
15016,122,12,11751,2616219.2236413723,7155118.948320808,False,False,False
15017,122,13,11752,2616458.0333471214,7147239.379419217,False,False,False
15018,122,14,11753,2616056.9371265005,7139135.907612592,False,False,False
15019,122,15,11754,2614496.2023098525,7130852.923505443,False,False,False
15020,122,16,11755,2612911.06551011,7122560.268491698,False,False,False
15021,122,17,11756,2611329.926270994,7114275.870126681,False,False,False
15022,122,18,11757,2609752.770137411,7105999.707011833,False,False,False
15023,122,19,11758,2608179.5827237037,7097731.757814859,False,True,False
15024,122,20,11759,2606610.349713238,7089472.001269442,False,True,False
15025,122,21,11760,2605045.056857999,7081220.41617499,False,True,False
15026,122,22,11761,2603483.6899781898,7072976.981396377,False,False,False
15027,122,23,11762,2601926.2349618254,7064741.675863669,False,False,False
15028,122,24,11763,2600372.6777643403,7056514.478571882,False,True,False
15029,122,25,11764,2598823.004408193,7048295.368580711,True,True,False
15030,122,26,11765,2597277.200982468,7040084.325014286,True,True,False
15031,122,27,11766,2595735.2536424953,7031881.327060905,True,False,False
15032,122,28,11767,2594197.1486094557,7023686.3539727805,False,False,False
15033,122,29,11768,2592662.8721700027,7015499.385065791,False,False,False
15034,122,30,11769,2591132.410675876,7007320.399719224,True,True,False
15035,122,31,11770,2589605.750543525,6999149.377375531,True,False,False
15036,122,32,11771,2588082.8782537337,6990986.2975400565,True,False,False
15037,122,33,11772,2586563.7803512453,6982831.1397808315,False,False,False
15038,122,34,11773,2585048.4434443903,6974683.883728263,False,False,False
15039,122,35,11774,2583536.854204721,6966544.509074953,True,False,False
15040,122,36,11775,2582028.999366642,6958412.995575406,True,False,False
15041,122,37,11776,2580524.8657270474,6950289.323045791,True,True,False
15042,122,38,11777,2579024.4401449636,6942173.471363715,True,True,False
15043,122,39,11778,2577527.709541185,6934065.420467968,True,True,False
15044,122,40,11779,2576034.66089792,6925965.150358279,True,False,False
15045,122,41,11780,2574545.281258441,6917872.641095084,True,False,False
15046,122,42,11781,2573059.5577267273,6909787.872799267,False,False,False
15047,122,43,11782,2571577.4774671183,6901710.825651945,False,False,False
15048,122,44,11783,2570099.0277039697,6893641.479894218,False,False,False
15049,122,45,11784,2568624.1957213036,6885579.815826924,False,True,False
15050,122,46,11785,2567152.9688624735,6877525.813810416,False,True,False
15051,122,47,11786,2565685.3345298185,6869479.4542643335,False,False,False
15052,122,48,11787,2564221.28018433,6861440.717667337,False,False,False
15053,122,49,11788,2562760.793345315,6853409.584556906,False,False,False
15054,122,50,11789,2561303.8615900646,6845386.035529096,False,False,False
15055,122,51,11790,2559850.4725535214,6837370.05123831,False,False,False
15056,122,52,11791,2558400.6139279553,6829361.612397056,False,False,False
15057,122,53,11792,2556954.27346263,6821360.699775734,False,False,False
15058,122,54,11793,2555511.438963489,6813367.294202405,False,False,False
15059,122,55,11794,2554072.0982928267,6805381.376562555,True,False,False
15060,122,56,11795,2552636.23936897,6797402.927798877,False,True,False
15061,122,57,11796,2551203.8501659636,6789431.928911039,False,False,False
15062,122,58,11797,2549774.9187132535,6781468.360955465,False,False,False
15063,122,59,11798,2548349.4330953723,6773512.205045112,False,False,False
15064,122,60,11799,2546927.381451629,6765563.442349242,False,False,False
15065,122,61,11800,2545508.751975803,6757622.054093206,True,True,False
15066,122,62,11801,2544093.5329158315,6749688.021558228,False,True,False
15067,122,63,11802,2542681.7125735106,6741761.326081168,False,True,False
15068,122,64,11803,2541273.2793041877,6733841.94905432,False,True,False
15069,122,65,11804,2539868.221516464,6725929.871925189,False,True,False
15070,122,66,11805,2538466.527671893,6718025.076196271,False,True,False
15071,122,67,11806,2537068.186284687,6710127.543424843,False,False,False
15072,122,68,11807,2535673.1859214185,6702237.255222746,False,False,False
15073,122,69,11808,2534281.515200731,6694354.19325617,False,False,False
15074,122,70,11809,2532893.162793043,6686478.339245429,False,False,False
15075,122,71,11810,2531508.1174202664,6678609.674964786,True,False,False
15076,122,72,11811,2530126.367855512,6670748.182242185,True,False,False
15077,122,73,11812,2528747.9029228087,6662893.842959101,False,True,False
15078,122,74,11813,2527372.711496819,6655046.639050282,True,False,False
15079,122,75,11814,2526000.7825025567,6647206.552503568,False,False,False
15080,122,76,11815,2524632.104915108,6639373.565359674,False,False,False
15081,122,77,11816,2523266.6677593547,6631547.659711983,False,False,False
15082,122,78,11817,2521904.4601096953,6623728.817706344,False,False,False
15083,122,79,11818,2520545.471089775,6615917.021540859,False,False,False
15084,122,80,11819,2519189.6898722104,6608112.253465691,False,False,False
15085,122,81,11820,2517837.105678318,6600314.4957828475,False,False,False
15086,122,82,11821,2516487.70777785,6592523.73084599,False,False,False
15087,122,83,11822,2515141.4854887226,6584739.941060219,False,False,False
15088,122,84,11823,2513798.4281767514,6576963.108881888,False,False,False
15089,122,85,11824,2512458.525255391,6569193.21681839,True,False,False
15090,122,86,11825,2511121.76618547,6561430.247427977,False,False,False
15091,122,87,11826,2509788.140474932,6553674.183319527,False,False,False
15092,122,88,11827,2508457.6376785766,6545925.007152401,False,False,False
15093,122,89,11828,2507130.2473978056,6538182.701636184,False,True,False
15094,122,90,11829,2505805.9592803605,6530447.249530539,False,False,False
15095,122,91,11830,2504484.7630200796,6522718.633644984,False,False,False
15096,122,92,11831,2503166.6483566356,6514996.836838714,False,False,False
15097,122,93,11832,2501851.6050752928,6507281.842020399,False,False,False
15098,122,94,11833,2500539.6230066568,6499573.632147989,False,False,False
15099,122,95,11834,2499230.6920264256,6491872.190228535,True,True,False
15100,122,96,11835,2497924.802055146,6484177.499317985,True,True,False
15101,122,97,11836,2496621.943057968,6476489.542520998,False,False,False
15102,122,98,11837,2495322.105044406,6468808.302990763,True,False,False
15103,122,99,11838,2494025.2780680945,6461133.763928801,True,True,False
15104,122,100,11839,2492731.4522265526,6453465.908584776,False,False,False
15105,122,101,11840,2491440.6176609425,6445804.720256324,False,False,False
15106,122,102,11841,2490152.764555835,6438150.182288841,False,False,False
15107,122,103,11842,2488867.883138979,6430502.278075329,False,False,False
15108,122,104,11843,2487585.9636810604,6422860.991056179,False,False,False
15109,122,105,11844,2486306.996495478,6415226.304719019,False,False,False
15110,122,106,11845,2485030.9719381086,6407598.202598506,False,False,False
15111,122,107,11846,2483757.880407083,6399976.668276158,False,False,False
15112,122,108,11847,2482487.7123425533,6392361.685380173,False,False,False
15113,122,109,11848,2481220.4582264726,6384753.237585235,False,False,False
15114,122,110,11849,2479956.1085823667,6377151.308612355,False,False,False
15115,122,111,11850,2478694.6539751138,6369555.882228671,True,True,False
15116,122,112,11851,2477436.085010722,6361966.942247285,True,True,False
15117,122,113,11852,2476180.392336109,6354384.472527078,False,True,False
15118,122,114,11853,2474927.566638885,6346808.456972542,False,False,False
15119,122,115,11854,2473677.5986471353,6339238.879533589,False,False,False
15120,122,116,11855,2472430.479129202,6331675.724205391,False,False,False
15121,122,117,11856,2471186.1988934726,6324118.975028194,False,False,False
15122,122,118,11857,2470484.3583233287,6317973.496457486,False,False,False
15142,123,14,11858,2620926.72191204,7136330.844870567,False,False,False
15143,123,15,11859,2621144.1748474394,7129059.108084726,False,False,False
15144,123,16,11860,2621054.979238974,7120900.190955778,False,False,False
15145,123,17,11861,2619629.3630784173,7112709.226586635,False,False,False
15146,123,18,11862,2618043.9860244263,7104436.559228532,False,False,False
15147,123,19,11863,2616462.596662537,7096172.092935421,False,False,False
15148,123,20,11864,2614885.1806164538,7087915.806502297,False,False,False
15149,123,21,11865,2613311.723578734,7079667.678789519,False,True,False
15150,123,22,11866,2611742.211310381,7071427.6887225425,False,True,False
15151,123,23,11867,2610176.629640447,7063195.815291677,False,False,False
15152,123,24,11868,2608614.9644656316,7054972.037551814,True,True,False
15153,123,25,11869,2607057.2017498855,7046756.334622181,True,False,False
15154,123,26,11870,2605503.3275240175,7038548.685686083,False,False,False
15155,123,27,11871,2603953.327885307,7030349.0699906545,False,False,False
15156,123,28,11872,2602407.1889971117,7022157.466846599,False,False,False
15157,123,29,11873,2600864.8970884867,7013973.855627939,False,False,False
15158,123,30,11874,2599326.438453798,7005798.215771774,True,True,False
15159,123,31,11875,2597791.7994523454,6997630.526778022,False,False,False
15160,123,32,11876,2596260.9665079853,6989470.768209178,True,False,False
15161,123,33,11877,2594733.926108756,6981318.919690055,True,False,False
15162,123,34,11878,2593210.664806503,6973174.960907559,True,False,False
15163,123,35,11879,2591691.169216512,6965038.87161042,True,False,False
15164,123,36,11880,2590175.426017143,6956910.631608969,False,False,False
15165,123,37,11881,2588663.421949462,6948790.220774879,False,False,False
15166,123,38,11882,2587155.1438168827,6940677.619040931,True,False,False
15167,123,39,11883,2585650.5784848053,6932572.8064007675,True,True,False
15168,123,40,11884,2584149.71288026,6924475.762908659,True,True,False
15169,123,41,11885,2582652.533991551,6916386.468679268,False,False,False
15170,123,42,11886,2581159.0288679064,6908304.9038874,False,False,False
15171,123,43,11887,2579669.184619125,6900231.048767767,False,False,False
15172,123,44,11888,2578182.9884152357,6892164.883614761,False,False,False
15173,123,45,11889,2576700.427486141,6884106.388782214,False,True,False
15174,123,46,11890,2575221.489121288,6876055.544683172,False,False,False
15175,123,47,11891,2573746.1606693165,6868012.33178964,False,False,False
15176,123,48,11892,2572274.429537727,6859976.73063237,False,False,False
15177,123,49,11893,2570806.283192542,6851948.721800633,False,False,False
15178,123,50,11894,2569341.7091579745,6843928.285941958,False,False,False
15179,123,51,11895,2567880.695016096,6835915.4037619475,True,False,False
15180,123,52,11896,2566423.228406506,6827910.0560240215,False,False,False
15181,123,53,11897,2564969.297026007,6819912.223549185,False,False,False
15182,123,54,11898,2563518.8886282775,6811921.887215823,False,False,False
15183,123,55,11899,2562071.991023554,6803939.027959459,True,True,False
15184,123,56,11900,2560628.592078304,6795963.626772544,False,True,False
15185,123,57,11901,2559188.679714913,6787995.664704218,False,False,False
15186,123,58,11902,2557752.241911367,6780035.122860094,False,False,False
15187,123,59,11903,2556319.266700938,6772081.982402041,False,False,False
15188,123,60,11904,2554889.7421718715,6764136.224547958,True,False,False
15189,123,61,11905,2553463.656467079,6756197.83057156,True,False,False
15190,123,62,11906,2552040.9977838285,6748266.781802154,False,False,False
15191,123,63,11907,2550621.7543734373,6740343.05962442,False,True,False
15192,123,64,11908,2549205.9145409735,6732426.645478198,False,True,False
15193,123,65,11909,2547793.4666449474,6724517.520858279,False,False,False
15194,123,66,11910,2546384.399097019,6716615.667314165,False,False,False
15195,123,67,11911,2544978.7003616947,6708721.06644989,False,False,False
15196,123,68,11912,2543576.358956034,6700833.699923777,False,False,False
15197,123,69,11913,2542177.3634493565,6692953.549448245,False,False,False
15198,123,70,11914,2540781.7024629493,6685080.59678958,False,False,False
15199,123,71,11915,2539389.3646697756,6677214.823767746,True,False,False
15200,123,72,11916,2538000.3387941895,6669356.212256156,False,False,False
15201,123,73,11917,2536614.613611649,6661504.744181477,False,True,False
15202,123,74,11918,2535232.177948431,6653660.401523414,True,False,False
15203,123,75,11919,2533853.02068135,6645823.166314499,True,False,False
15204,123,76,11920,2532477.130737476,6637993.020639902,False,False,False
15205,123,77,11921,2531104.497093859,6630169.946637211,False,False,False
15206,123,78,11922,2529735.108777251,6622353.926496231,False,False,False
15207,123,79,11923,2528368.954863828,6614544.942458776,False,False,False
15208,123,80,11924,2527006.024478921,6606742.976818482,False,False,False
15209,123,81,11925,2525646.306796744,6598948.011920591,False,False,False
15210,123,82,11926,2524289.791040121,6591160.030161749,False,False,False
15211,123,83,11927,2522936.466480223,6583379.013989816,False,False,False
15212,123,84,11928,2521586.3224362987,6575604.945903663,False,False,False
15213,123,85,11929,2520239.348275411,6567837.808452972,True,False,False
15214,123,86,11930,2518895.5334121753,6560077.584238027,False,False,False
15215,123,87,11931,2517554.8673084974,6552324.255909552,False,False,False
15216,123,88,11932,2516217.3394733137,6544577.806168468,False,True,False
15217,123,89,11933,2514882.9394623362,6536838.217765744,False,True,False
15218,123,90,11934,2513551.6568777952,6529105.473502164,False,False,False
15219,123,91,11935,2512223.481368184,6521379.556228161,False,False,False
15220,123,92,11936,2510898.4026280073,6513660.448843613,False,False,False
15221,123,93,11937,2509576.4103975324,6505948.134297643,False,False,False
15222,123,94,11938,2508257.494462535,6498242.595588452,False,False,False
15223,123,95,11939,2506941.6446540575,6490543.815763109,False,False,False
15224,123,96,11940,2505628.8508481574,6482851.777917359,True,True,False
15225,123,97,11941,2504319.102965667,6475166.465195453,True,True,False
15226,123,98,11942,2503012.390971947,6467487.860789944,True,False,False
15227,123,99,11943,2501708.704876649,6459815.947941513,True,True,False
15228,123,100,11944,2500408.034733472,6452150.709938768,False,False,False
15229,123,101,11945,2499110.3706399268,6444492.1301180655,False,False,False
15230,123,102,11946,2497815.702737097,6436840.191863336,False,False,False
15231,123,103,11947,2496524.0212094057,6429194.878605882,False,False,False
15232,123,104,11948,2495235.316284382,6421556.173824211,False,False,False
15233,123,105,11949,2493949.578232425,6413924.061043848,False,False,False
15234,123,106,11950,2492666.797366579,6406298.523837144,False,False,False
15235,123,107,11951,2491386.9640422994,6398679.545823103,False,False,False
15236,123,108,11952,2490110.068657227,6391067.110667211,False,False,False
15237,123,109,11953,2488836.1016509607,6383461.202081252,False,False,False
15238,123,110,11954,2487565.053504835,6375861.8038231125,True,False,False
15239,123,111,11955,2486296.9147416926,6368268.899696628,True,False,False
15240,123,112,11956,2485031.675925664,6360682.47355139,True,False,False
15241,123,113,11957,2483769.3276619515,6353102.509282584,True,False,False
15242,123,114,11958,2482509.8605965995,6345528.990830795,False,False,False
15243,123,115,11959,2481253.2654162874,6337961.90218185,False,False,False
15244,123,116,11960,2479999.5328481067,6330401.227366636,False,False,False
15245,123,117,11961,2478748.653659348,6322846.950460929,False,False,False
15246,123,118,11962,2477761.367761096,6315659.389900936,False,False,False
15247,123,119,11963,2480337.626544979,6310855.123726186,False,False,False
15268,124,16,11964,2625654.2485133815,7117508.248590157,False,False,False
15269,124,17,11965,2626231.6159986793,7110747.010634888,False,False,False
15270,124,18,11966,2626257.1603084765,7102818.580481573,False,False,False
15271,124,19,11967,2624742.6174125196,7094604.236763661,False,False,False
15272,124,20,11968,2623157.029615325,7086351.436953696,False,False,False
15273,124,21,11969,2621575.419625662,7078106.783080408,False,False,False
15274,124,22,11970,2619997.773145657,7069870.254130042,True,True,False
15275,124,23,11971,2618424.0759457108,7061641.829153351,True,True,False
15276,124,24,11972,2616854.313864101,7053421.487265309,True,True,False
15277,124,25,11973,2615288.472806586,7045209.207644876,False,False,False
15278,124,26,11974,2613726.538746005,7037004.969534739,False,False,False
15279,124,27,11975,2612168.497721894,7028808.752241065,False,False,False
15280,124,28,11976,2610614.335840094,7020620.535133246,False,False,False
15281,124,29,11977,2609064.0392723624,7012440.297643659,True,False,False
15282,124,30,11978,2607517.5942559936,7004268.019267405,True,True,False
15283,124,31,11979,2605974.987093437,6996103.679562077,False,True,False
15284,124,32,11980,2604436.2041519177,6987947.258147491,False,False,False
15285,124,33,11981,2602901.231863061,6979798.73470548,False,False,False
15286,124,34,11982,2601370.0567225227,6971658.088979604,False,False,False
15287,124,35,11983,2599842.6652896134,6963525.300774944,False,False,False
15288,124,36,11984,2598319.044186934,6955400.349957835,False,False,False
15289,124,37,11985,2596799.1801000107,6947283.216455648,False,False,False
15290,124,38,11986,2595283.0597769306,6939173.88025653,False,False,False
15291,124,39,11987,2593770.6700279796,6931072.321409178,False,False,False
15292,124,40,11988,2592261.99772529,6922978.520022591,True,True,False
15293,124,41,11989,2590757.0298024793,6914892.456265842,True,True,False
15294,124,42,11990,2589255.753254299,6906814.110367835,False,True,False
15295,124,43,11991,2587758.1551362853,6898743.462617084,False,False,False
15296,124,44,11992,2586264.2225644104,6890680.493361467,False,True,False
15297,124,45,11993,2584773.9427147317,6882625.183007978,False,True,False
15298,124,46,11994,2583287.302823057,6874577.512022533,False,False,False
15299,124,47,11995,2581804.290184594,6866537.460929718,False,False,False
15300,124,48,11996,2580324.89215362,6858505.010312537,False,False,False
15301,124,49,11997,2578811.3228060734,6850502.149648682,False,False,False
15302,124,50,11998,2577376.8896245407,6842462.833128014,False,False,False
15303,124,51,11999,2575908.2601272925,6834453.068016852,False,False,False
15304,124,52,12000,2574443.1952385814,6826450.826293244,False,False,False
15305,124,53,12001,2572981.682603004,6818456.088829004,False,False,False
15306,124,54,12002,2571523.7099222313,6810468.836553007,True,False,False
15307,124,55,12003,2570069.2649546927,6802489.050451002,True,True,False
15308,124,56,12004,2568618.33551525,6794516.711565363,False,False,False
15309,124,57,12005,2567170.9094748795,6786551.800994883,False,False,False
15310,124,58,12006,2565726.974760356,6778594.299894542,False,False,False
15311,124,59,12007,2564286.5193539374,6770644.189475303,False,False,False
15312,124,60,12008,2562849.5312930504,6762701.45100387,True,False,False
15313,124,61,12009,2561415.9986699834,6754766.065802495,False,False,False
15314,124,62,12010,2559985.909631574,6746838.015248746,False,False,False
15315,124,63,12011,2558559.252378906,6738917.280775291,False,False,False
15316,124,64,12012,2557136.0151670026,6731003.843869693,False,False,False
15317,124,65,12013,2555716.186304524,6723097.686074185,False,False,False
15318,124,66,12014,2554299.754153468,6715198.788985466,False,False,False
15319,124,67,12015,2552886.707128873,6707307.134254482,False,False,False
15320,124,68,12016,2551477.033698517,6699422.703586214,False,False,False
15321,124,69,12017,2550070.722382626,6691545.478739473,False,False,False
15322,124,70,12018,2548667.761753583,6683675.441526689,False,False,False
15323,124,71,12019,2547268.140435634,6675812.5738137,True,False,False
15324,124,72,12020,2545871.847104601,6667956.857519535,False,False,False
15325,124,73,12021,2544478.870487597,6660108.274616237,False,True,False
15326,124,74,12022,2543089.199362735,6652266.807128614,True,False,False
15327,124,75,12023,2541702.822558853,6644432.437134074,True,False,False
15328,124,76,12024,2540319.728955226,6636605.146762396,False,False,False
15329,124,77,12025,2538939.907481292,6628784.918195529,False,False,False
15330,124,78,12026,2537563.3471163693,6620971.733667402,False,False,False
15331,124,79,12027,2536190.0368893864,6613165.575463703,False,False,False
15332,124,80,12028,2534819.965878601,6605366.4259217065,False,False,False
15333,124,81,12029,2533453.123211336,6597574.267430029,False,False,False
15334,124,82,12030,2532089.4980637035,6589789.0824284805,False,False,False
15335,124,83,12031,2530729.079660338,6582010.853407833,False,False,False
15336,124,84,12032,2529371.8572741286,6574239.562909628,False,False,False
15337,124,85,12033,2528017.820225957,6566475.193525986,True,False,False
15338,124,86,12034,2526666.9578844295,6558717.72789941,False,False,False
15339,124,87,12035,2525319.25966562,6550967.148722583,False,False,False
15340,124,88,12036,2523974.7150328066,6543223.438738182,False,True,False
15341,124,89,12037,2522633.313496215,6535486.580738684,False,False,False
15342,124,90,12038,2521295.0446127607,6527756.557566161,False,False,False
15343,124,91,12039,2519959.897985796,6520033.352112114,False,False,False
15344,124,92,12040,2518627.8632648555,6512316.947317245,False,False,False
15345,124,93,12041,2517298.9301454043,6504607.326171304,False,False,False
15346,124,94,12042,2515973.0883685877,6496904.471712875,False,False,False
15347,124,95,12043,2514650.3277209844,6489208.367029188,False,False,False
15348,124,96,12044,2513330.6380343586,6481518.99525596,False,False,False
15349,124,97,12045,2512014.009185415,6473836.3395771645,True,True,False
15350,124,98,12046,2510700.4310955536,6466160.383224875,True,True,False
15351,124,99,12047,2509389.8937306297,6458491.109479075,True,True,False
15352,124,100,12048,2508082.3871007143,6450828.501667457,True,False,False
15353,124,101,12049,2506777.901259851,6443172.54316527,False,False,False
15354,124,102,12050,2505476.426305824,6435523.2173951,False,False,False
15355,124,103,12051,2504177.9523799163,6427880.50782671,False,False,False
15356,124,104,12052,2502882.469666681,6420244.397976861,False,False,False
15357,124,105,12053,2501589.968393705,6412614.871409109,False,False,False
15358,124,106,12054,2500300.438831375,6404991.911733653,False,False,False
15359,124,107,12055,2499013.871292657,6397375.502607131,True,False,False
15360,124,108,12056,2497730.2561328565,6389765.627732464,True,False,False
15361,124,109,12057,2496449.583749399,6382162.270858651,True,False,False
15362,124,110,12058,2495171.8445816,6374565.41578062,True,False,False
15363,124,111,12059,2493897.029110445,6366975.046339033,False,False,False
15364,124,112,12060,2492625.1278583645,6359391.146420117,True,False,False
15365,124,113,12061,2491356.131389011,6351813.699955487,True,False,False
15366,124,114,12062,2490090.030307042,6344242.690921976,False,False,False
15367,124,115,12063,2488826.815257902,6336678.103341458,False,False,False
15368,124,116,12064,2487566.476927599,6329119.921280673,False,False,False
15369,124,117,12065,2486309.0060424977,6321568.128851062,False,False,False
15370,124,118,12066,2485054.3933691005,6314022.710208585,False,False,False
15371,124,119,12067,2485307.514622962,6309262.7408998,False,False,False
15394,125,18,12068,2631278.944052373,7099806.295005875,False,False,False
15395,125,19,12069,2631911.35126686,7092673.289164444,False,False,False
15396,125,20,12070,2631425.8826496927,7084778.902418229,False,True,False
15397,125,21,12071,2629836.1309852097,7076537.7387945615,True,True,False
15398,125,22,12072,2628250.361516844,7068304.6873183865,True,True,False
15399,125,23,12073,2626668.5599566647,7060079.727101081,False,True,False
15400,125,24,12074,2625090.712084841,7051862.837317913,False,False,False
15401,125,25,12075,2623516.803749249,7043653.99720777,False,False,False
15402,125,26,12076,2621946.82086507,7035453.186072934,False,False,False
15403,125,27,12077,2620380.7494144053,7027260.383278791,False,False,False
15404,125,28,12078,2618818.5754458806,7019075.56825363,False,False,False
15405,125,29,12079,2617260.2850742657,7010898.720488369,True,False,False
15406,125,30,12080,2615705.86448008,7002729.819536315,False,True,False
15407,125,31,12081,2614155.2999092215,6994568.845012925,False,True,False
15408,125,32,12082,2612608.577672584,6986415.776595549,False,False,False
15409,125,33,12083,2611065.684145675,6978270.594023205,False,False,False
15410,125,34,12084,2609526.6057682526,6970133.277096327,False,False,False
15411,125,35,12085,2607991.3290439416,6962003.805676526,False,False,False
15412,125,36,12086,2606459.8405398782,6953882.159686343,False,False,False
15413,125,37,12087,2604932.126886332,6945768.319109029,False,False,False
15414,125,38,12088,2603408.174776349,6937662.263988291,False,False,False
15415,125,39,12089,2601887.9709653873,6929563.9744280595,False,False,False
15416,125,40,12090,2600371.5022709607,6921473.430592262,False,False,False
15417,125,41,12091,2598858.755572279,6913390.612704569,True,False,False
15418,125,42,12092,2597349.717809897,6905315.50104818,True,True,False
15419,125,43,12093,2595844.375985361,6897248.07596558,True,True,False
15420,125,44,12094,2594342.7171608615,6889188.317858313,True,True,False
15421,125,45,12095,2592844.7284588832,6881136.207186743,False,False,False
15422,125,46,12096,2591350.397061865,6873091.724469833,False,False,False
15423,125,47,12097,2589859.7102118526,6865054.850284911,False,False,False
15424,125,48,12098,2587644.0913498555,6857786.7402348835,False,False,False
15425,125,49,12099,2584387.6087429747,6852086.9698423995,False,False,False
15425,125,49,12100,2583450.723762043,6846167.287039927,False,False,False
15426,125,50,12101,2585125.2296498036,6840741.337608068,False,False,False
15427,125,51,12102,2583933.155190155,6832983.052441809,False,False,False
15428,125,52,12103,2582460.5017685373,6824983.931603709,False,False,False
15429,125,53,12104,2580991.4175791284,6816992.303974579,False,False,False
15430,125,54,12105,2579525.8902718513,6809008.150533986,True,False,False
15431,125,55,12106,2578063.9075535815,6801031.452318064,False,True,False
15432,125,56,12107,2576605.4571878267,6793062.190419301,False,False,False
15433,125,57,12108,2575150.5269944062,6785100.345986311,False,False,False
15434,125,58,12109,2573699.1048491322,6777145.900223618,False,False,False
15435,125,59,12110,2572251.1786834956,6769198.834391441,False,False,False
15436,125,60,12111,2570806.7364843506,6761259.129805483,True,False,False
15437,125,61,12112,2569365.7662936067,6753326.767836687,False,False,False
15438,125,62,12113,2567928.2562079155,6745401.729911064,False,False,False
15439,125,63,12114,2566494.1943783644,6737483.9975094395,False,False,False
15440,125,64,12115,2565063.5690101753,6729573.552167265,False,False,False
15441,125,65,12116,2563636.3683623923,6721670.375474399,False,False,False
15442,125,66,12117,2562212.5807475913,6713774.449074889,False,False,False
15443,125,67,12118,2560792.1945315725,6705885.754666772,False,False,False
15444,125,68,12119,2559375.1981330677,6698004.274001849,False,False,False
15445,125,69,12120,2557961.580023443,6690129.988885497,False,False,False
15446,125,70,12121,2556551.328726404,6682262.881176445,False,False,False
15447,125,71,12122,2555144.4328177106,6674402.932786572,True,False,False
15448,125,72,12123,2553740.8809248786,6666550.125680705,False,False,False
15449,125,73,12124,2552340.6617268994,6658704.4418764,False,True,False
15450,125,74,12125,2550943.763953951,6650865.863443757,True,True,False
15451,125,75,12126,2549550.1763871135,6643034.372505206,True,False,False
15452,125,76,12127,2548159.8878580895,6635209.951235294,False,False,False
15453,125,77,12128,2546772.8872489235,6627392.581860509,False,False,False
15454,125,78,12129,2545389.163491721,6619582.246659047,False,False,False
15455,125,79,12130,2544008.705568374,6611778.927960646,False,False,False
15456,125,80,12131,2542631.5025102897,6603982.608146354,False,False,False
15457,125,81,12132,2541257.5433981097,6596193.269648353,False,False,False
15458,125,82,12133,2539886.8173614466,6588410.894949753,False,False,False
15459,125,83,12134,2538519.31357861,6580635.466584397,False,False,False
15460,125,84,12135,2537155.02127634,6572866.967136654,False,False,False
15461,125,85,12136,2535793.929729544,6565105.379241247,True,False,False
15462,125,86,12137,2534436.0282610287,6557350.685583035,False,False,False
15463,125,87,12138,2533081.3062412394,6549602.868896837,False,True,False
15464,125,88,12139,2531729.7530880007,6541861.911967227,False,True,False
15465,125,89,12140,2530381.3582662544,6534127.79762834,False,False,False
15466,125,90,12141,2529036.1112878066,6526400.508763702,False,False,False
15467,125,91,12142,2527694.001711066,6518680.028306007,False,False,False
15468,125,92,12143,2526355.019140795,6510966.339236966,False,False,False
15469,125,93,12144,2525019.1532278573,6503259.424587082,False,False,False
15470,125,94,12145,2523686.393668963,6495559.267435475,False,False,False
15471,125,95,12146,2522356.730206423,6487865.850909711,False,False,False
15472,125,96,12147,2521030.1526279002,6480179.158185591,False,False,False
15473,125,97,12148,2519706.650766166,6472499.172486978,False,False,False
15474,125,98,12149,2518386.2144988505,6464825.877085609,True,False,False
15475,125,99,12150,2517068.833748205,6457159.255300916,True,True,False
15476,125,100,12151,2515754.498480859,6449499.290499837,True,False,False
15477,125,101,12152,2514443.1987075806,6441845.966096625,True,False,False
15478,125,102,12153,2513134.9244830366,6434199.265552695,False,False,False
15479,125,103,12154,2511829.665905559,6426559.172376405,False,False,False
15480,125,104,12155,2510527.4131169077,6418925.670122908,False,False,False
15481,125,105,12156,2509228.1563020376,6411298.742393954,False,False,False
15482,125,106,12157,2507931.885688867,6403678.372837714,False,False,False
15483,125,107,12158,2506638.591548046,6396064.545148604,True,False,False
15484,125,108,12159,2505348.264192728,6388457.243067115,False,False,False
15485,125,109,12160,2504060.8939783415,6380856.450379619,False,False,False
15486,125,110,12161,2502776.4713023654,6373262.150918213,False,False,False
15487,125,111,12162,2501494.9866040996,6365674.328560527,False,False,False
15488,125,112,12163,2500216.4303644486,6358092.96722956,True,False,False
15489,125,113,12164,2498940.7931056935,6350518.050893505,True,False,False
15490,125,114,12165,2497668.065391275,6342949.56356557,False,False,False
15491,125,115,12166,2496398.237825573,6335387.489303812,False,False,False
15492,125,116,12167,2495131.301053687,6327831.812210967,False,False,False
15493,125,117,12168,2493867.2457612245,6320282.516434268,False,False,False
15494,125,118,12169,2492606.0626740786,6312739.586165293,False,False,False
15495,125,119,12170,2492062.423733339,6307093.1835465375,False,False,False
15519,126,19,12171,2636379.039373474,7088137.216353154,False,False,False
15520,126,20,12172,2636890.2501069265,7082338.676843819,False,False,False
15521,126,21,12173,2637471.319923347,7074679.397520999,False,False,False
15522,126,22,12174,2636499.962498617,7066730.998026942,False,False,False
15523,126,23,12175,2634910.0677939598,7058509.518826957,False,False,False
15524,126,24,12176,2633324.1452943007,7050296.097354716,False,False,False
15525,126,25,12177,2631742.1807899447,7042090.7129092375,False,False,False
15526,126,26,12178,2630164.160138729,7033893.34485258,False,False,False
15527,126,27,12179,2628590.069265624,7025703.972609567,False,False,False
15528,126,28,12180,2627019.8941623527,7017522.575667569,False,False,False
15529,126,29,12181,2625453.620886993,7009349.1335762525,True,False,False
15530,126,30,12182,2623891.2355636,7001183.62594731,True,True,False
15531,126,31,12183,2622332.7243818175,6993026.032454265,False,False,False
15532,126,32,12184,2620778.073596503,6984876.332832197,False,False,False
15533,126,33,12185,2619227.269527347,6976734.506877501,False,False,False
15534,126,34,12186,2617680.2985584987,6968600.534447667,False,False,False
15535,126,35,12187,2616137.1471381965,6960474.3954610275,False,False,False
15536,126,36,12188,2614597.8017783947,6952356.069896533,False,False,False
15537,126,37,12189,2613062.2490543975,6944245.537793498,False,False,False
15538,126,38,12190,2611530.475604496,6936142.779251379,False,False,False
15539,126,39,12191,2610002.468129603,6928047.774429528,False,False,False
15540,126,40,12192,2608478.213392897,6919960.503546979,False,False,False
15541,126,41,12193,2606957.698219461,6911880.946882198,False,True,False
15542,126,42,12194,2605440.90949593,6903809.084772857,False,True,False
15543,126,43,12195,2603927.834170138,6895744.8976156,False,True,False
15544,126,44,12196,2602418.4592507696,6887688.365865818,True,True,False
15545,126,45,12197,2600912.771807007,6879639.4700374305,False,False,False
15546,126,46,12198,2599338.213893844,6871697.2378015965,False,False,False
15547,126,47,12199,2596295.594312974,6864938.1963725025,False,False,False
15548,126,48,12200,2593344.745480744,6859857.384565438,False,False,False
15550,126,50,12201,2592196.878367282,6837600.942903892,False,False,False
15551,126,51,12202,2591955.3675430953,6831505.365511137,False,False,False
15552,126,52,12203,2590475.135375893,6823509.380389772,False,False,False
15553,126,53,12204,2588998.489374853,6815520.877380545,False,False,False
15554,126,54,12205,2587525.4171384056,6807539.837513889,True,False,False
15555,126,55,12206,2586055.9063221277,6799566.241876504,False,True,False
15556,126,56,12207,2584589.944638427,6791600.071611158,False,False,False
15557,126,57,12208,2583127.519856215,6783641.307916464,False,False,False
15558,126,58,12209,2581668.619800593,6775689.932046671,False,False,False
15559,126,59,12210,2580213.2323525324,6767745.925311422,False,False,False
15560,126,60,12211,2578761.345448562,6759809.269075575,True,False,False
15561,126,61,12212,2577312.9470804567,6751879.944758961,False,False,False
15562,126,62,12213,2575868.025294924,6743957.933836183,False,False,False
15563,126,63,12214,2574426.5681933016,6736043.217836409,False,False,False
15564,126,64,12215,2572988.5639312416,6728135.778343142,False,False,False
15565,126,65,12216,2571554.0007184185,6720235.596994031,False,False,False
15566,126,66,12217,2570122.8668182194,6712342.655480644,False,False,False
15567,126,67,12218,2568695.150547443,6704456.935548266,False,False,False
15568,126,68,12219,2567270.8402760075,6696578.418995702,False,False,False
15569,126,69,12220,2565849.9244266506,6688707.087675045,False,False,False
15570,126,70,12221,2564432.3914746353,6680842.923491495,False,False,False
15571,126,71,12222,2563018.2299474585,6672985.908403135,True,False,False
15572,126,72,12223,2561607.4284245614,6665136.024420743,False,False,False
15573,126,73,12224,2560199.9755370403,6657293.253607573,False,False,False
15574,126,74,12225,2558795.8599673593,6649457.578079159,True,True,False
15575,126,75,12226,2557395.070449067,6641628.9800031185,True,True,False
15576,126,76,12227,2555997.5957665136,6633807.441598936,True,False,False
15577,126,77,12228,2554603.4247545716,6625992.945137786,False,False,False
15578,126,78,12229,2553212.54629835,6618185.472942307,False,False,False
15579,126,79,12230,2551824.9493329283,6610385.007386415,False,False,False
15580,126,80,12231,2550440.6228430695,6602591.530895128,False,False,False
15581,126,81,12232,2549059.555862956,6594805.025944328,False,False,False
15582,126,82,12233,2547681.73747591,6587025.475060577,False,False,False
15583,126,83,12234,2546307.15681413,6579252.860820953,False,False,False
15584,126,84,12235,2544935.8030584166,6571487.165852815,True,False,False
15585,126,85,12236,2543567.6654379126,6563728.372833633,True,False,False
15586,126,86,12237,2542202.733229831,6555976.4644907825,False,False,False
15587,126,87,12238,2540840.995759197,6548231.42360136,False,True,False
15588,126,88,12239,2539482.442398585,6540493.232991995,False,False,False
15589,126,89,12240,2538127.062567859,6532761.875538645,False,False,False
15590,126,90,12241,2536774.845733913,6525037.334166417,False,False,False
15591,126,91,12242,2535425.7814104175,6517319.591849379,False,False,False
15592,126,92,12243,2534079.8591575623,6509608.631610371,False,False,False
15593,126,93,12244,2532737.068581806,6501904.436520809,False,False,False
15594,126,94,12245,2531397.399335621,6494206.989700511,False,False,False
15595,126,95,12246,2530060.8411172475,6486516.274317501,False,False,False
15596,126,96,12247,2528727.3836704423,6478832.273587833,False,False,False
15597,126,97,12248,2527397.016784234,6471154.970775399,False,False,False
15598,126,98,12249,2526069.730292678,6463484.349191745,False,False,False
15599,126,99,12250,2524745.5140746105,6455820.3921959,True,False,False
15600,126,100,12251,2523424.35805341,6448163.083194179,True,True,False
15601,126,101,12252,2522106.252196755,6440512.405640018,True,False,False
15602,126,102,12253,2520791.186516386,6432868.3430337645,True,False,False
15603,126,103,12254,2519479.151067867,6425230.878922537,False,False,False
15604,126,104,12255,2518170.135950351,6417599.996900019,False,False,False
15605,126,105,12256,2516864.131306347,6409975.68060629,False,False,False
15606,126,106,12257,2515561.127321482,6402357.9137276355,True,False,False
15607,126,107,12258,2514261.1142242756,6394746.6799964,True,False,False
15608,126,108,12259,2512964.0822859076,6387141.963190777,False,False,False
15609,126,109,12260,2511670.02181999,6379543.747134651,False,False,False
15610,126,110,12261,2510378.9231823385,6371952.015697425,False,False,False
15611,126,111,12262,2509090.77677075,6364366.75279384,False,False,False
15612,126,112,12263,2507805.573024776,6356787.942383806,False,False,False
15613,126,113,12264,2506523.302425501,6349215.568472226,True,False,False
15614,126,114,12265,2505243.9554953226,6341649.615108815,False,False,False
15615,126,115,12266,2503967.522797728,6334090.066387965,False,False,False
15616,126,116,12267,2502693.9949370795,6326536.906448525,False,False,False
15617,126,117,12268,2501423.3625583956,6318990.119473671,False,False,False
15618,126,118,12269,2500155.616347134,6311449.689690719,False,False,False
15619,126,119,12270,2499280.6156081026,6304768.149236936,False,False,False
15645,127,21,12271,2641973.145713148,7070692.706489567,False,False,False
15646,127,22,12272,2642502.966088337,7064647.2436671145,False,False,False
15647,127,23,12273,2642865.5986667867,7056776.392929943,False,False,False
15648,127,24,12274,2641554.5997004276,7048721.277060145,False,False,False
15649,127,25,12275,2639964.590182001,7040519.364386818,False,False,False
15650,127,26,12276,2638378.542865509,7032325.455464616,False,False,False
15651,127,27,12277,2636796.4436191097,7024139.529778001,False,False,False
15652,127,28,12278,2635218.2783779223,7015961.566873612,False,False,False
15653,127,29,12279,2633644.0331436447,7007791.546360051,True,True,False
15654,127,30,12280,2632073.6939841644,6999629.447907609,True,True,False
15655,127,31,12281,2630507.247033174,6991475.251248054,False,False,False
15656,127,32,12282,2628944.6784897964,6983328.9361743815,False,False,False
15657,127,33,12283,2627385.9746181974,6975190.482540571,False,False,False
15658,127,34,12284,2625831.1217472176,6967059.870261351,False,False,False
15659,127,35,12285,2624280.106269994,6958937.079311974,False,False,False
15660,127,36,12286,2622732.9146435955,6950822.089727965,False,False,False
15661,127,37,12287,2621189.533388648,6942714.881604903,False,False,False
15662,127,38,12288,2619649.949088974,6934615.435098179,False,False,False
15663,127,39,12289,2618114.148391227,6926523.7304227585,False,True,False
15664,127,40,12290,2616582.1180045307,6918439.747852965,False,True,False
15665,127,41,12291,2615053.8447001255,6910363.467722238,False,True,False
15666,127,42,12292,2613529.315311003,6902294.870422905,False,False,False
15667,127,43,12293,2612008.5167315644,6894233.936405964,False,False,False
15668,127,44,12294,2610491.43591726,6886180.646180836,False,False,False
15669,127,45,12295,2608537.773551753,6878652.503252652,False,False,False
15670,127,46,12296,2605232.5115713337,6872625.5687353965,False,False,False
15674,127,50,12297,2597529.7625534246,6835031.503221247,False,False,False
15675,127,51,12298,2599539.3275400633,6829595.824002288,False,False,False
15676,127,52,12299,2598487.083475461,6822027.181121007,False,False,False
15677,127,53,12300,2597002.8854457424,6814041.817476614,False,False,False
15678,127,54,12301,2595522.2780180546,6806063.905882784,True,False,False
15679,127,55,12302,2594045.248796934,6798093.4274769705,False,True,False
15680,127,56,12303,2592571.7854439393,6790130.363452397,False,False,False
15681,127,57,12304,2591101.8756773286,6782174.695057843,False,False,False
15682,127,58,12305,2589635.507271742,6774226.403597443,False,False,False
15683,127,59,12306,2588172.66805788,6766285.470430453,True,False,False
15684,127,60,12307,2586713.345922195,6758351.876971048,True,False,False
15685,127,61,12308,2585257.52880657,6750425.604688118,False,False,False
15686,127,62,12309,2583805.204708016,6742506.635105038,False,False,False
15687,127,63,12310,2582356.3616783563,6734594.949799459,False,False,False
15688,127,64,12311,2580910.987823924,6726690.530403129,False,False,False
15689,127,65,12312,2579469.071305256,6718793.358601638,False,False,False
15690,127,66,12313,2578030.600336787,6710903.416134246,False,False,False
15691,127,67,12314,2576595.5631865547,6703020.684793664,False,False,False
15692,127,68,12315,2575163.948175896,6695145.146425845,False,False,False
15693,127,69,12316,2573735.7436791537,6687276.782929775,False,False,False
15694,127,70,12317,2572310.938123377,6679415.576257283,True,False,False
15695,127,71,12318,2570889.519988034,6671561.508412825,True,False,False
15696,127,72,12319,2569471.4778047153,6663714.561453283,False,False,False
15697,127,73,12320,2568056.80015685,6655874.717487773,True,False,False
15698,127,74,12321,2566645.4756794143,6648041.958677429,True,True,False
15699,127,75,12322,2565237.4930586503,6640216.267235207,False,True,False
15700,127,76,12323,2563832.8410317767,6632397.6254257,True,False,False
15701,127,77,12324,2562431.5083867125,6624586.015564916,True,False,False
15702,127,78,12325,2561033.483961796,6616781.420020091,False,False,False
15703,127,79,12326,2559638.7566455035,6608983.821209506,False,False,False
15704,127,80,12327,2558247.3153761774,6601193.201602267,False,False,False
15705,127,81,12328,2556859.149141752,6593409.543718118,False,False,False
15706,127,82,12329,2555474.246979475,6585632.83012726,False,False,False
15707,127,83,12330,2554092.597975645,6577863.04345013,False,False,False
15708,127,84,12331,2552714.1912653362,6570100.166357242,True,False,False
15709,127,85,12332,2551339.0160321323,6562344.18156896,False,False,False
15710,127,86,12333,2549967.061507865,6554595.0718553355,False,False,False
15711,127,87,12334,2548598.3169723446,6546852.820035892,False,True,False
15712,127,88,12335,2547232.7717531007,6539117.408979462,False,False,False
15713,127,89,12336,2545870.4152251217,6531388.821603979,False,False,False
15714,127,90,12337,2544511.236810597,6523667.040876289,False,False,False
15715,127,91,12338,2543155.225978656,6515952.04981197,False,False,False
15716,127,92,12339,2541802.372245119,6508243.831475146,False,False,False
15717,127,93,12340,2540452.665172237,6500542.368978298,False,False,False
15718,127,94,12341,2539106.0943684443,6492847.645482083,False,False,False
15719,127,95,12342,2537762.649488104,6485159.644195135,False,False,False
15720,127,96,12343,2536422.3202312635,6477478.348373904,False,False,False
15721,127,97,12344,2535085.0963434037,6469803.741322457,False,False,False
15722,127,98,12345,2533750.9676151937,6462135.806392294,False,False,False
15723,127,99,12346,2532419.92388225,6454474.526982188,False,False,False
15724,127,100,12347,2531091.95502489,6446819.886537977,True,True,False
15725,127,101,12348,2529767.050967891,6439171.868552399,False,True,False
15726,127,102,12349,2528445.2016802537,6431530.456564913,True,False,False
15727,127,103,12350,2527126.397174963,6423895.634161523,False,False,False
15728,127,104,12351,2525810.6275087493,6416267.38497458,False,False,False
15729,127,105,12352,2524497.882781857,6408645.692682635,True,False,False
15730,127,106,12353,2523188.153137809,6401030.541010246,True,False,False
15731,127,107,12354,2521881.428763176,6393421.913727801,False,False,False
15732,127,108,12355,2520577.699887342,6385819.7946513435,False,False,False
15733,127,109,12356,2519276.9567822833,6378224.16764242,False,False,False
15734,127,110,12357,2517979.189762333,6370635.016607867,False,False,False
15735,127,111,12358,2516684.389183959,6363052.325499674,False,False,False
15736,127,112,12359,2515392.5454455386,6355476.078314797,False,False,False
15737,127,113,12360,2514103.6489871326,6347906.259094982,True,False,False
15738,127,114,12361,2512817.6902902704,6340342.851926606,False,False,False
15739,127,115,12362,2511534.65987772,6332785.840940506,False,False,False
15740,127,116,12363,2510254.548313277,6325235.2103117965,False,False,False
15741,127,117,12364,2508977.3462015423,6317690.944259723,False,False,False
15742,127,118,12365,2507703.044187707,6310153.02704747,False,False,False
15743,127,119,12366,2506496.258111476,6302677.6279073935,False,False,False
15744,127,120,12367,2507871.0558399847,6298023.4949737005,False,False,False
15771,128,23,12368,2647546.109582327,7053283.067707086,False,False,False
15772,128,24,12369,2648114.408553815,7046759.93648874,False,False,False
15773,128,25,12370,2648113.033927302,7038895.988074256,False,False,False
15774,128,26,12371,2646589.9553850917,7030749.5275388,False,False,False
15775,128,27,12372,2644999.85885933,7022567.06436735,False,False,False
15776,128,28,12373,2643413.714521677,7014392.551408797,False,False,False
15777,128,29,12374,2641831.5083177527,7006225.968330864,True,False,False
15778,128,30,12375,2640253.2262595817,6998067.29486263,False,True,False
15779,128,31,12376,2638678.8544252096,6989916.510794297,False,False,False
15780,128,32,12377,2637108.378958319,6981773.595976971,False,False,False
15781,128,33,12378,2635541.7860678523,6973638.530322393,False,False,False
15782,128,34,12379,2633979.0620276337,6965511.293802729,False,False,False
15783,128,35,12380,2632420.1931759967,6957391.866450329,False,True,False
15784,128,36,12381,2630865.1659154124,6949280.228357498,False,True,False
15785,128,37,12382,2629313.966712119,6941176.359676248,False,True,False
15786,128,38,12383,2627766.582095759,6933080.240618095,False,True,False
15787,128,39,12384,2626222.99865901,6924991.851453802,False,True,False
15788,128,40,12385,2624683.2030572277,6916911.172513164,False,False,False
15789,128,41,12386,2623147.182008086,6908838.184184781,False,False,False
15790,128,42,12387,2621614.922291219,6900772.866915816,False,False,False
15791,128,43,12388,2620080.2050212766,6892724.130824486,False,False,False
15792,128,44,12389,2617354.2204197096,6885726.936376469,False,False,False
15793,128,45,12390,2614234.871671897,6880391.081144075,False,False,False
15799,128,51,12391,2606453.224358468,6826364.254038329,False,False,False
15800,128,52,12392,2606496.3335174625,6820537.342302015,False,False,False
15801,128,53,12393,2605004.5932825683,6812555.132727376,False,False,False
15802,128,54,12394,2603516.4604419665,6804580.364065494,True,True,False
15803,128,55,12395,2602031.922549411,6796613.01750474,False,True,False
15804,128,56,12396,2600550.967215866,6788653.07428896,False,False,False
15805,128,57,12397,2599073.5821091887,6780700.515717283,False,False,False
15806,128,58,12398,2597599.754953808,6772755.323143894,False,False,False
15807,128,59,12399,2596129.473530406,6764817.47797783,True,False,False
15808,128,60,12400,2594662.725675601,6756886.961682761,False,False,False
15809,128,61,12401,2593199.4992816364,6748963.755776787,False,False,False
15810,128,62,12402,2591739.7822960657,6741047.841832226,False,False,False
15811,128,63,12403,2590283.5627214466,6733139.201475401,False,False,False
15812,128,64,12404,2588830.8286150293,6725237.816386441,False,False,False
15813,128,65,12405,2587381.5680884533,6717343.668299071,False,False,False
15814,128,66,12406,2585935.769307444,6709456.739000389,False,False,False
15815,128,67,12407,2584493.42049151,6701577.010330697,True,False,False
15816,128,68,12408,2583054.509913644,6693704.464183259,True,False,False
15817,128,69,12409,2581619.0259000235,6685839.0825041225,True,False,False
15818,128,70,12410,2580186.956829721,6677980.847291909,True,False,False
15819,128,71,12411,2578758.2911344017,6670129.740597598,False,False,False
15820,128,72,12412,2577333.017298038,6662285.744524351,False,False,False
15821,128,73,12413,2575911.1238566195,6654448.841227291,True,False,False
15822,128,74,12414,2574492.5993978577,6646619.012913315,False,True,False
15823,128,75,12415,2573077.432560911,6638796.241840891,False,False,False
15824,128,76,12416,2571665.612036093,6630980.510319854,False,False,False
15825,128,77,12417,2570257.1265645903,6623171.800711218,True,False,False
15826,128,78,12418,2568851.9649381875,6615370.0954269795,False,False,False
15827,128,79,12419,2567450.1159989806,6607575.37692992,False,False,False
15828,128,80,12420,2566051.568639107,6599787.627733402,False,False,False
15829,128,81,12421,2564656.3118004673,6592006.830401195,False,False,False
15830,128,82,12422,2563264.33447445,6584232.967547263,False,False,False
15831,128,83,12423,2561875.6257016663,6576466.0218355935,False,False,False
15832,128,84,12424,2560490.174571674,6568705.9759799745,True,True,False
15833,128,85,12425,2559107.9702227125,6560952.812743836,False,True,False
15834,128,86,12426,2557729.0018414357,6553206.514940051,False,True,False
15835,128,87,12427,2556353.2586626485,6545467.065430728,False,True,False
15836,128,88,12428,2554980.7299690424,6537734.447127045,False,False,False
15837,128,89,12429,2553611.4050909355,6530008.642989054,False,False,False
15838,128,90,12430,2552245.273406014,6522289.636025498,False,False,False
15839,128,91,12431,2550882.3243390718,6514577.409293612,False,False,False
15840,128,92,12432,2549522.5473617567,6506871.945898957,False,False,False
15841,128,93,12433,2548165.9319923124,6499173.228995225,False,False,False
15842,128,94,12434,2546812.4677953334,6491481.241784041,False,False,False
15843,128,95,12435,2545462.1443815045,6483795.967514816,False,False,False
15844,128,96,12436,2544114.9514073576,6476117.38948453,False,False,False
15845,128,97,12437,2542770.87857502,6468445.491037573,False,False,False
15846,128,98,12438,2541429.9156319727,6460780.255565545,False,False,False
15847,128,99,12439,2540092.0523707974,6453121.666507101,False,True,False
15848,128,100,12440,2538757.278628944,6445469.707347748,True,True,False
15849,128,101,12441,2537425.5842884784,6437824.361619672,True,True,False
15850,128,102,12442,2536096.9592758506,6430185.612901579,True,False,False
15851,128,103,12443,2534771.393561651,6422553.444818493,True,False,False
15852,128,104,12444,2533448.8771603755,6414927.841041594,True,True,False
15853,128,105,12445,2532129.400130189,6407308.7852880275,True,True,False
15854,128,106,12446,2530812.9525726927,6399696.261320759,False,False,False
15855,128,107,12447,2529499.5246326877,6392090.252948374,False,False,False
15856,128,108,12448,2528189.106497951,6384490.744024903,False,False,False
15857,128,109,12449,2526881.6883989973,6376897.71844967,False,False,False
15858,128,110,12450,2524904.472317303,6369976.10466233,False,False,False
15859,128,111,12451,2522883.999976484,6361571.240647782,False,False,False
15860,128,112,12452,2522823.843120881,6354073.670901285,True,False,False
15861,128,113,12453,2521681.8224545736,6346590.129192755,True,False,False
15862,128,114,12454,2520389.2594723557,6339029.280421362,False,False,False
15863,128,115,12455,2519099.6387939197,6331474.819335453,False,False,False
15864,128,116,12456,2517812.950942665,6323926.730146549,False,False,False
15865,128,117,12457,2516529.186482948,6316384.997110083,False,False,False
15866,128,118,12458,2515248.3360198624,6308849.604525254,False,False,False
15867,128,119,12459,2513970.3901990275,6301320.536734861,False,False,False
15868,128,120,12460,2513658.6788684693,6296147.760462665,False,False,False
15897,129,25,12461,2653098.0987836844,7035908.119630906,False,False,False
15898,129,26,12462,2653711.849241657,7028816.545897038,False,False,False
15899,129,27,12463,2653200.3014118,7020986.58599933,False,False,False
15900,129,28,12464,2651606.1890635095,7012815.538848473,False,False,False
15901,129,29,12465,2650016.0329234186,7004652.409017937,True,True,False
15902,129,30,12466,2648429.818947996,6996497.176295783,False,True,False
15903,129,31,12467,2646847.5331599377,6988349.820530845,False,False,False
15904,129,32,12468,2645269.161647791,6980210.321632509,False,False,False
15905,129,33,12469,2643694.69056557,6972078.65957048,False,False,False
15906,129,34,12470,2642124.1061323807,6963954.81437454,False,True,False
15907,129,35,12471,2640557.3946320442,6955838.766134325,False,True,False
15908,129,36,12472,2638994.5424127295,6947730.494999096,False,False,False
15909,129,37,12473,2637435.5358865764,6939629.9811775,False,False,False
15910,129,38,12474,2635880.3615293317,6931537.204937344,False,False,False
15911,129,39,12475,2634329.0058799875,6923452.146605378,False,False,False
15912,129,40,12476,2632781.455540414,6915374.786567052,False,False,False
15913,129,41,12477,2631237.6971750017,6907305.105266304,False,False,False
15914,129,42,12478,2629465.4852295667,6899540.850776353,False,False,False
15915,129,43,12479,2626189.6890516533,6893158.712240964,False,False,False
15923,129,51,12480,2611572.015648258,6823887.4088398665,False,False,False
15924,129,52,12481,2613913.41731058,6818379.0523925405,False,False,False
15925,129,53,12482,2613003.600411436,6811060.831632149,True,True,False
15926,129,54,12483,2611507.9519764455,6803089.220521422,True,True,False
15927,129,55,12484,2610015.915185907,6795125.020379525,False,True,False
15928,129,56,12485,2608527.477600447,6787168.212501103,False,False,False
15929,129,57,12486,2607042.626837777,6779218.778235801,False,False,False
15930,129,58,12487,2605561.350572366,6771276.698988028,False,False,False
15931,129,59,12488,2604083.636535125,6763341.956216763,True,False,False
15932,129,60,12489,2602609.472513091,6755414.531435336,False,False,False
15933,129,61,12490,2601138.8463491104,6747494.4062112365,False,False,False
15934,129,62,12491,2599671.7459415286,6739581.562165882,False,False,False
15935,129,63,12492,2598208.1592438766,6731675.980974435,False,False,False
15936,129,64,12493,2596748.074264566,6723777.644365573,False,False,False
15937,129,65,12494,2595291.4790665805,6715886.534121307,False,False,False
15938,129,66,12495,2593838.3617671723,6708002.632076754,True,False,False
15939,129,67,12496,2592388.7105375594,6700125.920119957,True,False,False
15940,129,68,12497,2590942.513602624,6692256.380191667,False,False,False
15941,129,69,12498,2589499.759240619,6684393.994285141,False,False,False
15942,129,70,12499,2588060.4357828638,6676538.744445951,False,False,False
15943,129,71,12500,2586624.5316134566,6668690.612771776,False,False,False
15944,129,72,12501,2585192.0351689802,6660849.581412197,False,False,False
15945,129,73,12502,2583762.93493821,6653015.632568523,True,False,False
15946,129,74,12503,2582337.219461824,6645188.74849356,False,True,False
15947,129,75,12504,2580914.8773321197,6637368.911491438,False,True,False
15948,129,76,12505,2579495.8971927282,6629556.103917403,False,True,False
15949,129,77,12506,2578080.267738328,6621750.308177635,True,True,False
15950,129,78,12507,2576667.9777143667,6613951.506729033,True,True,False
15951,129,79,12508,2575259.0159167824,6606159.68207903,True,True,False
15952,129,80,12509,2573853.3711917237,6598374.816785421,True,True,False
15953,129,81,12510,2572451.0324352733,6590596.893456135,False,True,False
15954,129,82,12511,2571051.9885931783,6582825.8947490705,False,True,False
15955,129,83,12512,2569656.228660574,6575061.803371885,True,True,False
15956,129,84,12513,2568263.741681713,6567304.602081827,True,True,False
15957,129,85,12514,2566874.516749702,6559554.273685529,False,False,False
15958,129,86,12515,2565488.543006228,6551810.801038826,False,False,False
15959,129,87,12516,2564105.8096412956,6544074.167046573,False,True,False
15960,129,88,12517,2562726.305892967,6536344.354662438,False,True,False
15961,129,89,12518,2561350.0210470953,6528621.346888753,False,False,False
15962,129,90,12519,2559976.9444370656,6520905.126776289,False,False,False
15963,129,91,12520,2558607.0654435395,6513195.677424093,False,False,False
15964,129,92,12521,2557240.373494194,6505492.981979301,False,False,False
15965,129,93,12522,2555876.8580634687,6497797.023636963,False,False,False
15966,129,94,12523,2554516.508672313,6490107.7856398355,False,False,False
15967,129,95,12524,2553159.314887932,6482425.251278226,False,False,False
15968,129,96,12525,2551805.2663235394,6474749.40388981,False,False,False
15969,129,97,12526,2550454.352638103,6467080.226859427,False,False,False
15970,129,98,12527,2549106.5635361066,6459417.7036189325,False,True,False
15971,129,99,12528,2547761.8887672955,6451761.817647,False,True,False
15972,129,100,12529,2546420.318126438,6444112.55246894,True,False,False
15973,129,101,12530,2545081.841453084,6436469.891656548,True,True,False
15974,129,102,12531,2543746.448631316,6428833.818827895,True,True,False
15975,129,103,12532,2542414.1295895213,6421204.3176471805,True,True,False
15976,129,104,12533,2541084.874300146,6413581.371824536,True,True,False
15977,129,105,12534,2539758.672779462,6405964.965115861,True,True,False
15978,129,106,12535,2538435.5150873302,6398355.081322658,False,False,False
15979,129,107,12536,2537115.3913269704,6390751.704291839,True,True,False
15980,129,108,12537,2535687.2431701235,6383298.014079027,True,False,False
15981,129,109,12538,2532831.618379589,6376865.427330176,True,False,False
15982,129,110,12539,2530212.465938946,6372029.348102219,False,False,False
15984,129,112,12540,2526906.4471477964,6351014.6828921195,False,False,False
15985,129,113,12541,2527044.234270257,6345038.954871672,False,False,False
15986,129,114,12542,2527217.9257651856,6337522.792246161,False,False,False
15987,129,115,12543,2526662.4160738015,6330156.98467381,False,False,False
15988,129,116,12544,2525369.1926106107,6322611.47232574,False,False,False
15989,129,117,12545,2524078.873219744,6315072.284369515,False,False,False
15990,129,118,12546,2522791.481692378,6307539.428440785,False,False,False
15991,129,119,12547,2521507.0086343526,6300012.888918298,False,False,False
15992,129,120,12548,2520756.6073523094,6293841.301282472,False,False,False
16022,130,26,12549,2658133.998377835,7024320.306405206,False,False,False
16023,130,27,12550,2658629.405922572,7018566.214601518,False,False,False
16024,130,28,12551,2658985.878546893,7011080.613691746,False,False,False
16025,130,29,12552,2658174.200551989,7003056.944265676,True,True,False
16026,130,30,12553,2656603.4586480143,6994919.101728278,False,False,False
16027,130,31,12554,2655013.269879606,6986775.189933187,False,False,False
16028,130,32,12555,2653427.0132439313,6978639.122571049,False,False,False
16029,130,33,12556,2651844.6748403776,6970510.879669701,False,True,False
16030,130,34,12557,2650266.240833628,6962390.44131673,False,True,False
16031,130,35,12558,2648691.6974532884,6954277.7876592465,False,True,False
16032,130,36,12559,2647121.030993514,6946172.89890365,False,False,False
16033,130,37,12560,2645554.227812639,6938075.75531539,False,False,False
16034,130,38,12561,2643991.2743328055,6929986.337218772,False,False,False
16035,130,39,12562,2642432.157039604,6921904.624996693,False,False,False
16036,130,40,12563,2640876.862481706,6913830.599090445,False,False,False
16037,130,41,12564,2638538.854618506,6906577.509325268,False,False,False
16038,130,42,12565,2635237.5608011577,6900919.063210371,False,False,False
16048,130,52,12566,2620519.567236531,6815192.9499724405,True,False,False
16049,130,53,12567,2620995.5034992564,6809555.874149625,True,True,False
16050,130,54,12568,2619496.740223043,6801590.483744374,False,True,False
16051,130,55,12569,2617997.214347819,6793629.444555312,False,False,False
16052,130,56,12570,2616501.3042787765,6785675.786503225,False,False,False
16053,130,57,12571,2615008.9975837325,6777729.490988422,False,False,False
16054,130,58,12572,2613520.2818874507,6769790.53946572,False,False,False
16055,130,59,12573,2612035.1448713215,6761858.913444195,True,False,False
16056,130,60,12574,2610553.574273049,6753934.594487018,False,False,False
16057,130,61,12575,2609075.5578863323,6746017.564211216,False,False,False
16058,130,62,12576,2607601.08356055,6738107.804287485,False,False,False
16059,130,63,12577,2606130.1392004546,6730205.296439977,False,False,False
16060,130,64,12578,2604662.712765861,6722310.022446094,False,False,False
16061,130,65,12579,2603198.7922713365,6714421.964136286,True,False,False
16062,130,66,12580,2601738.365785899,6706541.10339386,True,False,False
16063,130,67,12581,2600281.421432715,6698667.422154756,False,False,False
16064,130,68,12582,2598827.947388794,6690800.902407369,False,False,False
16065,130,69,12583,2597377.9318846925,6682941.52619233,False,False,False
16066,130,70,12584,2595931.363204217,6675089.275602324,False,False,False
16067,130,71,12585,2594488.2296841294,6667244.132781878,False,False,False
16068,130,72,12586,2593048.5197138484,6659406.079927164,False,False,False
16069,130,73,12587,2591612.221735168,6651575.099285819,True,False,False
16070,130,74,12588,2590179.3242419567,6643751.173156727,False,True,False
16071,130,75,12589,2588749.815779879,6635934.283889831,False,False,False
16072,130,76,12590,2587323.6849461063,6628124.413885947,False,False,False
16073,130,77,12591,2585900.9203890306,6620321.545596564,False,True,False
16074,130,78,12592,2584481.510807988,6612525.661523641,True,True,False
16075,130,79,12593,2583065.444952974,6604736.744219441,True,True,False
16076,130,80,12594,2581652.711624367,6596954.77628631,True,False,False
16077,130,81,12595,2580243.2996726525,6589179.740376506,True,False,False
16078,130,82,12596,2578837.197998146,6581411.619192006,False,False,False
16079,130,83,12597,2577434.3955507246,6573650.395484296,True,True,False
16080,130,84,12598,2576034.881329549,6565896.052054231,False,True,False
16081,130,85,12599,2574638.6443828014,6558148.571751793,False,False,False
16082,130,86,12600,2573245.6738074124,6550407.93747594,False,False,False
16083,130,87,12601,2571855.958748799,6542674.132174405,False,False,False
16084,130,88,12602,2570469.488400596,6534947.138843514,False,True,False
16085,130,89,12603,2569086.2520043994,6527226.940528,False,True,False
16086,130,90,12604,2567706.2388494997,6519513.520320823,False,False,False
16087,130,91,12605,2566329.4382726257,6511806.861362991,False,False,False
16088,130,92,12606,2564955.839657689,6504106.946843361,False,False,False
16089,130,93,12607,2563585.4324355223,6496413.759998476,False,False,False
16090,130,94,12608,2562218.206083633,6488727.284112376,False,False,False
16091,130,95,12609,2560854.1501259417,6481047.502516413,False,False,False
16092,130,96,12610,2559493.2541325395,6473374.398589082,False,False,False
16093,130,97,12611,2558135.5077194353,6465707.955755838,False,True,False
16094,130,98,12612,2556780.9005483063,6458048.157488912,False,True,False
16095,130,99,12613,2555429.422326254,6450394.987307147,False,False,False
16096,130,100,12614,2554081.062805561,6442748.428775809,True,False,False
16097,130,101,12615,2552735.811783444,6435108.465506419,True,False,False
16098,130,102,12616,2551393.659101816,6427475.081156577,False,False,False
16099,130,103,12617,2550054.594647044,6419848.259429773,False,False,False
16100,130,104,12618,2548718.608349713,6412227.984075248,True,True,False
16101,130,105,12619,2547385.6901843855,6404614.238887786,True,False,False
16102,130,106,12620,2546055.8301693713,6397007.007707555,False,False,False
16103,130,107,12621,2544099.861677006,6390044.032965623,False,True,False
16104,130,108,12622,2541094.963640321,6384416.976866777,False,True,False
16111,130,115,12623,2531201.96507732,6328050.778149299,False,False,False
16112,130,116,12624,2531359.647798221,6321130.357645506,False,False,False
16113,130,117,12625,2531384.049476731,6313633.666063701,False,False,False
16114,130,118,12626,2530332.4710788406,6306222.505137644,False,False,False
16115,130,119,12627,2529041.478168303,6298698.505847899,False,False,False
16116,130,120,12628,2527998.9783013533,6291498.633328777,False,False,False
16117,130,121,12629,2530433.446754159,6286719.638712874,False,False,False
16149,131,29,12630,2662457.790266514,7000268.010815145,False,False,False
16150,131,30,12631,2661977.2994950856,6993334.753733479,False,False,False
16151,131,31,12632,2661416.6845511748,6985228.354658495,False,False,False
16152,131,32,12633,2660848.1974118,6976989.334492138,False,False,False
16153,131,33,12634,2659966.9453715705,6968920.505617325,False,True,False
16154,131,34,12635,2658405.4529432086,6960818.184006244,False,False,False
16155,131,35,12636,2656823.088494311,6952708.9403572325,False,False,False
16156,131,36,12637,2655244.618554937,6944607.449358743,False,False,False
16157,131,37,12638,2653670.029429908,6936513.691333226,False,False,False
16158,131,38,12639,2652099.307488051,6928427.646661642,False,False,False
16159,131,39,12640,2650442.470012023,6920472.72270601,False,False,False
16160,131,40,12641,2647290.8456399897,6913738.223101686,False,False,False
16161,131,41,12642,2644303.802840421,6908676.123187656,False,False,False
16173,131,53,12643,2628265.944034176,6807074.200705692,True,True,False
16174,131,54,12644,2627482.812818683,6800084.162262391,False,False,False
16175,131,55,12645,2625975.8077117163,6792126.298520196,False,False,False
16176,131,56,12646,2624472.4349669185,6784175.804743679,False,False,False
16177,131,57,12647,2622972.682102469,6776232.662384006,False,False,False
16178,131,58,12648,2621476.5366936764,6768296.852946541,False,False,False
16179,131,59,12649,2619983.9863726646,6760368.357990648,True,False,False
16180,131,60,12650,2618495.0188280535,6752447.159129481,False,False,False
16181,131,61,12651,2617009.6218046383,6744533.238029786,False,False,False
16182,131,62,12652,2615527.783103085,6736626.57641169,False,False,False
16183,131,63,12653,2614049.4905796093,6728727.156048501,False,False,False
16184,131,64,12654,2612574.732145669,6720834.958766502,True,False,False
16185,131,65,12655,2611103.4957676604,6712949.966444753,True,False,False
16186,131,66,12656,2609635.769466608,6705072.161014897,False,False,False
16187,131,67,12657,2608171.54131786,6697201.524460945,False,False,False
16188,131,68,12658,2606710.7994507933,6689338.038819089,False,False,False
16189,131,69,12659,2605253.532048506,6681481.68617749,False,False,False
16190,131,70,12660,2603799.727347521,6673632.448676108,False,False,False
16191,131,71,12661,2602349.3736374946,6665790.308506475,False,False,False
16192,131,72,12662,2600902.4592609187,6657955.247911515,False,False,False
16193,131,73,12663,2599458.972612828,6650127.249185338,True,False,False
16194,131,74,12664,2598018.902140513,6642306.294673061,False,True,False
16195,131,75,12665,2596582.236343231,6634492.366770609,False,False,False
16196,131,76,12666,2595148.963771917,6626685.447924511,False,False,False
16197,131,77,12667,2593719.0730289016,6618885.520631716,False,False,False
16198,131,78,12668,2592292.552767629,6611092.567439413,False,False,False
16199,131,79,12669,2590869.3916923725,6603306.570944822,False,False,False
16200,131,80,12670,2589449.578557961,6595527.513795009,False,False,False
16201,131,81,12671,2588033.1021694983,6587755.3786867075,True,False,False
16202,131,82,12672,2586619.951382087,6579990.148366117,True,True,False
16203,131,83,12673,2585210.115100556,6572231.805628721,True,True,False
16204,131,84,12674,2583803.582279191,6564480.333319105,False,False,False
16205,131,85,12675,2582400.3419214613,6556735.714330764,False,False,False
16206,131,86,12676,2581000.383079751,6548997.931605923,False,False,False
16207,131,87,12677,2579603.6948550963,6541266.968135336,False,False,False
16208,131,88,12678,2578210.2663969165,6533542.806958137,False,False,False
16209,131,89,12679,2576820.086902754,6525825.4311616095,False,True,False
16210,131,90,12680,2575433.1456180103,6518114.823881055,False,True,False
16211,131,91,12681,2574049.4318356873,6510410.968299565,False,False,False
16212,131,92,12682,2572668.93489613,6502713.84764788,False,False,False
16213,131,93,12683,2571291.6441867687,6495023.445204174,False,False,False
16214,131,94,12684,2569917.5491418648,6487339.7442939095,False,False,False
16215,131,95,12685,2568546.6392422565,6479662.728289628,False,False,False
16216,131,96,12686,2567178.9040151103,6471992.380610794,False,True,False
16217,131,97,12687,2565814.333033668,6464328.6847236,False,True,False
16218,131,98,12688,2564452.9159169975,6456671.624140817,False,False,False
16219,131,99,12689,2563094.642329751,6449021.182421584,False,False,False
16220,131,100,12690,2561739.5019819145,6441377.343171261,True,False,False
16221,131,101,12691,2560387.484628567,6433740.090041238,True,False,False
16222,131,102,12692,2559038.580069638,6426109.40672877,False,False,False
16223,131,103,12693,2557692.7781496653,6418485.276976803,False,False,False
16224,131,104,12694,2556350.0687575587,6410867.684573798,True,True,False
16225,131,105,12695,2554915.5298181605,6403380.721048461,False,False,False
16226,131,106,12696,2552068.827566443,6396911.206068677,False,False,False
16227,131,107,12697,2549416.319132839,6392043.6756936265,False,False,False
16237,131,117,12698,2535362.8713352582,6310337.419165486,False,False,False
16238,131,118,12699,2535491.21300535,6304625.06471428,False,False,False
16239,131,119,12700,2535658.3152201395,6297204.409241951,False,False,False
16240,131,120,12701,2535265.716163332,6289853.298150012,False,False,False
16241,131,121,12702,2535426.024928444,6285086.966190223,False,False,False
16277,132,33,12703,2664226.4513586033,6966127.213156165,False,False,False
16278,132,34,12704,2663750.01882373,6959238.616327999,False,False,False
16279,132,35,12705,2663193.03110676,6951168.4113966245,False,False,False
16280,132,36,12706,2662628.120525423,6942964.713318535,False,False,False
16281,132,37,12707,2661756.727879476,6934928.331854321,False,False,False
16282,132,38,12708,2659722.90222499,6927425.43492624,False,False,False
16283,132,39,12709,2656353.567606222,6921440.723229028,False,False,False
16297,132,53,12710,2634300.8118088506,6804133.464877498,False,False,False
16298,132,54,12711,2634153.555309656,6798638.7647433905,False,False,False
16299,132,55,12712,2633353.3475715,6790586.101648919,False,False,False
16300,132,56,12713,2632399.208463831,6782645.788384517,False,False,False
16301,132,57,12714,2630933.66818429,6774728.300865062,False,False,False
16302,132,58,12715,2629430.1028203517,6766795.6478336,False,False,False
16303,132,59,12716,2627930.148907321,6758870.298220039,True,False,False
16304,132,60,12717,2626433.794084982,6750952.233687683,False,False,False
16305,132,61,12718,2624941.026049482,6743041.435953157,False,False,False
16306,132,62,12719,2623451.8325530123,6735137.886786172,False,False,False
16307,132,63,12720,2621966.2014034986,6727241.568009366,False,False,False
16308,132,64,12721,2620484.12046429,6719352.461498057,True,False,False
16309,132,65,12722,2619005.577653851,6711470.549180077,False,False,False
16310,132,66,12723,2617530.560945451,6703595.813035569,False,False,False
16311,132,67,12724,2616059.0583668654,6695728.23509676,False,False,False
16312,132,68,12725,2614591.0580000696,6687867.797447804,False,False,False
16313,132,69,12726,2613126.5479809395,6680014.482224558,False,False,False
16314,132,70,12727,2611665.5164989512,6672168.271614402,False,False,False
16315,132,71,12728,2610207.951796889,6664329.147856032,False,False,False
16316,132,72,12729,2608753.842170543,6656497.093239267,False,False,False
16317,132,73,12730,2607303.1759684267,6648672.090104869,True,True,False
16318,132,74,12731,2605855.941591476,6640854.120844334,False,True,False
16319,132,75,12732,2604412.1274927673,6633043.1678997055,False,False,False
16320,132,76,12733,2602971.722177226,6625239.213763395,False,False,False
16321,132,77,12734,2601534.7142013432,6617442.240977972,False,False,False
16322,132,78,12735,2600101.092172895,6609652.232135982,False,False,False
16323,132,79,12736,2598670.8447506544,6601869.169879764,False,False,False
16324,132,80,12737,2597243.960644118,6594093.036901261,False,False,False
16325,132,81,12738,2595820.4286132264,6586323.815941818,False,False,False
16326,132,82,12739,2594400.237468085,6578561.48979202,True,True,False
16327,132,83,12740,2592983.3760686927,6570806.041291489,True,True,False
16328,132,84,12741,2591569.833324671,6563057.453328696,False,False,False
16329,132,85,12742,2590159.5981949894,6555315.708840784,False,False,False
16330,132,86,12743,2588752.6596876965,6547580.790813398,False,False,False
16331,132,87,12744,2587349.006859659,6539852.682280466,False,False,False
16332,132,88,12745,2585948.6288162866,6532131.36632406,False,False,False
16333,132,89,12746,2584551.5147112757,6524416.826074174,False,False,False
16334,132,90,12747,2583157.653746345,6516709.044708576,False,True,False
16335,132,91,12748,2581767.0351709733,6509008.00545261,False,False,False
16336,132,92,12749,2580379.6482821433,6501313.691579018,False,False,False
16337,132,93,12750,2578995.482424081,6493626.086407772,False,False,False
16338,132,94,12751,2577614.526988006,6485945.1733058775,False,False,False
16339,132,95,12752,2576236.771411873,6478270.935687216,False,True,False
16340,132,96,12753,2574862.2051801183,6470603.357012361,False,True,False
16341,132,97,12754,2573490.817823416,6462942.4207883915,False,False,False
16342,132,98,12755,2572122.598918421,6455288.1105687395,False,False,False
16343,132,99,12756,2570757.5380875273,6447640.4099529935,False,False,False
16344,132,100,12757,2569395.6249986193,6439999.302586736,True,False,False
16345,132,101,12758,2568036.849364829,6432364.772161372,False,False,False
16346,132,102,12759,2566681.200944291,6424736.80241395,False,False,False
16347,132,103,12760,2565328.6695399056,6417115.377127,False,True,False
16348,132,104,12761,2563391.7182251513,6410110.385867394,True,False,False
16349,132,105,12762,2560357.152179077,6404432.844601576,False,False,False
16364,132,120,12763,2539624.296501549,6287478.647488438,False,False,False
16365,132,121,12764,2539851.716882112,6283482.01955633,False,False,False
16405,133,37,12765,2665992.438512063,6932130.702710105,False,False,False
16406,133,38,12766,2665459.663836704,6929189.50744106,False,False,False
16424,133,56,12767,2636328.029007563,6779670.140555171,False,False,False
16425,133,57,12768,2635688.8360250266,6773243.394139202,False,False,False
16426,133,58,12769,2634914.152375944,6765441.372739637,False,False,False
16427,133,59,12770,2634125.2574075395,6757481.535004532,False,False,False
16428,133,60,12771,2633333.9933641492,6749482.8327050675,False,False,False
16429,133,61,12772,2632542.003810012,6741473.580747203,False,False,False
16430,133,62,12773,2631373.2199282385,6733641.743691449,False,False,False
16431,133,63,12774,2629880.259728125,6725748.540564648,True,False,False
16432,133,64,12775,2628390.865815677,6717862.538844613,True,False,False
16433,133,65,12776,2626905.026061669,6709983.720508112,False,True,False
16434,133,66,12777,2625422.728391862,6702112.067583916,False,True,False
16435,133,67,12778,2623943.9607866933,6694247.562152659,False,True,False
16436,133,68,12779,2622468.711280975,6686390.186346602,False,False,False
16437,133,69,12780,2620996.967963599,6678539.922349446,False,False,False
16438,133,70,12781,2619528.7189772287,6670696.752396149,False,False,False
16439,133,71,12782,2618063.9525180086,6662860.65877273,False,False,False
16440,133,72,12783,2616602.656835263,6655031.623816065,False,True,False
16441,133,73,12784,2615144.820231208,6647209.629913703,True,True,False
16442,133,74,12785,2613690.4310606574,6639394.65950368,False,False,False
16443,133,75,12786,2612239.4777307324,6631586.695074316,False,False,False
16444,133,76,12787,2610791.9487005756,6623785.719164048,False,False,False
16445,133,77,12788,2609347.832481064,6615991.7143612085,False,False,False
16446,133,78,12789,2607907.1176345255,6608204.663303871,False,False,False
16447,133,79,12790,2606469.7927744566,6600424.548679632,False,False,False
16448,133,80,12791,2605035.8465652405,6592651.353225458,False,False,False
16449,133,81,12792,2603605.2677218723,6584885.0597274685,False,False,False
16450,133,82,12793,2602178.045009679,6577125.651020763,False,False,False
16451,133,83,12794,2600754.1672440455,6569373.109989252,True,True,False
16452,133,84,12795,2599333.6232901406,6561627.419565437,True,False,False
16453,133,85,12796,2597916.402062649,6553888.562730275,True,False,False
16454,133,86,12797,2596502.4925254965,6546156.522512954,False,False,False
16455,133,87,12798,2595091.883691587,6538431.281990734,False,False,False
16456,133,88,12799,2593684.5646225316,6530712.82428876,False,False,False
16457,133,89,12800,2592280.5244283895,6523001.132579883,False,False,False
16458,133,90,12801,2590879.7522673993,6515296.190084492,False,True,False
16459,133,91,12802,2589482.2373457234,6507597.980070302,False,False,False
16460,133,92,12803,2588087.968917185,6499906.485852225,False,False,False
16461,133,93,12804,2586696.936283011,6492221.690792142,False,False,False
16462,133,94,12805,2585309.1287915767,6484543.578298774,False,False,False
16463,133,95,12806,2583924.5358381523,6476872.131827465,False,True,False
16464,133,96,12807,2582543.1468646466,6469207.334880038,False,False,False
16465,133,97,12808,2581164.951359358,6461549.171004601,False,False,False
16466,133,98,12809,2579789.938856727,6453897.623795384,False,False,False
16467,133,99,12810,2578418.0989370835,6446252.676892561,False,False,False
16468,133,100,12811,2577049.421226403,6438614.31398208,True,False,False
16469,133,101,12812,2575683.8953960626,6430982.518795492,False,False,False
16470,133,102,12813,2574241.5258204266,6423463.309562605,False,False,False
16471,133,103,12814,2571406.290203743,6416958.256274776,True,True,False
16472,133,104,12815,2568718.5231044884,6412056.470532562,True,False,False
16553,134,61,12816,2636135.674651749,6736978.693668327,False,False,False
16554,134,62,12817,2635604.3354446585,6731610.705162441,False,False,False
16555,134,63,12818,2634887.876762261,6724361.755567912,True,False,False
16556,134,64,12819,2634113.5092003467,6716512.967018457,False,False,False
16557,134,65,12820,2633331.998026657,6708577.0322295,False,False,False
16558,134,66,12821,2632549.5207869215,6700616.38188906,False,False,False
16559,134,67,12822,2631704.6185514024,6692708.099484125,False,True,False
16560,134,68,12823,2630343.747570884,6684905.213600488,False,True,False
16561,134,69,12824,2628864.7803109284,6677058.014599869,False,True,False
16562,134,70,12825,2627389.3231337294,6669217.89903199,False,True,False
16563,134,71,12826,2625917.3641890264,6661384.849230333,False,True,False
16564,134,72,12827,2624448.891679909,6653558.847578987,False,True,False
16565,134,73,12828,2622983.8938625287,6645739.876512449,True,True,False
16566,134,74,12829,2621522.359045804,6637927.918515439,False,False,False
16567,134,75,12830,2620064.2755911318,6630122.95612271,False,False,False
16568,134,76,12831,2618609.6319120955,6622324.971918868,False,False,False
16569,134,77,12832,2617158.4164741836,6614533.948538167,False,False,False
16570,134,78,12833,2615710.6177944997,6606749.868664345,False,False,False
16571,134,79,12834,2614266.224441483,6598972.715030415,False,False,False
16572,134,80,12835,2612825.225034628,6591202.47041851,False,False,False
16573,134,81,12836,2611387.6082442016,6583439.117659661,False,False,False
16574,134,82,12837,2609953.3627909687,6575682.639633647,True,True,False
16575,134,83,12838,2608522.4774459163,6567933.0192688005,True,True,False
16576,134,84,12839,2607094.941029979,6560190.239541816,False,False,False
16577,134,85,12840,2605670.742413766,6552454.283477582,True,False,False
16578,134,86,12841,2604249.8705172935,6544725.1341489935,True,False,False
16579,134,87,12842,2602832.314309714,6537002.774676775,True,False,False
16580,134,88,12843,2601418.06280905,6529287.188229297,True,False,False
16581,134,89,12844,2600007.105081929,6521578.358022412,False,False,False
16582,134,90,12845,2598599.430243319,6513876.267319253,False,True,False
16583,134,91,12846,2597195.0274562696,6506180.899430077,False,False,False
16584,134,92,12847,2595793.8859316483,6498492.237712072,False,False,False
16585,134,93,12848,2594395.9949278864,6490810.2655692035,False,False,False
16586,134,94,12849,2593001.3437507167,6483134.966452017,False,False,False
16587,134,95,12850,2591609.9217529236,6475466.323857475,False,True,False
16588,134,96,12851,2590221.718334087,6467804.321328783,False,False,False
16589,134,97,12852,2588836.722940331,6460148.942455215,False,False,False
16590,134,98,12853,2587454.9250640725,6452500.170871939,False,False,False
16591,134,99,12854,2586076.3142437767,6444857.990259851,False,False,False
16592,134,100,12855,2584700.8800637024,6437222.384345401,True,False,False
16593,134,101,12856,2582780.8601769083,6430175.133450004,False,False,False
16594,134,102,12857,2579718.099098481,6424446.930800788,False,False,False
16683,135,67,12858,2635440.057270257,6689181.588658613,False,False,False
16684,135,68,12859,2634863.807636708,6683323.472331931,False,False,False
16685,135,69,12860,2634934.118128736,6674929.201309021,False,False,False
16686,135,70,12861,2635236.4006512295,6667724.306574408,False,False,False
16687,135,71,12862,2633768.1752306945,6659901.727234011,False,False,False
16688,135,72,12863,2632292.5351617145,6652078.772496413,True,True,False
16689,135,73,12864,2630820.385355968,6644262.837832901,True,True,False
16690,135,74,12865,2629351.7140767095,6636453.90577502,False,False,False
16691,135,75,12866,2627886.509639838,6628651.958904111,False,False,False
16692,135,76,12867,2626424.7604136067,6620856.979851091,False,False,False
16693,135,77,12868,2624966.4548183377,6613068.951296288,False,False,False
16694,135,78,12869,2623511.5813261378,6605287.855969254,False,False,False
16695,135,79,12870,2622060.128460611,6597513.6766485665,False,False,False
16696,135,80,12871,2620612.0847965805,6589746.396161661,False,False,False
16697,135,81,12872,2619167.438959807,6581985.997384645,False,False,False
16698,135,82,12873,2617726.179626713,6574232.463242107,True,True,False
16699,135,83,12874,2616288.2955241026,6566485.776706952,False,False,False
16700,135,84,12875,2614853.7754288893,6558745.9208002025,False,False,False
16701,135,85,12876,2613422.6081678253,6551012.878590832,False,False,False
16702,135,86,12877,2611994.782617227,6543286.6331955865,False,False,False
16703,135,87,12878,2610570.287702708,6535567.167778793,False,False,False
16704,135,88,12879,2609149.11239891,6527854.465552196,True,False,False
16705,135,89,12880,2607731.2457292387,6520148.509774771,True,False,False
16706,135,90,12881,2606316.6767655984,6512449.283752555,True,True,False
16707,135,91,12882,2604905.394628132,6504756.770838475,False,False,False
16708,135,92,12883,2603497.3884849576,6497070.954432153,False,False,False
16709,135,93,12884,2602092.6475519096,6489391.817979753,False,False,False
16710,135,94,12885,2600691.161092283,6481719.344973806,False,True,False
16711,135,95,12886,2599292.918416579,6474053.518953015,False,True,False
16712,135,96,12887,2597897.9088822445,6466394.323502115,False,False,False
16713,135,97,12888,2596506.1218934273,6458741.742251679,False,False,False
16714,135,98,12889,2595117.5469007213,6451095.758877951,False,False,False
16715,135,99,12890,2593665.896022332,6443545.414136231,False,False,False
16716,135,100,12891,2590844.5368018495,6437005.827216597,True,False,False
16717,135,101,12892,2588119.7431369615,6432067.287157817,False,False,False
16810,136,70,12893,2641305.3883702513,6665038.373209362,False,False,False
16811,136,71,12894,2641602.5610898095,6658401.936752004,False,False,False
16812,136,72,12895,2640133.575770414,6650591.40656786,True,True,False
16813,136,73,12896,2638654.2832374293,6642778.5218378585,False,False,False
16814,136,74,12897,2637178.484715312,6634972.629208721,False,False,False
16815,136,75,12898,2635706.168474692,6627173.7113085035,False,False,False
16816,136,76,12899,2634237.3228387204,6619381.750814602,False,False,False
16817,136,77,12900,2632771.936182782,6611596.730453559,False,False,False
16818,136,78,12901,2631309.9969342058,6603818.6330008805,False,False,False
16819,136,79,12902,2629851.4935719864,6596047.441280853,False,False,False
16820,136,80,12903,2628396.414626498,6588283.1381663745,False,False,False
16821,136,81,12904,2626944.7486792146,6580525.706578756,True,False,False
16822,136,82,12905,2625496.4843624323,6572775.12948755,True,True,False
16823,136,83,12906,2624051.610358992,6565031.389910374,False,False,False
16824,136,84,12907,2622610.1154020038,6557294.470912721,False,False,False
16825,136,85,12908,2621171.9882745733,6549564.355607798,False,False,False
16826,136,86,12909,2619737.217809532,6541841.027156333,False,False,False
16827,136,87,12910,2618305.7928891666,6534124.4687664015,False,False,False
16828,136,88,12911,2616877.702444948,6526414.6636932595,False,False,False
16829,136,89,12912,2615452.935457269,6518711.595239153,False,False,False
16830,136,90,12913,2614031.4809551793,6511015.246753166,True,True,False
16831,136,91,12914,2612613.32801612,6503325.601631017,True,False,False
16832,136,92,12915,2611198.465765663,6495642.643314912,False,False,False
16833,136,93,12916,2609786.883377253,6487966.355293357,False,True,False
16834,136,94,12917,2608378.5700719496,6480296.72110099,False,True,False
16835,136,95,12918,2606973.515118167,6472633.724318405,True,False,False
16836,136,96,12919,2605571.7078314237,6464977.348571994,True,False,False
16837,136,97,12920,2604173.1375740897,6457327.577533764,True,False,False
16838,136,98,12921,2602268.0574917574,6450237.913334706,False,False,False
16839,136,99,12922,2599178.4711975795,6444458.7844538335,False,False,False
16935,137,71,12923,2647637.992801748,6655697.419712599,True,True,False
16936,137,72,12924,2647954.973221272,6649085.232948635,True,True,False
16937,137,73,12925,2646485.576065244,6641286.936520983,False,False,False
16938,137,74,12926,2645002.659555799,6633484.096773573,False,False,False
16939,137,75,12927,2643523.2407256085,6625688.221256513,False,False,False
16940,137,76,12928,2642047.30785295,6617899.2926938115,False,False,False
16941,137,77,12929,2640574.8492684923,6610117.293858364,False,False,False
16942,137,78,12930,2639105.853355018,6602342.207571788,False,False,False
16943,137,79,12931,2637640.3085471326,6594574.016704224,False,False,False
16944,137,80,12932,2636178.203330983,6586812.704174165,False,False,False
16945,137,81,12933,2634719.5262439796,6579058.252948276,True,True,False
16946,137,82,12934,2633264.2658745097,6571310.646041216,False,True,False
16947,137,83,12935,2631812.410861668,6563569.866515453,False,False,False
16948,137,84,12936,2630363.949894978,6555835.897481103,False,False,False
16949,137,85,12937,2628918.871714115,6548108.722095736,False,False,False
16950,137,86,12938,2627477.165108639,6540388.323564208,False,False,False
16951,137,87,12939,2626038.8189177187,6532674.685138482,False,False,False
16952,137,88,12940,2624603.822029868,6524967.790117462,False,False,False
16953,137,89,12941,2623172.1633826788,6517267.6218468165,False,False,False
16954,137,90,12942,2621743.8319625477,6509574.163718794,False,True,False
16955,137,91,12943,2620318.816804425,6501887.399172057,True,True,False
16956,137,92,12944,2618897.1069915425,6494207.311691524,True,True,False
16957,137,93,12945,2617478.6916551585,6486533.884808184,False,True,False
16958,137,94,12946,2616063.559974297,6478867.102098917,True,False,False
16959,137,95,12947,2614651.7011754927,6471206.947186348,True,False,False
16960,137,96,12948,2613189.3049027445,6463626.662959232,False,False,False
16961,137,97,12949,2610384.120163994,6457053.201468265,True,False,False
16962,137,98,12950,2607620.6466627917,6452075.670695075,True,False,False
17060,138,72,12951,2653957.228915426,6646362.442555604,False,False,False
17061,138,73,12952,2654293.6942212684,6639774.199524195,False,False,False
17062,138,74,12953,2652824.2272247127,6631988.316457211,False,False,False
17063,138,75,12954,2651337.715054677,6624195.4966992345,False,False,False
17064,138,76,12955,2649854.7041537995,6616409.613403472,False,False,False
17065,138,77,12956,2648375.182808267,6608630.6493893275,False,False,False
17066,138,78,12957,2646899.139356535,6600858.587524666,False,False,False
17067,138,79,12958,2645426.562189046,6593093.410725623,False,False,False
17068,138,80,12959,2643957.439747942,6585335.101956437,False,False,False
17069,138,81,12960,2642491.760526789,6577583.644229266,True,True,False
17070,138,82,12961,2641029.513070288,6569839.020604013,False,False,False
17071,138,83,12962,2639570.685974006,6562101.214188144,False,False,False
17072,138,84,12963,2638115.2678840943,6554370.208136531,False,False,False
17073,138,85,12964,2636663.2474970142,6546645.985651244,False,False,False
17074,138,86,12965,2635214.613559267,6538928.529981419,False,False,False
17075,138,87,12966,2633769.35486712,6531217.824423041,False,False,False
17076,138,88,12967,2632327.4602663396,6523513.852318801,False,False,False
17077,138,89,12968,2630888.918651922,6515816.597057911,False,False,False
17078,138,90,12969,2629453.718967828,6508126.04207594,False,False,False
17079,138,91,12970,2628021.850206719,6500442.170854631,False,True,False
17080,138,92,12971,2626593.301409693,6492764.966921748,True,True,False
17081,138,93,12972,2625168.0616660267,6485094.413850888,True,False,False
17082,138,94,12973,2623746.120112913,6477430.495261325,True,False,False
17083,138,95,12974,2621854.0702422303,6470298.348875304,False,False,False
17084,138,96,12975,2618738.937384914,6464467.945056083,False,False,False
17185,139,73,12976,2660263.1479862477,6637033.440505675,False,False,False
17186,139,74,12977,2660618.78091166,6630468.840580914,False,False,False
17187,139,75,12978,2659149.580156263,6622695.545618063,False,False,False
17188,139,76,12979,2657659.5004708795,6614912.720888539,False,False,False
17189,139,77,12980,2656172.9255668283,6607136.80495516,False,False,False
17190,139,78,12981,2654689.8437384665,6599367.780732181,False,False,False
17191,139,79,12982,2653210.243332297,6591605.631181869,False,False,False
17192,139,80,12983,2651734.1127466825,6583850.3393143555,True,False,False
17193,139,81,12984,2650261.4404315613,6576101.888187433,True,True,False
17194,139,82,12985,2648792.2148881727,6568360.260906382,False,False,False
17195,139,83,12986,2647326.4246687717,6560625.440623817,False,False,False
17196,139,84,12987,2645864.058376355,6552897.410539491,False,False,False
17197,139,85,12988,2644405.1046643886,6545176.1539001325,False,False,False
17198,139,86,12989,2642949.5522365277,6537461.653999275,False,False,False
17199,139,87,12990,2641497.389846352,6529753.894177069,False,False,False
17200,139,88,12991,2640048.6062970897,6522052.857820133,False,False,False
17201,139,89,12992,2638603.1904413565,6514358.5283613615,False,True,False
17202,139,90,12993,2637161.1311808815,6506670.889279774,True,True,False
17203,139,91,12994,2635722.417466247,6498989.924100335,True,True,False
17204,139,92,12995,2634287.0382966255,6491315.616393779,True,True,False
17205,139,93,12996,2632812.416545903,6483706.678105073,True,True,False
17206,139,94,12997,2630025.611865511,6477099.687430871,False,False,False
17207,139,95,12998,2627221.903191041,6472081.156724072,False,False,False
17310,140,74,12999,2666555.8010843177,6627710.412210508,False,False,False
17311,140,75,13000,2666930.289765198,6621169.159968479,False,False,False
17312,140,76,13001,2665461.685565997,6613408.623124019,False,False,False
17313,140,77,13002,2663968.0663409224,6605635.768494506,False,False,False
17314,140,78,13003,2662477.955332372,6597869.795096809,False,False,False
17315,140,79,13004,2660991.3408431327,6590110.685939484,True,True,False
17316,140,80,13005,2659508.211228011,6582358.424078681,True,True,False
17317,140,81,13006,2658028.554893545,6574612.992617964,False,True,False
17318,140,82,13007,2656552.360297726,6566874.374708142,False,False,False
17319,140,83,13008,2655079.615949719,6559142.553547105,False,False,False
17320,140,84,13009,2653610.310409587,6551417.512379634,False,False,False
17321,140,85,13010,2652144.4322880106,6543699.234497248,False,False,False
17322,140,86,13011,2650681.9702460193,6535987.70323801,False,False,False
17323,140,87,13012,2649222.912994715,6528282.901986385,False,False,False
17324,140,88,13013,2647767.2492950056,6520584.814173044,False,False,False
17325,140,89,13014,2646314.9679573304,6512893.423274709,True,True,False
17326,140,90,13015,2644866.0578414,6505208.712813976,True,False,False
17327,140,91,13016,2643420.507855928,6497530.666359161,False,False,False
17328,140,92,13017,2641539.6500399094,6490356.049901784,False,False,False
17329,140,93,13018,2638400.168603904,6484473.942475368,True,True,False
17435,141,75,13019,2672835.2390756416,6618393.356199459,False,False,False
17436,141,76,13020,2673228.276910054,6611875.1612889925,False,False,False
17437,141,77,13021,2671760.593959416,6604127.547975776,False,False,False
17438,141,78,13022,2670263.4630017537,6596364.638550704,True,False,False
17439,141,79,13023,2668769.8436195706,6588608.582894549,True,True,False
17440,141,80,13024,2667279.724124336,6580859.364109616,False,True,False
17441,141,81,13025,2665793.0928794113,6573116.965345388,False,False,False
17442,141,82,13026,2664309.9382997644,6565381.369798338,False,False,False
17443,141,83,13027,2662830.248851688,6557652.560711765,False,False,False
17444,141,84,13028,2661354.0130525273,6549930.521375619,False,False,False
17445,141,85,13029,2659881.219470399,6542215.23512634,False,False,False
17446,141,86,13030,2658411.856723919,6534506.6853466695,False,False,False
17447,141,87,13031,2656945.9134819275,6526804.855465506,False,False,False
17448,141,88,13032,2655483.3784632212,6519109.728957714,False,False,False
17449,141,89,13033,2654024.2404362797,6511421.289343973,True,True,False
17450,141,90,13034,2652535.8945914195,6503785.075753714,False,False,False
17451,141,91,13035,2649769.599415787,6497144.613313173,False,False,False
17452,141,92,13036,2646924.1842314457,6492083.271144792,False,False,False
17560,142,76,13037,2679101.512622909,6609082.270884815,False,False,False
17561,142,77,13038,2679512.798134234,6602586.847901781,False,False,False
17562,142,78,13039,2678046.355642162,6594852.319055525,True,True,False
17563,142,79,13040,2676545.7405914953,6587099.329972535,False,True,False
17564,142,80,13041,2675048.6403997596,6579353.167296659,False,False,False
17565,142,81,13042,2673555.0433873585,6571613.81422342,False,False,False
17566,142,82,13043,2672064.937926457,6563881.253995092,False,False,False
17567,142,83,13044,2670578.3124406985,6556155.469900526,False,False,False
17568,142,84,13045,2669095.1554049286,6548436.445274972,False,False,False
17569,142,85,13046,2667615.455344917,6540724.163499922,False,False,False
17570,142,86,13047,2666139.2008370813,6533018.608002939,False,False,False
17571,142,87,13048,2664666.380508215,6525319.762257478,False,False,False
17572,142,88,13049,2663196.9830352175,6517627.609782743,False,True,False
17573,142,89,13050,2661325.5412275903,6510410.613346917,True,True,False
17574,142,90,13051,2658162.8377552493,6504476.296817531,False,False,False
17685,143,77,13052,2685281.5114877564,6599833.634336152,False,False,False
17686,143,78,13053,2684884.19644619,6593479.04875385,True,True,False
17687,143,79,13054,2683546.1094898004,6585697.8970694,False,False,False
17688,143,80,13055,2682211.2107808185,6577923.484580782,False,False,False
17689,143,81,13056,2680879.4949477455,6570155.824222314,False,False,False
17690,143,82,13057,2679550.95567022,6562394.923338681,False,False,False
17691,143,83,13058,2678225.5858999896,6554640.784936285,False,False,False
17692,143,84,13059,2676833.411173596,6546935.087919881,False,False,False
17693,143,85,13060,2675347.1290758625,6539226.027359112,False,False,False
17694,143,86,13061,2673863.9917831286,6531523.4789130045,False,False,False
17695,143,87,13062,2672360.402163069,6523861.466432261,False,False,False
17696,143,88,13063,2669616.68394886,6517187.322244053,False,True,False
17697,143,89,13064,2666728.1632156484,6512081.530042683,True,False,False
17816,144,84,13065,2680530.7991230013,6544731.484989322,False,False,False
17817,144,85,13066,2679377.373382241,6537980.643445306,False,False,False
17818,144,86,13067,2678089.1277992185,6530430.157329187,False,False,False
17819,144,87,13068,2676938.5398253263,6523893.749412826,False,False,False
8294,67,110,5636,2059631.9601960005,6440164.380859543,False,False,False
